gene,lfc
Pseudodiploria164233,-0.44231165988105
Pseudodiploria164235,0.396762927722066
Pseudodiploria164308,-0.218184959413245
Pseudodiploria164312,0.160818116319899
Pseudodiploria164314,-0.0470089105127666
Pseudodiploria164330,0.0873742193290261
Pseudodiploria164335,0.0205686540410412
Pseudodiploria164343,0.19192991958352
Pseudodiploria164353,0.209440338036052
Pseudodiploria164358,0.536755983009598
Pseudodiploria164361,-0.143449525478701
Pseudodiploria164366,-0.230653907896493
Pseudodiploria164382,-0.494830401898503
Pseudodiploria164393,-0.200035097111182
Pseudodiploria164401,-0.37855653658475
Pseudodiploria164412,-0.192840090850085
Pseudodiploria164416,-0.235448279286439
Pseudodiploria164437,0.430085841581591
Pseudodiploria164444,0.979062015667978
Pseudodiploria164445,-0.0964990434562558
Pseudodiploria164446,-0.303687726741358
Pseudodiploria164452,-1.63233811993034
Pseudodiploria164456,0.418459437998923
Pseudodiploria164472,0.717084505229012
Pseudodiploria164478,-0.855939223084865
Pseudodiploria164493,0.544435345719449
Pseudodiploria164497,-0.184720809108906
Pseudodiploria164503,0.00824464895207254
Pseudodiploria164519,0.368370330708451
Pseudodiploria164531,-0.88546749141141
Pseudodiploria164549,0.165914777278679
Pseudodiploria164566,0.343602792013967
Pseudodiploria164570,0.227202321466023
Pseudodiploria164572,-0.622730460565468
Pseudodiploria164590,-0.123472091590813
Pseudodiploria164595,0.00697788498628844
Pseudodiploria164612,-0.35364888276111
Pseudodiploria164622,0.467319286196611
Pseudodiploria164624,-0.958354556806839
Pseudodiploria164627,0.535306044682463
Pseudodiploria164628,-0.0262125629775876
Pseudodiploria164629,0.981293677296023
Pseudodiploria164634,0.5277930952974
Pseudodiploria164646,1.28625073768932
Pseudodiploria164647,0.520430630989655
Pseudodiploria164655,-0.335481453217067
Pseudodiploria164681,-0.0276224500512521
Pseudodiploria164697,-1.49259140827847
Pseudodiploria164735,0.898096557892802
Pseudodiploria164748,-0.147279864013192
Pseudodiploria164762,0.424720271472999
Pseudodiploria164764,-0.0200688029081048
Pseudodiploria164777,0.342995643532814
Pseudodiploria164780,-0.2633111106807
Pseudodiploria164795,-0.226828812961848
Pseudodiploria164798,0.266103527715124
Pseudodiploria164810,0.656720391170975
Pseudodiploria164812,0.0840407921213964
Pseudodiploria164835,1.3316218778914
Pseudodiploria164853,-0.488316372120483
Pseudodiploria164857,0.123883594746843
Pseudodiploria164858,-0.588157651945534
Pseudodiploria164874,0.365597515286347
Pseudodiploria164875,-0.594947549837205
Pseudodiploria164885,-0.0326151025130475
Pseudodiploria164895,-0.95074629122322
Pseudodiploria164897,0.462694879872147
Pseudodiploria164907,-0.00703346168715181
Pseudodiploria164915,-1.02474260205865
Pseudodiploria164921,0.23863385359519
Pseudodiploria164935,-0.27834230150255
Pseudodiploria164946,0.384614349611418
Pseudodiploria164962,-0.028851204958427
Pseudodiploria164968,-0.525547147239913
Pseudodiploria164969,0.355162591696479
Pseudodiploria164980,0.0725640382682873
Pseudodiploria164990,-0.100442197814439
Pseudodiploria164991,0.251274855380875
Pseudodiploria164993,-0.436166532588999
Pseudodiploria164997,-0.778391113390598
Pseudodiploria165019,-0.500347556527633
Pseudodiploria165027,-1.03810529964644
Pseudodiploria165047,-0.504031406863828
Pseudodiploria165082,-0.0552786168969955
Pseudodiploria165105,-0.818867173471623
Pseudodiploria165106,-1.08364067059598
Pseudodiploria165119,0.251246798877999
Pseudodiploria165123,-0.143814312832208
Pseudodiploria165131,0.56052335138995
Pseudodiploria165132,0.084590398341783
Pseudodiploria165140,0.0517649761098712
Pseudodiploria165149,-0.761020993518013
Pseudodiploria165151,-1.15954734685481
Pseudodiploria165155,0.132510431033569
Pseudodiploria165180,0.087456212235115
Pseudodiploria165200,-0.0482055536172879
Pseudodiploria165214,0.548815517022244
Pseudodiploria165230,-0.664964341048319
Pseudodiploria165237,-0.136341958324145
Pseudodiploria165276,-0.0161199133935764
Pseudodiploria165277,0.10504311517428
Pseudodiploria165280,0.253479787519134
Pseudodiploria165290,0.251888672355673
Pseudodiploria165292,1.05021541190796
Pseudodiploria165348,-0.0321441430630857
Pseudodiploria165375,-0.315819608341383
Pseudodiploria165376,-0.354257762949961
Pseudodiploria165388,0.647791729476979
Pseudodiploria165391,0.183692250585087
Pseudodiploria165409,1.25902367375477
Pseudodiploria165412,0.0605550228281601
Pseudodiploria165418,-0.101126650519988
Pseudodiploria165429,1.46135394356299
Pseudodiploria165438,-2.23100314556815
Pseudodiploria165441,-0.143900197400069
Pseudodiploria165458,0.00163466037114819
Pseudodiploria165463,0.0930983045305811
Pseudodiploria165468,1.64515666503593
Pseudodiploria165495,-0.398412947068051
Pseudodiploria165500,-0.276835477422556
Pseudodiploria165503,-0.111440005210448
Pseudodiploria165506,0.35441144592917
Pseudodiploria165522,-0.280247528969025
Pseudodiploria165526,-0.762658617088649
Pseudodiploria165536,0.549295150443546
Pseudodiploria165538,-0.00442862764881007
Pseudodiploria165563,-0.198488280588531
Pseudodiploria165566,0.00417105789080549
Pseudodiploria165572,0.194007450138903
Pseudodiploria165592,0.897459659451429
Pseudodiploria165598,-0.80342970985488
Pseudodiploria165604,-0.181937787979826
Pseudodiploria165605,0.341506322020372
Pseudodiploria165613,-0.893372056372993
Pseudodiploria165626,0.633496369513435
Pseudodiploria165629,-0.0612613294153083
Pseudodiploria165656,0.645681473873688
Pseudodiploria165662,-0.619312037385753
Pseudodiploria165688,-0.523144424262569
Pseudodiploria165689,-0.334153878846781
Pseudodiploria165697,-0.955443973721144
Pseudodiploria165700,0.813345757160471
Pseudodiploria165707,0.335582757088331
Pseudodiploria165714,-0.288583675616775
Pseudodiploria165727,0.321776491164785
Pseudodiploria165737,0.373384304283295
Pseudodiploria165744,-0.81836738526155
Pseudodiploria165745,0.366690037191224
Pseudodiploria165754,0.282827929230103
Pseudodiploria165765,0.079880666205061
Pseudodiploria165774,-0.0695033003286589
Pseudodiploria165799,0.10260354029561
Pseudodiploria165811,-0.701725183835528
Pseudodiploria165817,0.123694582728723
Pseudodiploria165824,0.3084135968874
Pseudodiploria165830,0.124150381608522
Pseudodiploria165837,-1.07917870074487
Pseudodiploria165848,-0.0611005179300614
Pseudodiploria165858,-0.632062354458336
Pseudodiploria165873,0.683141668022938
Pseudodiploria165884,-0.1680345622052
Pseudodiploria165888,1.56924883099753
Pseudodiploria165903,0.419510955632158
Pseudodiploria165908,0.300357455860222
Pseudodiploria165918,0.505289427643302
Pseudodiploria165922,-0.0488810606050366
Pseudodiploria165927,-0.0450120224167686
Pseudodiploria165929,-0.540962748297068
Pseudodiploria165941,0.626381740084152
Pseudodiploria165952,0.093584822081908
Pseudodiploria165982,0.13152659381079
Pseudodiploria165995,0.642049416292211
Pseudodiploria165997,0.699123325078849
Pseudodiploria166015,0.333846612979121
Pseudodiploria166027,-0.25804162149195
Pseudodiploria166037,0.156558032233126
Pseudodiploria166044,-0.523921275701601
Pseudodiploria166061,-0.111520353103442
Pseudodiploria166067,0.343126462653019
Pseudodiploria166072,0.241670446747841
Pseudodiploria166077,-0.944487185376255
Pseudodiploria166086,-0.468747988639429
Pseudodiploria166088,-1.53992421982551
Pseudodiploria166097,-0.676963451928034
Pseudodiploria166101,0.282552166771594
Pseudodiploria166106,-0.0130825929520971
Pseudodiploria166107,0.419857144941548
Pseudodiploria166116,0.649509817761185
Pseudodiploria166133,0.18466991169246
Pseudodiploria166150,0.0829267377361076
Pseudodiploria166151,-0.822612623268858
Pseudodiploria166156,0.235796487887036
Pseudodiploria166171,0.066392958801732
Pseudodiploria166176,0.356579202132204
Pseudodiploria166179,-0.120244428056434
Pseudodiploria166183,1.05475332488014
Pseudodiploria166186,0.458418852494206
Pseudodiploria166193,-0.978385175365589
Pseudodiploria166194,0.745574516900912
Pseudodiploria166197,-0.420549329458917
Pseudodiploria166200,0.353018374469829
Pseudodiploria166201,-0.179391301973379
Pseudodiploria166207,0.0194909651349146
Pseudodiploria166217,0.797382941857874
Pseudodiploria166221,-0.02520980520716
Pseudodiploria166235,-0.0737545456378962
Pseudodiploria166268,0.394236473247137
Pseudodiploria166287,-0.642544574861889
Pseudodiploria166294,1.49927231700019
Pseudodiploria166304,-0.964501994174906
Pseudodiploria166306,-0.445843759426311
Pseudodiploria166311,0.304921207668924
Pseudodiploria166326,-0.174978677260312
Pseudodiploria166343,-0.84640666037585
Pseudodiploria166358,-1.07957742648013
Pseudodiploria166370,0.03868332636868
Pseudodiploria166375,-0.56574811143863
Pseudodiploria166380,-0.111056843510667
Pseudodiploria166404,0.137824597735249
Pseudodiploria166409,-0.453894931150148
Pseudodiploria166432,0.552757420298745
Pseudodiploria166433,0.362540176844135
Pseudodiploria166437,0.156614130206233
Pseudodiploria166438,-0.187302840229174
Pseudodiploria166446,0.684471721746519
Pseudodiploria166451,0.0772913937494666
Pseudodiploria166459,0.944269821370682
Pseudodiploria166466,-0.407243124783148
Pseudodiploria166478,0.404709056959526
Pseudodiploria166480,0.908099380256677
Pseudodiploria166481,-0.378431404915489
Pseudodiploria166488,0.0073908023647232
Pseudodiploria166489,-0.0760288093015171
Pseudodiploria166500,-0.748882333968322
Pseudodiploria166512,0.212807321225487
Pseudodiploria166516,-0.0493789801713095
Pseudodiploria166530,-0.482745043501103
Pseudodiploria166568,0.483804195894982
Pseudodiploria166574,-0.173795872302856
Pseudodiploria166584,-0.466027427498848
Pseudodiploria166585,0.389987434822418
Pseudodiploria166594,-0.47202936593606
Pseudodiploria166604,0.330410193933873
Pseudodiploria166605,-0.37258300973394
Pseudodiploria166610,0.992309189104354
Pseudodiploria166659,-0.456042353092168
Pseudodiploria166660,0.176133868017168
Pseudodiploria166663,-0.333689113424319
Pseudodiploria166682,0.267401358248183
Pseudodiploria166687,-0.991115172768403
Pseudodiploria166691,0.81449396852945
Pseudodiploria166694,0.235330489817364
Pseudodiploria166695,-0.753199085553923
Pseudodiploria166708,0.452428153770083
Pseudodiploria166737,0.0202905015865777
Pseudodiploria166740,-1.31665026346435
Pseudodiploria166741,0.198008637906446
Pseudodiploria166752,0.509131108239523
Pseudodiploria166760,0.16231837329716
Pseudodiploria166768,-0.790420320800558
Pseudodiploria166782,0.123035256988058
Pseudodiploria166787,-0.540763062171741
Pseudodiploria166791,0.790680098030393
Pseudodiploria166796,0.254612927047026
Pseudodiploria166798,0.516227083756398
Pseudodiploria166823,-0.391576358416874
Pseudodiploria166827,0.296769168938951
Pseudodiploria166865,-0.0374939224901013
Pseudodiploria166874,-0.790634994515033
Pseudodiploria166885,0.0131435432460485
Pseudodiploria166895,0.284756330057545
Pseudodiploria166896,0.165408612879246
Pseudodiploria166902,-0.10702539171835
Pseudodiploria166918,0.136310823543197
Pseudodiploria166945,-0.09747198607745
Pseudodiploria166974,0.499823703542784
Pseudodiploria166978,0.258912071145492
Pseudodiploria166984,0.326005098500949
Pseudodiploria166997,0.0412677907706004
Pseudodiploria167009,-0.229619933674044
Pseudodiploria167015,0.197841667534494
Pseudodiploria167028,-0.0825708355701593
Pseudodiploria167040,-0.0727009646292652
Pseudodiploria167046,-0.0471617233469894
Pseudodiploria167047,0.309712679373674
Pseudodiploria167050,0.226274364426156
Pseudodiploria167064,0.167593358423415
Pseudodiploria167070,-0.802809620546642
Pseudodiploria167074,0.298484304324063
Pseudodiploria167077,0.0555215855952157
Pseudodiploria167087,-0.0938948488000203
Pseudodiploria167090,0.223844280127231
Pseudodiploria167101,0.163457093154961
Pseudodiploria167103,-0.111165307275631
Pseudodiploria167113,0.39850969257003
Pseudodiploria167121,0.575295895755299
Pseudodiploria167135,-0.60618147671362
Pseudodiploria167143,-0.030848448330845
Pseudodiploria167160,-0.066997379948376
Pseudodiploria167167,0.388865587834398
Pseudodiploria167170,-0.369491199331833
Pseudodiploria167177,0.459518632001204
Pseudodiploria167181,0.0430513893060106
Pseudodiploria167198,0.195051787149894
Pseudodiploria167199,-0.0360080248700586
Pseudodiploria167202,0.0350109359854121
Pseudodiploria167257,0.433651895856735
Pseudodiploria167294,-0.282762518613976
Pseudodiploria167297,0.305031759759538
Pseudodiploria167319,-0.0107699846135326
Pseudodiploria167321,0.96139038413709
Pseudodiploria167325,0.03693849557697
Pseudodiploria167330,-0.650667653466272
Pseudodiploria167340,0.151125849804615
Pseudodiploria167343,0.931085693335185
Pseudodiploria167350,0.0986240419142721
Pseudodiploria167351,0.714726265547051
Pseudodiploria167352,-0.000744250765892193
Pseudodiploria167371,-0.485628859851198
Pseudodiploria167375,-0.367176498108626
Pseudodiploria167381,-0.581003550695825
Pseudodiploria167400,-0.421452424949628
Pseudodiploria167427,-0.42252744052503
Pseudodiploria167429,-0.477939177264225
Pseudodiploria167431,-0.374614031654767
Pseudodiploria167439,-0.664091147663749
Pseudodiploria167447,0.32292499847409
Pseudodiploria167455,-0.0921889945571806
Pseudodiploria167469,1.02559630912304
Pseudodiploria167470,0.843987822968076
Pseudodiploria167480,-0.41707979916053
Pseudodiploria167485,-0.781840057403186
Pseudodiploria167491,0.574129681397932
Pseudodiploria167493,0.0401999990751407
Pseudodiploria167495,0.5843936542507
Pseudodiploria167506,-0.174641299445951
Pseudodiploria167511,-0.709599810648032
Pseudodiploria167513,-0.00541758929826943
Pseudodiploria167533,-0.352287018726953
Pseudodiploria167537,0.389810597507547
Pseudodiploria167543,0.612137270472871
Pseudodiploria167546,0.0239286009159104
Pseudodiploria167552,0.140411937806101
Pseudodiploria167555,-0.721784999531634
Pseudodiploria167558,0.385413162793506
Pseudodiploria167569,-0.676940384966613
Pseudodiploria167582,0.328500867592798
Pseudodiploria167590,0.219877652217347
Pseudodiploria167593,0.0713617885087833
Pseudodiploria167615,0.0103266676908005
Pseudodiploria167619,0.419344339394605
Pseudodiploria167631,0.340691080510832
Pseudodiploria167633,-0.133808052207457
Pseudodiploria167634,-0.0765872199367738
Pseudodiploria167639,-0.0344986131470965
Pseudodiploria167643,-0.109210764434006
Pseudodiploria167652,0.241908911511525
Pseudodiploria167655,-0.702339620005497
Pseudodiploria167662,-0.347726035338842
Pseudodiploria167669,0.0922919445208322
Pseudodiploria167679,0.29873687160171
Pseudodiploria167683,-0.0550177080529957
Pseudodiploria167684,-1.27691033235919
Pseudodiploria167712,0.0326707357526389
Pseudodiploria167717,0.824095456875586
Pseudodiploria167722,0.185423829179806
Pseudodiploria167730,-0.151270057979459
Pseudodiploria167732,-0.301683386513027
Pseudodiploria167761,-0.657190880735542
Pseudodiploria167765,0.031137605406503
Pseudodiploria167772,0.399366065042752
Pseudodiploria167786,-0.863243413346447
Pseudodiploria167791,-0.0641680640736028
Pseudodiploria167793,-0.180370186967231
Pseudodiploria167823,0.0866372815578013
Pseudodiploria167824,0.326808937582314
Pseudodiploria167835,-0.599616558676503
Pseudodiploria167843,-0.794777090016751
Pseudodiploria167846,-0.08298765117691
Pseudodiploria167849,0.124484680428598
Pseudodiploria167857,0.0548781094047764
Pseudodiploria167862,-0.203064127683948
Pseudodiploria167867,0.207624660289238
Pseudodiploria167871,-0.431936912590261
Pseudodiploria167877,-0.124834470901572
Pseudodiploria167880,0.605686817904892
Pseudodiploria167885,-0.0478993319150062
Pseudodiploria167889,-0.29049596208782
Pseudodiploria167902,-0.356315112378253
Pseudodiploria167920,1.18764948435445
Pseudodiploria167945,-0.281763382536998
Pseudodiploria167956,0.475241176679744
Pseudodiploria167995,-1.13572229039314
Pseudodiploria168009,-0.00453314823582039
Pseudodiploria168010,-0.0785658540520453
Pseudodiploria168019,0.512179688439753
Pseudodiploria168031,0.0615797587539993
Pseudodiploria168038,-0.215426818287516
Pseudodiploria168053,-7.43349962219861e-06
Pseudodiploria168066,-0.290771333292748
Pseudodiploria168072,0.366643141260001
Pseudodiploria168075,0.144308093360501
Pseudodiploria168090,0.141775902310811
Pseudodiploria168105,0.0605749803208293
Pseudodiploria168111,0.0692632048377291
Pseudodiploria168120,0.117282953314341
Pseudodiploria168138,0.260343634294012
Pseudodiploria168146,0.0672030204571833
Pseudodiploria168148,-0.39688461610413
Pseudodiploria168150,-0.356038856973258
Pseudodiploria168154,0.11394399240289
Pseudodiploria168157,-0.386300872792424
Pseudodiploria168196,-0.13584811696234
Pseudodiploria168198,0.0274631221784744
Pseudodiploria168206,-0.46092883549254
Pseudodiploria168210,-0.0468799753225844
Pseudodiploria168212,-1.45916556708211
Pseudodiploria168214,0.11047524328956
Pseudodiploria168216,-0.459271691266994
Pseudodiploria168220,-0.524369273829155
Pseudodiploria168222,-0.43545929556467
Pseudodiploria168249,0.747253986218255
Pseudodiploria168268,-0.461825147738344
Pseudodiploria168270,0.0696989214199245
Pseudodiploria168273,-0.201863536429852
Pseudodiploria168282,0.350569439450047
Pseudodiploria168286,-0.186329735572
Pseudodiploria168294,-0.812901976692604
Pseudodiploria168299,0.616402071660402
Pseudodiploria168310,0.672422452705616
Pseudodiploria168311,0.517559652944377
Pseudodiploria168317,0.931593294712105
Pseudodiploria168324,-0.213238671825515
Pseudodiploria168349,0.200481064511705
Pseudodiploria168355,0.0927898961136888
Pseudodiploria168360,-0.866013096874091
Pseudodiploria168372,-0.706308891475283
Pseudodiploria168373,-0.79833457022677
Pseudodiploria168381,-0.187872712208348
Pseudodiploria168387,-0.0308660791890192
Pseudodiploria168389,0.264756209548676
Pseudodiploria168394,0.378168029527824
Pseudodiploria168399,-0.0236920318337579
Pseudodiploria168401,0.157848862798817
Pseudodiploria168408,0.0106715422334411
Pseudodiploria168409,-0.171407644398998
Pseudodiploria168415,-0.727668497022281
Pseudodiploria168417,-0.277394975208444
Pseudodiploria168420,0.30118764249109
Pseudodiploria168422,0.923583369078522
Pseudodiploria168427,-1.15009330228331
Pseudodiploria168430,-0.0687732324457951
Pseudodiploria168441,-0.113762491685745
Pseudodiploria168444,0.00717936291366917
Pseudodiploria168451,-0.649035465563061
Pseudodiploria168458,-0.802681627747234
Pseudodiploria168474,0.158351662130149
Pseudodiploria168479,0.858550350396551
Pseudodiploria168481,-0.0729087288555092
Pseudodiploria168482,0.733257601281009
Pseudodiploria168484,0.40282848260217
Pseudodiploria168487,-0.545182157079499
Pseudodiploria168503,-0.548606207756761
Pseudodiploria168504,0.266628061377734
Pseudodiploria168508,-0.0771292637759576
Pseudodiploria168523,-0.0494650258141546
Pseudodiploria168524,0.0587729649286049
Pseudodiploria168525,-0.176388845288415
Pseudodiploria168526,-0.758212508361169
Pseudodiploria168539,-0.149022018708978
Pseudodiploria168554,-0.131549545697906
Pseudodiploria168564,0.137608783046726
Pseudodiploria168580,0.00570366777624411
Pseudodiploria168584,0.37312224906528
Pseudodiploria168589,-1.75073692526097
Pseudodiploria168591,0.278843092376129
Pseudodiploria168596,0.218599989259721
Pseudodiploria168615,0.264738075137744
Pseudodiploria168620,0.0257859548000601
Pseudodiploria168626,-0.59586284998586
Pseudodiploria168627,-0.558941761666678
Pseudodiploria168640,-0.489355381740075
Pseudodiploria168646,-0.0872705025235935
Pseudodiploria168658,-0.00465484611047941
Pseudodiploria168660,0.257256367428693
Pseudodiploria168666,1.01529000222027
Pseudodiploria168672,0.697110461313062
Pseudodiploria168673,-0.306702087954654
Pseudodiploria168692,-0.139567663587557
Pseudodiploria168694,-0.115746398657146
Pseudodiploria168700,0.101037097505418
Pseudodiploria168707,0.0155328342931108
Pseudodiploria168721,0.400773791723923
Pseudodiploria168725,0.709943733667986
Pseudodiploria168730,0.455524419662428
Pseudodiploria168744,0.357026746024672
Pseudodiploria168748,0.334965386662401
Pseudodiploria168751,-0.866071644762588
Pseudodiploria168757,0.0681039815728867
Pseudodiploria168758,0.501960439067221
Pseudodiploria168765,-0.0868595831432575
Pseudodiploria168767,0.0246338043714762
Pseudodiploria168768,0.0471922542231316
Pseudodiploria168772,-0.306473339434849
Pseudodiploria168776,0.152117682343748
Pseudodiploria168780,0.401510547528068
Pseudodiploria168786,0.0676493731609491
Pseudodiploria168788,0.523687928871669
Pseudodiploria168789,-0.219758063778296
Pseudodiploria168801,-0.170587091698323
Pseudodiploria168813,0.628897815699397
Pseudodiploria168825,0.0705100216178177
Pseudodiploria168827,-0.742515639059135
Pseudodiploria168859,-0.364799958484614
Pseudodiploria168861,0.25218935630167
Pseudodiploria168864,-0.0058974525440914
Pseudodiploria168887,0.0953800820098726
Pseudodiploria168895,-0.480120917129256
Pseudodiploria168896,0.878841855688659
Pseudodiploria168902,0.31696759917929
Pseudodiploria168935,0.315095461181183
Pseudodiploria168946,0.122697208101348
Pseudodiploria168947,0.128168029305623
Pseudodiploria168948,-0.0803941758042315
Pseudodiploria168952,-0.159697362155912
Pseudodiploria168953,-0.317927955280188
Pseudodiploria168966,0.404801799021955
Pseudodiploria168970,0.355212314361853
Pseudodiploria168972,0.194418201976115
Pseudodiploria168975,-0.908344565605493
Pseudodiploria168977,0.0663110277543752
Pseudodiploria168980,-0.43834982359578
Pseudodiploria168985,-0.521348156921673
Pseudodiploria168989,0.0819770743379817
Pseudodiploria168991,-0.907772434473383
Pseudodiploria168993,-0.413726567487979
Pseudodiploria168998,0.651286156888856
Pseudodiploria168999,0.0106033333265577
Pseudodiploria169001,-0.356860505813571
Pseudodiploria169010,-0.605587441454917
Pseudodiploria169012,-0.105871218136569
Pseudodiploria169017,1.06096478765356
Pseudodiploria169019,0.0624170026416259
Pseudodiploria169034,0.00501263170652943
Pseudodiploria169039,0.222803146240926
Pseudodiploria169064,0.26398017444316
Pseudodiploria169068,-0.903144236145987
Pseudodiploria169086,-0.390623495857933
Pseudodiploria169089,0.496288827478289
Pseudodiploria169105,-0.399984261315929
Pseudodiploria169111,0.322718388889152
Pseudodiploria169125,-0.0242572698744886
Pseudodiploria169136,0.114181488042906
Pseudodiploria169138,0.68530305658599
Pseudodiploria169153,0.0954578760841938
Pseudodiploria169154,0.193411732806744
Pseudodiploria169157,0.40180709571727
Pseudodiploria169164,-0.505211895869849
Pseudodiploria169174,-1.75276587314862
Pseudodiploria169176,-0.0663850418070261
Pseudodiploria169198,0.186223601171388
Pseudodiploria169199,0.742257906128472
Pseudodiploria169203,-1.12119601187067
Pseudodiploria169209,0.401438119996924
Pseudodiploria169220,-0.244865974244026
Pseudodiploria169221,0.38741444549789
Pseudodiploria169223,0.0270993232952557
Pseudodiploria169225,0.0332530661735232
Pseudodiploria169228,0.39130280328873
Pseudodiploria169237,0.0967580192377517
Pseudodiploria169238,-1.01073128580142
Pseudodiploria169254,0.34596478815179
Pseudodiploria169262,-1.2429470068239
Pseudodiploria169263,-0.124271048663352
Pseudodiploria169280,-1.3939719587823
Pseudodiploria169293,0.676246080702303
Pseudodiploria169296,0.517190822394626
Pseudodiploria169297,0.0185274562272972
Pseudodiploria169302,0.389983488511011
Pseudodiploria169309,0.106050544065809
Pseudodiploria169313,-0.318103584055399
Pseudodiploria169318,-0.0914703301240036
Pseudodiploria169319,-0.0941524008231752
Pseudodiploria169323,0.175264454648641
Pseudodiploria169327,1.02017462933526
Pseudodiploria169328,0.152506329479944
Pseudodiploria169331,0.23853179962758
Pseudodiploria169335,-0.20268792312817
Pseudodiploria169340,-0.0568025078576237
Pseudodiploria169343,0.455762906011784
Pseudodiploria169370,-0.279282284300589
Pseudodiploria169372,0.093242904532687
Pseudodiploria169377,-0.173090466146229
Pseudodiploria169378,0.783531417755304
Pseudodiploria169381,-0.307552879285938
Pseudodiploria169385,0.385341379689043
Pseudodiploria169387,0.924588400048581
Pseudodiploria169394,-1.31326807334885
Pseudodiploria169403,0.351460631547062
Pseudodiploria169405,-0.260564501692658
Pseudodiploria169414,0.254084546388303
Pseudodiploria169431,0.455392637044949
Pseudodiploria169435,0.269863096944125
Pseudodiploria169437,0.142647278001052
Pseudodiploria169438,0.48384011110676
Pseudodiploria169443,0.518382079845039
Pseudodiploria169448,0.0930187001082566
Pseudodiploria169456,0.049311913527504
Pseudodiploria169476,0.462188739785379
Pseudodiploria169478,-0.914270898948574
Pseudodiploria169480,0.173978652643324
Pseudodiploria169487,0.800441826992537
Pseudodiploria169511,-0.300917026449707
Pseudodiploria169518,-0.0273997624105144
Pseudodiploria169520,-0.241690968974892
Pseudodiploria169542,0.185609816538255
Pseudodiploria169546,0.322954568940486
Pseudodiploria169556,-0.287180992049791
Pseudodiploria169558,0.176704102585075
Pseudodiploria169559,0.0692272312532603
Pseudodiploria169582,-0.303084139515395
Pseudodiploria169583,0.113739694400987
Pseudodiploria169585,-1.04173196573521
Pseudodiploria169587,-0.198100098072552
Pseudodiploria169594,0.324356387291918
Pseudodiploria169595,-0.0648344184358205
Pseudodiploria169626,0.356266197108367
Pseudodiploria169637,0.279134792051131
Pseudodiploria169644,0.0392972232993577
Pseudodiploria169653,0.477537192211165
Pseudodiploria169654,-0.348298533799963
Pseudodiploria169660,0.615219483292864
Pseudodiploria169663,0.304966666749502
Pseudodiploria169674,0.51138534552381
Pseudodiploria169675,0.27275992698451
Pseudodiploria169686,-0.249557606566404
Pseudodiploria169687,-0.0319498361550268
Pseudodiploria169690,-0.454439943749707
Pseudodiploria169699,0.346557935290618
Pseudodiploria169706,0.269443127744305
Pseudodiploria169715,0.267500888697301
Pseudodiploria169722,0.0233661155491983
Pseudodiploria169723,1.14079266735857
Pseudodiploria169724,0.384282720107031
Pseudodiploria169731,-0.413903723325622
Pseudodiploria169748,-0.126519267122583
Pseudodiploria169762,0.0136505918375267
Pseudodiploria169764,1.03106473728759
Pseudodiploria169772,0.0414538296152359
Pseudodiploria169777,-0.557752694702901
Pseudodiploria169778,-0.440923759616795
Pseudodiploria169779,0.661512743812815
Pseudodiploria169788,-0.470419121920026
Pseudodiploria169795,-0.166386583260757
Pseudodiploria169809,0.458328974329955
Pseudodiploria169813,-0.497656049745043
Pseudodiploria169814,-0.316221244752516
Pseudodiploria169817,0.272844424174452
Pseudodiploria169822,0.417013750122932
Pseudodiploria169824,-0.562087748090648
Pseudodiploria169827,-0.286872477182077
Pseudodiploria169843,0.521191513717469
Pseudodiploria169844,0.0279323592164278
Pseudodiploria169848,-0.0322277169511401
Pseudodiploria169853,0.049352054543962
Pseudodiploria169854,0.124018429042734
Pseudodiploria169864,-0.293901185616357
Pseudodiploria169865,-0.279785540423951
Pseudodiploria169874,-1.41497601264159
Pseudodiploria169881,-0.171244916719946
Pseudodiploria169882,-0.263605699514142
Pseudodiploria169884,-0.110762567769537
Pseudodiploria169885,0.313963242614621
Pseudodiploria169892,0.0584801332989871
Pseudodiploria169900,-0.161352765304571
Pseudodiploria169914,0.00380030401465598
Pseudodiploria169916,-0.117122843370464
Pseudodiploria169920,-0.618861962623005
Pseudodiploria169937,-0.0172838587636843
Pseudodiploria169938,-0.663795634343805
Pseudodiploria169950,0.250834081820534
Pseudodiploria169951,-0.175219646463898
Pseudodiploria169955,-0.575753902877331
Pseudodiploria169966,0.553461071748283
Pseudodiploria169968,-0.359957798480969
Pseudodiploria169995,-0.268480722299109
Pseudodiploria170001,0.303107631312363
Pseudodiploria170005,-0.989669397118858
Pseudodiploria170014,0.0740017777407988
Pseudodiploria170025,0.0466937049467086
Pseudodiploria170028,0.692520285727018
Pseudodiploria170034,-0.289474018304931
Pseudodiploria170059,-0.0105471602085433
Pseudodiploria170065,-0.389133205553899
Pseudodiploria170066,0.0797821166701375
Pseudodiploria170073,-1.08952738147567
Pseudodiploria170076,0.166534373151852
Pseudodiploria170102,0.288242425958027
Pseudodiploria170111,0.122058734302498
Pseudodiploria170115,0.166052313323607
Pseudodiploria170118,-0.694653059230873
Pseudodiploria170124,0.139421280669044
Pseudodiploria170128,1.63724353625368
Pseudodiploria170129,0.317233797367096
Pseudodiploria170139,-0.0488133655734625
Pseudodiploria170148,0.0549063447192542
Pseudodiploria170154,-0.621121583734081
Pseudodiploria170157,0.18209966160955
Pseudodiploria170158,0.13173579469857
Pseudodiploria170184,-0.156249913276716
Pseudodiploria170185,0.0702413447849016
Pseudodiploria170194,-0.866830944790418
Pseudodiploria170201,0.00373417314354791
Pseudodiploria170202,0.407729277401498
Pseudodiploria170208,-0.793631091506575
Pseudodiploria170215,-1.05331643068943
Pseudodiploria170218,-0.0583999833241653
Pseudodiploria17022,-0.698204487940596
Pseudodiploria170224,1.04179835020643
Pseudodiploria170241,0.176903566633449
Pseudodiploria170278,-0.0620632305788498
Pseudodiploria170279,0.256657839434455
Pseudodiploria170280,0.0424128355903707
Pseudodiploria170281,0.913865320342031
Pseudodiploria170282,0.320037615910713
Pseudodiploria170289,-0.118238212018054
Pseudodiploria170294,-0.14689476483141
Pseudodiploria170299,-0.205103689943116
Pseudodiploria170301,-0.259850694062508
Pseudodiploria170313,-0.481365247453505
Pseudodiploria170318,0.695930462218361
Pseudodiploria170323,-0.196954144403964
Pseudodiploria170326,-1.01786619874659
Pseudodiploria170338,0.125050302462371
Pseudodiploria170340,-0.175695276459371
Pseudodiploria170347,0.161284275374524
Pseudodiploria170356,1.18854182823892
Pseudodiploria170361,0.0749177681173281
Pseudodiploria170362,0.219675101964099
Pseudodiploria170364,0.0803593931069916
Pseudodiploria170374,0.0996546368521537
Pseudodiploria170377,-0.253424088143454
Pseudodiploria170389,-1.04425135559243
Pseudodiploria170394,-0.6245806404466
Pseudodiploria170399,-0.300762215073244
Pseudodiploria170400,-0.202754402709692
Pseudodiploria170402,-0.202542191276201
Pseudodiploria170411,0.4479610711527
Pseudodiploria170414,0.218239571446831
Pseudodiploria170418,0.155651185670186
Pseudodiploria170421,0.0434442884117237
Pseudodiploria170429,0.762562889486402
Pseudodiploria170431,0.36023641681431
Pseudodiploria170440,1.40988922424915
Pseudodiploria170457,-0.0782689295555889
Pseudodiploria170465,-0.286188467075973
Pseudodiploria170469,0.11990092299941
Pseudodiploria170477,-0.0995564858310528
Pseudodiploria170490,-0.441540535398999
Pseudodiploria170493,0.13802168255959
Pseudodiploria170497,-1.04649689537514
Pseudodiploria170502,0.993377759421928
Pseudodiploria170515,0.264980706796932
Pseudodiploria170524,0.390296378596034
Pseudodiploria170534,0.0025213234630234
Pseudodiploria170539,0.348374144796099
Pseudodiploria170544,0.838086571366998
Pseudodiploria170545,0.107137806568553
Pseudodiploria170546,0.309562205204276
Pseudodiploria170549,-0.0270099276616225
Pseudodiploria170556,-0.253163564224357
Pseudodiploria170559,-0.0046012902287855
Pseudodiploria170568,-0.93807173990182
Pseudodiploria170580,-0.789650817534435
Pseudodiploria170585,0.303001289203337
Pseudodiploria170588,0.240886703105708
Pseudodiploria170599,-0.540648893826766
Pseudodiploria170612,-0.112406042204576
Pseudodiploria170614,-0.181429648957767
Pseudodiploria170623,0.321240026767725
Pseudodiploria170630,0.471041345691313
Pseudodiploria170633,-0.49795461267585
Pseudodiploria170636,0.523156950490543
Pseudodiploria170644,-0.136937585704278
Pseudodiploria170658,-0.975816085970132
Pseudodiploria170668,0.209744372485766
Pseudodiploria170669,1.09075082311133
Pseudodiploria170674,-0.00777333035983214
Pseudodiploria170680,-0.477553489390476
Pseudodiploria170682,-0.316865872234345
Pseudodiploria170683,0.324723968855155
Pseudodiploria170688,-0.0101922260602362
Pseudodiploria170690,-2.03498918067263
Pseudodiploria170692,-1.3304922954036
Pseudodiploria170693,0.18048288610881
Pseudodiploria170694,1.23092892946438
Pseudodiploria170697,-0.0550788820784234
Pseudodiploria170699,0.179557296322837
Pseudodiploria170725,-0.823018596709396
Pseudodiploria170733,-0.066885975241317
Pseudodiploria170734,0.452680088343603
Pseudodiploria170737,-0.526245509541887
Pseudodiploria170740,-0.0518128369081624
Pseudodiploria170782,-1.43688295152092
Pseudodiploria170783,0.168965980645893
Pseudodiploria170800,0.973611707515959
Pseudodiploria170804,-0.0443154603423986
Pseudodiploria170821,-0.0226115428150465
Pseudodiploria170827,0.095892674829297
Pseudodiploria170837,0.284910112197189
Pseudodiploria170849,-0.567594219038976
Pseudodiploria170860,-0.0885126458417215
Pseudodiploria170862,-0.203103005409512
Pseudodiploria170865,0.527730187834697
Pseudodiploria170873,0.258307433905751
Pseudodiploria170874,-0.278033299580139
Pseudodiploria170876,0.101780523151021
Pseudodiploria170878,-0.262968260299442
Pseudodiploria170879,0.46099712537702
Pseudodiploria170886,0.841908932046171
Pseudodiploria170887,0.978594174326124
Pseudodiploria170897,1.21604046321307
Pseudodiploria170901,-0.237020343593939
Pseudodiploria170919,0.298267267715471
Pseudodiploria170937,0.251765312290696
Pseudodiploria170943,-0.949452254261886
Pseudodiploria170946,-0.220523314783953
Pseudodiploria170956,-0.603390754338897
Pseudodiploria170957,0.371266550205184
Pseudodiploria170962,-0.142781598166707
Pseudodiploria170964,-1.23734334004532
Pseudodiploria170971,0.983357897064723
Pseudodiploria170978,-0.682935003010078
Pseudodiploria170980,0.197975935640633
Pseudodiploria170982,-0.177086600243806
Pseudodiploria170983,0.354067407855432
Pseudodiploria170985,-0.0483184950391227
Pseudodiploria170993,-0.156562027569457
Pseudodiploria170997,0.344078810289828
Pseudodiploria171003,-0.146539462452543
Pseudodiploria171008,1.00659748766999
Pseudodiploria171009,1.46433229051032
Pseudodiploria171020,-0.410748386838434
Pseudodiploria171034,1.14651425645003
Pseudodiploria171038,-1.32683420885716
Pseudodiploria171049,-0.190732141977431
Pseudodiploria171062,0.471885473209516
Pseudodiploria171064,-0.018884050698596
Pseudodiploria171067,-0.444531286903137
Pseudodiploria171071,-0.381538012361394
Pseudodiploria171075,-0.0426992843768264
Pseudodiploria171078,0.27571812215288
Pseudodiploria171082,-0.45175377286876
Pseudodiploria171083,0.0918379085398752
Pseudodiploria171106,-0.595041685770549
Pseudodiploria171107,-0.426160239031717
Pseudodiploria171109,-0.446307170567366
Pseudodiploria171120,0.167604916084729
Pseudodiploria171121,0.0535813179404401
Pseudodiploria171125,2.42531008804318
Pseudodiploria171129,-1.8442845601863
Pseudodiploria171136,0.0391194194816194
Pseudodiploria171145,0.0923859065314684
Pseudodiploria171153,0.674888294114327
Pseudodiploria171157,0.253762597730404
Pseudodiploria171161,0.404175436361476
Pseudodiploria171163,0.0836746621344334
Pseudodiploria171168,0.821315702436711
Pseudodiploria171171,0.703880678716557
Pseudodiploria171172,0.271770129554099
Pseudodiploria171175,1.22441067822889
Pseudodiploria171177,-0.131541158877164
Pseudodiploria171196,0.00956729567002193
Pseudodiploria171201,0.877931185369845
Pseudodiploria171212,0.065405906947638
Pseudodiploria171216,0.0680373451015331
Pseudodiploria171223,0.452781724873596
Pseudodiploria171229,0.470127627372461
Pseudodiploria171234,0.409228716059609
Pseudodiploria171236,0.239771124896272
Pseudodiploria171250,0.109383320229584
Pseudodiploria171258,-0.168145027268946
Pseudodiploria171274,0.0434649242766674
Pseudodiploria171275,0.572425532307079
Pseudodiploria171291,-0.400450349768637
Pseudodiploria171293,-0.0114353087402702
Pseudodiploria171301,-0.0286165906878241
Pseudodiploria171303,0.924661023142594
Pseudodiploria171308,-0.840477530774653
Pseudodiploria171312,0.0542440584733253
Pseudodiploria171314,0.171456551066693
Pseudodiploria171319,0.811211971238022
Pseudodiploria171322,0.122259924403253
Pseudodiploria171324,-1.27951923656412
Pseudodiploria171329,-0.0829882914121919
Pseudodiploria171337,-0.0196300127030628
Pseudodiploria171348,-0.170259403726974
Pseudodiploria171377,0.121871172572391
Pseudodiploria171378,-0.158436903191221
Pseudodiploria171384,0.848554135275493
Pseudodiploria171398,0.290047657691577
Pseudodiploria171404,0.436423929454707
Pseudodiploria171408,-0.0843616211479821
Pseudodiploria171409,-0.107693404373294
Pseudodiploria171411,0.14079699548921
Pseudodiploria171415,-0.0836209461784749
Pseudodiploria171422,-0.724183479403395
Pseudodiploria171433,-0.428715411629057
Pseudodiploria171434,-0.212207712613239
Pseudodiploria171438,-0.0911571919653277
Pseudodiploria171443,-0.164123358377488
Pseudodiploria171450,0.366344730377613
Pseudodiploria171452,-0.0979806285805705
Pseudodiploria171466,0.535702046004129
Pseudodiploria171484,-0.105634985328801
Pseudodiploria171488,-0.0256278778144542
Pseudodiploria171489,-0.302370328078522
Pseudodiploria171494,-0.339649791698461
Pseudodiploria171495,0.791286102841328
Pseudodiploria171496,0.251833053652451
Pseudodiploria171498,0.180256931990151
Pseudodiploria171503,-0.532668548017732
Pseudodiploria171505,0.932469220141052
Pseudodiploria171509,0.114172252068713
Pseudodiploria171515,-0.262911088583432
Pseudodiploria171525,-0.90425652507588
Pseudodiploria171529,-0.510269028006248
Pseudodiploria171542,-1.16890633778652
Pseudodiploria171553,0.249897038184612
Pseudodiploria171558,0.20907082063044
Pseudodiploria171559,-0.49650643782174
Pseudodiploria171567,-0.162829236969199
Pseudodiploria171570,0.0325520334952698
Pseudodiploria171573,-0.193793096614781
Pseudodiploria171574,-0.798646478631402
Pseudodiploria171579,-0.510764994510393
Pseudodiploria171583,0.750034807155704
Pseudodiploria171592,-0.101865223642549
Pseudodiploria171596,-0.286290942813218
Pseudodiploria171599,-0.0472957690606935
Pseudodiploria171602,-0.0800977351212471
Pseudodiploria171603,-0.114445267718996
Pseudodiploria171608,0.536649443594734
Pseudodiploria171614,0.299999206999804
Pseudodiploria171628,0.582584603875138
Pseudodiploria171629,-0.0751802877434497
Pseudodiploria171633,0.671518603690645
Pseudodiploria171635,0.799423711054388
Pseudodiploria171639,0.108387218075178
Pseudodiploria171642,0.133506015164594
Pseudodiploria171661,-0.0131060960801518
Pseudodiploria171663,0.0256020505107424
Pseudodiploria171674,-0.731880363852934
Pseudodiploria171676,0.0518063138525879
Pseudodiploria171679,-0.0403393079499888
Pseudodiploria171685,-0.219732159140144
Pseudodiploria171687,0.714033637462736
Pseudodiploria171692,0.312135834821923
Pseudodiploria171702,0.151105510963491
Pseudodiploria171706,-0.287475169562405
Pseudodiploria171707,0.204749681148868
Pseudodiploria171713,-0.257107111872499
Pseudodiploria171716,0.0312286929491781
Pseudodiploria171719,0.117500549785262
Pseudodiploria171727,0.0457731334676206
Pseudodiploria171729,0.712665308782293
Pseudodiploria171736,0.717798595178487
Pseudodiploria171737,-0.924212168916407
Pseudodiploria171754,0.117161231544392
Pseudodiploria171762,0.0519268422515457
Pseudodiploria171772,-0.288590123515885
Pseudodiploria171777,0.335783511133934
Pseudodiploria171783,0.244148335387752
Pseudodiploria171788,0.014480229649159
Pseudodiploria171792,-0.295740503317119
Pseudodiploria171795,0.536495144746251
Pseudodiploria171796,-0.112842786180441
Pseudodiploria171799,-0.00386395567342505
Pseudodiploria171801,-0.906730143203046
Pseudodiploria171804,0.715305960902665
Pseudodiploria171805,0.0761448720709496
Pseudodiploria171806,0.362443631570777
Pseudodiploria171807,0.173896404885651
Pseudodiploria171809,-0.280119097918018
Pseudodiploria171820,0.285365742371842
Pseudodiploria171822,0.427108882731146
Pseudodiploria171826,-1.1527785446629
Pseudodiploria171831,0.446249914504786
Pseudodiploria171838,-0.0352218243380926
Pseudodiploria171839,0.109379824153142
Pseudodiploria171840,-0.355330237759664
Pseudodiploria171844,-0.545017427440847
Pseudodiploria171847,0.59495242378478
Pseudodiploria171848,0.271381537326268
Pseudodiploria171852,0.427471607042395
Pseudodiploria171863,0.73518052788523
Pseudodiploria171864,0.316122664150257
Pseudodiploria171876,-0.0476762847416743
Pseudodiploria171885,-0.0600300596979846
Pseudodiploria171886,-0.203445921243248
Pseudodiploria171896,-0.750718137904011
Pseudodiploria171911,0.667811360068989
Pseudodiploria171913,-0.45977547627412
Pseudodiploria171914,0.410110805682269
Pseudodiploria171916,0.523167395306541
Pseudodiploria171919,-0.143904700201356
Pseudodiploria171922,-0.847544414437728
Pseudodiploria171925,-0.0133221531042062
Pseudodiploria171928,0.478186733346471
Pseudodiploria171932,0.163905271230174
Pseudodiploria171937,-0.478841713320249
Pseudodiploria171943,0.883548651974748
Pseudodiploria171945,0.277847991541398
Pseudodiploria171946,-0.0262950011939614
Pseudodiploria171950,-0.49530507008177
Pseudodiploria171952,0.83002454599891
Pseudodiploria171965,-0.138482177710571
Pseudodiploria171971,-0.409660870953341
Pseudodiploria171973,0.0615468712319944
Pseudodiploria171978,-0.691345013603378
Pseudodiploria171979,-0.301251414968045
Pseudodiploria171980,-0.169109219016971
Pseudodiploria171981,-0.0752743534239532
Pseudodiploria171982,0.654500135849246
Pseudodiploria171985,0.143085675516421
Pseudodiploria171993,0.680361176333694
Pseudodiploria171997,-0.724934129032136
Pseudodiploria172011,-0.0739045664409262
Pseudodiploria172012,-0.373336518303469
Pseudodiploria172013,0.322113464241306
Pseudodiploria172016,0.0875182604049999
Pseudodiploria172019,0.0550846889707437
Pseudodiploria172021,0.317335400137869
Pseudodiploria172026,0.0266086654674514
Pseudodiploria172028,-0.205680974983045
Pseudodiploria172035,0.411758663929355
Pseudodiploria172039,-0.315256580397385
Pseudodiploria172040,-0.907850375496499
Pseudodiploria172041,0.41822060248006
Pseudodiploria172053,-0.369111899845739
Pseudodiploria172063,-0.0228295862349169
Pseudodiploria172071,0.0344608733422355
Pseudodiploria172076,0.293933559016386
Pseudodiploria172085,0.00146973854787139
Pseudodiploria172105,0.403489773460772
Pseudodiploria172120,0.00176414757223594
Pseudodiploria172122,0.378450909179517
Pseudodiploria172130,0.0489186312513754
Pseudodiploria172132,-0.234511512761747
Pseudodiploria172137,0.00336394706113978
Pseudodiploria172139,0.0906224368029617
Pseudodiploria172146,-0.280319168168763
Pseudodiploria172158,-0.995031419956955
Pseudodiploria172176,0.338612728186652
Pseudodiploria172179,0.0480773416874289
Pseudodiploria172183,-0.108549119330812
Pseudodiploria172187,-0.098415512017277
Pseudodiploria172199,-0.614702795422093
Pseudodiploria172203,0.479162710401735
Pseudodiploria172233,0.14446092064282
Pseudodiploria172239,0.307819751572509
Pseudodiploria172263,0.457615424243125
Pseudodiploria172266,-0.100278097163256
Pseudodiploria172272,0.0843232427229678
Pseudodiploria172278,0.0272435543235063
Pseudodiploria172279,0.601712729436339
Pseudodiploria172290,0.00775286418729028
Pseudodiploria172294,-0.0527680027346871
Pseudodiploria172295,0.0902810888114176
Pseudodiploria172299,-0.663911150408801
Pseudodiploria172306,-0.1938696338679
Pseudodiploria172318,0.421951739515782
Pseudodiploria172321,0.171467242773545
Pseudodiploria172325,0.39557299765712
Pseudodiploria172328,0.298013440526288
Pseudodiploria172329,0.182817760872135
Pseudodiploria172334,-0.0979529459153991
Pseudodiploria172341,0.144281599504757
Pseudodiploria172343,-0.644959439926303
Pseudodiploria172344,0.338068956934747
Pseudodiploria172347,0.690149608226557
Pseudodiploria172353,-0.167781323540428
Pseudodiploria172360,0.493652882099596
Pseudodiploria172361,-0.313753041882142
Pseudodiploria172362,-0.339182564379321
Pseudodiploria172369,-0.43462124205788
Pseudodiploria172370,-0.728959928496048
Pseudodiploria172371,0.160190656938083
Pseudodiploria172373,-0.127642253895305
Pseudodiploria172374,-0.835347716848207
Pseudodiploria172392,0.646866697519897
Pseudodiploria172416,-0.0946779860799801
Pseudodiploria172419,0.379215371002031
Pseudodiploria172425,0.748163356772974
Pseudodiploria172437,-0.503518872718045
Pseudodiploria172439,0.101092774800076
Pseudodiploria172443,0.00445577823999884
Pseudodiploria172447,0.722031040779965
Pseudodiploria172448,0.297942534613674
Pseudodiploria172450,-0.373806823740116
Pseudodiploria172460,-0.100038255556646
Pseudodiploria172466,-0.663344976933322
Pseudodiploria172469,-0.00346119718861602
Pseudodiploria172471,0.241688646057967
Pseudodiploria172475,0.292505220810644
Pseudodiploria172477,-0.159376625260942
Pseudodiploria172482,-0.495182431464614
Pseudodiploria172483,1.02311681155204
Pseudodiploria172484,0.261610360955279
Pseudodiploria172495,-0.480763284257816
Pseudodiploria172496,0.165648842731434
Pseudodiploria172499,-0.268870043032359
Pseudodiploria172501,0.378894821855107
Pseudodiploria172502,1.34562093565511
Pseudodiploria172503,-0.125615231917972
Pseudodiploria172505,-0.0517376863834602
Pseudodiploria172512,0.215774130750641
Pseudodiploria172519,0.336078821764942
Pseudodiploria172529,0.305892293970296
Pseudodiploria172537,0.679721401282217
Pseudodiploria172552,0.508707582562669
Pseudodiploria172556,-0.190168568954072
Pseudodiploria172564,-0.232820921067621
Pseudodiploria172584,-0.206436564916808
Pseudodiploria172585,-0.0403597724103792
Pseudodiploria172587,-0.279098793768691
Pseudodiploria172606,-0.186214592009072
Pseudodiploria172609,0.167240407641952
Pseudodiploria172611,-0.056808630419445
Pseudodiploria172615,1.1527717926424
Pseudodiploria172630,-0.475800970634997
Pseudodiploria172634,0.46847972933677
Pseudodiploria172639,0.931219869587142
Pseudodiploria172647,-1.77068052927435
Pseudodiploria172653,-1.22989637209632
Pseudodiploria172662,-0.134831882429441
Pseudodiploria172663,0.00810721519151722
Pseudodiploria172677,0.0184707782719715
Pseudodiploria172679,-0.013281421692997
Pseudodiploria172705,0.219646967947211
Pseudodiploria172709,0.134908993508349
Pseudodiploria172715,0.834373471130786
Pseudodiploria172718,0.0508864397915588
Pseudodiploria172723,-0.040704463391676
Pseudodiploria172735,-0.177528574497182
Pseudodiploria172746,-0.0700104947448714
Pseudodiploria172749,-0.233515612487394
Pseudodiploria172750,-0.540219497765658
Pseudodiploria172774,-0.874039146629401
Pseudodiploria172782,0.416059532440952
Pseudodiploria172783,0.271459520991004
Pseudodiploria172789,-0.0756616832108443
Pseudodiploria17279,-0.239096517660481
Pseudodiploria172790,-0.0164426258100297
Pseudodiploria172792,-0.0573517609592272
Pseudodiploria172806,0.160702227228671
Pseudodiploria172809,0.253441466476625
Pseudodiploria172815,-0.0433873605598502
Pseudodiploria172820,-0.721614734956871
Pseudodiploria172828,0.1987497649215
Pseudodiploria172829,0.0331883563041006
Pseudodiploria172830,-0.929635891565319
Pseudodiploria172839,-0.105094809989505
Pseudodiploria172840,0.592268300384889
Pseudodiploria172844,-1.28271955906681
Pseudodiploria172845,0.00207518244516076
Pseudodiploria172847,0.396725546142788
Pseudodiploria172850,0.174043971950648
Pseudodiploria172855,0.106767900526326
Pseudodiploria172857,0.0415462656504311
Pseudodiploria172859,-0.613879885554872
Pseudodiploria172861,0.197148288227103
Pseudodiploria172862,-0.104574886880553
Pseudodiploria172868,0.282112832136311
Pseudodiploria172874,-0.328368214116723
Pseudodiploria172878,0.366778295048263
Pseudodiploria172883,-0.215515018008549
Pseudodiploria172884,0.0549657434701796
Pseudodiploria172890,-1.08519778044752
Pseudodiploria172891,0.725307056596838
Pseudodiploria172893,-0.0157659540936089
Pseudodiploria172894,0.0583746053940241
Pseudodiploria172909,-0.0275508188490266
Pseudodiploria172920,-0.0514491451027314
Pseudodiploria172938,-0.208426998099815
Pseudodiploria172939,-0.31512002519609
Pseudodiploria172940,-0.63246788999821
Pseudodiploria172955,-0.134531047821591
Pseudodiploria172957,0.166433243274643
Pseudodiploria172962,-0.11228039477424
Pseudodiploria172966,-0.420450925133048
Pseudodiploria172972,-1.30313281610506
Pseudodiploria172976,0.0590523580298861
Pseudodiploria172984,0.751622772184041
Pseudodiploria172985,0.661763772771615
Pseudodiploria172986,0.877364511165372
Pseudodiploria172989,0.376959356391096
Pseudodiploria172997,-0.1033301687689
Pseudodiploria173000,0.29242655921064
Pseudodiploria173009,0.472583479789973
Pseudodiploria173011,0.206006960409345
Pseudodiploria173017,-1.11687443638819
Pseudodiploria173018,0.146616428648828
Pseudodiploria173020,0.894953039817261
Pseudodiploria173026,-0.0879412033175364
Pseudodiploria173028,0.219495980231406
Pseudodiploria173030,-0.930946437461467
Pseudodiploria173031,0.427263797633936
Pseudodiploria173039,-0.533868906194289
Pseudodiploria173040,0.230183472477377
Pseudodiploria173042,0.996921634239961
Pseudodiploria173046,-0.252289466183095
Pseudodiploria173047,0.369925759244653
Pseudodiploria173055,-1.23699026013154
Pseudodiploria173056,-0.392326177790825
Pseudodiploria173071,-1.1525026390082
Pseudodiploria173072,0.156705878650885
Pseudodiploria173077,0.265548934749779
Pseudodiploria173082,-0.511169997681002
Pseudodiploria173085,0.190336300562917
Pseudodiploria173088,-0.35537947149419
Pseudodiploria173097,-0.176246313345936
Pseudodiploria173099,0.0121466274164939
Pseudodiploria173108,-0.477856135477984
Pseudodiploria173111,0.143862968596412
Pseudodiploria173113,-0.281903391561476
Pseudodiploria173121,0.161596752193615
Pseudodiploria173125,0.28343634964541
Pseudodiploria173130,0.563560800433424
Pseudodiploria173143,0.263091885959842
Pseudodiploria173146,0.294627388938738
Pseudodiploria173148,-0.168394404334682
Pseudodiploria173156,0.125479778513713
Pseudodiploria173158,0.431005892289986
Pseudodiploria173159,0.493972507506336
Pseudodiploria173162,0.641739755074993
Pseudodiploria173170,0.172398174737679
Pseudodiploria173171,0.729781979358302
Pseudodiploria173173,-0.270937393142197
Pseudodiploria173180,-0.772957509218493
Pseudodiploria173184,0.266920294978929
Pseudodiploria173185,0.0718711713435962
Pseudodiploria173196,0.824639525067132
Pseudodiploria173206,0.564705448639832
Pseudodiploria173207,0.515948280030745
Pseudodiploria173211,-0.568183218402888
Pseudodiploria173213,-0.768985535121639
Pseudodiploria173218,0.139589702508537
Pseudodiploria173220,0.138460378562706
Pseudodiploria173221,0.512693711179323
Pseudodiploria173224,0.194594523488445
Pseudodiploria173226,-2.31991988590413
Pseudodiploria173231,-0.251818405486732
Pseudodiploria173241,0.233493488588923
Pseudodiploria173244,0.466679267674589
Pseudodiploria173248,0.133181258283576
Pseudodiploria173256,0.129442371610286
Pseudodiploria173258,-0.702346261618805
Pseudodiploria173264,0.337545102250008
Pseudodiploria173270,-0.16747961224901
Pseudodiploria173277,0.154624615254251
Pseudodiploria173278,-0.484885034629976
Pseudodiploria173284,0.470580831404046
Pseudodiploria173286,0.90889427316174
Pseudodiploria173287,-0.254554175866619
Pseudodiploria173288,0.99995651906254
Pseudodiploria173293,0.0865779617006238
Pseudodiploria173300,-1.11416655388773
Pseudodiploria173301,-0.475318500962581
Pseudodiploria173308,-0.336647709885861
Pseudodiploria173316,0.203860324698239
Pseudodiploria173321,0.00688895393532669
Pseudodiploria173322,-0.216996605159495
Pseudodiploria173323,-0.034535164425295
Pseudodiploria173334,-0.173915266187901
Pseudodiploria173336,0.184342201298859
Pseudodiploria173337,-0.727226759478744
Pseudodiploria173341,-0.406747363719128
Pseudodiploria173344,0.0358956468233327
Pseudodiploria173349,0.373230829233146
Pseudodiploria173358,-0.347106196233534
Pseudodiploria173360,0.0762934030903685
Pseudodiploria173363,-0.417643579694877
Pseudodiploria173366,-1.52071795665254
Pseudodiploria173369,-0.269733010926148
Pseudodiploria173370,-0.835962867859363
Pseudodiploria173376,0.0124665180106628
Pseudodiploria173386,-0.131155795563668
Pseudodiploria173394,0.842479703540741
Pseudodiploria173403,-0.878833574408081
Pseudodiploria173404,0.251503510187715
Pseudodiploria173411,-0.595391852807739
Pseudodiploria173416,0.84306342746568
Pseudodiploria173417,0.750081024384229
Pseudodiploria173420,-0.216084353601095
Pseudodiploria173422,-0.0452308156021703
Pseudodiploria173432,0.42813152659651
Pseudodiploria173435,0.198328173919051
Pseudodiploria173438,-0.443567028567412
Pseudodiploria173444,1.90679508247802
Pseudodiploria173448,-0.492111602521717
Pseudodiploria173449,0.323366074633935
Pseudodiploria173457,-0.168221817710082
Pseudodiploria173459,0.840024970786553
Pseudodiploria173461,0.153173643256402
Pseudodiploria173462,0.0106180998122272
Pseudodiploria173467,-0.1399277147179
Pseudodiploria173475,0.118231954886941
Pseudodiploria173480,0.199740944352818
Pseudodiploria173486,0.147883933948885
Pseudodiploria173509,-0.373161155983902
Pseudodiploria173516,0.764609633582102
Pseudodiploria173517,0.457773655414461
Pseudodiploria173523,-0.838843587538853
Pseudodiploria173524,1.00848093451843
Pseudodiploria173531,-0.660069386125752
Pseudodiploria173533,0.228832010361242
Pseudodiploria173542,0.304769900677548
Pseudodiploria173546,-1.07609634621094
Pseudodiploria173547,0.305169263526812
Pseudodiploria173551,-0.0540479070134735
Pseudodiploria173556,0.540932926599507
Pseudodiploria173574,0.369737988059428
Pseudodiploria173575,-0.29939897322874
Pseudodiploria173578,0.0418854693882625
Pseudodiploria173584,0.327230565913883
Pseudodiploria173592,0.495615895937175
Pseudodiploria173599,-0.579450108741409
Pseudodiploria173601,-0.920736319926492
Pseudodiploria173605,-0.12925593719764
Pseudodiploria173612,0.503814279868408
Pseudodiploria173616,-0.00331370584170871
Pseudodiploria173617,0.128282535725682
Pseudodiploria173620,-0.63544271149108
Pseudodiploria173628,-0.122519560098402
Pseudodiploria173634,-0.878501592292788
Pseudodiploria173637,0.577191767208603
Pseudodiploria173645,-0.295493539822879
Pseudodiploria173648,0.590129959157378
Pseudodiploria173651,-0.155014918059597
Pseudodiploria173656,0.0379261350579101
Pseudodiploria173657,1.23699439292195
Pseudodiploria173675,0.291941145724183
Pseudodiploria173686,0.378094645374198
Pseudodiploria173688,-0.59250326783854
Pseudodiploria173692,-0.262577523470651
Pseudodiploria173694,0.0740978754697772
Pseudodiploria173695,0.415416384490622
Pseudodiploria173699,-0.029906429685855
Pseudodiploria173700,-0.690365112152486
Pseudodiploria173702,-0.237253184048868
Pseudodiploria173711,-0.926558163027196
Pseudodiploria173715,-0.45339321159887
Pseudodiploria173719,-0.441117673035201
Pseudodiploria173724,-0.130427724835549
Pseudodiploria173728,-0.714477056179454
Pseudodiploria173731,-0.20246825568732
Pseudodiploria173734,-0.0522650410181617
Pseudodiploria173735,1.28005541417253
Pseudodiploria173740,-0.142501348927452
Pseudodiploria173742,0.442465467641365
Pseudodiploria173745,-0.371021746839014
Pseudodiploria173751,-0.0633618938307131
Pseudodiploria173771,0.56416380068868
Pseudodiploria173772,0.0710439472240489
Pseudodiploria173773,0.150209215799103
Pseudodiploria173780,0.101239464951609
Pseudodiploria173784,-0.762198576969577
Pseudodiploria173786,0.543409934782868
Pseudodiploria173788,-0.242164155861127
Pseudodiploria173790,0.386125286559524
Pseudodiploria173793,-0.638033906868965
Pseudodiploria173800,0.148265113842435
Pseudodiploria173803,-0.136045233767416
Pseudodiploria173808,0.0225101487683397
Pseudodiploria173818,0.184029130420265
Pseudodiploria173825,-0.272632275082261
Pseudodiploria173831,0.0169100473933615
Pseudodiploria173839,-0.119077112423433
Pseudodiploria173842,0.336892323603545
Pseudodiploria173855,-0.0417710195733256
Pseudodiploria173860,0.0870809632822915
Pseudodiploria173861,-0.897350031562663
Pseudodiploria173862,-0.1507425408372
Pseudodiploria173863,-0.545883893460519
Pseudodiploria173873,-0.0526020907907898
Pseudodiploria173877,-0.522627557457087
Pseudodiploria173879,-0.487354880908978
Pseudodiploria173882,-1.0508804463381
Pseudodiploria173885,-0.23695062630802
Pseudodiploria173897,-0.336410154153833
Pseudodiploria173903,0.39375680929062
Pseudodiploria173906,-1.17208385660491
Pseudodiploria173922,0.463509690329692
Pseudodiploria173926,0.653254934797753
Pseudodiploria173928,0.232928022750731
Pseudodiploria173929,-0.165009466881597
Pseudodiploria173937,0.272594867037138
Pseudodiploria173952,-0.53727350261179
Pseudodiploria173953,0.306249780986486
Pseudodiploria173954,-0.447677667589776
Pseudodiploria173957,0.0548312576902927
Pseudodiploria173959,-0.227130795377067
Pseudodiploria173962,-0.23129703709136
Pseudodiploria173963,-0.139330362451599
Pseudodiploria173966,-0.497034635908952
Pseudodiploria173977,0.829346116001104
Pseudodiploria173983,0.559085005341284
Pseudodiploria173993,-0.140894488049152
Pseudodiploria174004,-0.188784682701528
Pseudodiploria174009,-0.0158935619208365
Pseudodiploria174010,0.121915580742048
Pseudodiploria174014,-0.220642233728135
Pseudodiploria174015,-0.559269046850457
Pseudodiploria174016,0.183794657521398
Pseudodiploria174022,0.0953500133331439
Pseudodiploria174026,-0.204386210871413
Pseudodiploria174027,-0.211127433257673
Pseudodiploria174030,-1.29211561922675
Pseudodiploria174033,0.0435397095654308
Pseudodiploria174043,0.0544005391301094
Pseudodiploria174047,-0.197296553295324
Pseudodiploria174057,-0.106061094056857
Pseudodiploria174058,-0.227937110506233
Pseudodiploria174061,0.519395198310446
Pseudodiploria174063,0.0941899788418836
Pseudodiploria174066,0.0849105096187988
Pseudodiploria174067,0.27196864679177
Pseudodiploria174075,0.480511228584068
Pseudodiploria174081,0.197370648569077
Pseudodiploria174087,-0.236639029381324
Pseudodiploria174093,-0.163674429597643
Pseudodiploria174100,-0.128712057734068
Pseudodiploria174117,-0.390883250578203
Pseudodiploria174124,0.111706513403078
Pseudodiploria174129,0.514537314120429
Pseudodiploria174131,-0.316406094832229
Pseudodiploria174139,-0.147267384189059
Pseudodiploria174148,0.21716513448758
Pseudodiploria174149,0.549561506646624
Pseudodiploria174158,0.169220447579328
Pseudodiploria174159,0.82563923224515
Pseudodiploria174160,0.186670729669568
Pseudodiploria174164,0.474090797815134
Pseudodiploria174172,0.262882412976971
Pseudodiploria174180,0.431022753320525
Pseudodiploria174189,-0.517686826446399
Pseudodiploria174196,0.184233214876726
Pseudodiploria174202,0.0887244543873259
Pseudodiploria174204,-0.0911526693318199
Pseudodiploria174212,1.34731671675838
Pseudodiploria174219,-0.340171090740281
Pseudodiploria174220,0.379975628180266
Pseudodiploria174221,0.0374893097217296
Pseudodiploria174222,-0.11880829727841
Pseudodiploria174226,0.741708491443712
Pseudodiploria174228,-0.144194441361873
Pseudodiploria174229,1.13684780337617
Pseudodiploria174233,-0.233785782748415
Pseudodiploria174240,0.456588176270263
Pseudodiploria174242,0.120326886389428
Pseudodiploria174246,0.506888448876087
Pseudodiploria174254,0.0217928654250284
Pseudodiploria174256,-0.455249432709999
Pseudodiploria174258,0.635721413687676
Pseudodiploria174260,0.0887076505952952
Pseudodiploria174264,0.147687777550953
Pseudodiploria174265,-0.0323777046496217
Pseudodiploria174266,-0.267532936805549
Pseudodiploria174267,0.0449080135497726
Pseudodiploria174269,-0.68115604056185
Pseudodiploria174272,-0.206417581663908
Pseudodiploria174274,-0.54907073233236
Pseudodiploria174278,0.0624138522630944
Pseudodiploria174290,0.246793145318219
Pseudodiploria174302,-0.6742258037467
Pseudodiploria174312,-0.713556803584837
Pseudodiploria174314,0.216923265821758
Pseudodiploria174318,-0.0475759777523442
Pseudodiploria174320,-0.0743536304280531
Pseudodiploria174331,0.39587489628697
Pseudodiploria174335,0.250006381149567
Pseudodiploria174337,-0.0183791958167038
Pseudodiploria174347,0.43121470910367
Pseudodiploria174349,-0.218786426784217
Pseudodiploria174350,-0.505077038385995
Pseudodiploria174356,-0.405300552561933
Pseudodiploria174360,0.0227691396075973
Pseudodiploria174361,-0.250782829839746
Pseudodiploria174363,-0.267643536373393
Pseudodiploria174367,-0.194233735781996
Pseudodiploria174378,-0.446123922722578
Pseudodiploria174379,0.329854950975413
Pseudodiploria174395,0.181724840007383
Pseudodiploria174404,-0.253870816166749
Pseudodiploria174411,-0.0376266735268006
Pseudodiploria174416,0.650137889313542
Pseudodiploria174420,-0.11019783903119
Pseudodiploria174422,-0.638749319616767
Pseudodiploria174424,0.0339623396516094
Pseudodiploria174425,0.596743242496336
Pseudodiploria174432,0.00873624961668201
Pseudodiploria174436,0.325077404328261
Pseudodiploria174440,-0.763490743394315
Pseudodiploria174443,0.224798458119126
Pseudodiploria174444,0.308088710387727
Pseudodiploria174451,-0.325481268170838
Pseudodiploria174458,0.442532208782689
Pseudodiploria174467,-0.175034526183119
Pseudodiploria174470,0.643560312795803
Pseudodiploria174480,0.548471890934143
Pseudodiploria174488,-0.159404948164907
Pseudodiploria174495,-0.961843452436437
Pseudodiploria174498,-0.128920460555388
Pseudodiploria174501,0.157485865443316
Pseudodiploria174510,0.248229752010923
Pseudodiploria174511,0.53164712035499
Pseudodiploria174516,0.216420118417031
Pseudodiploria174517,-0.522464479904241
Pseudodiploria174520,-0.356184616719606
Pseudodiploria174525,0.297371417389523
Pseudodiploria174526,0.0400177613563685
Pseudodiploria174531,-0.411457059442933
Pseudodiploria174532,0.451673164288751
Pseudodiploria174541,-0.333391197599218
Pseudodiploria174542,-0.155487923020645
Pseudodiploria174543,-0.621247840426424
Pseudodiploria174544,0.32008949583447
Pseudodiploria174547,-0.00903599135187275
Pseudodiploria174557,0.616702718818101
Pseudodiploria174562,0.580807981935978
Pseudodiploria174564,-0.329481914623855
Pseudodiploria174567,-0.392499075991817
Pseudodiploria174570,0.0869741174656063
Pseudodiploria174573,-0.291145402090649
Pseudodiploria174574,0.461212059062923
Pseudodiploria174578,0.166081598802814
Pseudodiploria174581,-0.263814067144914
Pseudodiploria174588,0.0321752627498565
Pseudodiploria174590,0.15024623421704
Pseudodiploria174596,0.136952286985728
Pseudodiploria174597,0.859901476418534
Pseudodiploria174603,0.554100728769775
Pseudodiploria174604,0.283138121909355
Pseudodiploria174605,0.0910197051140488
Pseudodiploria174611,0.0889806010080491
Pseudodiploria174618,-0.115094538897569
Pseudodiploria174621,-0.0607875900240202
Pseudodiploria174622,-0.866733989009003
Pseudodiploria174625,-0.42466752977182
Pseudodiploria174636,-0.563329032862142
Pseudodiploria174637,-0.148713077713093
Pseudodiploria174639,0.414045936243547
Pseudodiploria174644,0.00340850212752231
Pseudodiploria174650,-0.437446317740967
Pseudodiploria174657,-0.268078954349417
Pseudodiploria174658,-0.903966461788689
Pseudodiploria174660,-0.0967614515275563
Pseudodiploria174670,-0.0712521862525936
Pseudodiploria174674,0.538427343703902
Pseudodiploria174675,0.0810619254571467
Pseudodiploria174692,0.0660243577716092
Pseudodiploria174693,-0.348246888741763
Pseudodiploria174698,-0.734738487637586
Pseudodiploria174700,0.875198402052604
Pseudodiploria174705,-0.254660045857322
Pseudodiploria174710,-0.238378600267784
Pseudodiploria174711,1.02375898859178
Pseudodiploria174719,-0.618849837836516
Pseudodiploria174722,0.183096094562747
Pseudodiploria174724,0.522849671842344
Pseudodiploria174730,0.617666250334561
Pseudodiploria174732,0.23917459869504
Pseudodiploria174736,-0.126812653193979
Pseudodiploria174739,-0.660235079937626
Pseudodiploria174742,0.0539610734904451
Pseudodiploria174743,0.414791453629076
Pseudodiploria174747,-1.03502358395107
Pseudodiploria174748,-0.117945787586488
Pseudodiploria174749,0.799255563408386
Pseudodiploria174751,-0.0873359139237028
Pseudodiploria174752,-0.667061090449316
Pseudodiploria174754,-0.138317041229737
Pseudodiploria174760,0.171472648050383
Pseudodiploria174761,-0.703696754246189
Pseudodiploria174763,0.473608396320418
Pseudodiploria174765,0.109950043483549
Pseudodiploria174780,0.051316430880892
Pseudodiploria174786,1.18503914946878
Pseudodiploria174791,1.41275646411599
Pseudodiploria174797,0.58234906059772
Pseudodiploria174802,-0.137903207323399
Pseudodiploria174810,0.446531173780377
Pseudodiploria174813,-0.335464812501937
Pseudodiploria174819,0.111741151942274
Pseudodiploria174820,0.138811824775007
Pseudodiploria174821,-0.134619667373854
Pseudodiploria174822,-0.297223466043972
Pseudodiploria174824,-0.947969318953596
Pseudodiploria174825,-0.820053625532303
Pseudodiploria174828,0.21630957661869
Pseudodiploria174830,-0.353424366209891
Pseudodiploria174838,-0.0620656263182872
Pseudodiploria174842,0.45125365237581
Pseudodiploria174845,-0.188350692277112
Pseudodiploria174847,0.0563320764902003
Pseudodiploria174853,-0.0168138376499791
Pseudodiploria174854,0.0528568050517205
Pseudodiploria174855,-0.376992891765486
Pseudodiploria174863,-0.182483624129165
Pseudodiploria174872,-0.256109935738215
Pseudodiploria174874,0.365170137456556
Pseudodiploria174878,0.332583735570394
Pseudodiploria174886,-0.249542914064433
Pseudodiploria174889,-0.96483587985724
Pseudodiploria174890,0.149792007572361
Pseudodiploria174891,-0.129649807990231
Pseudodiploria174892,0.0142140758487723
Pseudodiploria174900,-0.18615335706338
Pseudodiploria174901,0.0765990266838942
Pseudodiploria174915,-0.164715371793604
Pseudodiploria174916,-0.522842449303091
Pseudodiploria174917,-0.424483808790491
Pseudodiploria174922,-0.388206711093716
Pseudodiploria174927,0.0593882610066383
Pseudodiploria174928,0.756307555105944
Pseudodiploria174929,-0.481174912978785
Pseudodiploria174930,0.708987078517264
Pseudodiploria174932,0.301086511840811
Pseudodiploria174936,-0.37973558902984
Pseudodiploria174949,0.214441260582934
Pseudodiploria174952,-0.225154920303025
Pseudodiploria174953,1.54932107104981
Pseudodiploria174955,-1.40432254431134
Pseudodiploria174956,0.25006981503975
Pseudodiploria174957,0.151842617186754
Pseudodiploria174962,-0.0214893606690431
Pseudodiploria174965,0.165760473052052
Pseudodiploria174968,0.266196438567459
Pseudodiploria174973,-0.36072707918557
Pseudodiploria174975,-0.589755971089654
Pseudodiploria174978,0.713322529225701
Pseudodiploria174981,-0.076061821148785
Pseudodiploria174982,0.210001453103026
Pseudodiploria174985,0.467928156878747
Pseudodiploria174987,-0.987479717607748
Pseudodiploria174993,0.0279716965229896
Pseudodiploria174997,0.183682954423267
Pseudodiploria174999,-0.258196746880283
Pseudodiploria175001,1.62883515464302
Pseudodiploria175005,0.501003589925223
Pseudodiploria175012,-0.514272539403702
Pseudodiploria175014,-0.145438843175976
Pseudodiploria175015,0.0360381027934633
Pseudodiploria175023,0.0753217594933377
Pseudodiploria175028,0.214673096435501
Pseudodiploria175029,0.173153181165627
Pseudodiploria175034,-0.977493002269559
Pseudodiploria175035,-0.306479022152574
Pseudodiploria175041,0.250824397059393
Pseudodiploria175045,-0.323321642534398
Pseudodiploria175053,-1.04298431036873
Pseudodiploria175054,-0.124925694681425
Pseudodiploria175057,-0.172975423706738
Pseudodiploria175067,-0.958093129194477
Pseudodiploria175074,-0.0901535402807458
Pseudodiploria175077,-0.361733584267093
Pseudodiploria175078,-0.0545356504490976
Pseudodiploria175086,0.325667675414925
Pseudodiploria175088,-0.0597955758865469
Pseudodiploria175089,-0.293992712568047
Pseudodiploria175092,-0.192090699691602
Pseudodiploria175099,-0.013224147084602
Pseudodiploria175101,0.375679792924097
Pseudodiploria175105,0.867349796380929
Pseudodiploria175111,0.602735137785156
Pseudodiploria175112,0.65210540753065
Pseudodiploria175114,0.0112028710820181
Pseudodiploria175116,-0.0547610866017728
Pseudodiploria175121,0.160884205887661
Pseudodiploria175125,-0.218829463173396
Pseudodiploria175130,0.302053967421517
Pseudodiploria175131,-0.0864409834452112
Pseudodiploria175136,-1.39544551690413
Pseudodiploria175145,-0.298443669565114
Pseudodiploria175147,0.0929570543121948
Pseudodiploria175148,-0.0945273366574806
Pseudodiploria175149,0.361377748303647
Pseudodiploria175151,-1.10193002953438
Pseudodiploria175155,-1.47833691145808
Pseudodiploria175166,0.220929819015795
Pseudodiploria175168,0.290833163407167
Pseudodiploria175170,-0.154251407407866
Pseudodiploria175184,-0.334448256917536
Pseudodiploria175185,1.47976609018862
Pseudodiploria175190,0.130985779172616
Pseudodiploria175196,0.416910212679351
Pseudodiploria175199,-0.0203805456481141
Pseudodiploria175203,-0.318079267752524
Pseudodiploria175207,0.0258524004802399
Pseudodiploria175209,-0.0515453125111533
Pseudodiploria175218,-1.07855944901226
Pseudodiploria175222,-0.472738204641444
Pseudodiploria175225,-0.848677858098003
Pseudodiploria175228,0.0610228405847056
Pseudodiploria175230,-1.79131756096633
Pseudodiploria175231,2.08541898119574
Pseudodiploria175235,0.172593270408517
Pseudodiploria175236,-0.123582909555902
Pseudodiploria175238,-0.920234336684809
Pseudodiploria175241,0.843724068372692
Pseudodiploria175249,-0.186167237742757
Pseudodiploria175255,0.271866275266774
Pseudodiploria175258,-0.130109958222665
Pseudodiploria175263,0.227219347025863
Pseudodiploria175264,-0.974180873684831
Pseudodiploria175279,-0.0105471961994559
Pseudodiploria175282,0.0979530553137773
Pseudodiploria175283,-0.677121209339832
Pseudodiploria175285,0.37058544741352
Pseudodiploria175286,0.320255261311352
Pseudodiploria175294,-0.266026684999289
Pseudodiploria175296,0.146616853914614
Pseudodiploria175306,-0.984482401362605
Pseudodiploria175308,0.100910648895093
Pseudodiploria175313,0.239916096433114
Pseudodiploria175315,-0.0263964199355569
Pseudodiploria175317,0.00922549746534011
Pseudodiploria175319,-0.388706590369382
Pseudodiploria175331,0.0647812840978217
Pseudodiploria175332,0.200768994321051
Pseudodiploria175334,0.0518281391448588
Pseudodiploria175340,0.173078092909947
Pseudodiploria175344,0.0253235409603575
Pseudodiploria175346,0.0317820831286909
Pseudodiploria175363,0.327826170528423
Pseudodiploria175369,-0.369681684321661
Pseudodiploria175371,0.449850619600643
Pseudodiploria175372,-0.419211349105799
Pseudodiploria175374,0.106662845269227
Pseudodiploria175376,-0.0410506597793298
Pseudodiploria175384,-0.273184991503889
Pseudodiploria175399,1.36356039317514
Pseudodiploria175400,-0.14216368123181
Pseudodiploria175406,0.643206433774328
Pseudodiploria175409,0.207397092965345
Pseudodiploria175414,-0.129452504866695
Pseudodiploria175420,0.22178351963685
Pseudodiploria175421,-0.66323431067979
Pseudodiploria175422,0.215283642435196
Pseudodiploria175423,0.173731856858347
Pseudodiploria175426,0.0818225285287742
Pseudodiploria175432,-0.70349658840033
Pseudodiploria175436,0.115793190606092
Pseudodiploria175437,-0.092309931428411
Pseudodiploria175443,-0.692068800232085
Pseudodiploria175444,-1.00177290123179
Pseudodiploria175447,-0.0267567850609025
Pseudodiploria175448,-0.0772048329710539
Pseudodiploria175454,-0.219563080755065
Pseudodiploria175459,0.927320040483144
Pseudodiploria175463,-0.302646786544254
Pseudodiploria175465,-0.854107251055869
Pseudodiploria175474,0.134398969852737
Pseudodiploria175475,-0.0536080713581853
Pseudodiploria175481,-0.326013702510224
Pseudodiploria175484,0.35239700969632
Pseudodiploria175488,0.206882195425349
Pseudodiploria175489,-0.269713201862082
Pseudodiploria175490,1.29617027905733
Pseudodiploria175491,0.693884166923318
Pseudodiploria175493,0.290603149797315
Pseudodiploria175495,0.45847928636735
Pseudodiploria175497,-0.534652940017599
Pseudodiploria175499,0.101051857562318
Pseudodiploria175501,-0.360943384294874
Pseudodiploria175504,-0.966943121731735
Pseudodiploria175506,-0.120531949120494
Pseudodiploria175511,0.00866644410949659
Pseudodiploria175514,0.064411338314207
Pseudodiploria175515,0.119031943370377
Pseudodiploria175518,-0.755168724069847
Pseudodiploria175520,0.239233010539697
Pseudodiploria175523,0.282603615469012
Pseudodiploria175526,0.0182628383348167
Pseudodiploria175530,-0.276419820201952
Pseudodiploria175532,0.476501014163274
Pseudodiploria175534,0.416992924033491
Pseudodiploria175535,0.263659859744482
Pseudodiploria175536,-1.11202749304864
Pseudodiploria175541,-0.465080948714057
Pseudodiploria175542,-0.0918800878901288
Pseudodiploria175547,0.0198612130982618
Pseudodiploria175548,0.153231421978903
Pseudodiploria175557,0.607015273450896
Pseudodiploria175558,0.0517224686995443
Pseudodiploria175566,-0.853910513538941
Pseudodiploria175567,-1.14958260465003
Pseudodiploria175570,0.207858298647348
Pseudodiploria175577,0.329201441880219
Pseudodiploria175579,-1.25275914362281
Pseudodiploria175580,-0.171498685545848
Pseudodiploria175583,-0.444359781056248
Pseudodiploria175585,-0.400013005145513
Pseudodiploria175586,-0.0752757251947207
Pseudodiploria175591,-0.180560811125529
Pseudodiploria175593,0.0608050281716378
Pseudodiploria175596,0.42098163124538
Pseudodiploria175598,0.240653680984087
Pseudodiploria175599,-0.681472578927266
Pseudodiploria175601,0.342357716064965
Pseudodiploria175604,-1.24154362772517
Pseudodiploria175609,-0.130007094698899
Pseudodiploria175610,0.208376281661309
Pseudodiploria175616,0.290691591853119
Pseudodiploria175618,0.190598303346997
Pseudodiploria175621,-0.148947563436397
Pseudodiploria175623,-0.108809681192582
Pseudodiploria175624,0.175786377822869
Pseudodiploria175633,-0.646768919033321
Pseudodiploria175636,0.129534603695663
Pseudodiploria175640,-0.306110522146522
Pseudodiploria175652,0.0460502591251751
Pseudodiploria175655,-0.248846183471544
Pseudodiploria175668,-0.170212505461224
Pseudodiploria175670,-0.215038986928578
Pseudodiploria175671,0.29034065830345
Pseudodiploria175684,-0.100328835531627
Pseudodiploria175707,0.365028706634461
Pseudodiploria175710,-0.115693106209152
Pseudodiploria175711,-0.127850854221615
Pseudodiploria175712,0.774510955598773
Pseudodiploria175722,-0.0266053471368897
Pseudodiploria175725,-0.148488390971467
Pseudodiploria175726,0.267942518094674
Pseudodiploria175728,0.284493029237656
Pseudodiploria175732,0.222333573307855
Pseudodiploria175733,0.953596095376436
Pseudodiploria175734,-0.169232630232541
Pseudodiploria175737,-0.0711420073574441
Pseudodiploria175739,0.0899111274866656
Pseudodiploria175746,0.178157272695442
Pseudodiploria175747,0.585799367880773
Pseudodiploria175755,0.352803564259031
Pseudodiploria175756,0.235559866031685
Pseudodiploria175760,-0.772880214504915
Pseudodiploria175761,0.00267110594795516
Pseudodiploria175770,-0.21110126818019
Pseudodiploria175771,0.173008403241647
Pseudodiploria175775,0.320607136476684
Pseudodiploria175782,0.217522068157511
Pseudodiploria175794,1.16140524766215
Pseudodiploria175795,0.0311224544774042
Pseudodiploria175800,1.82686630832472
Pseudodiploria175804,-0.366086492178206
Pseudodiploria175807,0.869429951292976
Pseudodiploria175808,-0.912397586012991
Pseudodiploria175812,-0.338248144833435
Pseudodiploria175818,0.307732256750107
Pseudodiploria175821,-0.0998399484540879
Pseudodiploria175822,0.0384748302629522
Pseudodiploria175824,0.138301477482107
Pseudodiploria175826,-0.595426945110774
Pseudodiploria175828,0.0725196046451041
Pseudodiploria175832,0.629539512729752
Pseudodiploria175833,-0.352609108209979
Pseudodiploria175835,-0.260526632775886
Pseudodiploria175836,-0.396254025731836
Pseudodiploria175843,-0.16234131094989
Pseudodiploria175844,0.544099711848155
Pseudodiploria175845,0.255182445774056
Pseudodiploria175847,0.107991634485577
Pseudodiploria175856,-0.552934191310927
Pseudodiploria175857,0.0300206119001459
Pseudodiploria175859,0.59236838555301
Pseudodiploria175860,0.834257266340646
Pseudodiploria175868,0.151578059811217
Pseudodiploria175869,-0.600584497028407
Pseudodiploria175874,-1.4207524038385
Pseudodiploria175882,-0.816476965674771
Pseudodiploria175891,0.442988337187298
Pseudodiploria175893,0.210514691929287
Pseudodiploria175898,1.28007071674998
Pseudodiploria175904,0.343874812346469
Pseudodiploria175905,-0.129075442487843
Pseudodiploria175909,-0.0757112744517717
Pseudodiploria175911,0.132157685501809
Pseudodiploria175912,0.0234500889399907
Pseudodiploria175914,-0.641193118568907
Pseudodiploria175920,-0.0671625364325726
Pseudodiploria175923,-0.194753906659506
Pseudodiploria175924,0.0827404360199246
Pseudodiploria175927,-0.192306042528886
Pseudodiploria175934,0.285368010164458
Pseudodiploria175940,0.202538444498352
Pseudodiploria175941,-0.0411751353708331
Pseudodiploria175950,0.199188013423795
Pseudodiploria175953,0.789666425726332
Pseudodiploria175959,-0.044422309923653
Pseudodiploria175964,-0.172889368035902
Pseudodiploria175969,-0.124708905714704
Pseudodiploria175971,-0.626833208876135
Pseudodiploria175972,-0.0197871998933447
Pseudodiploria175980,0.433731836596065
Pseudodiploria175983,-0.512456747102716
Pseudodiploria175989,0.116377594102656
Pseudodiploria175992,-0.0904138120773946
Pseudodiploria175993,-0.406258201462526
Pseudodiploria175994,-0.388438822405837
Pseudodiploria175996,-0.0164477539892292
Pseudodiploria175997,1.21451785314467
Pseudodiploria176000,0.21108102464733
Pseudodiploria176004,0.13425330231277
Pseudodiploria176007,0.676021846440229
Pseudodiploria176009,0.158703297142121
Pseudodiploria176011,1.41031168344342
Pseudodiploria176016,0.706306223114715
Pseudodiploria176021,0.31817460689519
Pseudodiploria176027,0.0662027977016331
Pseudodiploria176030,0.120121751542252
Pseudodiploria176035,0.232164392278794
Pseudodiploria176036,1.47496897129297
Pseudodiploria176038,-0.714368717168626
Pseudodiploria176040,-0.996528204410766
Pseudodiploria176044,0.269851465019103
Pseudodiploria176045,-0.67843248655438
Pseudodiploria176052,0.253200135207428
Pseudodiploria176055,-0.0930999915623076
Pseudodiploria176056,-0.423152156608376
Pseudodiploria176058,-0.38336986471268
Pseudodiploria176069,0.0640273283914896
Pseudodiploria176070,0.341676430535251
Pseudodiploria176071,0.419583165635834
Pseudodiploria176074,-0.58869981126093
Pseudodiploria176078,-0.368783853188485
Pseudodiploria176082,-0.189913813998534
Pseudodiploria176087,0.112263442198298
Pseudodiploria176094,0.659354807334646
Pseudodiploria176097,-0.0602751969695013
Pseudodiploria176098,0.620990344730029
Pseudodiploria176099,0.368943502052816
Pseudodiploria176101,-0.00256357760655138
Pseudodiploria176102,-0.592582163278584
Pseudodiploria176106,0.174123627107386
Pseudodiploria176113,-0.723551399637716
Pseudodiploria176116,0.806658816418426
Pseudodiploria176117,0.0992601221197501
Pseudodiploria176123,-0.535687831473567
Pseudodiploria176127,0.820109074376043
Pseudodiploria176128,0.0500009668666023
Pseudodiploria176138,-0.281594427918713
Pseudodiploria176139,0.545463357294105
Pseudodiploria176142,0.0996704095255357
Pseudodiploria176147,-0.491399158331812
Pseudodiploria176148,0.133306514436226
Pseudodiploria176149,0.255735029151983
Pseudodiploria176159,0.159820887993399
Pseudodiploria176161,0.179674738437961
Pseudodiploria176162,-0.105956383344552
Pseudodiploria176164,0.0642698986855028
Pseudodiploria176168,-0.0891980392668154
Pseudodiploria176170,0.0541977759800663
Pseudodiploria176171,0.502911963166468
Pseudodiploria176174,0.148330363342621
Pseudodiploria176175,0.912033410367937
Pseudodiploria176177,-0.161935402306234
Pseudodiploria176192,0.0909117984576162
Pseudodiploria176193,0.0202002907400872
Pseudodiploria176200,-0.368513146063862
Pseudodiploria176201,0.492917298775221
Pseudodiploria176209,0.356577525968175
Pseudodiploria176210,0.444602995776046
Pseudodiploria176211,-0.480729037835787
Pseudodiploria176214,-0.0782887372786795
Pseudodiploria176222,-0.807367084052906
Pseudodiploria176230,0.182102219060136
Pseudodiploria176234,0.547287589362991
Pseudodiploria176237,0.0562911675881604
Pseudodiploria176244,-0.581324877706114
Pseudodiploria176252,0.186269316090651
Pseudodiploria176253,-0.119089509823656
Pseudodiploria176254,-0.312036505747113
Pseudodiploria176255,-0.0206535191195743
Pseudodiploria176257,0.437419975902721
Pseudodiploria176260,0.826934053708647
Pseudodiploria176264,0.243250671522015
Pseudodiploria176267,0.202266405213918
Pseudodiploria176268,-0.468804256814857
Pseudodiploria176271,-0.437672281842485
Pseudodiploria176273,0.172004819524983
Pseudodiploria176274,0.394251342315327
Pseudodiploria176277,0.282088341674349
Pseudodiploria176282,0.0580221035083023
Pseudodiploria176292,-0.161518126054709
Pseudodiploria176295,0.613092700347265
Pseudodiploria176299,-0.206821200167824
Pseudodiploria176300,0.345354945144558
Pseudodiploria176301,0.144726389957354
Pseudodiploria176302,0.367840883300536
Pseudodiploria176306,0.0513460139511418
Pseudodiploria176318,-0.478297263560055
Pseudodiploria176321,-0.302940088292267
Pseudodiploria176326,0.934703283326019
Pseudodiploria176328,-0.586222136767189
Pseudodiploria176330,0.0557388426464732
Pseudodiploria176334,-0.52377149589476
Pseudodiploria176335,1.08362335678024
Pseudodiploria176338,-0.521998204886054
Pseudodiploria176348,-0.0731887330902937
Pseudodiploria176356,-0.0252327824970635
Pseudodiploria176359,0.0347646316389229
Pseudodiploria176360,-0.0445082997826967
Pseudodiploria176367,-0.209446127530199
Pseudodiploria176372,-0.291587329416316
Pseudodiploria176373,0.428541726492966
Pseudodiploria176376,-0.970124620208411
Pseudodiploria176377,-0.0625998536413762
Pseudodiploria176378,-0.515788810458749
Pseudodiploria176380,0.355308690081413
Pseudodiploria176381,0.145950900601764
Pseudodiploria176384,0.828738551198826
Pseudodiploria176385,-0.275097674837427
Pseudodiploria176389,-0.0378512697422694
Pseudodiploria176390,-0.153863370804872
Pseudodiploria176391,0.894619740169738
Pseudodiploria176395,-1.01358019079215
Pseudodiploria176397,-0.277013992382332
Pseudodiploria176400,-0.129518015285515
Pseudodiploria176408,0.618530916178043
Pseudodiploria176421,-0.206027065867692
Pseudodiploria176431,0.112242452864902
Pseudodiploria176433,0.107506389107837
Pseudodiploria176438,0.224176744381028
Pseudodiploria176439,0.45509050174278
Pseudodiploria176442,0.0302625871439752
Pseudodiploria176443,0.302598584380721
Pseudodiploria176445,1.23082643051205
Pseudodiploria176450,-0.351834230055069
Pseudodiploria176456,-0.041397656488077
Pseudodiploria176457,0.146609441736789
Pseudodiploria176459,-0.372107156736649
Pseudodiploria176462,0.212192747311156
Pseudodiploria176465,-1.09511874844855
Pseudodiploria176470,0.376049021791368
Pseudodiploria176485,-0.48097063188362
Pseudodiploria176488,-0.0946568824775581
Pseudodiploria176490,-1.80334541165673
Pseudodiploria176493,-0.462981139319437
Pseudodiploria176503,0.297732287097283
Pseudodiploria176504,0.506507793099322
Pseudodiploria176511,0.434206422042792
Pseudodiploria176514,0.26637403212463
Pseudodiploria176519,-0.272508251052579
Pseudodiploria176522,0.526006522719078
Pseudodiploria176538,-0.332339491422701
Pseudodiploria176539,-0.235881191786879
Pseudodiploria176540,-0.115604044176744
Pseudodiploria176542,0.487701755062471
Pseudodiploria176544,-0.170466185819737
Pseudodiploria176553,-0.274939268990496
Pseudodiploria176555,0.726226262713023
Pseudodiploria176556,0.213300570600839
Pseudodiploria176568,-0.545969270221691
Pseudodiploria176570,-0.205682029689737
Pseudodiploria176578,0.391612820259577
Pseudodiploria176579,0.190345890185913
Pseudodiploria176582,0.0758839825291788
Pseudodiploria176583,-0.0891177256527463
Pseudodiploria176585,0.958134450250232
Pseudodiploria176588,-0.720601366539986
Pseudodiploria176603,-0.127413596029459
Pseudodiploria176605,-0.493849401548573
Pseudodiploria176612,0.608223644591357
Pseudodiploria176616,0.391299971333462
Pseudodiploria176618,0.410048064389002
Pseudodiploria176620,-0.807690411772039
Pseudodiploria176625,0.383423469618089
Pseudodiploria176629,0.477915066484198
Pseudodiploria176631,0.123836147302872
Pseudodiploria176635,-0.0019014391047962
Pseudodiploria176636,0.226209365196276
Pseudodiploria176645,-0.714500915945245
Pseudodiploria176646,0.450062469324771
Pseudodiploria176648,-0.440993119445678
Pseudodiploria176649,-0.409398359406811
Pseudodiploria176654,0.06433373437659
Pseudodiploria176671,0.188368610583979
Pseudodiploria176683,-0.188725760687115
Pseudodiploria176687,-0.469130437748569
Pseudodiploria176690,0.451480641362375
Pseudodiploria176694,-0.0872758548370532
Pseudodiploria176698,-0.362153376562768
Pseudodiploria176702,0.182192342564549
Pseudodiploria176705,0.262445804409693
Pseudodiploria176706,0.598565328323628
Pseudodiploria176707,-0.239938896152524
Pseudodiploria176717,-0.204143583719211
Pseudodiploria176723,0.048590738109586
Pseudodiploria176727,0.172345441921896
Pseudodiploria176731,-0.0160890409256368
Pseudodiploria176732,0.35823984884383
Pseudodiploria176737,-0.287836439159539
Pseudodiploria176741,0.15597086391838
Pseudodiploria176742,0.342264900533209
Pseudodiploria176743,-0.313340161194512
Pseudodiploria176752,0.380461695794351
Pseudodiploria176754,-0.388540425492736
Pseudodiploria176755,-0.454066095762416
Pseudodiploria176757,-0.112488337442483
Pseudodiploria176761,0.5085375169233
Pseudodiploria176764,-0.0632897401636354
Pseudodiploria176773,-0.0204322576561055
Pseudodiploria176786,0.267306099475469
Pseudodiploria176787,0.368109371864848
Pseudodiploria176788,0.105531704811718
Pseudodiploria176793,-0.0355190473182358
Pseudodiploria176797,0.654216487356991
Pseudodiploria176799,0.393328215455623
Pseudodiploria176800,-0.259073621073632
Pseudodiploria176802,0.126236051341113
Pseudodiploria176805,0.751582387037776
Pseudodiploria176811,-0.175630689297063
Pseudodiploria176813,-0.11319628652283
Pseudodiploria176814,0.0814113466153192
Pseudodiploria176822,0.191340727207331
Pseudodiploria176827,-1.12510869332739
Pseudodiploria176847,0.795406257845115
Pseudodiploria176850,0.612896348775742
Pseudodiploria176860,-0.137336613653336
Pseudodiploria176861,-0.13215685452222
Pseudodiploria176866,0.0493349620477526
Pseudodiploria176870,-0.60095118201726
Pseudodiploria176872,0.262393884674518
Pseudodiploria176877,0.0320977743264401
Pseudodiploria176880,-0.167425162067269
Pseudodiploria176883,0.227479098537113
Pseudodiploria176886,0.236834709256137
Pseudodiploria176888,-0.15676846976792
Pseudodiploria176890,0.0177368744367214
Pseudodiploria176899,0.0448630610846407
Pseudodiploria176900,-0.336151689050375
Pseudodiploria176904,0.38809534864941
Pseudodiploria176906,0.171107255610011
Pseudodiploria176915,0.710091296936561
Pseudodiploria176916,-1.04406543163911
Pseudodiploria176918,0.256284094613137
Pseudodiploria176923,1.06361791106113
Pseudodiploria176926,0.150497967054616
Pseudodiploria176928,0.878088266016768
Pseudodiploria176930,-0.262180218790792
Pseudodiploria176931,-0.0597676821569252
Pseudodiploria176940,0.328822030609089
Pseudodiploria176941,-0.0731092728966234
Pseudodiploria176944,-0.00646112113651312
Pseudodiploria176945,0.143124545855444
Pseudodiploria176951,0.828134740693975
Pseudodiploria176952,1.15885375746287
Pseudodiploria176954,0.202893850964918
Pseudodiploria176957,-0.262183396248412
Pseudodiploria176959,0.573932028935527
Pseudodiploria176965,0.951895512524199
Pseudodiploria176967,-0.141956512999134
Pseudodiploria176969,0.644367880821091
Pseudodiploria176970,0.474479182259285
Pseudodiploria176973,0.202318793454166
Pseudodiploria176977,-0.188869372299792
Pseudodiploria176978,-0.215460007120994
Pseudodiploria176979,-0.0847722472256803
Pseudodiploria176981,0.442586509596956
Pseudodiploria176982,-1.07036508257866
Pseudodiploria176983,0.232043456123984
Pseudodiploria176988,0.69345905876922
Pseudodiploria176990,1.12355253842734
Pseudodiploria177009,-0.153027432956174
Pseudodiploria177011,0.483289125638465
Pseudodiploria177012,-0.45836449134072
Pseudodiploria177014,0.14479059793381
Pseudodiploria177015,0.3205429177389
Pseudodiploria177016,-0.183822194394538
Pseudodiploria177017,0.617966843935768
Pseudodiploria177021,0.175992751358248
Pseudodiploria177022,-0.0011317034646466
Pseudodiploria177026,0.333237701849959
Pseudodiploria177044,0.105796524570459
Pseudodiploria177047,0.700228406144679
Pseudodiploria177051,-1.31797562226388
Pseudodiploria177060,-1.23793469987483
Pseudodiploria177062,0.236649223636942
Pseudodiploria177067,0.066582517212234
Pseudodiploria177076,0.0193543358119668
Pseudodiploria177094,0.650947779992801
Pseudodiploria177101,0.239168072185003
Pseudodiploria177102,-0.425295901290024
Pseudodiploria177105,0.611484927611815
Pseudodiploria177107,0.4408629955784
Pseudodiploria177110,0.295242007484374
Pseudodiploria177111,0.159023593381349
Pseudodiploria177113,-0.0279683018416388
Pseudodiploria177114,0.263061438308834
Pseudodiploria177116,-0.192967357165959
Pseudodiploria177117,1.18040021391637
Pseudodiploria177118,-0.00340754554452788
Pseudodiploria177119,-0.739128969840353
Pseudodiploria177132,-0.156334135711456
Pseudodiploria177134,-0.266288694089456
Pseudodiploria177141,-0.252891472934047
Pseudodiploria177144,-0.0881992033305918
Pseudodiploria177146,1.07522322648797
Pseudodiploria177148,0.207849810991962
Pseudodiploria177151,0.425819792379549
Pseudodiploria177152,-0.0211326035737069
Pseudodiploria177153,-1.71038544876298
Pseudodiploria177164,0.151133502240329
Pseudodiploria177167,0.102424669852601
Pseudodiploria177173,0.440187595253846
Pseudodiploria177177,0.757175330338474
Pseudodiploria177178,0.363072998706649
Pseudodiploria177185,0.0530304803770748
Pseudodiploria177189,0.0584496756591227
Pseudodiploria177193,-0.438423145748056
Pseudodiploria177195,-0.0494685189710428
Pseudodiploria177199,0.542878994876776
Pseudodiploria177202,0.423844729152242
Pseudodiploria177205,0.62373590517162
Pseudodiploria177206,0.135342271487629
Pseudodiploria177215,-0.429802679846842
Pseudodiploria177217,0.325250683903557
Pseudodiploria177222,0.883153232175469
Pseudodiploria177223,-0.0957038228076973
Pseudodiploria177224,0.622509371551845
Pseudodiploria177226,0.27683638257509
Pseudodiploria177233,-0.405123568475428
Pseudodiploria177234,-0.174182251013994
Pseudodiploria177240,-0.8455202552931
Pseudodiploria177251,0.608756434033752
Pseudodiploria177252,0.475374109168633
Pseudodiploria177259,-0.238084520177682
Pseudodiploria177262,1.19182324606526
Pseudodiploria177267,0.0720941032339553
Pseudodiploria177269,-0.176315350880526
Pseudodiploria177276,0.390419012256072
Pseudodiploria177277,-0.00439449630335491
Pseudodiploria177282,-0.525580022452024
Pseudodiploria177287,0.0218031182244487
Pseudodiploria177290,-0.203928042418622
Pseudodiploria177291,0.213275917750051
Pseudodiploria177295,-0.474649923219115
Pseudodiploria177303,-0.325973612440611
Pseudodiploria177309,-0.000631672303066619
Pseudodiploria177316,0.65078805584405
Pseudodiploria177317,0.26364914608128
Pseudodiploria177323,0.166252663241759
Pseudodiploria177328,0.00761518610453965
Pseudodiploria177333,0.959589669118523
Pseudodiploria177349,0.217867397412875
Pseudodiploria177352,0.164703028589708
Pseudodiploria177353,-0.0770027495417968
Pseudodiploria177360,0.146060775243982
Pseudodiploria177361,1.4116224268502
Pseudodiploria177367,0.460525152552676
Pseudodiploria177368,-0.173585406820287
Pseudodiploria177374,0.309746143419246
Pseudodiploria177376,-0.254267640711258
Pseudodiploria177377,0.175150359974297
Pseudodiploria177378,-0.495837064881179
Pseudodiploria177380,0.0444386517146884
Pseudodiploria177384,1.15161267378607
Pseudodiploria177388,0.525419897504948
Pseudodiploria177393,-0.141821070346286
Pseudodiploria177395,-0.0180397804961851
Pseudodiploria177399,1.36074087990088
Pseudodiploria177402,-0.0648252147037417
Pseudodiploria177407,-0.0247551990814921
Pseudodiploria177409,-1.23399985850338
Pseudodiploria177411,-0.960216514389842
Pseudodiploria177414,-1.06816047416958
Pseudodiploria177417,0.28074420994236
Pseudodiploria177422,0.144217028128797
Pseudodiploria177424,0.189882269051505
Pseudodiploria177425,0.163675730442603
Pseudodiploria177427,-0.455081543331115
Pseudodiploria177428,0.752856128587327
Pseudodiploria177429,0.0392872673676335
Pseudodiploria177430,0.345594690557265
Pseudodiploria177433,0.0241090029433354
Pseudodiploria177434,1.16514225619915
Pseudodiploria177435,0.0161890735807753
Pseudodiploria177443,-1.21819483505799
Pseudodiploria177449,-0.03014703781318
Pseudodiploria177455,-0.0650891961376504
Pseudodiploria177456,-0.0454684408783854
Pseudodiploria177457,-0.0530307683026036
Pseudodiploria177463,-0.57537304253274
Pseudodiploria177464,-0.0283814775828182
Pseudodiploria177467,0.40579195720084
Pseudodiploria177471,0.0472331197247609
Pseudodiploria177474,0.257583710790818
Pseudodiploria177475,0.618885445774325
Pseudodiploria177479,0.197940359841449
Pseudodiploria177482,-0.69352731435513
Pseudodiploria177488,0.356883987399209
Pseudodiploria177489,0.480439697256237
Pseudodiploria177491,0.340666554989345
Pseudodiploria177492,0.60690569960716
Pseudodiploria177494,0.489763688290321
Pseudodiploria177495,0.43689810861673
Pseudodiploria177499,-0.179316358306062
Pseudodiploria177502,0.286364346419364
Pseudodiploria177503,-0.584015218851253
Pseudodiploria177504,0.763080391433602
Pseudodiploria177509,0.133241291395562
Pseudodiploria177510,-0.0365170359426587
Pseudodiploria177511,0.040479869855044
Pseudodiploria177513,-0.125311677928046
Pseudodiploria177516,0.313206997536418
Pseudodiploria177520,-0.625499516329975
Pseudodiploria177522,-0.055078958012104
Pseudodiploria177525,0.0200513320039936
Pseudodiploria177526,0.0654734033931431
Pseudodiploria177528,0.907543635672634
Pseudodiploria177533,0.488197806743433
Pseudodiploria177536,0.0199936809816642
Pseudodiploria177538,0.126618022602051
Pseudodiploria177541,-0.808451760640761
Pseudodiploria177548,0.614313930433069
Pseudodiploria177552,-0.258627167657753
Pseudodiploria177556,0.152082617288083
Pseudodiploria177558,1.23058194229152
Pseudodiploria177561,0.536754560272953
Pseudodiploria177562,0.0503415601181798
Pseudodiploria177564,0.912143314289926
Pseudodiploria177571,-0.0241489065000528
Pseudodiploria177577,-0.878489088245052
Pseudodiploria177579,-0.663295058688593
Pseudodiploria177581,0.195000978870581
Pseudodiploria177588,1.40047198032585
Pseudodiploria177591,0.105556491862497
Pseudodiploria177594,-0.597266113872332
Pseudodiploria177596,0.347929286319431
Pseudodiploria177600,0.0600469865781049
Pseudodiploria177603,0.0232675181072428
Pseudodiploria177604,-0.333575727002618
Pseudodiploria177605,-0.280767676571693
Pseudodiploria177613,-0.0903307979034042
Pseudodiploria177615,0.223740815461366
Pseudodiploria177616,0.374450680656851
Pseudodiploria177619,-0.588740048459711
Pseudodiploria177623,-0.125946648519168
Pseudodiploria177628,0.022271217445074
Pseudodiploria177629,0.106277070641658
Pseudodiploria177640,-0.486199524828902
Pseudodiploria177641,0.436774133254538
Pseudodiploria177643,-0.61514469695825
Pseudodiploria177645,-0.11967562317591
Pseudodiploria177649,0.220157676904098
Pseudodiploria177653,0.0184084198347621
Pseudodiploria177664,0.0886360101579315
Pseudodiploria177681,-0.258228803648294
Pseudodiploria177693,-0.232331117001864
Pseudodiploria177694,-0.0481154369256383
Pseudodiploria177696,0.38838188322592
Pseudodiploria177700,0.0737598154536228
Pseudodiploria177701,0.177318985962609
Pseudodiploria177706,0.270968047918983
Pseudodiploria177707,0.0896762994026898
Pseudodiploria177715,0.145466584328529
Pseudodiploria177718,0.302028101987356
Pseudodiploria177721,0.236422200610803
Pseudodiploria177724,0.135268208623055
Pseudodiploria177725,0.295560650810121
Pseudodiploria177730,1.00105799027677
Pseudodiploria177734,0.189483908359658
Pseudodiploria177736,-0.727476944026556
Pseudodiploria177739,0.649863662488678
Pseudodiploria177741,-0.778141727781559
Pseudodiploria177742,0.241966446991904
Pseudodiploria177745,0.134594583730069
Pseudodiploria177750,-1.00865034062677
Pseudodiploria177751,0.394709328147045
Pseudodiploria177765,0.556857254526064
Pseudodiploria177771,-0.681980644733879
Pseudodiploria177773,-0.861597729423422
Pseudodiploria177775,-0.00330967424912893
Pseudodiploria177777,-0.717915232747293
Pseudodiploria177780,-1.35782482215659
Pseudodiploria177781,-1.52286901140691
Pseudodiploria177783,-0.154444066803428
Pseudodiploria177788,0.161139014579602
Pseudodiploria177790,0.415993501590812
Pseudodiploria177792,-0.317577661160279
Pseudodiploria177794,-1.60816911814311
Pseudodiploria177796,-0.510263756805059
Pseudodiploria177798,0.062202413660619
Pseudodiploria177806,-0.290099590681843
Pseudodiploria177812,0.141381602436125
Pseudodiploria177814,0.460124683806975
Pseudodiploria177815,0.235755168134929
Pseudodiploria177822,-0.341812643056435
Pseudodiploria177825,-1.51093701303733
Pseudodiploria177826,-0.194914045174269
Pseudodiploria177830,-0.312736214232982
Pseudodiploria177833,0.153766782325609
Pseudodiploria177834,0.311351922012345
Pseudodiploria177836,0.0439110742217346
Pseudodiploria177839,-0.519355689704779
Pseudodiploria177842,0.176826082418456
Pseudodiploria177844,0.037535179200315
Pseudodiploria177845,0.188564609244587
Pseudodiploria177849,0.467453881767963
Pseudodiploria177853,0.472941889174749
Pseudodiploria177861,-0.470210761904946
Pseudodiploria177866,-0.0075447767827835
Pseudodiploria177877,-0.476732756700745
Pseudodiploria177879,0.969822974991996
Pseudodiploria177880,0.569884995873629
Pseudodiploria177887,0.0473165668916733
Pseudodiploria177889,0.583860959616108
Pseudodiploria177895,-0.176943047207654
Pseudodiploria177907,-0.390079271995839
Pseudodiploria177910,-0.369041321617643
Pseudodiploria177912,0.090921737697899
Pseudodiploria177914,0.0475293348577955
Pseudodiploria177916,0.0993920239611757
Pseudodiploria177917,-0.48218195096987
Pseudodiploria177918,0.283601483001104
Pseudodiploria177919,0.0482644461510959
Pseudodiploria177921,-0.28358244634556
Pseudodiploria177924,0.427532427017143
Pseudodiploria177928,0.212449038846062
Pseudodiploria177932,-0.337125145808089
Pseudodiploria177936,0.30765850865249
Pseudodiploria177938,0.435422524574639
Pseudodiploria177942,-0.551531739189725
Pseudodiploria177943,-0.126971404164778
Pseudodiploria177946,-0.473463552207548
Pseudodiploria177952,0.163483197962962
Pseudodiploria177956,-0.0276053768305387
Pseudodiploria177958,-0.950720773329928
Pseudodiploria177963,-0.0758993764600447
Pseudodiploria177965,0.115747674219322
Pseudodiploria177966,-0.193283591685915
Pseudodiploria177969,0.456319226581475
Pseudodiploria177970,0.189809264485835
Pseudodiploria177973,0.242876568401845
Pseudodiploria177974,0.497072951878586
Pseudodiploria177976,0.534588033763568
Pseudodiploria177979,0.683753000476116
Pseudodiploria177983,-0.364632875791421
Pseudodiploria177985,0.110177631428763
Pseudodiploria177986,-0.562035796958491
Pseudodiploria177987,-0.106620826624774
Pseudodiploria177988,0.329706379765869
Pseudodiploria177995,-0.284314462153343
Pseudodiploria177996,0.158789213597138
Pseudodiploria178003,-0.0766680095960181
Pseudodiploria178005,0.128270522189677
Pseudodiploria178009,-0.133043842676761
Pseudodiploria178011,0.304031881947026
Pseudodiploria178012,-0.37715351535258
Pseudodiploria178016,-0.250117315044584
Pseudodiploria178025,-0.488416192811163
Pseudodiploria178026,0.50625248872395
Pseudodiploria178030,-0.141728183836251
Pseudodiploria178034,0.279425447941648
Pseudodiploria178039,1.24671576511097
Pseudodiploria178040,0.427983290619889
Pseudodiploria178042,-0.0959839142587925
Pseudodiploria178046,0.230435269355797
Pseudodiploria178049,0.313192126711735
Pseudodiploria178050,-0.815530881716678
Pseudodiploria178054,-0.231758359556612
Pseudodiploria178055,-0.970255242790776
Pseudodiploria178058,-0.217012095024223
Pseudodiploria178061,-0.475464129858598
Pseudodiploria178062,-0.266689603455661
Pseudodiploria178069,0.0520637174284229
Pseudodiploria178072,0.478900113843449
Pseudodiploria178074,0.0977011922674222
Pseudodiploria178080,0.123843779815848
Pseudodiploria178091,-0.511543858666008
Pseudodiploria178092,0.182684517808711
Pseudodiploria178093,-0.153725104898294
Pseudodiploria178096,-0.367868310941021
Pseudodiploria178100,-0.570875478559867
Pseudodiploria178102,-0.406585060077648
Pseudodiploria178110,-0.0920970500283474
Pseudodiploria178112,0.447562538203652
Pseudodiploria178113,0.379707122464461
Pseudodiploria178117,0.0281560368508077
Pseudodiploria178119,-0.289593773466825
Pseudodiploria178130,0.213206215624036
Pseudodiploria178133,0.0969811579337438
Pseudodiploria178136,1.04405356326732
Pseudodiploria178138,-0.12390110857145
Pseudodiploria178142,0.399707939717685
Pseudodiploria178146,-0.652340614029143
Pseudodiploria178147,0.347985981767067
Pseudodiploria178149,0.640638918416781
Pseudodiploria178150,0.396555691862737
Pseudodiploria178151,0.571161613948573
Pseudodiploria178153,-0.047823221680792
Pseudodiploria178154,-0.371351089103514
Pseudodiploria178155,0.0135684218748173
Pseudodiploria178159,0.238172502280497
Pseudodiploria178160,0.496489661931107
Pseudodiploria178162,-1.04936374364615
Pseudodiploria178166,-0.220652394757941
Pseudodiploria178170,-0.566549200413482
Pseudodiploria178174,0.616459195508957
Pseudodiploria178177,0.219287746581524
Pseudodiploria178181,-0.455732418203529
Pseudodiploria178184,0.315418887973479
Pseudodiploria178185,-0.365830905507491
Pseudodiploria178188,0.0663134383570797
Pseudodiploria178195,0.380429958915782
Pseudodiploria178197,0.154222961166746
Pseudodiploria178198,-0.254738714056445
Pseudodiploria178199,0.136371746107883
Pseudodiploria178200,-0.369803115359492
Pseudodiploria178203,-0.0526116856799361
Pseudodiploria178205,0.30240139038607
Pseudodiploria178209,0.0582861804048003
Pseudodiploria178213,0.131489061259537
Pseudodiploria178214,-0.0812673040401711
Pseudodiploria178215,0.60200354424035
Pseudodiploria178216,-0.306863107318537
Pseudodiploria178223,0.238955801862866
Pseudodiploria178229,0.623099506574856
Pseudodiploria178231,-0.217739131709052
Pseudodiploria178236,-0.049565880293951
Pseudodiploria178240,0.050652727451736
Pseudodiploria178243,-0.0115758396785745
Pseudodiploria178255,0.366956294291473
Pseudodiploria178262,-0.270502966683171
Pseudodiploria178265,-0.56116208723477
Pseudodiploria178269,-0.607542494436969
Pseudodiploria178277,0.0505228455818052
Pseudodiploria178278,0.0595370298460168
Pseudodiploria178280,0.780862097844875
Pseudodiploria178281,-0.593840378967338
Pseudodiploria178282,-0.703111283628874
Pseudodiploria178283,0.379034879344841
Pseudodiploria178287,-0.540605006126935
Pseudodiploria178288,0.778320334069593
Pseudodiploria178289,-0.0733988417812306
Pseudodiploria178292,-0.467271424402156
Pseudodiploria178293,-0.71638276802153
Pseudodiploria178295,0.313125612251249
Pseudodiploria178297,0.394243589137409
Pseudodiploria178298,0.123215191296712
Pseudodiploria178301,-0.0645316225380924
Pseudodiploria178308,-0.267389015314241
Pseudodiploria178313,0.0442836069528055
Pseudodiploria178314,0.25810877549396
Pseudodiploria178316,0.63068372211578
Pseudodiploria178317,-1.17448031417118
Pseudodiploria178318,-0.472777541895077
Pseudodiploria178319,0.734685091791383
Pseudodiploria178323,0.0542334595351943
Pseudodiploria178324,-0.295620383660595
Pseudodiploria178325,0.374109792206365
Pseudodiploria178328,-0.230645566291228
Pseudodiploria178331,0.621505865280268
Pseudodiploria178335,0.0496586834548692
Pseudodiploria178336,0.05429144261807
Pseudodiploria178337,0.103305330133729
Pseudodiploria178339,-1.29157790193789
Pseudodiploria178342,0.373900408675459
Pseudodiploria178343,-0.0631582303091093
Pseudodiploria178345,-0.878485306220834
Pseudodiploria178346,1.15240397762383
Pseudodiploria178350,-0.126430879456871
Pseudodiploria178352,0.79395289794082
Pseudodiploria178355,0.436822686762562
Pseudodiploria178360,-0.249151573232553
Pseudodiploria178363,0.300046856041356
Pseudodiploria178366,-0.0860108939530674
Pseudodiploria178367,-0.146789715197739
Pseudodiploria178368,0.586344010157836
Pseudodiploria178376,1.06241229167037
Pseudodiploria178383,-0.0635566716428167
Pseudodiploria178387,-0.75380605123246
Pseudodiploria178388,0.222300698230172
Pseudodiploria178394,0.187794894797355
Pseudodiploria178396,0.075862696925566
Pseudodiploria178404,-0.066687572556289
Pseudodiploria178408,0.423943833969843
Pseudodiploria178409,0.458602556172406
Pseudodiploria178410,0.0214207847115485
Pseudodiploria178413,-0.0768683543957638
Pseudodiploria178424,-0.395902309261212
Pseudodiploria178427,-0.00670601531355513
Pseudodiploria178429,0.0634517872029397
Pseudodiploria178430,0.018453630117199
Pseudodiploria178437,0.0986443419764774
Pseudodiploria178440,0.339982107976449
Pseudodiploria178443,-0.616351974578394
Pseudodiploria178444,0.0917161668693865
Pseudodiploria178450,0.0224067630900991
Pseudodiploria178452,0.113455087598985
Pseudodiploria178460,-0.502037019208074
Pseudodiploria178463,0.174176860381063
Pseudodiploria178465,0.122273992967302
Pseudodiploria178470,0.232625383186693
Pseudodiploria178472,-0.168977737076091
Pseudodiploria178473,0.408068697351855
Pseudodiploria178474,-0.0814393909752648
Pseudodiploria178477,0.212780920621365
Pseudodiploria178478,0.3020174677961
Pseudodiploria178481,2.50913169552566
Pseudodiploria178485,-0.341591062840093
Pseudodiploria178488,0.374031588178877
Pseudodiploria178494,-0.127913216222605
Pseudodiploria178500,0.557916707578157
Pseudodiploria178509,0.190570070471014
Pseudodiploria178510,0.799689178568134
Pseudodiploria178511,0.0639643425477472
Pseudodiploria178516,0.564880871632354
Pseudodiploria178520,0.72678466399378
Pseudodiploria178522,1.56988777030323
Pseudodiploria178525,0.589237172652986
Pseudodiploria178535,-0.0787046929190368
Pseudodiploria178536,0.127562873316552
Pseudodiploria178540,0.61669226179875
Pseudodiploria178546,0.372913256482211
Pseudodiploria178547,-0.229627658873698
Pseudodiploria178548,-0.236780521772801
Pseudodiploria178555,0.31802274004027
Pseudodiploria178556,-0.188545590304647
Pseudodiploria178559,-0.0487375148961451
Pseudodiploria178560,1.00189530353938
Pseudodiploria178561,-0.136306067469559
Pseudodiploria178565,0.0923444746966995
Pseudodiploria178572,0.107453531462575
Pseudodiploria178573,0.149329422959508
Pseudodiploria178577,0.060441383552299
Pseudodiploria178580,-0.183317749068329
Pseudodiploria178582,0.350051375454544
Pseudodiploria178585,-0.00259292452978296
Pseudodiploria178589,0.276096727217407
Pseudodiploria178597,-0.216416035441814
Pseudodiploria178598,0.0383588129644201
Pseudodiploria178601,0.262762044735692
Pseudodiploria178602,0.279734450589389
Pseudodiploria178608,0.0578883494390833
Pseudodiploria178612,-0.096693840357079
Pseudodiploria178616,-0.327032990754778
Pseudodiploria178621,-0.0191661809342221
Pseudodiploria178632,-0.386097196253553
Pseudodiploria178634,0.526302711605577
Pseudodiploria178636,0.0341497959997045
Pseudodiploria178637,0.888698170454546
Pseudodiploria178646,0.854375392315551
Pseudodiploria178650,0.468429847490328
Pseudodiploria178652,-0.375730859551074
Pseudodiploria178653,0.038678835291315
Pseudodiploria178655,0.667689308101577
Pseudodiploria178664,0.270702978387649
Pseudodiploria178669,-0.430089040604715
Pseudodiploria178673,0.222065617625385
Pseudodiploria178674,-0.218696319088365
Pseudodiploria178676,-0.55034124182119
Pseudodiploria178679,-0.285857517531051
Pseudodiploria178683,0.313808348516491
Pseudodiploria178685,-0.327124362695461
Pseudodiploria178689,-0.481342021757212
Pseudodiploria178692,0.830000321529488
Pseudodiploria178698,-0.753434469642325
Pseudodiploria178709,-0.0194755317824159
Pseudodiploria178716,-0.0574503178900379
Pseudodiploria178724,-0.0534769337826759
Pseudodiploria178729,-1.12973130399371
Pseudodiploria178731,0.301340152980264
Pseudodiploria178732,1.02735061956228
Pseudodiploria178742,0.206030384533754
Pseudodiploria178743,0.226182030479039
Pseudodiploria178745,-0.0615228865009613
Pseudodiploria178746,0.529471597621048
Pseudodiploria178748,1.13291421675048
Pseudodiploria178757,-0.215470578457919
Pseudodiploria178759,-0.286345072903197
Pseudodiploria178760,-0.0172351346516969
Pseudodiploria178761,-1.03196634778408
Pseudodiploria178765,-0.169359401897031
Pseudodiploria178778,0.334136899572892
Pseudodiploria178779,0.00402780603655035
Pseudodiploria178781,0.117263143099489
Pseudodiploria178783,-0.812519189554581
Pseudodiploria178788,0.597204385336619
Pseudodiploria178789,0.188534517531003
Pseudodiploria178792,1.00970824989538
Pseudodiploria178796,-0.0675557099957532
Pseudodiploria178801,0.701482235555299
Pseudodiploria178802,-0.731714699762159
Pseudodiploria178804,0.432307828103611
Pseudodiploria178806,-0.0683889897672848
Pseudodiploria178813,-0.662779187935865
Pseudodiploria178814,0.283324248848978
Pseudodiploria178818,0.232527335839657
Pseudodiploria178819,0.265223834148385
Pseudodiploria178823,1.42800897435031
Pseudodiploria178830,-0.144550113092407
Pseudodiploria178831,-0.227166686160206
Pseudodiploria178832,-0.197949695710425
Pseudodiploria178835,-0.138371689074921
Pseudodiploria178836,1.01071317067414
Pseudodiploria178837,1.29442447171839
Pseudodiploria178840,-0.661711147051594
Pseudodiploria178854,0.0669927760896614
Pseudodiploria178857,0.224657173543718
Pseudodiploria178858,0.654650178495621
Pseudodiploria178859,0.978303390369016
Pseudodiploria178862,0.0332773468871802
Pseudodiploria178865,0.470134861110449
Pseudodiploria178866,-0.293643390327045
Pseudodiploria178868,0.15497323601939
Pseudodiploria178872,0.158469233148627
Pseudodiploria178876,-0.404605442142011
Pseudodiploria178877,0.166654717654822
Pseudodiploria178879,-0.237296707568809
Pseudodiploria178887,0.0881476556155548
Pseudodiploria178891,-0.476316832585196
Pseudodiploria178896,0.146993158938905
Pseudodiploria178904,-0.163696644210489
Pseudodiploria178905,-0.427748544374044
Pseudodiploria178906,0.204289027758173
Pseudodiploria178907,0.316549094300802
Pseudodiploria178910,0.225785323655596
Pseudodiploria178916,-0.215599400447964
Pseudodiploria178922,0.281306942077172
Pseudodiploria178924,-0.3354699453537
Pseudodiploria178928,0.685502797900529
Pseudodiploria178940,-0.349132494822098
Pseudodiploria178945,-0.752514866810781
Pseudodiploria178946,0.0013240408563561
Pseudodiploria178954,-0.730963514435809
Pseudodiploria178955,0.526434064986773
Pseudodiploria178966,-0.25337330882176
Pseudodiploria178967,0.0113629136968285
Pseudodiploria178969,0.117871930514783
Pseudodiploria178970,0.403379941859486
Pseudodiploria178973,-0.55772300860397
Pseudodiploria178974,0.803049114458531
Pseudodiploria178979,0.756336589567962
Pseudodiploria178986,0.132053265806589
Pseudodiploria178987,0.201850589561379
Pseudodiploria178989,0.314201440123202
Pseudodiploria179000,-0.263547669646056
Pseudodiploria179001,1.01185121535037
Pseudodiploria179002,0.128075431712349
Pseudodiploria179003,0.338878718250758
Pseudodiploria179007,-0.552836837165941
Pseudodiploria179008,-0.142026232784922
Pseudodiploria179009,0.105911640698681
Pseudodiploria179018,0.0318558322468261
Pseudodiploria179021,0.0339906205134631
Pseudodiploria179024,-0.135603423522647
Pseudodiploria179034,0.556937393874857
Pseudodiploria179041,-0.00487049096060125
Pseudodiploria179042,-0.0376965277625752
Pseudodiploria179046,0.692760044814467
Pseudodiploria179051,0.291265981804145
Pseudodiploria179056,-0.378965581060158
Pseudodiploria179065,-0.321436978874711
Pseudodiploria179067,0.191909798411775
Pseudodiploria179070,-0.128183420003208
Pseudodiploria179072,-0.285593208231236
Pseudodiploria179077,-0.175028136472508
Pseudodiploria179082,-0.249427360405509
Pseudodiploria179084,-0.133154109140764
Pseudodiploria179086,-0.459006417158529
Pseudodiploria179089,0.57255153799821
Pseudodiploria179090,0.302811018657072
Pseudodiploria179091,-0.320754345329756
Pseudodiploria179092,0.0107567655004967
Pseudodiploria179093,0.144045162590347
Pseudodiploria179101,0.299981214960924
Pseudodiploria179103,0.306024171052692
Pseudodiploria179108,0.0448485751498759
Pseudodiploria179109,1.09279427444655
Pseudodiploria179112,0.462963136692616
Pseudodiploria179118,0.633308562653762
Pseudodiploria179119,-0.399885496919101
Pseudodiploria179128,-0.0242987679591938
Pseudodiploria179131,-0.0841621189043109
Pseudodiploria179133,-0.244203324383233
Pseudodiploria179136,-0.0196065965951215
Pseudodiploria179137,0.261512976368141
Pseudodiploria179146,0.233566297395284
Pseudodiploria179152,0.110100280981601
Pseudodiploria179154,-0.205973568032618
Pseudodiploria179156,-0.486586330815208
Pseudodiploria179157,-0.434289918856778
Pseudodiploria179158,0.0614636525127579
Pseudodiploria179159,0.116814214419771
Pseudodiploria179161,0.0529317737880534
Pseudodiploria179162,-0.0831056751355871
Pseudodiploria179165,0.423207967624413
Pseudodiploria179167,0.079238380275117
Pseudodiploria179168,0.124791774043899
Pseudodiploria179172,-0.570912497898504
Pseudodiploria179178,0.181416195249006
Pseudodiploria179185,0.672854310160672
Pseudodiploria179187,1.99091779601208
Pseudodiploria179202,-0.107716403516976
Pseudodiploria179209,1.09880143995704
Pseudodiploria179211,-0.0268246952080015
Pseudodiploria179213,0.972919990330091
Pseudodiploria179223,0.402752689749731
Pseudodiploria179229,0.00329008258076483
Pseudodiploria17923,-0.785343478018151
Pseudodiploria179234,-1.52314158038764
Pseudodiploria179235,-0.534113891433916
Pseudodiploria179236,-0.347619862190863
Pseudodiploria179237,-0.258291008900722
Pseudodiploria179247,0.103703599874821
Pseudodiploria179248,-0.219474695104301
Pseudodiploria179251,0.0301457436718702
Pseudodiploria179252,1.23258580342715
Pseudodiploria179257,0.478298661935734
Pseudodiploria179263,0.057802102215652
Pseudodiploria179264,1.04100807538924
Pseudodiploria179275,-1.28711220864407
Pseudodiploria179278,0.703125638460787
Pseudodiploria179279,0.276565259983859
Pseudodiploria179280,0.114246716110424
Pseudodiploria179283,-0.0483623496365787
Pseudodiploria179284,0.191877741003358
Pseudodiploria179285,-0.302207434568077
Pseudodiploria179286,-0.477329057599802
Pseudodiploria179287,0.151854781629607
Pseudodiploria179288,1.09680809664063
Pseudodiploria179294,0.182092772935118
Pseudodiploria179295,-0.927892372826306
Pseudodiploria179298,0.162640570658598
Pseudodiploria179306,0.489387051922625
Pseudodiploria179309,-0.0418612394545594
Pseudodiploria179310,-0.0638096572055982
Pseudodiploria179311,0.153454786510192
Pseudodiploria179315,0.420775603953848
Pseudodiploria179316,0.19915661594232
Pseudodiploria179317,0.189965539659656
Pseudodiploria179318,0.206053353697857
Pseudodiploria179320,-0.0726419303418084
Pseudodiploria179323,-0.200571952042135
Pseudodiploria179326,-0.295608699203492
Pseudodiploria179328,0.401841094197536
Pseudodiploria179330,0.442651645342847
Pseudodiploria179335,-0.983832750941723
Pseudodiploria179339,-0.076160865435761
Pseudodiploria179345,0.793669811578463
Pseudodiploria179346,0.12558774243889
Pseudodiploria179355,0.374539786137856
Pseudodiploria179367,0.0779203782891373
Pseudodiploria179373,0.239099382567727
Pseudodiploria179378,-0.156958961791007
Pseudodiploria179380,0.363697882657511
Pseudodiploria179384,-0.13382556211746
Pseudodiploria179386,0.0799086507807769
Pseudodiploria179391,-0.364527051395076
Pseudodiploria179396,-1.0232229165108
Pseudodiploria179398,-0.209520780379174
Pseudodiploria179399,-1.4571095721211
Pseudodiploria179402,0.189582979946355
Pseudodiploria179406,0.175417557419119
Pseudodiploria179407,-0.181650751655077
Pseudodiploria179408,0.106981783362728
Pseudodiploria179409,0.131420929929863
Pseudodiploria179410,0.319277652678044
Pseudodiploria179412,0.420807592359606
Pseudodiploria179414,-1.47000121298738
Pseudodiploria179417,0.296877693457049
Pseudodiploria179418,0.357352211086524
Pseudodiploria179420,0.0039531812056354
Pseudodiploria179421,-0.309470207763759
Pseudodiploria179422,0.113522188466799
Pseudodiploria179425,0.300081224516537
Pseudodiploria179427,0.174959362734666
Pseudodiploria179428,-0.0262547385651867
Pseudodiploria179429,0.0790483017705033
Pseudodiploria179432,-0.640838915806775
Pseudodiploria179433,0.0275452008870328
Pseudodiploria179436,-1.22240184676496
Pseudodiploria179438,0.166773145559846
Pseudodiploria179441,0.244205418312987
Pseudodiploria179442,1.10706528467663
Pseudodiploria179456,0.284825709342673
Pseudodiploria179461,0.151403718283882
Pseudodiploria179462,0.765197493005744
Pseudodiploria179463,-0.146315441008128
Pseudodiploria179464,-0.0680285254887726
Pseudodiploria179465,-0.168963995183421
Pseudodiploria179466,0.468069788672601
Pseudodiploria179468,0.25690524398743
Pseudodiploria179472,0.394119552200876
Pseudodiploria179473,0.358083723656022
Pseudodiploria179474,-0.552750519694338
Pseudodiploria179475,0.189724453863057
Pseudodiploria179476,0.432043889658237
Pseudodiploria179478,0.635920340016484
Pseudodiploria179480,0.187107171602579
Pseudodiploria179486,-0.0146619805275399
Pseudodiploria179487,0.411152928268716
Pseudodiploria179493,-0.401382837169325
Pseudodiploria179499,-1.20553575842138
Pseudodiploria179505,0.730782851015407
Pseudodiploria179509,0.298627858400996
Pseudodiploria179515,-0.405075790075885
Pseudodiploria179519,0.850539905999868
Pseudodiploria179523,0.197400026891323
Pseudodiploria179530,-0.280373832085742
Pseudodiploria179533,0.307656682347435
Pseudodiploria179538,0.239306638278898
Pseudodiploria179539,-0.490569420479354
Pseudodiploria179540,0.0340931419651021
Pseudodiploria179542,0.3953478726584
Pseudodiploria179543,-0.0887309444693555
Pseudodiploria179544,0.239475142741397
Pseudodiploria179546,0.0358486931087354
Pseudodiploria179549,0.0805872475509233
Pseudodiploria179551,0.431008452840157
Pseudodiploria179553,0.237726918950891
Pseudodiploria179554,-0.243396423154453
Pseudodiploria179556,-0.796139598102834
Pseudodiploria179561,-0.899328067300407
Pseudodiploria179564,-0.00616591374639584
Pseudodiploria179565,-0.346396476425832
Pseudodiploria179578,1.05506979250629
Pseudodiploria179579,0.968314971146973
Pseudodiploria179582,0.822661283770946
Pseudodiploria179586,0.0849877972993518
Pseudodiploria179590,0.261738054010098
Pseudodiploria179591,-0.283910317273136
Pseudodiploria179592,0.0604693526805494
Pseudodiploria179594,-0.888521047390692
Pseudodiploria179598,0.403366945005412
Pseudodiploria179600,-0.0839340414284026
Pseudodiploria179609,0.635370480000469
Pseudodiploria179610,0.314987590028393
Pseudodiploria179611,-0.0368767953597786
Pseudodiploria179618,0.0608596549744563
Pseudodiploria179623,0.121586810829326
Pseudodiploria179625,-0.152330680050707
Pseudodiploria179627,-0.499991325852761
Pseudodiploria179632,-0.307680896233747
Pseudodiploria179639,0.266958152216504
Pseudodiploria179640,-0.52702836221385
Pseudodiploria179642,0.804279350853078
Pseudodiploria179646,0.34224194152808
Pseudodiploria179647,-0.139331324325264
Pseudodiploria17965,0.15630157562097
Pseudodiploria179658,0.361089426020652
Pseudodiploria179660,0.654091233357099
Pseudodiploria179661,0.0976370602088959
Pseudodiploria179665,0.836727099074702
Pseudodiploria179674,0.478941009991826
Pseudodiploria179678,0.543110426426673
Pseudodiploria179680,0.205568520913565
Pseudodiploria179684,0.657046552028621
Pseudodiploria179689,0.45595510795577
Pseudodiploria179693,-0.280489907206307
Pseudodiploria179694,0.292043451470809
Pseudodiploria179698,0.477280608444205
Pseudodiploria179702,0.0327994395144206
Pseudodiploria179703,-0.295357779529077
Pseudodiploria179705,0.400684855640246
Pseudodiploria179708,-1.10934389297473
Pseudodiploria179711,-0.231387636467052
Pseudodiploria179712,0.288295328829148
Pseudodiploria179715,0.0822932907970164
Pseudodiploria179722,-0.0947806702325096
Pseudodiploria179725,0.0169101721546162
Pseudodiploria179727,-0.491688318076566
Pseudodiploria179728,0.0287286822586116
Pseudodiploria179734,-0.145589456808418
Pseudodiploria179737,-0.624927097646599
Pseudodiploria179738,0.494796285010251
Pseudodiploria179748,0.557499475006539
Pseudodiploria179749,-0.418429669904506
Pseudodiploria179750,-0.160227921769962
Pseudodiploria179751,0.0505470756030009
Pseudodiploria179752,-0.0494519060343644
Pseudodiploria179755,0.499088710122414
Pseudodiploria179756,0.371734155308875
Pseudodiploria179763,-0.0692554531376276
Pseudodiploria179766,0.359810072599599
Pseudodiploria179767,2.3714963495749
Pseudodiploria179769,0.736476576406647
Pseudodiploria179770,-0.187420424751397
Pseudodiploria179772,-0.867255505080884
Pseudodiploria179776,0.575639535946178
Pseudodiploria179777,-0.145459112583116
Pseudodiploria179780,-0.367790624578451
Pseudodiploria179783,0.867561669906392
Pseudodiploria179784,-0.385274570011695
Pseudodiploria179786,-0.407544000345473
Pseudodiploria179787,0.396861316656338
Pseudodiploria179788,-0.238962303811498
Pseudodiploria179792,0.16172133322567
Pseudodiploria179795,-0.591119232668761
Pseudodiploria179799,0.676219645814504
Pseudodiploria179800,-0.356036585473007
Pseudodiploria179802,0.401448277664313
Pseudodiploria179803,-0.42535907651367
Pseudodiploria179805,0.258692312972913
Pseudodiploria179806,-0.30813929099794
Pseudodiploria179821,-0.0134598296316569
Pseudodiploria179823,-0.071544117549645
Pseudodiploria179828,0.0387405144174451
Pseudodiploria179830,-1.1487783947091
Pseudodiploria179831,0.162399793409889
Pseudodiploria179832,0.423651100500883
Pseudodiploria179835,-0.373548498947712
Pseudodiploria179837,-0.54185362901124
Pseudodiploria179838,-1.04929947155502
Pseudodiploria179839,1.17257484602166
Pseudodiploria179840,-0.917204828312684
Pseudodiploria179842,-0.0105742937094426
Pseudodiploria179843,0.245816832730901
Pseudodiploria179848,0.123480121839412
Pseudodiploria179849,0.615944005836997
Pseudodiploria179851,0.179156727452613
Pseudodiploria179853,-0.0833644988009374
Pseudodiploria179854,0.438202019921099
Pseudodiploria179856,0.157009451965039
Pseudodiploria179857,-0.768277562202867
Pseudodiploria179861,-0.563966231711802
Pseudodiploria179862,-1.23220997824795
Pseudodiploria179866,-1.47520887521424
Pseudodiploria179868,-1.00669255396804
Pseudodiploria179869,0.244471589471462
Pseudodiploria179871,-0.349875816483183
Pseudodiploria179875,-0.407599283462389
Pseudodiploria179876,-0.370084276943656
Pseudodiploria179877,0.880440136964528
Pseudodiploria179881,-0.0267884265066901
Pseudodiploria179883,-0.125953769438362
Pseudodiploria179888,0.156193132299769
Pseudodiploria179892,0.547868884703541
Pseudodiploria179897,-0.474058837937212
Pseudodiploria179899,0.3771802811194
Pseudodiploria179900,-0.0741665135208646
Pseudodiploria179906,-0.882618146287315
Pseudodiploria179909,-0.042934978581795
Pseudodiploria179911,-0.218376407981648
Pseudodiploria179913,-1.41512092661727
Pseudodiploria179918,0.393625927617915
Pseudodiploria179921,0.0939053910178565
Pseudodiploria179927,-0.155922339149379
Pseudodiploria179928,-0.62453752788076
Pseudodiploria179929,0.474483886972734
Pseudodiploria179931,-0.0126068181617728
Pseudodiploria179936,0.450218620282115
Pseudodiploria179941,-0.313108165025732
Pseudodiploria179942,-0.646668707765998
Pseudodiploria179944,-0.221271472567882
Pseudodiploria179949,0.995391023315855
Pseudodiploria179958,-0.000637713580988794
Pseudodiploria179963,0.524448839320933
Pseudodiploria179965,0.0550731942891936
Pseudodiploria179970,0.0340060838885343
Pseudodiploria179971,-0.252878094534414
Pseudodiploria179972,0.572474876376355
Pseudodiploria179974,-0.201004498481673
Pseudodiploria179975,0.0835734075946359
Pseudodiploria179981,-0.118231175957416
Pseudodiploria179982,-0.116897319624089
Pseudodiploria179983,-0.876829207737524
Pseudodiploria179984,-0.425356903221461
Pseudodiploria179985,0.192681607095735
Pseudodiploria179989,-0.0405399002241308
Pseudodiploria179992,0.00866801563089088
Pseudodiploria180000,-0.0703608922527656
Pseudodiploria180002,-0.127414210206532
Pseudodiploria180006,-0.527157125624162
Pseudodiploria180019,-0.0185879865757584
Pseudodiploria180020,0.36085199634129
Pseudodiploria180023,0.647131096718308
Pseudodiploria180028,-0.550319222247157
Pseudodiploria180037,-0.989030407862982
Pseudodiploria180038,-0.257523802630878
Pseudodiploria180042,-0.190340253303102
Pseudodiploria180043,0.1082160223044
Pseudodiploria180044,-0.549899161702491
Pseudodiploria180048,-0.23382617657492
Pseudodiploria180052,-1.05657081277534
Pseudodiploria180053,-0.538765355478283
Pseudodiploria180054,0.571828825599398
Pseudodiploria180056,0.274676907553662
Pseudodiploria180058,-0.327105452895217
Pseudodiploria180059,-0.116194548112015
Pseudodiploria180060,-0.130611023977362
Pseudodiploria180065,0.191298613323754
Pseudodiploria180066,0.442498730789776
Pseudodiploria180067,0.676410794688425
Pseudodiploria180069,0.12027233375863
Pseudodiploria180072,0.180569341229432
Pseudodiploria180076,-0.0468568024539942
Pseudodiploria180081,-0.510415701497579
Pseudodiploria180082,0.38370910274051
Pseudodiploria180084,-0.570604535021932
Pseudodiploria180086,0.111593962432778
Pseudodiploria180087,0.554780798937899
Pseudodiploria180091,0.171009150729702
Pseudodiploria180098,-0.246162432680364
Pseudodiploria180099,0.135891137817954
Pseudodiploria180103,-0.236111251518096
Pseudodiploria180107,0.349201506396997
Pseudodiploria180111,0.0813499011107796
Pseudodiploria180113,-0.4433061761842
Pseudodiploria180114,0.134433675075453
Pseudodiploria180116,0.866823655482732
Pseudodiploria180117,-0.0559201475146622
Pseudodiploria180123,0.748582136202947
Pseudodiploria180126,0.335327033579889
Pseudodiploria180127,0.799186251257462
Pseudodiploria180129,0.156871708757841
Pseudodiploria180133,0.628393161794852
Pseudodiploria180135,0.553627071617876
Pseudodiploria180142,-0.63839124974765
Pseudodiploria180144,0.484147955592047
Pseudodiploria180147,-0.151676128126854
Pseudodiploria180148,0.734316741645652
Pseudodiploria180149,0.0454219943243677
Pseudodiploria180156,0.160232291704789
Pseudodiploria180160,0.129457467318324
Pseudodiploria180162,-0.395875235979384
Pseudodiploria180163,-0.0273177830955885
Pseudodiploria180164,-0.1619618467311
Pseudodiploria180166,-0.0306320821225772
Pseudodiploria180169,-0.230594060408779
Pseudodiploria180170,-0.0276523115372365
Pseudodiploria180171,-0.0829891565308615
Pseudodiploria180172,-0.584184822738032
Pseudodiploria180176,1.20791887210466
Pseudodiploria180180,0.173964610117551
Pseudodiploria180181,-0.170420416036944
Pseudodiploria180182,0.11739201611946
Pseudodiploria180183,0.13942108037014
Pseudodiploria180185,-0.13964984643493
Pseudodiploria180187,0.389280248328946
Pseudodiploria180191,0.0464026822979934
Pseudodiploria180194,-0.443219109747171
Pseudodiploria180195,-0.151062637579139
Pseudodiploria180199,0.398236110153444
Pseudodiploria180201,0.234328655050551
Pseudodiploria180205,0.13029707833832
Pseudodiploria180213,0.0564270969910541
Pseudodiploria180222,0.00625866896879934
Pseudodiploria180223,-0.324775100270873
Pseudodiploria180224,-0.458966278762329
Pseudodiploria180226,-0.632297727520714
Pseudodiploria180228,-0.755580903251935
Pseudodiploria180236,-0.294029671330411
Pseudodiploria180239,0.650787255055874
Pseudodiploria180245,0.800135935411556
Pseudodiploria180246,0.620904612120492
Pseudodiploria180252,-0.44769164960572
Pseudodiploria180254,-0.415612064145675
Pseudodiploria180255,0.0999586960656065
Pseudodiploria180257,-0.337452395740541
Pseudodiploria180258,-0.435237435565407
Pseudodiploria180271,0.194356462400155
Pseudodiploria180276,-1.3245977574342
Pseudodiploria180282,0.12187538902491
Pseudodiploria180286,0.396274394608802
Pseudodiploria180287,-0.147417931414472
Pseudodiploria180288,-0.285707327272504
Pseudodiploria180293,0.397681965039833
Pseudodiploria180295,-0.0839455033534546
Pseudodiploria180296,-0.0437375678025374
Pseudodiploria180305,0.574702431778668
Pseudodiploria180306,0.803767738120348
Pseudodiploria180310,-1.16386590960612
Pseudodiploria180315,0.346598077517681
Pseudodiploria180317,-0.405291689931642
Pseudodiploria180322,0.857650641303087
Pseudodiploria180325,-0.292460518285398
Pseudodiploria180328,-0.112166411716528
Pseudodiploria180332,-0.0380414585065022
Pseudodiploria180334,-0.562020814781886
Pseudodiploria180335,0.193920106771085
Pseudodiploria180336,-0.187255464564909
Pseudodiploria180337,0.516752427033299
Pseudodiploria180340,0.0192559667216776
Pseudodiploria180342,-0.46222804674112
Pseudodiploria180344,0.120278964946657
Pseudodiploria180345,0.908775195732747
Pseudodiploria180349,-0.183809559224989
Pseudodiploria180350,0.178642288017875
Pseudodiploria180351,-0.383519114252242
Pseudodiploria180353,-0.407038423602785
Pseudodiploria180354,-0.220816775108719
Pseudodiploria180370,0.487131353847586
Pseudodiploria180371,0.1024696212076
Pseudodiploria180374,-0.0888647439899566
Pseudodiploria180378,-0.114518367406039
Pseudodiploria180379,0.264942757372076
Pseudodiploria180380,-0.0857211082446995
Pseudodiploria180382,-0.0289356166700296
Pseudodiploria180383,0.42046495643827
Pseudodiploria180385,0.122652762442845
Pseudodiploria180386,0.400613392474592
Pseudodiploria180392,-0.402443062980355
Pseudodiploria180393,-0.22493071880415
Pseudodiploria180395,0.0781109092961341
Pseudodiploria180397,-0.539368108170657
Pseudodiploria180402,0.943219972315522
Pseudodiploria180403,-0.128758473583253
Pseudodiploria180405,-0.00110115030623713
Pseudodiploria180410,-0.0907317909845048
Pseudodiploria180416,-0.0681104936754432
Pseudodiploria180418,0.125764252775073
Pseudodiploria180421,-0.288600922125755
Pseudodiploria180422,0.461620903774507
Pseudodiploria180423,-0.138438681904507
Pseudodiploria180426,0.084735422269738
Pseudodiploria180428,0.861275149309696
Pseudodiploria180438,-0.228348824572735
Pseudodiploria180439,0.405386837065181
Pseudodiploria180448,-0.333277059472898
Pseudodiploria180449,0.52666932537097
Pseudodiploria180454,-0.0943687809402356
Pseudodiploria180455,-0.78340930310988
Pseudodiploria180458,0.20695415748867
Pseudodiploria180463,0.0612312247660457
Pseudodiploria180464,-0.859589510084009
Pseudodiploria180465,0.670954888927944
Pseudodiploria180473,0.209622845802604
Pseudodiploria180474,0.128536968043818
Pseudodiploria180479,-0.291293991091838
Pseudodiploria180482,0.599446289498791
Pseudodiploria180483,0.390522661046196
Pseudodiploria180487,-0.0313501615120264
Pseudodiploria180488,0.101724270606967
Pseudodiploria180489,-0.358674791593422
Pseudodiploria180499,0.327662400602629
Pseudodiploria180502,0.200463246697329
Pseudodiploria180504,-0.553736690949084
Pseudodiploria180506,0.110442881891019
Pseudodiploria180509,-0.307085616889718
Pseudodiploria180510,-0.169166529345936
Pseudodiploria180513,0.114748233818711
Pseudodiploria180514,0.6495919320869
Pseudodiploria180515,-0.26137047992489
Pseudodiploria180518,0.351547382021581
Pseudodiploria180520,-0.777793467933772
Pseudodiploria180523,1.05566408387824
Pseudodiploria180537,0.698201114428279
Pseudodiploria180538,-0.169959611951873
Pseudodiploria180539,1.70302232846059
Pseudodiploria180540,0.439891104390134
Pseudodiploria180542,0.855855231032431
Pseudodiploria180546,-0.158136708545516
Pseudodiploria180549,0.107081494166106
Pseudodiploria180554,0.16157160881562
Pseudodiploria180560,-0.232011447469164
Pseudodiploria180566,-0.269944326870726
Pseudodiploria180570,0.677110035234929
Pseudodiploria180572,0.0229183200383575
Pseudodiploria180573,-0.174702204927879
Pseudodiploria180574,0.652306885797081
Pseudodiploria180575,-0.100748362435855
Pseudodiploria180576,0.438640581959403
Pseudodiploria180578,0.683512055588269
Pseudodiploria180579,-0.267997699040005
Pseudodiploria180594,0.1600959958448
Pseudodiploria180604,0.300547717662327
Pseudodiploria180609,0.198802513909156
Pseudodiploria180610,0.745281555560844
Pseudodiploria180611,0.352364244523458
Pseudodiploria180613,-0.130127836312837
Pseudodiploria180615,0.0269284839016321
Pseudodiploria180619,0.159311694360618
Pseudodiploria180620,-0.00267201775694554
Pseudodiploria180621,0.183163895757132
Pseudodiploria180622,0.32482654193952
Pseudodiploria180624,0.24529228973615
Pseudodiploria180628,-0.226140789547897
Pseudodiploria180629,-0.126815250949825
Pseudodiploria180630,0.595113374515688
Pseudodiploria180638,-0.139553220426667
Pseudodiploria180642,0.643946184382003
Pseudodiploria180645,-0.354745024359122
Pseudodiploria180649,-0.153877496887401
Pseudodiploria180650,0.421872277715544
Pseudodiploria180651,0.0985061319915665
Pseudodiploria180653,-0.346257857876669
Pseudodiploria180657,1.31893627039855
Pseudodiploria180661,0.185454951853129
Pseudodiploria180663,0.332777573893553
Pseudodiploria180666,-0.376248224029484
Pseudodiploria180668,0.34228939266541
Pseudodiploria180671,0.262242111521831
Pseudodiploria180674,0.142601279319057
Pseudodiploria180677,0.179901241754784
Pseudodiploria180680,-0.509839649131135
Pseudodiploria180685,0.635887651001614
Pseudodiploria180686,0.953334477587678
Pseudodiploria180691,0.380420368216394
Pseudodiploria180693,-0.160040034154305
Pseudodiploria180694,-0.0193574392576915
Pseudodiploria180701,0.171436454261866
Pseudodiploria180703,0.183089424976326
Pseudodiploria180719,-0.193524514424803
Pseudodiploria180720,0.256873510559454
Pseudodiploria180721,-0.203588345708566
Pseudodiploria180723,0.0642487413282545
Pseudodiploria180724,1.13370459684304
Pseudodiploria180725,0.384814367997991
Pseudodiploria180728,0.384793220335015
Pseudodiploria180731,0.694045451140835
Pseudodiploria180734,0.202652872668983
Pseudodiploria180737,-0.279589235980162
Pseudodiploria180739,0.39997418271833
Pseudodiploria180740,0.0926821129062176
Pseudodiploria180741,-0.664049233312923
Pseudodiploria180744,-0.540251552104799
Pseudodiploria180747,0.00238168571282903
Pseudodiploria180753,-0.166548878919379
Pseudodiploria180754,0.404076596848212
Pseudodiploria180759,0.143179741346057
Pseudodiploria180760,0.831600961802057
Pseudodiploria180761,0.602123365770033
Pseudodiploria180766,0.461393040636531
Pseudodiploria180775,0.399736181922445
Pseudodiploria180776,0.0146297128599671
Pseudodiploria180782,0.0258027041346945
Pseudodiploria180786,-0.119866654357993
Pseudodiploria180794,0.143636971052556
Pseudodiploria180795,0.126041626202498
Pseudodiploria180801,0.152066877074562
Pseudodiploria180802,-0.495837122838478
Pseudodiploria180807,-0.257362287957966
Pseudodiploria180808,0.471554939591355
Pseudodiploria180813,-0.129790421105143
Pseudodiploria180818,-0.17286497296225
Pseudodiploria180821,-0.0988830269582568
Pseudodiploria180822,0.160240236296638
Pseudodiploria180826,0.324668609465521
Pseudodiploria180828,0.214257860867087
Pseudodiploria180835,0.273314758895115
Pseudodiploria180837,-0.603910566613518
Pseudodiploria180838,-0.176593330731522
Pseudodiploria180839,1.16892435346269
Pseudodiploria180843,-0.0153573217411949
Pseudodiploria180846,0.337801757186605
Pseudodiploria180848,0.574707874030007
Pseudodiploria180851,0.0841964169309203
Pseudodiploria180860,-0.068804887781917
Pseudodiploria180866,0.226659207491391
Pseudodiploria180868,0.10546299508148
Pseudodiploria180869,0.581129620734625
Pseudodiploria180870,0.752671308697981
Pseudodiploria180876,-0.736866493964316
Pseudodiploria180877,-0.351929723569639
Pseudodiploria180887,0.16182435218708
Pseudodiploria180888,-0.190971499187766
Pseudodiploria180889,0.066945706781197
Pseudodiploria180891,-1.1053217939824
Pseudodiploria180892,0.103267297934407
Pseudodiploria180894,-0.246920234120396
Pseudodiploria180897,2.12802973250402
Pseudodiploria180907,-0.178285561368529
Pseudodiploria180911,0.263886912334659
Pseudodiploria180915,-0.0324014876072178
Pseudodiploria180916,0.0940888337753219
Pseudodiploria180918,-0.0137799117872531
Pseudodiploria180924,-0.263561602957477
Pseudodiploria180928,0.417055145934614
Pseudodiploria180929,-0.0832590984600827
Pseudodiploria180934,-0.839216851299245
Pseudodiploria180935,0.0347036903377971
Pseudodiploria180939,-0.1208287509048
Pseudodiploria180940,0.157886699738481
Pseudodiploria180941,-0.331150394203102
Pseudodiploria180945,0.148368571197818
Pseudodiploria180948,0.0619080803160557
Pseudodiploria180950,0.309611981271201
Pseudodiploria180953,0.039330856276853
Pseudodiploria180954,0.250464354012005
Pseudodiploria180955,-0.0153566490287208
Pseudodiploria180956,0.277000272661596
Pseudodiploria180957,-0.684877821191427
Pseudodiploria180964,0.126875842558981
Pseudodiploria180969,0.147720368786912
Pseudodiploria180970,0.313198819531968
Pseudodiploria180973,-0.787139349921526
Pseudodiploria180974,0.137415956285762
Pseudodiploria180975,0.291875151252156
Pseudodiploria180976,0.491241986226281
Pseudodiploria180980,0.440955442017156
Pseudodiploria180982,0.323622063309509
Pseudodiploria180984,0.34451758818817
Pseudodiploria180988,-0.445551476784712
Pseudodiploria180991,-0.387744268996762
Pseudodiploria180993,-0.0114950568874501
Pseudodiploria180994,0.0518546040438486
Pseudodiploria180997,0.210162515158423
Pseudodiploria180998,1.54297473477397
Pseudodiploria180999,0.329344973537989
Pseudodiploria181001,0.408930564455608
Pseudodiploria181002,0.488028064950977
Pseudodiploria181009,0.159198053188143
Pseudodiploria181010,-0.418356064650946
Pseudodiploria181011,0.201156073576965
Pseudodiploria181014,0.573842542023226
Pseudodiploria181018,0.118410438661597
Pseudodiploria181019,-0.0265271077002774
Pseudodiploria181020,0.967871303679265
Pseudodiploria181021,0.0884705038389762
Pseudodiploria181026,0.543473664459076
Pseudodiploria181032,0.0541201642948944
Pseudodiploria181035,0.257982254093622
Pseudodiploria181036,-0.496976353780203
Pseudodiploria181039,0.00139756452600646
Pseudodiploria181042,-0.717769529542257
Pseudodiploria181043,0.296537861014118
Pseudodiploria181046,0.0228497657034275
Pseudodiploria181048,-1.24299783930844
Pseudodiploria181049,-0.0223458982408173
Pseudodiploria181055,0.00369660302343395
Pseudodiploria181056,-0.16321547512545
Pseudodiploria181060,0.967981926424503
Pseudodiploria181062,0.197790644294222
Pseudodiploria181063,0.267642374428586
Pseudodiploria181065,0.562659496054906
Pseudodiploria181066,-0.0207443273208226
Pseudodiploria181072,0.175565282279418
Pseudodiploria181082,0.764467223799789
Pseudodiploria181083,-0.345308672623695
Pseudodiploria181084,0.112236497735822
Pseudodiploria181088,0.394602323741716
Pseudodiploria181089,-0.0215784472209773
Pseudodiploria181091,0.197341036094406
Pseudodiploria181096,0.45518415293042
Pseudodiploria181102,-0.264947916870397
Pseudodiploria181105,-0.581599521853091
Pseudodiploria181106,-0.823390214303281
Pseudodiploria181110,0.316571434656378
Pseudodiploria181115,0.423860364504319
Pseudodiploria181116,-0.354293899017694
Pseudodiploria181122,-0.899977691398368
Pseudodiploria181123,-0.701708452541332
Pseudodiploria181124,0.1284080881521
Pseudodiploria181133,-0.595799121579834
Pseudodiploria181136,-0.328500825912387
Pseudodiploria181140,0.926560659090927
Pseudodiploria181143,0.0204038822826652
Pseudodiploria181147,0.126481711430214
Pseudodiploria181149,-0.409185639672346
Pseudodiploria181150,0.464764848205226
Pseudodiploria181152,0.0622665196939427
Pseudodiploria181153,0.0595874643754396
Pseudodiploria181154,-0.122563190869813
Pseudodiploria181157,-0.526621530117807
Pseudodiploria181158,1.24577029692832
Pseudodiploria181160,-0.00977947663138145
Pseudodiploria181165,-0.00835958903626718
Pseudodiploria181168,0.232290093909437
Pseudodiploria181170,0.0158883026143095
Pseudodiploria181173,-0.0209673839591783
Pseudodiploria181176,-0.544829301182602
Pseudodiploria181179,0.468774202433365
Pseudodiploria181180,0.0911581498262185
Pseudodiploria181181,0.496725193419354
Pseudodiploria181184,-0.323786656964497
Pseudodiploria181186,0.238555334480842
Pseudodiploria181188,-0.747664881964483
Pseudodiploria181190,-0.00681388325460862
Pseudodiploria181191,-0.296299193214856
Pseudodiploria181192,-0.595086124308725
Pseudodiploria181202,0.106504252506263
Pseudodiploria181204,0.357841491175541
Pseudodiploria181205,-0.338311270774366
Pseudodiploria181208,-0.236257076726123
Pseudodiploria181211,-0.290049651505526
Pseudodiploria181212,-0.163965340890992
Pseudodiploria181214,-0.637292945875277
Pseudodiploria181216,0.425815861275854
Pseudodiploria181217,-0.0672239382823329
Pseudodiploria181223,-0.174750282161682
Pseudodiploria181225,-0.818077593514378
Pseudodiploria181228,-0.243548808353458
Pseudodiploria181232,-0.494699390167162
Pseudodiploria181233,-0.367993219943622
Pseudodiploria181236,0.593792097686901
Pseudodiploria181237,-0.675563057404659
Pseudodiploria181238,-0.759953372242647
Pseudodiploria181245,-0.776084415211058
Pseudodiploria181251,0.48783352458136
Pseudodiploria181253,0.776523993144208
Pseudodiploria181257,0.173974985311788
Pseudodiploria181258,-0.654813523133574
Pseudodiploria181262,0.222361094682396
Pseudodiploria181263,-0.582503915149717
Pseudodiploria181266,-0.169171641005218
Pseudodiploria181267,1.85946584279781
Pseudodiploria181271,0.124455387250816
Pseudodiploria181273,0.13245353539587
Pseudodiploria181274,-0.282342444632901
Pseudodiploria181277,0.196508929990297
Pseudodiploria181278,0.288864915024678
Pseudodiploria181280,1.24786467139712
Pseudodiploria181283,-0.0944019981380185
Pseudodiploria181289,0.415928877444262
Pseudodiploria181291,-0.570891999610824
Pseudodiploria181293,-0.224273969341601
Pseudodiploria181298,-0.644323213463754
Pseudodiploria181302,0.119102359681182
Pseudodiploria181303,0.763594090396811
Pseudodiploria181306,1.05108321413803
Pseudodiploria181311,0.120662666158104
Pseudodiploria181312,-0.489475987555242
Pseudodiploria181319,-0.0735534629209465
Pseudodiploria181322,0.693315989486483
Pseudodiploria181323,-0.173081712465914
Pseudodiploria181324,0.791664586462698
Pseudodiploria181328,0.822861123704552
Pseudodiploria181332,0.431352928719791
Pseudodiploria181333,0.0271437618012007
Pseudodiploria181334,0.3082649637753
Pseudodiploria181337,0.317686485880898
Pseudodiploria181340,0.310338518999685
Pseudodiploria181342,0.357966276075078
Pseudodiploria181345,0.201369393533741
Pseudodiploria181347,0.610043556273519
Pseudodiploria181352,-0.0739176481548578
Pseudodiploria181353,-0.68950016719151
Pseudodiploria181357,-0.19746122995566
Pseudodiploria181360,0.100334590995481
Pseudodiploria181361,-0.25491745744857
Pseudodiploria181362,-0.199734920713289
Pseudodiploria181363,-0.116143544119568
Pseudodiploria181365,-0.300264747857101
Pseudodiploria181369,-1.02743990963497
Pseudodiploria181371,0.555039250091619
Pseudodiploria181375,0.211334092277917
Pseudodiploria181376,-0.17872870432721
Pseudodiploria181377,-0.0273448271137618
Pseudodiploria181378,-0.177150566755588
Pseudodiploria181379,-0.494824779147033
Pseudodiploria181380,0.46967166138735
Pseudodiploria181381,0.370216192127466
Pseudodiploria181382,0.247959335026671
Pseudodiploria181384,-0.255100591693291
Pseudodiploria181386,0.0856262380961074
Pseudodiploria181389,0.0743844917362642
Pseudodiploria181392,0.370831251375541
Pseudodiploria181394,0.475607920042681
Pseudodiploria181395,-0.599379400025996
Pseudodiploria181399,0.300273608564054
Pseudodiploria181400,-0.689589429285481
Pseudodiploria181408,-0.866752822763721
Pseudodiploria181409,-0.464432921575621
Pseudodiploria181412,0.239062165199463
Pseudodiploria181415,-0.500871899735673
Pseudodiploria181417,0.696837195920425
Pseudodiploria181422,-0.0745924334915002
Pseudodiploria181423,-0.033623788929716
Pseudodiploria181428,0.475481525869847
Pseudodiploria181429,-0.441843603769501
Pseudodiploria181430,-0.112715403117292
Pseudodiploria181433,0.432748124852163
Pseudodiploria181434,-0.317152516676623
Pseudodiploria181435,0.697489389061985
Pseudodiploria181436,-0.33386456804602
Pseudodiploria181448,0.0446075129795485
Pseudodiploria181450,0.508049740513624
Pseudodiploria181452,-0.0859247256914829
Pseudodiploria181454,-0.108653680283285
Pseudodiploria181461,-0.0923615133259684
Pseudodiploria181466,-0.0752578152613486
Pseudodiploria181467,1.24964096952093
Pseudodiploria181471,-2.01153684125489
Pseudodiploria181473,0.121467819844312
Pseudodiploria181479,0.178853438763479
Pseudodiploria181480,0.0322443540826619
Pseudodiploria181483,0.0782957147674379
Pseudodiploria181488,0.215938983311292
Pseudodiploria181489,0.266918358542468
Pseudodiploria181490,-0.0636426053887919
Pseudodiploria181492,0.175842338780713
Pseudodiploria181493,-0.278701041258218
Pseudodiploria181498,0.370909880813634
Pseudodiploria181500,-0.539571449264254
Pseudodiploria181501,-0.280241915083416
Pseudodiploria181504,-0.603849682461705
Pseudodiploria181505,-0.296570162766448
Pseudodiploria181510,-0.138089128104809
Pseudodiploria181513,-0.14619627019102
Pseudodiploria181514,-0.256596831556278
Pseudodiploria181517,-0.237996323423332
Pseudodiploria181523,-0.187525093914374
Pseudodiploria181525,-0.574471338073414
Pseudodiploria181527,0.0289517375773555
Pseudodiploria181531,0.313582650263997
Pseudodiploria181534,0.604376848196096
Pseudodiploria181537,-0.614738267733659
Pseudodiploria181540,-0.0867823342874632
Pseudodiploria181541,0.147196151524274
Pseudodiploria181543,0.870551416658818
Pseudodiploria181544,0.100870544819384
Pseudodiploria181545,-0.0167802522926888
Pseudodiploria181546,0.130727530009115
Pseudodiploria181550,-0.276191066818795
Pseudodiploria181551,0.580427412848494
Pseudodiploria181552,0.155566494059218
Pseudodiploria181556,-0.0949622233138784
Pseudodiploria181558,-0.217958337486497
Pseudodiploria181560,-0.384261657257737
Pseudodiploria181565,0.69192832461404
Pseudodiploria181566,-0.349679116144459
Pseudodiploria181567,-0.0779594332759073
Pseudodiploria181569,0.0053362530539471
Pseudodiploria181570,-0.541744253142429
Pseudodiploria181571,0.919866865915802
Pseudodiploria181575,0.0923816134648768
Pseudodiploria181577,-0.332117846433364
Pseudodiploria181580,-0.281541270678837
Pseudodiploria181581,0.071996093615312
Pseudodiploria181582,0.282131236075482
Pseudodiploria181584,0.286761892015311
Pseudodiploria181585,0.245810678143527
Pseudodiploria181586,1.07930004522361
Pseudodiploria181589,-0.739083547930924
Pseudodiploria181596,-0.129890213241146
Pseudodiploria181600,-0.882787003766312
Pseudodiploria181603,0.242578315522752
Pseudodiploria181604,-0.325246497792693
Pseudodiploria181614,-0.101480043305782
Pseudodiploria181616,0.0267156988612867
Pseudodiploria181618,0.83935593311165
Pseudodiploria181619,-0.0266270894406669
Pseudodiploria181621,-0.0389630635481574
Pseudodiploria181622,0.140960927525373
Pseudodiploria181628,0.329163887827347
Pseudodiploria181630,0.587364238875354
Pseudodiploria181632,0.192990574257273
Pseudodiploria181634,-0.657795507513745
Pseudodiploria181638,0.00446079137522487
Pseudodiploria181639,1.47191402250538
Pseudodiploria181644,-0.0100184533346799
Pseudodiploria181646,1.1069616787243
Pseudodiploria181648,-0.573409535571005
Pseudodiploria181649,0.0480106654175241
Pseudodiploria181652,-0.27253642772935
Pseudodiploria181654,-0.35600030479809
Pseudodiploria181656,0.46285365034243
Pseudodiploria181664,0.130165665105641
Pseudodiploria181671,0.365627479005487
Pseudodiploria181673,-0.371366654857796
Pseudodiploria181677,-0.0637724195778768
Pseudodiploria181679,0.687664888323732
Pseudodiploria181684,-0.249790190708017
Pseudodiploria181685,0.0119486567317571
Pseudodiploria181687,0.200668182372515
Pseudodiploria181689,-0.957495233935706
Pseudodiploria181691,0.642146065071915
Pseudodiploria181692,-0.108612753029805
Pseudodiploria181699,-0.0711797467438168
Pseudodiploria181707,-0.576795853240977
Pseudodiploria181709,0.461883150609817
Pseudodiploria181711,-0.138625432203557
Pseudodiploria181716,-0.0371030816607036
Pseudodiploria181717,-0.0291772142412564
Pseudodiploria181719,-0.164827757982292
Pseudodiploria181723,-0.00868391131886693
Pseudodiploria181724,-0.118374094639782
Pseudodiploria181725,-0.205954440445479
Pseudodiploria181727,-0.218902087414856
Pseudodiploria181728,-0.114445410653416
Pseudodiploria181729,0.292601267029556
Pseudodiploria181732,-0.003457225598917
Pseudodiploria181734,0.210154304319982
Pseudodiploria181743,-0.0279246748104384
Pseudodiploria181754,-0.120483024348907
Pseudodiploria181757,-0.0940695423537129
Pseudodiploria181759,1.50492599178398
Pseudodiploria181761,0.131079764129278
Pseudodiploria181764,0.303741277890656
Pseudodiploria181766,-0.0748308197183532
Pseudodiploria181769,-0.395436520089339
Pseudodiploria181771,-0.361441530305843
Pseudodiploria181775,0.262685635435606
Pseudodiploria181779,0.571602643712678
Pseudodiploria181785,0.54523163147277
Pseudodiploria181788,0.240378374166615
Pseudodiploria181789,0.455170689383762
Pseudodiploria181790,-1.55126739402031
Pseudodiploria181795,-0.0508861643822917
Pseudodiploria181796,0.688642895906884
Pseudodiploria181798,0.443212739318933
Pseudodiploria181799,1.2646518746056
Pseudodiploria181803,-0.0780185004349228
Pseudodiploria181814,-0.390497901967732
Pseudodiploria181815,-0.133428931876637
Pseudodiploria181820,-0.0954575515604008
Pseudodiploria181822,0.20965645009822
Pseudodiploria181823,0.323408176777027
Pseudodiploria181824,-0.528295441618716
Pseudodiploria181826,0.0774270759020464
Pseudodiploria181828,-1.15040728462033
Pseudodiploria181831,0.209934300350315
Pseudodiploria181834,0.109107453148398
Pseudodiploria181835,-0.0590925464870314
Pseudodiploria181836,-0.789092685117412
Pseudodiploria181838,0.976117476166057
Pseudodiploria181840,0.336543558993851
Pseudodiploria181845,0.29074838422383
Pseudodiploria181847,-0.634075787108421
Pseudodiploria181850,0.000781566069130781
Pseudodiploria181852,-0.0124397523904082
Pseudodiploria181856,-0.635228537273572
Pseudodiploria181859,-0.147922123604754
Pseudodiploria181860,-0.196118033502452
Pseudodiploria181865,0.973451296963507
Pseudodiploria181877,0.340409607228551
Pseudodiploria181878,0.184575238902107
Pseudodiploria181886,-1.55872447813116
Pseudodiploria181897,0.111014317644217
Pseudodiploria181898,0.457641021152561
Pseudodiploria181903,0.211252767938466
Pseudodiploria181908,-0.0456306527718566
Pseudodiploria181913,-0.151948022508801
Pseudodiploria181915,-0.839051485577423
Pseudodiploria181916,0.16215117871661
Pseudodiploria181917,-0.557095772473971
Pseudodiploria181918,0.718471418900635
Pseudodiploria181920,0.275981298674913
Pseudodiploria181922,0.0830767820891629
Pseudodiploria181923,-0.259746700412204
Pseudodiploria181924,-0.0021839207711997
Pseudodiploria181928,0.112597481061109
Pseudodiploria181929,0.0599089669920444
Pseudodiploria181932,-0.357509864661716
Pseudodiploria181934,-0.245190903346198
Pseudodiploria181935,-1.24280730713822
Pseudodiploria181938,-0.218897536267156
Pseudodiploria181944,-0.603216925574559
Pseudodiploria181945,-1.16901487069023
Pseudodiploria181949,0.591688778829078
Pseudodiploria181953,0.220739715682335
Pseudodiploria181954,-0.18624410646277
Pseudodiploria181958,0.361107617378216
Pseudodiploria181961,-0.318484971932386
Pseudodiploria181963,-0.243263194714071
Pseudodiploria181965,0.0401950224218294
Pseudodiploria181966,-0.970405056006677
Pseudodiploria181968,-0.142235149106494
Pseudodiploria181969,-0.211217561558161
Pseudodiploria181970,-0.404613433993544
Pseudodiploria181971,0.631028705335403
Pseudodiploria181974,-0.168936804248265
Pseudodiploria181978,0.0113606121796681
Pseudodiploria181980,-0.242155806836354
Pseudodiploria181982,0.0252419987169077
Pseudodiploria181986,1.09866356869812
Pseudodiploria181987,-0.227377681572419
Pseudodiploria181988,0.100188662174302
Pseudodiploria181989,-0.168211635548827
Pseudodiploria181993,-0.577323223628268
Pseudodiploria181995,-0.179215066677686
Pseudodiploria181996,-0.368119961837311
Pseudodiploria181999,-1.18476733483689
Pseudodiploria182003,0.3329920178823
Pseudodiploria182004,0.133601829058866
Pseudodiploria182005,0.0730003736068081
Pseudodiploria182006,-0.323666361023214
Pseudodiploria182008,-0.137828884623553
Pseudodiploria182010,-0.0772419691393402
Pseudodiploria182014,-0.175869813705819
Pseudodiploria182019,-0.090030581059527
Pseudodiploria182020,-0.0454960157847356
Pseudodiploria182021,0.137390414657566
Pseudodiploria182024,0.262961487810338
Pseudodiploria182026,0.878620074459509
Pseudodiploria182027,0.338588185678279
Pseudodiploria182030,0.0876528566608455
Pseudodiploria182032,0.0553830080289056
Pseudodiploria182035,0.76213881133511
Pseudodiploria182039,-0.462009095198409
Pseudodiploria182041,0.109783053961218
Pseudodiploria182042,-0.284495710058246
Pseudodiploria182045,0.831714527418751
Pseudodiploria182047,0.148229521607546
Pseudodiploria182058,0.350642624663668
Pseudodiploria182065,0.0826861275857189
Pseudodiploria182066,-0.209063746957199
Pseudodiploria182067,0.136363437052947
Pseudodiploria182070,0.955341700525275
Pseudodiploria182074,0.209665932446661
Pseudodiploria182076,-0.186107707472793
Pseudodiploria182077,-0.279583696085741
Pseudodiploria182080,-0.0150623478249819
Pseudodiploria182085,-0.163429797852187
Pseudodiploria182086,0.516149244309113
Pseudodiploria182092,-0.337811269264849
Pseudodiploria182095,0.875082393590142
Pseudodiploria182096,1.16716749054168
Pseudodiploria182097,-0.476902111774301
Pseudodiploria182098,0.756028403477418
Pseudodiploria182101,-0.593117613178825
Pseudodiploria182102,0.26440908404588
Pseudodiploria182104,-0.561296500971967
Pseudodiploria182109,-1.89556192609712
Pseudodiploria182110,0.0921167174456588
Pseudodiploria182111,-0.266125198216816
Pseudodiploria182116,0.0829102994666667
Pseudodiploria182118,-0.401427792045372
Pseudodiploria182119,0.944925484180179
Pseudodiploria182124,-0.581739207985199
Pseudodiploria182128,-0.320441933065588
Pseudodiploria182129,0.128811960166045
Pseudodiploria182130,-1.2538840687065
Pseudodiploria182131,0.103804673688993
Pseudodiploria182132,-0.689238260151494
Pseudodiploria182135,-0.198454974126975
Pseudodiploria182137,0.315525089845348
Pseudodiploria182150,0.26209190624681
Pseudodiploria182152,-0.855559081185209
Pseudodiploria182155,-0.523411264216608
Pseudodiploria182160,-0.316179637945781
Pseudodiploria182162,0.0188205651294349
Pseudodiploria182163,0.199165412239982
Pseudodiploria182166,0.101023942631742
Pseudodiploria182168,0.163569963617968
Pseudodiploria182172,0.887200813721361
Pseudodiploria182173,0.244628059467098
Pseudodiploria182178,0.0580843293588519
Pseudodiploria182180,0.247350467942168
Pseudodiploria182182,0.116602516151685
Pseudodiploria182186,0.0114565977344191
Pseudodiploria182188,-0.16298915128401
Pseudodiploria182193,0.345966953155596
Pseudodiploria182194,0.478455498865098
Pseudodiploria182195,0.212899023137383
Pseudodiploria182196,0.255460097976564
Pseudodiploria182197,-0.214620922901794
Pseudodiploria182201,0.533124492570334
Pseudodiploria182206,0.0383257796919792
Pseudodiploria182209,0.308235268838252
Pseudodiploria182210,0.00164563444876154
Pseudodiploria182212,0.315558162049181
Pseudodiploria182215,0.875856348077134
Pseudodiploria182216,-1.10074116606559
Pseudodiploria182217,-0.115415846981065
Pseudodiploria182219,-0.0532264539986802
Pseudodiploria182220,-0.953826803421082
Pseudodiploria182229,-0.353989494934162
Pseudodiploria182230,-0.260781252587584
Pseudodiploria182232,0.0150247560908181
Pseudodiploria182235,0.409289756445884
Pseudodiploria182237,0.323661345472194
Pseudodiploria182239,-0.295795976204675
Pseudodiploria182240,0.478027917099259
Pseudodiploria182241,0.239076444333962
Pseudodiploria182244,0.669108429113751
Pseudodiploria182249,0.218285367505687
Pseudodiploria182253,-0.632577992245201
Pseudodiploria182254,0.280209518115202
Pseudodiploria182255,-0.296787336511322
Pseudodiploria182259,-0.0846649836871298
Pseudodiploria182266,-0.382098148669895
Pseudodiploria182268,-0.484955724115599
Pseudodiploria182271,0.861135471209941
Pseudodiploria182276,0.331517234776925
Pseudodiploria182279,0.446533087565056
Pseudodiploria182280,0.607701871627077
Pseudodiploria182281,0.678763591114174
Pseudodiploria182285,0.664546782876874
Pseudodiploria182286,-0.645783993987006
Pseudodiploria182288,-0.570583011551938
Pseudodiploria182291,-0.830583128465217
Pseudodiploria182292,0.107754479670152
Pseudodiploria182294,0.286412270376636
Pseudodiploria182295,-0.480557457497537
Pseudodiploria182297,0.170677339403518
Pseudodiploria182302,0.440856554505722
Pseudodiploria182304,-0.418378916772977
Pseudodiploria182311,0.412177590709417
Pseudodiploria182312,-0.38286106579872
Pseudodiploria182317,0.214979453076685
Pseudodiploria182320,0.842790325705013
Pseudodiploria182325,-0.0059704385150651
Pseudodiploria182326,-0.0281663218255982
Pseudodiploria182330,0.307061025262587
Pseudodiploria182334,0.21857332463048
Pseudodiploria182336,0.362030743002462
Pseudodiploria182337,0.0251305265846859
Pseudodiploria182338,-1.26073800600169
Pseudodiploria182344,0.417824762388209
Pseudodiploria182345,0.833058969320872
Pseudodiploria182351,0.4867306561318
Pseudodiploria182352,-0.00226878977717379
Pseudodiploria182358,-0.433775532680832
Pseudodiploria182359,-0.430720709777808
Pseudodiploria182360,-0.232598101587559
Pseudodiploria182366,-0.211344785764774
Pseudodiploria182367,-0.241674505285463
Pseudodiploria182371,-0.618268617412468
Pseudodiploria182373,-0.675957067750182
Pseudodiploria182374,0.518343161217883
Pseudodiploria182375,1.078961441656
Pseudodiploria182376,1.28328265742727
Pseudodiploria182383,-0.477458913080257
Pseudodiploria182385,-0.488645718581488
Pseudodiploria182386,0.265242163625795
Pseudodiploria182387,0.453688879015651
Pseudodiploria182391,-0.234484389589935
Pseudodiploria182399,-0.257217235655984
Pseudodiploria182408,0.023741428783965
Pseudodiploria182411,-0.102473298616734
Pseudodiploria182412,-0.196149734221751
Pseudodiploria182418,0.181256825943986
Pseudodiploria182422,-0.52212921378094
Pseudodiploria182428,0.0810977738582744
Pseudodiploria182430,0.0487552893025917
Pseudodiploria182431,-0.137180687349284
Pseudodiploria182433,0.361564755212331
Pseudodiploria182436,-0.0600084751534156
Pseudodiploria182438,-0.51449430122683
Pseudodiploria182439,-0.238408137727544
Pseudodiploria182441,0.398987119083053
Pseudodiploria182445,0.0649866331953613
Pseudodiploria182448,0.0772421663781954
Pseudodiploria182449,1.58481785150019
Pseudodiploria182452,0.027514626584623
Pseudodiploria182453,-0.225046929555199
Pseudodiploria182454,-0.320276559190809
Pseudodiploria182457,-0.554747082937628
Pseudodiploria182460,0.0633249444809949
Pseudodiploria182461,0.699947993636305
Pseudodiploria182464,-0.657968615205204
Pseudodiploria182465,-0.717294775870883
Pseudodiploria182469,0.064670043315009
Pseudodiploria182471,0.427528767586928
Pseudodiploria182472,-0.237411734533612
Pseudodiploria182473,-0.74745419118017
Pseudodiploria182475,0.803196709978209
Pseudodiploria182480,0.692407346185117
Pseudodiploria182481,-1.77617686761352
Pseudodiploria182482,0.478255139912241
Pseudodiploria182488,1.5102179543005
Pseudodiploria182489,0.263061023030622
Pseudodiploria182499,-0.0406302871623299
Pseudodiploria182500,0.329251319153232
Pseudodiploria182501,1.36997461945313
Pseudodiploria182505,0.466983709124094
Pseudodiploria182509,-0.196656403537999
Pseudodiploria182518,0.291869418815158
Pseudodiploria182528,0.0929942540000261
Pseudodiploria182533,0.215856175378604
Pseudodiploria182534,-0.806171339657033
Pseudodiploria182546,-1.11917815510375
Pseudodiploria182547,0.206273413475153
Pseudodiploria182548,0.0686138195704374
Pseudodiploria182550,0.20846934073115
Pseudodiploria182551,-0.0508963806579626
Pseudodiploria182552,0.208273492043382
Pseudodiploria182553,0.328157610608949
Pseudodiploria182556,-0.294052833766025
Pseudodiploria182559,-0.254524207932857
Pseudodiploria182560,-0.397043964785496
Pseudodiploria182562,0.803851466824966
Pseudodiploria182568,0.0130609231045906
Pseudodiploria182569,0.334361382758365
Pseudodiploria182570,-1.09974619414942
Pseudodiploria182571,1.35245162292713
Pseudodiploria182573,0.211469300813228
Pseudodiploria182577,0.0546499180641573
Pseudodiploria182578,0.113326890784739
Pseudodiploria182580,0.0952017938959904
Pseudodiploria182581,-0.191747079218314
Pseudodiploria182584,-0.0341925414942317
Pseudodiploria182586,0.611554937849263
Pseudodiploria182587,-0.11199728220464
Pseudodiploria182591,0.027434909342774
Pseudodiploria182594,0.0258002200236006
Pseudodiploria182595,0.513774267900648
Pseudodiploria182599,0.0254053507650475
Pseudodiploria182600,-0.304759016211084
Pseudodiploria182603,-0.0949978983862112
Pseudodiploria182605,-0.321314499899024
Pseudodiploria182607,0.600710960146687
Pseudodiploria182611,-0.660199324496885
Pseudodiploria182612,-0.253453768451512
Pseudodiploria182621,0.0740120621171977
Pseudodiploria182623,0.368439593439296
Pseudodiploria182626,-0.268554776578051
Pseudodiploria182627,0.580458248979887
Pseudodiploria182628,0.0616638904917104
Pseudodiploria182629,1.47681413672703
Pseudodiploria182630,0.558410806019708
Pseudodiploria182637,-0.493186936996724
Pseudodiploria182644,0.470907863589779
Pseudodiploria182645,-0.382409224533792
Pseudodiploria182652,-0.374251105994981
Pseudodiploria182653,-0.314160012766448
Pseudodiploria182660,-0.353841398039911
Pseudodiploria182661,0.524063834159017
Pseudodiploria182664,0.516301699121937
Pseudodiploria182665,0.128508510201704
Pseudodiploria182667,0.13719526789362
Pseudodiploria182668,0.276961135305772
Pseudodiploria182672,0.255507815867683
Pseudodiploria182688,0.111803227285965
Pseudodiploria182690,0.234907477787542
Pseudodiploria182691,-2.08232673801283
Pseudodiploria182693,1.47181415800312
Pseudodiploria182694,0.628359684538526
Pseudodiploria182695,0.251206535939425
Pseudodiploria182703,-0.00738291576256202
Pseudodiploria182707,-0.464311166858607
Pseudodiploria182712,0.546571751043088
Pseudodiploria182716,0.156070949400493
Pseudodiploria182727,0.47144956496211
Pseudodiploria182728,-0.477199554769462
Pseudodiploria182729,0.660257578846661
Pseudodiploria182730,0.151456955640577
Pseudodiploria182732,-0.562081378140205
Pseudodiploria182739,-0.175922873444155
Pseudodiploria182743,0.197990296660417
Pseudodiploria182744,-0.163327065053077
Pseudodiploria182747,-0.128844174726451
Pseudodiploria182754,-0.57142143881149
Pseudodiploria182758,-1.54210421261958
Pseudodiploria182760,-0.489894162908919
Pseudodiploria182765,-0.13465119661226
Pseudodiploria182767,-0.0469499189480552
Pseudodiploria182771,-0.00674337660376358
Pseudodiploria182772,-0.363620885351416
Pseudodiploria182775,-0.250556058293735
Pseudodiploria182776,-0.295599731161151
Pseudodiploria182779,-0.214532949687535
Pseudodiploria182783,-2.27033929156786
Pseudodiploria182787,-0.24812443141673
Pseudodiploria182788,-0.61481551361706
Pseudodiploria182789,0.00503806078509215
Pseudodiploria182792,0.567402336303098
Pseudodiploria182795,0.635024187888163
Pseudodiploria182797,0.258815297511834
Pseudodiploria182799,0.25386366274294
Pseudodiploria182800,0.106669072942949
Pseudodiploria182801,0.452616386601132
Pseudodiploria182802,0.170277198997457
Pseudodiploria182809,-0.147146590502245
Pseudodiploria182812,0.303220660485883
Pseudodiploria182814,-0.0622181484036791
Pseudodiploria182818,-0.00513309172520708
Pseudodiploria182819,0.933446900706724
Pseudodiploria182821,0.279027056316395
Pseudodiploria182822,-0.163591301974654
Pseudodiploria182824,0.224786273533604
Pseudodiploria182825,0.249271900771965
Pseudodiploria182826,0.583453353703635
Pseudodiploria182828,-0.212978939658804
Pseudodiploria182830,0.515603278036103
Pseudodiploria182832,0.0180065534791976
Pseudodiploria182833,0.0806330748822742
Pseudodiploria182835,-0.359307696517121
Pseudodiploria182836,0.349513408562273
Pseudodiploria182837,0.0201914889091037
Pseudodiploria182838,-0.387671572700033
Pseudodiploria182841,-0.422928395483759
Pseudodiploria182843,0.714943265079907
Pseudodiploria182848,-0.292493249211868
Pseudodiploria182849,-0.0377512028635207
Pseudodiploria182850,0.982554646033457
Pseudodiploria182851,-0.182690173413055
Pseudodiploria182852,-0.506687793062439
Pseudodiploria182853,0.342788068220309
Pseudodiploria182855,-0.012647715546327
Pseudodiploria182858,1.13723303092364
Pseudodiploria182863,0.521070144928478
Pseudodiploria182865,0.257443994073209
Pseudodiploria182866,0.615901629929353
Pseudodiploria182867,-0.209561092637012
Pseudodiploria182868,0.170988016971696
Pseudodiploria182870,-0.00922674135988721
Pseudodiploria182873,-0.290617049907787
Pseudodiploria182875,0.15933955633969
Pseudodiploria182876,-0.121184040136296
Pseudodiploria182877,-0.0911678730485972
Pseudodiploria182881,0.93251486138365
Pseudodiploria182882,-0.61192937934296
Pseudodiploria182883,-0.14472816382436
Pseudodiploria182884,0.308624314969472
Pseudodiploria182885,-0.331678900262046
Pseudodiploria182887,-0.738154648600605
Pseudodiploria182888,0.306481937039973
Pseudodiploria182889,0.14423048993415
Pseudodiploria182890,0.174942012351063
Pseudodiploria182891,0.989462665479164
Pseudodiploria182897,-0.197462590611704
Pseudodiploria182898,0.24242922059106
Pseudodiploria182902,0.222648945463417
Pseudodiploria182904,-0.404612464851637
Pseudodiploria182905,-0.0507409378563473
Pseudodiploria182907,-0.869344466195652
Pseudodiploria182909,-0.026413602295976
Pseudodiploria182915,-0.809585079512294
Pseudodiploria182916,1.5216242629452
Pseudodiploria182917,-0.0584229779550458
Pseudodiploria182920,-0.0488407396160539
Pseudodiploria182921,0.569056588613249
Pseudodiploria182922,0.18397165982458
Pseudodiploria182925,0.370526901371809
Pseudodiploria182926,-0.955651528278704
Pseudodiploria182928,0.00889387769729257
Pseudodiploria182935,0.245803385412392
Pseudodiploria182937,-0.142273710109381
Pseudodiploria182939,0.431359291970263
Pseudodiploria182941,-0.0416165355253981
Pseudodiploria182944,-0.314753203491673
Pseudodiploria182948,-0.393685724376293
Pseudodiploria182956,0.107155713545153
Pseudodiploria182957,0.199168052546955
Pseudodiploria182963,0.552990731822928
Pseudodiploria182964,0.0215470108259905
Pseudodiploria182968,-0.767681513843496
Pseudodiploria182971,0.255312724773818
Pseudodiploria182977,-0.406171745077312
Pseudodiploria182979,-0.0466897315641193
Pseudodiploria182980,-0.193851753592858
Pseudodiploria182981,-0.293081469018704
Pseudodiploria182982,0.705926242807187
Pseudodiploria182984,0.183163808346565
Pseudodiploria182987,0.241425740714162
Pseudodiploria182989,-0.019198515887264
Pseudodiploria182990,0.204827063084887
Pseudodiploria182991,-0.518947362665949
Pseudodiploria182992,-0.282061283986244
Pseudodiploria182993,0.0874434768679959
Pseudodiploria182994,-1.22643589972868
Pseudodiploria183000,0.241643753131785
Pseudodiploria183001,0.131258710408649
Pseudodiploria183002,-0.184311521333226
Pseudodiploria183003,-0.297947802557924
Pseudodiploria183004,-0.107225632900222
Pseudodiploria183007,0.11925726409351
Pseudodiploria183008,-1.06189662185328
Pseudodiploria183009,0.0315945633307385
Pseudodiploria183010,-0.495238403361329
Pseudodiploria183012,0.259726763911316
Pseudodiploria183013,0.0980492956792278
Pseudodiploria183014,0.0192984983184573
Pseudodiploria183015,-0.0757453241259253
Pseudodiploria183017,-0.0834544289712898
Pseudodiploria183020,0.315265207722094
Pseudodiploria183022,0.41446962364659
Pseudodiploria183023,0.954965131985577
Pseudodiploria183025,0.352540474519391
Pseudodiploria183033,-0.165062781940789
Pseudodiploria183034,0.0269213530065717
Pseudodiploria183038,-0.00594082822087899
Pseudodiploria183041,1.66367168539276
Pseudodiploria183043,-0.362717873450494
Pseudodiploria183045,-0.121301235253202
Pseudodiploria183046,0.0012001747472113
Pseudodiploria183049,0.00685360742473743
Pseudodiploria183050,-1.60803168042244
Pseudodiploria183056,-0.222430949759639
Pseudodiploria183058,1.15534846266
Pseudodiploria183063,-0.235025716844236
Pseudodiploria183065,-0.176022070313594
Pseudodiploria183071,1.13038181236364
Pseudodiploria183073,0.419002920650294
Pseudodiploria183075,0.178908232803552
Pseudodiploria183076,0.31649848355856
Pseudodiploria183078,-0.00879519282042111
Pseudodiploria183079,-0.390530155821461
Pseudodiploria183089,-0.658911073750764
Pseudodiploria183097,-0.130765262914638
Pseudodiploria183098,-0.242907120151286
Pseudodiploria183102,0.976393086471127
Pseudodiploria183103,-0.210549890895599
Pseudodiploria183105,0.561447524883047
Pseudodiploria183111,0.952246540182826
Pseudodiploria183112,-0.576028598102012
Pseudodiploria183113,-0.437370207144941
Pseudodiploria183115,-0.398680951235966
Pseudodiploria183116,0.813338172541114
Pseudodiploria183120,-1.38956508293507
Pseudodiploria183124,-0.566546033445629
Pseudodiploria183126,0.173132564421383
Pseudodiploria183133,0.569829834667251
Pseudodiploria183137,0.0982466752793986
Pseudodiploria183138,0.102860669712658
Pseudodiploria183141,-0.733399762916108
Pseudodiploria183152,0.470255159365313
Pseudodiploria183156,0.0870876231925528
Pseudodiploria183158,0.694715585357223
Pseudodiploria183160,0.130461689966884
Pseudodiploria183163,0.851257440929258
Pseudodiploria183165,0.131373872027967
Pseudodiploria183171,0.11386320797352
Pseudodiploria183173,-0.229303019656772
Pseudodiploria183175,0.392511446089433
Pseudodiploria183176,0.0926276529289084
Pseudodiploria183177,0.170261478785713
Pseudodiploria183179,0.679176816803605
Pseudodiploria183182,-0.312466487914903
Pseudodiploria183183,-0.0328068916156872
Pseudodiploria183187,0.130156732047162
Pseudodiploria183190,0.33703665945813
Pseudodiploria183192,0.0926920221171461
Pseudodiploria183196,0.42064694239799
Pseudodiploria183198,-0.0769018515091237
Pseudodiploria183203,0.228665702500585
Pseudodiploria183205,0.460653885286255
Pseudodiploria183206,-0.0612745789736388
Pseudodiploria183208,-0.334848195350053
Pseudodiploria183211,-0.154048770047285
Pseudodiploria183212,-0.349503195603519
Pseudodiploria183213,-0.17299950197915
Pseudodiploria183217,-0.556046479425789
Pseudodiploria183218,-0.194141859317614
Pseudodiploria183222,-0.17573756296609
Pseudodiploria183223,-0.100848507523905
Pseudodiploria183230,0.491567172429646
Pseudodiploria183232,-0.708828507797138
Pseudodiploria183234,-0.0123216005171984
Pseudodiploria183235,0.333636245930131
Pseudodiploria183239,-0.00452963188395284
Pseudodiploria183245,0.0167735163298762
Pseudodiploria183249,0.304484852727217
Pseudodiploria183250,0.0850987224836065
Pseudodiploria183254,-0.303459730099538
Pseudodiploria183260,0.117301695528928
Pseudodiploria183262,0.0725951200087101
Pseudodiploria183263,-0.0270365848899316
Pseudodiploria183266,0.467482564036731
Pseudodiploria183267,-0.336302277993177
Pseudodiploria183268,-0.436487363182025
Pseudodiploria183273,0.321707069619992
Pseudodiploria183278,-0.135011460273439
Pseudodiploria183283,0.0747495608184547
Pseudodiploria183284,-0.397720796473099
Pseudodiploria183291,-0.889576203446503
Pseudodiploria183294,-0.00490197714620781
Pseudodiploria183297,0.272270768570005
Pseudodiploria183298,-0.320094819795654
Pseudodiploria183302,0.637578244541804
Pseudodiploria183303,-0.219736881475734
Pseudodiploria183304,0.250092614212081
Pseudodiploria183313,-0.432422625986884
Pseudodiploria183314,-0.0316984751281128
Pseudodiploria183315,-0.0589946592269727
Pseudodiploria183316,-0.427399136191915
Pseudodiploria183317,0.340283149606292
Pseudodiploria183321,0.350746078921285
Pseudodiploria183323,0.130145918914642
Pseudodiploria183324,0.186361138156486
Pseudodiploria183325,-0.758088746246604
Pseudodiploria183328,0.157955054628372
Pseudodiploria183338,0.227712935143333
Pseudodiploria183341,0.727724967968627
Pseudodiploria183342,0.601299832231133
Pseudodiploria183345,0.281996277369119
Pseudodiploria183349,0.154277161059289
Pseudodiploria183353,-0.250150773679065
Pseudodiploria183356,-0.144635725399165
Pseudodiploria183360,0.319127276117951
Pseudodiploria183363,1.54434982255991
Pseudodiploria183364,-0.184501132219763
Pseudodiploria183365,-0.0413142581749315
Pseudodiploria183367,0.12671740183022
Pseudodiploria183371,-0.110776587067726
Pseudodiploria183372,-0.77835677052224
Pseudodiploria183381,-1.46585554700485
Pseudodiploria183383,0.139507365345912
Pseudodiploria183385,0.100498123000348
Pseudodiploria183388,0.161758390429586
Pseudodiploria183391,-0.151245846653537
Pseudodiploria183393,-0.067117670747649
Pseudodiploria183405,0.275951910273692
Pseudodiploria183410,0.199979953222306
Pseudodiploria183411,0.906441530221374
Pseudodiploria183412,0.0268913577384532
Pseudodiploria183417,-0.321141378845002
Pseudodiploria183418,0.0661030043881275
Pseudodiploria183419,-0.437735856986113
Pseudodiploria183430,0.185031658920343
Pseudodiploria183434,-0.753576388154311
Pseudodiploria183435,0.229084303241033
Pseudodiploria183439,0.373569789029104
Pseudodiploria183441,0.280076523599472
Pseudodiploria183443,0.898538497880847
Pseudodiploria183445,-0.169225057875251
Pseudodiploria183448,0.109053619999378
Pseudodiploria183450,0.0539081323674738
Pseudodiploria183451,0.0887747253319733
Pseudodiploria183452,-0.612648667285798
Pseudodiploria183456,0.0787030781168945
Pseudodiploria183459,0.822906304942948
Pseudodiploria183464,0.621175026234735
Pseudodiploria183465,-0.0471931488625425
Pseudodiploria183467,0.0847989170452907
Pseudodiploria183474,0.38462909405114
Pseudodiploria183487,-0.139761274705583
Pseudodiploria183490,0.381656323469162
Pseudodiploria183492,-0.417212228184407
Pseudodiploria183493,0.150113700188031
Pseudodiploria183495,0.429953049563464
Pseudodiploria183498,-0.565687205317487
Pseudodiploria183499,-0.901680117875598
Pseudodiploria183500,0.0414351257785703
Pseudodiploria183502,-0.154082435949813
Pseudodiploria183503,0.0974184070193177
Pseudodiploria183505,-0.149857320448207
Pseudodiploria183507,0.908081018914404
Pseudodiploria183510,-0.836411081003343
Pseudodiploria183521,0.435911357692803
Pseudodiploria183524,0.238077258455124
Pseudodiploria183531,-0.494198675971149
Pseudodiploria183532,0.0990576190700111
Pseudodiploria183539,0.108700140708558
Pseudodiploria183542,0.564188431537253
Pseudodiploria183545,-0.867738129432632
Pseudodiploria183546,-0.0341847091011999
Pseudodiploria183549,-0.290913286614806
Pseudodiploria183551,-0.0897662036938482
Pseudodiploria183552,-0.683546323400751
Pseudodiploria183555,0.785003544414348
Pseudodiploria183556,-0.264503725618433
Pseudodiploria183557,0.428727224482408
Pseudodiploria183561,0.405253844566955
Pseudodiploria183562,-0.354594252228762
Pseudodiploria183563,-0.685441498219328
Pseudodiploria183564,0.20255767973833
Pseudodiploria183566,0.060376442960044
Pseudodiploria183575,0.133807667892028
Pseudodiploria183576,-0.401085000485181
Pseudodiploria183577,0.889454344994849
Pseudodiploria183581,0.252207349717003
Pseudodiploria183586,0.207052019482385
Pseudodiploria183588,0.406820490140036
Pseudodiploria183592,0.267178520518324
Pseudodiploria183593,0.271954260169196
Pseudodiploria183594,-0.294044753313953
Pseudodiploria183597,-0.0309523429164955
Pseudodiploria183598,0.406420515245225
Pseudodiploria183600,0.520219384518728
Pseudodiploria183604,-0.693476539264053
Pseudodiploria183605,0.127297893086253
Pseudodiploria183610,-0.0905107963843704
Pseudodiploria183612,0.267958601800062
Pseudodiploria183614,0.113245848554736
Pseudodiploria183617,0.00376887137559428
Pseudodiploria183622,0.351244445223491
Pseudodiploria183624,0.406920463074109
Pseudodiploria183630,-0.383502823220109
Pseudodiploria183631,-0.451330395354748
Pseudodiploria183636,-0.213390226514495
Pseudodiploria183640,0.358408283895833
Pseudodiploria183641,0.444071964925669
Pseudodiploria183642,0.415322013708455
Pseudodiploria183647,0.390778523010353
Pseudodiploria183648,0.0296596030486415
Pseudodiploria183657,-0.506771484719877
Pseudodiploria183659,0.304726825062949
Pseudodiploria183661,-0.177829467056066
Pseudodiploria183662,-0.481761693551552
Pseudodiploria183664,0.0552373079158123
Pseudodiploria183665,0.491442791400113
Pseudodiploria183667,-0.186861409930907
Pseudodiploria183668,-0.325739175788256
Pseudodiploria183669,0.460014246072769
Pseudodiploria183673,0.443524877972964
Pseudodiploria183674,0.0880035808175762
Pseudodiploria183677,0.126974747652329
Pseudodiploria183680,0.942469482136866
Pseudodiploria183681,0.430127547440354
Pseudodiploria183682,0.240299269698365
Pseudodiploria183684,0.248439033928194
Pseudodiploria183687,-1.15065729279638
Pseudodiploria183689,0.282566237571215
Pseudodiploria183690,0.137978957846255
Pseudodiploria183693,0.40328158190003
Pseudodiploria183698,0.0381970302519515
Pseudodiploria183699,0.466698227598351
Pseudodiploria183701,-0.103860223832097
Pseudodiploria183702,0.399756346171757
Pseudodiploria183705,-0.357284450538821
Pseudodiploria183707,0.389194389089918
Pseudodiploria183708,0.21240482347206
Pseudodiploria183710,1.25270886814524
Pseudodiploria183712,-0.146138354350641
Pseudodiploria183713,-1.18984535466709
Pseudodiploria183719,1.43190481848208
Pseudodiploria183722,-0.141720933973017
Pseudodiploria183723,0.118140946244167
Pseudodiploria183730,0.909308484440716
Pseudodiploria183731,0.799844610271046
Pseudodiploria183732,0.41247950080108
Pseudodiploria183742,-0.690296950768547
Pseudodiploria183743,0.856830504565829
Pseudodiploria183744,1.16798862038678
Pseudodiploria183746,0.206463836531877
Pseudodiploria183748,0.256635211699677
Pseudodiploria183750,-1.35268753286705
Pseudodiploria183754,1.18118581877793
Pseudodiploria183755,-1.27082152973296
Pseudodiploria183764,0.29628803958195
Pseudodiploria183767,0.156876525416605
Pseudodiploria183771,-0.06660033195627
Pseudodiploria183780,0.0421085290159761
Pseudodiploria183783,-0.146893759964564
Pseudodiploria183784,-0.447087969758929
Pseudodiploria183788,-0.224445358556065
Pseudodiploria183790,0.264182599666707
Pseudodiploria183791,-0.507767429545676
Pseudodiploria183793,0.303753131826231
Pseudodiploria183798,-1.44099149303602
Pseudodiploria183799,-0.404503730232315
Pseudodiploria183800,-0.103104646315516
Pseudodiploria183804,-0.158231065406483
Pseudodiploria183805,0.865761062045248
Pseudodiploria183813,0.171321441435562
Pseudodiploria183815,0.3308292915928
Pseudodiploria183817,-0.320612167543431
Pseudodiploria183819,0.235421110438464
Pseudodiploria183820,-0.4938614080724
Pseudodiploria183826,0.337162314265647
Pseudodiploria183829,-0.0793374348145858
Pseudodiploria183831,0.310956105026283
Pseudodiploria183843,-0.606393650852264
Pseudodiploria183846,-0.319152319244471
Pseudodiploria183852,0.00772391979820844
Pseudodiploria183853,-0.0438969116584361
Pseudodiploria183855,-1.18656205200902
Pseudodiploria183857,0.535220096213564
Pseudodiploria183859,0.329029725152538
Pseudodiploria183860,0.0452084533543751
Pseudodiploria183863,-0.138531436717217
Pseudodiploria183869,0.706766600561975
Pseudodiploria183872,0.409835997021431
Pseudodiploria183874,1.59378364771475
Pseudodiploria183877,0.41589899789821
Pseudodiploria183878,0.372080956426487
Pseudodiploria183880,0.480113583576415
Pseudodiploria183884,0.150699685917396
Pseudodiploria183886,0.389989612880052
Pseudodiploria183889,-0.00327772817804934
Pseudodiploria183890,0.0827534201636819
Pseudodiploria183895,-0.252760139614716
Pseudodiploria183897,0.0778222691662357
Pseudodiploria183899,0.0161110916181807
Pseudodiploria183907,-0.292423786495932
Pseudodiploria183912,0.0909408502234805
Pseudodiploria183914,-0.973232127041915
Pseudodiploria183915,-0.247816923138051
Pseudodiploria183920,1.28407179469588
Pseudodiploria183922,-0.446169960794667
Pseudodiploria183923,0.268289762452941
Pseudodiploria183924,-0.489157134761406
Pseudodiploria183925,1.02216746592856
Pseudodiploria183926,0.284134597909911
Pseudodiploria183927,-0.726161036363923
Pseudodiploria183932,0.184593875882338
Pseudodiploria183934,0.209965361743331
Pseudodiploria183935,-0.0299714674114745
Pseudodiploria183936,-0.0261499592328559
Pseudodiploria183937,-0.151748273785893
Pseudodiploria183938,0.137897210152537
Pseudodiploria183939,0.362514890314819
Pseudodiploria183941,0.084075524484714
Pseudodiploria183942,0.240782587584308
Pseudodiploria183947,0.205353814877311
Pseudodiploria183950,0.00748192655507606
Pseudodiploria183951,0.0240641616146221
Pseudodiploria183952,0.65940868777629
Pseudodiploria183953,0.113177042011309
Pseudodiploria183954,0.372294284511555
Pseudodiploria183955,0.11289276614833
Pseudodiploria183956,-0.347032661022267
Pseudodiploria183958,0.394406473921444
Pseudodiploria183960,0.0248462426218626
Pseudodiploria183961,-0.326914377495042
Pseudodiploria183965,0.526489146114898
Pseudodiploria183969,-0.483878245423148
Pseudodiploria183977,0.159051935439568
Pseudodiploria183980,0.224511576647188
Pseudodiploria183982,0.320602644940974
Pseudodiploria183988,-0.753801611976166
Pseudodiploria183993,-0.0673233266043564
Pseudodiploria183994,-0.0854662241761081
Pseudodiploria183998,0.0754016779606503
Pseudodiploria183999,0.328330522331389
Pseudodiploria184001,0.72236082251889
Pseudodiploria184009,-0.0403521597746708
Pseudodiploria184013,0.569457556539522
Pseudodiploria184016,0.178372374943954
Pseudodiploria184020,0.766222057517714
Pseudodiploria184023,-0.180554504195145
Pseudodiploria184024,-0.601212556808318
Pseudodiploria184026,1.16235706308133
Pseudodiploria184028,0.496503981265147
Pseudodiploria184031,0.245841373477272
Pseudodiploria184034,-0.279907092438136
Pseudodiploria184035,-0.0971544043424011
Pseudodiploria184036,0.326866192997633
Pseudodiploria184037,0.530521304907723
Pseudodiploria184039,0.0364386048743904
Pseudodiploria184041,1.28190732291129
Pseudodiploria184043,-0.0769860600494157
Pseudodiploria184044,0.523906781247792
Pseudodiploria184045,0.373232061845205
Pseudodiploria184048,-0.203111142869537
Pseudodiploria184056,0.578677676955699
Pseudodiploria184061,-0.4528361003195
Pseudodiploria184063,-0.225498069780929
Pseudodiploria184065,-0.378211749846435
Pseudodiploria184066,-0.15905895624996
Pseudodiploria184067,-0.0713799687131591
Pseudodiploria184068,1.15684702257403
Pseudodiploria184069,-0.107274432753271
Pseudodiploria184070,-0.274621863019191
Pseudodiploria184071,-0.341007547195602
Pseudodiploria184072,0.103210449799629
Pseudodiploria184073,0.420096429698672
Pseudodiploria184075,-0.114744423322171
Pseudodiploria184076,-0.568865316856313
Pseudodiploria184080,1.32157377506657
Pseudodiploria184087,0.333235174472544
Pseudodiploria184088,-0.107827894535291
Pseudodiploria184089,-0.118657585487887
Pseudodiploria184091,-0.19706130367346
Pseudodiploria184093,-0.790507834976119
Pseudodiploria184094,0.598555088765262
Pseudodiploria184096,-0.394850067015794
Pseudodiploria184101,0.148749024420768
Pseudodiploria184102,-0.575321529966145
Pseudodiploria184103,0.500942562817448
Pseudodiploria184104,0.0218786411060175
Pseudodiploria184107,0.521109319183423
Pseudodiploria184108,-0.29307677445037
Pseudodiploria184113,0.430012058094859
Pseudodiploria184114,-0.640761604303315
Pseudodiploria184115,-0.326628599372757
Pseudodiploria184121,0.255157759470323
Pseudodiploria184122,-0.0471539648131409
Pseudodiploria184124,0.123368939436016
Pseudodiploria184125,-0.157336501816
Pseudodiploria184126,0.790685299352734
Pseudodiploria184127,-0.105050513440759
Pseudodiploria184130,0.0762629863734462
Pseudodiploria184131,0.329611755033314
Pseudodiploria184133,0.248467760238015
Pseudodiploria184138,0.290483837653309
Pseudodiploria184145,-0.360071237087869
Pseudodiploria184151,0.105379069651364
Pseudodiploria184152,-0.0311547953972333
Pseudodiploria184155,0.0478300292789164
Pseudodiploria184158,-0.0104684300423618
Pseudodiploria184161,1.16351523153364
Pseudodiploria184162,-0.0735926628176231
Pseudodiploria184163,-0.375899610026102
Pseudodiploria184164,-0.0779585276064908
Pseudodiploria184172,-0.741788202853021
Pseudodiploria184173,-0.0356390181009646
Pseudodiploria184175,-0.0655749518888885
Pseudodiploria184180,-0.292032650617606
Pseudodiploria184183,0.0407229281569085
Pseudodiploria184184,-0.482340993765983
Pseudodiploria184187,0.295099035110995
Pseudodiploria184189,-0.136570537877846
Pseudodiploria184190,0.109512609951798
Pseudodiploria184195,0.276053508236232
Pseudodiploria184196,0.56686455280451
Pseudodiploria184197,0.120507480285158
Pseudodiploria184198,0.48873090317956
Pseudodiploria184199,0.959503741151893
Pseudodiploria184206,0.394481265791811
Pseudodiploria184208,0.969022314781152
Pseudodiploria184212,-0.541637430908901
Pseudodiploria184213,0.531535265365143
Pseudodiploria184216,0.278919184738732
Pseudodiploria184217,0.0661825631862024
Pseudodiploria184224,0.271761110238346
Pseudodiploria184225,0.119042346765833
Pseudodiploria184226,-0.202050469907175
Pseudodiploria184231,-0.689834211792064
Pseudodiploria184232,0.0997694194837224
Pseudodiploria184233,0.0613728694487773
Pseudodiploria184236,-0.102692714953209
Pseudodiploria184237,0.0789033321680623
Pseudodiploria184239,0.570781243656356
Pseudodiploria184242,0.250961029463176
Pseudodiploria184243,-1.13037495921542
Pseudodiploria184245,0.464979401489496
Pseudodiploria184250,-0.25809410832453
Pseudodiploria184251,-0.165423472089481
Pseudodiploria184252,0.670367965935072
Pseudodiploria184256,0.350217108317175
Pseudodiploria184257,-0.259399385392873
Pseudodiploria184259,-0.533492008234783
Pseudodiploria184260,-0.180149279223075
Pseudodiploria184261,1.31110887366531
Pseudodiploria184263,0.107750249623743
Pseudodiploria184264,0.264292149358077
Pseudodiploria184268,-0.115095640128764
Pseudodiploria184270,-0.0493415774108787
Pseudodiploria184271,0.0157823966321961
Pseudodiploria184272,0.396484319388915
Pseudodiploria184275,0.398661544510784
Pseudodiploria184277,-0.0998921706344855
Pseudodiploria184278,-0.154011191612853
Pseudodiploria184282,-0.207155554048257
Pseudodiploria184287,-0.538865499354482
Pseudodiploria184288,-0.0881873453326449
Pseudodiploria184299,0.871655167617875
Pseudodiploria184305,-0.358665585624738
Pseudodiploria184311,0.321648910889237
Pseudodiploria184312,-0.183058434521959
Pseudodiploria184317,0.374861548353202
Pseudodiploria184319,0.919369452085191
Pseudodiploria184320,-0.308939990471155
Pseudodiploria184323,-0.0560899572794348
Pseudodiploria184324,0.229578458001631
Pseudodiploria184326,0.521000112400741
Pseudodiploria184328,-0.69719110190704
Pseudodiploria184329,0.339584291606291
Pseudodiploria184331,-0.134872921426084
Pseudodiploria184332,0.287825832618188
Pseudodiploria184333,0.378294335894808
Pseudodiploria184335,0.151860842657972
Pseudodiploria184340,-0.204143769885027
Pseudodiploria184342,0.212031490918591
Pseudodiploria184343,0.0193472802475153
Pseudodiploria184346,-0.207229401052573
Pseudodiploria184350,0.172258723850324
Pseudodiploria184351,-0.157089553364067
Pseudodiploria184355,-0.59613191462854
Pseudodiploria184357,-0.367989572505402
Pseudodiploria184359,-0.344304635373106
Pseudodiploria184360,-0.0441278832181311
Pseudodiploria184362,0.335867487681384
Pseudodiploria184367,0.0864812783421408
Pseudodiploria184371,0.488403465162933
Pseudodiploria184376,-0.534214756286048
Pseudodiploria184377,0.0152873099898726
Pseudodiploria184378,-0.0489039669479213
Pseudodiploria184381,0.0140946136946701
Pseudodiploria184383,0.574065082179607
Pseudodiploria184385,-0.474635043996092
Pseudodiploria184387,-0.0981584502238901
Pseudodiploria184388,-0.0144858516943543
Pseudodiploria184390,0.471312441673928
Pseudodiploria184393,0.305539437868953
Pseudodiploria184398,-0.604855669940817
Pseudodiploria184399,0.0446580330605407
Pseudodiploria184402,0.275037581213871
Pseudodiploria184405,-0.241291247605358
Pseudodiploria184406,-0.00857720608648638
Pseudodiploria184409,-0.558931376073827
Pseudodiploria184411,0.0183929090731231
Pseudodiploria184414,-0.247057157738277
Pseudodiploria184417,0.18633128518064
Pseudodiploria184420,-0.0447858499462052
Pseudodiploria184423,-0.993071065177299
Pseudodiploria184428,0.0122372113751673
Pseudodiploria184429,-0.533293780652679
Pseudodiploria184431,-0.803079650015345
Pseudodiploria184432,0.206113116320601
Pseudodiploria184433,0.372102359369567
Pseudodiploria184440,0.399505069752977
Pseudodiploria184441,1.06474375214019
Pseudodiploria184442,0.869546640194709
Pseudodiploria184446,0.358222379270938
Pseudodiploria184448,-1.07494830431945
Pseudodiploria184450,0.185434235277332
Pseudodiploria184452,0.260595874248855
Pseudodiploria184457,-0.0704358697100092
Pseudodiploria184459,-0.235143501488145
Pseudodiploria184460,0.066421249508336
Pseudodiploria184462,-0.388805820309135
Pseudodiploria184468,-0.0368184589405788
Pseudodiploria184469,0.789064976926304
Pseudodiploria184474,0.122907715374548
Pseudodiploria184475,-0.0704721448011369
Pseudodiploria184477,-0.0173335378878279
Pseudodiploria184478,0.469001026763731
Pseudodiploria184479,-0.890884284095627
Pseudodiploria184480,0.723783213011893
Pseudodiploria184483,-0.615964917591276
Pseudodiploria184485,-0.17935879958256
Pseudodiploria184489,0.438111919934722
Pseudodiploria184490,-0.343333535701507
Pseudodiploria184491,-0.00622123799563242
Pseudodiploria184492,-0.342255495513567
Pseudodiploria184494,-0.121530605004358
Pseudodiploria184495,0.819467748233331
Pseudodiploria184496,0.0242385111444095
Pseudodiploria184498,0.250101404800933
Pseudodiploria184501,0.165644163532895
Pseudodiploria184505,-0.332703074026191
Pseudodiploria184506,-0.950333892206782
Pseudodiploria184509,0.610097575980744
Pseudodiploria184510,1.32418292352756
Pseudodiploria184515,0.180706247720681
Pseudodiploria184516,0.114360043121078
Pseudodiploria184517,0.197792668583514
Pseudodiploria184519,1.41946312116038
Pseudodiploria184520,-0.0778297776700417
Pseudodiploria184522,-0.661141874548827
Pseudodiploria184523,0.723410739163135
Pseudodiploria184525,0.149233586972377
Pseudodiploria184526,-0.0765825202764999
Pseudodiploria184538,-0.450590813585497
Pseudodiploria184540,0.725098089076092
Pseudodiploria184543,0.166283663233904
Pseudodiploria184544,0.215319855574827
Pseudodiploria184545,0.298003828477576
Pseudodiploria184546,-0.983591630122579
Pseudodiploria184547,0.517413292603437
Pseudodiploria184549,-0.946744131099707
Pseudodiploria184552,-0.449447581794488
Pseudodiploria184553,-0.463304252481463
Pseudodiploria184556,1.81203107177789
Pseudodiploria184557,0.126589338866434
Pseudodiploria184561,0.0475003771890175
Pseudodiploria184562,-0.381499942370657
Pseudodiploria184564,0.792102329821934
Pseudodiploria184570,0.0494236220465123
Pseudodiploria184574,-0.0207867605603691
Pseudodiploria184578,0.03664367104736
Pseudodiploria184580,-0.251818717525963
Pseudodiploria184581,-0.158553485399925
Pseudodiploria184582,0.258172834470962
Pseudodiploria184583,-0.208483821477534
Pseudodiploria184586,0.552971630044085
Pseudodiploria184587,0.589279873292511
Pseudodiploria184590,-0.184464531972402
Pseudodiploria184591,0.204081673546463
Pseudodiploria184595,-0.222757577291314
Pseudodiploria184600,-0.240522982694114
Pseudodiploria184601,0.102137811497966
Pseudodiploria184602,0.288850806420631
Pseudodiploria184603,0.251559408711475
Pseudodiploria184604,-0.285480074291968
Pseudodiploria184607,-0.0846518956536101
Pseudodiploria184608,0.150249148531158
Pseudodiploria184609,0.226794564559726
Pseudodiploria184612,0.782378910897196
Pseudodiploria184615,0.417463165818126
Pseudodiploria184616,0.404706252966029
Pseudodiploria184618,0.618985667424429
Pseudodiploria184619,-0.32452081942069
Pseudodiploria184620,-0.0429220314953809
Pseudodiploria184623,0.565855257305622
Pseudodiploria184630,0.0189559714249114
Pseudodiploria184632,0.403507189808019
Pseudodiploria184634,-0.147954561110909
Pseudodiploria184636,-1.34059932750342
Pseudodiploria184637,-0.0116317681097056
Pseudodiploria184638,-0.497130862352716
Pseudodiploria184640,0.944926891940929
Pseudodiploria184650,0.532124579256886
Pseudodiploria184654,0.263754954337171
Pseudodiploria184655,-0.118343386606455
Pseudodiploria184656,0.228083378342312
Pseudodiploria184659,-0.818105096651734
Pseudodiploria184660,0.0183282713240759
Pseudodiploria184661,0.179706999440983
Pseudodiploria184662,0.113668161910745
Pseudodiploria184665,-0.0693520720905562
Pseudodiploria184667,0.409712205592693
Pseudodiploria184669,-0.334686287932547
Pseudodiploria184670,-0.126621477415791
Pseudodiploria184671,0.0990197436314268
Pseudodiploria184674,0.687932115239637
Pseudodiploria184675,0.0833183069400757
Pseudodiploria184677,0.281517011387709
Pseudodiploria184681,0.0133360682149509
Pseudodiploria184682,1.5143679333444
Pseudodiploria184683,0.0701999878331947
Pseudodiploria184684,0.641140905443947
Pseudodiploria184686,-0.243320785427969
Pseudodiploria184688,-0.085306900744544
Pseudodiploria184689,0.359240543993128
Pseudodiploria184692,-0.593825211128105
Pseudodiploria184693,0.935206656097547
Pseudodiploria184694,0.0488499790433504
Pseudodiploria184695,0.509630835884439
Pseudodiploria184698,0.242994114258881
Pseudodiploria184700,-0.0641695881880571
Pseudodiploria184704,-0.185605871574098
Pseudodiploria184708,0.325603547570784
Pseudodiploria184709,0.168541004819809
Pseudodiploria184711,-0.508850759258832
Pseudodiploria184717,-0.331180399042113
Pseudodiploria184719,0.656688202141426
Pseudodiploria184721,-0.417741732236514
Pseudodiploria184723,-0.154014789898363
Pseudodiploria184727,-1.32137419654571
Pseudodiploria184728,0.352992586755641
Pseudodiploria184733,-0.38101972037262
Pseudodiploria184735,0.393294054188501
Pseudodiploria184740,-0.177823650037758
Pseudodiploria184746,0.00840081906055067
Pseudodiploria184749,-0.548060630221943
Pseudodiploria184750,0.271230624922999
Pseudodiploria184754,-0.142199732233657
Pseudodiploria184756,-0.230137905076092
Pseudodiploria184758,-0.532821403417382
Pseudodiploria184759,-0.417180135535095
Pseudodiploria184762,0.393010116754355
Pseudodiploria184763,0.291231592305024
Pseudodiploria184765,-0.0537367761039572
Pseudodiploria184768,-0.632820471149707
Pseudodiploria184769,-0.413374544263306
Pseudodiploria184770,0.790130652300916
Pseudodiploria184773,0.515853579297335
Pseudodiploria184775,0.0691625737703503
Pseudodiploria184776,-0.380581259731132
Pseudodiploria184778,-0.430476675098758
Pseudodiploria184779,0.651701143966177
Pseudodiploria184781,-0.627659101916499
Pseudodiploria184782,0.164058751839923
Pseudodiploria184784,0.406871052139884
Pseudodiploria184786,-0.145302674312507
Pseudodiploria184787,0.654697841870509
Pseudodiploria184788,-0.0264329683028113
Pseudodiploria184791,0.035837938112477
Pseudodiploria184792,-0.14467361511149
Pseudodiploria184793,-0.274765712222751
Pseudodiploria184796,1.22064325423616
Pseudodiploria184797,-0.0924005133009616
Pseudodiploria184799,1.20702493589128
Pseudodiploria184803,0.614465121343556
Pseudodiploria184804,-0.630904001895718
Pseudodiploria184805,0.237666344849565
Pseudodiploria184807,-0.0934374999246699
Pseudodiploria184809,0.178879125554923
Pseudodiploria184811,0.327326358110255
Pseudodiploria184812,0.263620728202705
Pseudodiploria184813,0.0508446463683703
Pseudodiploria184816,-0.378305027236624
Pseudodiploria184817,-0.524486290975912
Pseudodiploria184818,0.195122969117284
Pseudodiploria184822,0.145622612261097
Pseudodiploria184830,0.718456775848934
Pseudodiploria184836,-0.0173589913017795
Pseudodiploria184838,0.334647815922292
Pseudodiploria184839,1.38813485548494
Pseudodiploria184840,-0.0314646820172515
Pseudodiploria184841,0.117698381619417
Pseudodiploria184842,0.11522234462904
Pseudodiploria184845,0.628113469147524
Pseudodiploria184846,-0.595127353242238
Pseudodiploria184847,0.029038334892818
Pseudodiploria184859,0.281256008684782
Pseudodiploria184861,0.993701355451156
Pseudodiploria184863,-0.167827712520807
Pseudodiploria184864,0.0399389510343023
Pseudodiploria184865,0.394841747065706
Pseudodiploria184866,-0.149564104721222
Pseudodiploria184867,-0.278117858777977
Pseudodiploria184869,-0.136456750148006
Pseudodiploria184871,0.414802212776341
Pseudodiploria184872,0.479006239855897
Pseudodiploria184875,-0.0302560635143804
Pseudodiploria184879,0.275195496629109
Pseudodiploria184882,-1.58865736956587
Pseudodiploria184884,0.697229155526078
Pseudodiploria184888,0.370312106029556
Pseudodiploria184892,1.15799730795536
Pseudodiploria184893,0.492782500323497
Pseudodiploria184895,-0.00410023577378067
Pseudodiploria184899,0.216068575936723
Pseudodiploria184900,-0.268555042259872
Pseudodiploria184902,1.70005883698098
Pseudodiploria184906,0.203791718714859
Pseudodiploria184908,0.772912804312403
Pseudodiploria184909,-0.0198916863261192
Pseudodiploria184910,0.219700727409169
Pseudodiploria184911,0.0267998062150394
Pseudodiploria184912,1.47824799507452
Pseudodiploria184913,0.390549764356757
Pseudodiploria184915,-0.64492361989462
Pseudodiploria184920,0.421364853043543
Pseudodiploria184922,-0.423750725988815
Pseudodiploria184923,-0.0458725335538677
Pseudodiploria184924,-0.0438845543269727
Pseudodiploria184925,0.259796432694405
Pseudodiploria184926,-0.227497795147657
Pseudodiploria184928,0.0514576170783573
Pseudodiploria184929,-0.354613894455743
Pseudodiploria184938,0.100439248221947
Pseudodiploria184942,0.355046207154932
Pseudodiploria184945,-0.132414224601505
Pseudodiploria184947,-0.402750878450794
Pseudodiploria184948,-1.0076153462796
Pseudodiploria184952,0.338452775703996
Pseudodiploria184953,0.192826963458331
Pseudodiploria184954,0.05212097613744
Pseudodiploria184956,-0.00819621460547349
Pseudodiploria184957,0.514554752581001
Pseudodiploria184960,-0.19603597745967
Pseudodiploria184961,0.155755780543209
Pseudodiploria184962,-0.367471628968011
Pseudodiploria184964,-0.866988093402829
Pseudodiploria184966,0.103274521924083
Pseudodiploria184968,-0.0295211964880363
Pseudodiploria184970,0.351266204631918
Pseudodiploria184971,-0.359161021036232
Pseudodiploria184972,-0.65239011092585
Pseudodiploria184973,0.210819884227494
Pseudodiploria184974,0.695103225235354
Pseudodiploria184978,-0.0660617327167499
Pseudodiploria184980,0.147542646209319
Pseudodiploria184981,-0.0630047015795533
Pseudodiploria184985,0.638564650636685
Pseudodiploria184988,-0.352630078042806
Pseudodiploria184989,-0.434938049274847
Pseudodiploria184992,0.942044632106654
Pseudodiploria184994,-0.041489115695945
Pseudodiploria184995,0.47519219771624
Pseudodiploria184997,-0.211125205035203
Pseudodiploria184998,0.0767580196651161
Pseudodiploria185003,-0.145338450772486
Pseudodiploria185004,0.141912648707286
Pseudodiploria185005,-0.480026971572051
Pseudodiploria185006,0.143874490500498
Pseudodiploria185009,-0.299207629212579
Pseudodiploria185010,0.180191121816418
Pseudodiploria185014,-0.0799172140557385
Pseudodiploria185015,0.396122108968062
Pseudodiploria185017,-0.162302528359032
Pseudodiploria185018,0.206970255797006
Pseudodiploria185021,0.552016339482729
Pseudodiploria185024,-0.297748726185418
Pseudodiploria185026,0.200769914647602
Pseudodiploria185029,0.567906789120995
Pseudodiploria185030,-0.212709633661999
Pseudodiploria185033,-0.912597316854126
Pseudodiploria185035,0.159509009442556
Pseudodiploria185037,0.0538272952907546
Pseudodiploria185039,0.390344844130247
Pseudodiploria185041,0.537595101763159
Pseudodiploria185043,-0.0193200062514177
Pseudodiploria185047,-0.262529983533988
Pseudodiploria185049,-0.947362036317645
Pseudodiploria185050,0.849073623371315
Pseudodiploria185055,0.329743315506736
Pseudodiploria185056,-1.07415759985354
Pseudodiploria185060,-0.00549816754495505
Pseudodiploria185065,-1.04174794270224
Pseudodiploria185067,0.349769508556803
Pseudodiploria185068,0.0420455571560521
Pseudodiploria185069,0.153983779019957
Pseudodiploria185070,0.146477740348033
Pseudodiploria185074,0.148133050305128
Pseudodiploria185075,0.354848520205042
Pseudodiploria185078,0.344640170585543
Pseudodiploria185083,-0.583668981129678
Pseudodiploria185084,-0.053961076152416
Pseudodiploria185085,-0.277960243280295
Pseudodiploria185088,-0.0487102915549641
Pseudodiploria185091,-0.169613666704872
Pseudodiploria185093,-0.115622063735724
Pseudodiploria185096,-0.427486600570204
Pseudodiploria185098,-0.0464184960277136
Pseudodiploria185100,-0.0918528420226966
Pseudodiploria185102,0.309214293557726
Pseudodiploria185103,0.698363794998636
Pseudodiploria185104,-0.319570022877055
Pseudodiploria185106,0.268382557882552
Pseudodiploria185109,-0.0630500586466334
Pseudodiploria185110,-0.47456063991271
Pseudodiploria185113,-0.155661823047741
Pseudodiploria185114,0.2775189517602
Pseudodiploria185115,-0.276198491516107
Pseudodiploria185117,-0.0169259214653828
Pseudodiploria185123,0.475633805876569
Pseudodiploria185126,0.649921419508602
Pseudodiploria185131,0.419945068966125
Pseudodiploria185133,-0.224111264635621
Pseudodiploria185134,-0.423046218713219
Pseudodiploria185141,0.495344708143366
Pseudodiploria185142,1.13828916999321
Pseudodiploria185143,0.169642837578789
Pseudodiploria185147,0.341056977856401
Pseudodiploria185148,0.348873102948702
Pseudodiploria185149,-0.0128461727589066
Pseudodiploria185150,0.136718592417126
Pseudodiploria185151,0.18169677935395
Pseudodiploria185153,0.404964186875101
Pseudodiploria185154,0.113341136331772
Pseudodiploria185156,-0.657859738299957
Pseudodiploria185158,0.084976023894505
Pseudodiploria185160,0.154487949145228
Pseudodiploria185161,0.0206500566692434
Pseudodiploria185164,-0.0635331742214166
Pseudodiploria185165,0.507073621928551
Pseudodiploria185166,0.0195950949400547
Pseudodiploria185167,0.103425827067241
Pseudodiploria185168,-0.968924375798033
Pseudodiploria185169,-0.11025474344812
Pseudodiploria185170,-1.29600129559356
Pseudodiploria185172,0.298649958882025
Pseudodiploria185173,0.771955848868249
Pseudodiploria185174,0.474289913468635
Pseudodiploria185180,-0.907683110197773
Pseudodiploria185185,1.36606996831677
Pseudodiploria185186,-0.31259021837752
Pseudodiploria185191,-0.312877139138942
Pseudodiploria185192,0.0499171541780863
Pseudodiploria185193,0.0446867360645676
Pseudodiploria185194,0.0582771380377152
Pseudodiploria185196,0.515597686380442
Pseudodiploria185200,-0.0821243560287831
Pseudodiploria185201,-0.298973122373881
Pseudodiploria185203,-0.118589591490719
Pseudodiploria185205,0.0696127703062718
Pseudodiploria185213,-0.252062692840675
Pseudodiploria185214,0.637859992276392
Pseudodiploria185219,-0.438342348976758
Pseudodiploria185222,0.0236774373256306
Pseudodiploria185225,-1.14054388548229
Pseudodiploria185226,0.000580554913057417
Pseudodiploria185227,-0.0118654557087783
Pseudodiploria185233,-0.127207520241883
Pseudodiploria185234,0.346288489517839
Pseudodiploria185235,-0.113811935950706
Pseudodiploria185236,0.245410809768149
Pseudodiploria185240,-0.170641760235946
Pseudodiploria185244,0.144778669297517
Pseudodiploria185247,0.108440195349757
Pseudodiploria185250,0.491639055416384
Pseudodiploria185251,-0.106233323238402
Pseudodiploria185252,-0.559983650393552
Pseudodiploria185254,0.824260085754965
Pseudodiploria185255,0.376357042023138
Pseudodiploria185258,0.1366158961065
Pseudodiploria185261,0.394685493945397
Pseudodiploria185267,-0.471443802544609
Pseudodiploria185271,0.225830893618946
Pseudodiploria185273,0.187184601778715
Pseudodiploria185275,0.430650631682088
Pseudodiploria185277,0.539675566551826
Pseudodiploria185280,0.510618756098273
Pseudodiploria185283,-0.299312628219271
Pseudodiploria185288,-0.468941492298944
Pseudodiploria185290,-0.208179365633135
Pseudodiploria185291,-0.0654169266207732
Pseudodiploria185294,0.15140724932473
Pseudodiploria185296,-0.283472940833963
Pseudodiploria185297,0.0346455176053999
Pseudodiploria185299,-0.0921335170553344
Pseudodiploria185304,-0.0173947743665615
Pseudodiploria185306,-0.0153326416051719
Pseudodiploria185307,0.194375220149966
Pseudodiploria185308,-0.404516474661586
Pseudodiploria185310,0.83117226213843
Pseudodiploria185313,0.300352952526651
Pseudodiploria185314,0.160952102875482
Pseudodiploria185320,-1.39602366709064
Pseudodiploria185324,-0.024709800735681
Pseudodiploria185332,-0.171071147458858
Pseudodiploria185336,0.443281719264394
Pseudodiploria185337,1.04853792820253
Pseudodiploria185338,-0.34373624143182
Pseudodiploria185343,0.123597037895793
Pseudodiploria185346,0.130131522580618
Pseudodiploria185353,-0.293234804365714
Pseudodiploria185354,0.810527036894892
Pseudodiploria185357,-0.030177329277863
Pseudodiploria185360,0.817887026782253
Pseudodiploria185361,-0.933926207178581
Pseudodiploria185372,-0.0389635047595405
Pseudodiploria185374,0.340485480317711
Pseudodiploria185380,-0.140284636676709
Pseudodiploria185381,0.568738380638979
Pseudodiploria185382,-0.579246221572236
Pseudodiploria185383,0.0981153318471334
Pseudodiploria185384,0.0430855526941294
Pseudodiploria185387,0.196117347550729
Pseudodiploria185391,-0.0702298334797493
Pseudodiploria185394,-0.56606622544462
Pseudodiploria185397,0.344597592800479
Pseudodiploria185400,0.119422481103613
Pseudodiploria185401,0.837224377575959
Pseudodiploria185402,-0.152835116540844
Pseudodiploria185405,0.0829583479635692
Pseudodiploria185406,0.238801321866953
Pseudodiploria185408,-0.586839309264765
Pseudodiploria185411,0.0635927982830319
Pseudodiploria185412,0.0982904318591508
Pseudodiploria185429,0.00538943121621296
Pseudodiploria185430,-0.741098721392046
Pseudodiploria185432,-0.00218559971487407
Pseudodiploria185436,0.32851842585442
Pseudodiploria185439,-0.0968193328924473
Pseudodiploria185441,0.520681918327159
Pseudodiploria185443,1.21119932039814
Pseudodiploria185446,0.325286450723024
Pseudodiploria185447,-0.135443122446212
Pseudodiploria185448,-0.147817375652369
Pseudodiploria185451,-0.0652850197491794
Pseudodiploria185452,-0.272383207422121
Pseudodiploria185460,-0.234284559513112
Pseudodiploria185463,0.11395811738765
Pseudodiploria185464,0.624851557256908
Pseudodiploria185469,0.0185163382539752
Pseudodiploria185472,-0.0202347842801888
Pseudodiploria185473,-0.3385821026541
Pseudodiploria185474,-0.016129588008435
Pseudodiploria185475,0.656762752436203
Pseudodiploria185477,0.516596775819651
Pseudodiploria185478,-0.337722676489668
Pseudodiploria185479,-0.0954320328924054
Pseudodiploria185480,-0.140754015060646
Pseudodiploria185485,-0.389902971392393
Pseudodiploria185488,-0.576298124069224
Pseudodiploria185492,0.328905651950774
Pseudodiploria185493,0.468326127780534
Pseudodiploria185494,-0.408573616813774
Pseudodiploria185495,-0.293179505883135
Pseudodiploria185496,-0.281871014805019
Pseudodiploria185497,-0.578923469897039
Pseudodiploria185498,0.0211733574955156
Pseudodiploria185501,-0.0461919372354884
Pseudodiploria185502,1.15368902149331
Pseudodiploria185508,0.291043557440377
Pseudodiploria185511,0.375764242754316
Pseudodiploria185512,-0.245646632884858
Pseudodiploria185514,-0.570232125578423
Pseudodiploria185516,-0.00273667300050206
Pseudodiploria185518,0.247801116111304
Pseudodiploria185519,0.033467372200978
Pseudodiploria185522,0.597820558376214
Pseudodiploria185523,-0.00255243820673689
Pseudodiploria185524,0.879265135965712
Pseudodiploria185525,-0.0388390672722399
Pseudodiploria185527,1.40957261466788
Pseudodiploria185528,1.084091371667
Pseudodiploria185530,-0.0714242854340804
Pseudodiploria185535,0.132545342586389
Pseudodiploria185536,0.121930523833456
Pseudodiploria185538,-0.071786450751337
Pseudodiploria185539,0.0957712519591902
Pseudodiploria185541,0.432037146071213
Pseudodiploria185542,0.40603443541722
Pseudodiploria185544,-0.274593663501289
Pseudodiploria185545,0.0125431999216231
Pseudodiploria185548,0.225668049916198
Pseudodiploria185551,0.133194247660236
Pseudodiploria185552,-0.206046023734844
Pseudodiploria185553,-0.210226385035684
Pseudodiploria185555,0.28344264736439
Pseudodiploria185556,0.155220123171016
Pseudodiploria185557,0.957950274321496
Pseudodiploria185558,0.093912336161708
Pseudodiploria185559,-0.844220929750989
Pseudodiploria185562,0.341774218722486
Pseudodiploria185563,-0.0776373888200049
Pseudodiploria185564,-0.160431472185022
Pseudodiploria185568,1.97474127533269
Pseudodiploria185569,-0.189833880570036
Pseudodiploria185573,-0.0191532883544838
Pseudodiploria185574,-0.0169670522097777
Pseudodiploria185575,-0.406332467184226
Pseudodiploria185577,0.284833482682256
Pseudodiploria185586,0.156968706758664
Pseudodiploria185587,0.106210614518571
Pseudodiploria185588,-0.0566890878840729
Pseudodiploria185589,-0.63799438446544
Pseudodiploria185594,-0.0908543517095514
Pseudodiploria185597,0.0518405422384613
Pseudodiploria185605,0.0533616822397704
Pseudodiploria185614,0.417501532489946
Pseudodiploria185618,0.361931743437524
Pseudodiploria185620,0.96920422019377
Pseudodiploria185621,0.227397044286937
Pseudodiploria185624,0.310598683063498
Pseudodiploria185625,0.164330528618028
Pseudodiploria185627,-0.0539893052655397
Pseudodiploria185628,-0.360018367625291
Pseudodiploria185631,-0.451066082585894
Pseudodiploria185632,-0.207174087771868
Pseudodiploria185637,0.19586031992613
Pseudodiploria185645,0.495039105072773
Pseudodiploria185646,0.769085361497023
Pseudodiploria185647,-0.432797712951303
Pseudodiploria185651,1.00933919350887
Pseudodiploria185653,0.303081388224755
Pseudodiploria185654,-0.250494232211175
Pseudodiploria185655,0.360982519483006
Pseudodiploria185658,0.0320413445862314
Pseudodiploria185659,0.177027947229329
Pseudodiploria185664,-0.377968603481382
Pseudodiploria185665,-0.287157798276357
Pseudodiploria185668,0.42613515429187
Pseudodiploria185670,-0.557578698871125
Pseudodiploria185671,-1.08470884525737
Pseudodiploria185672,-0.201969136412209
Pseudodiploria185673,-0.318957554765749
Pseudodiploria185675,0.60899229572214
Pseudodiploria185676,0.0600309206819279
Pseudodiploria185677,-0.154950347990885
Pseudodiploria185678,-0.123941636387815
Pseudodiploria185681,-0.419143589778204
Pseudodiploria185687,-0.496475592496039
Pseudodiploria185690,-0.355995495733911
Pseudodiploria185692,0.343374388001685
Pseudodiploria185700,0.815480839768539
Pseudodiploria185703,-0.406604349625243
Pseudodiploria185704,0.397705400486601
Pseudodiploria185705,0.645899271742
Pseudodiploria185708,0.457189145698217
Pseudodiploria185713,-0.730123105774859
Pseudodiploria185714,-0.688325690561004
Pseudodiploria185715,0.271361815951
Pseudodiploria185724,-0.706522568032353
Pseudodiploria185726,-0.203962605820261
Pseudodiploria185727,0.189407565274391
Pseudodiploria185729,-0.0786078531899642
Pseudodiploria185730,0.147765914126186
Pseudodiploria185732,-0.396809659116996
Pseudodiploria185735,0.285352510044246
Pseudodiploria185737,-0.151818427750541
Pseudodiploria185738,0.482833939927533
Pseudodiploria185739,0.544641462370384
Pseudodiploria185740,0.57034538950576
Pseudodiploria185744,-0.0233277623574572
Pseudodiploria185745,0.786761848379325
Pseudodiploria185746,0.564458269213797
Pseudodiploria185751,0.39594125365637
Pseudodiploria185752,-0.721549471273977
Pseudodiploria185753,-0.0142609354917992
Pseudodiploria185755,0.00376853409851476
Pseudodiploria185756,-0.501156831097034
Pseudodiploria185759,0.112793969377509
Pseudodiploria185760,-0.41245529490249
Pseudodiploria185761,0.185736690009209
Pseudodiploria185762,0.672637978742056
Pseudodiploria185767,-0.119666830368984
Pseudodiploria185768,0.426059593400768
Pseudodiploria185769,-0.294071896309452
Pseudodiploria185771,-0.666863130441012
Pseudodiploria185774,-0.11272258984654
Pseudodiploria185776,-0.0736905001919093
Pseudodiploria185781,0.790942093028843
Pseudodiploria185786,0.0327867399861227
Pseudodiploria185788,0.101160659445546
Pseudodiploria185790,0.462326630899077
Pseudodiploria185791,-0.575477967414344
Pseudodiploria185795,-0.136354242636978
Pseudodiploria185796,1.66434074946426
Pseudodiploria185797,0.254617255492723
Pseudodiploria185800,0.765345109665871
Pseudodiploria185801,-0.100627225839809
Pseudodiploria185802,0.726507831482192
Pseudodiploria185803,-0.151477315111877
Pseudodiploria185805,-0.316432593591063
Pseudodiploria185807,0.349431683348691
Pseudodiploria185808,-0.30772486450622
Pseudodiploria185809,-0.397260343837656
Pseudodiploria185812,0.256890462347911
Pseudodiploria185813,-0.237638522443492
Pseudodiploria185814,0.996829293520358
Pseudodiploria185815,-0.0433657146145414
Pseudodiploria185816,0.652506854212929
Pseudodiploria185819,-0.0510020213719706
Pseudodiploria185820,0.496119014067469
Pseudodiploria185821,0.287186348748628
Pseudodiploria185823,0.116107477453073
Pseudodiploria185826,0.0973817798061509
Pseudodiploria185833,-0.0244487833296367
Pseudodiploria185835,-0.827264271181721
Pseudodiploria185842,0.661783094721062
Pseudodiploria185843,-0.069453554168945
Pseudodiploria185844,-0.266734564675772
Pseudodiploria185847,-0.143009897789594
Pseudodiploria185853,-0.189154533516126
Pseudodiploria185855,0.450434841997382
Pseudodiploria185857,0.555638611067061
Pseudodiploria185859,-0.353048893469578
Pseudodiploria185860,0.231039008119305
Pseudodiploria185862,0.271436589168394
Pseudodiploria185863,-0.731218456640934
Pseudodiploria185865,0.580995701532602
Pseudodiploria185868,0.488009561095802
Pseudodiploria185875,0.42760505214255
Pseudodiploria185877,-0.210080612844819
Pseudodiploria185878,-0.612636839748384
Pseudodiploria185884,-0.472113810822287
Pseudodiploria185885,0.294472807270624
Pseudodiploria185886,-0.127010967113563
Pseudodiploria185887,0.351337049928626
Pseudodiploria185889,0.568658737837785
Pseudodiploria185891,-0.0799936533060393
Pseudodiploria185896,-0.000104508031011341
Pseudodiploria185904,-0.404380643906846
Pseudodiploria185908,-0.042025747605609
Pseudodiploria185909,0.463602434313271
Pseudodiploria185912,-0.386572860797121
Pseudodiploria185913,-0.0147757486996409
Pseudodiploria185914,0.0907455022605101
Pseudodiploria185916,0.23261019857164
Pseudodiploria185917,0.359573296928489
Pseudodiploria185918,0.105767101353905
Pseudodiploria185925,-0.550866671795368
Pseudodiploria185927,-0.0941614611563673
Pseudodiploria185928,-0.298892051677269
Pseudodiploria185930,0.84879712213898
Pseudodiploria185931,1.17801751873268
Pseudodiploria185933,0.812769885138522
Pseudodiploria185935,-0.575019442665614
Pseudodiploria185937,-0.147874386661645
Pseudodiploria185938,1.22570673369303
Pseudodiploria185939,0.3868278076153
Pseudodiploria185940,0.271573836638263
Pseudodiploria185941,-0.605991278113693
Pseudodiploria185947,0.768969837541643
Pseudodiploria185950,0.0462212293509016
Pseudodiploria185951,-0.781861424365714
Pseudodiploria185953,0.501487677228133
Pseudodiploria185956,-0.0936711405697922
Pseudodiploria185957,-0.0971763068170219
Pseudodiploria185960,0.585510693669759
Pseudodiploria185964,-0.0570174734260101
Pseudodiploria185965,-0.783889791031741
Pseudodiploria185967,0.570689236721789
Pseudodiploria185968,-0.244188667535755
Pseudodiploria185971,-0.232752189575865
Pseudodiploria185972,0.0223067513703026
Pseudodiploria185973,0.166277230499988
Pseudodiploria185974,-0.130288476567744
Pseudodiploria185975,-0.209194126216586
Pseudodiploria185976,1.06845816594975
Pseudodiploria185977,0.80210890709658
Pseudodiploria185978,0.0597231881325059
Pseudodiploria185979,-0.919997433075556
Pseudodiploria185981,-0.317275645557824
Pseudodiploria185982,0.038434378604597
Pseudodiploria185983,0.132814310257713
Pseudodiploria185990,0.0595149342291715
Pseudodiploria185993,-1.03936751904044
Pseudodiploria185997,1.07945255253205
Pseudodiploria185998,0.666632992130198
Pseudodiploria185999,-0.0293393048917166
Pseudodiploria186001,-0.0843518792534445
Pseudodiploria186006,-0.132855197276177
Pseudodiploria186007,0.829065792570726
Pseudodiploria186010,0.0836016908953354
Pseudodiploria186012,0.202901678636621
Pseudodiploria186013,0.17535020929148
Pseudodiploria186015,0.175668319243457
Pseudodiploria186017,-0.031375968663869
Pseudodiploria186021,0.104515325669959
Pseudodiploria186023,0.422153244136014
Pseudodiploria186028,-0.353142545753914
Pseudodiploria186029,-0.19701402920193
Pseudodiploria186030,-0.390931886565976
Pseudodiploria186032,0.208637204995473
Pseudodiploria186034,-0.404143499764192
Pseudodiploria186035,0.641823175574791
Pseudodiploria186036,0.165802882200486
Pseudodiploria186037,-0.481620217704772
Pseudodiploria186038,-0.00333393939174361
Pseudodiploria186042,0.112792334283216
Pseudodiploria186043,0.22645442069951
Pseudodiploria186046,-0.143928890979385
Pseudodiploria186047,0.354843742805183
Pseudodiploria186051,0.173988029941046
Pseudodiploria186054,-0.334615766782681
Pseudodiploria186055,0.20632082509412
Pseudodiploria186057,0.555792740316366
Pseudodiploria186062,0.328819478702121
Pseudodiploria186063,0.465059255477745
Pseudodiploria186067,0.38655627006339
Pseudodiploria186068,-0.0615271778465526
Pseudodiploria186069,0.739449869622784
Pseudodiploria186073,0.0458635857897361
Pseudodiploria186074,-0.277085445982438
Pseudodiploria186077,0.285229879488716
Pseudodiploria186079,-0.174314121333446
Pseudodiploria186084,-0.0763688569596446
Pseudodiploria186087,0.639841543828288
Pseudodiploria186088,0.0738915766195861
Pseudodiploria186092,0.228499526972372
Pseudodiploria186099,-0.304740225024509
Pseudodiploria186101,0.111402899364259
Pseudodiploria186105,-0.800410706907929
Pseudodiploria186106,-0.265394403269244
Pseudodiploria186110,0.0642403766818718
Pseudodiploria186111,0.117702103040431
Pseudodiploria186112,-0.38899598977976
Pseudodiploria186113,-0.198019315365341
Pseudodiploria186114,-0.064755519450037
Pseudodiploria186116,-0.00856052352752175
Pseudodiploria186119,0.25680383607077
Pseudodiploria186120,-0.485006418176258
Pseudodiploria186122,0.495880354335888
Pseudodiploria186123,0.714502105119027
Pseudodiploria186124,-0.817788142635533
Pseudodiploria186125,-0.0715209746594128
Pseudodiploria186127,0.554383228457328
Pseudodiploria186128,-0.00933731923736344
Pseudodiploria186130,-0.305275329794788
Pseudodiploria186131,0.107569360528546
Pseudodiploria186133,-0.0821355831192408
Pseudodiploria186135,-0.102138733160926
Pseudodiploria186139,0.0825996158318407
Pseudodiploria186143,0.220483039613021
Pseudodiploria186145,-0.576800152760159
Pseudodiploria186146,0.186104373406069
Pseudodiploria186147,-0.259092678314186
Pseudodiploria186150,-0.102131675209706
Pseudodiploria186156,-0.0581565872698027
Pseudodiploria186161,1.25344863370392
Pseudodiploria186162,0.681224821980601
Pseudodiploria186163,0.691751168701535
Pseudodiploria186167,0.124546251265557
Pseudodiploria186170,0.191475716182625
Pseudodiploria186171,-1.2792335938342
Pseudodiploria186176,0.290587544585833
Pseudodiploria186177,0.00500451230076641
Pseudodiploria186178,0.165876089513933
Pseudodiploria186180,-0.0643194847105683
Pseudodiploria186182,0.159117697010598
Pseudodiploria186186,-0.464059075355384
Pseudodiploria186187,0.362691818803711
Pseudodiploria186188,-0.451292414765242
Pseudodiploria186192,-0.341823249553017
Pseudodiploria186193,-0.476517546683999
Pseudodiploria186194,0.62762908117305
Pseudodiploria186195,0.260125812786765
Pseudodiploria186197,-0.403744201043297
Pseudodiploria186199,-0.24637767890743
Pseudodiploria186202,0.115625070270617
Pseudodiploria186206,-0.48529726105229
Pseudodiploria186207,-0.306330785837111
Pseudodiploria186210,-0.0668489574896555
Pseudodiploria186211,0.686869970397166
Pseudodiploria186212,0.0358959416528611
Pseudodiploria186219,0.590051270582466
Pseudodiploria186220,-0.144789288109496
Pseudodiploria186222,0.245048755770845
Pseudodiploria186223,-0.42608243434782
Pseudodiploria186225,0.321954871164833
Pseudodiploria186226,0.337668404830836
Pseudodiploria186227,-0.654260378791095
Pseudodiploria186228,-0.0328932181095538
Pseudodiploria186229,-0.0564136637037613
Pseudodiploria186233,0.868363344130885
Pseudodiploria186236,-0.0777674369876851
Pseudodiploria186239,0.2706663347185
Pseudodiploria186240,-0.33177377687872
Pseudodiploria186242,-0.557118623788104
Pseudodiploria186246,0.182668455575024
Pseudodiploria186247,0.409221775839971
Pseudodiploria186249,-0.738003942301606
Pseudodiploria186260,-0.0820823347154597
Pseudodiploria186262,-0.0495970633363416
Pseudodiploria186266,-0.0160250009853697
Pseudodiploria186267,-0.917966067883507
Pseudodiploria186269,0.0687432680957648
Pseudodiploria186275,-0.110859046087806
Pseudodiploria186277,-0.332820223832725
Pseudodiploria186281,0.32395484885945
Pseudodiploria186292,-0.0719315172934233
Pseudodiploria186295,0.79235204603256
Pseudodiploria186296,0.264811970437827
Pseudodiploria186297,-0.124877471097385
Pseudodiploria186298,0.546130388314786
Pseudodiploria186299,0.0683404439943363
Pseudodiploria186300,-0.0715733396925268
Pseudodiploria186301,0.474478520122468
Pseudodiploria186305,0.822024219417632
Pseudodiploria186306,-1.3008791563597
Pseudodiploria186309,0.594326992991988
Pseudodiploria186316,-0.0126215817624996
Pseudodiploria186319,-0.22658871278388
Pseudodiploria186324,-0.164839325393163
Pseudodiploria186325,0.357029123709343
Pseudodiploria186326,-0.0325816336026694
Pseudodiploria186327,0.720819701207218
Pseudodiploria186331,0.0498260580251861
Pseudodiploria186332,-0.0307244365342235
Pseudodiploria186340,0.0506477169614465
Pseudodiploria186346,0.0964309058127419
Pseudodiploria186347,0.219791991315288
Pseudodiploria186348,0.345652380331439
Pseudodiploria186350,-0.29645686085785
Pseudodiploria186351,0.330773307614905
Pseudodiploria186354,-0.144488906492333
Pseudodiploria186355,-0.48608703340898
Pseudodiploria186356,-0.118561927374704
Pseudodiploria186357,0.210644238235468
Pseudodiploria186358,-0.248805012935654
Pseudodiploria186359,0.465146056320583
Pseudodiploria186361,0.207716069672569
Pseudodiploria186362,-0.0593045708052857
Pseudodiploria186363,-0.138516846643176
Pseudodiploria186364,0.698383033513955
Pseudodiploria186367,-0.363343440230547
Pseudodiploria186370,0.759288332016253
Pseudodiploria186371,-0.483619146231323
Pseudodiploria186372,-0.248920222399816
Pseudodiploria186373,-0.0181974320792774
Pseudodiploria186374,0.0334946858850813
Pseudodiploria186375,-0.880511055460814
Pseudodiploria186378,0.255362114072328
Pseudodiploria186380,0.832480632485892
Pseudodiploria186384,-0.26803313315469
Pseudodiploria186386,-0.413427504739095
Pseudodiploria186387,-0.126838429615584
Pseudodiploria186390,-0.190418046275261
Pseudodiploria186391,0.860404953389061
Pseudodiploria186393,-0.850479616660356
Pseudodiploria186394,-0.694446451576794
Pseudodiploria186395,0.403466232203132
Pseudodiploria186396,-0.9480688069826
Pseudodiploria186398,-0.161269108968972
Pseudodiploria186400,0.762136493288181
Pseudodiploria186402,0.553318082623124
Pseudodiploria186403,0.211577331287044
Pseudodiploria186404,0.781969910717743
Pseudodiploria186405,0.170300303892426
Pseudodiploria186406,-0.34852945472472
Pseudodiploria186409,-0.748258397770238
Pseudodiploria186410,-0.542270263798435
Pseudodiploria186414,-0.343813435442169
Pseudodiploria186416,0.062406360075867
Pseudodiploria186418,-0.155618385265035
Pseudodiploria186419,-0.764894852643159
Pseudodiploria186420,-0.147803391277673
Pseudodiploria186423,-0.264639438710233
Pseudodiploria186424,0.0144778331657014
Pseudodiploria186426,0.433527974483007
Pseudodiploria186431,-0.272140497775458
Pseudodiploria186433,0.37708103237398
Pseudodiploria186434,0.38681734898803
Pseudodiploria186435,-0.0144992919130037
Pseudodiploria186441,-0.353469034880523
Pseudodiploria186442,-0.462027980493443
Pseudodiploria186445,-1.02599674882718
Pseudodiploria186447,0.267624930634785
Pseudodiploria186450,0.274957675749477
Pseudodiploria186454,0.0294554846545938
Pseudodiploria186455,-0.51048056345016
Pseudodiploria186456,0.882113449009894
Pseudodiploria186459,0.453929458100005
Pseudodiploria186460,-0.0746055862675541
Pseudodiploria186461,0.271224395725359
Pseudodiploria186464,0.218738883441021
Pseudodiploria186466,0.141309419768351
Pseudodiploria186467,0.232595079461659
Pseudodiploria186469,-0.218751895721015
Pseudodiploria186470,-0.258169641984283
Pseudodiploria186471,-0.565715752830336
Pseudodiploria186473,0.368674510464408
Pseudodiploria186477,-0.0615768227007201
Pseudodiploria186478,-0.569649352750527
Pseudodiploria186482,0.180478110895298
Pseudodiploria186484,0.0688160269249768
Pseudodiploria186485,0.0696020236888035
Pseudodiploria186486,0.435897012006546
Pseudodiploria186492,-0.795898750705943
Pseudodiploria186494,0.154768944463244
Pseudodiploria186495,1.52686776690361
Pseudodiploria186504,-1.22875129008949
Pseudodiploria186505,0.257671270561761
Pseudodiploria186507,-0.04084344862371
Pseudodiploria186508,0.0748814448389494
Pseudodiploria186509,-0.140878586294461
Pseudodiploria186513,0.583520901503955
Pseudodiploria186517,0.746543796928584
Pseudodiploria186518,0.633661519499101
Pseudodiploria186519,-0.142569814691672
Pseudodiploria186520,-0.0846837607866935
Pseudodiploria186521,0.0151253253693394
Pseudodiploria186522,-0.534534568145249
Pseudodiploria186524,0.304146179995821
Pseudodiploria186525,0.0091265429434293
Pseudodiploria186526,0.974612058846226
Pseudodiploria186528,0.0288782914476121
Pseudodiploria186534,-0.0930640337181194
Pseudodiploria186538,-0.12231436638976
Pseudodiploria186540,0.3636123414569
Pseudodiploria186541,-0.893795021505293
Pseudodiploria186543,0.490827595814843
Pseudodiploria186544,0.0941451464589846
Pseudodiploria186545,0.0298405481596678
Pseudodiploria186548,-0.14868791032186
Pseudodiploria186549,-0.0840355314882651
Pseudodiploria186550,0.354404455507428
Pseudodiploria186552,-0.0644849072436511
Pseudodiploria186553,-0.124630307714526
Pseudodiploria186554,-0.0913054838990879
Pseudodiploria186555,-0.0935364012273573
Pseudodiploria186556,-0.316633647879522
Pseudodiploria186559,-0.135353069427754
Pseudodiploria186560,-0.0215650347121671
Pseudodiploria186561,0.140243849926185
Pseudodiploria186562,-0.276848729301048
Pseudodiploria186564,0.378132678113086
Pseudodiploria186568,0.34125406911595
Pseudodiploria186570,0.638012710143553
Pseudodiploria186572,-0.0834578306584774
Pseudodiploria186575,-0.171531730687253
Pseudodiploria186576,0.5209272507219
Pseudodiploria186577,0.235449616874549
Pseudodiploria186579,-0.0301553623162409
Pseudodiploria186580,-0.249814638954636
Pseudodiploria186581,0.0831230434866369
Pseudodiploria186584,0.158323222572375
Pseudodiploria186586,0.199100942090024
Pseudodiploria186588,-1.15007028561246
Pseudodiploria186590,-0.502642715709395
Pseudodiploria186593,-0.574104423698007
Pseudodiploria186594,0.318606955439109
Pseudodiploria186596,-0.124805191491154
Pseudodiploria186598,-0.64457018369052
Pseudodiploria186599,0.154062765635501
Pseudodiploria186600,-0.728784670282996
Pseudodiploria186602,0.107035241571107
Pseudodiploria186604,0.148386348328008
Pseudodiploria186606,-0.906427071696536
Pseudodiploria186607,-0.144538058156418
Pseudodiploria186608,0.0390257772673128
Pseudodiploria186609,0.6016652938279
Pseudodiploria186611,0.0149940677682151
Pseudodiploria186612,-0.0764515544588544
Pseudodiploria186613,-0.0708942465744872
Pseudodiploria186619,-0.409977103772122
Pseudodiploria186620,0.113524253716658
Pseudodiploria186623,0.386975620218481
Pseudodiploria186624,0.11491683936637
Pseudodiploria186625,-0.78063745522584
Pseudodiploria186626,-0.158626010742654
Pseudodiploria186627,0.212861030328419
Pseudodiploria186630,-0.244985710081333
Pseudodiploria186633,-0.00829733622788952
Pseudodiploria186637,-0.0575164780466187
Pseudodiploria186638,-0.335278003569859
Pseudodiploria186639,0.236612427823072
Pseudodiploria186643,-0.276414704916868
Pseudodiploria186647,0.950056204922237
Pseudodiploria186650,0.32310264615857
Pseudodiploria186653,-1.40827433658695
Pseudodiploria186654,-0.814263226869687
Pseudodiploria186660,0.897388513542957
Pseudodiploria186661,-0.152516851085957
Pseudodiploria186662,0.544996946923134
Pseudodiploria186663,-0.0894049001796274
Pseudodiploria186666,0.18686520583497
Pseudodiploria186670,0.666435491867721
Pseudodiploria186673,0.229008393017261
Pseudodiploria186677,0.315709236500618
Pseudodiploria186679,-0.117206660379065
Pseudodiploria186685,0.295400406305326
Pseudodiploria186688,-0.315336990899729
Pseudodiploria186692,-0.456506746628959
Pseudodiploria186693,0.410231435987398
Pseudodiploria186694,0.491308986704841
Pseudodiploria186698,0.0592954912448513
Pseudodiploria186699,0.1781400936517
Pseudodiploria186700,-0.204052129110152
Pseudodiploria186702,0.000151378222149408
Pseudodiploria186703,0.0978694563461069
Pseudodiploria186704,0.475131546646358
Pseudodiploria186705,-0.0545314210149522
Pseudodiploria186708,-0.60393953474705
Pseudodiploria186711,-0.989183158104855
Pseudodiploria186714,-0.00352740410915419
Pseudodiploria186715,0.0229871243149772
Pseudodiploria186717,1.55811364138988
Pseudodiploria186718,0.0903700642992974
Pseudodiploria186720,-0.122241762982714
Pseudodiploria186722,-0.240637931038103
Pseudodiploria186723,0.483908886195309
Pseudodiploria186724,-1.46894514895582
Pseudodiploria186725,0.389048302801208
Pseudodiploria186727,0.20639497416427
Pseudodiploria186729,-0.0568725904556054
Pseudodiploria186731,0.135604816309193
Pseudodiploria186732,0.250533301678269
Pseudodiploria186733,0.91570623071961
Pseudodiploria186734,-0.0797155990467404
Pseudodiploria186735,-0.174171144834248
Pseudodiploria186736,-0.0411285422276242
Pseudodiploria186737,-0.105352680850169
Pseudodiploria186740,-0.532657888133226
Pseudodiploria186746,-0.124017183150841
Pseudodiploria186747,0.195007788324843
Pseudodiploria186749,0.312043399412044
Pseudodiploria186751,0.404205887463601
Pseudodiploria186754,0.45202233723762
Pseudodiploria186756,0.299546357434314
Pseudodiploria186758,0.712287122834157
Pseudodiploria186759,0.0249518697980249
Pseudodiploria186761,0.5325158974131
Pseudodiploria186765,-0.113246141143725
Pseudodiploria186770,0.147673518017115
Pseudodiploria186772,0.210879739708215
Pseudodiploria186776,0.831821597626412
Pseudodiploria186779,0.348760534173446
Pseudodiploria186780,0.682053563631064
Pseudodiploria186782,0.194336517778299
Pseudodiploria186783,-0.358626387559963
Pseudodiploria186788,-0.279402504493348
Pseudodiploria186789,0.00713311168333162
Pseudodiploria186792,-0.201923530911232
Pseudodiploria186793,-0.419017255441311
Pseudodiploria186795,0.441623160961666
Pseudodiploria186796,-0.861632229413581
Pseudodiploria186798,-0.316452176192344
Pseudodiploria186799,0.710262769240242
Pseudodiploria186800,-0.395630150543994
Pseudodiploria186801,-0.318757042229459
Pseudodiploria186805,-0.191734784795109
Pseudodiploria186806,-0.272604454024371
Pseudodiploria186808,-0.141283302663629
Pseudodiploria186811,-0.242060850244118
Pseudodiploria186813,-0.704025042887749
Pseudodiploria186816,-0.387320722478402
Pseudodiploria186818,-0.0745259725424375
Pseudodiploria186819,0.36612652478041
Pseudodiploria186820,-0.103327824015066
Pseudodiploria186821,0.881865428717082
Pseudodiploria186822,0.464686427725393
Pseudodiploria186823,-0.648616047729177
Pseudodiploria186824,0.576572280636501
Pseudodiploria186826,0.249117011316607
Pseudodiploria186827,-0.322717713729368
Pseudodiploria186829,0.0314702137988652
Pseudodiploria186830,0.456826970030655
Pseudodiploria186831,-0.223926428100021
Pseudodiploria186832,0.126098103296566
Pseudodiploria186834,-0.0868127895069377
Pseudodiploria186835,0.133256547900513
Pseudodiploria186836,0.0197748292069039
Pseudodiploria186839,0.1377798107692
Pseudodiploria186841,0.201580251994831
Pseudodiploria186842,-0.1151216796252
Pseudodiploria186843,0.212049339753098
Pseudodiploria186845,-0.306445958084909
Pseudodiploria186847,0.537208297664178
Pseudodiploria186848,0.185821518655562
Pseudodiploria186849,0.170306376433829
Pseudodiploria186851,0.0484878321448289
Pseudodiploria186856,0.178378489798636
Pseudodiploria186862,0.599810677624799
Pseudodiploria186874,0.186459584320181
Pseudodiploria186876,-1.10584883029056
Pseudodiploria186877,-0.139981655333914
Pseudodiploria186880,-0.0623362968343696
Pseudodiploria186882,0.370882495091155
Pseudodiploria186883,-0.193385605596598
Pseudodiploria186884,0.711684854178995
Pseudodiploria186891,0.28325484327131
Pseudodiploria186895,0.24263800501866
Pseudodiploria186898,-0.497881341901617
Pseudodiploria186899,-0.142772201098041
Pseudodiploria186900,-0.374546242670238
Pseudodiploria186903,0.406442093722733
Pseudodiploria186906,0.111343485813984
Pseudodiploria186910,-0.177755201646066
Pseudodiploria186911,-0.46065859636785
Pseudodiploria186913,-0.31949537821298
Pseudodiploria186915,0.198981168373766
Pseudodiploria186917,-0.196855446076547
Pseudodiploria186919,-0.187390772259809
Pseudodiploria186920,0.0879549028180279
Pseudodiploria186924,-0.902341566828162
Pseudodiploria186927,0.456713442158813
Pseudodiploria186928,-0.294584488827172
Pseudodiploria186933,0.524429758921899
Pseudodiploria186935,-0.126093924311939
Pseudodiploria186937,0.174120855872988
Pseudodiploria186943,0.81484916092837
Pseudodiploria186944,0.315911089964593
Pseudodiploria186945,1.74836507695743
Pseudodiploria186953,-0.441917658605347
Pseudodiploria186955,-0.423986196552582
Pseudodiploria186959,-0.600071348327556
Pseudodiploria186960,0.44463352632765
Pseudodiploria186962,0.416107410317525
Pseudodiploria186966,-0.156518622528435
Pseudodiploria186968,0.273084425990247
Pseudodiploria186969,0.0894609428836726
Pseudodiploria186973,-0.282388984153257
Pseudodiploria186976,-0.0035926036097866
Pseudodiploria186979,-0.233004695018169
Pseudodiploria186980,0.745142143627403
Pseudodiploria186981,-0.0697349235149939
Pseudodiploria186983,-0.104600732731889
Pseudodiploria186985,0.237272353755624
Pseudodiploria186990,-0.339262861392424
Pseudodiploria186995,0.0663291070568898
Pseudodiploria186996,-0.155400408275486
Pseudodiploria186997,-0.932640899331227
Pseudodiploria186999,-0.0398015286507137
Pseudodiploria187001,0.192076392548208
Pseudodiploria187003,-0.0495638763943925
Pseudodiploria187005,-0.0898626981940045
Pseudodiploria187006,0.0647423632418433
Pseudodiploria187007,-0.245228469155331
Pseudodiploria187013,0.331579480082313
Pseudodiploria187015,-0.262445934900722
Pseudodiploria187020,-0.126258831830774
Pseudodiploria187022,0.476039346511263
Pseudodiploria187023,0.102936739710121
Pseudodiploria187025,0.119556061942617
Pseudodiploria187026,-0.126779999716812
Pseudodiploria187030,0.683149130519318
Pseudodiploria187031,-0.0929717411495314
Pseudodiploria187032,0.120460397464109
Pseudodiploria187036,-0.0366571468348724
Pseudodiploria187037,0.103778689175693
Pseudodiploria187038,-0.320106874799393
Pseudodiploria187040,0.0650160984007356
Pseudodiploria187042,0.592637223975128
Pseudodiploria187044,-0.0361953057394056
Pseudodiploria187045,1.17746657361435
Pseudodiploria187049,-0.414192718697928
Pseudodiploria187052,0.154772602918726
Pseudodiploria187055,0.513448419064017
Pseudodiploria187057,0.517019047724497
Pseudodiploria187058,0.207277077991528
Pseudodiploria187061,0.154254268474879
Pseudodiploria187063,0.664806935904434
Pseudodiploria187064,0.492570707791206
Pseudodiploria187065,0.572227724966236
Pseudodiploria187067,0.190139739220615
Pseudodiploria187069,0.412571740751512
Pseudodiploria187071,0.00725550906709647
Pseudodiploria187072,0.890341388489481
Pseudodiploria187074,0.246272593019009
Pseudodiploria187075,0.36000014088036
Pseudodiploria187076,0.127408953011101
Pseudodiploria187078,0.639174590517843
Pseudodiploria187079,0.0182616368595982
Pseudodiploria187080,-0.852018338489151
Pseudodiploria187085,0.249740684142889
Pseudodiploria187086,0.00135516848446438
Pseudodiploria187089,0.893961513202994
Pseudodiploria187094,-0.219750063169153
Pseudodiploria187099,0.505356857608507
Pseudodiploria187101,-0.431161598608245
Pseudodiploria187103,0.430909805245283
Pseudodiploria187105,-0.227829573372147
Pseudodiploria187106,0.353326599602517
Pseudodiploria187107,-0.0198301853467843
Pseudodiploria187108,-1.01452661777575
Pseudodiploria187110,-0.714315974650798
Pseudodiploria187111,0.234290586414636
Pseudodiploria187115,0.570095046823448
Pseudodiploria187117,-0.347646366206698
Pseudodiploria187120,0.294731214131007
Pseudodiploria187122,0.867545602329324
Pseudodiploria187123,-0.118854608552616
Pseudodiploria187124,-1.16353375170868
Pseudodiploria187125,-0.0273625077350542
Pseudodiploria187127,0.230560036352691
Pseudodiploria187128,-0.559983898829069
Pseudodiploria187132,-0.197061870976674
Pseudodiploria187134,0.154008968450043
Pseudodiploria187137,0.319767097966423
Pseudodiploria187143,0.752265124923226
Pseudodiploria187148,-0.107958858964038
Pseudodiploria187150,0.279967829056091
Pseudodiploria187151,0.304535678557176
Pseudodiploria187154,-0.126168334164662
Pseudodiploria187156,0.425604487088317
Pseudodiploria187158,-0.343951783520897
Pseudodiploria187160,0.297401646109678
Pseudodiploria187161,0.224768538416045
Pseudodiploria187162,-0.408177932802778
Pseudodiploria187163,0.501047800759767
Pseudodiploria187166,-0.21731322230367
Pseudodiploria187167,-0.135123892320478
Pseudodiploria187174,-0.240620077712078
Pseudodiploria187175,0.127111183013667
Pseudodiploria187178,-0.157223283132112
Pseudodiploria187180,0.039154837102605
Pseudodiploria187182,-0.409121334498014
Pseudodiploria187184,0.409652249466202
Pseudodiploria187188,-0.418468658996541
Pseudodiploria187190,0.298742206364468
Pseudodiploria187192,1.87312455504392
Pseudodiploria187194,0.104090238406974
Pseudodiploria187196,-0.231842628301324
Pseudodiploria187200,0.0402883443883244
Pseudodiploria187201,0.247191057304437
Pseudodiploria187203,0.043691680079247
Pseudodiploria187205,0.282314242010977
Pseudodiploria187206,-0.284724208142073
Pseudodiploria187208,0.239565256354885
Pseudodiploria187209,1.08995545135666
Pseudodiploria187210,0.405034621530661
Pseudodiploria187211,-0.0823897085295646
Pseudodiploria187213,0.109082354113046
Pseudodiploria187214,-0.388258663334076
Pseudodiploria187217,0.196623575322711
Pseudodiploria187218,0.24768188996922
Pseudodiploria187219,0.980522023131831
Pseudodiploria187220,0.312448139593646
Pseudodiploria187224,-0.0863581450593198
Pseudodiploria187225,0.306825394248573
Pseudodiploria187226,-1.13829598590317
Pseudodiploria187227,0.729317691402898
Pseudodiploria187228,-0.0438216365749142
Pseudodiploria187229,0.417699318243517
Pseudodiploria187230,-0.381572567762565
Pseudodiploria187232,0.362208374379616
Pseudodiploria187233,-0.169838895761528
Pseudodiploria187238,0.373041336831298
Pseudodiploria187240,0.512312899498913
Pseudodiploria187241,0.306983182755768
Pseudodiploria187245,-0.0142904989464661
Pseudodiploria187250,0.191147764017439
Pseudodiploria187258,0.0028439486298912
Pseudodiploria187263,-0.616568838252
Pseudodiploria187266,0.136034473699041
Pseudodiploria187267,0.0582383000097671
Pseudodiploria187270,-0.0600392295523205
Pseudodiploria187273,0.0347810826510489
Pseudodiploria187275,0.14540267102328
Pseudodiploria187277,0.368434043080876
Pseudodiploria187279,-0.939804045363932
Pseudodiploria187280,0.812631094610695
Pseudodiploria187282,0.19252930297808
Pseudodiploria187283,0.241669232811417
Pseudodiploria187284,-0.338026292763667
Pseudodiploria187287,0.379725929864909
Pseudodiploria187288,0.597358599842975
Pseudodiploria187291,-0.38447876252348
Pseudodiploria187292,-0.831671059407739
Pseudodiploria187293,0.228963212676193
Pseudodiploria187295,0.466223289841649
Pseudodiploria187300,0.139389750907514
Pseudodiploria187301,-0.0647574089643169
Pseudodiploria187303,-0.553325387047203
Pseudodiploria187304,0.0684053744930646
Pseudodiploria187306,-0.357787073690035
Pseudodiploria187307,-0.0656344548900575
Pseudodiploria187309,0.401410246531617
Pseudodiploria187311,-0.146986132408577
Pseudodiploria187312,-0.176118061267943
Pseudodiploria187314,-0.582174230530385
Pseudodiploria187315,-0.192894372414878
Pseudodiploria187316,0.181417187702122
Pseudodiploria187320,0.0904192855280555
Pseudodiploria187321,-0.0334663070187774
Pseudodiploria187322,0.107686568393309
Pseudodiploria187324,-0.507533328072445
Pseudodiploria187325,1.27738615341832
Pseudodiploria187328,0.226541794996008
Pseudodiploria187329,-0.0735517351993279
Pseudodiploria187330,1.37027574941894
Pseudodiploria187331,1.16602917708472
Pseudodiploria187335,-0.00955689725070834
Pseudodiploria187338,-0.352781438807791
Pseudodiploria187341,-0.283525545725003
Pseudodiploria187344,-0.770102230994046
Pseudodiploria187348,0.0880218230753089
Pseudodiploria187352,0.4191995442446
Pseudodiploria187356,0.353558284330688
Pseudodiploria187357,0.564112283161734
Pseudodiploria187358,-0.171509255780494
Pseudodiploria187362,0.244400786152858
Pseudodiploria187363,-0.759118502195703
Pseudodiploria187364,-0.242745896504966
Pseudodiploria187367,0.195146002785534
Pseudodiploria187369,0.201444625265372
Pseudodiploria187372,-0.341882467773522
Pseudodiploria187378,-0.191058238230739
Pseudodiploria187379,0.317720530408132
Pseudodiploria187385,-0.595061366819159
Pseudodiploria187391,0.000838725022979918
Pseudodiploria187392,-0.752808077104024
Pseudodiploria187397,0.197557281820078
Pseudodiploria187399,-0.0919565083909654
Pseudodiploria187402,-0.849527719504083
Pseudodiploria187406,0.113996975198061
Pseudodiploria187408,-0.0618270105096399
Pseudodiploria187411,0.106478140662479
Pseudodiploria187413,-0.570718460777301
Pseudodiploria187414,-0.349555870039655
Pseudodiploria187415,-0.0854305373368439
Pseudodiploria187418,0.242871629478802
Pseudodiploria187419,0.175793698771347
Pseudodiploria187421,-0.242261515514454
Pseudodiploria187427,-0.155717665056726
Pseudodiploria187429,-0.549566858042815
Pseudodiploria187430,0.174060566185446
Pseudodiploria187434,0.583356728442821
Pseudodiploria187437,0.231984299411938
Pseudodiploria187441,0.0174905753487878
Pseudodiploria187442,-0.734213374760748
Pseudodiploria187446,-0.39566286358217
Pseudodiploria187447,-1.1427152463475
Pseudodiploria187450,-0.3968011
Pseudodiploria187455,0.8427848
Pseudodiploria187456,-0.2087266
Pseudodiploria187458,0.7132149
Pseudodiploria187459,0.6218718
Pseudodiploria187460,-0.2899915
Pseudodiploria187466,-0.551715
Pseudodiploria187467,-0.4067355
Pseudodiploria187468,0.309588
Pseudodiploria187469,0.1149827
Pseudodiploria187470,0.02194234
Pseudodiploria187471,0.4603196
Pseudodiploria187472,-0.6506417
Pseudodiploria187473,-0.01296869
Pseudodiploria187479,0.2348663
Pseudodiploria187480,0.7729997
Pseudodiploria187483,0.1099977
Pseudodiploria187485,0.1911148
Pseudodiploria187486,0.09352456
Pseudodiploria187487,-0.5786151
Pseudodiploria187489,0.1167671
Pseudodiploria187490,-0.3678797
Pseudodiploria187492,0.3415977
Pseudodiploria187493,0.2662485
Pseudodiploria187495,-0.08577796
Pseudodiploria187499,0.4559243
Pseudodiploria187501,0.4829148
Pseudodiploria187502,0.03558951
Pseudodiploria187506,-0.8402961
Pseudodiploria187507,-0.1019012
Pseudodiploria187509,0.9993778
Pseudodiploria187510,-0.35734
Pseudodiploria187519,-0.2319979
Pseudodiploria187521,0.1788202
Pseudodiploria187522,0.8213793
Pseudodiploria187523,-0.1827583
Pseudodiploria187524,-0.1552521
Pseudodiploria187526,0.3423206
Pseudodiploria187527,0.04773804
Pseudodiploria187534,0.07539966
Pseudodiploria187535,-1.985957
Pseudodiploria187536,-1.250233
Pseudodiploria187538,0.2901932
Pseudodiploria187541,0.2496629
Pseudodiploria187542,-0.1694505
Pseudodiploria187546,0.9105554
Pseudodiploria187549,-0.3575127
Pseudodiploria187550,-0.5007198
Pseudodiploria187551,0.4427608
Pseudodiploria187552,0.3008146
Pseudodiploria187555,-0.1148332
Pseudodiploria187556,0.09984111
Pseudodiploria187557,0.3192743
Pseudodiploria187561,0.5554128
Pseudodiploria187562,0.9231336
Pseudodiploria187563,0.1080254
Pseudodiploria187564,0.1933353
Pseudodiploria187575,-0.298394
Pseudodiploria187579,-0.2498037
Pseudodiploria187580,0.05134732
Pseudodiploria187581,0.3999615
Pseudodiploria187584,0.4876667
Pseudodiploria187585,0.7918839
Pseudodiploria187589,-0.1215479
Pseudodiploria187590,0.5971265
Pseudodiploria187592,0.9317513
Pseudodiploria187593,0.4327804
Pseudodiploria187594,0.1100379
Pseudodiploria187595,-0.4202084
Pseudodiploria187596,-0.001346657
Pseudodiploria187597,0.5641681
Pseudodiploria187601,-0.2867046
Pseudodiploria187604,1.298524
Pseudodiploria187606,-1.039243
Pseudodiploria187607,0.1740009
Pseudodiploria187608,0.1864269
Pseudodiploria187611,0.2187176
Pseudodiploria187612,-0.2081826
Pseudodiploria187613,-0.4797071
Pseudodiploria187616,0.2233652
Pseudodiploria187617,1.259399
Pseudodiploria187620,0.01851078
Pseudodiploria187627,0.2255965
Pseudodiploria187628,-0.1050491
Pseudodiploria187629,0.04990884
Pseudodiploria187633,0.8062211
Pseudodiploria187635,-0.08237341
Pseudodiploria187642,0.1175593
Pseudodiploria187649,-0.3037804
Pseudodiploria187650,0.5675161
Pseudodiploria187651,0.07539128
Pseudodiploria187652,-0.2466315
Pseudodiploria187656,-0.02132767
Pseudodiploria187658,0.3900232
Pseudodiploria187659,0.3767635
Pseudodiploria187662,0.5474626
Pseudodiploria187664,0.3172371
Pseudodiploria187665,-0.7891455
Pseudodiploria187667,-0.2099624
Pseudodiploria187668,0.4997481
Pseudodiploria187669,-1.746504
Pseudodiploria187671,0.009991096
Pseudodiploria187674,-0.3120974
Pseudodiploria187675,-0.4795899
Pseudodiploria187676,-0.3465842
Pseudodiploria187677,-0.09293658
Pseudodiploria187680,-0.0141015
Pseudodiploria187681,0.1144704
Pseudodiploria187682,-0.2298223
Pseudodiploria187683,-0.2258168
Pseudodiploria187686,-0.1261056
Pseudodiploria187687,0.8964574
Pseudodiploria187689,0.2016929
Pseudodiploria187692,0.5216294
Pseudodiploria187693,0.3598406
Pseudodiploria187695,-0.1796288
Pseudodiploria187697,0.3889892
Pseudodiploria187704,-0.06923682
Pseudodiploria187706,-0.5101353
Pseudodiploria187708,-0.03193058
Pseudodiploria187709,0.1385264
Pseudodiploria187710,-0.1837369
Pseudodiploria187712,-0.2259785
Pseudodiploria187714,-0.4465048
Pseudodiploria187717,-0.2705328
Pseudodiploria187719,-0.7494459
Pseudodiploria187720,-0.1219194
Pseudodiploria187723,0.3282221
Pseudodiploria187727,0.1225126
Pseudodiploria187731,-0.2767529
Pseudodiploria187733,0.9379397
Pseudodiploria187736,0.1198911
Pseudodiploria187739,0.3850537
Pseudodiploria187741,0.3881537
Pseudodiploria187742,-0.08623345
Pseudodiploria187747,-0.008194613
Pseudodiploria187749,0.2142135
Pseudodiploria187751,0.1771656
Pseudodiploria187753,0.2924184
Pseudodiploria187754,-0.2733099
Pseudodiploria187755,0.01893256
Pseudodiploria187756,-0.3948401
Pseudodiploria187757,0.3372139
Pseudodiploria187758,-0.05460861
Pseudodiploria187759,0.3151783
Pseudodiploria187766,0.1461777
Pseudodiploria187768,-0.06538483
Pseudodiploria187774,-1.135361
Pseudodiploria187780,-0.1286157
Pseudodiploria187781,-0.0746546
Pseudodiploria187782,-0.2180596
Pseudodiploria187784,-0.4504283
Pseudodiploria187785,0.4441262
Pseudodiploria187790,0.3632361
Pseudodiploria187793,1.910389
Pseudodiploria187801,-0.09624108
Pseudodiploria187803,-0.02158083
Pseudodiploria187805,0.3604347
Pseudodiploria187807,-0.2193052
Pseudodiploria187811,-0.7867181
Pseudodiploria187815,-0.1684461
Pseudodiploria187819,-0.2915005
Pseudodiploria187823,-0.8605687
Pseudodiploria187824,0.5303985
Pseudodiploria187827,0.121075
Pseudodiploria187828,-0.2978562
Pseudodiploria187829,0.6766955
Pseudodiploria187832,0.2094465
Pseudodiploria187833,-0.008345069
Pseudodiploria187835,-0.3035973
Pseudodiploria187839,-0.4920934
Pseudodiploria187840,0.183017
Pseudodiploria187841,-0.4386567
Pseudodiploria187842,0.2709496
Pseudodiploria187845,-0.2697759
Pseudodiploria187846,-0.3503647
Pseudodiploria187850,0.2909639
Pseudodiploria187851,0.5424687
Pseudodiploria187855,0.07007447
Pseudodiploria187856,0.3604083
Pseudodiploria187861,0.3617496
Pseudodiploria187864,-0.3130603
Pseudodiploria187865,0.1396668
Pseudodiploria187869,-0.6941679
Pseudodiploria187872,-0.2908645
Pseudodiploria187873,0.79493
Pseudodiploria187877,0.05018782
Pseudodiploria187879,0.09823514
Pseudodiploria187880,-0.2387301
Pseudodiploria187883,0.1825564
Pseudodiploria187885,-0.6140152
Pseudodiploria187886,1.539162
Pseudodiploria187887,0.3432768
Pseudodiploria187894,-0.5503981
Pseudodiploria187896,0.2168477
Pseudodiploria187898,0.1558536
Pseudodiploria187901,0.3856799
Pseudodiploria187902,-0.251187
Pseudodiploria187903,-1.193828
Pseudodiploria187904,-0.04740734
Pseudodiploria187907,0.163309
Pseudodiploria187909,0.1452686
Pseudodiploria187913,-0.02568707
Pseudodiploria187916,-0.002126488
Pseudodiploria187917,0.004076923
Pseudodiploria187918,0.4186832
Pseudodiploria187919,-0.6266477
Pseudodiploria187921,-0.6522783
Pseudodiploria187930,-0.1773423
Pseudodiploria187931,0.1609105
Pseudodiploria187932,0.2145837
Pseudodiploria187933,0.04817078
Pseudodiploria187934,-0.4278492
Pseudodiploria187936,-1.126195
Pseudodiploria187939,-0.3410221
Pseudodiploria187942,-0.5373234
Pseudodiploria187947,0.5369341
Pseudodiploria187953,-0.1505543
Pseudodiploria187954,0.03972131
Pseudodiploria187955,0.5480909
Pseudodiploria187957,-0.2448075
Pseudodiploria187958,-0.3842112
Pseudodiploria187961,0.2600181
Pseudodiploria187966,0.07626102
Pseudodiploria187970,-0.6543133
Pseudodiploria187972,-0.05499245
Pseudodiploria187975,0.5809381
Pseudodiploria187976,0.8973771
Pseudodiploria187977,-0.06247519
Pseudodiploria187978,-0.05649526
Pseudodiploria187979,0.1473462
Pseudodiploria187980,-0.9938829
Pseudodiploria187983,-0.4795201
Pseudodiploria187984,0.04177088
Pseudodiploria187986,0.437947
Pseudodiploria187987,0.06289575
Pseudodiploria187988,0.8339473
Pseudodiploria187993,-0.4751585
Pseudodiploria187994,0.4259946
Pseudodiploria187999,-0.528691
Pseudodiploria188000,-0.2409343
Pseudodiploria188005,0.4742064
Pseudodiploria188008,0.2082196
Pseudodiploria188013,0.4030419
Pseudodiploria188015,0.01704527
Pseudodiploria188023,1.144627
Pseudodiploria188030,-1.454158
Pseudodiploria188035,-0.3963732
Pseudodiploria188041,-1.249726
Pseudodiploria188045,-0.1969037
Pseudodiploria188049,0.181068
Pseudodiploria188054,0.1281178
Pseudodiploria188055,-0.4851774
Pseudodiploria188056,0.9373055
Pseudodiploria188057,-0.4589017
Pseudodiploria188059,0.121852
Pseudodiploria188060,0.2116993
Pseudodiploria188061,0.2414713
Pseudodiploria188062,-0.1066505
Pseudodiploria188063,1.245444
Pseudodiploria188064,-0.07650295
Pseudodiploria188065,1.428335
Pseudodiploria188066,-1.228964
Pseudodiploria188068,0.1816221
Pseudodiploria188069,0.172862
Pseudodiploria188071,0.04205652
Pseudodiploria188074,0.3902964
Pseudodiploria188075,0.3343763
Pseudodiploria188076,0.2160937
Pseudodiploria188078,-0.09859539
Pseudodiploria188081,-0.04505303
Pseudodiploria188083,-0.2322226
Pseudodiploria188084,0.2612548
Pseudodiploria188086,-0.5555978
Pseudodiploria188089,-0.8454422
Pseudodiploria188091,0.07936786
Pseudodiploria188094,-0.03938005
Pseudodiploria188096,-0.26195
Pseudodiploria188105,0.3584861
Pseudodiploria188106,-0.1027363
Pseudodiploria188107,0.1782235
Pseudodiploria188108,-1.024986
Pseudodiploria188112,-0.1761027
Pseudodiploria188113,-0.1172191
Pseudodiploria188119,0.1310014
Pseudodiploria188120,-0.02108217
Pseudodiploria188123,0.7954582
Pseudodiploria188125,0.1732066
Pseudodiploria188127,-0.1660002
Pseudodiploria188129,-0.5788056
Pseudodiploria188133,-0.4977343
Pseudodiploria188134,0.271632
Pseudodiploria188135,0.3937381
Pseudodiploria188137,0.0192773
Pseudodiploria188138,0.1168602
Pseudodiploria188141,0.6580745
Pseudodiploria188142,0.3801021
Pseudodiploria188143,-1.219491
Pseudodiploria188144,-0.786965
Pseudodiploria188145,0.08130186
Pseudodiploria188149,0.3427411
Pseudodiploria188151,0.01563647
Pseudodiploria188152,0.05265742
Pseudodiploria188157,0.2283534
Pseudodiploria188159,-0.6426571
Pseudodiploria188161,-0.2153691
Pseudodiploria188163,0.1928371
Pseudodiploria188164,0.6273316
Pseudodiploria188167,0.1874523
Pseudodiploria188168,-0.07847083
Pseudodiploria188170,0.4863254
Pseudodiploria188177,-0.1505055
Pseudodiploria188179,-0.0513779
Pseudodiploria188181,0.2893559
Pseudodiploria188186,0.03829819
Pseudodiploria188189,0.2960995
Pseudodiploria188190,0.1428817
Pseudodiploria188191,0.005175289
Pseudodiploria188193,-0.07373393
Pseudodiploria188195,-0.09635941
Pseudodiploria188197,0.07404328
Pseudodiploria188198,-0.4924292
Pseudodiploria188201,-0.08023158
Pseudodiploria188202,-0.09982563
Pseudodiploria188203,0.2050085
Pseudodiploria188204,0.7512803
Pseudodiploria188205,0.08236154
Pseudodiploria188209,0.04203585
Pseudodiploria188211,-0.6472342
Pseudodiploria188216,0.5226308
Pseudodiploria188217,-0.2960079
Pseudodiploria188221,-0.7014147
Pseudodiploria188222,-0.07999712
Pseudodiploria188223,-0.641391
Pseudodiploria188224,0.4681061
Pseudodiploria188225,-0.2602197
Pseudodiploria188226,-0.5960319
Pseudodiploria188230,-0.5483631
Pseudodiploria188234,0.6298718
Pseudodiploria188239,-0.4548204
Pseudodiploria188242,-0.1621252
Pseudodiploria188246,-0.04750104
Pseudodiploria188247,0.1865037
Pseudodiploria188251,0.3380037
Pseudodiploria188252,0.1300441
Pseudodiploria188254,-0.1083985
Pseudodiploria188255,1.685634
Pseudodiploria188256,-0.04105342
Pseudodiploria188258,-0.3782241
Pseudodiploria188261,0.0318277
Pseudodiploria188262,-0.7662148
Pseudodiploria188263,-0.2759634
Pseudodiploria188264,0.2734548
Pseudodiploria188266,-0.4310161
Pseudodiploria188268,-0.02185353
Pseudodiploria188269,0.4387787
Pseudodiploria188271,0.2359264
Pseudodiploria188272,0.6499922
Pseudodiploria188273,-1.27717
Pseudodiploria188274,0.5984837
Pseudodiploria188275,0.1439671
Pseudodiploria188276,-0.3720105
Pseudodiploria188278,0.2074403
Pseudodiploria188280,0.2323798
Pseudodiploria188282,-0.2404824
Pseudodiploria188285,-0.4398294
Pseudodiploria188287,0.2472644
Pseudodiploria188288,-0.04057081
Pseudodiploria188289,-0.8024662
Pseudodiploria188290,0.04437751
Pseudodiploria188291,0.6326068
Pseudodiploria188296,0.2401545
Pseudodiploria188298,0.0682486
Pseudodiploria188301,-0.107183
Pseudodiploria188304,-0.3672577
Pseudodiploria188306,0.2307828
Pseudodiploria188308,0.6892145
Pseudodiploria188310,-0.06653078
Pseudodiploria188311,-0.4604334
Pseudodiploria188314,-0.4424025
Pseudodiploria188316,-0.0021819
Pseudodiploria188319,0.2391417
Pseudodiploria188322,0.06382758
Pseudodiploria188323,-0.08528945
Pseudodiploria188324,0.1786822
Pseudodiploria188326,-0.2886528
Pseudodiploria188328,0.718482
Pseudodiploria188331,-0.276001
Pseudodiploria188332,-0.1138964
Pseudodiploria188333,0.4088097
Pseudodiploria188336,0.7074085
Pseudodiploria188338,0.02569604
Pseudodiploria188339,0.1997471
Pseudodiploria188340,-0.02449229
Pseudodiploria188343,-0.504672
Pseudodiploria188344,0.4471937
Pseudodiploria188345,-0.3785761
Pseudodiploria188347,0.1050676
Pseudodiploria188349,0.2046095
Pseudodiploria188350,-0.3728684
Pseudodiploria188351,0.2958016
Pseudodiploria188354,0.7939604
Pseudodiploria188356,0.1036474
Pseudodiploria188357,0.4935925
Pseudodiploria188359,0.4386901
Pseudodiploria188360,0.5630703
Pseudodiploria188361,0.4032776
Pseudodiploria188364,0.4821829
Pseudodiploria188365,-0.7181632
Pseudodiploria188371,-0.006132297
Pseudodiploria188373,-0.09420335
Pseudodiploria188374,-0.3619803
Pseudodiploria188375,-0.3204105
Pseudodiploria188378,1.043447
Pseudodiploria188379,0.3985633
Pseudodiploria188382,-1.013612
Pseudodiploria188384,-0.0001888336
Pseudodiploria188387,-0.06280948
Pseudodiploria188393,0.3802729
Pseudodiploria188396,0.005845037
Pseudodiploria188398,0.07930625
Pseudodiploria188405,-0.2300884
Pseudodiploria188407,0.6071882
Pseudodiploria188410,0.1646876
Pseudodiploria188412,-0.1946027
Pseudodiploria188414,-0.1622396
Pseudodiploria188415,-0.1495532
Pseudodiploria188423,-0.1482242
Pseudodiploria188424,-0.3413084
Pseudodiploria188426,0.6023819
Pseudodiploria188428,-0.7408305
Pseudodiploria188431,0.191936
Pseudodiploria188432,0.1981056
Pseudodiploria188434,0.571997
Pseudodiploria188437,0.6926906
Pseudodiploria188438,0.3125026
Pseudodiploria188442,-0.2422895
Pseudodiploria188443,0.1988023
Pseudodiploria188445,0.2962716
Pseudodiploria188446,-0.3967828
Pseudodiploria188449,-0.05053413
Pseudodiploria188451,1.037794
Pseudodiploria188456,-0.432378
Pseudodiploria188457,0.1719061
Pseudodiploria188460,0.09620881
Pseudodiploria188461,-0.1257582
Pseudodiploria188462,-1.13142
Pseudodiploria188466,-0.520609
Pseudodiploria188467,0.1575267
Pseudodiploria188469,0.2143804
Pseudodiploria188472,0.09200898
Pseudodiploria188473,0.5051946
Pseudodiploria188474,0.1769266
Pseudodiploria188475,-0.02077421
Pseudodiploria188478,0.1155322
Pseudodiploria188479,0.4019667
Pseudodiploria188482,0.6193691
Pseudodiploria188484,-0.3598503
Pseudodiploria188486,0.2060373
Pseudodiploria188487,0.4165543
Pseudodiploria188489,0.04654054
Pseudodiploria188491,-0.5587187
Pseudodiploria188492,-0.6222945
Pseudodiploria188497,-0.2863037
Pseudodiploria188498,0.4083139
Pseudodiploria188499,0.2721747
Pseudodiploria188505,-0.1480247
Pseudodiploria188506,-0.1437082
Pseudodiploria188507,1.41373
Pseudodiploria188508,0.4693654
Pseudodiploria188510,-0.04528679
Pseudodiploria188512,0.3563573
Pseudodiploria188513,0.4235932
Pseudodiploria188514,0.01583991
Pseudodiploria188515,-0.1999362
Pseudodiploria188516,-0.5883558
Pseudodiploria188523,0.6954508
Pseudodiploria188524,1.02793
Pseudodiploria188527,0.1203907
Pseudodiploria188528,-0.06740443
Pseudodiploria188530,0.1003133
Pseudodiploria188531,-0.3579367
Pseudodiploria188534,0.06209561
Pseudodiploria188535,0.2318381
Pseudodiploria188536,0.2547379
Pseudodiploria188537,-0.5472486
Pseudodiploria188539,0.0720069
Pseudodiploria188541,-0.3047478
Pseudodiploria188545,0.5805736
Pseudodiploria188547,-0.0811096
Pseudodiploria188552,0.2987565
Pseudodiploria188554,0.3759381
Pseudodiploria188560,-0.09016776
Pseudodiploria188561,-0.07407313
Pseudodiploria188562,0.1742035
Pseudodiploria188564,-1.023558
Pseudodiploria188565,0.1101035
Pseudodiploria188567,-0.1866619
Pseudodiploria188568,-0.2905969
Pseudodiploria188573,-1.105777
Pseudodiploria188576,0.02017659
Pseudodiploria188577,0.1306796
Pseudodiploria188579,-0.2371134
Pseudodiploria188582,-1.266741
Pseudodiploria188583,0.3270034
Pseudodiploria188584,0.3343767
Pseudodiploria188585,0.4893155
Pseudodiploria188586,-0.1814002
Pseudodiploria188587,0.02329601
Pseudodiploria188588,0.1084809
Pseudodiploria188589,-0.3672969
Pseudodiploria188590,-0.04204293
Pseudodiploria188593,0.5786242
Pseudodiploria188594,-0.6031146
Pseudodiploria188595,0.1682737
Pseudodiploria188596,-0.7143322
Pseudodiploria188598,-0.7900729
Pseudodiploria188599,-0.001702546
Pseudodiploria188602,-0.2027964
Pseudodiploria188607,-0.1849894
Pseudodiploria188608,0.2201705
Pseudodiploria188609,0.7646984
Pseudodiploria188610,0.2287831
Pseudodiploria188612,0.4523506
Pseudodiploria188618,0.2092469
Pseudodiploria188619,0.2338234
Pseudodiploria188622,0.02662522
Pseudodiploria188624,-0.9540563
Pseudodiploria188625,-0.5195088
Pseudodiploria188626,2.406495
Pseudodiploria188627,0.7456034
Pseudodiploria188628,-0.6510622
Pseudodiploria188630,0.320767
Pseudodiploria188635,-0.1907978
Pseudodiploria188637,0.151643
Pseudodiploria188638,0.1571296
Pseudodiploria188639,-0.322452
Pseudodiploria188640,-0.1538593
Pseudodiploria188642,0.4175668
Pseudodiploria188643,-0.02895591
Pseudodiploria188644,0.9757732
Pseudodiploria188645,0.05914709
Pseudodiploria188646,0.02868017
Pseudodiploria188649,-0.1466551
Pseudodiploria188652,-0.1009617
Pseudodiploria188653,-0.7725707
Pseudodiploria188656,0.08501284
Pseudodiploria188658,-0.6636887
Pseudodiploria188659,-0.4796313
Pseudodiploria188664,0.3193567
Pseudodiploria188665,0.1554135
Pseudodiploria188669,0.107123
Pseudodiploria188671,0.2613353
Pseudodiploria188672,1.562054
Pseudodiploria188678,0.3278723
Pseudodiploria188681,0.657158
Pseudodiploria188682,0.3100844
Pseudodiploria188683,0.340611
Pseudodiploria188685,0.2897063
Pseudodiploria188686,-0.2397261
Pseudodiploria188687,0.005157133
Pseudodiploria188688,0.2305547
Pseudodiploria188689,-0.06859894
Pseudodiploria188693,0.008174549
Pseudodiploria188694,0.4833346
Pseudodiploria188699,0.4670665
Pseudodiploria188700,-0.3941075
Pseudodiploria188705,0.2198562
Pseudodiploria188710,0.3351638
Pseudodiploria188714,0.4094838
Pseudodiploria188715,-0.7368344
Pseudodiploria188716,-0.3515517
Pseudodiploria188717,-0.7199724
Pseudodiploria188718,-0.1503496
Pseudodiploria188719,0.5171019
Pseudodiploria188721,0.1953723
Pseudodiploria188724,0.1738383
Pseudodiploria188725,0.2524726
Pseudodiploria188728,-0.1371278
Pseudodiploria188730,-1.332286
Pseudodiploria188731,0.04841981
Pseudodiploria188733,-0.8508684
Pseudodiploria188737,0.6871496
Pseudodiploria188738,0.1354056
Pseudodiploria188739,0.2663737
Pseudodiploria188741,-0.4499463
Pseudodiploria188743,-0.4782381
Pseudodiploria188745,-0.6919438
Pseudodiploria188750,0.02149181
Pseudodiploria188751,-0.05913219
Pseudodiploria188757,-0.01953537
Pseudodiploria188760,-0.5214968
Pseudodiploria188761,1.029298
Pseudodiploria188764,0.3935915
Pseudodiploria188765,0.6858273
Pseudodiploria188766,0.4942221
Pseudodiploria188767,-1.642429
Pseudodiploria188770,0.02892297
Pseudodiploria188771,-0.3146266
Pseudodiploria188775,-0.1522826
Pseudodiploria188778,-0.1038703
Pseudodiploria188779,0.06054678
Pseudodiploria188780,-0.4939909
Pseudodiploria188782,0.7097952
Pseudodiploria188783,-1.00795
Pseudodiploria188784,0.01732956
Pseudodiploria188786,0.1259578
Pseudodiploria188787,-0.2564648
Pseudodiploria188788,0.4072006
Pseudodiploria188790,0.3475328
Pseudodiploria188793,0.3994052
Pseudodiploria188794,-0.2718168
Pseudodiploria188797,-0.8366088
Pseudodiploria188800,-0.2670181
Pseudodiploria188803,-0.07895295
Pseudodiploria188805,0.2167545
Pseudodiploria188806,-0.4505664
Pseudodiploria188808,0.07184266
Pseudodiploria188810,0.5031377
Pseudodiploria188812,0.04255654
Pseudodiploria188815,0.07228366
Pseudodiploria188817,0.1032761
Pseudodiploria188818,0.9525241
Pseudodiploria188819,0.1660282
Pseudodiploria188821,0.3202681
Pseudodiploria188824,-0.3146845
Pseudodiploria188825,0.4847094
Pseudodiploria188827,0.04407753
Pseudodiploria188829,0.09021115
Pseudodiploria188832,0.08734444
Pseudodiploria188833,-1.003727
Pseudodiploria188835,-0.07345657
Pseudodiploria188836,-0.1034524
Pseudodiploria188842,0.5061586
Pseudodiploria188843,0.1590674
Pseudodiploria188845,-0.3755014
Pseudodiploria188846,0.1234159
Pseudodiploria188849,-0.329244
Pseudodiploria188850,0.8239608
Pseudodiploria188853,0.02681503
Pseudodiploria188855,-0.1696591
Pseudodiploria188860,-0.3311749
Pseudodiploria188861,-1.532259
Pseudodiploria188862,0.1422315
Pseudodiploria188865,-0.6655107
Pseudodiploria188866,-0.0107261
Pseudodiploria188867,-0.5750059
Pseudodiploria188868,-0.08277447
Pseudodiploria188871,0.06436614
Pseudodiploria188872,-0.2769246
Pseudodiploria188874,0.4242371
Pseudodiploria188884,0.0995105
Pseudodiploria188886,0.250262
Pseudodiploria188887,0.4643108
Pseudodiploria188888,0.3567631
Pseudodiploria188889,0.2920905
Pseudodiploria188891,-0.4983701
Pseudodiploria188894,0.2449925
Pseudodiploria188899,-0.002950796
Pseudodiploria188900,-0.1515342
Pseudodiploria188905,-0.2518464
Pseudodiploria188906,0.04562902
Pseudodiploria188908,0.0329721
Pseudodiploria188910,0.2929858
Pseudodiploria188911,-0.1891264
Pseudodiploria188917,-0.5113306
Pseudodiploria188920,-0.6987267
Pseudodiploria188923,0.4454037
Pseudodiploria188926,0.333411
Pseudodiploria188929,0.4837767
Pseudodiploria188930,-0.1157809
Pseudodiploria188931,-0.03744379
Pseudodiploria188932,0.3583523
Pseudodiploria188936,0.357341
Pseudodiploria188937,0.2295696
Pseudodiploria188939,0.2616506
Pseudodiploria188940,0.1182434
Pseudodiploria188943,-0.6434076
Pseudodiploria188945,-0.1846886
Pseudodiploria188949,0.1372176
Pseudodiploria188951,1.531968
Pseudodiploria188952,0.4348221
Pseudodiploria188953,0.2430231
Pseudodiploria188954,0.01649533
Pseudodiploria188956,-0.2471679
Pseudodiploria188957,0.02330536
Pseudodiploria188959,-0.2844519
Pseudodiploria188960,0.1449382
Pseudodiploria188965,0.4271046
Pseudodiploria188969,0.2624862
Pseudodiploria188970,0.3535833
Pseudodiploria188975,1.210445
Pseudodiploria188977,0.2564901
Pseudodiploria188978,0.4405034
Pseudodiploria188980,-0.3486285
Pseudodiploria188981,0.6642347
Pseudodiploria188986,0.4027633
Pseudodiploria188987,-0.6429596
Pseudodiploria188988,0.4874257
Pseudodiploria188990,0.3824854
Pseudodiploria188992,0.4720068
Pseudodiploria188994,0.4706826
Pseudodiploria188997,0.8120074
Pseudodiploria189000,0.6602682
Pseudodiploria189003,1.485874
Pseudodiploria189004,0.005513831
Pseudodiploria189005,0.04035114
Pseudodiploria189006,-0.1840591
Pseudodiploria189007,-0.5249261
Pseudodiploria189009,0.2365855
Pseudodiploria189011,0.08226614
Pseudodiploria189012,-0.2015177
Pseudodiploria189016,0.6089884
Pseudodiploria189017,0.3094722
Pseudodiploria189021,1.125037
Pseudodiploria189023,0.7425811
Pseudodiploria189024,0.2253506
Pseudodiploria189025,0.1116692
Pseudodiploria189026,0.6239832
Pseudodiploria189027,0.1044385
Pseudodiploria189028,0.2126369
Pseudodiploria189029,0.03755424
Pseudodiploria189030,0.7588648
Pseudodiploria189032,-0.05027982
Pseudodiploria189036,0.1446777
Pseudodiploria189038,2.055327
Pseudodiploria189043,-0.1546707
Pseudodiploria189047,0.162162
Pseudodiploria189050,-0.05198185
Pseudodiploria189052,-0.3862622
Pseudodiploria189053,0.7322412
Pseudodiploria189054,-0.07818025
Pseudodiploria189056,0.06225601
Pseudodiploria189057,0.5908325
Pseudodiploria189058,1.316488
Pseudodiploria189060,0.5788056
Pseudodiploria189061,0.007721525
Pseudodiploria189064,0.2511271
Pseudodiploria189065,0.09774985
Pseudodiploria189066,0.6558998
Pseudodiploria189068,-0.4307139
Pseudodiploria189069,-0.2412895
Pseudodiploria189070,0.4869089
Pseudodiploria189071,-0.07548825
Pseudodiploria189072,-0.4590557
Pseudodiploria189074,-0.213599
Pseudodiploria189075,1.641515
Pseudodiploria189076,1.258507
Pseudodiploria189077,0.3612964
Pseudodiploria189079,-0.1134745
Pseudodiploria189082,0.2634361
Pseudodiploria189084,0.6699008
Pseudodiploria189087,0.1009009
Pseudodiploria189088,0.7937588
Pseudodiploria189089,-0.5781258
Pseudodiploria189091,0.09251767
Pseudodiploria189095,-0.01429957
Pseudodiploria189096,-0.216347
Pseudodiploria189097,0.241651
Pseudodiploria189100,0.3177772
Pseudodiploria189101,0.447448
Pseudodiploria189102,0.4426389
Pseudodiploria189104,0.2758938
Pseudodiploria189106,0.06855384
Pseudodiploria189109,-0.0200412
Pseudodiploria189110,0.1775819
Pseudodiploria189111,-0.3768796
Pseudodiploria189113,0.4568649
Pseudodiploria189114,1.092263
Pseudodiploria189123,-0.2705015
Pseudodiploria189124,0.2618167
Pseudodiploria189127,0.09058385
Pseudodiploria189131,0.09928142
Pseudodiploria189133,-0.1119695
Pseudodiploria189134,-0.3760136
Pseudodiploria189136,0.009288667
Pseudodiploria189137,0.4783142
Pseudodiploria189138,0.1084344
Pseudodiploria189139,0.09584072
Pseudodiploria189141,-0.04444139
Pseudodiploria189145,0.1703276
Pseudodiploria189146,0.1261029
Pseudodiploria189149,-0.2502192
Pseudodiploria189153,-0.1665104
Pseudodiploria189156,-0.130233
Pseudodiploria189160,0.06267759
Pseudodiploria189161,-1.343883
Pseudodiploria189162,0.04433874
Pseudodiploria189163,-0.1640306
Pseudodiploria189165,-0.4041381
Pseudodiploria189166,-1.169801
Pseudodiploria189168,0.1525322
Pseudodiploria189169,0.2778114
Pseudodiploria189170,-0.2069772
Pseudodiploria189174,-0.3810415
Pseudodiploria189176,0.1345622
Pseudodiploria189178,0.4871955
Pseudodiploria189179,0.08292406
Pseudodiploria189180,-0.2527694
Pseudodiploria189181,0.2618077
Pseudodiploria189182,-0.347814
Pseudodiploria189184,-0.6474226
Pseudodiploria189185,0.4544265
Pseudodiploria189186,0.4466277
Pseudodiploria189188,0.4715357
Pseudodiploria189189,-0.2461272
Pseudodiploria189190,0.7167544
Pseudodiploria189191,0.06568073
Pseudodiploria189192,-0.8455018
Pseudodiploria189196,0.02855981
Pseudodiploria189197,-0.571701
Pseudodiploria189198,-0.4440826
Pseudodiploria189200,-0.02170462
Pseudodiploria189202,0.6010666
Pseudodiploria189203,0.6115602
Pseudodiploria189208,-0.6872729
Pseudodiploria189209,0.3034878
Pseudodiploria189211,0.5008935
Pseudodiploria189212,0.0122416
Pseudodiploria189213,-0.7207581
Pseudodiploria189214,0.008314174
Pseudodiploria189217,-0.1674132
Pseudodiploria189218,-0.2895697
Pseudodiploria189220,0.3995175
Pseudodiploria189222,-0.075505
Pseudodiploria189225,0.1223399
Pseudodiploria189228,0.1131599
Pseudodiploria189229,-0.07785807
Pseudodiploria189230,-0.4468782
Pseudodiploria189231,0.1180877
Pseudodiploria189232,-0.2192688
Pseudodiploria189233,-0.1714164
Pseudodiploria189235,-0.1394689
Pseudodiploria189238,0.1384704
Pseudodiploria189239,-0.2597266
Pseudodiploria189246,-0.7983864
Pseudodiploria189247,0.5345664
Pseudodiploria189248,0.02129323
Pseudodiploria189249,-0.9023919
Pseudodiploria189252,0.3358216
Pseudodiploria189258,0.07485462
Pseudodiploria189264,0.3439123
Pseudodiploria189265,0.1660718
Pseudodiploria189266,-0.4922387
Pseudodiploria189267,0.9588548
Pseudodiploria189270,-0.1323132
Pseudodiploria189273,0.2000855
Pseudodiploria189276,0.09777523
Pseudodiploria189277,-0.004683702
Pseudodiploria189278,-0.5184167
Pseudodiploria189280,-0.1717989
Pseudodiploria189281,0.03471187
Pseudodiploria189282,-0.1547305
Pseudodiploria189286,0.4413236
Pseudodiploria189287,0.2816645
Pseudodiploria189288,0.7974312
Pseudodiploria189289,-1.177423
Pseudodiploria189290,0.2373269
Pseudodiploria189292,0.546659
Pseudodiploria189293,0.3278384
Pseudodiploria189294,0.1284769
Pseudodiploria189295,0.3502516
Pseudodiploria189296,1.082569
Pseudodiploria189298,-0.2198119
Pseudodiploria189299,-0.2453922
Pseudodiploria189303,-0.06130397
Pseudodiploria189304,0.7144596
Pseudodiploria189307,-0.02475667
Pseudodiploria189308,-0.5060881
Pseudodiploria189310,0.07236871
Pseudodiploria189312,0.7016869
Pseudodiploria189315,-0.535015
Pseudodiploria189316,-0.8328515
Pseudodiploria189317,-0.3338988
Pseudodiploria189318,-0.04066773
Pseudodiploria189326,-0.02728804
Pseudodiploria189328,0.5485147
Pseudodiploria189330,0.2711684
Pseudodiploria189331,0.156377
Pseudodiploria189332,-0.6976371
Pseudodiploria189335,-0.04493999
Pseudodiploria189337,-0.07087557
Pseudodiploria189340,0.1221717
Pseudodiploria189341,-0.3174539
Pseudodiploria189347,0.9220105
Pseudodiploria189348,0.1092737
Pseudodiploria189354,0.4402893
Pseudodiploria189355,0.2960185
Pseudodiploria189357,0.3130115
Pseudodiploria189358,0.2082544
Pseudodiploria189359,0.138
Pseudodiploria189365,0.0608861
Pseudodiploria189371,-0.4588941
Pseudodiploria189372,-0.1790844
Pseudodiploria189373,0.294329
Pseudodiploria189377,-0.2975015
Pseudodiploria189378,0.178905
Pseudodiploria189379,0.3107353
Pseudodiploria189382,-0.243837
Pseudodiploria189385,0.002960117
Pseudodiploria189386,0.1414355
Pseudodiploria189389,-0.2659108
Pseudodiploria189390,-0.1390717
Pseudodiploria189391,0.4221257
Pseudodiploria189394,0.86235
Pseudodiploria189395,-0.02426033
Pseudodiploria189398,0.468514
Pseudodiploria189400,0.5529961
Pseudodiploria189402,0.07441191
Pseudodiploria189404,-0.5854847
Pseudodiploria189409,-0.1366081
Pseudodiploria189410,-0.0197666
Pseudodiploria189411,0.1103055
Pseudodiploria189412,-0.8039572
Pseudodiploria189420,-0.182023
Pseudodiploria189421,-0.07641381
Pseudodiploria189422,0.2722684
Pseudodiploria189423,0.1889018
Pseudodiploria189427,0.4604551
Pseudodiploria189429,-0.2032214
Pseudodiploria189431,0.209509
Pseudodiploria189432,0.6984894
Pseudodiploria189433,-0.01069231
Pseudodiploria189436,-0.0962002
Pseudodiploria189437,0.9737439
Pseudodiploria189438,0.02389504
Pseudodiploria189439,-0.1109747
Pseudodiploria189442,-0.4720675
Pseudodiploria189443,-0.6215712
Pseudodiploria189444,-0.7002263
Pseudodiploria189448,0.1523017
Pseudodiploria189452,0.3874144
Pseudodiploria189453,0.3072824
Pseudodiploria189457,-0.1428906
Pseudodiploria189458,-0.004862368
Pseudodiploria189462,-0.2047678
Pseudodiploria189463,0.2481036
Pseudodiploria189465,0.04957395
Pseudodiploria189467,0.1143199
Pseudodiploria189468,0.1537663
Pseudodiploria189469,-1.098778
Pseudodiploria189470,0.111506
Pseudodiploria189472,-0.1631412
Pseudodiploria189473,-0.4048814
Pseudodiploria189477,0.7168961
Pseudodiploria189479,-0.01961307
Pseudodiploria189484,-1.782175
Pseudodiploria189485,0.09541028
Pseudodiploria189487,0.2190582
Pseudodiploria189489,0.2764889
Pseudodiploria189490,-0.4189509
Pseudodiploria189492,-0.09281705
Pseudodiploria189494,-0.2093879
Pseudodiploria189495,0.3065793
Pseudodiploria189496,-0.06837522
Pseudodiploria189498,-0.1341715
Pseudodiploria189499,-0.1363653
Pseudodiploria189500,-0.1344053
Pseudodiploria189501,0.2443558
Pseudodiploria189503,-0.3662129
Pseudodiploria189504,-0.4669519
Pseudodiploria189506,-0.1279134
Pseudodiploria189508,-0.7524588
Pseudodiploria189509,-0.05759167
Pseudodiploria189510,-0.07407646
Pseudodiploria189512,0.08859063
Pseudodiploria189513,-0.8655243
Pseudodiploria189514,-0.4591008
Pseudodiploria189516,0.1333352
Pseudodiploria189519,0.3084639
Pseudodiploria189521,1.272544
Pseudodiploria189522,0.3457189
Pseudodiploria189526,-0.1943548
Pseudodiploria189529,-0.7122451
Pseudodiploria189533,0.2090296
Pseudodiploria189534,0.4753863
Pseudodiploria189536,0.1834915
Pseudodiploria189541,0.1120203
Pseudodiploria189542,-0.08014594
Pseudodiploria189543,-0.1489499
Pseudodiploria189545,0.352746
Pseudodiploria189546,0.008474805
Pseudodiploria189547,-0.09815246
Pseudodiploria189549,0.008613083
Pseudodiploria189550,-0.2230937
Pseudodiploria189551,-0.08922486
Pseudodiploria189552,0.2903669
Pseudodiploria189553,0.1821935
Pseudodiploria189554,0.09952612
Pseudodiploria189555,0.8752696
Pseudodiploria189556,-0.321921
Pseudodiploria189557,-0.1247184
Pseudodiploria189558,0.4028744
Pseudodiploria189559,-1.079416
Pseudodiploria189562,0.3792377
Pseudodiploria189565,0.04768916
Pseudodiploria189570,0.4323096
Pseudodiploria189571,-0.680625
Pseudodiploria189572,0.138461
Pseudodiploria189574,0.200937
Pseudodiploria189576,1.234121
Pseudodiploria189578,0.1360011
Pseudodiploria189579,0.2555073
Pseudodiploria189580,-0.6137236
Pseudodiploria189583,0.06718384
Pseudodiploria189584,0.08226413
Pseudodiploria189585,0.3807236
Pseudodiploria189590,0.4385741
Pseudodiploria189591,0.1261677
Pseudodiploria189595,0.210598
Pseudodiploria189596,0.6853775
Pseudodiploria189604,0.1054769
Pseudodiploria189607,-0.6970145
Pseudodiploria189608,-1.049492
Pseudodiploria189609,0.03244783
Pseudodiploria189610,0.820153
Pseudodiploria189611,-0.2602612
Pseudodiploria189612,0.9396455
Pseudodiploria189614,-0.4978812
Pseudodiploria189616,-0.2145363
Pseudodiploria189617,-0.06683783
Pseudodiploria189618,-1.18521
Pseudodiploria189620,-0.7113665
Pseudodiploria189623,-0.2645024
Pseudodiploria189627,0.3670722
Pseudodiploria189628,0.6592335
Pseudodiploria189630,-0.4165276
Pseudodiploria189631,0.07086341
Pseudodiploria189632,0.2540127
Pseudodiploria189638,0.3680106
Pseudodiploria189640,0.05770353
Pseudodiploria189642,0.489808
Pseudodiploria189643,-0.6643705
Pseudodiploria189644,-0.06513724
Pseudodiploria189645,-0.3189247
Pseudodiploria189646,0.1273915
Pseudodiploria189647,0.4428949
Pseudodiploria189650,-0.08208782
Pseudodiploria189652,-0.10087
Pseudodiploria189654,-0.05191606
Pseudodiploria189656,-0.09700624
Pseudodiploria189657,-0.661261
Pseudodiploria189661,-0.388573
Pseudodiploria189663,-0.3477393
Pseudodiploria189664,-0.220907
Pseudodiploria189666,0.1431595
Pseudodiploria189671,-0.1952894
Pseudodiploria189673,-0.1617523
Pseudodiploria189675,-0.1223414
Pseudodiploria189677,-0.1948256
Pseudodiploria189686,0.490397
Pseudodiploria189688,0.1592167
Pseudodiploria189689,-0.1910347
Pseudodiploria189691,0.3919959
Pseudodiploria189692,0.7284401
Pseudodiploria189693,-0.2899546
Pseudodiploria189696,-0.4239629
Pseudodiploria189697,-0.3764469
Pseudodiploria189698,-0.5956047
Pseudodiploria189699,0.3206271
Pseudodiploria189702,-0.6569973
Pseudodiploria189703,0.1615616
Pseudodiploria189704,-0.3424507
Pseudodiploria189706,0.8031049
Pseudodiploria189707,0.08090808
Pseudodiploria189710,0.4964149
Pseudodiploria189711,0.07344823
Pseudodiploria189712,0.02466176
Pseudodiploria189714,-0.1317068
Pseudodiploria189715,1.01413
Pseudodiploria189716,-0.7191256
Pseudodiploria189718,0.06431964
Pseudodiploria189721,0.7586252
Pseudodiploria189723,0.00115115
Pseudodiploria189724,0.178148
Pseudodiploria189727,-0.5058349
Pseudodiploria189728,-0.434138
Pseudodiploria189729,-0.1533035
Pseudodiploria189730,0.685747
Pseudodiploria189732,-0.03013659
Pseudodiploria189733,-0.0220519
Pseudodiploria189735,0.4248607
Pseudodiploria189737,0.05694458
Pseudodiploria189738,0.202674
Pseudodiploria189740,0.02797528
Pseudodiploria189742,-0.6409605
Pseudodiploria189743,-0.190681
Pseudodiploria189747,0.1134195
Pseudodiploria189750,0.4937028
Pseudodiploria189754,0.2428411
Pseudodiploria189755,0.1424973
Pseudodiploria189756,0.02085223
Pseudodiploria189757,0.371273
Pseudodiploria189759,-0.1965126
Pseudodiploria189760,-0.02587957
Pseudodiploria189764,-0.3065938
Pseudodiploria189765,1.040552
Pseudodiploria189770,-0.1127922
Pseudodiploria189773,0.1694166
Pseudodiploria189774,-0.08373726
Pseudodiploria189775,-0.1964025
Pseudodiploria189777,0.1300617
Pseudodiploria189778,-0.3821806
Pseudodiploria189789,0.1812607
Pseudodiploria189794,0.04446637
Pseudodiploria189796,0.4060267
Pseudodiploria189800,1.740142
Pseudodiploria189805,0.2753974
Pseudodiploria189806,0.1897707
Pseudodiploria189809,-0.07703683
Pseudodiploria189815,0.04952065
Pseudodiploria189816,0.5920704
Pseudodiploria189818,0.6116648
Pseudodiploria189820,-0.1649204
Pseudodiploria189825,-0.2135253
Pseudodiploria189826,0.2731865
Pseudodiploria189827,0.0789065
Pseudodiploria189828,1.070491
Pseudodiploria189830,-0.1886401
Pseudodiploria189831,-0.2604155
Pseudodiploria189832,-0.6427284
Pseudodiploria189834,0.307489
Pseudodiploria189835,0.08644308
Pseudodiploria189836,0.3446175
Pseudodiploria189838,-0.01805632
Pseudodiploria189839,-0.06530505
Pseudodiploria189840,0.5502875
Pseudodiploria189841,0.8669348
Pseudodiploria189842,-0.3212308
Pseudodiploria189844,-0.6447024
Pseudodiploria189846,-0.4660294
Pseudodiploria189854,-0.3335691
Pseudodiploria189856,0.5038928
Pseudodiploria189857,-0.1782116
Pseudodiploria189858,0.2822154
Pseudodiploria189860,0.4429509
Pseudodiploria189862,-0.1438172
Pseudodiploria189863,0.1365137
Pseudodiploria189865,-0.1121946
Pseudodiploria189866,-0.06867496
Pseudodiploria189868,-0.841268
Pseudodiploria189869,-0.9934973
Pseudodiploria189870,0.3273925
Pseudodiploria189872,-0.03845847
Pseudodiploria189873,0.04262716
Pseudodiploria189875,0.4079648
Pseudodiploria189878,-0.08371589
Pseudodiploria189879,-0.02946589
Pseudodiploria189880,0.8855495
Pseudodiploria189884,0.1510357
Pseudodiploria189885,0.6125955
Pseudodiploria189887,-0.4622425
Pseudodiploria189888,0.2534441
Pseudodiploria189890,-0.2383203
Pseudodiploria189891,-0.09123694
Pseudodiploria189892,0.2960703
Pseudodiploria189893,0.5483295
Pseudodiploria189894,-0.4987039
Pseudodiploria189895,-0.06705995
Pseudodiploria189897,0.1398169
Pseudodiploria189900,0.9213833
Pseudodiploria189902,0.2909665
Pseudodiploria189903,0.1683114
Pseudodiploria189904,0.1157369
Pseudodiploria189905,0.1752114
Pseudodiploria189906,-0.6745493
Pseudodiploria189913,-1.555212
Pseudodiploria189916,-0.03066764
Pseudodiploria189918,0.007014029
Pseudodiploria189919,0.6964713
Pseudodiploria189923,-0.2580025
Pseudodiploria189926,0.02604606
Pseudodiploria189929,-0.09815788
Pseudodiploria189931,-0.5121889
Pseudodiploria189935,-0.239165
Pseudodiploria189937,-0.2284947
Pseudodiploria189938,0.1833936
Pseudodiploria189940,-0.262485
Pseudodiploria189943,0.1927746
Pseudodiploria189944,0.4822089
Pseudodiploria189947,0.06794552
Pseudodiploria189950,-0.4084501
Pseudodiploria189951,0.1822914
Pseudodiploria189952,0.7208086
Pseudodiploria189957,-0.1988259
Pseudodiploria189958,-0.1443797
Pseudodiploria189962,-0.1092775
Pseudodiploria189965,-0.8397816
Pseudodiploria189967,-0.03849509
Pseudodiploria189968,0.3536704
Pseudodiploria189969,-0.6863297
Pseudodiploria189970,0.6115561
Pseudodiploria189980,0.08179031
Pseudodiploria189981,0.7141718
Pseudodiploria189983,0.2782933
Pseudodiploria189984,-0.7039689
Pseudodiploria189985,-0.513082
Pseudodiploria189987,-0.1892728
Pseudodiploria189989,-0.3051794
Pseudodiploria189991,0.4849336
Pseudodiploria189992,0.037813
Pseudodiploria189993,-0.02536362
Pseudodiploria189997,-0.1988785
Pseudodiploria189999,0.2984951
Pseudodiploria190002,0.2458894
Pseudodiploria190003,-0.606765
Pseudodiploria190005,0.2642383
Pseudodiploria190006,-0.7624201
Pseudodiploria190007,-0.6399383
Pseudodiploria190008,0.8157893
Pseudodiploria190012,-0.4521306
Pseudodiploria190013,0.03922665
Pseudodiploria190016,-0.3049272
Pseudodiploria190020,0.1343453
Pseudodiploria190021,0.1187637
Pseudodiploria190022,-0.1001848
Pseudodiploria190025,0.08148061
Pseudodiploria190028,0.06824991
Pseudodiploria190029,-0.1174596
Pseudodiploria190030,-0.1252839
Pseudodiploria190031,0.09893888
Pseudodiploria190032,0.2573507
Pseudodiploria190033,0.6064947
Pseudodiploria190034,0.3420737
Pseudodiploria190035,-0.4343206
Pseudodiploria190038,0.4012671
Pseudodiploria190039,1.207629
Pseudodiploria190040,0.02850871
Pseudodiploria190047,-0.1902909
Pseudodiploria190049,-0.1104373
Pseudodiploria190053,0.4005014
Pseudodiploria190054,-0.7953693
Pseudodiploria190056,-0.09266488
Pseudodiploria190058,-0.1198635
Pseudodiploria190059,0.15715
Pseudodiploria190061,0.0165316
Pseudodiploria190065,-0.5671936
Pseudodiploria190066,-0.04851192
Pseudodiploria190068,0.01226936
Pseudodiploria190069,1.253033
Pseudodiploria190070,-0.4203698
Pseudodiploria190071,-0.7398185
Pseudodiploria190073,0.2357547
Pseudodiploria190074,-0.2618223
Pseudodiploria190076,0.08472066
Pseudodiploria190079,2.191717
Pseudodiploria190080,-0.1433001
Pseudodiploria190081,0.4054516
Pseudodiploria190084,-0.05248729
Pseudodiploria190085,0.6424286
Pseudodiploria190086,0.01315081
Pseudodiploria190087,0.2600512
Pseudodiploria190088,-0.2012664
Pseudodiploria190090,0.7391166
Pseudodiploria190091,-0.6332596
Pseudodiploria190092,-0.1416906
Pseudodiploria190094,-0.02047011
Pseudodiploria190102,-0.1204074
Pseudodiploria190105,0.1983064
Pseudodiploria190106,0.04547048
Pseudodiploria190109,-0.1901585
Pseudodiploria190111,0.08208354
Pseudodiploria190113,0.4314806
Pseudodiploria190114,0.5151186
Pseudodiploria190116,-0.1147834
Pseudodiploria190118,1.402573
Pseudodiploria190126,0.1534642
Pseudodiploria190127,0.4492127
Pseudodiploria190128,0.2570704
Pseudodiploria190130,0.7491818
Pseudodiploria190131,0.209664
Pseudodiploria190134,0.1775548
Pseudodiploria190136,0.01831957
Pseudodiploria190138,0.006684929
Pseudodiploria190140,-0.2658514
Pseudodiploria190142,-0.3239876
Pseudodiploria190143,0.6687774
Pseudodiploria190144,0.09003506
Pseudodiploria190145,-0.2522046
Pseudodiploria190146,0.6598952
Pseudodiploria190147,0.2593319
Pseudodiploria190149,-0.004601694
Pseudodiploria190154,-0.1952117
Pseudodiploria190157,0.4004313
Pseudodiploria190158,0.005490428
Pseudodiploria190160,-0.5347505
Pseudodiploria190164,0.4738819
Pseudodiploria190166,0.3226807
Pseudodiploria190170,0.649252
Pseudodiploria190171,0.01097862
Pseudodiploria190172,0.1386366
Pseudodiploria190174,0.4638004
Pseudodiploria190175,-0.8059179
Pseudodiploria190176,0.5006595
Pseudodiploria190178,0.06693009
Pseudodiploria190179,0.6232529
Pseudodiploria190181,0.1331221
Pseudodiploria190182,-1.814198
Pseudodiploria190190,-0.08827634
Pseudodiploria190193,-0.8357808
Pseudodiploria190194,-0.01144279
Pseudodiploria190195,0.347021
Pseudodiploria190197,-0.2152474
Pseudodiploria190199,0.1422396
Pseudodiploria190201,0.2875477
Pseudodiploria190204,-0.4091357
Pseudodiploria190207,1.038656
Pseudodiploria190208,0.2148444
Pseudodiploria190212,0.3456027
Pseudodiploria190213,-0.3835561
Pseudodiploria190218,0.4499712
Pseudodiploria190219,-0.4002321
Pseudodiploria190220,0.3880277
Pseudodiploria190222,0.4505722
Pseudodiploria190226,1.208451
Pseudodiploria190227,0.572145
Pseudodiploria190228,-0.177795
Pseudodiploria190229,-0.02961391
Pseudodiploria190231,0.3204636
Pseudodiploria190233,0.6989034
Pseudodiploria190236,1.072311
Pseudodiploria190237,0.1248975
Pseudodiploria190238,-0.5307642
Pseudodiploria190239,-0.4967112
Pseudodiploria190242,-0.1973244
Pseudodiploria190245,0.01144859
Pseudodiploria190246,0.04553116
Pseudodiploria190247,0.9150714
Pseudodiploria190248,-0.3268895
Pseudodiploria190250,0.9903019
Pseudodiploria190251,0.2253276
Pseudodiploria190252,0.5329425
Pseudodiploria190258,-0.7957213
Pseudodiploria190260,1.061454
Pseudodiploria190264,-0.03771061
Pseudodiploria190265,0.5960492
Pseudodiploria190267,0.9179968
Pseudodiploria190268,-0.9622518
Pseudodiploria190270,0.01697243
Pseudodiploria190272,0.1842432
Pseudodiploria190273,0.1052045
Pseudodiploria190276,0.5807093
Pseudodiploria190277,0.1396677
Pseudodiploria190278,-0.01954792
Pseudodiploria190279,-1.516388
Pseudodiploria190281,0.1837664
Pseudodiploria190282,-0.03096139
Pseudodiploria190284,-0.1745338
Pseudodiploria190287,0.04775696
Pseudodiploria190289,-0.4493089
Pseudodiploria190290,-1.760156
Pseudodiploria190292,0.3336879
Pseudodiploria190294,-0.08237045
Pseudodiploria190296,-0.2625897
Pseudodiploria190297,0.1577815
Pseudodiploria190298,0.03824538
Pseudodiploria190301,-0.04881351
Pseudodiploria190303,0.5169536
Pseudodiploria190304,-0.2318325
Pseudodiploria190305,-0.6886217
Pseudodiploria190308,-0.1540382
Pseudodiploria190309,-0.05817982
Pseudodiploria190311,0.6197129
Pseudodiploria190316,-0.102112
Pseudodiploria190317,0.6428288
Pseudodiploria190318,0.3701063
Pseudodiploria190319,-0.2951721
Pseudodiploria190322,-0.6797402
Pseudodiploria190323,0.1176639
Pseudodiploria190325,0.3102176
Pseudodiploria190326,-0.243623
Pseudodiploria190327,0.5431621
Pseudodiploria190328,0.1773627
Pseudodiploria190329,0.4478819
Pseudodiploria190330,0.01461166
Pseudodiploria190331,-0.5526062
Pseudodiploria190337,-0.5197822
Pseudodiploria190338,0.4057157
Pseudodiploria190339,-0.1607358
Pseudodiploria190340,0.00815962
Pseudodiploria190343,0.2923283
Pseudodiploria190345,0.2335905
Pseudodiploria190347,-0.3411026
Pseudodiploria190348,-0.05982814
Pseudodiploria190349,0.2223272
Pseudodiploria190350,-0.5328531
Pseudodiploria190355,-0.3314749
Pseudodiploria190359,1.011044
Pseudodiploria190362,-0.8734192
Pseudodiploria190367,-0.3687962
Pseudodiploria190370,0.7683201
Pseudodiploria190371,0.2071478
Pseudodiploria190372,-1.924352
Pseudodiploria190373,0.6023113
Pseudodiploria190375,0.05870755
Pseudodiploria190378,0.4154361
Pseudodiploria190381,-0.08929945
Pseudodiploria190384,0.2427548
Pseudodiploria190385,0.8994396
Pseudodiploria190386,-1.213931
Pseudodiploria190387,-0.2357461
Pseudodiploria190391,-0.2018766
Pseudodiploria190392,0.9142615
Pseudodiploria190397,-0.1198957
Pseudodiploria190398,0.5672492
Pseudodiploria190399,-0.0516299
Pseudodiploria190400,0.705544
Pseudodiploria190401,0.1566381
Pseudodiploria190404,-0.2328855
Pseudodiploria190408,-0.2245728
Pseudodiploria190409,0.5536253
Pseudodiploria190410,0.2429285
Pseudodiploria190412,0.7561877
Pseudodiploria190413,0.03285252
Pseudodiploria190414,0.365973
Pseudodiploria190415,0.2498298
Pseudodiploria190416,0.1761059
Pseudodiploria190417,0.709816
Pseudodiploria190419,-0.007607979
Pseudodiploria190420,0.5130061
Pseudodiploria190421,0.1674033
Pseudodiploria190422,0.6249592
Pseudodiploria190423,-1.304369
Pseudodiploria190424,0.2173365
Pseudodiploria190425,-0.5960209
Pseudodiploria190426,-0.6238323
Pseudodiploria190428,-0.4554783
Pseudodiploria190430,0.9440974
Pseudodiploria190432,0.1089254
Pseudodiploria190435,0.1902816
Pseudodiploria190436,0.1917364
Pseudodiploria190441,-0.1652662
Pseudodiploria190443,-0.7502826
Pseudodiploria190445,0.1410875
Pseudodiploria190446,-0.3403715
Pseudodiploria190447,-0.3643926
Pseudodiploria190448,-0.2321044
Pseudodiploria190450,0.4289649
Pseudodiploria190451,-1.06735
Pseudodiploria190452,-0.07569965
Pseudodiploria190457,-0.01890404
Pseudodiploria190458,-0.3704533
Pseudodiploria190461,0.04139038
Pseudodiploria190464,-0.006327791
Pseudodiploria190466,0.07749651
Pseudodiploria190467,0.1923569
Pseudodiploria190468,0.09005863
Pseudodiploria190469,-0.007378956
Pseudodiploria190470,0.7888526
Pseudodiploria190474,-0.7713664
Pseudodiploria190476,0.1146123
Pseudodiploria190480,-0.1307887
Pseudodiploria190481,0.2957964
Pseudodiploria190482,-0.1485694
Pseudodiploria190483,-0.1329162
Pseudodiploria190484,-0.4965157
Pseudodiploria190486,-1.206112
Pseudodiploria190487,-1.815805
Pseudodiploria190488,-0.02399247
Pseudodiploria190490,-0.1039789
Pseudodiploria190494,-0.3165992
Pseudodiploria190495,0.1694968
Pseudodiploria190496,-0.04934545
Pseudodiploria190497,-0.1040244
Pseudodiploria190498,0.1387058
Pseudodiploria190503,0.1153227
Pseudodiploria190506,-0.2985202
Pseudodiploria190507,0.2530264
Pseudodiploria190508,1.42894
Pseudodiploria190510,0.03140263
Pseudodiploria190511,-0.1736389
Pseudodiploria190512,0.07507503
Pseudodiploria190513,1.17627
Pseudodiploria190519,0.7932281
Pseudodiploria190521,0.2631803
Pseudodiploria190524,-0.5696872
Pseudodiploria190525,0.06086909
Pseudodiploria190528,0.05764238
Pseudodiploria190531,-0.09868307
Pseudodiploria190533,0.4734661
Pseudodiploria190534,-0.3787938
Pseudodiploria190538,-0.6419183
Pseudodiploria190539,-0.7655998
Pseudodiploria190542,-0.1499401
Pseudodiploria190545,-0.2809481
Pseudodiploria190550,0.2394793
Pseudodiploria190552,0.6028392
Pseudodiploria190557,1.305336
Pseudodiploria190558,-0.2120965
Pseudodiploria190561,0.3672626
Pseudodiploria190562,-0.5247584
Pseudodiploria190566,0.8614835
Pseudodiploria190575,0.0616006
Pseudodiploria190577,0.2296797
Pseudodiploria190580,-0.7260853
Pseudodiploria190582,0.3870416
Pseudodiploria190583,0.2596717
Pseudodiploria190584,-0.01848341
Pseudodiploria190587,-0.1341923
Pseudodiploria190588,0.1217003
Pseudodiploria190589,0.9356131
Pseudodiploria190591,-0.008205235
Pseudodiploria190592,-0.6500087
Pseudodiploria190595,-0.7961873
Pseudodiploria190596,0.2665021
Pseudodiploria190598,1.381853
Pseudodiploria190600,-0.2364666
Pseudodiploria190601,0.1074356
Pseudodiploria190605,-0.0827665
Pseudodiploria190606,0.001701721
Pseudodiploria190609,0.0446709
Pseudodiploria190611,0.8920364
Pseudodiploria190612,-0.3358244
Pseudodiploria190615,0.1903162
Pseudodiploria190616,0.913434
Pseudodiploria190617,-0.3121063
Pseudodiploria190623,0.5355124
Pseudodiploria190624,0.4275897
Pseudodiploria190625,0.4748597
Pseudodiploria190626,0.04563959
Pseudodiploria190627,-0.6211081
Pseudodiploria190632,1.134427
Pseudodiploria190634,0.8289006
Pseudodiploria190638,0.6150239
Pseudodiploria190639,1.63586
Pseudodiploria190640,-0.09408599
Pseudodiploria190642,0.8427508
Pseudodiploria190644,-0.08924168
Pseudodiploria190646,0.1969017
Pseudodiploria190647,0.08583431
Pseudodiploria190648,0.6224664
Pseudodiploria190651,-0.03753042
Pseudodiploria190652,0.4000751
Pseudodiploria190653,-0.8344283
Pseudodiploria190654,-0.1193936
Pseudodiploria190659,-0.1699664
Pseudodiploria190660,-0.02721675
Pseudodiploria190661,0.8670304
Pseudodiploria190664,0.01315785
Pseudodiploria190665,-0.2597958
Pseudodiploria190667,-0.02871865
Pseudodiploria190669,0.1912287
Pseudodiploria190670,0.1308436
Pseudodiploria190671,-0.4203743
Pseudodiploria190674,-0.6981287
Pseudodiploria190676,-0.5934262
Pseudodiploria190677,0.2117044
Pseudodiploria190678,1.329622
Pseudodiploria190681,-0.1414575
Pseudodiploria190682,-0.02556802
Pseudodiploria190683,-0.2212991
Pseudodiploria190684,-0.1368552
Pseudodiploria190688,-0.1606874
Pseudodiploria190689,0.6587951
Pseudodiploria190693,-0.3064825
Pseudodiploria190695,0.9251859
Pseudodiploria190698,0.03271628
Pseudodiploria190700,-0.4272707
Pseudodiploria190703,0.1561698
Pseudodiploria190704,0.2579111
Pseudodiploria190706,0.9068715
Pseudodiploria190708,0.07415984
Pseudodiploria190714,-0.6044154
Pseudodiploria190716,-0.3895411
Pseudodiploria190717,0.1045779
Pseudodiploria190718,0.08018528
Pseudodiploria190719,-0.1691988
Pseudodiploria190721,0.477574
Pseudodiploria190722,-0.04142918
Pseudodiploria190723,0.2194612
Pseudodiploria190724,0.08555821
Pseudodiploria190726,-0.1626873
Pseudodiploria190727,0.1430079
Pseudodiploria190728,0.3011894
Pseudodiploria190729,-0.03841903
Pseudodiploria190730,0.05115984
Pseudodiploria190731,-0.3764481
Pseudodiploria190733,0.01347292
Pseudodiploria190736,-0.8141547
Pseudodiploria190737,0.3445898
Pseudodiploria190738,-0.3913766
Pseudodiploria190739,0.2521102
Pseudodiploria190740,0.8617479
Pseudodiploria190741,-0.6428726
Pseudodiploria190742,-0.1014319
Pseudodiploria190743,0.1383434
Pseudodiploria190746,-0.4121017
Pseudodiploria190750,0.0083234
Pseudodiploria190757,0.3346639
Pseudodiploria190758,-0.7464074
Pseudodiploria190760,1.029044
Pseudodiploria190762,0.8617374
Pseudodiploria190765,0.1775193
Pseudodiploria190766,1.059252
Pseudodiploria190768,-0.2447791
Pseudodiploria190769,-0.03542801
Pseudodiploria190770,-0.5746611
Pseudodiploria190771,0.07569848
Pseudodiploria190773,0.1561668
Pseudodiploria190775,0.266385
Pseudodiploria190777,-0.06548506
Pseudodiploria190779,-0.0698434
Pseudodiploria190780,0.625183
Pseudodiploria190782,0.6489026
Pseudodiploria190783,0.4727473
Pseudodiploria190785,-0.1210813
Pseudodiploria190786,-0.03525985
Pseudodiploria190787,0.1224029
Pseudodiploria190791,-0.3248247
Pseudodiploria190792,0.4894347
Pseudodiploria190794,1.086316
Pseudodiploria190795,-0.4900818
Pseudodiploria190796,-0.05293597
Pseudodiploria190801,0.2189921
Pseudodiploria190802,0.2351831
Pseudodiploria190803,-0.2967769
Pseudodiploria190804,0.5294348
Pseudodiploria190807,0.4718419
Pseudodiploria190809,0.2011521
Pseudodiploria190810,-0.02584859
Pseudodiploria190811,0.3010504
Pseudodiploria190812,0.5157983
Pseudodiploria190813,0.8169162
Pseudodiploria190818,0.02603908
Pseudodiploria190820,-0.006813396
Pseudodiploria190824,-0.393164
Pseudodiploria190825,-0.6304207
Pseudodiploria190826,-0.05227575
Pseudodiploria190827,0.5578437
Pseudodiploria190829,-0.07838475
Pseudodiploria190833,-0.920352
Pseudodiploria190834,0.2137448
Pseudodiploria190840,0.1267999
Pseudodiploria190842,0.619068
Pseudodiploria190843,0.07698468
Pseudodiploria190846,-0.3338073
Pseudodiploria190848,0.3157431
Pseudodiploria190849,0.3674623
Pseudodiploria190850,0.4335723
Pseudodiploria190852,-0.006185381
Pseudodiploria190853,-0.1368122
Pseudodiploria190855,1.069805
Pseudodiploria190857,0.1951496
Pseudodiploria190859,-0.05250337
Pseudodiploria190862,0.4536524
Pseudodiploria190863,0.1183167
Pseudodiploria190865,-0.8089643
Pseudodiploria190867,-0.5062779
Pseudodiploria190868,0.7624718
Pseudodiploria190869,0.3691322
Pseudodiploria190871,0.4571223
Pseudodiploria190872,0.2370454
Pseudodiploria190873,-0.7511439
Pseudodiploria190875,-0.2571041
Pseudodiploria190876,-0.8548983
Pseudodiploria190877,-0.3036554
Pseudodiploria190879,0.5742247
Pseudodiploria190880,-0.4349856
Pseudodiploria190883,0.6085733
Pseudodiploria190887,-0.312914
Pseudodiploria190889,0.5766167
Pseudodiploria190890,0.6914085
Pseudodiploria190893,0.1185566
Pseudodiploria190894,-0.03075065
Pseudodiploria190895,0.2728176
Pseudodiploria190898,0.9789394
Pseudodiploria190900,0.7943779
Pseudodiploria190902,0.3185639
Pseudodiploria190904,-0.009749099
Pseudodiploria190909,0.5314489
Pseudodiploria190910,-0.5315187
Pseudodiploria190911,-0.1200865
Pseudodiploria190912,-0.3866505
Pseudodiploria190913,-0.4509498
Pseudodiploria190914,-0.9104004
Pseudodiploria190917,0.04774274
Pseudodiploria190923,-0.08630154
Pseudodiploria190925,-0.6044433
Pseudodiploria190926,0.2812739
Pseudodiploria190927,-0.476374
Pseudodiploria190928,-0.1255993
Pseudodiploria190929,-0.6435514
Pseudodiploria190931,0.07841309
Pseudodiploria190933,-0.2100781
Pseudodiploria190938,0.4213388
Pseudodiploria190939,-0.4553969
Pseudodiploria190940,-0.6632523
Pseudodiploria190941,0.2058913
Pseudodiploria190944,0.2930429
Pseudodiploria190946,-0.4262602
Pseudodiploria190947,0.3660668
Pseudodiploria190949,0.4539273
Pseudodiploria190951,0.4365935
Pseudodiploria190959,0.3245941
Pseudodiploria190960,-0.3438433
Pseudodiploria190961,0.5612695
Pseudodiploria190962,0.7499874
Pseudodiploria190963,-0.1437065
Pseudodiploria190965,0.06822448
Pseudodiploria190966,-0.4528008
Pseudodiploria190967,0.2617645
Pseudodiploria190969,0.03835919
Pseudodiploria190971,-0.6365765
Pseudodiploria190976,0.2604541
Pseudodiploria190977,-1.699207
Pseudodiploria190978,0.6460257
Pseudodiploria190979,-0.8390916
Pseudodiploria190983,0.4085562
Pseudodiploria190988,-0.06501681
Pseudodiploria190989,-0.5403229
Pseudodiploria190991,0.2790773
Pseudodiploria190993,-0.7486174
Pseudodiploria190994,-0.8803579
Pseudodiploria190995,-0.09435673
Pseudodiploria190996,0.2646458
Pseudodiploria190997,0.2240155
Pseudodiploria190998,0.729725
Pseudodiploria190999,-0.1101181
Pseudodiploria191000,0.2054518
Pseudodiploria191002,-0.06383118
Pseudodiploria191003,0.3902829
Pseudodiploria191004,-0.2444932
Pseudodiploria191005,0.2991749
Pseudodiploria191013,0.2395821
Pseudodiploria191014,-0.02424996
Pseudodiploria191015,-0.3267839
Pseudodiploria191017,0.01657256
Pseudodiploria191020,0.9360798
Pseudodiploria191021,0.166988
Pseudodiploria191022,0.08453357
Pseudodiploria191024,-0.8746612
Pseudodiploria191031,0.2140455
Pseudodiploria191037,0.6652106
Pseudodiploria191038,-0.5193137
Pseudodiploria191044,0.2834594
Pseudodiploria191046,0.4338619
Pseudodiploria191047,0.06462615
Pseudodiploria191053,-0.29528
Pseudodiploria191058,-0.2392128
Pseudodiploria191060,-0.02092497
Pseudodiploria191061,-0.4096038
Pseudodiploria191062,0.7205072
Pseudodiploria191063,0.009195789
Pseudodiploria191064,-0.07157213
Pseudodiploria191065,0.02005916
Pseudodiploria191066,0.01257657
Pseudodiploria191068,0.06926098
Pseudodiploria191071,-0.6311775
Pseudodiploria191073,-1.24478
Pseudodiploria191075,-0.1113574
Pseudodiploria191076,0.04980657
Pseudodiploria191077,-0.3259959
Pseudodiploria191078,0.5435655
Pseudodiploria191079,0.3540971
Pseudodiploria191080,0.2883203
Pseudodiploria191082,-0.08388845
Pseudodiploria191085,-0.6192376
Pseudodiploria191086,0.2933601
Pseudodiploria191087,0.3385961
Pseudodiploria191088,-0.3776284
Pseudodiploria191089,-0.01925823
Pseudodiploria191090,0.3788241
Pseudodiploria191091,-0.301775
Pseudodiploria191092,0.2073499
Pseudodiploria191094,0.4754856
Pseudodiploria191096,0.4348319
Pseudodiploria191097,0.2319384
Pseudodiploria191098,0.5456016
Pseudodiploria191099,-1.37658
Pseudodiploria191102,0.2910438
Pseudodiploria191106,0.3087997
Pseudodiploria191107,0.3021257
Pseudodiploria191114,-0.7769498
Pseudodiploria191115,0.4760941
Pseudodiploria191118,-0.1938336
Pseudodiploria191119,-0.5799591
Pseudodiploria191121,0.2059646
Pseudodiploria191126,-0.4177107
Pseudodiploria191128,-0.7029662
Pseudodiploria191129,0.2728285
Pseudodiploria191131,0.5401144
Pseudodiploria191133,0.327086
Pseudodiploria191135,0.2777297
Pseudodiploria191137,0.8137583
Pseudodiploria191144,-0.2781104
Pseudodiploria191145,-0.6665274
Pseudodiploria191146,0.6406941
Pseudodiploria191148,-0.1669044
Pseudodiploria19115,0.1941729
Pseudodiploria191151,0.5196613
Pseudodiploria191153,-0.1610351
Pseudodiploria191154,0.07244746
Pseudodiploria191156,-0.0225705
Pseudodiploria191158,0.3861977
Pseudodiploria191159,-0.2584378
Pseudodiploria191162,0.1721898
Pseudodiploria191163,0.4298868
Pseudodiploria191164,-0.264649
Pseudodiploria191168,0.128816
Pseudodiploria191169,-0.1926258
Pseudodiploria191170,0.5241828
Pseudodiploria191172,-0.05352843
Pseudodiploria191173,0.04174282
Pseudodiploria191176,0.1374037
Pseudodiploria191177,-0.07546
Pseudodiploria191180,0.2957755
Pseudodiploria191182,-0.5640273
Pseudodiploria191184,0.2521299
Pseudodiploria191187,-0.1880795
Pseudodiploria191188,-0.7092715
Pseudodiploria191193,-0.09085256
Pseudodiploria191195,0.009429015
Pseudodiploria191196,-0.5208153
Pseudodiploria191198,-0.4573459
Pseudodiploria191200,0.2260337
Pseudodiploria191201,-0.3189636
Pseudodiploria191202,0.2743941
Pseudodiploria191203,-0.8707485
Pseudodiploria191208,-0.1319058
Pseudodiploria191212,-0.09216623
Pseudodiploria191214,0.5176698
Pseudodiploria191216,-0.8072004
Pseudodiploria191219,0.6462505
Pseudodiploria191221,0.2709738
Pseudodiploria191222,0.07856535
Pseudodiploria191223,0.2420851
Pseudodiploria191225,0.7199126
Pseudodiploria191226,0.1497477
Pseudodiploria191229,0.2174123
Pseudodiploria191231,-0.1296705
Pseudodiploria191233,-0.08110182
Pseudodiploria191234,0.2540496
Pseudodiploria191235,0.5461652
Pseudodiploria191238,-0.2356024
Pseudodiploria191243,-0.05304714
Pseudodiploria191245,0.1951518
Pseudodiploria191249,0.1805859
Pseudodiploria191250,0.07644235
Pseudodiploria191252,-0.02444023
Pseudodiploria191253,0.3539254
Pseudodiploria191254,-0.4999708
Pseudodiploria191255,0.3781718
Pseudodiploria191256,-0.320229
Pseudodiploria191260,0.3431975
Pseudodiploria191264,0.3193538
Pseudodiploria191266,-0.4304375
Pseudodiploria191268,0.03767285
Pseudodiploria191269,-0.581164
Pseudodiploria191271,0.3256894
Pseudodiploria191274,0.04906271
Pseudodiploria191275,0.1044739
Pseudodiploria191277,0.09199199
Pseudodiploria191280,-0.4319755
Pseudodiploria191282,-0.845997
Pseudodiploria191283,0.0676608
Pseudodiploria191287,-0.7130987
Pseudodiploria191289,-0.3505471
Pseudodiploria191290,-1.11889
Pseudodiploria191291,0.03653739
Pseudodiploria191292,0.2295214
Pseudodiploria191294,0.2867554
Pseudodiploria191298,-0.3507831
Pseudodiploria191302,-0.1816257
Pseudodiploria191304,-0.1173217
Pseudodiploria191305,0.1749843
Pseudodiploria191306,0.1320668
Pseudodiploria191307,-0.1117337
Pseudodiploria191309,0.5761329
Pseudodiploria191310,-0.1006996
Pseudodiploria191313,-0.2587276
Pseudodiploria191316,0.6001768
Pseudodiploria191317,-0.09735156
Pseudodiploria191318,0.03817433
Pseudodiploria191320,-0.2156864
Pseudodiploria191323,-0.5487847
Pseudodiploria191326,0.117432
Pseudodiploria191327,0.6986244
Pseudodiploria191331,0.2052742
Pseudodiploria191333,0.3492746
Pseudodiploria191334,-0.767637
Pseudodiploria191335,0.2214605
Pseudodiploria191336,0.3163502
Pseudodiploria191338,0.174523
Pseudodiploria191340,-0.6221045
Pseudodiploria191341,-1.039633
Pseudodiploria191346,1.797945
Pseudodiploria191347,0.5655802
Pseudodiploria191348,0.0877859
Pseudodiploria191355,0.04098059
Pseudodiploria191357,-0.3312693
Pseudodiploria191358,-0.6170088
Pseudodiploria191361,-0.03648942
Pseudodiploria191365,0.2116163
Pseudodiploria191366,-0.3170267
Pseudodiploria191371,0.4754522
Pseudodiploria191372,-0.2412571
Pseudodiploria191374,0.4498141
Pseudodiploria191376,-0.5197729
Pseudodiploria191378,-0.08832841
Pseudodiploria191380,-0.8717868
Pseudodiploria191381,0.1648467
Pseudodiploria191383,-0.133133
Pseudodiploria191384,-0.0167961
Pseudodiploria191385,-0.1604255
Pseudodiploria191386,-0.5407873
Pseudodiploria191387,0.7726134
Pseudodiploria191391,0.293811
Pseudodiploria191392,-0.2727973
Pseudodiploria191393,-0.04213622
Pseudodiploria191395,0.2667101
Pseudodiploria191397,0.1639357
Pseudodiploria191403,-0.03819449
Pseudodiploria191404,-0.01382773
Pseudodiploria191408,0.144805
Pseudodiploria191409,-0.05387229
Pseudodiploria191410,-0.1532071
Pseudodiploria191411,-0.4376698
Pseudodiploria191414,0.1372051
Pseudodiploria191416,0.09054534
Pseudodiploria191419,0.6211424
Pseudodiploria191421,0.1997632
Pseudodiploria191422,0.06090697
Pseudodiploria191423,0.3991913
Pseudodiploria191426,-0.7043853
Pseudodiploria191427,-0.1730792
Pseudodiploria191430,-0.6463488
Pseudodiploria191431,0.8244494
Pseudodiploria191433,-0.04091941
Pseudodiploria191438,1.056827
Pseudodiploria191439,-1.154823
Pseudodiploria191440,-0.08789048
Pseudodiploria191441,0.1066841
Pseudodiploria191442,0.3089317
Pseudodiploria191443,-0.461772
Pseudodiploria191444,-1.193294
Pseudodiploria191445,-0.154529
Pseudodiploria191447,0.4076738
Pseudodiploria191451,-0.2211551
Pseudodiploria191452,0.05532784
Pseudodiploria191453,0.5142856
Pseudodiploria191455,0.1563918
Pseudodiploria191456,-0.3082227
Pseudodiploria191458,0.4325787
Pseudodiploria191459,0.2357627
Pseudodiploria191460,0.2133459
Pseudodiploria191463,-0.6391666
Pseudodiploria191467,0.1416012
Pseudodiploria191468,-0.2774669
Pseudodiploria191469,0.1984894
Pseudodiploria191470,-0.2934833
Pseudodiploria191473,-0.5481128
Pseudodiploria191476,0.475936
Pseudodiploria191477,0.1032142
Pseudodiploria191480,-0.6914193
Pseudodiploria191481,0.4882042
Pseudodiploria191482,-0.4460994
Pseudodiploria191483,-0.05047153
Pseudodiploria191484,0.370594
Pseudodiploria191485,-0.03501045
Pseudodiploria191489,-0.4067363
Pseudodiploria191491,0.2830299
Pseudodiploria191495,-0.849777
Pseudodiploria191496,0.1960192
Pseudodiploria191497,-1.054455
Pseudodiploria191498,0.2679946
Pseudodiploria191501,0.04448174
Pseudodiploria191504,-0.1989178
Pseudodiploria191505,-0.03840076
Pseudodiploria191506,0.2306985
Pseudodiploria191507,-0.08034204
Pseudodiploria191508,0.1748596
Pseudodiploria191510,-0.1622044
Pseudodiploria191511,0.1253629
Pseudodiploria191512,-0.09502042
Pseudodiploria191517,0.3016503
Pseudodiploria191523,-0.6084689
Pseudodiploria191525,0.3473372
Pseudodiploria191527,0.4581934
Pseudodiploria191528,0.02988688
Pseudodiploria191531,-0.5548106
Pseudodiploria191533,0.1943647
Pseudodiploria191534,-0.09887001
Pseudodiploria191536,1.10624
Pseudodiploria191537,-0.2086662
Pseudodiploria191538,0.2849545
Pseudodiploria191544,-0.004748043
Pseudodiploria191545,0.7351936
Pseudodiploria191546,-0.4424381
Pseudodiploria191547,0.04383466
Pseudodiploria191549,0.1216626
Pseudodiploria191553,-1.211512
Pseudodiploria191556,0.02381717
Pseudodiploria191557,0.2725377
Pseudodiploria191559,-0.4106266
Pseudodiploria191560,0.1699237
Pseudodiploria191563,-0.4180698
Pseudodiploria191565,-0.5678096
Pseudodiploria191566,-0.8921759
Pseudodiploria191567,0.5416725
Pseudodiploria191568,-0.323434
Pseudodiploria191569,-0.08359356
Pseudodiploria191571,0.3178399
Pseudodiploria191575,-0.3343997
Pseudodiploria191576,-0.6919775
Pseudodiploria191578,-0.6319791
Pseudodiploria191580,-0.4634576
Pseudodiploria191581,-0.1715188
Pseudodiploria191583,-0.3469899
Pseudodiploria191584,0.6874157
Pseudodiploria191587,0.0198542
Pseudodiploria191589,0.2102409
Pseudodiploria191594,0.4400758
Pseudodiploria191595,0.9842896
Pseudodiploria191597,-0.2202972
Pseudodiploria191599,-0.0100648
Pseudodiploria191606,-0.3795759
Pseudodiploria191608,1.03845
Pseudodiploria191612,-0.9755769
Pseudodiploria191615,-0.4290978
Pseudodiploria191617,0.4450894
Pseudodiploria191621,-0.471497
Pseudodiploria191626,0.683838
Pseudodiploria191629,-0.1692853
Pseudodiploria191634,0.07084217
Pseudodiploria191635,0.4983778
Pseudodiploria191637,0.2578265
Pseudodiploria191642,-1.635728
Pseudodiploria191643,-0.06795613
Pseudodiploria191644,-0.3506746
Pseudodiploria191645,-0.1147632
Pseudodiploria191647,0.1118195
Pseudodiploria191648,-0.1295276
Pseudodiploria191655,-0.3156566
Pseudodiploria191661,0.0328771
Pseudodiploria191662,0.2137279
Pseudodiploria191663,-0.7933927
Pseudodiploria191664,-0.2877195
Pseudodiploria191665,0.9166802
Pseudodiploria191666,1.291165
Pseudodiploria191669,0.00978777
Pseudodiploria191670,0.08649757
Pseudodiploria191673,-1.756216
Pseudodiploria191674,0.1570296
Pseudodiploria191679,-0.2259567
Pseudodiploria191680,-0.5408939
Pseudodiploria191681,0.6047931
Pseudodiploria191683,-0.1342756
Pseudodiploria191684,0.3541222
Pseudodiploria191688,0.4489058
Pseudodiploria191691,-0.02303868
Pseudodiploria191693,-0.179446
Pseudodiploria191694,0.08161902
Pseudodiploria191695,-0.0785309
Pseudodiploria191699,0.1330862
Pseudodiploria191700,-0.7871024
Pseudodiploria191701,0.4793183
Pseudodiploria191703,1.447646
Pseudodiploria191705,-0.8508572
Pseudodiploria191706,-0.4746122
Pseudodiploria191707,0.427454
Pseudodiploria191708,0.269013
Pseudodiploria191709,0.4912382
Pseudodiploria191712,0.1439828
Pseudodiploria191715,0.04772004
Pseudodiploria191722,-0.009716853
Pseudodiploria191723,0.4744959
Pseudodiploria191729,0.1762031
Pseudodiploria191734,-0.6570256
Pseudodiploria191736,0.2448238
Pseudodiploria191737,-0.2330734
Pseudodiploria191741,-0.03984121
Pseudodiploria191743,0.4875794
Pseudodiploria191747,0.09121888
Pseudodiploria191748,0.2125282
Pseudodiploria191750,0.407995
Pseudodiploria191751,-0.2848584
Pseudodiploria191753,0.4110562
Pseudodiploria191755,-0.1947705
Pseudodiploria191756,0.2331427
Pseudodiploria191758,0.5340969
Pseudodiploria191759,0.1430887
Pseudodiploria191761,0.1300088
Pseudodiploria191765,0.2973584
Pseudodiploria191766,0.1209471
Pseudodiploria191767,-0.00281074
Pseudodiploria191769,-0.278707
Pseudodiploria191770,0.05442347
Pseudodiploria191771,0.3227239
Pseudodiploria191773,0.2129601
Pseudodiploria191778,0.08354162
Pseudodiploria191779,-0.02601869
Pseudodiploria191781,0.477326
Pseudodiploria191782,-0.06677665
Pseudodiploria191784,-0.09202035
Pseudodiploria191786,0.09635061
Pseudodiploria191787,-0.0189919
Pseudodiploria191790,0.223605
Pseudodiploria191791,0.05313289
Pseudodiploria191792,0.2767519
Pseudodiploria191793,-0.3088131
Pseudodiploria191795,0.04829296
Pseudodiploria191797,0.1022705
Pseudodiploria191800,-0.5663477
Pseudodiploria191803,0.4483657
Pseudodiploria191806,-0.2550483
Pseudodiploria191809,0.2811018
Pseudodiploria191810,0.5145015
Pseudodiploria191811,-0.03765348
Pseudodiploria191815,0.08452162
Pseudodiploria191818,0.4393224
Pseudodiploria191819,-0.4094668
Pseudodiploria191820,0.07902153
Pseudodiploria191821,0.4207961
Pseudodiploria191822,0.07360795
Pseudodiploria191823,-1.578398
Pseudodiploria191824,0.05520476
Pseudodiploria191825,0.380245
Pseudodiploria191826,0.5682634
Pseudodiploria191827,0.4045925
Pseudodiploria191829,0.8935831
Pseudodiploria191832,0.1811267
Pseudodiploria191838,0.2943373
Pseudodiploria191840,-0.0003967002
Pseudodiploria191842,1.267845
Pseudodiploria191845,0.09198641
Pseudodiploria191846,-0.4067681
Pseudodiploria191847,-0.286099
Pseudodiploria191848,0.009223125
Pseudodiploria191849,-0.04641491
Pseudodiploria191851,0.3254888
Pseudodiploria191853,-0.5079467
Pseudodiploria191854,0.457731
Pseudodiploria191861,0.6702235
Pseudodiploria191862,0.02525526
Pseudodiploria191863,-0.7757021
Pseudodiploria191864,0.3368946
Pseudodiploria191865,-0.02674525
Pseudodiploria191869,-0.1234897
Pseudodiploria191870,0.8059837
Pseudodiploria191872,0.2358515
Pseudodiploria191875,0.1720379
Pseudodiploria191876,0.4510789
Pseudodiploria191877,-0.3127287
Pseudodiploria191878,0.2686087
Pseudodiploria191879,0.5181336
Pseudodiploria191880,-0.136223
Pseudodiploria191884,0.3854631
Pseudodiploria191886,0.5284484
Pseudodiploria191890,0.494239
Pseudodiploria191891,-0.0131564
Pseudodiploria191892,0.2573398
Pseudodiploria191893,1.373091
Pseudodiploria191895,-0.610323
Pseudodiploria191896,0.2207492
Pseudodiploria191902,0.0563599
Pseudodiploria191904,0.7046115
Pseudodiploria191907,-0.4331898
Pseudodiploria191908,0.2259053
Pseudodiploria191910,-0.002157477
Pseudodiploria191911,-0.3388677
Pseudodiploria191912,-0.8385301
Pseudodiploria191915,-0.1777599
Pseudodiploria191916,-0.4709652
Pseudodiploria191920,0.05153339
Pseudodiploria191921,-0.3037951
Pseudodiploria191923,0.4098143
Pseudodiploria191927,-0.6581513
Pseudodiploria191928,-0.6756416
Pseudodiploria191929,-0.4895409
Pseudodiploria191933,0.6907805
Pseudodiploria191934,-1.112276
Pseudodiploria191936,0.3883537
Pseudodiploria191937,0.2766409
Pseudodiploria191943,-0.1327066
Pseudodiploria191949,-0.08081737
Pseudodiploria191950,1.033024
Pseudodiploria191951,0.518057
Pseudodiploria191952,-0.4636347
Pseudodiploria191953,-0.003803134
Pseudodiploria191956,0.6847672
Pseudodiploria191958,0.1282838
Pseudodiploria191959,-0.4352858
Pseudodiploria191960,0.09118267
Pseudodiploria191962,0.2591455
Pseudodiploria191963,-0.06922089
Pseudodiploria191964,-0.6326432
Pseudodiploria191965,-0.007992033
Pseudodiploria191966,-1.836709
Pseudodiploria191967,0.6880955
Pseudodiploria191968,0.2707056
Pseudodiploria191971,-0.1740689
Pseudodiploria191974,-0.2994577
Pseudodiploria191976,-0.5107698
Pseudodiploria191979,0.4986265
Pseudodiploria191981,-0.1653714
Pseudodiploria191982,1.269966
Pseudodiploria191983,-0.7122186
Pseudodiploria191985,1.30012
Pseudodiploria191986,-1.343864
Pseudodiploria191987,0.1622106
Pseudodiploria191988,-0.07628801
Pseudodiploria191991,0.2768341
Pseudodiploria191992,-0.09472068
Pseudodiploria191993,-0.05423438
Pseudodiploria191994,0.1154289
Pseudodiploria191996,0.2639791
Pseudodiploria191997,-0.7370734
Pseudodiploria191998,0.2337164
Pseudodiploria191999,-0.1751468
Pseudodiploria1920,0.5178393
Pseudodiploria192001,0.1780338
Pseudodiploria192005,-0.5145604
Pseudodiploria192007,0.3316804
Pseudodiploria192008,-0.4854328
Pseudodiploria192010,-0.4207316
Pseudodiploria192012,0.8548987
Pseudodiploria192013,0.2625292
Pseudodiploria192016,0.221194
Pseudodiploria192017,-0.06248844
Pseudodiploria192019,-0.5191571
Pseudodiploria192020,-0.6137001
Pseudodiploria192021,-0.178219
Pseudodiploria192023,0.00341771
Pseudodiploria192024,-0.4984068
Pseudodiploria192026,-0.05799821
Pseudodiploria192027,-0.05441723
Pseudodiploria192028,0.1238755
Pseudodiploria192031,0.5159642
Pseudodiploria192032,0.07244562
Pseudodiploria192033,0.06378352
Pseudodiploria192035,0.6118897
Pseudodiploria192036,0.05300941
Pseudodiploria192037,0.216449
Pseudodiploria192038,0.1449218
Pseudodiploria192042,-0.7674894
Pseudodiploria192044,-0.8740193
Pseudodiploria192045,-0.04382165
Pseudodiploria192046,0.1535678
Pseudodiploria192048,-0.1515288
Pseudodiploria192050,0.02745679
Pseudodiploria192052,0.1365961
Pseudodiploria192053,-0.3959472
Pseudodiploria192058,-0.1379243
Pseudodiploria192060,-0.0385211
Pseudodiploria192061,-0.2656462
Pseudodiploria192066,-0.3263758
Pseudodiploria192067,0.4450397
Pseudodiploria192068,0.3547442
Pseudodiploria192069,0.1510965
Pseudodiploria192070,-0.1175158
Pseudodiploria192073,0.03449451
Pseudodiploria192074,0.01016738
Pseudodiploria192075,0.3589021
Pseudodiploria192079,0.04003324
Pseudodiploria192081,0.7361473
Pseudodiploria192082,0.5217592
Pseudodiploria192084,-0.1217278
Pseudodiploria192085,-0.09877768
Pseudodiploria192087,-0.3082391
Pseudodiploria192089,-0.3724138
Pseudodiploria192090,-0.004636199
Pseudodiploria192092,-0.01106978
Pseudodiploria192098,-0.4065952
Pseudodiploria192099,-0.1451779
Pseudodiploria192100,-0.0592315
Pseudodiploria192101,-0.3041436
Pseudodiploria192102,0.9625023
Pseudodiploria192103,0.03688184
Pseudodiploria192106,0.2902519
Pseudodiploria192107,-0.6555927
Pseudodiploria192111,-0.1618387
Pseudodiploria192114,0.8540402
Pseudodiploria192116,0.01832024
Pseudodiploria192117,0.09382519
Pseudodiploria192118,-1.162329
Pseudodiploria192121,-0.1913856
Pseudodiploria192122,0.9904227
Pseudodiploria192123,0.1506515
Pseudodiploria192124,0.09677467
Pseudodiploria192126,-0.1556678
Pseudodiploria192127,0.07345934
Pseudodiploria192129,0.1242985
Pseudodiploria192130,-0.03664944
Pseudodiploria192132,0.4719575
Pseudodiploria192133,-0.03932239
Pseudodiploria192135,-0.358395
Pseudodiploria192137,-0.08166793
Pseudodiploria192139,0.08884468
Pseudodiploria192144,0.3092577
Pseudodiploria192148,0.302228
Pseudodiploria192150,-0.6203995
Pseudodiploria192151,0.09129787
Pseudodiploria192152,-0.4439678
Pseudodiploria192153,0.5465243
Pseudodiploria192155,0.0437059
Pseudodiploria192160,0.03757508
Pseudodiploria192162,0.06756352
Pseudodiploria192163,0.08662246
Pseudodiploria192165,-0.4934279
Pseudodiploria192166,-0.01326982
Pseudodiploria192168,0.06219693
Pseudodiploria192171,0.07564135
Pseudodiploria192173,0.5030619
Pseudodiploria192174,-0.07024454
Pseudodiploria192175,0.06281416
Pseudodiploria192177,-0.1125165
Pseudodiploria192180,0.8117496
Pseudodiploria192181,0.4961621
Pseudodiploria192182,0.2224748
Pseudodiploria192183,-0.2310585
Pseudodiploria192184,0.02966928
Pseudodiploria192185,-0.6041992
Pseudodiploria192190,0.1674972
Pseudodiploria192194,-0.39001
Pseudodiploria192195,0.2999915
Pseudodiploria192197,-0.006041319
Pseudodiploria192198,0.3300245
Pseudodiploria192204,0.3349904
Pseudodiploria192205,0.5986886
Pseudodiploria192206,0.05082986
Pseudodiploria192209,-0.1137817
Pseudodiploria192210,0.03297887
Pseudodiploria192211,0.1209305
Pseudodiploria192212,-0.1631308
Pseudodiploria192213,-0.7413594
Pseudodiploria192219,0.9111947
Pseudodiploria192220,0.7672307
Pseudodiploria192221,-1.475827
Pseudodiploria192222,0.01828631
Pseudodiploria192223,0.4461913
Pseudodiploria192225,-0.005996401
Pseudodiploria192226,-0.009955391
Pseudodiploria192228,-0.3089684
Pseudodiploria192230,-0.05254449
Pseudodiploria192232,0.3829078
Pseudodiploria192235,0.2995139
Pseudodiploria192236,0.04843191
Pseudodiploria192237,-0.02184285
Pseudodiploria192239,0.6050223
Pseudodiploria192241,-0.06164765
Pseudodiploria192242,-0.04938438
Pseudodiploria192246,0.521529
Pseudodiploria192247,-0.3033169
Pseudodiploria192253,0.5213719
Pseudodiploria192254,0.2229539
Pseudodiploria192255,-0.4845416
Pseudodiploria192256,0.2526187
Pseudodiploria192264,0.8157245
Pseudodiploria192265,-0.3004891
Pseudodiploria192267,-0.04188901
Pseudodiploria192269,-0.01281538
Pseudodiploria192270,0.5432318
Pseudodiploria192272,-0.3202015
Pseudodiploria192273,0.2605682
Pseudodiploria192276,0.1977771
Pseudodiploria192279,0.005415525
Pseudodiploria192282,-0.05576664
Pseudodiploria192283,-0.1529724
Pseudodiploria192284,-0.0192598
Pseudodiploria192286,0.4391342
Pseudodiploria192287,-0.1912577
Pseudodiploria192288,-0.6498505
Pseudodiploria192290,-0.2551076
Pseudodiploria192293,-0.3160132
Pseudodiploria192296,0.1824197
Pseudodiploria192297,0.1251133
Pseudodiploria192298,-0.2191417
Pseudodiploria192302,-0.1821569
Pseudodiploria192303,-0.004214617
Pseudodiploria192309,-0.5252457
Pseudodiploria192310,-0.3391742
Pseudodiploria192312,-0.07677514
Pseudodiploria192313,0.1523777
Pseudodiploria192314,-0.2589091
Pseudodiploria192315,0.1814141
Pseudodiploria192316,0.5658976
Pseudodiploria192317,0.3932611
Pseudodiploria192318,0.1492676
Pseudodiploria192320,-0.01385495
Pseudodiploria192323,0.08606506
Pseudodiploria192325,-0.428765
Pseudodiploria192327,0.3024885
Pseudodiploria192329,0.2601651
Pseudodiploria192330,-0.3114509
Pseudodiploria192334,-2.274412
Pseudodiploria192336,-0.1102461
Pseudodiploria192337,0.9835181
Pseudodiploria192339,0.1083566
Pseudodiploria192340,0.04312948
Pseudodiploria192341,0.7397789
Pseudodiploria192342,-0.3147348
Pseudodiploria192343,-0.04274318
Pseudodiploria192344,0.03391894
Pseudodiploria192347,1.210698
Pseudodiploria192348,-0.2873844
Pseudodiploria192349,-0.1663805
Pseudodiploria192351,0.3359449
Pseudodiploria192361,0.1539054
Pseudodiploria192363,0.1080844
Pseudodiploria192366,0.008184218
Pseudodiploria192367,-0.8557019
Pseudodiploria192368,-0.01741518
Pseudodiploria192376,-0.1147432
Pseudodiploria192378,-0.03599588
Pseudodiploria192381,0.3144448
Pseudodiploria192382,-0.007800282
Pseudodiploria192383,-0.4081921
Pseudodiploria192384,0.06923169
Pseudodiploria192385,0.1459629
Pseudodiploria192390,0.2798456
Pseudodiploria192395,-0.204314
Pseudodiploria192396,0.138133
Pseudodiploria192399,0.1021437
Pseudodiploria192400,0.6869676
Pseudodiploria192401,1.132041
Pseudodiploria192406,0.8458289
Pseudodiploria192408,0.02583546
Pseudodiploria192415,0.3432463
Pseudodiploria192416,-0.3322482
Pseudodiploria192417,-0.0925096
Pseudodiploria192419,-0.2054423
Pseudodiploria192421,0.1905518
Pseudodiploria192422,0.264214
Pseudodiploria192423,0.01512798
Pseudodiploria192426,0.7858206
Pseudodiploria192427,0.640876
Pseudodiploria192430,-0.02448931
Pseudodiploria192431,-0.7739223
Pseudodiploria192432,-0.1269724
Pseudodiploria192434,0.9246928
Pseudodiploria192436,-0.4914693
Pseudodiploria192439,0.3906308
Pseudodiploria192440,0.185218
Pseudodiploria192441,-0.1760181
Pseudodiploria192442,-0.09460823
Pseudodiploria192443,0.1425968
Pseudodiploria192444,0.0800242
Pseudodiploria192446,0.1244943
Pseudodiploria192448,0.1150227
Pseudodiploria192450,-0.04343232
Pseudodiploria192454,-0.2616214
Pseudodiploria192456,-0.4470477
Pseudodiploria192457,0.3689918
Pseudodiploria192460,-0.8062122
Pseudodiploria192463,-0.1613491
Pseudodiploria192465,-0.1001123
Pseudodiploria192469,-0.09815111
Pseudodiploria192472,0.02367048
Pseudodiploria192473,-0.2001761
Pseudodiploria192474,0.2390219
Pseudodiploria192475,-0.09343879
Pseudodiploria192477,0.03310202
Pseudodiploria192478,0.5514676
Pseudodiploria192481,0.0858808
Pseudodiploria192483,0.2291076
Pseudodiploria192484,-1.121884
Pseudodiploria192485,-0.4199612
Pseudodiploria192486,-0.5828475
Pseudodiploria192487,-0.625062
Pseudodiploria192489,0.1481113
Pseudodiploria192496,-0.2324087
Pseudodiploria192497,-0.5820151
Pseudodiploria192498,-0.4151351
Pseudodiploria192504,0.1879223
Pseudodiploria192505,-0.03168476
Pseudodiploria192506,-1.448055
Pseudodiploria192508,0.122021
Pseudodiploria192509,-0.04914019
Pseudodiploria192512,-0.5473469
Pseudodiploria192516,0.428197
Pseudodiploria192517,0.7945797
Pseudodiploria192518,-0.6214216
Pseudodiploria192519,-0.03025946
Pseudodiploria192523,-0.2755953
Pseudodiploria192524,-0.4364036
Pseudodiploria192525,0.2966353
Pseudodiploria192528,0.1043659
Pseudodiploria192529,0.005339236
Pseudodiploria192532,-0.1665768
Pseudodiploria192536,-0.3272177
Pseudodiploria192537,-1.017273
Pseudodiploria192542,0.2280377
Pseudodiploria192543,-0.04633601
Pseudodiploria192544,-0.2316806
Pseudodiploria192547,-0.4710109
Pseudodiploria192548,-0.8590918
Pseudodiploria192550,1.048028
Pseudodiploria192554,-0.064985
Pseudodiploria192560,-0.1665065
Pseudodiploria192562,-0.3095345
Pseudodiploria192564,0.228245
Pseudodiploria192565,0.154816
Pseudodiploria192567,0.3944046
Pseudodiploria192568,0.3448328
Pseudodiploria192569,-0.0731991
Pseudodiploria192570,0.1211194
Pseudodiploria192572,0.1877582
Pseudodiploria192573,0.07203645
Pseudodiploria192575,0.2274987
Pseudodiploria192576,0.08554208
Pseudodiploria192577,0.8249649
Pseudodiploria192579,0.07055172
Pseudodiploria192581,0.4728377
Pseudodiploria192582,0.408578
Pseudodiploria192584,-0.4891312
Pseudodiploria192587,-0.03238508
Pseudodiploria192589,0.2629805
Pseudodiploria192590,0.04308053
Pseudodiploria192591,0.7136989
Pseudodiploria192594,0.4504804
Pseudodiploria192596,-0.04349064
Pseudodiploria192602,-0.002343312
Pseudodiploria192603,0.1501369
Pseudodiploria192604,0.6258049
Pseudodiploria192605,0.4162589
Pseudodiploria192606,-0.1917596
Pseudodiploria192608,-0.2137457
Pseudodiploria192609,0.1888411
Pseudodiploria192610,-0.166433
Pseudodiploria192611,0.1503011
Pseudodiploria192613,0.01269273
Pseudodiploria192615,0.3775236
Pseudodiploria192616,-0.1631032
Pseudodiploria192617,0.3707981
Pseudodiploria192622,-0.3209902
Pseudodiploria192623,-0.01508626
Pseudodiploria192624,0.3602083
Pseudodiploria192625,-0.3217096
Pseudodiploria192626,0.3345156
Pseudodiploria192629,1.134767
Pseudodiploria192632,-0.6206599
Pseudodiploria192633,-0.3512525
Pseudodiploria192636,-0.1113969
Pseudodiploria192638,-0.06585968
Pseudodiploria192639,-0.0948626
Pseudodiploria192640,-0.01902596
Pseudodiploria192641,-0.9251894
Pseudodiploria192642,-0.07807412
Pseudodiploria192643,-0.7616652
Pseudodiploria192644,-0.1407698
Pseudodiploria192647,0.4611667
Pseudodiploria192648,-0.8857627
Pseudodiploria192649,-0.2174012
Pseudodiploria192650,1.283701
Pseudodiploria192655,-0.2841181
Pseudodiploria192660,-0.01869493
Pseudodiploria192661,1.099926
Pseudodiploria192664,0.03072376
Pseudodiploria192667,-0.43949
Pseudodiploria192668,1.07402
Pseudodiploria192669,0.2839177
Pseudodiploria192671,0.2921396
Pseudodiploria192672,-0.234036
Pseudodiploria192675,-0.2276946
Pseudodiploria192680,0.06412827
Pseudodiploria192682,-0.3614331
Pseudodiploria192685,0.1654671
Pseudodiploria192686,1.338644
Pseudodiploria192687,-0.5490977
Pseudodiploria192688,-0.1744725
Pseudodiploria192689,0.515796
Pseudodiploria192692,-0.09397112
Pseudodiploria192698,0.1904584
Pseudodiploria192699,-1.058215
Pseudodiploria192700,-0.1482895
Pseudodiploria192701,0.4595895
Pseudodiploria192702,-0.1924532
Pseudodiploria192703,1.299384
Pseudodiploria192705,-0.384552
Pseudodiploria192708,-0.4914219
Pseudodiploria192709,-0.1570525
Pseudodiploria192712,0.4130946
Pseudodiploria192713,1.366399
Pseudodiploria192717,0.3425318
Pseudodiploria192718,-0.1589549
Pseudodiploria192721,-0.6062485
Pseudodiploria192722,0.1136797
Pseudodiploria192724,-0.2803098
Pseudodiploria192725,-0.6282968
Pseudodiploria192726,-0.5645475
Pseudodiploria192728,0.122751
Pseudodiploria192732,0.285287
Pseudodiploria192733,0.1182366
Pseudodiploria192735,0.04839038
Pseudodiploria192736,-0.1763126
Pseudodiploria192737,0.2958863
Pseudodiploria192739,0.538518
Pseudodiploria192741,1.21311
Pseudodiploria192744,-0.4584704
Pseudodiploria192747,0.9620712
Pseudodiploria192754,0.34793
Pseudodiploria192756,-0.4554939
Pseudodiploria192757,0.01858574
Pseudodiploria192758,-0.1232139
Pseudodiploria192761,0.1886638
Pseudodiploria192763,0.6921313
Pseudodiploria192766,0.1767018
Pseudodiploria192767,-1.034568
Pseudodiploria192768,0.8100853
Pseudodiploria192770,0.07157943
Pseudodiploria192774,0.2484355
Pseudodiploria192776,-0.1624586
Pseudodiploria192778,-0.04467022
Pseudodiploria192779,0.06028336
Pseudodiploria192780,-0.2125037
Pseudodiploria192781,-0.1039648
Pseudodiploria192782,0.2202501
Pseudodiploria192783,0.2605632
Pseudodiploria192785,0.08442361
Pseudodiploria192787,0.1637728
Pseudodiploria192788,-0.2315598
Pseudodiploria192793,0.06162118
Pseudodiploria192795,-0.5396234
Pseudodiploria192797,0.0513151
Pseudodiploria192799,0.04811194
Pseudodiploria192801,-0.1812348
Pseudodiploria192802,-0.2493353
Pseudodiploria192806,-0.6206574
Pseudodiploria192807,-0.2498256
Pseudodiploria192808,-0.3535527
Pseudodiploria192811,-0.113724
Pseudodiploria192812,0.359364
Pseudodiploria192814,-0.1989978
Pseudodiploria192815,0.01447035
Pseudodiploria192822,0.1390874
Pseudodiploria192823,-0.2083467
Pseudodiploria192824,1.062621
Pseudodiploria192825,-0.02584928
Pseudodiploria192827,-0.19809
Pseudodiploria192828,-0.9232187
Pseudodiploria192829,0.3475371
Pseudodiploria192833,0.3456028
Pseudodiploria192834,-0.1607188
Pseudodiploria192836,0.4827777
Pseudodiploria192837,0.09315916
Pseudodiploria192839,-0.1526404
Pseudodiploria192840,0.5554928
Pseudodiploria192842,-0.01071233
Pseudodiploria192843,0.01804395
Pseudodiploria192844,0.2470312
Pseudodiploria192845,1.449037
Pseudodiploria192846,-0.1179562
Pseudodiploria192849,0.1016291
Pseudodiploria192850,1.070276
Pseudodiploria192851,-0.3533902
Pseudodiploria192853,0.1919439
Pseudodiploria192854,0.8930455
Pseudodiploria192856,-0.2891771
Pseudodiploria192862,0.04024102
Pseudodiploria192864,-0.2099475
Pseudodiploria192866,-0.4576777
Pseudodiploria192867,-0.4290476
Pseudodiploria192870,0.3805238
Pseudodiploria192872,-0.0350499
Pseudodiploria192873,-0.1168119
Pseudodiploria192876,-0.1517738
Pseudodiploria192877,0.07639742
Pseudodiploria192881,-0.05640825
Pseudodiploria192883,-0.4025486
Pseudodiploria192884,-0.4787437
Pseudodiploria192886,0.2624917
Pseudodiploria192889,0.01926466
Pseudodiploria192892,0.324043
Pseudodiploria192893,0.2526519
Pseudodiploria192895,0.2625784
Pseudodiploria192899,-0.1120822
Pseudodiploria192901,0.1511452
Pseudodiploria192904,0.2230103
Pseudodiploria192906,0.7113241
Pseudodiploria192907,0.1285616
Pseudodiploria192908,-0.105027
Pseudodiploria192910,0.1818824
Pseudodiploria192911,-0.6434105
Pseudodiploria192914,0.06629195
Pseudodiploria192916,0.2102201
Pseudodiploria192917,-0.651851
Pseudodiploria192918,0.3123426
Pseudodiploria192920,-0.06285852
Pseudodiploria192921,-0.08652797
Pseudodiploria192927,0.09215912
Pseudodiploria192932,-0.750651
Pseudodiploria192934,-0.2995285
Pseudodiploria192935,-0.03313211
Pseudodiploria192936,-0.2570158
Pseudodiploria192937,0.9255907
Pseudodiploria192938,-0.1157287
Pseudodiploria192940,0.02954086
Pseudodiploria192941,0.2919824
Pseudodiploria192942,0.2576932
Pseudodiploria192943,0.6029313
Pseudodiploria192944,0.4820201
Pseudodiploria192945,1.326437
Pseudodiploria192947,0.2018219
Pseudodiploria192949,0.01646317
Pseudodiploria192952,1.496484
Pseudodiploria192953,0.1488532
Pseudodiploria192954,-0.178455
Pseudodiploria192958,0.4838805
Pseudodiploria192960,-0.1850133
Pseudodiploria192963,0.3369327
Pseudodiploria192964,0.7464257
Pseudodiploria192965,0.5900454
Pseudodiploria192966,0.06692917
Pseudodiploria192967,0.2425457
Pseudodiploria192968,-0.08810544
Pseudodiploria192970,-0.1478809
Pseudodiploria192971,-0.393753
Pseudodiploria192972,-0.1612461
Pseudodiploria192974,-0.2258888
Pseudodiploria192975,0.2968918
Pseudodiploria192976,-0.05880595
Pseudodiploria192977,0.04631366
Pseudodiploria192979,0.1402719
Pseudodiploria192980,-0.1286988
Pseudodiploria192982,-0.3761011
Pseudodiploria192983,0.4468265
Pseudodiploria192985,-0.05797656
Pseudodiploria192986,-0.3535355
Pseudodiploria192987,-0.2113976
Pseudodiploria192988,0.03909495
Pseudodiploria192992,0.05188961
Pseudodiploria192993,-0.4158716
Pseudodiploria192994,0.2139271
Pseudodiploria192996,-0.6469187
Pseudodiploria192997,0.4086995
Pseudodiploria192998,1.035757
Pseudodiploria192999,0.5482074
Pseudodiploria193000,0.227974
Pseudodiploria193001,0.01468038
Pseudodiploria193002,0.02640351
Pseudodiploria193003,0.04715877
Pseudodiploria193005,0.1221453
Pseudodiploria193006,-0.6056639
Pseudodiploria193008,0.6452833
Pseudodiploria193009,-1.07245
Pseudodiploria193010,-0.02497452
Pseudodiploria193011,0.008128022
Pseudodiploria193012,-0.241794
Pseudodiploria193013,0.1826384
Pseudodiploria193015,-0.7375106
Pseudodiploria193016,0.07477838
Pseudodiploria193017,-0.7137532
Pseudodiploria193018,-0.8184526
Pseudodiploria193020,1.237518
Pseudodiploria193025,-0.9260678
Pseudodiploria193026,0.724378
Pseudodiploria193027,-0.953926
Pseudodiploria193028,-0.1545126
Pseudodiploria193029,0.02759038
Pseudodiploria193031,0.4256283
Pseudodiploria193033,-0.04078717
Pseudodiploria193034,0.3145771
Pseudodiploria193038,-0.2764742
Pseudodiploria193039,-0.4855866
Pseudodiploria193040,-0.178301
Pseudodiploria193041,-0.4707509
Pseudodiploria193043,-0.09532959
Pseudodiploria193044,-0.3817987
Pseudodiploria193055,0.6920574
Pseudodiploria193056,-0.3365421
Pseudodiploria193057,-0.03225324
Pseudodiploria193058,-0.01486169
Pseudodiploria193060,-1.071047
Pseudodiploria193062,0.0638357
Pseudodiploria193063,0.3749424
Pseudodiploria193066,-0.1037691
Pseudodiploria193068,0.2813817
Pseudodiploria193069,0.09669313
Pseudodiploria193070,-0.492184
Pseudodiploria193072,0.1071677
Pseudodiploria193074,-0.06909398
Pseudodiploria193076,0.3172748
Pseudodiploria193077,-0.4345993
Pseudodiploria193078,1.090156
Pseudodiploria193080,0.04855568
Pseudodiploria193081,0.3715401
Pseudodiploria193082,0.1652255
Pseudodiploria193084,0.2439493
Pseudodiploria193085,1.088978
Pseudodiploria193087,-0.1648775
Pseudodiploria193090,-0.09044157
Pseudodiploria193092,0.3162506
Pseudodiploria193094,-0.4536363
Pseudodiploria193095,0.17952
Pseudodiploria193096,0.006149313
Pseudodiploria193099,-1.113997
Pseudodiploria193101,-1.202566
Pseudodiploria193102,-0.2588739
Pseudodiploria193103,0.2975223
Pseudodiploria193105,-0.5244202
Pseudodiploria193106,-0.4253208
Pseudodiploria193108,0.07558985
Pseudodiploria193109,0.3490544
Pseudodiploria193110,0.1414417
Pseudodiploria193111,0.1351725
Pseudodiploria193113,-0.677636
Pseudodiploria193115,-1.200556
Pseudodiploria193117,0.03203341
Pseudodiploria193124,-0.8676813
Pseudodiploria193126,1.321222
Pseudodiploria193127,0.1058516
Pseudodiploria193128,0.6707782
Pseudodiploria193131,0.007505587
Pseudodiploria193133,0.04492089
Pseudodiploria193134,0.06980301
Pseudodiploria193135,-0.2073953
Pseudodiploria193136,0.2558151
Pseudodiploria193138,-0.7524521
Pseudodiploria193143,-0.5477612
Pseudodiploria193144,0.1243074
Pseudodiploria193147,0.03147117
Pseudodiploria193149,-0.765046
Pseudodiploria193150,0.7632957
Pseudodiploria193151,-0.03178265
Pseudodiploria193152,-0.2923116
Pseudodiploria193155,0.05730272
Pseudodiploria193157,-0.1626944
Pseudodiploria193158,-0.1569317
Pseudodiploria193160,-0.5211172
Pseudodiploria193163,0.3090491
Pseudodiploria193165,0.7079715
Pseudodiploria193166,0.2220268
Pseudodiploria193167,0.1003515
Pseudodiploria193170,-1.844319
Pseudodiploria193172,0.2083108
Pseudodiploria193177,-0.1929092
Pseudodiploria193181,0.05137426
Pseudodiploria193187,0.2257896
Pseudodiploria193189,0.2385512
Pseudodiploria193192,-0.4332934
Pseudodiploria193193,-0.4108193
Pseudodiploria193195,0.3740774
Pseudodiploria193197,-0.171686
Pseudodiploria193201,0.2356684
Pseudodiploria193203,-0.2424982
Pseudodiploria193204,0.1040883
Pseudodiploria193206,-0.8815817
Pseudodiploria193207,0.569819
Pseudodiploria193209,0.01740018
Pseudodiploria193210,0.2234381
Pseudodiploria193211,0.05581281
Pseudodiploria193214,-0.04064544
Pseudodiploria193215,-0.2272419
Pseudodiploria193217,-0.2844417
Pseudodiploria193220,0.007289754
Pseudodiploria193221,0.2766728
Pseudodiploria193224,0.02276486
Pseudodiploria193225,-0.0002406488
Pseudodiploria193228,0.4588288
Pseudodiploria193229,-0.1760317
Pseudodiploria193230,0.2312758
Pseudodiploria193231,-0.7137427
Pseudodiploria193233,0.03233246
Pseudodiploria193235,0.3576639
Pseudodiploria193236,0.4134577
Pseudodiploria193239,-0.8448111
Pseudodiploria193242,-0.6230212
Pseudodiploria193244,0.5396472
Pseudodiploria193246,-0.5743905
Pseudodiploria193248,0.2007145
Pseudodiploria193249,0.3466537
Pseudodiploria193251,-0.1497691
Pseudodiploria193253,-0.2381187
Pseudodiploria193260,-0.0458197
Pseudodiploria193261,-0.09009276
Pseudodiploria193262,-0.1249567
Pseudodiploria193263,0.06481399
Pseudodiploria193264,-0.00343142
Pseudodiploria193265,-0.2928751
Pseudodiploria193266,0.06388136
Pseudodiploria193267,0.8751801
Pseudodiploria193268,0.4180354
Pseudodiploria193270,-0.5843784
Pseudodiploria193271,-0.02549047
Pseudodiploria193272,1.032171
Pseudodiploria193273,0.1303061
Pseudodiploria193274,0.2134332
Pseudodiploria193275,1.224148
Pseudodiploria193276,-0.3566912
Pseudodiploria193277,-0.01974895
Pseudodiploria193280,0.212824
Pseudodiploria193282,0.4688669
Pseudodiploria193283,-0.1768382
Pseudodiploria193288,-0.4391344
Pseudodiploria193289,0.09388972
Pseudodiploria193291,0.1551094
Pseudodiploria193292,-0.4374935
Pseudodiploria193296,-0.1355367
Pseudodiploria193297,0.006897139
Pseudodiploria193299,-0.2617789
Pseudodiploria193300,0.03476036
Pseudodiploria193301,0.8101736
Pseudodiploria193302,-0.01327243
Pseudodiploria193305,0.5158369
Pseudodiploria193307,0.7239626
Pseudodiploria193309,0.3596991
Pseudodiploria193310,1.370738
Pseudodiploria193311,0.1414638
Pseudodiploria193312,0.04096827
Pseudodiploria193313,0.109003
Pseudodiploria193316,-0.3550095
Pseudodiploria193317,-0.1937766
Pseudodiploria193318,-0.4058533
Pseudodiploria193320,-0.1141365
Pseudodiploria193321,-0.1492624
Pseudodiploria193322,-0.209053
Pseudodiploria193323,-0.08332929
Pseudodiploria193324,0.2146588
Pseudodiploria193327,0.4390675
Pseudodiploria193328,0.3986213
Pseudodiploria193330,0.1496766
Pseudodiploria193331,-0.06252285
Pseudodiploria193334,-0.2784933
Pseudodiploria193335,0.1685471
Pseudodiploria193338,0.01146163
Pseudodiploria193341,0.1372316
Pseudodiploria193342,-0.2115391
Pseudodiploria193343,0.240772
Pseudodiploria193346,0.7729251
Pseudodiploria193349,-0.08968511
Pseudodiploria193350,-0.5638586
Pseudodiploria193352,0.3089505
Pseudodiploria193353,-0.03050127
Pseudodiploria193354,-0.02636115
Pseudodiploria193356,-0.1812431
Pseudodiploria193358,-0.441495
Pseudodiploria193359,-0.1735361
Pseudodiploria193362,-0.2797959
Pseudodiploria193363,-0.003796819
Pseudodiploria193367,-0.1790044
Pseudodiploria193368,-0.4149067
Pseudodiploria193373,0.1313262
Pseudodiploria193376,-0.4718334
Pseudodiploria193379,-0.6648374
Pseudodiploria193380,0.04702345
Pseudodiploria193381,0.1238747
Pseudodiploria193385,-0.1798761
Pseudodiploria193388,0.5779779
Pseudodiploria193391,-0.5358389
Pseudodiploria193392,0.07906588
Pseudodiploria193394,-0.06165855
Pseudodiploria193397,-0.001003187
Pseudodiploria193399,0.4438006
Pseudodiploria193402,-0.04133256
Pseudodiploria193403,0.5723318
Pseudodiploria193405,-0.1005199
Pseudodiploria193406,-0.3260256
Pseudodiploria193410,1.082167
Pseudodiploria193412,-0.2539781
Pseudodiploria193413,-0.03044683
Pseudodiploria193414,0.06824336
Pseudodiploria193416,0.8768029
Pseudodiploria193418,0.7117222
Pseudodiploria193419,-0.05426523
Pseudodiploria193420,0.6633392
Pseudodiploria193423,-0.2491297
Pseudodiploria193424,0.3405388
Pseudodiploria193426,-0.5087069
Pseudodiploria193429,-0.7118491
Pseudodiploria193431,-1.000906
Pseudodiploria193434,-0.4226831
Pseudodiploria193435,-0.1571971
Pseudodiploria193437,0.1930039
Pseudodiploria193439,0.1538327
Pseudodiploria193440,-0.2587735
Pseudodiploria193441,0.6827736
Pseudodiploria193445,0.4202508
Pseudodiploria193447,0.3983856
Pseudodiploria193448,0.1053711
Pseudodiploria193452,-0.1428288
Pseudodiploria193454,0.1163798
Pseudodiploria193456,0.6239047
Pseudodiploria193457,0.4605439
Pseudodiploria193460,0.05058595
Pseudodiploria193462,0.01690849
Pseudodiploria193464,-0.1262541
Pseudodiploria193467,0.4088203
Pseudodiploria193468,0.6504589
Pseudodiploria193469,-0.4325589
Pseudodiploria193470,-0.1052499
Pseudodiploria193471,0.1228371
Pseudodiploria193473,0.01959791
Pseudodiploria193474,0.1985196
Pseudodiploria193477,1.04862
Pseudodiploria193481,0.6914791
Pseudodiploria193484,0.2225853
Pseudodiploria193486,0.005151027
Pseudodiploria193488,-0.1262975
Pseudodiploria193490,-0.0008693805
Pseudodiploria193495,-0.1915035
Pseudodiploria193497,-0.1980649
Pseudodiploria193498,0.1969837
Pseudodiploria193499,-0.131567
Pseudodiploria193501,-1.012075
Pseudodiploria193503,0.1006333
Pseudodiploria193504,0.0918081
Pseudodiploria193505,-0.4001941
Pseudodiploria193506,-0.5414366
Pseudodiploria193508,0.1871878
Pseudodiploria193512,0.1100945
Pseudodiploria193513,-0.3407895
Pseudodiploria193514,-0.00528354
Pseudodiploria193515,-0.3235091
Pseudodiploria193518,0.06244372
Pseudodiploria193524,0.7270988
Pseudodiploria193526,-0.1227566
Pseudodiploria193527,0.07860842
Pseudodiploria193528,0.2603809
Pseudodiploria193529,0.1054188
Pseudodiploria193530,0.2377213
Pseudodiploria193531,-0.17895
Pseudodiploria193533,0.08030416
Pseudodiploria193544,-0.586366
Pseudodiploria193545,0.05822704
Pseudodiploria193547,0.1417456
Pseudodiploria193549,-0.3366861
Pseudodiploria193551,0.04346373
Pseudodiploria193554,0.3276392
Pseudodiploria193556,0.005823217
Pseudodiploria193557,-1.014589
Pseudodiploria193558,0.108907
Pseudodiploria193559,-0.009307245
Pseudodiploria193560,0.2448798
Pseudodiploria193561,0.2547918
Pseudodiploria193563,0.1337624
Pseudodiploria193564,0.6096417
Pseudodiploria193566,0.2121576
Pseudodiploria193567,-0.6789713
Pseudodiploria193569,0.6264196
Pseudodiploria193570,-0.2662722
Pseudodiploria193571,-0.1918837
Pseudodiploria193572,-0.07517825
Pseudodiploria193573,-0.526619
Pseudodiploria193574,1.183943
Pseudodiploria193575,-0.1433578
Pseudodiploria193576,0.163584
Pseudodiploria193581,-0.5934844
Pseudodiploria193584,-0.2097021
Pseudodiploria193585,-0.198951
Pseudodiploria193587,0.09815988
Pseudodiploria193591,-1.101048
Pseudodiploria193592,0.5357138
Pseudodiploria193593,0.6567636
Pseudodiploria193595,-0.0195223
Pseudodiploria193596,0.09583685
Pseudodiploria193602,0.1587718
Pseudodiploria193603,-0.1801303
Pseudodiploria193604,0.4825258
Pseudodiploria193606,-0.4979243
Pseudodiploria193609,-0.2151767
Pseudodiploria193611,-0.2481129
Pseudodiploria193612,0.04034312
Pseudodiploria193615,1.135827
Pseudodiploria193618,-0.2484351
Pseudodiploria193619,0.7721458
Pseudodiploria193620,-0.6920354
Pseudodiploria193626,-1.109413
Pseudodiploria193627,0.2427935
Pseudodiploria193629,-0.5070677
Pseudodiploria193632,-0.1594987
Pseudodiploria193633,-0.4362474
Pseudodiploria193634,0.4712326
Pseudodiploria193636,0.1088331
Pseudodiploria193637,0.7981329
Pseudodiploria193638,-0.4518127
Pseudodiploria193642,-0.2699473
Pseudodiploria193643,0.357953
Pseudodiploria193644,1.584868
Pseudodiploria193645,0.5527141
Pseudodiploria193646,-0.4136166
Pseudodiploria193654,0.3962321
Pseudodiploria193656,-0.04485788
Pseudodiploria193660,0.03954467
Pseudodiploria193662,0.2590674
Pseudodiploria193669,-0.7172819
Pseudodiploria193670,-0.005655372
Pseudodiploria193671,0.5080259
Pseudodiploria193673,-0.06521167
Pseudodiploria193675,0.1278964
Pseudodiploria193677,0.149117
Pseudodiploria193680,-0.5526925
Pseudodiploria193684,0.2115298
Pseudodiploria193686,1.014424
Pseudodiploria193687,0.09589254
Pseudodiploria193691,-0.105306
Pseudodiploria193693,0.3048512
Pseudodiploria193696,0.01983215
Pseudodiploria193697,-0.2153959
Pseudodiploria193698,-0.3292195
Pseudodiploria193700,0.3339452
Pseudodiploria193704,0.4673796
Pseudodiploria193706,0.7091222
Pseudodiploria193707,-0.326854
Pseudodiploria193709,0.5670552
Pseudodiploria193711,0.0587685
Pseudodiploria193713,-0.3327278
Pseudodiploria193714,0.6140117
Pseudodiploria193715,-0.01551127
Pseudodiploria193716,-0.04164418
Pseudodiploria193717,0.1492681
Pseudodiploria193719,0.08484294
Pseudodiploria193723,0.4008876
Pseudodiploria193724,0.07162826
Pseudodiploria193725,-0.0966671
Pseudodiploria193726,-0.07542182
Pseudodiploria193728,0.8653358
Pseudodiploria193732,-0.7801194
Pseudodiploria193733,0.1061495
Pseudodiploria193734,0.4356214
Pseudodiploria193736,-0.08108821
Pseudodiploria193737,0.303045
Pseudodiploria193738,-0.07260591
Pseudodiploria193739,-0.1807869
Pseudodiploria193741,-0.3713964
Pseudodiploria193743,0.09661468
Pseudodiploria193744,0.04534964
Pseudodiploria193746,0.1581158
Pseudodiploria193747,0.03090852
Pseudodiploria193748,-0.2031744
Pseudodiploria193750,-0.06215972
Pseudodiploria193751,-0.5142135
Pseudodiploria193752,0.5336963
Pseudodiploria193753,0.626639
Pseudodiploria193754,1.074983
Pseudodiploria193756,-0.2589392
Pseudodiploria193759,-0.154207
Pseudodiploria193760,-0.01876873
Pseudodiploria193761,-0.2593144
Pseudodiploria193763,0.1712327
Pseudodiploria193764,-0.09615146
Pseudodiploria193765,0.4472656
Pseudodiploria193768,-1.402427
Pseudodiploria193770,0.03730417
Pseudodiploria193771,-0.5343626
Pseudodiploria193774,-0.3988104
Pseudodiploria193775,-0.1862499
Pseudodiploria193780,-0.08136218
Pseudodiploria193781,0.2409736
Pseudodiploria193785,-0.4173642
Pseudodiploria193787,0.6750768
Pseudodiploria193789,0.1288186
Pseudodiploria193790,-0.6751108
Pseudodiploria193791,-0.6025546
Pseudodiploria193792,0.08783296
Pseudodiploria193793,-0.1583005
Pseudodiploria193794,-0.1480633
Pseudodiploria193796,0.7791559
Pseudodiploria193797,0.2288178
Pseudodiploria193798,-0.3122705
Pseudodiploria193799,0.1884728
Pseudodiploria193800,0.06062189
Pseudodiploria193802,0.3720376
Pseudodiploria193806,0.5348342
Pseudodiploria193807,-0.1807654
Pseudodiploria193808,-1.188912
Pseudodiploria193809,-0.3627295
Pseudodiploria193810,-0.357043
Pseudodiploria193811,1.066213
Pseudodiploria193812,-0.1541499
Pseudodiploria193816,-0.2137404
Pseudodiploria193818,0.005770944
Pseudodiploria193819,-0.337352
Pseudodiploria193821,-0.541765
Pseudodiploria193822,0.02008921
Pseudodiploria193823,0.2334159
Pseudodiploria193826,0.4315478
Pseudodiploria193830,0.9188672
Pseudodiploria193831,0.115605
Pseudodiploria193832,0.2338461
Pseudodiploria193833,-0.07247745
Pseudodiploria193837,-0.05746715
Pseudodiploria193838,-0.477176
Pseudodiploria193844,0.2260706
Pseudodiploria193845,0.3239783
Pseudodiploria193846,0.4619471
Pseudodiploria193847,-0.1253984
Pseudodiploria193849,0.2936442
Pseudodiploria193851,0.4515413
Pseudodiploria193853,0.3470802
Pseudodiploria193854,-1.078995
Pseudodiploria193855,0.3828644
Pseudodiploria193859,-0.6233032
Pseudodiploria193860,-0.2643476
Pseudodiploria193864,-0.1149203
Pseudodiploria193865,0.9300469
Pseudodiploria193866,-0.1496799
Pseudodiploria193868,0.1064165
Pseudodiploria193872,-0.5424005
Pseudodiploria193875,0.04148871
Pseudodiploria193876,0.3490862
Pseudodiploria193877,1.24968
Pseudodiploria193878,-0.0004752921
Pseudodiploria193880,1.215182
Pseudodiploria193885,0.2536254
Pseudodiploria193886,-0.03471122
Pseudodiploria193887,0.4120721
Pseudodiploria193888,0.9506686
Pseudodiploria193891,-0.512351
Pseudodiploria193892,-0.2492134
Pseudodiploria193895,-0.2266082
Pseudodiploria193897,0.3922659
Pseudodiploria193898,0.249938
Pseudodiploria193901,0.0268649
Pseudodiploria193902,-0.1181052
Pseudodiploria193905,1.17536
Pseudodiploria193907,0.5063461
Pseudodiploria193908,0.1956884
Pseudodiploria193910,0.3226264
Pseudodiploria193911,1.169339
Pseudodiploria193912,-0.2893547
Pseudodiploria193913,-0.09162408
Pseudodiploria193914,-0.2971872
Pseudodiploria193915,0.07495272
Pseudodiploria193917,-0.4308721
Pseudodiploria193920,-0.3104546
Pseudodiploria193921,0.1295901
Pseudodiploria193922,0.02998076
Pseudodiploria193923,-0.07060362
Pseudodiploria193925,0.02995642
Pseudodiploria193926,-0.0442778
Pseudodiploria193928,-0.2634838
Pseudodiploria193930,-0.7923903
Pseudodiploria193931,0.4089924
Pseudodiploria193932,-0.1672066
Pseudodiploria193933,-0.2396926
Pseudodiploria193935,-0.4221142
Pseudodiploria193936,-0.07048202
Pseudodiploria193938,-0.4256615
Pseudodiploria193939,0.2231793
Pseudodiploria19394,0.7959784
Pseudodiploria193940,-0.1136886
Pseudodiploria193941,1.284806
Pseudodiploria193942,-0.3781396
Pseudodiploria193945,-0.2325855
Pseudodiploria193948,-0.1746794
Pseudodiploria193949,-0.151209
Pseudodiploria193951,0.1441091
Pseudodiploria193952,-0.8638075
Pseudodiploria193953,0.3486496
Pseudodiploria193954,0.2225643
Pseudodiploria193959,-1.333059
Pseudodiploria193960,0.1793595
Pseudodiploria193961,0.005297359
Pseudodiploria193964,0.8277912
Pseudodiploria193966,0.4082883
Pseudodiploria193967,0.2626991
Pseudodiploria193968,0.3030022
Pseudodiploria193970,0.08400091
Pseudodiploria193971,-0.3580864
Pseudodiploria193974,0.1732202
Pseudodiploria193975,-0.1138812
Pseudodiploria193976,0.2573097
Pseudodiploria193979,0.3025934
Pseudodiploria193980,0.8470699
Pseudodiploria193981,1.11045
Pseudodiploria193983,-1.026505
Pseudodiploria193985,0.1178914
Pseudodiploria193989,-0.6071266
Pseudodiploria193990,0.223776
Pseudodiploria193992,-0.04914827
Pseudodiploria193993,0.5800434
Pseudodiploria193994,1.29997
Pseudodiploria193995,0.09956442
Pseudodiploria193996,0.7350066
Pseudodiploria193997,-0.3123074
Pseudodiploria193998,-0.3674503
Pseudodiploria194000,0.5601093
Pseudodiploria194001,-0.2081068
Pseudodiploria194003,0.151401
Pseudodiploria194007,-0.6833645
Pseudodiploria194008,-0.110336
Pseudodiploria194009,0.09722848
Pseudodiploria194010,-0.6041766
Pseudodiploria194011,0.2781924
Pseudodiploria194015,1.016657
Pseudodiploria194016,0.08354395
Pseudodiploria194017,0.1758538
Pseudodiploria194018,0.1045786
Pseudodiploria194019,-0.1000574
Pseudodiploria194020,0.2807319
Pseudodiploria194022,0.07247439
Pseudodiploria194023,0.1259565
Pseudodiploria194024,0.08483656
Pseudodiploria194026,0.8815826
Pseudodiploria194028,-0.7743575
Pseudodiploria194030,0.2959253
Pseudodiploria194033,0.5816872
Pseudodiploria194036,0.3696497
Pseudodiploria194037,-0.7383306
Pseudodiploria194038,0.3827978
Pseudodiploria194040,0.2987117
Pseudodiploria194041,-0.3424048
Pseudodiploria194042,0.5715477
Pseudodiploria194047,-0.3653473
Pseudodiploria194048,0.5591039
Pseudodiploria194049,0.06971102
Pseudodiploria194051,-0.1249552
Pseudodiploria194052,0.1860364
Pseudodiploria194055,-0.2524177
Pseudodiploria194056,0.2371103
Pseudodiploria194060,-0.1963153
Pseudodiploria194061,-0.3269504
Pseudodiploria194062,-0.04394308
Pseudodiploria194066,-0.1100606
Pseudodiploria194067,-0.1317546
Pseudodiploria194070,0.2304909
Pseudodiploria194073,0.1942952
Pseudodiploria194074,-0.2301315
Pseudodiploria194076,0.06473744
Pseudodiploria194079,-0.2852001
Pseudodiploria194082,-0.5736657
Pseudodiploria194083,-0.1677759
Pseudodiploria194084,-0.3965518
Pseudodiploria194085,-0.317312
Pseudodiploria194089,-0.430995
Pseudodiploria194090,0.05941643
Pseudodiploria194092,0.1783967
Pseudodiploria194093,1.341026
Pseudodiploria194094,-0.676463
Pseudodiploria194095,-0.04449856
Pseudodiploria194097,-0.8327491
Pseudodiploria194102,0.2419501
Pseudodiploria194103,0.04150138
Pseudodiploria194105,-0.09574981
Pseudodiploria194106,-0.4240573
Pseudodiploria194107,0.211475
Pseudodiploria194108,-1.256577
Pseudodiploria194109,-0.02678632
Pseudodiploria194111,-0.2191527
Pseudodiploria194112,-0.05224944
Pseudodiploria194113,0.4075419
Pseudodiploria194116,0.0939313
Pseudodiploria194117,-0.008934606
Pseudodiploria194118,0.2197049
Pseudodiploria194120,0.1887245
Pseudodiploria194121,-0.8470317
Pseudodiploria194122,0.09510324
Pseudodiploria194123,-0.2480311
Pseudodiploria194124,0.3774473
Pseudodiploria194129,0.3919412
Pseudodiploria194130,-0.2869732
Pseudodiploria194131,-0.1210649
Pseudodiploria194132,-0.2438966
Pseudodiploria194133,0.03068917
Pseudodiploria194134,-0.1467064
Pseudodiploria194137,0.5369439
Pseudodiploria194138,1.164613
Pseudodiploria194140,-0.8403324
Pseudodiploria194141,-0.2930925
Pseudodiploria194144,0.0743977
Pseudodiploria194146,0.4062523
Pseudodiploria194150,0.3729367
Pseudodiploria194155,-0.1830953
Pseudodiploria194160,0.2581653
Pseudodiploria194161,-0.6662236
Pseudodiploria194163,-0.135506
Pseudodiploria194165,-0.06385696
Pseudodiploria194166,-0.1845793
Pseudodiploria194171,0.1575007
Pseudodiploria194172,0.4000852
Pseudodiploria194173,0.3135247
Pseudodiploria194176,-0.4333571
Pseudodiploria194179,-0.2402775
Pseudodiploria194180,-0.01904632
Pseudodiploria194182,0.2933276
Pseudodiploria194186,0.06387806
Pseudodiploria194187,-0.0338156
Pseudodiploria194189,0.3965043
Pseudodiploria194190,-0.2862582
Pseudodiploria194192,-0.06886626
Pseudodiploria194194,-1.175165
Pseudodiploria194195,0.2694937
Pseudodiploria194196,0.7433272
Pseudodiploria194197,-0.7619689
Pseudodiploria194199,-0.04861453
Pseudodiploria194200,-0.06970637
Pseudodiploria194201,-0.5784953
Pseudodiploria194202,0.3649059
Pseudodiploria194204,0.02029039
Pseudodiploria194205,-0.4213534
Pseudodiploria194207,-0.9517695
Pseudodiploria194210,-0.4258474
Pseudodiploria194211,0.3797354
Pseudodiploria194212,-0.1332972
Pseudodiploria194213,0.3898419
Pseudodiploria194214,0.6437213
Pseudodiploria194215,-0.2659021
Pseudodiploria194216,-0.3668691
Pseudodiploria194217,0.02235973
Pseudodiploria194221,0.9962657
Pseudodiploria194222,-0.1402864
Pseudodiploria194223,0.2387344
Pseudodiploria194228,0.7263425
Pseudodiploria194229,0.1124753
Pseudodiploria194230,0.03826702
Pseudodiploria194231,1.024282
Pseudodiploria194234,0.3469967
Pseudodiploria194235,0.09787616
Pseudodiploria194237,-0.185881
Pseudodiploria194239,-0.06212956
Pseudodiploria194240,0.1386462
Pseudodiploria194241,-0.4181917
Pseudodiploria194242,0.1322379
Pseudodiploria194243,0.8162403
Pseudodiploria194248,-0.3730215
Pseudodiploria194251,1.650147
Pseudodiploria194255,0.5390654
Pseudodiploria194256,0.5853441
Pseudodiploria194257,0.2005405
Pseudodiploria194261,0.4686558
Pseudodiploria194262,0.6979496
Pseudodiploria194264,0.8487443
Pseudodiploria194265,-0.0348126
Pseudodiploria194267,0.5447676
Pseudodiploria194268,-0.1659305
Pseudodiploria194269,0.0030506
Pseudodiploria194273,0.2809583
Pseudodiploria194274,0.5341461
Pseudodiploria194275,-0.01646855
Pseudodiploria194277,-0.139492
Pseudodiploria194278,0.5105822
Pseudodiploria194279,2.054851
Pseudodiploria194284,-0.3625326
Pseudodiploria194287,-0.1318324
Pseudodiploria194288,0.4190742
Pseudodiploria194291,-0.5793226
Pseudodiploria194293,-1.391351
Pseudodiploria194294,0.1561458
Pseudodiploria194296,0.7937081
Pseudodiploria194301,-0.06796748
Pseudodiploria194303,0.5096576
Pseudodiploria194305,0.06113428
Pseudodiploria194306,-0.5480009
Pseudodiploria194307,-0.2884979
Pseudodiploria194308,0.2007919
Pseudodiploria194309,0.6193263
Pseudodiploria194311,0.6839553
Pseudodiploria194315,0.603795
Pseudodiploria194317,1.101964
Pseudodiploria194318,0.2624397
Pseudodiploria194320,1.010975
Pseudodiploria194321,0.4757534
Pseudodiploria194323,-0.3258463
Pseudodiploria194324,0.04233382
Pseudodiploria194325,0.2590448
Pseudodiploria194327,0.5878412
Pseudodiploria194328,1.244955
Pseudodiploria194329,-0.05238874
Pseudodiploria194330,-0.06978302
Pseudodiploria194332,1.013347
Pseudodiploria194333,-0.3160163
Pseudodiploria194334,0.7847824
Pseudodiploria194335,0.09980051
Pseudodiploria194341,0.03404003
Pseudodiploria194343,-0.1049542
Pseudodiploria194348,0.01354759
Pseudodiploria194352,0.3298412
Pseudodiploria194354,0.3045268
Pseudodiploria194355,0.8828411
Pseudodiploria194356,0.1157798
Pseudodiploria194357,0.4058511
Pseudodiploria194358,0.02611661
Pseudodiploria194361,0.3067596
Pseudodiploria194362,0.6708668
Pseudodiploria194364,0.3653525
Pseudodiploria194365,-0.613462
Pseudodiploria194366,0.4811818
Pseudodiploria194367,-0.3624171
Pseudodiploria194370,0.7723938
Pseudodiploria194372,0.03983177
Pseudodiploria194375,-0.2306609
Pseudodiploria194377,0.4433469
Pseudodiploria194382,0.4125847
Pseudodiploria194383,0.8754558
Pseudodiploria194387,-0.6791927
Pseudodiploria194389,0.2661393
Pseudodiploria194390,0.300769
Pseudodiploria194391,-0.0364959
Pseudodiploria194392,-0.2253857
Pseudodiploria194393,0.1846165
Pseudodiploria194395,-0.3365308
Pseudodiploria194396,0.07898117
Pseudodiploria194397,0.05385691
Pseudodiploria194399,0.1539304
Pseudodiploria194401,0.1984491
Pseudodiploria194402,0.05175075
Pseudodiploria194405,0.1413109
Pseudodiploria194408,1.171441
Pseudodiploria194409,1.078999
Pseudodiploria194411,0.2292146
Pseudodiploria194413,-0.05205529
Pseudodiploria194414,0.04342084
Pseudodiploria194416,-0.2706388
Pseudodiploria194417,0.3185608
Pseudodiploria194421,-0.771918
Pseudodiploria194423,0.4397863
Pseudodiploria194426,0.1186358
Pseudodiploria194428,-0.04690792
Pseudodiploria194429,-0.2490724
Pseudodiploria194430,-0.2431726
Pseudodiploria194432,0.3227771
Pseudodiploria194434,-0.04377044
Pseudodiploria194435,-0.2168175
Pseudodiploria194438,-0.6012443
Pseudodiploria194439,0.1687957
Pseudodiploria194440,0.7464741
Pseudodiploria194442,-0.2243341
Pseudodiploria194443,0.3038353
Pseudodiploria194444,-0.522131
Pseudodiploria194447,-0.005154719
Pseudodiploria194453,-0.254887
Pseudodiploria194455,-0.2487234
Pseudodiploria194456,-1.436225
Pseudodiploria194457,0.01024834
Pseudodiploria194459,0.5186249
Pseudodiploria194462,0.3883626
Pseudodiploria194464,0.3621284
Pseudodiploria194465,0.1321794
Pseudodiploria194466,-0.1888349
Pseudodiploria194468,-0.1093733
Pseudodiploria194469,-0.002379458
Pseudodiploria194472,0.4364648
Pseudodiploria194473,-0.386802
Pseudodiploria194476,-0.2915556
Pseudodiploria194477,0.1066407
Pseudodiploria194478,0.1372996
Pseudodiploria194479,-0.44231
Pseudodiploria194481,-0.2000579
Pseudodiploria194482,-0.1085991
Pseudodiploria194486,0.01272297
Pseudodiploria194489,0.7496451
Pseudodiploria194490,-0.259143
Pseudodiploria194492,-0.6328536
Pseudodiploria194494,-0.5736461
Pseudodiploria194495,0.006390253
Pseudodiploria194496,0.2570066
Pseudodiploria194497,0.1257354
Pseudodiploria194500,0.2388962
Pseudodiploria194502,0.1635274
Pseudodiploria194504,-0.09069922
Pseudodiploria194505,-0.3305198
Pseudodiploria194506,-0.1736827
Pseudodiploria194508,0.1627271
Pseudodiploria194509,-0.124499
Pseudodiploria194510,-0.1031375
Pseudodiploria194511,-0.6107171
Pseudodiploria194512,-0.02066879
Pseudodiploria194517,0.6676644
Pseudodiploria194518,-0.188772
Pseudodiploria194519,0.6527215
Pseudodiploria194525,-0.5727533
Pseudodiploria194527,0.3119403
Pseudodiploria194529,0.3794242
Pseudodiploria194530,-0.03700304
Pseudodiploria194531,0.01552904
Pseudodiploria194533,-0.1988156
Pseudodiploria194534,-0.2410039
Pseudodiploria194537,-0.1690711
Pseudodiploria194538,0.04579911
Pseudodiploria194539,0.2017012
Pseudodiploria194540,0.5101426
Pseudodiploria194543,-0.8922576
Pseudodiploria194544,-0.1087965
Pseudodiploria194546,0.2404497
Pseudodiploria194550,0.022002
Pseudodiploria194552,1.443729
Pseudodiploria194553,0.1795232
Pseudodiploria194554,0.08035222
Pseudodiploria194555,0.4006406
Pseudodiploria194556,0.5451719
Pseudodiploria194557,0.2068794
Pseudodiploria194558,0.2284542
Pseudodiploria194560,0.1759604
Pseudodiploria194565,-0.09746848
Pseudodiploria194567,0.05354287
Pseudodiploria194569,0.03595252
Pseudodiploria194570,0.3342816
Pseudodiploria194572,0.2153908
Pseudodiploria194573,-0.2503089
Pseudodiploria194574,0.5136612
Pseudodiploria194576,0.1661475
Pseudodiploria194577,-0.6913833
Pseudodiploria194578,0.3764376
Pseudodiploria194579,0.03132283
Pseudodiploria194583,0.2636957
Pseudodiploria194585,-0.09613042
Pseudodiploria194586,-0.2968036
Pseudodiploria194587,0.1201973
Pseudodiploria194593,0.5583022
Pseudodiploria194594,-0.2222492
Pseudodiploria194595,0.2917018
Pseudodiploria194596,-0.376061
Pseudodiploria194597,-0.5914441
Pseudodiploria194599,-0.2328482
Pseudodiploria194600,0.1396001
Pseudodiploria194606,-0.1987217
Pseudodiploria194609,0.8063287
Pseudodiploria194611,-0.1897343
Pseudodiploria194612,-0.1121677
Pseudodiploria194615,0.2545355
Pseudodiploria194617,0.1872209
Pseudodiploria194618,-0.2096763
Pseudodiploria194620,0.3498831
Pseudodiploria194623,-0.4267015
Pseudodiploria194625,-0.197771
Pseudodiploria194628,-0.7791532
Pseudodiploria194629,-0.1060058
Pseudodiploria194631,-0.08093288
Pseudodiploria194632,-0.1556249
Pseudodiploria194633,-0.4394908
Pseudodiploria194634,-0.4545006
Pseudodiploria194636,-0.3272357
Pseudodiploria194637,-0.2757298
Pseudodiploria194638,0.6666723
Pseudodiploria194639,-0.1455534
Pseudodiploria194640,0.06125691
Pseudodiploria194641,0.0006702712
Pseudodiploria194643,-0.302569
Pseudodiploria194644,-0.06464907
Pseudodiploria194646,0.8174345
Pseudodiploria194647,-0.02433024
Pseudodiploria194648,-0.01076782
Pseudodiploria194650,-0.6519469
Pseudodiploria194651,0.4952517
Pseudodiploria194652,-0.089656
Pseudodiploria194653,-0.2737338
Pseudodiploria194654,-0.1580266
Pseudodiploria194655,0.8912273
Pseudodiploria194656,-0.7243013
Pseudodiploria194661,0.08245956
Pseudodiploria194662,-0.2752046
Pseudodiploria194665,-0.006840064
Pseudodiploria194666,-0.08995956
Pseudodiploria194668,-0.1724914
Pseudodiploria194669,-0.7875033
Pseudodiploria194670,-0.472975
Pseudodiploria194671,-0.2753227
Pseudodiploria194672,-0.548805
Pseudodiploria194673,0.59266
Pseudodiploria194674,0.4479216
Pseudodiploria194675,0.376157
Pseudodiploria194677,-0.07019126
Pseudodiploria194678,0.8306832
Pseudodiploria194679,0.03776257
Pseudodiploria194680,0.04503787
Pseudodiploria194683,-0.537844
Pseudodiploria194686,0.3150539
Pseudodiploria194687,0.1401504
Pseudodiploria194688,-0.5177684
Pseudodiploria194689,-0.5505325
Pseudodiploria194690,-0.344289
Pseudodiploria194691,-0.6461563
Pseudodiploria194692,-0.05514253
Pseudodiploria194695,0.1324414
Pseudodiploria194696,0.1174815
Pseudodiploria194697,-0.1298904
Pseudodiploria194699,-0.1795607
Pseudodiploria194703,-0.02915679
Pseudodiploria194704,-0.8318725
Pseudodiploria194705,0.07185941
Pseudodiploria194706,-0.09264442
Pseudodiploria194708,0.09856361
Pseudodiploria194710,-0.0925987
Pseudodiploria194711,-0.888275
Pseudodiploria194716,0.2854775
Pseudodiploria194719,-0.4249687
Pseudodiploria194721,-0.1271839
Pseudodiploria194724,-0.2798263
Pseudodiploria194725,0.3886443
Pseudodiploria194727,0.2453374
Pseudodiploria194729,0.3645242
Pseudodiploria194731,0.1359303
Pseudodiploria194732,0.2704467
Pseudodiploria194738,-0.4642841
Pseudodiploria194739,0.09311106
Pseudodiploria194740,0.01584934
Pseudodiploria194744,-1.125726
Pseudodiploria194745,-0.1505388
Pseudodiploria194751,-0.04933553
Pseudodiploria194752,0.1237852
Pseudodiploria194753,-0.241509
Pseudodiploria194754,0.3001806
Pseudodiploria194757,-0.5053481
Pseudodiploria194758,1.062909
Pseudodiploria194760,-0.1504015
Pseudodiploria194762,0.4674213
Pseudodiploria194765,0.1757719
Pseudodiploria194767,0.9277444
Pseudodiploria194768,-0.1922042
Pseudodiploria194769,0.1153577
Pseudodiploria194771,-0.2292579
Pseudodiploria194772,0.344212
Pseudodiploria194773,-0.3885272
Pseudodiploria194774,0.7046539
Pseudodiploria194775,-0.1231986
Pseudodiploria194776,0.008870382
Pseudodiploria194777,-0.1491008
Pseudodiploria194779,0.1142169
Pseudodiploria194781,-0.04212162
Pseudodiploria194783,-0.3419039
Pseudodiploria194785,-0.00410231
Pseudodiploria194786,0.08947854
Pseudodiploria194787,0.02195753
Pseudodiploria194789,-0.1653511
Pseudodiploria194790,0.6687303
Pseudodiploria194794,0.1931416
Pseudodiploria194795,0.8887575
Pseudodiploria194796,-0.6288475
Pseudodiploria194797,-1.062881
Pseudodiploria194798,-0.5457794
Pseudodiploria194799,-0.1679226
Pseudodiploria194800,0.02760076
Pseudodiploria194805,-0.08153107
Pseudodiploria194806,-0.05305524
Pseudodiploria194807,0.02909151
Pseudodiploria194810,-0.06244079
Pseudodiploria194812,-0.6190175
Pseudodiploria194815,-0.328323
Pseudodiploria194816,-0.6588818
Pseudodiploria194817,-0.1318097
Pseudodiploria194818,1.364756
Pseudodiploria194819,0.06534458
Pseudodiploria194821,-0.4287182
Pseudodiploria194823,-0.0420229
Pseudodiploria194825,0.6511146
Pseudodiploria194830,0.7746784
Pseudodiploria194838,-0.1996912
Pseudodiploria194840,0.4771899
Pseudodiploria194841,-0.2650274
Pseudodiploria194842,-0.2896415
Pseudodiploria194843,-0.04507795
Pseudodiploria194844,0.03711622
Pseudodiploria194846,-0.008795462
Pseudodiploria194850,1.273238
Pseudodiploria194853,0.6184955
Pseudodiploria194854,0.9787396
Pseudodiploria194861,0.1087711
Pseudodiploria194862,-0.3079609
Pseudodiploria194863,-0.5669255
Pseudodiploria194864,-0.0873044
Pseudodiploria194865,-0.4196401
Pseudodiploria194868,-0.01128272
Pseudodiploria194869,0.0636676
Pseudodiploria194870,0.005995754
Pseudodiploria194872,-0.1071707
Pseudodiploria194873,-0.2015736
Pseudodiploria194874,0.8679179
Pseudodiploria194876,0.2997532
Pseudodiploria194879,0.1741174
Pseudodiploria194880,0.08421385
Pseudodiploria194881,0.07558404
Pseudodiploria194883,-0.04037036
Pseudodiploria194886,0.6124635
Pseudodiploria194887,0.04510793
Pseudodiploria194891,0.4978735
Pseudodiploria194894,-0.3530668
Pseudodiploria194896,-0.1154948
Pseudodiploria194897,0.2161834
Pseudodiploria194898,-0.3004914
Pseudodiploria194900,0.2428144
Pseudodiploria194902,0.1470485
Pseudodiploria194903,0.900837
Pseudodiploria194908,0.06029373
Pseudodiploria194910,0.04297861
Pseudodiploria194913,0.04239659
Pseudodiploria194914,0.7861685
Pseudodiploria194915,1.091854
Pseudodiploria194916,0.02428819
Pseudodiploria194917,0.4588243
Pseudodiploria194918,0.5680042
Pseudodiploria194919,-0.3366624
Pseudodiploria194922,0.3411885
Pseudodiploria194923,0.4040598
Pseudodiploria194925,0.2413558
Pseudodiploria194929,-0.7787162
Pseudodiploria194931,0.7275476
Pseudodiploria194932,0.2414305
Pseudodiploria194934,0.135525
Pseudodiploria194935,0.5535566
Pseudodiploria194937,0.4769539
Pseudodiploria194938,0.4779305
Pseudodiploria194940,0.4917756
Pseudodiploria194945,0.2275833
Pseudodiploria194946,-0.3557814
Pseudodiploria194947,0.04863571
Pseudodiploria194948,0.1480971
Pseudodiploria194949,-0.165602
Pseudodiploria194950,-0.5338188
Pseudodiploria194951,0.3969038
Pseudodiploria194954,-0.1313136
Pseudodiploria194956,-0.2992299
Pseudodiploria194957,-0.3672289
Pseudodiploria194959,0.2695434
Pseudodiploria194963,-0.4423637
Pseudodiploria194968,0.1678405
Pseudodiploria194969,-0.04548408
Pseudodiploria194971,0.5419074
Pseudodiploria194973,-0.02573546
Pseudodiploria194975,0.9940954
Pseudodiploria194977,-0.1487352
Pseudodiploria194979,0.4836782
Pseudodiploria194980,0.2456419
Pseudodiploria194984,-0.06509025
Pseudodiploria194987,-0.1440532
Pseudodiploria194988,0.1396947
Pseudodiploria194989,-0.6467539
Pseudodiploria194992,0.2523242
Pseudodiploria194994,-0.2485161
Pseudodiploria194995,-0.01597098
Pseudodiploria194996,0.2954613
Pseudodiploria194997,0.1352526
Pseudodiploria194998,0.01155367
Pseudodiploria194999,-0.1750954
Pseudodiploria195000,-0.08396359
Pseudodiploria195001,-0.8988006
Pseudodiploria195002,-0.2982347
Pseudodiploria195003,0.08744132
Pseudodiploria195004,-0.3410299
Pseudodiploria195010,0.4355616
Pseudodiploria195015,0.06396202
Pseudodiploria195019,-0.7925181
Pseudodiploria195020,-0.4899526
Pseudodiploria195021,1.35363
Pseudodiploria195023,0.2887105
Pseudodiploria195024,-0.1725005
Pseudodiploria195025,-0.1041456
Pseudodiploria195026,-0.2667784
Pseudodiploria195027,-0.2417379
Pseudodiploria195029,0.2022964
Pseudodiploria195031,1.668398
Pseudodiploria195032,-0.5747576
Pseudodiploria195033,0.3391857
Pseudodiploria195034,0.6693935
Pseudodiploria195037,0.1246968
Pseudodiploria195038,-0.1551309
Pseudodiploria195040,0.2349676
Pseudodiploria195041,-0.1560228
Pseudodiploria195044,-0.4419052
Pseudodiploria195045,-0.3840308
Pseudodiploria195046,-0.653596
Pseudodiploria195047,-0.5726667
Pseudodiploria195049,0.0002894096
Pseudodiploria195050,-0.06948988
Pseudodiploria195051,0.05109359
Pseudodiploria195053,0.3804803
Pseudodiploria195055,-0.04303459
Pseudodiploria195057,-0.478687
Pseudodiploria195058,0.02110602
Pseudodiploria195061,-0.3501929
Pseudodiploria195063,-0.2627404
Pseudodiploria195064,0.02962715
Pseudodiploria195065,-0.3792123
Pseudodiploria195066,0.3587531
Pseudodiploria195067,0.3518183
Pseudodiploria195069,-0.5654563
Pseudodiploria195074,-0.167683
Pseudodiploria195076,0.004579377
Pseudodiploria195077,-0.7139619
Pseudodiploria195079,0.05551817
Pseudodiploria195081,0.006921924
Pseudodiploria195085,0.0586991
Pseudodiploria195086,-0.08160368
Pseudodiploria195087,0.02164212
Pseudodiploria195088,0.3290289
Pseudodiploria195089,-0.07976686
Pseudodiploria195090,-0.2272311
Pseudodiploria195091,0.5853486
Pseudodiploria195092,0.1513033
Pseudodiploria195093,0.1058001
Pseudodiploria195097,0.3477319
Pseudodiploria195098,-1.009136
Pseudodiploria195101,0.4948402
Pseudodiploria195102,-0.02190796
Pseudodiploria195103,0.1654705
Pseudodiploria195104,0.2081018
Pseudodiploria195107,0.03540034
Pseudodiploria195108,-0.4801372
Pseudodiploria195109,0.273315
Pseudodiploria195110,0.320281
Pseudodiploria195111,0.004219631
Pseudodiploria195116,0.5855961
Pseudodiploria195117,-0.331532
Pseudodiploria195118,0.2745395
Pseudodiploria195120,0.1221816
Pseudodiploria195123,0.4825914
Pseudodiploria195125,0.2739809
Pseudodiploria195126,-0.4939844
Pseudodiploria195127,0.1620463
Pseudodiploria195130,-0.7890065
Pseudodiploria195131,0.2370644
Pseudodiploria195133,-0.9842942
Pseudodiploria195134,0.03444782
Pseudodiploria195137,0.4542179
Pseudodiploria195139,0.487081
Pseudodiploria195143,-0.007132396
Pseudodiploria195144,0.8821371
Pseudodiploria195145,0.282801
Pseudodiploria195146,-0.7409015
Pseudodiploria195148,-0.3170924
Pseudodiploria195150,0.2797766
Pseudodiploria195152,0.2055708
Pseudodiploria195153,0.06458056
Pseudodiploria195154,0.4995339
Pseudodiploria195155,-0.2593824
Pseudodiploria195158,0.06388133
Pseudodiploria195159,0.2064737
Pseudodiploria195160,0.3443124
Pseudodiploria195161,-0.8645256
Pseudodiploria195162,-0.8069931
Pseudodiploria195164,0.7975868
Pseudodiploria195167,0.005305259
Pseudodiploria195168,0.9757692
Pseudodiploria195170,0.4330566
Pseudodiploria195173,0.3263721
Pseudodiploria195174,0.3169785
Pseudodiploria195176,0.1506208
Pseudodiploria195177,0.08409245
Pseudodiploria195178,0.2085697
Pseudodiploria195179,-0.1431112
Pseudodiploria195180,0.7613752
Pseudodiploria195181,-0.2551709
Pseudodiploria195183,0.2329507
Pseudodiploria195186,0.04867023
Pseudodiploria195188,0.1451653
Pseudodiploria195189,-0.03111962
Pseudodiploria195190,-0.03257124
Pseudodiploria195191,-0.2781464
Pseudodiploria195192,0.636108
Pseudodiploria195193,-0.03994874
Pseudodiploria195196,0.440227
Pseudodiploria195197,-0.2000644
Pseudodiploria195198,0.06555968
Pseudodiploria195200,-0.00500024
Pseudodiploria195201,0.5038254
Pseudodiploria195203,-0.2052931
Pseudodiploria195204,-1.081355
Pseudodiploria195205,-0.1915637
Pseudodiploria195206,-1.008701
Pseudodiploria195207,0.1389228
Pseudodiploria195209,-1.259162
Pseudodiploria19521,0.3701541
Pseudodiploria195210,0.5066791
Pseudodiploria195214,0.5032305
Pseudodiploria195215,0.1636446
Pseudodiploria195218,0.333366
Pseudodiploria195222,0.03785
Pseudodiploria195226,0.615818
Pseudodiploria195230,0.3744225
Pseudodiploria195232,0.3479171
Pseudodiploria195236,-0.09890253
Pseudodiploria195237,-0.3949971
Pseudodiploria195240,-0.281957
Pseudodiploria195241,-0.6267151
Pseudodiploria195242,-0.06415846
Pseudodiploria195243,0.4531663
Pseudodiploria195244,-0.146011
Pseudodiploria195248,0.2007048
Pseudodiploria195250,-0.421006
Pseudodiploria195251,0.3864688
Pseudodiploria195252,-0.3848707
Pseudodiploria195259,0.3231556
Pseudodiploria195261,0.03717966
Pseudodiploria195264,0.06166138
Pseudodiploria195266,0.6102809
Pseudodiploria195267,-0.3132016
Pseudodiploria195268,0.01644486
Pseudodiploria195269,0.01930206
Pseudodiploria195274,-0.02237548
Pseudodiploria195277,-0.01996211
Pseudodiploria195280,0.138676
Pseudodiploria195282,0.08834178
Pseudodiploria195287,0.4981499
Pseudodiploria195290,-0.1737338
Pseudodiploria195291,0.08328503
Pseudodiploria195292,-0.02094374
Pseudodiploria195294,0.04300769
Pseudodiploria195296,0.2439823
Pseudodiploria195297,0.01288901
Pseudodiploria195298,0.2549486
Pseudodiploria195300,-0.01783371
Pseudodiploria195301,0.1081504
Pseudodiploria195302,0.6994838
Pseudodiploria195303,0.3085657
Pseudodiploria195304,-0.2262208
Pseudodiploria195306,1.928014
Pseudodiploria195308,0.4768012
Pseudodiploria195312,-1.057786
Pseudodiploria195313,-0.5888787
Pseudodiploria195314,-0.03126713
Pseudodiploria195319,0.1991442
Pseudodiploria195324,0.07217118
Pseudodiploria195325,-0.1071231
Pseudodiploria195326,0.1113511
Pseudodiploria195329,-0.5693759
Pseudodiploria195330,0.9930958
Pseudodiploria195331,-0.1152898
Pseudodiploria195332,0.2491674
Pseudodiploria195333,0.1718048
Pseudodiploria195334,-0.3791553
Pseudodiploria195335,-0.3042843
Pseudodiploria195338,0.0024221
Pseudodiploria195339,0.09015532
Pseudodiploria195340,-0.1535935
Pseudodiploria195341,0.3860328
Pseudodiploria195342,-0.847108
Pseudodiploria195344,0.2979546
Pseudodiploria195346,0.1030624
Pseudodiploria195347,0.4330476
Pseudodiploria195349,0.0784714
Pseudodiploria195350,-0.3309194
Pseudodiploria195351,0.1705729
Pseudodiploria195355,-0.4143942
Pseudodiploria195356,-0.3867546
Pseudodiploria195358,0.5440421
Pseudodiploria195359,0.2670966
Pseudodiploria195360,0.3608059
Pseudodiploria195363,0.261238
Pseudodiploria195366,1.557353
Pseudodiploria195367,-0.2832071
Pseudodiploria195368,0.2232117
Pseudodiploria195370,0.07593438
Pseudodiploria195371,0.3098676
Pseudodiploria195374,0.04539222
Pseudodiploria195376,0.02258414
Pseudodiploria195378,-0.06419686
Pseudodiploria195380,0.4045985
Pseudodiploria195382,0.1002808
Pseudodiploria195383,0.2781942
Pseudodiploria195384,-0.332179
Pseudodiploria195387,-0.4913433
Pseudodiploria195388,-0.7422718
Pseudodiploria195390,0.1701365
Pseudodiploria195391,-1.363081
Pseudodiploria195392,0.4018403
Pseudodiploria195395,-0.43598
Pseudodiploria195396,0.8663207
Pseudodiploria195399,0.2189316
Pseudodiploria195401,-0.01727157
Pseudodiploria195404,0.1385678
Pseudodiploria195405,0.01107808
Pseudodiploria195406,0.4378224
Pseudodiploria195407,0.08162353
Pseudodiploria195412,-0.2407575
Pseudodiploria195413,-0.349056
Pseudodiploria195417,-0.08906351
Pseudodiploria195418,0.8034909
Pseudodiploria195419,0.3025083
Pseudodiploria195421,-0.2978017
Pseudodiploria195422,-0.5536534
Pseudodiploria195426,-0.08298214
Pseudodiploria195428,0.6055607
Pseudodiploria195430,-0.4660915
Pseudodiploria195431,0.09436713
Pseudodiploria195433,0.08315981
Pseudodiploria195435,0.7111345
Pseudodiploria195436,-0.05483122
Pseudodiploria195437,-0.07654822
Pseudodiploria195440,0.1083118
Pseudodiploria195442,-0.7774051
Pseudodiploria195445,0.07836621
Pseudodiploria195447,0.5190567
Pseudodiploria195449,-0.263875
Pseudodiploria195450,0.005875223
Pseudodiploria195452,0.1251157
Pseudodiploria195453,-0.07675541
Pseudodiploria195454,-0.001652291
Pseudodiploria195455,0.1170227
Pseudodiploria195457,0.397106
Pseudodiploria195460,-0.02100952
Pseudodiploria195463,0.2774637
Pseudodiploria195467,0.2689225
Pseudodiploria195468,0.0139723
Pseudodiploria195469,0.4837017
Pseudodiploria195472,-0.5680506
Pseudodiploria195473,0.03883227
Pseudodiploria195474,0.3851544
Pseudodiploria195476,-0.1273863
Pseudodiploria195477,0.1231373
Pseudodiploria195479,0.3172605
Pseudodiploria195480,-0.4867528
Pseudodiploria195482,0.2813672
Pseudodiploria195483,0.1396239
Pseudodiploria195485,0.1294269
Pseudodiploria195488,1.201932
Pseudodiploria195490,0.100261
Pseudodiploria195492,1.031862
Pseudodiploria195493,-0.301197
Pseudodiploria195494,0.1787739
Pseudodiploria195495,0.1748909
Pseudodiploria195499,-0.9697817
Pseudodiploria195501,-0.3936817
Pseudodiploria195502,0.01193181
Pseudodiploria195503,-0.01312533
Pseudodiploria195504,0.7162186
Pseudodiploria195505,0.2037327
Pseudodiploria195506,0.222017
Pseudodiploria195509,-0.5812748
Pseudodiploria195510,-0.3169136
Pseudodiploria195511,0.114318
Pseudodiploria195513,0.3087641
Pseudodiploria195515,0.04723519
Pseudodiploria195516,-0.3239619
Pseudodiploria195517,0.5191899
Pseudodiploria195518,-0.0242496
Pseudodiploria195520,0.3211118
Pseudodiploria195521,-0.3117801
Pseudodiploria195523,0.5465468
Pseudodiploria195524,-0.5015224
Pseudodiploria195525,-0.325932
Pseudodiploria195535,0.1104465
Pseudodiploria195536,0.4612279
Pseudodiploria195537,-0.1386362
Pseudodiploria195538,0.4371935
Pseudodiploria195539,-0.6671456
Pseudodiploria195541,0.7396967
Pseudodiploria195542,0.8545926
Pseudodiploria195543,0.1205243
Pseudodiploria195544,0.4584774
Pseudodiploria195546,0.7132853
Pseudodiploria195547,0.1437552
Pseudodiploria195548,-0.1263053
Pseudodiploria195549,0.04102851
Pseudodiploria195550,-0.1067287
Pseudodiploria195551,-0.3669343
Pseudodiploria195554,-0.06223421
Pseudodiploria195555,-0.3112902
Pseudodiploria195557,-0.1795268
Pseudodiploria195559,0.8239355
Pseudodiploria195560,-0.4329676
Pseudodiploria195562,-0.02847571
Pseudodiploria195563,0.3117138
Pseudodiploria195564,-0.3419592
Pseudodiploria195566,-0.07956
Pseudodiploria195567,-0.2400601
Pseudodiploria195569,-0.225054
Pseudodiploria195570,-0.2096502
Pseudodiploria195571,-0.7070006
Pseudodiploria195572,-0.4454385
Pseudodiploria195575,0.1886326
Pseudodiploria195580,-0.1033564
Pseudodiploria195582,0.3025005
Pseudodiploria195583,0.4476825
Pseudodiploria195584,0.2401436
Pseudodiploria195585,-0.03562496
Pseudodiploria195586,-1.135389
Pseudodiploria195587,-0.08638031
Pseudodiploria195591,0.3048981
Pseudodiploria195593,-0.6839708
Pseudodiploria195594,0.340684
Pseudodiploria195595,-0.4554479
Pseudodiploria195597,0.6333861
Pseudodiploria195601,0.9784679
Pseudodiploria195603,0.4339638
Pseudodiploria195604,-0.1552681
Pseudodiploria195605,-0.3526894
Pseudodiploria195607,0.110292
Pseudodiploria195609,-0.605961
Pseudodiploria195611,1.050406
Pseudodiploria195612,0.5461192
Pseudodiploria195613,-0.1056621
Pseudodiploria195615,-0.05088291
Pseudodiploria195616,0.442115
Pseudodiploria195617,-0.2743079
Pseudodiploria195619,0.2224605
Pseudodiploria195620,-0.6896907
Pseudodiploria195621,-0.05351613
Pseudodiploria195622,-0.03508568
Pseudodiploria195624,-0.4298928
Pseudodiploria195625,-0.2042514
Pseudodiploria195627,0.09617875
Pseudodiploria195629,0.4094348
Pseudodiploria195630,0.4293363
Pseudodiploria195631,0.324571
Pseudodiploria195635,-0.7359496
Pseudodiploria195638,-0.2980674
Pseudodiploria195641,0.1530824
Pseudodiploria195642,0.4169649
Pseudodiploria195643,-0.07940388
Pseudodiploria195644,-0.05809783
Pseudodiploria195646,0.05003326
Pseudodiploria195651,-0.0190086
Pseudodiploria195652,0.398326
Pseudodiploria195653,0.2431313
Pseudodiploria195654,-0.301002
Pseudodiploria195655,-0.7779236
Pseudodiploria195658,0.2810903
Pseudodiploria195660,0.8058011
Pseudodiploria195661,0.08136599
Pseudodiploria195662,0.2327841
Pseudodiploria195663,0.8016375
Pseudodiploria195665,0.06637736
Pseudodiploria195666,0.02309717
Pseudodiploria195667,0.08513018
Pseudodiploria195668,1.210544
Pseudodiploria195669,-0.05457685
Pseudodiploria195670,-0.07242098
Pseudodiploria195672,-0.1758495
Pseudodiploria195673,-0.2334975
Pseudodiploria195675,0.1540213
Pseudodiploria195676,-0.05083745
Pseudodiploria195677,0.02262647
Pseudodiploria195679,0.2653191
Pseudodiploria195683,0.2084766
Pseudodiploria195684,0.1697952
Pseudodiploria195685,0.9358706
Pseudodiploria195686,0.7953898
Pseudodiploria195687,-0.6093953
Pseudodiploria195688,0.1014198
Pseudodiploria195690,0.04225236
Pseudodiploria195691,0.1550634
Pseudodiploria195692,-0.7559793
Pseudodiploria195693,0.02165513
Pseudodiploria195695,-1.436635
Pseudodiploria195696,0.3612253
Pseudodiploria195697,-0.07575516
Pseudodiploria195698,0.04030734
Pseudodiploria195699,-0.4087546
Pseudodiploria195700,0.1713458
Pseudodiploria195701,-0.5881202
Pseudodiploria195704,-0.04790428
Pseudodiploria195706,0.3976762
Pseudodiploria195707,-0.2647361
Pseudodiploria195708,1.039763
Pseudodiploria195711,-0.3956966
Pseudodiploria195712,-0.3352129
Pseudodiploria195715,0.9440499
Pseudodiploria195719,0.190021
Pseudodiploria195720,-0.5408759
Pseudodiploria195724,0.5738439
Pseudodiploria195725,-0.1902406
Pseudodiploria195727,-0.0436871
Pseudodiploria195729,-0.5325907
Pseudodiploria195732,0.6334217
Pseudodiploria195734,-0.3867412
Pseudodiploria195735,0.006565799
Pseudodiploria195736,-0.3651733
Pseudodiploria195741,0.2511712
Pseudodiploria195742,-0.3316444
Pseudodiploria195743,0.3831627
Pseudodiploria195744,-0.3496486
Pseudodiploria195746,0.1590821
Pseudodiploria195747,0.1771003
Pseudodiploria195748,-0.5367536
Pseudodiploria195749,0.1565304
Pseudodiploria195753,0.05897411
Pseudodiploria195754,-0.6917798
Pseudodiploria195755,0.2827988
Pseudodiploria195758,1.115959
Pseudodiploria195761,0.3259254
Pseudodiploria195762,0.649872
Pseudodiploria195763,0.3839808
Pseudodiploria195765,0.2597529
Pseudodiploria195766,0.3184599
Pseudodiploria195767,0.3677116
Pseudodiploria195771,0.9169722
Pseudodiploria195772,0.3962978
Pseudodiploria195773,-0.02703325
Pseudodiploria195774,-0.4608757
Pseudodiploria195775,0.3992006
Pseudodiploria195776,-0.3561317
Pseudodiploria195777,-0.2817193
Pseudodiploria195778,-0.1642801
Pseudodiploria195781,-0.06399823
Pseudodiploria195782,0.2423282
Pseudodiploria195786,0.5036483
Pseudodiploria195790,0.4392999
Pseudodiploria195792,0.06512616
Pseudodiploria195794,0.1428178
Pseudodiploria195795,-0.1298592
Pseudodiploria195796,0.04486262
Pseudodiploria195797,0.7905282
Pseudodiploria195799,-0.8595027
Pseudodiploria195800,0.08675276
Pseudodiploria195801,0.2065134
Pseudodiploria195802,-0.1099075
Pseudodiploria195804,0.4343488
Pseudodiploria195805,0.520006
Pseudodiploria195807,0.0807091
Pseudodiploria195809,0.03804037
Pseudodiploria195812,0.02195273
Pseudodiploria195813,0.2257575
Pseudodiploria195815,-0.1532792
Pseudodiploria195817,0.2865447
Pseudodiploria195818,0.1715318
Pseudodiploria195819,-0.4520622
Pseudodiploria195820,0.389036
Pseudodiploria195824,0.2741311
Pseudodiploria195825,-0.07613219
Pseudodiploria195827,-0.2620318
Pseudodiploria195828,-0.2982668
Pseudodiploria195829,0.07495274
Pseudodiploria195830,0.1160181
Pseudodiploria195831,-0.01810909
Pseudodiploria195832,0.1159875
Pseudodiploria195833,0.16553
Pseudodiploria195834,0.02412579
Pseudodiploria195835,0.5639344
Pseudodiploria195836,0.2432185
Pseudodiploria195841,-0.1412251
Pseudodiploria195844,-0.05301497
Pseudodiploria195845,-0.1964809
Pseudodiploria195847,-0.004044923
Pseudodiploria195848,0.02861866
Pseudodiploria195850,-0.2690327
Pseudodiploria195853,-0.5377229
Pseudodiploria195855,1.514635
Pseudodiploria195857,0.08933727
Pseudodiploria195858,-0.04945626
Pseudodiploria195859,0.5848359
Pseudodiploria195860,-0.2465598
Pseudodiploria195861,0.1757213
Pseudodiploria195862,0.425498
Pseudodiploria195863,0.09685095
Pseudodiploria195864,-0.03836248
Pseudodiploria195866,-0.03783898
Pseudodiploria195867,0.5468637
Pseudodiploria195870,0.2360966
Pseudodiploria195874,0.001209426
Pseudodiploria195878,-0.4509378
Pseudodiploria195881,-0.4454031
Pseudodiploria195882,-0.09493743
Pseudodiploria195883,0.08295148
Pseudodiploria195885,0.1259333
Pseudodiploria195886,-0.1486249
Pseudodiploria195887,0.01732733
Pseudodiploria195888,0.8069106
Pseudodiploria195889,0.2595303
Pseudodiploria195890,0.485278
Pseudodiploria195892,0.3577338
Pseudodiploria195893,-0.1636676
Pseudodiploria195896,-0.02647207
Pseudodiploria195898,0.0412576
Pseudodiploria195900,0.02187479
Pseudodiploria195903,0.08244284
Pseudodiploria195905,0.5596391
Pseudodiploria195906,-0.02641475
Pseudodiploria195909,0.04769321
Pseudodiploria195911,0.4779061
Pseudodiploria195912,-0.3376839
Pseudodiploria195913,0.3543549
Pseudodiploria195914,0.3768487
Pseudodiploria195916,-0.1862173
Pseudodiploria195917,0.1883717
Pseudodiploria195918,0.1743484
Pseudodiploria195919,-0.08363674
Pseudodiploria195920,-0.111519
Pseudodiploria195921,0.5991156
Pseudodiploria195922,0.1648014
Pseudodiploria195923,-1.266999
Pseudodiploria195924,0.6160442
Pseudodiploria195926,0.2688714
Pseudodiploria195929,-0.0914864
Pseudodiploria195930,0.03142404
Pseudodiploria195931,-0.01688068
Pseudodiploria195933,0.1459743
Pseudodiploria195934,-0.2878039
Pseudodiploria195935,0.1460773
Pseudodiploria195936,-0.1773361
Pseudodiploria195938,0.07833874
Pseudodiploria195939,0.4153956
Pseudodiploria195940,-0.01072576
Pseudodiploria195942,0.5178437
Pseudodiploria195943,-0.1563363
Pseudodiploria195944,0.3738191
Pseudodiploria195946,-0.3820125
Pseudodiploria195948,-0.4100912
Pseudodiploria195949,-0.9041219
Pseudodiploria195951,0.1754727
Pseudodiploria195952,0.2378146
Pseudodiploria195953,0.5443843
Pseudodiploria195955,0.1102687
Pseudodiploria195956,0.8459624
Pseudodiploria195964,0.07343514
Pseudodiploria195965,0.09426145
Pseudodiploria195966,-0.1517064
Pseudodiploria195969,0.285962
Pseudodiploria195970,0.0002847491
Pseudodiploria195973,-0.5596867
Pseudodiploria195974,-0.4865833
Pseudodiploria195975,-0.2496825
Pseudodiploria195977,0.2725916
Pseudodiploria195978,-0.4441516
Pseudodiploria195980,1.605739
Pseudodiploria195982,-0.4920901
Pseudodiploria195983,-0.9539926
Pseudodiploria195984,0.8316466
Pseudodiploria195986,0.3711537
Pseudodiploria195987,-0.6517964
Pseudodiploria195991,0.5112534
Pseudodiploria195992,0.1410547
Pseudodiploria195993,0.4272669
Pseudodiploria195997,0.0338231
Pseudodiploria195998,-0.008011852
Pseudodiploria196000,0.6716314
Pseudodiploria196001,0.07602417
Pseudodiploria196002,-0.8003466
Pseudodiploria196004,0.03866552
Pseudodiploria196006,-0.7248266
Pseudodiploria196007,0.35562
Pseudodiploria196008,-0.51169
Pseudodiploria196010,1.262267
Pseudodiploria196011,-0.2625121
Pseudodiploria196013,0.5282259
Pseudodiploria196014,1.819776
Pseudodiploria196015,0.4793575
Pseudodiploria196016,-0.006322239
Pseudodiploria196017,0.2260465
Pseudodiploria196018,0.08346181
Pseudodiploria196020,-0.3717974
Pseudodiploria196021,-0.09388008
Pseudodiploria196022,1.036445
Pseudodiploria196025,0.07657857
Pseudodiploria196028,-0.01777557
Pseudodiploria196029,-0.2057744
Pseudodiploria196032,0.06999732
Pseudodiploria196043,-0.04120798
Pseudodiploria196045,-0.1291031
Pseudodiploria196046,0.5160184
Pseudodiploria196047,0.3705036
Pseudodiploria196048,0.2081752
Pseudodiploria196049,-0.2003092
Pseudodiploria196050,-0.01882251
Pseudodiploria196051,-0.5316203
Pseudodiploria196053,0.8271444
Pseudodiploria196054,0.2265408
Pseudodiploria196055,-0.0534992
Pseudodiploria196056,-0.2126197
Pseudodiploria196059,-0.2152549
Pseudodiploria196061,0.128441
Pseudodiploria196062,0.1627392
Pseudodiploria196063,0.6414479
Pseudodiploria196066,0.2444169
Pseudodiploria196067,0.1734951
Pseudodiploria196068,-0.7262094
Pseudodiploria196069,-0.3792763
Pseudodiploria196070,0.2904625
Pseudodiploria196072,0.2838305
Pseudodiploria196075,-0.2270309
Pseudodiploria196081,1.493746
Pseudodiploria196082,-0.5722571
Pseudodiploria196086,0.02801125
Pseudodiploria196088,0.06383443
Pseudodiploria196089,-1.166333
Pseudodiploria196092,-0.1115655
Pseudodiploria196095,-0.2169481
Pseudodiploria196098,0.1459824
Pseudodiploria196099,-0.8493834
Pseudodiploria196100,1.233484
Pseudodiploria196101,-0.3658655
Pseudodiploria196102,-0.3580216
Pseudodiploria196103,0.247074
Pseudodiploria196105,-0.3181035
Pseudodiploria196106,0.2894798
Pseudodiploria196108,-0.7424177
Pseudodiploria196110,0.1664927
Pseudodiploria196111,0.6779119
Pseudodiploria196112,-0.7753679
Pseudodiploria196114,-0.07941954
Pseudodiploria196115,0.8295134
Pseudodiploria196116,0.1567385
Pseudodiploria196119,0.5080724
Pseudodiploria196120,0.006608598
Pseudodiploria196124,-0.03798048
Pseudodiploria196125,-0.05872801
Pseudodiploria196126,-0.5907689
Pseudodiploria196127,-0.332117
Pseudodiploria196128,0.009670055
Pseudodiploria196130,0.3831676
Pseudodiploria196131,0.2169384
Pseudodiploria196135,-0.3107423
Pseudodiploria196136,-0.1482973
Pseudodiploria196137,0.1987214
Pseudodiploria196138,0.1182509
Pseudodiploria196139,0.5138325
Pseudodiploria196140,0.3251
Pseudodiploria196141,0.2764007
Pseudodiploria196143,0.06330458
Pseudodiploria196145,0.6424962
Pseudodiploria196146,-0.07520746
Pseudodiploria196148,1.198893
Pseudodiploria196149,0.09834175
Pseudodiploria196151,-0.06121309
Pseudodiploria196152,-0.5703207
Pseudodiploria196153,0.3126756
Pseudodiploria196156,0.3548069
Pseudodiploria196158,-0.07683636
Pseudodiploria196159,0.09484025
Pseudodiploria196161,0.4696174
Pseudodiploria196162,-0.1538215
Pseudodiploria196163,0.4360831
Pseudodiploria196164,0.2744432
Pseudodiploria196165,0.4020585
Pseudodiploria196166,-0.2979022
Pseudodiploria196167,-0.01799647
Pseudodiploria196168,0.4449979
Pseudodiploria196169,-0.95431
Pseudodiploria196170,-0.4176097
Pseudodiploria196171,-0.1355268
Pseudodiploria196173,0.1475649
Pseudodiploria196174,0.04361721
Pseudodiploria196175,-0.06064282
Pseudodiploria196177,-0.7202914
Pseudodiploria196179,0.1860008
Pseudodiploria196180,-0.2288407
Pseudodiploria196181,0.219825
Pseudodiploria196182,0.07393805
Pseudodiploria196183,-0.05293949
Pseudodiploria196184,-0.3284237
Pseudodiploria196185,-0.7442819
Pseudodiploria196188,-0.7906134
Pseudodiploria196189,0.2628104
Pseudodiploria196190,0.1808442
Pseudodiploria196191,-0.4701794
Pseudodiploria196192,0.2644239
Pseudodiploria196193,0.3479845
Pseudodiploria196195,0.7579801
Pseudodiploria196196,0.3257969
Pseudodiploria196202,0.09017836
Pseudodiploria196203,0.5939802
Pseudodiploria196205,0.3103805
Pseudodiploria196206,1.599235
Pseudodiploria196208,0.02126976
Pseudodiploria196209,-0.03432896
Pseudodiploria196211,-0.3248323
Pseudodiploria196213,0.4622932
Pseudodiploria196214,-0.1722746
Pseudodiploria196216,-0.3708836
Pseudodiploria196218,-0.8215254
Pseudodiploria196219,-0.475508
Pseudodiploria196220,0.002654843
Pseudodiploria196221,0.3557546
Pseudodiploria196222,-0.6503623
Pseudodiploria196224,0.2812131
Pseudodiploria196226,-0.1603349
Pseudodiploria196233,0.01749625
Pseudodiploria196234,-0.2094485
Pseudodiploria196237,0.05921366
Pseudodiploria196238,0.3145944
Pseudodiploria196239,0.2929381
Pseudodiploria196241,0.2667629
Pseudodiploria196242,-0.2068926
Pseudodiploria196243,0.5480544
Pseudodiploria196244,-0.6528483
Pseudodiploria196245,0.9444342
Pseudodiploria196246,-1.244702
Pseudodiploria196247,-1.016844
Pseudodiploria196248,0.09196452
Pseudodiploria196249,0.04059612
Pseudodiploria196251,-0.1286977
Pseudodiploria196253,0.3424658
Pseudodiploria196254,-0.06729677
Pseudodiploria196255,-0.5231737
Pseudodiploria196256,0.4924722
Pseudodiploria196257,0.08759196
Pseudodiploria196258,0.2883697
Pseudodiploria196259,0.3485507
Pseudodiploria196262,-0.06561698
Pseudodiploria196264,-1.299469
Pseudodiploria196266,0.623209
Pseudodiploria196268,-0.3843781
Pseudodiploria196269,0.01946084
Pseudodiploria196271,-0.7983303
Pseudodiploria196273,0.1937394
Pseudodiploria196274,0.1646163
Pseudodiploria196275,-0.09646498
Pseudodiploria196276,-0.6642267
Pseudodiploria196277,0.8260861
Pseudodiploria196278,-0.5848955
Pseudodiploria196279,-0.2512271
Pseudodiploria196280,0.09788052
Pseudodiploria196281,-0.6113959
Pseudodiploria196285,-0.1702665
Pseudodiploria196286,-0.2405387
Pseudodiploria196288,0.2349852
Pseudodiploria196290,0.2632504
Pseudodiploria196291,-0.4215167
Pseudodiploria196293,-0.08723798
Pseudodiploria196294,0.502683
Pseudodiploria196298,-0.001982739
Pseudodiploria196299,-0.0695201
Pseudodiploria196300,-0.1574506
Pseudodiploria196301,0.1551718
Pseudodiploria196303,-0.4594337
Pseudodiploria196305,0.1011178
Pseudodiploria196306,-0.1818625
Pseudodiploria196307,-0.8953826
Pseudodiploria196308,1.195522
Pseudodiploria196310,0.3609192
Pseudodiploria196313,-0.2619448
Pseudodiploria196314,-0.02850114
Pseudodiploria196315,-0.05498187
Pseudodiploria196316,-0.3105396
Pseudodiploria196317,0.6455854
Pseudodiploria196319,0.8162748
Pseudodiploria196320,0.5884288
Pseudodiploria196322,0.02817371
Pseudodiploria196323,0.1045969
Pseudodiploria196327,-0.1236203
Pseudodiploria196329,-0.04427856
Pseudodiploria196330,0.4037285
Pseudodiploria196333,0.09273084
Pseudodiploria196336,0.4563914
Pseudodiploria196339,0.3387157
Pseudodiploria196340,-0.1549997
Pseudodiploria196341,0.1320646
Pseudodiploria196342,-0.04133863
Pseudodiploria196344,-0.1491324
Pseudodiploria196345,-0.4653682
Pseudodiploria196346,-0.2194216
Pseudodiploria196347,-0.3103185
Pseudodiploria196350,0.5927625
Pseudodiploria196356,0.09940329
Pseudodiploria196358,0.0166867
Pseudodiploria196359,-0.2653852
Pseudodiploria196360,0.434309
Pseudodiploria196361,1.248342
Pseudodiploria196362,-0.04605907
Pseudodiploria196363,-0.1171243
Pseudodiploria196367,-0.08797777
Pseudodiploria196368,-0.4110101
Pseudodiploria196369,-0.8720338
Pseudodiploria196370,-0.4559459
Pseudodiploria196371,-0.5196289
Pseudodiploria196373,-0.05623831
Pseudodiploria196374,-1.174321
Pseudodiploria196379,-0.09548529
Pseudodiploria196381,0.8859885
Pseudodiploria196382,-0.01072756
Pseudodiploria196383,-0.003080876
Pseudodiploria196387,-0.2000685
Pseudodiploria196389,0.1241525
Pseudodiploria196391,0.3784345
Pseudodiploria196392,0.3478874
Pseudodiploria196393,-0.6280383
Pseudodiploria196394,0.3197844
Pseudodiploria196395,0.3035987
Pseudodiploria196396,-0.1379277
Pseudodiploria196397,0.09512836
Pseudodiploria196398,0.4400417
Pseudodiploria196400,0.8903545
Pseudodiploria196402,-0.7937365
Pseudodiploria196403,0.1578259
Pseudodiploria196405,0.04674435
Pseudodiploria196406,0.2699672
Pseudodiploria196409,0.1854593
Pseudodiploria196411,-0.412953
Pseudodiploria196412,-0.4047397
Pseudodiploria196413,-0.03224124
Pseudodiploria196414,0.04340055
Pseudodiploria196415,-0.1235102
Pseudodiploria196417,0.7141054
Pseudodiploria196418,-0.5701588
Pseudodiploria196419,1.715078
Pseudodiploria196422,0.315953
Pseudodiploria196423,0.902621
Pseudodiploria196424,0.1944751
Pseudodiploria196425,0.5833476
Pseudodiploria196426,0.128278
Pseudodiploria196427,0.08900844
Pseudodiploria196428,-0.1213034
Pseudodiploria196429,0.4233514
Pseudodiploria196430,0.3203125
Pseudodiploria196431,0.05148272
Pseudodiploria196432,0.03556074
Pseudodiploria196435,1.095744
Pseudodiploria196436,0.2341503
Pseudodiploria196437,-0.04118737
Pseudodiploria196438,-0.5200132
Pseudodiploria196439,0.1208357
Pseudodiploria196440,0.1577172
Pseudodiploria196442,-0.969719
Pseudodiploria196443,-0.482232
Pseudodiploria196445,0.1139348
Pseudodiploria196446,0.7475924
Pseudodiploria196447,0.9562695
Pseudodiploria196448,0.3440954
Pseudodiploria196449,-0.07592884
Pseudodiploria196453,0.9503192
Pseudodiploria196454,0.4992296
Pseudodiploria196455,1.069042
Pseudodiploria196456,0.2970013
Pseudodiploria196457,0.4139443
Pseudodiploria196458,0.3311218
Pseudodiploria196460,0.04322835
Pseudodiploria196461,0.9826134
Pseudodiploria196463,0.08145698
Pseudodiploria196465,-0.4315825
Pseudodiploria196468,0.6642044
Pseudodiploria196469,0.2831232
Pseudodiploria196471,-0.1954185
Pseudodiploria196475,0.03589232
Pseudodiploria196476,0.03381142
Pseudodiploria196477,-1.066807
Pseudodiploria196478,0.2571788
Pseudodiploria196479,0.1946798
Pseudodiploria196482,0.1035567
Pseudodiploria196483,-0.6663045
Pseudodiploria196484,0.5635622
Pseudodiploria196485,-0.1158611
Pseudodiploria196486,-0.5035795
Pseudodiploria196487,0.2258613
Pseudodiploria196490,0.08698377
Pseudodiploria196491,-0.01679922
Pseudodiploria196493,-0.6959822
Pseudodiploria196494,0.006981032
Pseudodiploria196495,-0.2980848
Pseudodiploria196497,0.1785426
Pseudodiploria196498,-1.321125
Pseudodiploria196500,0.1171655
Pseudodiploria196501,0.1296289
Pseudodiploria196505,0.7292848
Pseudodiploria196508,0.03434364
Pseudodiploria196509,0.1390211
Pseudodiploria196510,0.244033
Pseudodiploria196513,-0.7355228
Pseudodiploria196514,-0.05408575
Pseudodiploria196515,0.1494256
Pseudodiploria196516,0.7825298
Pseudodiploria196517,-0.611935
Pseudodiploria196519,0.01820638
Pseudodiploria196520,0.6579821
Pseudodiploria196522,-0.5186579
Pseudodiploria196527,1.216711
Pseudodiploria196529,-0.4844482
Pseudodiploria196530,-0.4760313
Pseudodiploria196532,-0.8831276
Pseudodiploria196533,0.4889549
Pseudodiploria196537,-0.08091242
Pseudodiploria196538,-1.140873
Pseudodiploria196540,-0.4587731
Pseudodiploria196541,-0.14724
Pseudodiploria196545,-0.2547584
Pseudodiploria196546,-0.1718561
Pseudodiploria196547,0.225826
Pseudodiploria196548,-0.4647149
Pseudodiploria196549,0.567431
Pseudodiploria196550,0.06115603
Pseudodiploria196551,-0.08227746
Pseudodiploria196552,0.2024507
Pseudodiploria196553,1.31045
Pseudodiploria196555,-0.2190008
Pseudodiploria196557,0.6388046
Pseudodiploria196558,0.07592805
Pseudodiploria196561,-0.1445294
Pseudodiploria196563,-0.1565442
Pseudodiploria196565,0.03352789
Pseudodiploria196566,0.6013539
Pseudodiploria196567,-0.3702708
Pseudodiploria196568,0.3247908
Pseudodiploria196574,-0.3536472
Pseudodiploria196575,-0.006854712
Pseudodiploria196577,-0.3538038
Pseudodiploria196578,0.149495
Pseudodiploria196579,0.1901302
Pseudodiploria196581,0.004029199
Pseudodiploria196587,0.3379634
Pseudodiploria196588,-0.1023641
Pseudodiploria196593,0.06969735
Pseudodiploria196595,-1.187194
Pseudodiploria196597,-0.5588965
Pseudodiploria196599,-0.2412902
Pseudodiploria196600,0.250783
Pseudodiploria196602,-0.3949539
Pseudodiploria196603,0.1722177
Pseudodiploria196604,-0.6244096
Pseudodiploria196605,-0.1876839
Pseudodiploria196606,0.1330141
Pseudodiploria196607,-0.2542252
Pseudodiploria196608,0.2231735
Pseudodiploria196610,-0.05232871
Pseudodiploria196611,-0.1880606
Pseudodiploria196613,0.1340315
Pseudodiploria196614,0.1537219
Pseudodiploria196616,-0.06516677
Pseudodiploria196617,-0.2988842
Pseudodiploria196618,-0.350162
Pseudodiploria196620,0.2279858
Pseudodiploria196622,0.1699353
Pseudodiploria196623,0.6221712
Pseudodiploria196624,0.0984591
Pseudodiploria196625,-0.2880694
Pseudodiploria196627,-0.3845228
Pseudodiploria196629,-0.07416782
Pseudodiploria196630,0.05799304
Pseudodiploria196631,0.3195431
Pseudodiploria196632,0.06680819
Pseudodiploria196634,-0.1659725
Pseudodiploria196636,-0.2388635
Pseudodiploria196639,0.24352
Pseudodiploria196640,-0.159301
Pseudodiploria196642,0.09967762
Pseudodiploria196643,0.01009915
Pseudodiploria196644,0.7275043
Pseudodiploria196645,0.1014995
Pseudodiploria196646,0.04729279
Pseudodiploria196647,-0.0552666
Pseudodiploria196648,-0.2228574
Pseudodiploria196649,0.08174534
Pseudodiploria196652,-0.7765825
Pseudodiploria196653,0.02343195
Pseudodiploria196654,0.004470046
Pseudodiploria196655,0.3424934
Pseudodiploria196656,-0.710358
Pseudodiploria196657,-0.542117
Pseudodiploria196658,-0.005090104
Pseudodiploria196659,0.00193915
Pseudodiploria196660,0.4074646
Pseudodiploria196661,1.511037
Pseudodiploria196662,0.4315718
Pseudodiploria196665,-0.03618647
Pseudodiploria196666,0.225448
Pseudodiploria196668,0.4938727
Pseudodiploria196669,0.3894955
Pseudodiploria196670,0.3874606
Pseudodiploria196672,0.098669
Pseudodiploria196674,-0.5691773
Pseudodiploria196677,-0.04500426
Pseudodiploria196678,-0.3266874
Pseudodiploria196680,0.856088
Pseudodiploria196682,-0.5496415
Pseudodiploria196683,0.2035045
Pseudodiploria196686,-0.1673702
Pseudodiploria196688,-0.1588285
Pseudodiploria196689,-0.02082088
Pseudodiploria196693,0.9041512
Pseudodiploria196694,0.4002317
Pseudodiploria196697,0.2745734
Pseudodiploria196699,0.4481001
Pseudodiploria196700,0.06716152
Pseudodiploria196702,0.268912
Pseudodiploria196703,-0.1916908
Pseudodiploria196706,0.2656953
Pseudodiploria196707,-0.166043
Pseudodiploria196710,0.05098791
Pseudodiploria196711,0.2523647
Pseudodiploria196712,0.341882
Pseudodiploria196714,0.03185399
Pseudodiploria196715,0.5653784
Pseudodiploria196721,0.08050305
Pseudodiploria196723,-0.02570825
Pseudodiploria196725,-0.3087798
Pseudodiploria196727,0.1482005
Pseudodiploria196728,0.1377946
Pseudodiploria196731,-0.1468589
Pseudodiploria196732,-0.05602668
Pseudodiploria196733,-0.04976355
Pseudodiploria196734,-0.2511641
Pseudodiploria196737,-0.1412996
Pseudodiploria196738,-0.3658565
Pseudodiploria196739,0.2361475
Pseudodiploria196741,-0.07524605
Pseudodiploria196743,-0.9380395
Pseudodiploria196750,0.4138859
Pseudodiploria196751,0.3845077
Pseudodiploria196752,-0.4115864
Pseudodiploria196753,0.048545
Pseudodiploria196754,-0.3051686
Pseudodiploria196755,0.01634158
Pseudodiploria196757,-0.2138606
Pseudodiploria196760,0.04722796
Pseudodiploria196761,-0.6381694
Pseudodiploria196763,0.4884756
Pseudodiploria196765,0.4028397
Pseudodiploria196766,0.1343575
Pseudodiploria196768,-0.07010828
Pseudodiploria196769,-0.04111202
Pseudodiploria196770,0.03114685
Pseudodiploria196773,0.2247577
Pseudodiploria196774,0.09034269
Pseudodiploria196777,1.513625
Pseudodiploria196778,0.3010228
Pseudodiploria196781,0.1749771
Pseudodiploria196783,-0.5155404
Pseudodiploria196785,0.4080415
Pseudodiploria196786,0.2816285
Pseudodiploria196787,-1.187405
Pseudodiploria196788,-0.08370287
Pseudodiploria196789,0.1406371
Pseudodiploria196790,0.4522331
Pseudodiploria196791,0.2833052
Pseudodiploria196793,-0.2020053
Pseudodiploria196794,0.6104178
Pseudodiploria196795,1.225229
Pseudodiploria196797,0.7186625
Pseudodiploria196799,0.7426181
Pseudodiploria196800,-0.09740907
Pseudodiploria196802,-0.04966018
Pseudodiploria196803,0.3560528
Pseudodiploria196805,1.061137
Pseudodiploria196806,-0.09333677
Pseudodiploria196808,-0.1021998
Pseudodiploria196810,0.1417469
Pseudodiploria196811,0.08718251
Pseudodiploria196812,-0.3987975
Pseudodiploria196813,0.6161791
Pseudodiploria196817,0.0598414
Pseudodiploria196818,-0.227699
Pseudodiploria196819,0.1761092
Pseudodiploria196820,-0.07190917
Pseudodiploria196821,0.1880112
Pseudodiploria196824,0.1408465
Pseudodiploria196825,0.170858
Pseudodiploria196826,-0.9561964
Pseudodiploria196828,0.1506951
Pseudodiploria196829,-0.06560001
Pseudodiploria196830,-0.05925801
Pseudodiploria196831,0.9124678
Pseudodiploria196832,-0.7687064
Pseudodiploria196834,0.1343473
Pseudodiploria196836,-0.1199558
Pseudodiploria196837,-0.2575498
Pseudodiploria196838,-0.4001137
Pseudodiploria196843,-0.3778067
Pseudodiploria196844,-0.2072486
Pseudodiploria196847,0.06648427
Pseudodiploria196850,-0.3986
Pseudodiploria196852,0.4549531
Pseudodiploria196853,0.04297015
Pseudodiploria196855,0.03279808
Pseudodiploria196856,0.5632452
Pseudodiploria196857,0.7667914
Pseudodiploria196858,-0.1380101
Pseudodiploria196859,-0.008280515
Pseudodiploria196860,-0.01560414
Pseudodiploria196861,-0.09667302
Pseudodiploria196862,0.0361919
Pseudodiploria196863,-0.2101916
Pseudodiploria196865,-0.1170011
Pseudodiploria196867,0.7980528
Pseudodiploria196868,0.439565
Pseudodiploria196871,-0.1140993
Pseudodiploria196872,0.1457799
Pseudodiploria196873,0.7871558
Pseudodiploria196876,0.4671577
Pseudodiploria196878,0.5564847
Pseudodiploria196879,0.9012832
Pseudodiploria196883,-0.3281233
Pseudodiploria196884,0.1275796
Pseudodiploria196887,0.3519318
Pseudodiploria196888,-0.2683067
Pseudodiploria196890,0.4340699
Pseudodiploria196891,-0.2130066
Pseudodiploria196896,-0.1665128
Pseudodiploria196897,-0.4541447
Pseudodiploria196898,0.06781643
Pseudodiploria196899,-0.03396881
Pseudodiploria196905,0.002709727
Pseudodiploria196906,0.4101775
Pseudodiploria196907,0.08491007
Pseudodiploria196908,-0.2299903
Pseudodiploria196910,0.5152594
Pseudodiploria196912,0.03082069
Pseudodiploria196913,-0.2242567
Pseudodiploria196914,0.2431516
Pseudodiploria196915,-0.3154777
Pseudodiploria196916,0.3315366
Pseudodiploria196917,-0.118958
Pseudodiploria196918,-0.4259262
Pseudodiploria196919,0.8990046
Pseudodiploria196922,-0.9476533
Pseudodiploria196923,-0.2183102
Pseudodiploria196924,0.2768179
Pseudodiploria196925,0.07689157
Pseudodiploria196926,0.2044709
Pseudodiploria196930,-0.9159096
Pseudodiploria196932,0.1205842
Pseudodiploria196934,0.3266462
Pseudodiploria196936,0.4710282
Pseudodiploria196939,-0.1042751
Pseudodiploria196940,-0.6116364
Pseudodiploria196942,-0.1396365
Pseudodiploria196944,0.1155705
Pseudodiploria196947,-0.1628217
Pseudodiploria196949,0.03598663
Pseudodiploria196951,-0.2236244
Pseudodiploria196954,-0.4440711
Pseudodiploria196956,-0.3076648
Pseudodiploria196957,0.5816281
Pseudodiploria196958,-0.05305988
Pseudodiploria196960,0.1071992
Pseudodiploria196961,0.08739365
Pseudodiploria196962,0.10807
Pseudodiploria196965,0.05159579
Pseudodiploria196966,0.2707202
Pseudodiploria196967,0.08382908
Pseudodiploria196970,0.4011528
Pseudodiploria196973,0.1859269
Pseudodiploria196975,-0.2842875
Pseudodiploria196977,0.9053875
Pseudodiploria196978,-0.4847655
Pseudodiploria196979,-0.1804321
Pseudodiploria196981,0.2339845
Pseudodiploria196982,-0.1149751
Pseudodiploria196983,0.5063449
Pseudodiploria196984,-0.1754003
Pseudodiploria196985,-0.455447
Pseudodiploria196987,0.3928294
Pseudodiploria196989,0.2561359
Pseudodiploria196990,-0.5740785
Pseudodiploria196991,0.1087118
Pseudodiploria196992,-0.1767135
Pseudodiploria196994,-0.3708663
Pseudodiploria196995,-0.5517972
Pseudodiploria196996,-0.09453446
Pseudodiploria196997,0.1361197
Pseudodiploria196998,0.06880938
Pseudodiploria197002,0.2761989
Pseudodiploria197003,-0.5199814
Pseudodiploria197005,0.2337366
Pseudodiploria197006,-0.1320877
Pseudodiploria197007,0.02210179
Pseudodiploria197008,0.2918483
Pseudodiploria197009,-0.16359
Pseudodiploria197010,-0.5205739
Pseudodiploria197011,-0.1211636
Pseudodiploria197012,-0.02328839
Pseudodiploria197014,-0.3035997
Pseudodiploria197015,0.05595866
Pseudodiploria197016,0.2812107
Pseudodiploria197021,0.9597581
Pseudodiploria197024,0.3689084
Pseudodiploria197026,0.1828753
Pseudodiploria197027,-1.414305
Pseudodiploria197029,0.1965487
Pseudodiploria197031,-0.565155
Pseudodiploria197032,0.1185003
Pseudodiploria197035,0.1011594
Pseudodiploria197036,-0.08621249
Pseudodiploria197037,0.1436156
Pseudodiploria197038,-1.146391
Pseudodiploria197040,-0.5163599
Pseudodiploria197041,-0.0493115
Pseudodiploria197043,-0.1860918
Pseudodiploria197044,-0.09702692
Pseudodiploria197045,-0.02553896
Pseudodiploria197047,0.3715341
Pseudodiploria197048,0.6469706
Pseudodiploria197049,0.3760209
Pseudodiploria197050,-0.2862544
Pseudodiploria197051,0.308995
Pseudodiploria197052,0.3526216
Pseudodiploria197053,0.02193795
Pseudodiploria197054,-0.7438728
Pseudodiploria197055,-0.632419
Pseudodiploria197056,-0.07162457
Pseudodiploria197057,-0.1023886
Pseudodiploria197058,0.7098676
Pseudodiploria197059,0.2482548
Pseudodiploria197061,-0.1080775
Pseudodiploria197064,-0.01363402
Pseudodiploria197065,-0.4570292
Pseudodiploria197066,0.2853938
Pseudodiploria197067,0.3850185
Pseudodiploria197070,0.1235553
Pseudodiploria197073,0.2592245
Pseudodiploria197075,0.01668881
Pseudodiploria197076,-0.1278874
Pseudodiploria197077,0.4491553
Pseudodiploria197078,-0.2805893
Pseudodiploria197080,0.2582713
Pseudodiploria197083,0.5503215
Pseudodiploria197084,0.05232927
Pseudodiploria197087,-0.5398731
Pseudodiploria197089,-1.219113
Pseudodiploria197090,-0.0183749
Pseudodiploria197092,0.3884531
Pseudodiploria197093,-0.3847088
Pseudodiploria197094,-0.06766534
Pseudodiploria197095,-0.01632496
Pseudodiploria197096,-0.1919309
Pseudodiploria197098,-0.03166451
Pseudodiploria197099,-0.02538535
Pseudodiploria197100,-0.2574756
Pseudodiploria197101,0.6343436
Pseudodiploria197103,-0.1223911
Pseudodiploria197105,-0.1936585
Pseudodiploria197106,0.2880591
Pseudodiploria197107,-0.01150649
Pseudodiploria197108,0.1837337
Pseudodiploria197109,0.3253278
Pseudodiploria197112,-0.04540709
Pseudodiploria197113,-0.5858749
Pseudodiploria197114,1.181533
Pseudodiploria197115,0.3394094
Pseudodiploria197116,-0.405581
Pseudodiploria197118,0.6930539
Pseudodiploria197119,0.04107073
Pseudodiploria197120,-0.4840294
Pseudodiploria197123,0.3482715
Pseudodiploria197125,0.1815787
Pseudodiploria197128,-0.03819539
Pseudodiploria197131,-0.3950816
Pseudodiploria197132,0.3148128
Pseudodiploria197133,0.1107977
Pseudodiploria197135,0.3010346
Pseudodiploria197136,-0.332907
Pseudodiploria197137,0.2195533
Pseudodiploria197138,-0.09061925
Pseudodiploria197139,0.4374518
Pseudodiploria197140,-0.4181756
Pseudodiploria197141,-0.2706347
Pseudodiploria197142,-0.4489956
Pseudodiploria197143,0.08069174
Pseudodiploria197144,-0.439904
Pseudodiploria197145,0.3007624
Pseudodiploria197150,0.3805318
Pseudodiploria197152,-0.4387648
Pseudodiploria197153,-0.8377987
Pseudodiploria197156,-0.7064321
Pseudodiploria197157,0.3935404
Pseudodiploria197161,-0.07734071
Pseudodiploria197162,0.3864845
Pseudodiploria197163,0.206221
Pseudodiploria197164,-0.02310375
Pseudodiploria197165,0.2025777
Pseudodiploria197166,-0.3564978
Pseudodiploria197168,0.1210224
Pseudodiploria197169,0.2076213
Pseudodiploria197170,0.3781658
Pseudodiploria197172,-0.1883974
Pseudodiploria197173,-1.304439
Pseudodiploria197174,1.365317
Pseudodiploria197175,-0.2007954
Pseudodiploria197176,-0.2431224
Pseudodiploria197177,0.5330472
Pseudodiploria197178,-0.4500116
Pseudodiploria197179,-0.06582172
Pseudodiploria197180,0.02997357
Pseudodiploria197181,0.5656054
Pseudodiploria197182,0.04040625
Pseudodiploria197184,-0.5174444
Pseudodiploria197185,-0.2508755
Pseudodiploria197188,0.03779271
Pseudodiploria197189,-0.2449141
Pseudodiploria197191,0.04346454
Pseudodiploria197192,-0.08247355
Pseudodiploria197195,0.02153117
Pseudodiploria197197,-0.2928077
Pseudodiploria197199,0.1689841
Pseudodiploria197201,-0.3189046
Pseudodiploria197204,0.06860277
Pseudodiploria197205,-2.163205
Pseudodiploria197206,-0.09214481
Pseudodiploria197207,0.3723465
Pseudodiploria197208,-0.01387022
Pseudodiploria197210,-0.1166904
Pseudodiploria197212,-0.3534115
Pseudodiploria197213,-0.5837881
Pseudodiploria197214,-0.1847132
Pseudodiploria197215,-0.9409866
Pseudodiploria197219,0.3803522
Pseudodiploria197220,-0.1382622
Pseudodiploria197221,0.1500225
Pseudodiploria197222,-0.4232732
Pseudodiploria197225,-0.01793557
Pseudodiploria197226,0.1506131
Pseudodiploria197228,-0.1350671
Pseudodiploria197231,0.7879366
Pseudodiploria197234,-0.01765402
Pseudodiploria197236,0.2166129
Pseudodiploria197237,-0.213449
Pseudodiploria197238,0.02871474
Pseudodiploria197243,-0.7293907
Pseudodiploria197244,-0.05830607
Pseudodiploria197246,0.3502469
Pseudodiploria197247,-0.01712211
Pseudodiploria197248,-0.2001165
Pseudodiploria197249,0.2075914
Pseudodiploria197250,-0.05764103
Pseudodiploria197252,0.5166039
Pseudodiploria197253,0.3238498
Pseudodiploria197254,0.5182948
Pseudodiploria197257,-0.1553277
Pseudodiploria197258,0.2105103
Pseudodiploria197259,0.5979063
Pseudodiploria197260,0.4174218
Pseudodiploria197263,0.1028614
Pseudodiploria197264,0.8440147
Pseudodiploria197268,0.288454
Pseudodiploria197271,0.482944
Pseudodiploria197273,-0.4427247
Pseudodiploria197276,-0.4627007
Pseudodiploria197278,0.1260315
Pseudodiploria197280,-0.8265599
Pseudodiploria197283,0.5739462
Pseudodiploria197286,0.5164074
Pseudodiploria197287,0.2716957
Pseudodiploria197288,-0.8454055
Pseudodiploria197289,0.02432021
Pseudodiploria197290,-0.364568
Pseudodiploria197294,0.09962139
Pseudodiploria197296,0.2948361
Pseudodiploria197297,0.6110467
Pseudodiploria197298,-0.3338149
Pseudodiploria197301,-0.2958353
Pseudodiploria197302,-0.3209214
Pseudodiploria197303,0.08356376
Pseudodiploria197304,0.09947321
Pseudodiploria197305,-0.1514753
Pseudodiploria197306,0.3187001
Pseudodiploria197307,-0.6816442
Pseudodiploria197314,-0.1171363
Pseudodiploria197316,0.8575497
Pseudodiploria197317,-0.4120249
Pseudodiploria197318,-0.6562553
Pseudodiploria197319,-0.1551716
Pseudodiploria197323,-0.2774247
Pseudodiploria197324,0.06517841
Pseudodiploria197325,0.8221196
Pseudodiploria197329,0.02684122
Pseudodiploria197330,0.02540987
Pseudodiploria197331,0.06187683
Pseudodiploria197333,0.03089568
Pseudodiploria197334,1.340115
Pseudodiploria197336,-0.04765417
Pseudodiploria197337,0.1722528
Pseudodiploria197338,0.2179135
Pseudodiploria197339,0.5596603
Pseudodiploria197342,-0.006111419
Pseudodiploria197344,0.2546902
Pseudodiploria197346,0.4798538
Pseudodiploria197350,0.09965465
Pseudodiploria197352,-0.2737045
Pseudodiploria197353,1.630637
Pseudodiploria197354,-0.2777648
Pseudodiploria197357,-0.1872776
Pseudodiploria197358,0.2990363
Pseudodiploria197359,0.1364893
Pseudodiploria197360,-0.2533426
Pseudodiploria197363,1.062551
Pseudodiploria197366,1.301409
Pseudodiploria197369,1.022552
Pseudodiploria197370,-0.2737247
Pseudodiploria197371,0.7476479
Pseudodiploria197373,-0.1242322
Pseudodiploria197374,0.131478
Pseudodiploria197376,-0.5270064
Pseudodiploria197377,0.2839763
Pseudodiploria197378,-0.03964115
Pseudodiploria197381,-0.1000111
Pseudodiploria197382,0.07102574
Pseudodiploria197383,0.05102263
Pseudodiploria197384,-1.051521
Pseudodiploria197385,-0.3345172
Pseudodiploria197387,0.1693301
Pseudodiploria197388,0.3192337
Pseudodiploria197390,-0.07980524
Pseudodiploria197392,-0.03713893
Pseudodiploria197394,-0.3361201
Pseudodiploria197397,0.8107447
Pseudodiploria197398,0.1179702
Pseudodiploria197400,-0.286973
Pseudodiploria197401,-0.1759293
Pseudodiploria197402,0.9425653
Pseudodiploria197403,0.3712475
Pseudodiploria197404,0.03663511
Pseudodiploria197405,-0.4131344
Pseudodiploria197407,-0.5276558
Pseudodiploria197408,0.3067695
Pseudodiploria197410,-0.03046433
Pseudodiploria197411,-1.735598
Pseudodiploria197412,0.1741186
Pseudodiploria197413,0.224737
Pseudodiploria197414,0.3772777
Pseudodiploria197417,0.4512784
Pseudodiploria197418,-0.5964068
Pseudodiploria197420,-0.07074259
Pseudodiploria197421,0.1116498
Pseudodiploria197422,-0.9828633
Pseudodiploria197425,0.0658012
Pseudodiploria197426,0.03639546
Pseudodiploria197427,0.4715257
Pseudodiploria197428,0.1958518
Pseudodiploria197429,0.08171301
Pseudodiploria197430,0.1680932
Pseudodiploria197432,0.392868
Pseudodiploria197434,0.4144757
Pseudodiploria197435,0.1791514
Pseudodiploria197436,-0.03429649
Pseudodiploria197438,-0.5840811
Pseudodiploria197442,0.6939796
Pseudodiploria197443,0.110463
Pseudodiploria197447,0.4564353
Pseudodiploria197448,-0.7910318
Pseudodiploria197449,0.3651143
Pseudodiploria197451,0.166128
Pseudodiploria197452,0.266116
Pseudodiploria197455,-0.008155889
Pseudodiploria197456,0.8749842
Pseudodiploria197459,1.071514
Pseudodiploria197460,0.8664187
Pseudodiploria197464,0.6175427
Pseudodiploria197466,0.2220801
Pseudodiploria197467,-0.2572224
Pseudodiploria197469,0.3598837
Pseudodiploria197474,0.4793746
Pseudodiploria197478,0.04669756
Pseudodiploria197479,0.2976484
Pseudodiploria197482,-0.1543749
Pseudodiploria197483,-0.2313519
Pseudodiploria197486,-0.01819248
Pseudodiploria197487,0.5056718
Pseudodiploria197489,-0.2625273
Pseudodiploria197492,-0.1241059
Pseudodiploria197494,-0.03460629
Pseudodiploria197495,0.07689602
Pseudodiploria197497,-0.2168708
Pseudodiploria197499,0.2420903
Pseudodiploria197500,0.04188933
Pseudodiploria197501,0.1712177
Pseudodiploria197502,0.1777724
Pseudodiploria197505,0.7509585
Pseudodiploria197506,1.074196
Pseudodiploria197507,-0.6869877
Pseudodiploria197508,-0.2296194
Pseudodiploria197509,-0.002046231
Pseudodiploria197510,-0.1159989
Pseudodiploria197511,0.8880002
Pseudodiploria197515,-0.1148229
Pseudodiploria197516,-0.250252
Pseudodiploria197518,0.7120901
Pseudodiploria197519,-1.212385
Pseudodiploria197520,0.4318273
Pseudodiploria197521,0.08395169
Pseudodiploria197523,-0.3640695
Pseudodiploria197524,0.7874987
Pseudodiploria197526,-0.2336615
Pseudodiploria197527,0.02089391
Pseudodiploria197528,0.4106637
Pseudodiploria197530,0.4900338
Pseudodiploria197531,-0.5235766
Pseudodiploria197532,0.1171983
Pseudodiploria197535,-0.4127856
Pseudodiploria197536,0.5447176
Pseudodiploria197538,-0.1967852
Pseudodiploria197541,0.179278
Pseudodiploria197542,-0.01255174
Pseudodiploria197543,0.06302131
Pseudodiploria197544,0.03300633
Pseudodiploria197545,-0.2698106
Pseudodiploria197546,0.4653027
Pseudodiploria197548,-0.1806754
Pseudodiploria197549,-0.4554861
Pseudodiploria197550,0.2787204
Pseudodiploria197551,-0.4177021
Pseudodiploria197552,-0.3956163
Pseudodiploria197553,1.505667
Pseudodiploria197554,-0.6719565
Pseudodiploria197555,-0.9476849
Pseudodiploria197556,0.3128114
Pseudodiploria197557,-0.2312109
Pseudodiploria197558,-0.1191881
Pseudodiploria197560,-0.3861149
Pseudodiploria197561,-0.7096592
Pseudodiploria197565,0.2970661
Pseudodiploria197566,-0.786426
Pseudodiploria197567,-0.1521053
Pseudodiploria197570,-0.3429164
Pseudodiploria197573,0.198859
Pseudodiploria197574,-0.03754878
Pseudodiploria197575,-0.2257934
Pseudodiploria197578,-0.1967192
Pseudodiploria197580,-0.216696
Pseudodiploria197581,-0.3053721
Pseudodiploria197582,0.1541668
Pseudodiploria197583,0.1228383
Pseudodiploria197584,0.3761331
Pseudodiploria197585,-0.5410475
Pseudodiploria197587,0.3450978
Pseudodiploria197589,0.1179131
Pseudodiploria197590,0.278943
Pseudodiploria197591,0.01160429
Pseudodiploria197593,0.009800173
Pseudodiploria197594,-0.04469114
Pseudodiploria197595,1.221348
Pseudodiploria1976,-0.0319324
Pseudodiploria197600,-0.6010043
Pseudodiploria197601,0.324608
Pseudodiploria197602,0.05443838
Pseudodiploria197603,0.1703749
Pseudodiploria197606,-0.1301576
Pseudodiploria197608,-0.1734431
Pseudodiploria197609,0.1588338
Pseudodiploria197611,0.5977485
Pseudodiploria197612,-0.05419314
Pseudodiploria197613,1.906333
Pseudodiploria197615,0.5522277
Pseudodiploria197616,0.7761304
Pseudodiploria197617,-0.0157482
Pseudodiploria197618,0.02312327
Pseudodiploria197622,-0.5080238
Pseudodiploria197626,-0.3197487
Pseudodiploria197627,-0.01414474
Pseudodiploria197630,-0.02137388
Pseudodiploria197632,-0.6860014
Pseudodiploria197634,0.2530832
Pseudodiploria197636,1.064426
Pseudodiploria197637,-0.009447485
Pseudodiploria197639,0.1629176
Pseudodiploria197641,1.208576
Pseudodiploria197642,-0.1273038
Pseudodiploria197644,0.2447401
Pseudodiploria197646,-0.3218122
Pseudodiploria197647,0.5183891
Pseudodiploria197649,0.4368105
Pseudodiploria197650,0.1768381
Pseudodiploria197655,-0.0863097
Pseudodiploria197657,0.1265309
Pseudodiploria197659,0.2932539
Pseudodiploria197660,-0.1492899
Pseudodiploria197663,0.4880804
Pseudodiploria197664,1.334259
Pseudodiploria197665,-0.1096488
Pseudodiploria197666,-0.4019263
Pseudodiploria197667,-0.1867583
Pseudodiploria197669,0.6615274
Pseudodiploria197670,0.1588998
Pseudodiploria197671,0.4676283
Pseudodiploria197673,0.2252
Pseudodiploria197674,0.2687862
Pseudodiploria197676,0.6528595
Pseudodiploria197678,0.01297292
Pseudodiploria197679,0.4936065
Pseudodiploria197681,1.15132
Pseudodiploria197682,0.009392338
Pseudodiploria197683,0.4132081
Pseudodiploria197685,0.1265498
Pseudodiploria197686,-0.5064941
Pseudodiploria197689,-0.5873111
Pseudodiploria197690,-0.2619361
Pseudodiploria197691,0.3500632
Pseudodiploria197692,0.4431374
Pseudodiploria197693,-0.3044328
Pseudodiploria197694,-0.09151448
Pseudodiploria197695,0.04050018
Pseudodiploria197696,0.2879461
Pseudodiploria197697,0.06215738
Pseudodiploria197699,0.1837219
Pseudodiploria197700,0.4751374
Pseudodiploria197701,-0.1999152
Pseudodiploria197703,-0.1100911
Pseudodiploria197706,-0.576582
Pseudodiploria197707,0.1715622
Pseudodiploria197708,0.4031557
Pseudodiploria197709,-0.08074112
Pseudodiploria197711,0.04770568
Pseudodiploria197712,0.1203565
Pseudodiploria197713,-0.1908616
Pseudodiploria197714,-0.09513839
Pseudodiploria197715,0.000680811
Pseudodiploria197718,-0.544351
Pseudodiploria197719,0.2918024
Pseudodiploria197720,-0.1361029
Pseudodiploria197721,0.8313909
Pseudodiploria197722,-0.03220259
Pseudodiploria197723,-0.06466773
Pseudodiploria197724,-0.132741
Pseudodiploria197729,-0.0700821
Pseudodiploria197731,0.3610729
Pseudodiploria197733,0.5546131
Pseudodiploria197734,0.3906086
Pseudodiploria197738,0.1968148
Pseudodiploria197740,0.2580656
Pseudodiploria197741,0.143798
Pseudodiploria197742,0.06184337
Pseudodiploria197743,-0.12227
Pseudodiploria197744,0.4076194
Pseudodiploria197749,-0.3402921
Pseudodiploria197752,0.125058
Pseudodiploria197753,-0.4037277
Pseudodiploria197755,-0.0271694
Pseudodiploria197756,-0.328383
Pseudodiploria197757,-0.09045413
Pseudodiploria197760,1.327947
Pseudodiploria197762,-0.5334293
Pseudodiploria197763,0.9426417
Pseudodiploria197764,0.2209064
Pseudodiploria197765,0.05018944
Pseudodiploria197767,0.3901455
Pseudodiploria197768,0.159695
Pseudodiploria197769,-0.02267034
Pseudodiploria197770,0.4621124
Pseudodiploria197771,0.5311904
Pseudodiploria197772,0.3689124
Pseudodiploria197773,-0.06590797
Pseudodiploria197774,-0.06579748
Pseudodiploria197777,-0.3822137
Pseudodiploria197778,0.06226928
Pseudodiploria197779,-0.3178242
Pseudodiploria197781,-0.4338336
Pseudodiploria197782,-0.7866605
Pseudodiploria197784,0.245713
Pseudodiploria197787,0.1909047
Pseudodiploria197789,0.295285
Pseudodiploria197791,0.1098408
Pseudodiploria197792,-0.05602771
Pseudodiploria197793,0.1903332
Pseudodiploria197794,0.4542977
Pseudodiploria197795,-0.1090107
Pseudodiploria197796,-0.5376411
Pseudodiploria197800,0.3313528
Pseudodiploria197801,-0.07834569
Pseudodiploria197802,-0.274829
Pseudodiploria197803,0.3503739
Pseudodiploria197804,0.2555377
Pseudodiploria197805,0.06867497
Pseudodiploria197806,-0.4447667
Pseudodiploria197807,-0.4538417
Pseudodiploria197810,0.04209758
Pseudodiploria197812,1.193657
Pseudodiploria197813,0.4596978
Pseudodiploria197814,-0.3772638
Pseudodiploria197820,0.1623863
Pseudodiploria197821,-0.1396307
Pseudodiploria197822,0.2074961
Pseudodiploria197824,-0.4794614
Pseudodiploria197825,-0.01775175
Pseudodiploria197826,0.25233
Pseudodiploria197827,0.07880607
Pseudodiploria197828,0.06827181
Pseudodiploria197829,0.6340026
Pseudodiploria197830,-0.1447808
Pseudodiploria197831,0.05351301
Pseudodiploria197832,0.9500608
Pseudodiploria197834,0.1066576
Pseudodiploria197837,-0.2804208
Pseudodiploria197838,-0.01155245
Pseudodiploria197839,-0.1189653
Pseudodiploria197841,-0.3818185
Pseudodiploria197843,-0.6910969
Pseudodiploria197844,-0.03455001
Pseudodiploria197846,-0.09470764
Pseudodiploria197848,0.08774937
Pseudodiploria197850,1.102493
Pseudodiploria197851,-0.8956898
Pseudodiploria197852,-0.165576
Pseudodiploria197853,-0.9711198
Pseudodiploria197854,0.1586886
Pseudodiploria197856,0.798176
Pseudodiploria197862,0.1726335
Pseudodiploria197863,-0.6323212
Pseudodiploria197864,-1.108861
Pseudodiploria197865,-0.26183
Pseudodiploria197868,-0.2777595
Pseudodiploria197869,0.1193847
Pseudodiploria197870,0.1590152
Pseudodiploria197871,-0.2046864
Pseudodiploria197872,-0.4932017
Pseudodiploria197874,0.1867411
Pseudodiploria197878,0.07536024
Pseudodiploria197879,0.02006521
Pseudodiploria197880,0.6809479
Pseudodiploria197881,0.2605976
Pseudodiploria197882,0.03124752
Pseudodiploria197884,0.5351693
Pseudodiploria197887,-0.4089377
Pseudodiploria197888,-0.158131
Pseudodiploria197889,-0.2517181
Pseudodiploria197891,0.1199086
Pseudodiploria197894,0.8954848
Pseudodiploria197895,-0.6788929
Pseudodiploria197899,-0.1446793
Pseudodiploria197900,0.3232579
Pseudodiploria197903,0.0612332
Pseudodiploria197908,0.4305668
Pseudodiploria197912,1.281632
Pseudodiploria197913,-0.3318703
Pseudodiploria197915,0.107766
Pseudodiploria197916,0.3432794
Pseudodiploria197917,0.1433018
Pseudodiploria197918,-0.5680982
Pseudodiploria197919,-0.1393624
Pseudodiploria197920,0.3299783
Pseudodiploria197921,0.09414777
Pseudodiploria197925,0.2327003
Pseudodiploria197926,-0.4831377
Pseudodiploria197927,0.02301486
Pseudodiploria197928,0.1160062
Pseudodiploria197929,-0.4205419
Pseudodiploria197930,0.5498049
Pseudodiploria197931,-0.07607252
Pseudodiploria197932,-0.004577302
Pseudodiploria197933,1.332065
Pseudodiploria197934,0.09224726
Pseudodiploria197935,0.6838946
Pseudodiploria197937,0.1594297
Pseudodiploria197938,-0.4471542
Pseudodiploria197939,0.1269394
Pseudodiploria197940,-0.05837234
Pseudodiploria197941,0.06145088
Pseudodiploria197944,0.5165018
Pseudodiploria197945,0.1750943
Pseudodiploria197946,-0.03670265
Pseudodiploria197947,-0.2300063
Pseudodiploria197948,0.483119
Pseudodiploria197951,0.07408749
Pseudodiploria197952,1.739956
Pseudodiploria197954,0.1436043
Pseudodiploria197955,0.8451034
Pseudodiploria197958,0.05307765
Pseudodiploria197959,0.05489573
Pseudodiploria197960,-1.006418
Pseudodiploria197961,0.4416802
Pseudodiploria197963,0.2143987
Pseudodiploria197964,0.5622791
Pseudodiploria197967,-0.2442461
Pseudodiploria197968,-0.4794464
Pseudodiploria197969,0.1915393
Pseudodiploria197970,-0.7751101
Pseudodiploria197971,0.6600667
Pseudodiploria197972,-0.365497
Pseudodiploria197974,0.798008
Pseudodiploria197976,-0.1762698
Pseudodiploria197978,-0.03359113
Pseudodiploria197979,0.06146634
Pseudodiploria197980,-0.124164
Pseudodiploria197982,-0.1521852
Pseudodiploria197983,0.3133422
Pseudodiploria197985,0.2104677
Pseudodiploria197986,-0.3081182
Pseudodiploria197987,0.1592668
Pseudodiploria197989,0.01943139
Pseudodiploria197992,-0.2425674
Pseudodiploria197994,1.033058
Pseudodiploria197995,0.2067634
Pseudodiploria197996,0.01139472
Pseudodiploria197999,-0.6519974
Pseudodiploria198001,0.2513143
Pseudodiploria198002,1.001246
Pseudodiploria198003,-0.491012
Pseudodiploria198004,0.1431026
Pseudodiploria198005,0.1769121
Pseudodiploria198006,0.2684975
Pseudodiploria198007,-0.4382439
Pseudodiploria198009,-0.08458491
Pseudodiploria198012,-0.1958695
Pseudodiploria198013,1.334002
Pseudodiploria198015,0.5711705
Pseudodiploria198017,-0.3649552
Pseudodiploria198018,0.1616443
Pseudodiploria198019,0.03681155
Pseudodiploria198020,0.6449507
Pseudodiploria198021,0.8480535
Pseudodiploria198022,-0.01487584
Pseudodiploria198023,-0.2025826
Pseudodiploria198025,0.1549106
Pseudodiploria198026,-0.05766861
Pseudodiploria198027,0.0939655
Pseudodiploria198028,0.07574316
Pseudodiploria198029,-0.05798441
Pseudodiploria198030,-0.2396295
Pseudodiploria198031,-0.1784092
Pseudodiploria198032,-0.1352474
Pseudodiploria198034,-0.05466686
Pseudodiploria198035,0.04898284
Pseudodiploria198036,-0.05389692
Pseudodiploria198038,-0.6939203
Pseudodiploria198040,-0.6112941
Pseudodiploria198041,1.215931
Pseudodiploria198044,-0.02789136
Pseudodiploria198045,-0.7061724
Pseudodiploria198046,0.591539
Pseudodiploria198050,-0.02626501
Pseudodiploria198052,0.741143
Pseudodiploria198054,0.02105582
Pseudodiploria198055,0.7166618
Pseudodiploria198056,0.3834302
Pseudodiploria198059,-0.09855981
Pseudodiploria198060,0.5569667
Pseudodiploria198061,0.1222117
Pseudodiploria198063,0.7083186
Pseudodiploria198065,-0.1122326
Pseudodiploria198068,0.4575402
Pseudodiploria198069,0.03608478
Pseudodiploria198070,0.0873805
Pseudodiploria198072,0.07688114
Pseudodiploria198073,0.0399681
Pseudodiploria198074,0.03342155
Pseudodiploria198075,0.8339015
Pseudodiploria198076,0.09726423
Pseudodiploria198077,0.1579505
Pseudodiploria198078,0.6014197
Pseudodiploria198080,0.341889
Pseudodiploria198081,-0.3396782
Pseudodiploria198082,-0.1699332
Pseudodiploria198083,0.5226051
Pseudodiploria198085,-0.7636358
Pseudodiploria198086,0.2497546
Pseudodiploria198087,-0.3834495
Pseudodiploria198089,0.07293306
Pseudodiploria198092,0.03551146
Pseudodiploria198093,-0.1657677
Pseudodiploria198094,-0.5572282
Pseudodiploria198095,-0.5606406
Pseudodiploria198097,0.1843614
Pseudodiploria198098,0.3660989
Pseudodiploria198099,-0.005323179
Pseudodiploria198100,0.6462784
Pseudodiploria198103,-0.1609526
Pseudodiploria198107,0.2612802
Pseudodiploria198109,-0.7157903
Pseudodiploria198110,0.4527862
Pseudodiploria198111,0.01423847
Pseudodiploria198112,-0.4786035
Pseudodiploria198114,0.3424786
Pseudodiploria198115,0.2697174
Pseudodiploria198116,0.4252011
Pseudodiploria198120,0.05038693
Pseudodiploria198121,1.064732
Pseudodiploria198124,0.4586565
Pseudodiploria198126,0.4768389
Pseudodiploria198127,-0.04182512
Pseudodiploria198128,-0.4229805
Pseudodiploria198130,-0.2554769
Pseudodiploria198131,0.343199
Pseudodiploria198132,-0.0595497
Pseudodiploria198134,0.199282
Pseudodiploria198136,0.3485787
Pseudodiploria198139,0.1391308
Pseudodiploria198140,-0.2172566
Pseudodiploria198141,0.2473232
Pseudodiploria198145,0.3718408
Pseudodiploria198149,-0.2559949
Pseudodiploria198150,-0.9544641
Pseudodiploria198151,-0.01390117
Pseudodiploria198153,-0.07485574
Pseudodiploria198156,-0.04850424
Pseudodiploria198157,-0.06543993
Pseudodiploria198158,-0.8679207
Pseudodiploria198161,-0.01933151
Pseudodiploria198163,-0.1693795
Pseudodiploria198164,0.2097576
Pseudodiploria198165,0.07236409
Pseudodiploria198167,0.3725343
Pseudodiploria198169,-0.7506226
Pseudodiploria198170,-0.06700384
Pseudodiploria198171,0.1475014
Pseudodiploria198172,0.08934256
Pseudodiploria198173,0.6650267
Pseudodiploria198174,0.2374362
Pseudodiploria198175,-0.4718767
Pseudodiploria198176,-0.1918493
Pseudodiploria198178,-0.6187805
Pseudodiploria198179,0.08878672
Pseudodiploria198182,0.1014479
Pseudodiploria198183,-1.050601
Pseudodiploria198185,0.4934392
Pseudodiploria198186,-0.09045924
Pseudodiploria198187,-0.09512005
Pseudodiploria198188,0.428146
Pseudodiploria198190,0.04860828
Pseudodiploria198191,0.3312067
Pseudodiploria198192,-0.07341425
Pseudodiploria198195,0.458697
Pseudodiploria198196,-0.2615864
Pseudodiploria198197,-0.2210824
Pseudodiploria198198,-0.1376972
Pseudodiploria198201,0.2607499
Pseudodiploria198205,0.2315332
Pseudodiploria198207,0.386339
Pseudodiploria198211,-1.426368
Pseudodiploria198212,-0.3010919
Pseudodiploria198214,1.076432
Pseudodiploria198216,-1.061985
Pseudodiploria198217,-0.02002275
Pseudodiploria198221,-0.532436
Pseudodiploria198225,0.2638709
Pseudodiploria198226,0.09241145
Pseudodiploria198227,0.8876873
Pseudodiploria198228,0.1528112
Pseudodiploria198230,0.09059844
Pseudodiploria198231,0.1357472
Pseudodiploria198232,0.4341229
Pseudodiploria198233,0.006610413
Pseudodiploria198234,0.4781661
Pseudodiploria198236,-0.09788675
Pseudodiploria198237,0.1306593
Pseudodiploria198238,-0.1608648
Pseudodiploria198239,-0.3000262
Pseudodiploria198240,-0.1408388
Pseudodiploria198242,0.1302167
Pseudodiploria198243,0.01830985
Pseudodiploria198245,0.1656315
Pseudodiploria198246,0.1570863
Pseudodiploria198248,1.27587
Pseudodiploria198250,0.1900626
Pseudodiploria198251,0.6514834
Pseudodiploria198253,-0.6633131
Pseudodiploria198254,-0.2214976
Pseudodiploria198255,-0.05369003
Pseudodiploria198256,-0.2380504
Pseudodiploria198260,-0.6093435
Pseudodiploria198261,-0.1757113
Pseudodiploria198262,0.360602
Pseudodiploria198263,0.2171448
Pseudodiploria198266,-0.230862
Pseudodiploria198269,0.4533332
Pseudodiploria198272,-0.06381787
Pseudodiploria198274,-0.7819205
Pseudodiploria198278,0.2914798
Pseudodiploria198279,0.9886505
Pseudodiploria198280,-0.3341481
Pseudodiploria198281,0.8516991
Pseudodiploria198282,1.119429
Pseudodiploria198283,0.1733916
Pseudodiploria198285,0.01730025
Pseudodiploria198286,-0.06696003
Pseudodiploria198289,0.4173347
Pseudodiploria198290,0.1334003
Pseudodiploria198292,0.1350676
Pseudodiploria198293,0.1812505
Pseudodiploria198294,0.1421099
Pseudodiploria198297,-0.1446636
Pseudodiploria198298,0.4430029
Pseudodiploria198300,0.2030058
Pseudodiploria198302,0.2528499
Pseudodiploria198303,-0.7922493
Pseudodiploria198304,-0.1025451
Pseudodiploria198305,0.8842373
Pseudodiploria198306,-0.7835628
Pseudodiploria198307,0.02084064
Pseudodiploria198311,0.2917698
Pseudodiploria198312,-0.1325123
Pseudodiploria198313,0.2345992
Pseudodiploria198314,0.1154019
Pseudodiploria198316,0.1546024
Pseudodiploria198318,-0.7692055
Pseudodiploria198319,0.06117287
Pseudodiploria198321,-0.09044479
Pseudodiploria198323,0.1689384
Pseudodiploria198324,-0.0497779
Pseudodiploria198327,0.3824521
Pseudodiploria198328,-0.01514782
Pseudodiploria198330,-0.107329
Pseudodiploria198331,0.2046138
Pseudodiploria198332,0.1080321
Pseudodiploria198335,0.7432965
Pseudodiploria198336,0.005437085
Pseudodiploria198337,0.8463118
Pseudodiploria198338,0.3835204
Pseudodiploria198340,0.4154428
Pseudodiploria198341,-0.05302574
Pseudodiploria198342,-0.09760757
Pseudodiploria198345,0.1146124
Pseudodiploria198347,0.1200686
Pseudodiploria198348,-0.07098647
Pseudodiploria198349,-0.09588489
Pseudodiploria198351,0.1526612
Pseudodiploria198352,-0.2769086
Pseudodiploria198354,0.9202632
Pseudodiploria198358,-0.2628767
Pseudodiploria198359,0.5812775
Pseudodiploria198361,0.6776001
Pseudodiploria198364,0.1216418
Pseudodiploria198367,0.6091669
Pseudodiploria198369,-0.1100542
Pseudodiploria198370,1.700315
Pseudodiploria198372,0.3889849
Pseudodiploria198374,0.9441928
Pseudodiploria198375,-0.5311853
Pseudodiploria198376,0.3089546
Pseudodiploria198377,-0.9678542
Pseudodiploria198378,-0.05206897
Pseudodiploria198380,0.5398944
Pseudodiploria198381,0.478147
Pseudodiploria198382,-0.2439667
Pseudodiploria198383,0.07025947
Pseudodiploria198384,0.4675401
Pseudodiploria198386,-0.194911
Pseudodiploria198387,0.0265736
Pseudodiploria198389,-0.5623446
Pseudodiploria198390,-0.4150664
Pseudodiploria198391,-0.1424297
Pseudodiploria198393,1.39747
Pseudodiploria198394,-1.381955
Pseudodiploria198396,-0.0763305
Pseudodiploria198397,-0.3440722
Pseudodiploria198398,0.8244139
Pseudodiploria198399,0.3658745
Pseudodiploria198403,0.03634744
Pseudodiploria198404,-0.2716799
Pseudodiploria198405,-0.008637708
Pseudodiploria198407,-0.008481517
Pseudodiploria198408,-0.3568994
Pseudodiploria198409,0.3322717
Pseudodiploria198410,-0.2065502
Pseudodiploria198413,0.5597508
Pseudodiploria198414,0.6957175
Pseudodiploria198416,0.255605
Pseudodiploria198417,-0.8414474
Pseudodiploria198420,-0.3337648
Pseudodiploria198421,-0.02915688
Pseudodiploria198422,-0.09613682
Pseudodiploria198423,-0.06722611
Pseudodiploria198425,0.1714278
Pseudodiploria198428,1.496661
Pseudodiploria198431,-0.1073351
Pseudodiploria198432,0.1107405
Pseudodiploria198433,-0.02897113
Pseudodiploria198434,0.8417586
Pseudodiploria198435,1.120769
Pseudodiploria198437,-0.2604111
Pseudodiploria198438,-0.03558919
Pseudodiploria198439,-0.3685183
Pseudodiploria198441,-0.04160166
Pseudodiploria198442,0.05654502
Pseudodiploria198447,0.4245865
Pseudodiploria198449,0.06413641
Pseudodiploria198450,-0.1367529
Pseudodiploria198451,0.1217995
Pseudodiploria198452,-0.3037895
Pseudodiploria198456,-0.04796854
Pseudodiploria198458,0.1563064
Pseudodiploria198460,-0.2347719
Pseudodiploria198462,0.3291719
Pseudodiploria198463,-0.1701943
Pseudodiploria198464,0.4101267
Pseudodiploria198468,-0.02589842
Pseudodiploria198470,-0.3470241
Pseudodiploria198471,-0.2412182
Pseudodiploria198474,0.8737364
Pseudodiploria198475,0.1763277
Pseudodiploria198476,-0.598423
Pseudodiploria198479,0.2617581
Pseudodiploria198481,-0.4058491
Pseudodiploria198482,-0.05017559
Pseudodiploria198485,-0.2181778
Pseudodiploria198487,-0.04883879
Pseudodiploria198489,-0.05912136
Pseudodiploria198490,0.5109713
Pseudodiploria198493,0.1208228
Pseudodiploria198494,0.240783
Pseudodiploria198496,0.288841
Pseudodiploria198497,0.3917479
Pseudodiploria198500,-0.6850998
Pseudodiploria198503,0.6851993
Pseudodiploria198504,0.07664757
Pseudodiploria198506,0.2799688
Pseudodiploria198507,-0.2004931
Pseudodiploria198508,1.006973
Pseudodiploria198509,1.012934
Pseudodiploria198510,0.2885793
Pseudodiploria198511,-0.6808409
Pseudodiploria198513,-0.4527745
Pseudodiploria198515,-0.1650538
Pseudodiploria198517,0.7631408
Pseudodiploria198519,0.09312578
Pseudodiploria198521,1.548382
Pseudodiploria198522,-0.1640796
Pseudodiploria198524,0.2079213
Pseudodiploria198526,0.177754
Pseudodiploria198527,-0.2348941
Pseudodiploria198528,0.2240169
Pseudodiploria198529,-0.09130397
Pseudodiploria198531,-0.3239169
Pseudodiploria198532,0.2137867
Pseudodiploria198533,0.1096459
Pseudodiploria198534,-0.7120166
Pseudodiploria198535,0.05402163
Pseudodiploria198537,-0.63304
Pseudodiploria198539,-0.1495973
Pseudodiploria198540,-0.1802977
Pseudodiploria198544,0.01530092
Pseudodiploria198548,-0.6552434
Pseudodiploria198549,0.08004085
Pseudodiploria198553,-0.3967555
Pseudodiploria198554,0.05885575
Pseudodiploria198556,0.1455273
Pseudodiploria198557,-0.28662
Pseudodiploria198558,0.8592218
Pseudodiploria198559,0.4914468
Pseudodiploria198560,-0.6152531
Pseudodiploria198562,-0.1751506
Pseudodiploria198563,0.8555036
Pseudodiploria198566,-0.1294934
Pseudodiploria198567,0.8465642
Pseudodiploria198568,0.4302122
Pseudodiploria198569,0.2766249
Pseudodiploria198570,-0.1354175
Pseudodiploria198571,0.006697721
Pseudodiploria198572,-0.4187145
Pseudodiploria198573,-0.2388612
Pseudodiploria198575,-0.2532441
Pseudodiploria198576,0.1377912
Pseudodiploria198579,-0.4976376
Pseudodiploria198581,-0.7591948
Pseudodiploria198583,0.1112343
Pseudodiploria198588,-0.1570511
Pseudodiploria198589,-0.3136228
Pseudodiploria198591,-0.07642912
Pseudodiploria198593,0.8249246
Pseudodiploria198594,-0.528963
Pseudodiploria198595,-0.2831896
Pseudodiploria198596,-0.4873982
Pseudodiploria198597,0.116177
Pseudodiploria198598,0.03149515
Pseudodiploria198602,0.4194261
Pseudodiploria198604,-0.1701272
Pseudodiploria198605,0.8402263
Pseudodiploria198606,-0.2470419
Pseudodiploria198607,0.01987372
Pseudodiploria198610,-0.2332209
Pseudodiploria198611,-0.4910369
Pseudodiploria198612,-0.008945586
Pseudodiploria198616,0.1187815
Pseudodiploria198617,0.2107306
Pseudodiploria198620,0.1785798
Pseudodiploria198621,0.1705383
Pseudodiploria198623,0.2172782
Pseudodiploria198624,0.374462
Pseudodiploria198625,-0.2475261
Pseudodiploria198626,-0.1117873
Pseudodiploria198627,0.6578646
Pseudodiploria198629,0.09663323
Pseudodiploria198631,0.02147706
Pseudodiploria198632,0.2250356
Pseudodiploria198634,0.0615815
Pseudodiploria198635,0.5765902
Pseudodiploria198637,1.055237
Pseudodiploria198638,-0.1725571
Pseudodiploria198639,0.3401528
Pseudodiploria198640,-0.04415621
Pseudodiploria198641,-0.157617
Pseudodiploria198644,-0.7672719
Pseudodiploria198645,-0.02511482
Pseudodiploria198649,0.04621566
Pseudodiploria198650,-0.3694985
Pseudodiploria198651,-0.05953323
Pseudodiploria198652,-0.2864256
Pseudodiploria198654,0.04619756
Pseudodiploria198656,0.4248209
Pseudodiploria198657,-0.4330775
Pseudodiploria198659,0.3017136
Pseudodiploria198662,0.0282616
Pseudodiploria198664,0.194653
Pseudodiploria198668,0.07687874
Pseudodiploria198669,0.3518209
Pseudodiploria198670,-0.7062379
Pseudodiploria198674,0.2901521
Pseudodiploria198675,0.005025233
Pseudodiploria198677,0.3550471
Pseudodiploria198679,0.2884271
Pseudodiploria198680,-0.1925477
Pseudodiploria198681,-0.3715257
Pseudodiploria198682,0.1003814
Pseudodiploria198684,-0.4323824
Pseudodiploria198686,0.8367707
Pseudodiploria198687,-0.2196049
Pseudodiploria198688,-0.2127441
Pseudodiploria198690,1.026438
Pseudodiploria198692,-0.2565096
Pseudodiploria198693,-0.3210214
Pseudodiploria198694,-0.2391852
Pseudodiploria198700,0.2633511
Pseudodiploria198701,-0.01616984
Pseudodiploria198702,0.5298755
Pseudodiploria198703,0.3198841
Pseudodiploria198707,0.5056658
Pseudodiploria198710,-1.137557
Pseudodiploria198711,0.2183131
Pseudodiploria198712,0.954654
Pseudodiploria198713,0.004290953
Pseudodiploria198714,0.4635983
Pseudodiploria198715,-0.2615391
Pseudodiploria198716,-0.3777388
Pseudodiploria198718,1.485015
Pseudodiploria198719,0.2092191
Pseudodiploria198720,-0.03733921
Pseudodiploria198722,-0.2271169
Pseudodiploria198723,-0.4491879
Pseudodiploria198725,1.102295
Pseudodiploria198727,0.4917807
Pseudodiploria198730,2.273377
Pseudodiploria198731,-0.1054708
Pseudodiploria198732,-0.6030304
Pseudodiploria198734,0.2299708
Pseudodiploria198735,0.2778537
Pseudodiploria198736,0.3893511
Pseudodiploria198737,-0.3299321
Pseudodiploria198741,-0.150771
Pseudodiploria198742,-0.2209776
Pseudodiploria198746,0.08282996
Pseudodiploria198747,-0.4336134
Pseudodiploria198749,-0.09948203
Pseudodiploria198750,0.04105822
Pseudodiploria198751,-0.2442822
Pseudodiploria198752,-0.4934035
Pseudodiploria198753,0.01349989
Pseudodiploria198755,0.2540172
Pseudodiploria198757,0.3241643
Pseudodiploria198758,-0.04256689
Pseudodiploria198761,-0.02917847
Pseudodiploria198762,-0.2676199
Pseudodiploria198763,-0.7337038
Pseudodiploria198764,-0.1810917
Pseudodiploria198765,0.3641249
Pseudodiploria198770,-0.2442713
Pseudodiploria198771,0.3975745
Pseudodiploria198772,0.0858555
Pseudodiploria198775,0.7697604
Pseudodiploria198776,-0.406325
Pseudodiploria198777,0.1525824
Pseudodiploria198778,0.6324251
Pseudodiploria198779,-0.4841299
Pseudodiploria198780,-0.1885817
Pseudodiploria198781,-0.1635576
Pseudodiploria198783,0.1817708
Pseudodiploria198784,0.2344245
Pseudodiploria198786,0.1210462
Pseudodiploria198787,0.04133236
Pseudodiploria198788,0.61898
Pseudodiploria198789,0.4315413
Pseudodiploria198790,0.6952034
Pseudodiploria198792,-0.3838248
Pseudodiploria198793,0.3885501
Pseudodiploria198794,-0.4111794
Pseudodiploria198797,-0.5456596
Pseudodiploria198800,-0.04939653
Pseudodiploria198801,0.6081405
Pseudodiploria198802,0.4735992
Pseudodiploria198803,-0.5229429
Pseudodiploria198805,-0.3000418
Pseudodiploria198806,-0.06425377
Pseudodiploria198807,-0.1719282
Pseudodiploria198808,0.1301916
Pseudodiploria198809,0.9503801
Pseudodiploria198811,-0.08296713
Pseudodiploria198812,-0.2279489
Pseudodiploria198813,-0.07714856
Pseudodiploria198814,-0.8189156
Pseudodiploria198815,0.5256374
Pseudodiploria198816,0.2876978
Pseudodiploria198817,-0.5133066
Pseudodiploria198818,-0.2286776
Pseudodiploria198819,0.2416613
Pseudodiploria198821,0.374318
Pseudodiploria198822,-0.4001411
Pseudodiploria198824,0.5798661
Pseudodiploria198825,0.292252
Pseudodiploria198828,-0.3667419
Pseudodiploria198829,0.4585143
Pseudodiploria198830,0.03261308
Pseudodiploria198832,-0.1497005
Pseudodiploria198834,0.08939656
Pseudodiploria198835,0.3549089
Pseudodiploria198837,0.8582477
Pseudodiploria198838,0.3792483
Pseudodiploria198839,0.005776665
Pseudodiploria198840,0.1306469
Pseudodiploria198842,0.1813961
Pseudodiploria198843,-0.1080281
Pseudodiploria198844,-0.04059626
Pseudodiploria198846,0.257309
Pseudodiploria198847,0.1001452
Pseudodiploria198849,1.1102
Pseudodiploria198851,0.2743898
Pseudodiploria198852,-0.02351191
Pseudodiploria198855,0.4425303
Pseudodiploria198858,0.3276847
Pseudodiploria198859,0.8264858
Pseudodiploria198860,-0.122312
Pseudodiploria198861,-0.1056583
Pseudodiploria198862,0.3585727
Pseudodiploria198863,0.2245154
Pseudodiploria198866,0.04365209
Pseudodiploria198868,-0.2108671
Pseudodiploria198870,0.03205031
Pseudodiploria198871,-0.0326847
Pseudodiploria198875,-0.07671419
Pseudodiploria198876,-0.3743935
Pseudodiploria198878,0.03220812
Pseudodiploria198880,0.3420903
Pseudodiploria198882,0.2851354
Pseudodiploria198885,-0.7501485
Pseudodiploria198886,1.143425
Pseudodiploria198887,-0.03501832
Pseudodiploria198888,0.9981774
Pseudodiploria198889,-0.04865589
Pseudodiploria198890,-0.7338961
Pseudodiploria198891,0.08452844
Pseudodiploria198892,-0.2482916
Pseudodiploria198893,0.5194738
Pseudodiploria198894,1.066379
Pseudodiploria198895,-0.09921886
Pseudodiploria198899,-0.1292823
Pseudodiploria198900,0.1921954
Pseudodiploria198901,-0.1684874
Pseudodiploria198903,-0.03188745
Pseudodiploria198905,-0.3414048
Pseudodiploria198906,-0.07094547
Pseudodiploria198908,-0.1323282
Pseudodiploria198909,0.8358029
Pseudodiploria198910,0.2845008
Pseudodiploria198911,-0.002774017
Pseudodiploria198913,-0.4939313
Pseudodiploria198915,0.7006803
Pseudodiploria198916,1.067949
Pseudodiploria198917,0.3538743
Pseudodiploria198921,-0.1639673
Pseudodiploria198924,-0.3373068
Pseudodiploria198925,-0.3288945
Pseudodiploria198926,-0.08208465
Pseudodiploria198928,-0.2799924
Pseudodiploria198929,0.1842887
Pseudodiploria198930,0.1258811
Pseudodiploria198931,0.161106
Pseudodiploria198932,-0.467822
Pseudodiploria198934,0.02323051
Pseudodiploria198935,-0.4390775
Pseudodiploria198936,0.2019273
Pseudodiploria198938,-0.005772128
Pseudodiploria198939,0.4793685
Pseudodiploria198940,0.6060562
Pseudodiploria198941,0.07076773
Pseudodiploria198942,-0.1755103
Pseudodiploria198945,-0.1585518
Pseudodiploria198946,0.08501184
Pseudodiploria198947,0.0339906
Pseudodiploria198949,0.1437687
Pseudodiploria198951,0.7331115
Pseudodiploria198952,0.0865959
Pseudodiploria198953,0.6491507
Pseudodiploria198955,0.01987625
Pseudodiploria198957,0.1677267
Pseudodiploria198958,-0.1115351
Pseudodiploria198960,0.2542415
Pseudodiploria198963,-0.08805178
Pseudodiploria198964,-0.08731021
Pseudodiploria198965,0.147604
Pseudodiploria198966,0.8393527
Pseudodiploria198967,0.04634542
Pseudodiploria198970,-0.1923096
Pseudodiploria198973,0.319529
Pseudodiploria198975,-0.07465337
Pseudodiploria198976,-0.1984134
Pseudodiploria198977,-0.7918686
Pseudodiploria198978,0.4094459
Pseudodiploria198980,-0.1752242
Pseudodiploria198982,0.4309058
Pseudodiploria198987,0.1401235
Pseudodiploria198988,0.08248283
Pseudodiploria198989,0.2257459
Pseudodiploria198991,-0.1300669
Pseudodiploria198992,-0.3480068
Pseudodiploria198995,-0.4551908
Pseudodiploria198996,0.1464886
Pseudodiploria199002,-0.2921033
Pseudodiploria199003,0.05961368
Pseudodiploria199004,0.9374801
Pseudodiploria199006,-0.9935275
Pseudodiploria199009,0.4767594
Pseudodiploria199010,0.3550397
Pseudodiploria199012,0.3615108
Pseudodiploria199013,-0.1528362
Pseudodiploria199017,0.2239867
Pseudodiploria199019,-0.1560163
Pseudodiploria199020,-0.8893986
Pseudodiploria199021,-0.3930638
Pseudodiploria199022,0.1009244
Pseudodiploria199023,-0.674531
Pseudodiploria199024,0.6589525
Pseudodiploria199025,-0.1494077
Pseudodiploria199026,1.44606
Pseudodiploria199029,-0.1029619
Pseudodiploria199030,0.04519624
Pseudodiploria199031,-0.3207534
Pseudodiploria199034,0.4229946
Pseudodiploria199035,-0.5800926
Pseudodiploria199036,0.03852301
Pseudodiploria199038,0.03271913
Pseudodiploria199040,-1.064222
Pseudodiploria199042,0.1588701
Pseudodiploria199044,0.07704124
Pseudodiploria199045,-0.01032048
Pseudodiploria199047,-0.2828947
Pseudodiploria199049,0.04588272
Pseudodiploria199052,-0.1964455
Pseudodiploria199053,0.07895022
Pseudodiploria199056,0.3458149
Pseudodiploria199058,0.628956
Pseudodiploria199060,0.1840464
Pseudodiploria199063,-0.1159575
Pseudodiploria199064,-0.07066514
Pseudodiploria199065,0.8295674
Pseudodiploria199066,0.4124893
Pseudodiploria199069,0.3350859
Pseudodiploria199070,-0.3091207
Pseudodiploria199072,0.02972004
Pseudodiploria199077,-0.1366226
Pseudodiploria199078,0.8178664
Pseudodiploria199079,-0.371194
Pseudodiploria199082,-0.40412
Pseudodiploria199083,0.3119081
Pseudodiploria199084,0.2891954
Pseudodiploria199088,-0.1164667
Pseudodiploria199089,0.4390796
Pseudodiploria199090,0.6765229
Pseudodiploria199092,-0.2234829
Pseudodiploria199094,-1.088195
Pseudodiploria199095,-0.6504514
Pseudodiploria199096,0.07087532
Pseudodiploria199098,0.1506259
Pseudodiploria199099,-0.09238615
Pseudodiploria199101,-0.5075698
Pseudodiploria199103,-0.1151125
Pseudodiploria199105,0.8061932
Pseudodiploria199107,0.4042305
Pseudodiploria199109,0.4312781
Pseudodiploria199111,0.3288378
Pseudodiploria199113,0.1156847
Pseudodiploria199114,-0.3420692
Pseudodiploria199115,0.3296436
Pseudodiploria199116,0.2297578
Pseudodiploria199117,-0.1706314
Pseudodiploria199120,0.3147516
Pseudodiploria199123,-0.05747587
Pseudodiploria199125,0.1694766
Pseudodiploria199126,0.2649197
Pseudodiploria199127,-0.5014089
Pseudodiploria199128,-0.2978149
Pseudodiploria199129,0.279576
Pseudodiploria199130,0.2405027
Pseudodiploria199131,0.04243084
Pseudodiploria199132,-0.04266305
Pseudodiploria199133,-0.05783591
Pseudodiploria199134,-0.1147189
Pseudodiploria199139,-0.1698928
Pseudodiploria199140,-0.185473
Pseudodiploria199142,0.5487376
Pseudodiploria199143,0.5024469
Pseudodiploria199144,0.05666337
Pseudodiploria199145,0.2649004
Pseudodiploria199146,0.3479844
Pseudodiploria199148,-0.2947778
Pseudodiploria199150,0.07425443
Pseudodiploria199151,0.1552821
Pseudodiploria199152,0.1254353
Pseudodiploria199153,-0.09769938
Pseudodiploria199157,1.299641
Pseudodiploria199158,-0.11175
Pseudodiploria199159,0.06743356
Pseudodiploria199160,-0.255495
Pseudodiploria199161,0.2793681
Pseudodiploria199163,0.06527599
Pseudodiploria199164,0.9564825
Pseudodiploria199166,0.4438874
Pseudodiploria199167,-1.200815
Pseudodiploria199169,0.0493581
Pseudodiploria199171,-0.250671
Pseudodiploria199173,0.1362625
Pseudodiploria199175,0.6109953
Pseudodiploria199176,0.08463542
Pseudodiploria199178,0.1845023
Pseudodiploria199181,-0.1856178
Pseudodiploria199182,0.3567076
Pseudodiploria199183,0.3191078
Pseudodiploria199185,-0.236653
Pseudodiploria199187,-0.3041566
Pseudodiploria199188,0.4449195
Pseudodiploria199189,0.3600038
Pseudodiploria199194,0.000361132
Pseudodiploria199196,0.1534919
Pseudodiploria199197,0.331612
Pseudodiploria199200,-0.07445546
Pseudodiploria199202,-0.1534396
Pseudodiploria199203,0.1717874
Pseudodiploria199206,-0.3792448
Pseudodiploria199207,0.6373211
Pseudodiploria199214,-0.3342236
Pseudodiploria199215,-0.6825024
Pseudodiploria199218,0.5028777
Pseudodiploria199219,0.5860416
Pseudodiploria199221,-1.403177
Pseudodiploria199222,0.1233967
Pseudodiploria199224,-0.08369482
Pseudodiploria199225,-0.3462144
Pseudodiploria199226,-0.2229167
Pseudodiploria199227,-0.07677262
Pseudodiploria199231,0.2443214
Pseudodiploria199232,0.08206765
Pseudodiploria199233,-0.2819811
Pseudodiploria199234,0.6717061
Pseudodiploria199235,-0.07449463
Pseudodiploria199236,0.3247148
Pseudodiploria199239,0.5369451
Pseudodiploria199240,-0.4132956
Pseudodiploria199243,-0.3303696
Pseudodiploria199245,0.07693984
Pseudodiploria199247,0.229323
Pseudodiploria199248,-0.002685124
Pseudodiploria199250,-0.7604898
Pseudodiploria199253,-0.07840521
Pseudodiploria199256,0.05115487
Pseudodiploria199258,0.7405261
Pseudodiploria199259,0.362137
Pseudodiploria199261,-0.05779895
Pseudodiploria199264,0.1057098
Pseudodiploria199266,-0.5605063
Pseudodiploria199267,-0.4442419
Pseudodiploria199268,0.2311056
Pseudodiploria199269,0.2688538
Pseudodiploria199270,1.07447
Pseudodiploria199271,0.5036979
Pseudodiploria199272,0.3226477
Pseudodiploria199273,0.7847416
Pseudodiploria199274,-0.3688119
Pseudodiploria199277,0.06207441
Pseudodiploria199279,-0.5812773
Pseudodiploria199280,0.1490277
Pseudodiploria199281,0.5380065
Pseudodiploria199282,0.6829468
Pseudodiploria199283,-0.1213419
Pseudodiploria199284,0.05400377
Pseudodiploria199286,0.9676617
Pseudodiploria199287,-0.155365
Pseudodiploria199288,0.1287604
Pseudodiploria199289,-0.1229734
Pseudodiploria199290,0.1824259
Pseudodiploria199291,-0.002356922
Pseudodiploria199292,0.3457211
Pseudodiploria199293,-0.2998502
Pseudodiploria199295,-0.09825514
Pseudodiploria199296,1.079079
Pseudodiploria199297,-0.1645961
Pseudodiploria199298,-0.9201535
Pseudodiploria199299,0.1671278
Pseudodiploria199302,0.1750632
Pseudodiploria199304,0.2674745
Pseudodiploria199306,-0.1576478
Pseudodiploria199307,0.39086
Pseudodiploria199308,-0.0100739
Pseudodiploria199309,0.1073846
Pseudodiploria199311,-0.19971
Pseudodiploria199312,0.4399056
Pseudodiploria199313,0.2348074
Pseudodiploria199315,0.1522411
Pseudodiploria199316,0.01543799
Pseudodiploria199319,-0.3398883
Pseudodiploria199320,-0.4882455
Pseudodiploria199324,-0.002903664
Pseudodiploria199325,-0.5849173
Pseudodiploria199327,-0.1731546
Pseudodiploria199328,-0.5988183
Pseudodiploria199329,0.1107704
Pseudodiploria199332,-0.2916909
Pseudodiploria199333,-0.8592334
Pseudodiploria199334,-0.3693676
Pseudodiploria199336,0.4472792
Pseudodiploria199339,0.6548428
Pseudodiploria199340,-0.2974473
Pseudodiploria199343,0.3441305
Pseudodiploria199344,-0.1937172
Pseudodiploria199345,-0.8657023
Pseudodiploria199346,-0.08521055
Pseudodiploria199347,0.1747395
Pseudodiploria199348,0.0480367
Pseudodiploria199349,0.1864399
Pseudodiploria199350,0.1244077
Pseudodiploria199353,0.4824283
Pseudodiploria199354,0.5994932
Pseudodiploria199361,-0.6642003
Pseudodiploria199362,0.1413358
Pseudodiploria199363,0.6024758
Pseudodiploria199365,-0.2905302
Pseudodiploria199367,0.7365727
Pseudodiploria199369,0.09062658
Pseudodiploria199370,-0.1300276
Pseudodiploria199373,0.01426468
Pseudodiploria199374,0.008075426
Pseudodiploria199375,0.5138701
Pseudodiploria199377,-0.02477823
Pseudodiploria199378,-0.4858158
Pseudodiploria199380,0.3784866
Pseudodiploria199381,-0.09401769
Pseudodiploria199382,-0.01054434
Pseudodiploria199386,-0.6775214
Pseudodiploria199387,0.1041199
Pseudodiploria199388,0.8804065
Pseudodiploria199389,-0.1406999
Pseudodiploria199390,-0.1629418
Pseudodiploria199391,1.044522
Pseudodiploria199392,-0.08837911
Pseudodiploria199393,-0.3662488
Pseudodiploria199394,0.06051725
Pseudodiploria199395,0.06208146
Pseudodiploria199396,-0.02493346
Pseudodiploria199399,1.078309
Pseudodiploria199402,1.403427
Pseudodiploria199403,0.6535354
Pseudodiploria199404,0.4037001
Pseudodiploria199405,0.02347244
Pseudodiploria199406,-1.385878
Pseudodiploria199407,-0.8978757
Pseudodiploria199408,0.123284
Pseudodiploria199409,0.005317516
Pseudodiploria199411,-0.2563028
Pseudodiploria199412,-0.2543665
Pseudodiploria199413,0.368757
Pseudodiploria199415,0.1329381
Pseudodiploria199416,0.6857631
Pseudodiploria199419,-0.2706223
Pseudodiploria199421,-0.1742798
Pseudodiploria199424,0.05947197
Pseudodiploria199425,-1.112199
Pseudodiploria199427,0.1477678
Pseudodiploria199429,-0.290156
Pseudodiploria199430,0.9038381
Pseudodiploria199433,0.1036745
Pseudodiploria199435,0.3588049
Pseudodiploria199438,-0.6593594
Pseudodiploria199441,0.02724014
Pseudodiploria199442,-0.2977166
Pseudodiploria199443,-0.4119878
Pseudodiploria199444,-0.4681251
Pseudodiploria199445,-0.1482589
Pseudodiploria199446,0.150673
Pseudodiploria199447,-0.1053921
Pseudodiploria199448,0.4285686
Pseudodiploria199449,0.4542195
Pseudodiploria199454,0.7383303
Pseudodiploria199456,0.7341949
Pseudodiploria199461,0.407511
Pseudodiploria199462,-0.9497951
Pseudodiploria199463,-0.3862559
Pseudodiploria199464,0.1073635
Pseudodiploria199466,-0.1415722
Pseudodiploria199469,-0.002682541
Pseudodiploria199471,0.8097536
Pseudodiploria199472,0.1488116
Pseudodiploria199473,0.6907763
Pseudodiploria199476,-0.3550363
Pseudodiploria199478,-0.09068265
Pseudodiploria199479,0.01518244
Pseudodiploria199480,0.3189943
Pseudodiploria199483,0.0568419
Pseudodiploria199484,0.3050059
Pseudodiploria199485,0.2215103
Pseudodiploria199486,-0.3365966
Pseudodiploria199487,0.8098797
Pseudodiploria199488,0.2986477
Pseudodiploria199489,-0.005100986
Pseudodiploria199493,-0.4314221
Pseudodiploria199500,-0.06636523
Pseudodiploria199501,-0.3707012
Pseudodiploria199502,-0.360967
Pseudodiploria199503,0.02379602
Pseudodiploria199504,-0.1925707
Pseudodiploria199505,0.1002715
Pseudodiploria199506,-0.488971
Pseudodiploria199510,0.1671685
Pseudodiploria199511,-0.2153584
Pseudodiploria199512,-0.244827
Pseudodiploria199515,-0.001823787
Pseudodiploria199517,-0.05366797
Pseudodiploria199518,-0.3797957
Pseudodiploria199519,-0.03436107
Pseudodiploria199524,0.7727089
Pseudodiploria199525,-1.201112
Pseudodiploria199527,0.1589839
Pseudodiploria199528,0.8306547
Pseudodiploria199529,1.072926
Pseudodiploria199530,0.177725
Pseudodiploria199535,-0.5158207
Pseudodiploria199536,-0.09745712
Pseudodiploria199537,0.2477368
Pseudodiploria199538,0.2422453
Pseudodiploria199539,0.0553768
Pseudodiploria199540,0.1073923
Pseudodiploria199542,0.6774831
Pseudodiploria199546,-1.107736
Pseudodiploria199547,-0.3768661
Pseudodiploria199548,0.4127734
Pseudodiploria199549,-0.0667185
Pseudodiploria199551,0.140665
Pseudodiploria199553,0.04122344
Pseudodiploria199554,0.2856565
Pseudodiploria199556,-0.0654413
Pseudodiploria199559,0.1688787
Pseudodiploria199561,-0.3723187
Pseudodiploria199563,-0.09751967
Pseudodiploria199564,-0.1387594
Pseudodiploria199565,-0.01108324
Pseudodiploria199568,-0.7367012
Pseudodiploria199570,-0.5236512
Pseudodiploria199571,-0.09470544
Pseudodiploria199572,-0.2815693
Pseudodiploria199574,-0.1454444
Pseudodiploria199576,-0.3040195
Pseudodiploria199577,0.0174345
Pseudodiploria199578,-0.4641001
Pseudodiploria199582,-0.3270653
Pseudodiploria199584,0.4255162
Pseudodiploria199585,-0.1659964
Pseudodiploria199586,-0.03679232
Pseudodiploria199588,0.2475448
Pseudodiploria199589,0.3360113
Pseudodiploria199590,0.5283659
Pseudodiploria199591,-0.3702622
Pseudodiploria199593,-0.1332595
Pseudodiploria199594,-0.8789279
Pseudodiploria199595,0.4384248
Pseudodiploria199596,0.1340947
Pseudodiploria199599,0.4024977
Pseudodiploria199602,0.01734651
Pseudodiploria199604,0.3143059
Pseudodiploria199606,0.1826577
Pseudodiploria199607,0.3454558
Pseudodiploria199610,-0.01888949
Pseudodiploria199611,0.008540514
Pseudodiploria199612,-0.4007329
Pseudodiploria199616,-0.1063405
Pseudodiploria199617,-0.232272
Pseudodiploria199620,-0.3013541
Pseudodiploria199621,-0.1100158
Pseudodiploria199622,-0.1021997
Pseudodiploria199623,0.7584233
Pseudodiploria199626,-0.8790968
Pseudodiploria199627,0.04274297
Pseudodiploria199628,0.2984982
Pseudodiploria199630,-0.03534403
Pseudodiploria199631,0.7817288
Pseudodiploria199632,0.01086403
Pseudodiploria199634,0.5937166
Pseudodiploria199636,0.4480883
Pseudodiploria199637,0.6515893
Pseudodiploria199638,0.3488284
Pseudodiploria199639,0.08204153
Pseudodiploria199640,-0.9224572
Pseudodiploria199641,0.3995349
Pseudodiploria199642,0.1182208
Pseudodiploria199645,-0.3643286
Pseudodiploria199648,-0.3447553
Pseudodiploria199649,0.01778477
Pseudodiploria199650,-0.1675627
Pseudodiploria199652,-0.6961548
Pseudodiploria199655,0.1129501
Pseudodiploria199656,0.5073463
Pseudodiploria199657,-0.18166
Pseudodiploria199658,-0.2513333
Pseudodiploria199659,0.04166815
Pseudodiploria199661,0.1843851
Pseudodiploria199662,-0.8744358
Pseudodiploria199663,-0.3543914
Pseudodiploria199664,-0.2689484
Pseudodiploria199666,-0.4450358
Pseudodiploria199667,-0.3731082
Pseudodiploria199668,-0.3429535
Pseudodiploria199669,0.2917212
Pseudodiploria199670,0.05048693
Pseudodiploria199673,0.5289226
Pseudodiploria199674,0.07565897
Pseudodiploria199675,-0.04435425
Pseudodiploria199676,0.01849886
Pseudodiploria199677,0.2956979
Pseudodiploria199678,-0.01888381
Pseudodiploria199680,0.368619
Pseudodiploria199681,1.116684
Pseudodiploria199682,-0.3747149
Pseudodiploria199683,0.3810069
Pseudodiploria199684,-0.1876841
Pseudodiploria199685,-0.02211578
Pseudodiploria199687,0.1866021
Pseudodiploria199688,0.3591458
Pseudodiploria199690,0.623849
Pseudodiploria199691,-0.3455566
Pseudodiploria199693,0.2803376
Pseudodiploria199694,0.7069391
Pseudodiploria199695,-0.5232949
Pseudodiploria199696,-0.206076
Pseudodiploria199697,-1.054884
Pseudodiploria199698,-0.532172
Pseudodiploria199701,0.2940216
Pseudodiploria199702,-0.2247951
Pseudodiploria199703,0.6239114
Pseudodiploria199704,-0.1806916
Pseudodiploria199705,-0.05390434
Pseudodiploria199707,-0.1953119
Pseudodiploria199710,-0.3002181
Pseudodiploria199711,-0.1935411
Pseudodiploria199712,0.08186168
Pseudodiploria199714,-0.07422803
Pseudodiploria199715,1.147536
Pseudodiploria199716,0.4832071
Pseudodiploria199718,-0.6592021
Pseudodiploria199719,-0.1556273
Pseudodiploria199720,0.02256335
Pseudodiploria199722,-0.04599526
Pseudodiploria199727,-0.04105758
Pseudodiploria199728,0.09089634
Pseudodiploria199730,0.2660069
Pseudodiploria199731,0.7850773
Pseudodiploria199733,-0.4493206
Pseudodiploria199736,-0.2310663
Pseudodiploria199737,-0.564061
Pseudodiploria199738,0.09360926
Pseudodiploria199739,-0.3678466
Pseudodiploria199741,-0.1533763
Pseudodiploria199742,-1.012765
Pseudodiploria199744,0.2453348
Pseudodiploria199745,-1.012914
Pseudodiploria199747,-0.595563
Pseudodiploria199749,-0.03477551
Pseudodiploria199750,-0.5811723
Pseudodiploria199751,0.3314038
Pseudodiploria199752,0.2586648
Pseudodiploria199756,-0.4438314
Pseudodiploria199758,-0.5973797
Pseudodiploria199760,0.01455733
Pseudodiploria199762,0.2613796
Pseudodiploria199764,0.1280614
Pseudodiploria199766,0.1878847
Pseudodiploria199767,-1.552962
Pseudodiploria199768,0.08502176
Pseudodiploria199769,0.8626384
Pseudodiploria199770,0.09013288
Pseudodiploria199771,0.2149223
Pseudodiploria199772,-0.4623604
Pseudodiploria199774,-0.2624621
Pseudodiploria199776,1.179815
Pseudodiploria199777,0.717086
Pseudodiploria199778,-0.5715057
Pseudodiploria199779,-0.9074098
Pseudodiploria199784,0.5883023
Pseudodiploria199785,0.05325489
Pseudodiploria199786,0.8498302
Pseudodiploria199788,0.6499638
Pseudodiploria199789,0.07670156
Pseudodiploria199790,0.01687681
Pseudodiploria199791,-0.2483733
Pseudodiploria199792,0.1740466
Pseudodiploria199794,0.2409613
Pseudodiploria199795,0.61037
Pseudodiploria199796,-0.231075
Pseudodiploria199797,-0.6310851
Pseudodiploria199799,-0.334216
Pseudodiploria199800,0.4704672
Pseudodiploria199801,-0.5166403
Pseudodiploria199803,0.1148565
Pseudodiploria199804,0.06313739
Pseudodiploria199807,0.1674864
Pseudodiploria199808,0.03354367
Pseudodiploria199809,-0.8983723
Pseudodiploria199811,-0.5619672
Pseudodiploria199812,0.52353
Pseudodiploria199813,0.2860689
Pseudodiploria199814,1.059182
Pseudodiploria199815,-0.662496
Pseudodiploria199818,0.1041444
Pseudodiploria199820,0.6966615
Pseudodiploria199821,-0.6217037
Pseudodiploria199822,-0.08550717
Pseudodiploria199824,0.4665396
Pseudodiploria199825,0.2683986
Pseudodiploria199826,-0.01920848
Pseudodiploria199831,-0.3231913
Pseudodiploria199832,-0.4064233
Pseudodiploria199833,-0.408859
Pseudodiploria199835,-0.1029714
Pseudodiploria199836,0.4657354
Pseudodiploria199839,0.2309393
Pseudodiploria199841,0.5965811
Pseudodiploria199842,0.1609252
Pseudodiploria199843,0.1051702
Pseudodiploria199848,1.096109
Pseudodiploria199850,-0.1908654
Pseudodiploria199851,0.2979724
Pseudodiploria199852,0.9980791
Pseudodiploria199853,-0.548003
Pseudodiploria199854,0.1068727
Pseudodiploria199855,0.08608009
Pseudodiploria199856,0.2799105
Pseudodiploria199857,0.8382291
Pseudodiploria199860,-0.1220499
Pseudodiploria199861,0.1676321
Pseudodiploria199863,-0.2779152
Pseudodiploria199865,0.7173093
Pseudodiploria199866,-0.9940746
Pseudodiploria199867,-0.005791733
Pseudodiploria199869,-0.04950617
Pseudodiploria199872,-0.3458439
Pseudodiploria199873,0.05380057
Pseudodiploria199874,-0.2767234
Pseudodiploria199875,-0.4097663
Pseudodiploria199877,0.3461084
Pseudodiploria199878,-0.3672478
Pseudodiploria199879,0.1202273
Pseudodiploria199881,-0.5504695
Pseudodiploria199886,-0.3055271
Pseudodiploria199887,-0.8371153
Pseudodiploria199890,-0.1662714
Pseudodiploria199892,0.1078112
Pseudodiploria199894,-0.841112
Pseudodiploria199896,-0.8626649
Pseudodiploria199898,0.3045119
Pseudodiploria199899,-0.05553776
Pseudodiploria199904,0.4939662
Pseudodiploria199906,0.6251906
Pseudodiploria199908,-0.1772088
Pseudodiploria199909,0.05003501
Pseudodiploria199910,0.2022534
Pseudodiploria199911,-0.268906
Pseudodiploria199912,-0.02015338
Pseudodiploria199915,0.9380432
Pseudodiploria199916,-0.04338981
Pseudodiploria199917,-1.378689
Pseudodiploria199918,-1.160817
Pseudodiploria199919,0.1739036
Pseudodiploria199921,0.006474989
Pseudodiploria199923,0.6441946
Pseudodiploria199926,-0.2223938
Pseudodiploria199927,-0.1199054
Pseudodiploria199929,0.1455848
Pseudodiploria19993,0.1047443
Pseudodiploria199930,-0.08536201
Pseudodiploria199931,0.1465541
Pseudodiploria199932,0.3446483
Pseudodiploria199933,0.3797473
Pseudodiploria199934,0.5607994
Pseudodiploria199935,0.07540492
Pseudodiploria199936,0.07414414
Pseudodiploria199938,0.1265726
Pseudodiploria199940,-0.2257291
Pseudodiploria199942,0.411202
Pseudodiploria199943,-0.3941152
Pseudodiploria199945,-0.05677825
Pseudodiploria199951,-0.2273767
Pseudodiploria199952,-0.3539068
Pseudodiploria199954,-0.5237254
Pseudodiploria199955,0.4977014
Pseudodiploria199957,0.6011179
Pseudodiploria199958,0.2071761
Pseudodiploria199959,0.2083377
Pseudodiploria199961,-0.3624526
Pseudodiploria199962,0.3868604
Pseudodiploria199966,0.4809729
Pseudodiploria199967,0.5710262
Pseudodiploria199968,0.4056029
Pseudodiploria199969,-0.1425221
Pseudodiploria199970,0.08598098
Pseudodiploria199971,0.2782756
Pseudodiploria199972,0.1968508
Pseudodiploria199973,-0.08327402
Pseudodiploria199974,0.1453411
Pseudodiploria199978,-1.393816
Pseudodiploria199979,-0.7445354
Pseudodiploria199980,0.601616
Pseudodiploria199982,-0.1083044
Pseudodiploria199983,-0.8825453
Pseudodiploria199986,-0.4881816
Pseudodiploria199988,-0.3047171
Pseudodiploria199989,0.3227458
Pseudodiploria199990,-0.4774382
Pseudodiploria199991,-0.1562559
Pseudodiploria199992,0.3187115
Pseudodiploria199994,-0.1899202
Pseudodiploria199995,0.5378324
Pseudodiploria199996,0.158423
Pseudodiploria199998,0.3627397
Pseudodiploria199999,-0.3135849
Pseudodiploria200000,-0.0347034
Pseudodiploria200001,0.4176431
Pseudodiploria200002,0.1425789
Pseudodiploria200003,0.03469498
Pseudodiploria200005,-0.1908466
Pseudodiploria200006,-0.1035519
Pseudodiploria200007,-0.2045465
Pseudodiploria200008,-0.2668217
Pseudodiploria200010,0.4538163
Pseudodiploria200011,0.004844019
Pseudodiploria200012,0.5366875
Pseudodiploria200013,0.02509125
Pseudodiploria200016,0.3582529
Pseudodiploria200017,0.09980724
Pseudodiploria200018,-0.1326901
Pseudodiploria200019,0.2495772
Pseudodiploria200020,0.2096958
Pseudodiploria200021,-0.1508083
Pseudodiploria200022,0.3391488
Pseudodiploria200023,-1.100933
Pseudodiploria200024,-0.153696
Pseudodiploria200025,0.04577292
Pseudodiploria200026,0.03649776
Pseudodiploria200027,0.1710658
Pseudodiploria200028,-0.02991773
Pseudodiploria200031,0.09513257
Pseudodiploria200032,-0.4832578
Pseudodiploria200033,0.3580129
Pseudodiploria200037,0.2866897
Pseudodiploria200039,0.5101107
Pseudodiploria200042,-0.004548867
Pseudodiploria200044,-0.2902468
Pseudodiploria200046,0.1179222
Pseudodiploria200047,0.5178677
Pseudodiploria200048,-0.2449627
Pseudodiploria200049,-0.2649672
Pseudodiploria200053,0.6752844
Pseudodiploria200055,-0.7552703
Pseudodiploria200057,-0.3243876
Pseudodiploria200058,0.1455747
Pseudodiploria200060,-0.1581855
Pseudodiploria200061,-0.2280156
Pseudodiploria200062,0.1800016
Pseudodiploria200065,-0.1742604
Pseudodiploria200066,0.5651213
Pseudodiploria200068,-0.1093135
Pseudodiploria200070,0.1514012
Pseudodiploria200071,-0.4770791
Pseudodiploria200073,0.2621257
Pseudodiploria200074,-0.3986387
Pseudodiploria200078,0.05427535
Pseudodiploria200079,-0.02911266
Pseudodiploria200083,0.03969771
Pseudodiploria200086,0.1864298
Pseudodiploria200088,-0.04651922
Pseudodiploria200089,0.06587631
Pseudodiploria200090,-0.3551048
Pseudodiploria200091,-1.334769
Pseudodiploria200092,0.06706551
Pseudodiploria200094,-0.371647
Pseudodiploria200095,0.02198807
Pseudodiploria200096,-0.8679368
Pseudodiploria200097,-0.191818
Pseudodiploria200099,0.4209121
Pseudodiploria200100,0.08753989
Pseudodiploria200101,0.3666386
Pseudodiploria200102,0.09798685
Pseudodiploria200103,0.2587164
Pseudodiploria200104,-0.683236
Pseudodiploria200105,0.6914756
Pseudodiploria200107,-0.4244865
Pseudodiploria200108,0.2396682
Pseudodiploria200110,0.3609948
Pseudodiploria200111,-0.2104504
Pseudodiploria200112,0.04568413
Pseudodiploria200113,-0.07008377
Pseudodiploria200116,0.3466807
Pseudodiploria200117,1.508549
Pseudodiploria200118,-0.1786769
Pseudodiploria200121,-0.9942745
Pseudodiploria200122,0.09858648
Pseudodiploria200123,0.5940783
Pseudodiploria200125,0.3134454
Pseudodiploria200126,0.1031299
Pseudodiploria200128,-0.06459679
Pseudodiploria200129,0.2428851
Pseudodiploria200130,0.2209424
Pseudodiploria200131,-0.8004535
Pseudodiploria200133,-0.536323
Pseudodiploria200136,0.6095043
Pseudodiploria200137,0.03563147
Pseudodiploria200138,0.1627436
Pseudodiploria200139,0.01423589
Pseudodiploria200140,0.05587797
Pseudodiploria200141,-0.1296889
Pseudodiploria200143,0.06727472
Pseudodiploria200144,0.3811998
Pseudodiploria200145,0.1937249
Pseudodiploria200147,-0.2353597
Pseudodiploria200148,-0.1710014
Pseudodiploria200149,-0.3380032
Pseudodiploria200150,-0.250515
Pseudodiploria200153,-0.03732315
Pseudodiploria200154,0.3735592
Pseudodiploria200156,-0.07579205
Pseudodiploria200157,0.326943
Pseudodiploria200158,0.07666262
Pseudodiploria200160,-0.8424874
Pseudodiploria200163,0.3134009
Pseudodiploria200164,1.00234
Pseudodiploria200167,0.6970279
Pseudodiploria200168,0.03235771
Pseudodiploria200169,-0.5796127
Pseudodiploria200172,0.01647925
Pseudodiploria200173,-1.00702
Pseudodiploria200175,1.511534
Pseudodiploria200176,0.04234526
Pseudodiploria200177,-0.5503965
Pseudodiploria200178,0.1688118
Pseudodiploria200179,0.005033349
Pseudodiploria200181,1.18582
Pseudodiploria200182,0.1889252
Pseudodiploria200185,0.2426508
Pseudodiploria200188,0.3596966
Pseudodiploria200192,-0.09572795
Pseudodiploria200196,0.5894888
Pseudodiploria200197,-0.420466
Pseudodiploria200198,0.02807643
Pseudodiploria200199,-0.1741193
Pseudodiploria200200,0.4921838
Pseudodiploria200202,0.1966765
Pseudodiploria200203,-0.4890921
Pseudodiploria200204,0.5780173
Pseudodiploria200206,0.2229738
Pseudodiploria200207,0.5991629
Pseudodiploria200208,0.1280594
Pseudodiploria200209,0.3394095
Pseudodiploria200210,-0.1790127
Pseudodiploria200211,0.02839834
Pseudodiploria200212,-0.1928269
Pseudodiploria200216,0.1076969
Pseudodiploria200217,-0.170466
Pseudodiploria200218,0.9559884
Pseudodiploria200219,-0.1984669
Pseudodiploria200220,-0.3845792
Pseudodiploria200221,0.0677802
Pseudodiploria200223,-0.4142357
Pseudodiploria200224,0.01636318
Pseudodiploria200226,0.359122
Pseudodiploria200227,1.001543
Pseudodiploria200230,0.1361104
Pseudodiploria200231,-0.1420179
Pseudodiploria200232,0.9582175
Pseudodiploria200233,-0.1672958
Pseudodiploria200234,-0.07541728
Pseudodiploria200235,-0.6016833
Pseudodiploria200236,0.2942498
Pseudodiploria200237,0.1780176
Pseudodiploria200238,0.8092965
Pseudodiploria200240,0.9020427
Pseudodiploria200241,-0.6945599
Pseudodiploria200242,-0.09257222
Pseudodiploria200244,0.3107209
Pseudodiploria200246,-0.3851402
Pseudodiploria200248,-0.1311
Pseudodiploria200250,1.711766
Pseudodiploria200251,0.1862962
Pseudodiploria200253,-0.6521627
Pseudodiploria200254,0.196428
Pseudodiploria200255,-0.007281556
Pseudodiploria200257,-0.2102161
Pseudodiploria200258,0.402786
Pseudodiploria200260,-0.06427591
Pseudodiploria200262,-0.4383593
Pseudodiploria200263,-0.07573152
Pseudodiploria200264,-0.2386875
Pseudodiploria200265,-0.08124569
Pseudodiploria200266,-0.04746858
Pseudodiploria200269,0.3755839
Pseudodiploria200270,-0.1091531
Pseudodiploria200271,0.1063331
Pseudodiploria200272,0.02592682
Pseudodiploria200273,0.1085287
Pseudodiploria200274,0.3057614
Pseudodiploria200277,-0.5651294
Pseudodiploria200280,-0.04015035
Pseudodiploria200282,0.04781378
Pseudodiploria200284,-0.02984799
Pseudodiploria200286,-0.3337498
Pseudodiploria200287,0.5419199
Pseudodiploria200290,-0.6055855
Pseudodiploria200292,0.7361075
Pseudodiploria200293,0.09086907
Pseudodiploria200295,-0.1861463
Pseudodiploria200296,-0.03509317
Pseudodiploria200297,-0.1687168
Pseudodiploria200299,-0.5126686
Pseudodiploria200300,-0.4536162
Pseudodiploria200301,0.526081
Pseudodiploria200302,0.03133441
Pseudodiploria200306,0.2336488
Pseudodiploria200308,0.2805997
Pseudodiploria200309,-0.3357867
Pseudodiploria200310,-0.6962016
Pseudodiploria200311,-0.2163505
Pseudodiploria200314,0.1103191
Pseudodiploria200317,-0.347033
Pseudodiploria200318,0.4089347
Pseudodiploria200319,0.5267595
Pseudodiploria200321,0.009403743
Pseudodiploria200322,0.008591769
Pseudodiploria200323,-0.3292367
Pseudodiploria200325,-1.229501
Pseudodiploria200326,-0.6847446
Pseudodiploria200327,-0.1564736
Pseudodiploria200329,0.3067221
Pseudodiploria200330,0.03140595
Pseudodiploria200331,0.1157273
Pseudodiploria200333,0.04650889
Pseudodiploria200334,0.2104326
Pseudodiploria200335,-0.3080103
Pseudodiploria200336,0.5540935
Pseudodiploria200340,-0.9072729
Pseudodiploria200341,0.6164032
Pseudodiploria200343,-0.8413975
Pseudodiploria200344,-0.2634068
Pseudodiploria200346,-0.03145705
Pseudodiploria200347,0.1048591
Pseudodiploria200348,0.1401339
Pseudodiploria200350,0.03380601
Pseudodiploria200351,0.7992188
Pseudodiploria200353,-0.4132244
Pseudodiploria200355,0.04112558
Pseudodiploria200359,-0.4509413
Pseudodiploria200361,0.5977133
Pseudodiploria200362,-0.4722564
Pseudodiploria200363,0.1295363
Pseudodiploria200364,-0.2376394
Pseudodiploria200365,0.263037
Pseudodiploria200366,0.8558278
Pseudodiploria200367,1.088768
Pseudodiploria200368,0.5212298
Pseudodiploria200373,-0.03922349
Pseudodiploria200375,0.7195596
Pseudodiploria200376,0.3453866
Pseudodiploria200378,0.3868522
Pseudodiploria200379,-0.6164081
Pseudodiploria200380,-0.1287391
Pseudodiploria200381,0.1223236
Pseudodiploria200382,0.2699542
Pseudodiploria200383,0.546805
Pseudodiploria200384,0.8241527
Pseudodiploria200386,0.6648129
Pseudodiploria200388,0.329162
Pseudodiploria200389,0.09420156
Pseudodiploria200391,-0.1397341
Pseudodiploria200392,0.1965465
Pseudodiploria200393,0.1207526
Pseudodiploria200394,0.4425196
Pseudodiploria200399,-0.007259339
Pseudodiploria200400,-0.6483421
Pseudodiploria200401,0.9077596
Pseudodiploria200402,0.6558964
Pseudodiploria200403,-0.1247173
Pseudodiploria200404,1.325476
Pseudodiploria200405,-0.0277432
Pseudodiploria200406,-0.3161255
Pseudodiploria200407,0.2685274
Pseudodiploria200412,0.02623044
Pseudodiploria200415,0.1875993
Pseudodiploria200417,0.1985105
Pseudodiploria200418,0.07062821
Pseudodiploria200419,-1.771088
Pseudodiploria200420,-0.02863428
Pseudodiploria200421,-0.3477934
Pseudodiploria200422,-0.4150912
Pseudodiploria200423,0.2921204
Pseudodiploria200424,-0.1290139
Pseudodiploria200425,0.8246315
Pseudodiploria200427,-0.003285549
Pseudodiploria200428,-0.07787105
Pseudodiploria200429,-0.07559375
Pseudodiploria200432,-0.2908544
Pseudodiploria200433,-0.7021011
Pseudodiploria200434,0.5753238
Pseudodiploria200435,0.2007615
Pseudodiploria200439,-0.5379445
Pseudodiploria200440,0.2497532
Pseudodiploria200441,-0.0352396
Pseudodiploria200442,0.2997655
Pseudodiploria200443,-0.1013157
Pseudodiploria200444,-0.0007166969
Pseudodiploria200445,-0.2466433
Pseudodiploria200446,0.08071218
Pseudodiploria200447,0.05965157
Pseudodiploria200448,0.3767149
Pseudodiploria200449,0.2906383
Pseudodiploria200450,-0.3082096
Pseudodiploria200452,-0.2966841
Pseudodiploria200453,0.1360595
Pseudodiploria200458,-0.05133704
Pseudodiploria200460,-1.196631
Pseudodiploria200461,-0.5048078
Pseudodiploria200462,-0.7699947
Pseudodiploria200468,0.2340991
Pseudodiploria200469,0.4192065
Pseudodiploria200470,0.02432338
Pseudodiploria200471,-0.0960181
Pseudodiploria200473,-0.756633
Pseudodiploria200475,0.217257
Pseudodiploria200476,-0.2253235
Pseudodiploria200478,-0.2040182
Pseudodiploria200479,0.1358199
Pseudodiploria200480,-0.8996119
Pseudodiploria200481,-0.4690375
Pseudodiploria200485,0.5818981
Pseudodiploria200486,0.4386989
Pseudodiploria200487,-0.1308492
Pseudodiploria200488,0.0688131
Pseudodiploria200489,0.07269018
Pseudodiploria200491,-0.3526582
Pseudodiploria200493,-0.2699176
Pseudodiploria200494,0.2947697
Pseudodiploria200495,0.06558022
Pseudodiploria200497,0.2380873
Pseudodiploria200498,0.02897553
Pseudodiploria200499,0.4826926
Pseudodiploria200500,0.3481826
Pseudodiploria200501,-0.438275
Pseudodiploria200503,0.2921264
Pseudodiploria200504,-0.1581839
Pseudodiploria200506,-0.0924951
Pseudodiploria200507,-0.8125767
Pseudodiploria200509,0.1201509
Pseudodiploria200510,0.09458331
Pseudodiploria200513,0.7744842
Pseudodiploria200514,0.9699208
Pseudodiploria200516,-1.655546
Pseudodiploria200518,0.3278958
Pseudodiploria200519,0.1495353
Pseudodiploria200520,-0.01439165
Pseudodiploria200522,0.7561818
Pseudodiploria200523,-0.7583577
Pseudodiploria200524,0.2738097
Pseudodiploria200525,0.2672196
Pseudodiploria200527,-0.03434078
Pseudodiploria200528,-0.5177529
Pseudodiploria200529,0.5372562
Pseudodiploria200532,0.04475304
Pseudodiploria200533,0.2016012
Pseudodiploria200534,-0.806482
Pseudodiploria200536,-0.1036845
Pseudodiploria200537,0.8934616
Pseudodiploria200538,-0.1512564
Pseudodiploria200539,-0.05951077
Pseudodiploria200540,-0.3713379
Pseudodiploria200543,0.05827083
Pseudodiploria200545,-0.09687009
Pseudodiploria200546,0.2689856
Pseudodiploria200547,0.01755125
Pseudodiploria200549,0.5280035
Pseudodiploria200550,-0.504509
Pseudodiploria200551,0.2262917
Pseudodiploria200552,0.4833346
Pseudodiploria200555,-0.3273725
Pseudodiploria200556,0.4645301
Pseudodiploria200557,-0.4093804
Pseudodiploria200560,0.1352943
Pseudodiploria200561,-0.3637075
Pseudodiploria200562,0.2696585
Pseudodiploria200563,1.270199
Pseudodiploria200565,-0.2978611
Pseudodiploria200567,0.03075503
Pseudodiploria200568,-0.1208744
Pseudodiploria200570,0.004273542
Pseudodiploria200571,0.01235463
Pseudodiploria200572,-0.137426
Pseudodiploria200573,-0.5146509
Pseudodiploria200575,0.551721
Pseudodiploria200576,-0.008704615
Pseudodiploria200577,0.2741171
Pseudodiploria200578,1.140612
Pseudodiploria200579,-0.01584465
Pseudodiploria200582,0.05548108
Pseudodiploria200583,0.2597379
Pseudodiploria200584,0.4518216
Pseudodiploria200586,-0.5501981
Pseudodiploria200587,-0.09716227
Pseudodiploria200588,-0.2955841
Pseudodiploria200589,-0.1621177
Pseudodiploria200590,-0.08441439
Pseudodiploria200591,-0.02852417
Pseudodiploria200592,0.008968472
Pseudodiploria200593,-1.21973
Pseudodiploria200594,0.2986094
Pseudodiploria200595,-0.02590505
Pseudodiploria200597,-0.3499099
Pseudodiploria200598,-0.03697117
Pseudodiploria200600,-0.35903
Pseudodiploria200603,-0.6043152
Pseudodiploria200605,0.717443
Pseudodiploria200608,0.1548276
Pseudodiploria200609,-0.1559164
Pseudodiploria200610,-0.1108288
Pseudodiploria200611,0.201532
Pseudodiploria200612,0.08228222
Pseudodiploria200613,-1.100698
Pseudodiploria200614,0.3380365
Pseudodiploria200615,-0.2709573
Pseudodiploria200618,0.4681481
Pseudodiploria200621,0.7568144
Pseudodiploria200622,-0.5870198
Pseudodiploria200627,0.3537316
Pseudodiploria200628,0.4811749
Pseudodiploria200629,-0.5717268
Pseudodiploria200630,-0.3364452
Pseudodiploria200631,0.06596522
Pseudodiploria200632,0.3346509
Pseudodiploria200633,-0.2590285
Pseudodiploria200634,0.09702833
Pseudodiploria200639,0.08837608
Pseudodiploria200640,0.7128573
Pseudodiploria200641,0.91872
Pseudodiploria200643,0.08924712
Pseudodiploria200646,0.8683917
Pseudodiploria200647,0.3614729
Pseudodiploria200648,0.269158
Pseudodiploria200649,0.1972932
Pseudodiploria200652,0.06987078
Pseudodiploria200653,0.2373154
Pseudodiploria200656,0.07076801
Pseudodiploria200657,-0.151304
Pseudodiploria200658,-0.09904029
Pseudodiploria200659,-0.7745161
Pseudodiploria200660,0.1760248
Pseudodiploria200661,0.4101585
Pseudodiploria200662,-0.0981721
Pseudodiploria200663,0.3498719
Pseudodiploria200665,0.0499842
Pseudodiploria200666,-0.1971611
Pseudodiploria200667,-0.1162437
Pseudodiploria200668,0.1855776
Pseudodiploria200669,-0.8602679
Pseudodiploria200670,0.9780178
Pseudodiploria200671,-0.3432368
Pseudodiploria200673,-1.040578
Pseudodiploria200674,0.05429093
Pseudodiploria200675,-0.6525031
Pseudodiploria200676,0.1329432
Pseudodiploria200678,-0.06307151
Pseudodiploria200679,0.07279852
Pseudodiploria200680,-0.1229909
Pseudodiploria200681,0.8199371
Pseudodiploria200682,0.0129959
Pseudodiploria200686,1.131072
Pseudodiploria200690,0.09291162
Pseudodiploria200692,0.1383715
Pseudodiploria200693,0.146667
Pseudodiploria200694,0.08393345
Pseudodiploria200697,0.3013756
Pseudodiploria200699,-0.1927929
Pseudodiploria200700,-0.3637835
Pseudodiploria200701,0.8912726
Pseudodiploria200704,-0.2153925
Pseudodiploria200705,-0.05242559
Pseudodiploria200707,-0.0630058
Pseudodiploria200708,-0.0551175
Pseudodiploria200711,-0.3428399
Pseudodiploria200712,0.157686
Pseudodiploria200713,0.1293772
Pseudodiploria200714,-0.4960163
Pseudodiploria200716,-0.01537252
Pseudodiploria200717,0.209757
Pseudodiploria200718,-0.9096827
Pseudodiploria200719,-0.2939786
Pseudodiploria200721,-0.20322
Pseudodiploria200722,-0.0640782
Pseudodiploria200723,0.2874948
Pseudodiploria200724,0.3510998
Pseudodiploria200725,0.2148242
Pseudodiploria200726,0.07678281
Pseudodiploria200729,1.117443
Pseudodiploria200730,-0.1231565
Pseudodiploria200731,0.1886785
Pseudodiploria200732,-0.2795781
Pseudodiploria200733,0.1483475
Pseudodiploria200734,-0.07209441
Pseudodiploria200735,-0.2630037
Pseudodiploria200736,-1.09113
Pseudodiploria200739,-0.1920171
Pseudodiploria200743,0.2958675
Pseudodiploria200744,0.3397719
Pseudodiploria200745,0.08118004
Pseudodiploria200746,-0.2724731
Pseudodiploria200747,1.150975
Pseudodiploria200748,0.7611235
Pseudodiploria200752,0.1737333
Pseudodiploria200754,-0.08085677
Pseudodiploria200755,0.6031532
Pseudodiploria200757,0.6000323
Pseudodiploria200759,0.1988707
Pseudodiploria200760,1.439974
Pseudodiploria200761,-0.1519163
Pseudodiploria200762,0.03725793
Pseudodiploria200763,-0.1957922
Pseudodiploria200764,-0.7451763
Pseudodiploria200765,-0.3026685
Pseudodiploria200770,-0.3385898
Pseudodiploria200771,0.4864421
Pseudodiploria200772,0.168083
Pseudodiploria200773,0.3668984
Pseudodiploria200775,-0.06602546
Pseudodiploria200776,-0.8670502
Pseudodiploria200777,0.1608185
Pseudodiploria200779,0.01973224
Pseudodiploria200781,0.05196769
Pseudodiploria200783,-0.7591134
Pseudodiploria200784,0.3863189
Pseudodiploria200785,-0.2513237
Pseudodiploria200787,-0.2959137
Pseudodiploria200788,1.225094
Pseudodiploria200789,0.06443539
Pseudodiploria200790,-0.3134327
Pseudodiploria200791,-0.280167
Pseudodiploria200792,-0.2415114
Pseudodiploria200793,-0.158241
Pseudodiploria200795,0.3276873
Pseudodiploria200797,0.02716288
Pseudodiploria200800,0.02091774
Pseudodiploria200801,0.01093081
Pseudodiploria200802,-0.1285317
Pseudodiploria200804,0.01624711
Pseudodiploria200805,0.6142473
Pseudodiploria200806,0.07481941
Pseudodiploria200808,0.148395
Pseudodiploria200809,-0.4079448
Pseudodiploria200810,-0.3807059
Pseudodiploria200812,0.3024426
Pseudodiploria200813,-0.6028125
Pseudodiploria200814,0.5536215
Pseudodiploria200815,0.1130868
Pseudodiploria200816,-0.2137006
Pseudodiploria200817,0.4390446
Pseudodiploria200818,-0.0671117
Pseudodiploria200819,1.36452
Pseudodiploria200820,0.2387156
Pseudodiploria200821,0.4028355
Pseudodiploria200823,0.1987682
Pseudodiploria200824,0.04711155
Pseudodiploria200827,0.1544324
Pseudodiploria200828,-0.5011422
Pseudodiploria200829,-0.2794088
Pseudodiploria200830,0.1004364
Pseudodiploria200832,0.5514877
Pseudodiploria200834,-0.116283
Pseudodiploria200836,-0.3130974
Pseudodiploria200837,-0.01399867
Pseudodiploria200838,-0.03133931
Pseudodiploria200840,0.2927448
Pseudodiploria200845,-0.3664887
Pseudodiploria200846,-0.8537004
Pseudodiploria200847,0.2410651
Pseudodiploria200851,-0.7937576
Pseudodiploria200852,0.3943399
Pseudodiploria200854,-0.4116281
Pseudodiploria200856,0.5165913
Pseudodiploria200857,1.923102
Pseudodiploria200858,0.02102026
Pseudodiploria200859,0.4099099
Pseudodiploria200860,-0.1744193
Pseudodiploria200861,0.2188458
Pseudodiploria200862,0.02712686
Pseudodiploria200863,0.0829633
Pseudodiploria200864,-0.5852548
Pseudodiploria200865,0.1459148
Pseudodiploria200866,-0.4082296
Pseudodiploria200868,-0.04277767
Pseudodiploria200869,-0.1789947
Pseudodiploria200870,-0.6882625
Pseudodiploria200871,-0.2130204
Pseudodiploria200872,0.1953882
Pseudodiploria200873,0.1809465
Pseudodiploria200874,0.08985252
Pseudodiploria200876,-0.03649205
Pseudodiploria200877,-0.0365701
Pseudodiploria200879,0.4144501
Pseudodiploria200880,0.2087361
Pseudodiploria200883,0.2678377
Pseudodiploria200884,0.214393
Pseudodiploria200885,0.4286579
Pseudodiploria200887,-0.2183179
Pseudodiploria200888,0.2634323
Pseudodiploria200889,-0.145563
Pseudodiploria200890,0.04931315
Pseudodiploria200891,0.2810516
Pseudodiploria200892,0.009741196
Pseudodiploria200893,-0.1375352
Pseudodiploria200894,-0.2351119
Pseudodiploria200895,-0.1749985
Pseudodiploria200896,-0.1136066
Pseudodiploria200897,-0.3404332
Pseudodiploria200898,0.03770025
Pseudodiploria200899,0.2504456
Pseudodiploria200900,-0.07600558
Pseudodiploria200903,0.1715149
Pseudodiploria200904,-0.2718764
Pseudodiploria200905,-0.07269062
Pseudodiploria200906,0.03405556
Pseudodiploria200908,-0.6620011
Pseudodiploria200909,-0.06608217
Pseudodiploria200910,0.1433567
Pseudodiploria200911,0.9878128
Pseudodiploria200912,-0.4639397
Pseudodiploria200913,0.3392601
Pseudodiploria200914,-0.2648989
Pseudodiploria200915,1.056429
Pseudodiploria200917,-0.6679335
Pseudodiploria200918,-0.01120441
Pseudodiploria200919,0.6840221
Pseudodiploria200920,-0.1232325
Pseudodiploria200921,-0.04730367
Pseudodiploria200922,0.06531661
Pseudodiploria200923,2.042393
Pseudodiploria200925,0.0399832
Pseudodiploria200927,0.5795797
Pseudodiploria200928,-0.6781544
Pseudodiploria200929,0.03951595
Pseudodiploria200932,0.1090033
Pseudodiploria200933,0.1099175
Pseudodiploria200934,0.1871993
Pseudodiploria200936,0.2120069
Pseudodiploria200937,-0.05843862
Pseudodiploria200940,0.1679688
Pseudodiploria200942,0.4906403
Pseudodiploria200943,-0.333975
Pseudodiploria200944,0.09874854
Pseudodiploria200945,-0.4529888
Pseudodiploria200946,0.2194486
Pseudodiploria200948,-0.3306248
Pseudodiploria200949,0.3236144
Pseudodiploria200950,0.5129815
Pseudodiploria200954,-0.1461305
Pseudodiploria200955,0.3982864
Pseudodiploria200957,-0.8544938
Pseudodiploria200958,0.1842849
Pseudodiploria200959,0.1647836
Pseudodiploria200960,0.2794737
Pseudodiploria200961,-0.06041928
Pseudodiploria200963,-0.1035084
Pseudodiploria200964,-0.3369439
Pseudodiploria200965,0.1547272
Pseudodiploria200966,-0.1804184
Pseudodiploria200967,0.1208901
Pseudodiploria200970,0.1735899
Pseudodiploria200971,-0.2039311
Pseudodiploria200972,0.05680266
Pseudodiploria200973,0.02127779
Pseudodiploria200975,0.01411199
Pseudodiploria200977,0.3529277
Pseudodiploria200978,0.07533343
Pseudodiploria200980,0.1156816
Pseudodiploria200981,0.6510551
Pseudodiploria200982,-0.1518405
Pseudodiploria200984,0.8857696
Pseudodiploria200985,-0.09688461
Pseudodiploria200986,0.3268974
Pseudodiploria200987,-0.1176879
Pseudodiploria200988,0.03996075
Pseudodiploria200989,0.09538009
Pseudodiploria200990,-1.772651
Pseudodiploria200993,-1.069122
Pseudodiploria200994,0.6622212
Pseudodiploria200997,-0.3633662
Pseudodiploria201000,0.2547533
Pseudodiploria201002,0.1661117
Pseudodiploria201003,-0.1822496
Pseudodiploria201004,0.4527329
Pseudodiploria201007,-0.03512652
Pseudodiploria201008,0.5598923
Pseudodiploria201009,-0.02606381
Pseudodiploria201013,-0.8961141
Pseudodiploria201014,-0.4950622
Pseudodiploria201015,-0.07321741
Pseudodiploria201017,-0.0007609185
Pseudodiploria201020,-0.148699
Pseudodiploria201021,0.1117378
Pseudodiploria201022,-0.1736513
Pseudodiploria201025,-0.3510502
Pseudodiploria201026,1.105175
Pseudodiploria201027,1.182397
Pseudodiploria201030,0.9408217
Pseudodiploria201032,1.20135
Pseudodiploria201033,-1.194985
Pseudodiploria201034,0.07051709
Pseudodiploria201037,0.1848305
Pseudodiploria201038,-0.4391474
Pseudodiploria201042,-0.592747
Pseudodiploria201043,0.8069464
Pseudodiploria201044,-0.115929
Pseudodiploria201045,-0.4731678
Pseudodiploria201046,-0.2420039
Pseudodiploria201047,0.4270511
Pseudodiploria201049,0.05406054
Pseudodiploria201052,0.1278043
Pseudodiploria201053,0.6557554
Pseudodiploria201054,0.07045391
Pseudodiploria201055,0.8969015
Pseudodiploria201058,0.6056099
Pseudodiploria201059,0.7309053
Pseudodiploria201060,0.2438145
Pseudodiploria201061,-0.04534163
Pseudodiploria201062,-0.244329
Pseudodiploria201063,-0.07673505
Pseudodiploria201066,0.8426412
Pseudodiploria201067,0.8545396
Pseudodiploria201069,0.2771636
Pseudodiploria201072,-0.06793649
Pseudodiploria201073,-0.02228443
Pseudodiploria201077,-0.2550923
Pseudodiploria201079,-0.2581386
Pseudodiploria201080,0.6541261
Pseudodiploria201081,0.3594991
Pseudodiploria201084,0.6355442
Pseudodiploria201085,-0.07820402
Pseudodiploria201086,-0.01560461
Pseudodiploria201088,0.05315538
Pseudodiploria201089,0.3800659
Pseudodiploria201091,-0.299259
Pseudodiploria201092,0.1803808
Pseudodiploria201093,0.01505812
Pseudodiploria201096,-0.2220661
Pseudodiploria201099,1.29063
Pseudodiploria201100,-0.127369
Pseudodiploria201101,-0.3048582
Pseudodiploria201102,0.1808557
Pseudodiploria201103,0.7528875
Pseudodiploria201104,-0.09653788
Pseudodiploria201105,-0.07574265
Pseudodiploria201107,-0.395578
Pseudodiploria201108,0.4905952
Pseudodiploria201109,-0.09042056
Pseudodiploria201110,-0.274937
Pseudodiploria201111,0.286093
Pseudodiploria201113,-0.03108944
Pseudodiploria201114,0.3117599
Pseudodiploria201115,-0.3199236
Pseudodiploria201116,0.1468159
Pseudodiploria201117,-0.6580336
Pseudodiploria201118,0.277664
Pseudodiploria201119,-0.1907484
Pseudodiploria201120,0.05253564
Pseudodiploria201121,0.05306609
Pseudodiploria201122,0.2103975
Pseudodiploria201123,0.5786524
Pseudodiploria201124,0.1387985
Pseudodiploria201125,1.20722
Pseudodiploria201126,-0.1778816
Pseudodiploria201127,0.01229429
Pseudodiploria201128,0.2729945
Pseudodiploria201129,-0.2047487
Pseudodiploria201131,0.3109033
Pseudodiploria201132,0.2029532
Pseudodiploria201134,0.1640872
Pseudodiploria201135,-0.004032457
Pseudodiploria201136,0.7124519
Pseudodiploria201137,-0.1167287
Pseudodiploria201138,0.3262347
Pseudodiploria201140,0.1947844
Pseudodiploria201141,0.7719192
Pseudodiploria201142,-0.05037161
Pseudodiploria201143,0.1690298
Pseudodiploria201144,0.2781774
Pseudodiploria201145,-0.05936739
Pseudodiploria201147,0.4499748
Pseudodiploria201148,-0.9442347
Pseudodiploria201149,-0.02623586
Pseudodiploria201150,-0.1425238
Pseudodiploria201151,-0.3004942
Pseudodiploria201152,0.3321916
Pseudodiploria201156,0.09585015
Pseudodiploria201157,-1.184635
Pseudodiploria201158,0.1373462
Pseudodiploria201159,0.3862828
Pseudodiploria201160,-0.3234419
Pseudodiploria201161,0.5960109
Pseudodiploria201162,0.1135247
Pseudodiploria201163,1.328119
Pseudodiploria201165,-0.1278338
Pseudodiploria201166,-0.09656629
Pseudodiploria201168,0.2560904
Pseudodiploria201169,0.3121993
Pseudodiploria201171,-0.1720637
Pseudodiploria201172,0.09635857
Pseudodiploria201173,0.2698603
Pseudodiploria201174,0.2299681
Pseudodiploria201175,0.2064958
Pseudodiploria201176,0.01021416
Pseudodiploria201178,-0.171235
Pseudodiploria201180,-0.2883096
Pseudodiploria201181,-0.1161724
Pseudodiploria201182,0.5654671
Pseudodiploria201183,0.2291949
Pseudodiploria201184,1.131056
Pseudodiploria201186,0.2979829
Pseudodiploria201187,0.7883573
Pseudodiploria201188,-0.3324052
Pseudodiploria201190,0.2036422
Pseudodiploria201191,-0.2770052
Pseudodiploria201192,0.6012715
Pseudodiploria201193,0.2194486
Pseudodiploria201194,-0.159588
Pseudodiploria201195,0.02037862
Pseudodiploria201197,-0.6915692
Pseudodiploria201198,0.2793262
Pseudodiploria201199,-0.1818245
Pseudodiploria201200,-0.06134863
Pseudodiploria201202,0.1123598
Pseudodiploria201203,-0.5463205
Pseudodiploria201204,0.08149776
Pseudodiploria201205,-0.04407657
Pseudodiploria201206,0.01423356
Pseudodiploria201207,-0.02882194
Pseudodiploria201208,0.0253726
Pseudodiploria201210,-0.02048805
Pseudodiploria201212,-0.2360559
Pseudodiploria201214,0.09786788
Pseudodiploria201216,-0.2365889
Pseudodiploria201218,0.04374311
Pseudodiploria201219,0.03916803
Pseudodiploria201220,-0.3288227
Pseudodiploria201221,0.007737215
Pseudodiploria201225,0.02648941
Pseudodiploria201226,0.05358858
Pseudodiploria201229,-0.1892188
Pseudodiploria201230,-0.2220354
Pseudodiploria201231,-0.01966442
Pseudodiploria201232,0.4637447
Pseudodiploria201233,0.06459047
Pseudodiploria201234,-0.02598647
Pseudodiploria201235,-0.02481249
Pseudodiploria201236,-0.26999
Pseudodiploria201237,0.4193964
Pseudodiploria201238,-0.0410129
Pseudodiploria201240,-0.2415374
Pseudodiploria201241,0.02845851
Pseudodiploria201242,0.0133348
Pseudodiploria201243,0.587901
Pseudodiploria201244,0.2498112
Pseudodiploria201245,-0.1063427
Pseudodiploria201249,0.09582142
Pseudodiploria201250,0.04712692
Pseudodiploria201252,-0.1795149
Pseudodiploria201254,-0.008984793
Pseudodiploria201255,0.05993806
Pseudodiploria201256,-0.5310319
Pseudodiploria201257,0.1262035
Pseudodiploria201258,0.3779581
Pseudodiploria201260,-0.2585973
Pseudodiploria201261,0.04279239
Pseudodiploria201262,-0.106172
Pseudodiploria201263,0.07249226
Pseudodiploria201264,-0.4694846
Pseudodiploria201265,0.06606199
Pseudodiploria201269,1.482536
Pseudodiploria201272,-0.06965006
Pseudodiploria201273,0.4021167
Pseudodiploria201274,1.077838
Pseudodiploria201276,0.04589054
Pseudodiploria201277,0.156753
Pseudodiploria201278,0.3760673
Pseudodiploria201279,0.0387678
Pseudodiploria201282,0.3130142
Pseudodiploria201283,-0.04938966
Pseudodiploria201284,0.08520218
Pseudodiploria201287,-0.2309734
Pseudodiploria201289,0.09525348
Pseudodiploria201291,0.7260476
Pseudodiploria201295,-0.1132977
Pseudodiploria201296,-0.3134061
Pseudodiploria201297,0.06599898
Pseudodiploria201298,0.1561727
Pseudodiploria201299,-0.07950718
Pseudodiploria201300,0.05916497
Pseudodiploria201301,0.3678866
Pseudodiploria201302,-0.09997187
Pseudodiploria201303,0.9936264
Pseudodiploria201304,0.4369248
Pseudodiploria201305,-0.01309578
Pseudodiploria201306,-0.2167605
Pseudodiploria201308,0.3736242
Pseudodiploria201310,-0.2954266
Pseudodiploria201311,0.2828029
Pseudodiploria201313,0.3089436
Pseudodiploria201314,0.667184
Pseudodiploria201316,0.1719466
Pseudodiploria201317,-0.1511634
Pseudodiploria201318,-0.02125821
Pseudodiploria201319,-0.2902005
Pseudodiploria201320,0.4165118
Pseudodiploria201321,0.1681751
Pseudodiploria201324,-0.009185942
Pseudodiploria201326,-0.1631782
Pseudodiploria201328,-0.131904
Pseudodiploria201329,0.08688679
Pseudodiploria201330,0.02667246
Pseudodiploria201334,-0.2693995
Pseudodiploria201339,0.29564
Pseudodiploria201341,-0.7250029
Pseudodiploria201342,0.372088
Pseudodiploria201343,-1.096305
Pseudodiploria201344,0.2804444
Pseudodiploria201347,0.07528481
Pseudodiploria201348,0.3729691
Pseudodiploria201349,0.1546941
Pseudodiploria201351,0.08734872
Pseudodiploria201352,0.4279285
Pseudodiploria201355,-0.1647354
Pseudodiploria201357,-0.1867195
Pseudodiploria201360,-0.3483291
Pseudodiploria201362,0.3333827
Pseudodiploria201363,0.274837
Pseudodiploria201364,0.2728548
Pseudodiploria201365,0.1814647
Pseudodiploria201366,0.1878489
Pseudodiploria201367,0.2601821
Pseudodiploria201368,-0.1949453
Pseudodiploria201369,0.3623625
Pseudodiploria201370,0.1610947
Pseudodiploria201371,0.3514627
Pseudodiploria201373,-0.1816667
Pseudodiploria201374,-0.3547547
Pseudodiploria201375,0.385024
Pseudodiploria201377,-0.09540107
Pseudodiploria201379,-0.006963792
Pseudodiploria201380,0.2413243
Pseudodiploria201381,0.2756792
Pseudodiploria201382,0.3938751
Pseudodiploria201383,-0.5423452
Pseudodiploria201384,-0.7872361
Pseudodiploria201386,0.06745143
Pseudodiploria201387,-0.3771946
Pseudodiploria201388,-0.6853242
Pseudodiploria201390,0.09817557
Pseudodiploria201395,0.3694388
Pseudodiploria201399,-0.184882
Pseudodiploria201400,0.4066336
Pseudodiploria201403,-0.0310735
Pseudodiploria201406,-0.04620579
Pseudodiploria201407,-0.4346425
Pseudodiploria201409,-0.4305483
Pseudodiploria201410,0.5305143
Pseudodiploria201411,-0.02684973
Pseudodiploria201412,-0.01071884
Pseudodiploria201413,0.1093467
Pseudodiploria201414,0.02726018
Pseudodiploria201417,0.4446554
Pseudodiploria201418,0.07001054
Pseudodiploria201419,0.3406049
Pseudodiploria201420,-0.2300856
Pseudodiploria201421,-0.1328092
Pseudodiploria201422,-0.07567199
Pseudodiploria201423,-0.9302728
Pseudodiploria201424,0.2083386
Pseudodiploria201425,0.01698745
Pseudodiploria201427,-0.1139847
Pseudodiploria201429,0.3133766
Pseudodiploria201432,-0.52967
Pseudodiploria201433,0.01156555
Pseudodiploria201434,0.2155896
Pseudodiploria201435,0.5084255
Pseudodiploria201436,0.9180524
Pseudodiploria201437,-1.363778
Pseudodiploria201440,0.07785351
Pseudodiploria201441,0.433737
Pseudodiploria201442,-0.0627537
Pseudodiploria201443,-0.09090591
Pseudodiploria201444,-0.1070163
Pseudodiploria201448,-0.02715982
Pseudodiploria201449,0.4536916
Pseudodiploria201450,-0.1610792
Pseudodiploria201451,0.6779622
Pseudodiploria201453,0.1875255
Pseudodiploria201454,0.5348765
Pseudodiploria201455,0.08862094
Pseudodiploria201456,0.5357812
Pseudodiploria201457,0.0002831172
Pseudodiploria201458,-0.1851088
Pseudodiploria201459,-0.5557084
Pseudodiploria201462,-0.07646924
Pseudodiploria201463,0.04007441
Pseudodiploria201464,-0.7121423
Pseudodiploria201466,0.1429615
Pseudodiploria201470,-0.05873178
Pseudodiploria201472,-0.01857408
Pseudodiploria201473,-0.003991418
Pseudodiploria201474,0.5186355
Pseudodiploria201475,-0.05349431
Pseudodiploria201477,0.04332745
Pseudodiploria201479,0.04316383
Pseudodiploria201480,-0.5347396
Pseudodiploria201481,0.5157465
Pseudodiploria201483,0.3679762
Pseudodiploria201484,0.07744621
Pseudodiploria201485,0.3005904
Pseudodiploria201487,-0.1831811
Pseudodiploria201488,0.1840272
Pseudodiploria201491,-0.1655787
Pseudodiploria201492,-0.01412938
Pseudodiploria201494,0.1616321
Pseudodiploria201495,0.4674823
Pseudodiploria201500,0.2704371
Pseudodiploria201501,0.3235247
Pseudodiploria201502,0.09187025
Pseudodiploria201503,-0.07564891
Pseudodiploria201504,0.5184197
Pseudodiploria201505,0.1094184
Pseudodiploria201506,-0.1164029
Pseudodiploria201507,-0.09496623
Pseudodiploria201508,-0.5534241
Pseudodiploria201509,0.1480961
Pseudodiploria201513,-0.4422694
Pseudodiploria201514,0.04044729
Pseudodiploria201515,-0.3496287
Pseudodiploria201516,0.5901001
Pseudodiploria201517,0.4388606
Pseudodiploria201520,0.3691508
Pseudodiploria201521,-0.04899576
Pseudodiploria201522,0.06089605
Pseudodiploria201523,-0.3107607
Pseudodiploria201524,-0.5065116
Pseudodiploria201525,-0.06012122
Pseudodiploria201526,0.4828775
Pseudodiploria201527,-0.1182842
Pseudodiploria201529,-0.2194405
Pseudodiploria201530,1.183329
Pseudodiploria201532,1.134806
Pseudodiploria201533,-1.143162
Pseudodiploria201534,0.09182404
Pseudodiploria201536,-0.2426176
Pseudodiploria201539,-0.09852533
Pseudodiploria201540,0.07457192
Pseudodiploria201542,0.3168265
Pseudodiploria201543,-0.6981829
Pseudodiploria201544,-0.05424813
Pseudodiploria201545,-0.270988
Pseudodiploria201547,-0.05956223
Pseudodiploria201548,0.09353731
Pseudodiploria201549,0.1850086
Pseudodiploria201551,-0.05641553
Pseudodiploria201552,0.6947176
Pseudodiploria201553,-0.07033921
Pseudodiploria201554,0.07368554
Pseudodiploria201555,0.3628494
Pseudodiploria201556,0.307448
Pseudodiploria201558,0.3377168
Pseudodiploria201559,0.005205613
Pseudodiploria201560,0.5558596
Pseudodiploria201562,-0.1730161
Pseudodiploria201563,0.138417
Pseudodiploria201564,-0.09440753
Pseudodiploria201565,0.4517243
Pseudodiploria201566,-0.5122822
Pseudodiploria201567,0.4019124
Pseudodiploria201569,0.5376781
Pseudodiploria201570,-0.2556583
Pseudodiploria201571,-0.05397793
Pseudodiploria201575,-0.4987972
Pseudodiploria201576,-0.2778901
Pseudodiploria201578,-0.125761
Pseudodiploria201580,-0.4169837
Pseudodiploria201581,-0.04124071
Pseudodiploria201582,-0.08773463
Pseudodiploria201583,0.1573095
Pseudodiploria201585,0.1883618
Pseudodiploria201586,0.04165276
Pseudodiploria201587,0.05665432
Pseudodiploria201588,0.1687734
Pseudodiploria201589,-0.2491671
Pseudodiploria201590,-0.3585339
Pseudodiploria201591,-0.110348
Pseudodiploria201592,-0.4267347
Pseudodiploria201593,-0.02072712
Pseudodiploria201594,0.8570188
Pseudodiploria201596,0.5469901
Pseudodiploria201598,0.05230156
Pseudodiploria201599,0.8315439
Pseudodiploria201601,-0.1881312
Pseudodiploria201602,-0.2239665
Pseudodiploria201603,0.2113341
Pseudodiploria201605,0.5113808
Pseudodiploria201607,0.6530643
Pseudodiploria201609,0.5433484
Pseudodiploria201612,-0.0097897
Pseudodiploria201613,-0.1834157
Pseudodiploria201614,0.1627435
Pseudodiploria201616,-0.4995869
Pseudodiploria201617,0.653466
Pseudodiploria201619,-0.0407667
Pseudodiploria201621,-0.7100899
Pseudodiploria201623,-0.5105649
Pseudodiploria201624,0.1609859
Pseudodiploria201625,-0.1324348
Pseudodiploria201626,0.1465251
Pseudodiploria201627,1.248906
Pseudodiploria201628,0.04765169
Pseudodiploria201629,0.1197899
Pseudodiploria201630,0.7752508
Pseudodiploria201631,0.3751465
Pseudodiploria201632,0.01871103
Pseudodiploria201635,-0.5424314
Pseudodiploria201636,-0.2730948
Pseudodiploria201639,-0.2523819
Pseudodiploria201640,0.2312688
Pseudodiploria201641,0.2492241
Pseudodiploria201642,-0.1047057
Pseudodiploria201643,0.2452724
Pseudodiploria201644,-0.03159722
Pseudodiploria201648,-0.01367315
Pseudodiploria201649,-0.6038154
Pseudodiploria201650,0.02216282
Pseudodiploria201652,0.1110069
Pseudodiploria201654,-0.08023506
Pseudodiploria201655,0.01573366
Pseudodiploria201658,0.8233342
Pseudodiploria201659,0.2174974
Pseudodiploria20166,0.5791704
Pseudodiploria201660,0.06626982
Pseudodiploria201662,-0.09075258
Pseudodiploria201663,1.419265
Pseudodiploria201664,0.2378934
Pseudodiploria201665,1.14682
Pseudodiploria201666,-0.08090069
Pseudodiploria201667,-0.7506234
Pseudodiploria201668,0.6309448
Pseudodiploria201670,-0.2999968
Pseudodiploria201673,-0.1718478
Pseudodiploria201674,0.2115301
Pseudodiploria201675,0.09738244
Pseudodiploria201676,0.1143125
Pseudodiploria201677,0.381981
Pseudodiploria201678,-0.6177616
Pseudodiploria201679,-0.4597797
Pseudodiploria201680,-0.2858136
Pseudodiploria201681,-0.02683423
Pseudodiploria201682,0.1103745
Pseudodiploria201684,0.269303
Pseudodiploria201685,-0.03274072
Pseudodiploria201686,0.1648191
Pseudodiploria201688,-0.1187493
Pseudodiploria201690,0.09546344
Pseudodiploria201691,-0.1637929
Pseudodiploria201692,-0.1934599
Pseudodiploria201693,-0.1189187
Pseudodiploria201694,-0.0325314
Pseudodiploria201695,0.09358177
Pseudodiploria201696,-0.3287034
Pseudodiploria201698,0.2610584
Pseudodiploria201699,0.3243085
Pseudodiploria201700,0.01327063
Pseudodiploria201701,-0.4837992
Pseudodiploria201703,0.09987617
Pseudodiploria201705,0.01588003
Pseudodiploria201706,-1.028164
Pseudodiploria201707,0.2412283
Pseudodiploria201708,0.04371495
Pseudodiploria201709,-0.09634278
Pseudodiploria201710,0.900165
Pseudodiploria201711,-0.3621634
Pseudodiploria201712,0.7146436
Pseudodiploria201713,-0.2536756
Pseudodiploria201714,-0.3190236
Pseudodiploria201715,0.5596736
Pseudodiploria201716,0.3865073
Pseudodiploria201718,-0.3182872
Pseudodiploria201719,0.009387856
Pseudodiploria201722,-0.4702557
Pseudodiploria201723,-0.3694242
Pseudodiploria201724,-0.4404969
Pseudodiploria201725,-0.397341
Pseudodiploria201726,0.6526792
Pseudodiploria201727,-0.1209773
Pseudodiploria201728,0.1098379
Pseudodiploria201729,-0.2836026
Pseudodiploria201730,0.6078393
Pseudodiploria201731,0.3259019
Pseudodiploria201732,-0.1601167
Pseudodiploria201735,-0.4013423
Pseudodiploria201736,0.03301196
Pseudodiploria201737,0.7558354
Pseudodiploria201739,0.4176134
Pseudodiploria201740,0.05907147
Pseudodiploria201742,0.09190798
Pseudodiploria201745,0.4213972
Pseudodiploria201746,-0.4071542
Pseudodiploria201747,1.354092
Pseudodiploria201748,0.2930771
Pseudodiploria201749,-0.3572324
Pseudodiploria201750,0.06819756
Pseudodiploria201751,0.991267
Pseudodiploria201752,-0.3990665
Pseudodiploria201753,-0.3110561
Pseudodiploria201754,0.5151267
Pseudodiploria201755,-0.02608396
Pseudodiploria201757,-0.1958764
Pseudodiploria201758,-0.2268462
Pseudodiploria201759,-0.1010451
Pseudodiploria201760,-0.5625648
Pseudodiploria201763,-0.1124708
Pseudodiploria201764,-0.102652
Pseudodiploria201766,-0.3921155
Pseudodiploria201768,0.2174834
Pseudodiploria201770,0.5548266
Pseudodiploria201771,0.1994648
Pseudodiploria201772,0.2272587
Pseudodiploria201773,0.1112109
Pseudodiploria201775,0.5136012
Pseudodiploria201776,0.9576655
Pseudodiploria201780,-0.4430883
Pseudodiploria201782,-0.4699927
Pseudodiploria201783,-0.05898555
Pseudodiploria201784,0.2442069
Pseudodiploria201786,0.4414325
Pseudodiploria201789,-0.3277191
Pseudodiploria201790,0.6626268
Pseudodiploria201791,-0.08350817
Pseudodiploria201793,0.5713526
Pseudodiploria201794,0.07379266
Pseudodiploria201795,0.1171534
Pseudodiploria201796,-0.1256333
Pseudodiploria201799,0.3280243
Pseudodiploria201802,-0.3668398
Pseudodiploria201805,0.07811284
Pseudodiploria201806,-0.2048681
Pseudodiploria201807,-0.8792404
Pseudodiploria201808,1.171062
Pseudodiploria201809,0.5074178
Pseudodiploria201810,0.7944846
Pseudodiploria201811,-0.2390477
Pseudodiploria201812,0.4448652
Pseudodiploria201813,-0.4637755
Pseudodiploria201814,-0.1188959
Pseudodiploria201815,0.3655388
Pseudodiploria201816,0.3540415
Pseudodiploria201817,0.2042867
Pseudodiploria201818,-0.3276718
Pseudodiploria201820,-0.4135408
Pseudodiploria201821,-0.2417793
Pseudodiploria201822,-0.4190537
Pseudodiploria201823,0.02180269
Pseudodiploria201825,-0.0607673
Pseudodiploria201826,-0.2724025
Pseudodiploria201829,-1.233879
Pseudodiploria201830,0.07574959
Pseudodiploria201831,0.7811515
Pseudodiploria201832,1.067921
Pseudodiploria201835,-0.1972885
Pseudodiploria201837,0.2225767
Pseudodiploria201838,0.6789162
Pseudodiploria201839,0.2801401
Pseudodiploria201840,-0.6487222
Pseudodiploria201841,0.5791988
Pseudodiploria201842,0.1759732
Pseudodiploria201843,0.4666282
Pseudodiploria201846,-0.01517502
Pseudodiploria201848,0.4822238
Pseudodiploria201849,0.1800488
Pseudodiploria201851,-0.8717845
Pseudodiploria201853,0.08426112
Pseudodiploria201854,-0.2151895
Pseudodiploria201858,-0.5845973
Pseudodiploria201859,-0.07885095
Pseudodiploria201860,-0.211322
Pseudodiploria201861,-0.09025889
Pseudodiploria201862,-0.1920001
Pseudodiploria201864,0.2631338
Pseudodiploria201865,0.05839547
Pseudodiploria201867,-0.2835849
Pseudodiploria201868,-0.09075894
Pseudodiploria201871,0.5074084
Pseudodiploria201872,-0.04029454
Pseudodiploria201873,-0.04123829
Pseudodiploria201875,-0.1691039
Pseudodiploria201876,0.3331827
Pseudodiploria201878,-0.2101647
Pseudodiploria201879,-0.3775273
Pseudodiploria201880,0.07989761
Pseudodiploria201882,-0.1464259
Pseudodiploria201886,-0.1596183
Pseudodiploria201888,0.6843093
Pseudodiploria201889,-0.184238
Pseudodiploria201890,0.2522512
Pseudodiploria201891,0.2379332
Pseudodiploria201892,-0.03260289
Pseudodiploria201893,-0.9415896
Pseudodiploria201894,0.005012222
Pseudodiploria201895,0.140633
Pseudodiploria201896,0.05565272
Pseudodiploria201898,-0.05240483
Pseudodiploria201900,-0.1677492
Pseudodiploria201901,0.369695
Pseudodiploria201906,-0.1847467
Pseudodiploria201908,-1.167786
Pseudodiploria201909,-0.2272174
Pseudodiploria201912,0.1630576
Pseudodiploria201913,-0.2554021
Pseudodiploria201915,0.01611889
Pseudodiploria201916,0.0647378
Pseudodiploria201917,0.5392646
Pseudodiploria201918,-0.2553252
Pseudodiploria201919,0.2525199
Pseudodiploria201920,0.1389516
Pseudodiploria201922,-0.02428719
Pseudodiploria201923,-0.08260613
Pseudodiploria201924,-0.0343878
Pseudodiploria201926,0.09498561
Pseudodiploria201927,0.1292262
Pseudodiploria201928,-0.03805664
Pseudodiploria201929,-0.2497331
Pseudodiploria201930,0.007607576
Pseudodiploria201933,1.301695
Pseudodiploria201934,-0.27826
Pseudodiploria201936,-0.2096802
Pseudodiploria201939,-0.06070542
Pseudodiploria201942,0.1164347
Pseudodiploria201943,0.08877704
Pseudodiploria201944,0.2887612
Pseudodiploria201945,0.3491222
Pseudodiploria201946,-0.1232588
Pseudodiploria201948,1.137396
Pseudodiploria201950,-0.06675988
Pseudodiploria201951,-0.3490271
Pseudodiploria201953,-0.1596529
Pseudodiploria201955,-0.9850811
Pseudodiploria201956,0.188375
Pseudodiploria201957,0.1392175
Pseudodiploria201960,0.06023731
Pseudodiploria201961,0.3846388
Pseudodiploria201962,0.6092626
Pseudodiploria201964,-0.1642977
Pseudodiploria201966,0.2412041
Pseudodiploria201967,1.219465
Pseudodiploria201968,-0.5732399
Pseudodiploria201969,0.4569443
Pseudodiploria201970,-0.07886801
Pseudodiploria201971,-0.1047781
Pseudodiploria201972,0.1835824
Pseudodiploria201973,0.4493878
Pseudodiploria201974,0.1148169
Pseudodiploria201975,-0.3280519
Pseudodiploria201976,-0.1016447
Pseudodiploria201977,0.05993636
Pseudodiploria201979,0.5763548
Pseudodiploria201980,-0.5644383
Pseudodiploria201981,0.2924019
Pseudodiploria201982,-0.3950576
Pseudodiploria201983,0.1414482
Pseudodiploria201984,0.2667934
Pseudodiploria201986,-0.5349097
Pseudodiploria201987,0.7898445
Pseudodiploria201988,-0.1349431
Pseudodiploria201989,-0.3810083
Pseudodiploria201992,0.2578964
Pseudodiploria201993,-0.02140705
Pseudodiploria201995,-0.9586454
Pseudodiploria201996,0.05060258
Pseudodiploria201997,-0.1458137
Pseudodiploria201998,0.122402
Pseudodiploria201999,0.4817189
Pseudodiploria202000,-0.4486506
Pseudodiploria202001,-0.620063
Pseudodiploria202003,-0.07998213
Pseudodiploria202005,-0.01823852
Pseudodiploria202006,0.3843476
Pseudodiploria202008,-0.2340914
Pseudodiploria202010,1.076738
Pseudodiploria202012,-0.528124
Pseudodiploria202013,-0.001719882
Pseudodiploria202014,0.5809013
Pseudodiploria202021,0.4537913
Pseudodiploria202022,-0.06166779
Pseudodiploria202024,-0.2098064
Pseudodiploria202025,-0.3721665
Pseudodiploria202029,0.614868
Pseudodiploria202030,-0.04435701
Pseudodiploria202031,0.1386003
Pseudodiploria202033,0.1135044
Pseudodiploria202034,0.0588377
Pseudodiploria202037,-0.2624114
Pseudodiploria202039,0.2610046
Pseudodiploria202040,-0.1574196
Pseudodiploria202041,-0.04903118
Pseudodiploria202045,-0.08017724
Pseudodiploria202047,-0.2163851
Pseudodiploria202051,0.4926189
Pseudodiploria202052,-0.01568222
Pseudodiploria202053,0.1857478
Pseudodiploria202054,-0.3431998
Pseudodiploria202056,0.2079235
Pseudodiploria202057,0.6647732
Pseudodiploria202059,0.05544882
Pseudodiploria202060,-0.05571499
Pseudodiploria202061,0.2139643
Pseudodiploria202062,-0.03921008
Pseudodiploria202063,0.1124725
Pseudodiploria202064,0.006826555
Pseudodiploria202065,-0.08129892
Pseudodiploria202068,-0.4021501
Pseudodiploria202069,0.6987843
Pseudodiploria202070,-0.5898423
Pseudodiploria202072,0.4559233
Pseudodiploria202073,-0.36746
Pseudodiploria202074,-0.2858246
Pseudodiploria202075,-0.02733455
Pseudodiploria202077,0.5124707
Pseudodiploria202078,0.002196559
Pseudodiploria202080,-0.2379618
Pseudodiploria202083,-0.329911
Pseudodiploria202084,0.06642174
Pseudodiploria202085,0.4819961
Pseudodiploria202086,-0.3242678
Pseudodiploria202087,0.02442562
Pseudodiploria202088,-0.09439394
Pseudodiploria202091,0.1996616
Pseudodiploria202092,-0.4393918
Pseudodiploria202093,0.4004609
Pseudodiploria202095,-0.7635082
Pseudodiploria202098,0.3919159
Pseudodiploria202099,0.323693
Pseudodiploria202100,-0.02371039
Pseudodiploria202101,-0.5686959
Pseudodiploria202105,-0.4644215
Pseudodiploria202106,0.189555
Pseudodiploria202107,-1.676741
Pseudodiploria202108,0.005240318
Pseudodiploria202109,0.1710279
Pseudodiploria202111,0.0928684
Pseudodiploria202113,-0.04577622
Pseudodiploria202115,-0.1625087
Pseudodiploria202116,-0.3785036
Pseudodiploria202117,0.4262698
Pseudodiploria202118,-0.4627163
Pseudodiploria202120,0.0212072
Pseudodiploria202121,0.1542234
Pseudodiploria202124,-0.2436647
Pseudodiploria202125,0.3600907
Pseudodiploria202126,0.3479863
Pseudodiploria202127,-0.05725527
Pseudodiploria202128,-0.1558383
Pseudodiploria202129,-0.1489304
Pseudodiploria202130,0.6745751
Pseudodiploria202133,-0.7721197
Pseudodiploria202135,-0.07618698
Pseudodiploria202137,0.5966633
Pseudodiploria202138,0.2389501
Pseudodiploria202139,0.2724771
Pseudodiploria202140,-0.05398228
Pseudodiploria202142,0.431311
Pseudodiploria202143,0.4684429
Pseudodiploria202144,-0.1282513
Pseudodiploria202146,0.2425349
Pseudodiploria202147,0.3804769
Pseudodiploria202148,0.256501
Pseudodiploria202149,-0.4705765
Pseudodiploria202150,0.3415198
Pseudodiploria202151,0.2353576
Pseudodiploria202152,-0.08224972
Pseudodiploria202153,0.602235
Pseudodiploria202154,-0.4914579
Pseudodiploria202155,0.06860495
Pseudodiploria202156,-0.3333756
Pseudodiploria202159,-0.04157869
Pseudodiploria202160,-0.699665
Pseudodiploria202161,0.008164872
Pseudodiploria202162,-0.2485297
Pseudodiploria202163,1.050072
Pseudodiploria202164,0.1994424
Pseudodiploria202166,-0.3111522
Pseudodiploria202168,-1.842541
Pseudodiploria202169,-0.00194712
Pseudodiploria202171,0.190609
Pseudodiploria202173,-0.2683116
Pseudodiploria202176,0.1975756
Pseudodiploria202177,-0.2702981
Pseudodiploria202178,-0.6768056
Pseudodiploria202180,0.08029359
Pseudodiploria202182,0.2950008
Pseudodiploria202183,0.03142461
Pseudodiploria202185,0.9894885
Pseudodiploria202186,0.5147582
Pseudodiploria202187,0.4358891
Pseudodiploria202188,-0.06417379
Pseudodiploria202189,0.2065963
Pseudodiploria202190,-0.04086159
Pseudodiploria202191,0.2163768
Pseudodiploria202192,0.250768
Pseudodiploria202193,0.315957
Pseudodiploria202194,0.03906565
Pseudodiploria202195,0.7017907
Pseudodiploria202196,-0.362411
Pseudodiploria202197,0.5360766
Pseudodiploria202198,-0.1716595
Pseudodiploria202200,-0.8474763
Pseudodiploria202201,-0.007219341
Pseudodiploria202202,-0.09075538
Pseudodiploria202203,0.1966836
Pseudodiploria202204,0.05083541
Pseudodiploria202206,-0.04649631
Pseudodiploria202207,0.1121394
Pseudodiploria202208,-0.1482176
Pseudodiploria202209,-0.07555055
Pseudodiploria202211,0.1999278
Pseudodiploria202212,0.1485298
Pseudodiploria202213,-0.2179297
Pseudodiploria202214,-0.2293252
Pseudodiploria202215,0.2784995
Pseudodiploria202216,0.05594833
Pseudodiploria202218,-0.1605625
Pseudodiploria202219,0.2986932
Pseudodiploria202220,0.120487
Pseudodiploria202221,0.1275062
Pseudodiploria202222,0.3014345
Pseudodiploria202223,-0.2098016
Pseudodiploria202224,0.01851792
Pseudodiploria202225,0.8303979
Pseudodiploria202226,-0.1112428
Pseudodiploria202227,0.1132901
Pseudodiploria202228,0.1134063
Pseudodiploria202229,-0.3592508
Pseudodiploria202230,-0.0959708
Pseudodiploria202231,-0.1141436
Pseudodiploria202232,0.1829825
Pseudodiploria202233,-0.1626434
Pseudodiploria202234,-0.1816711
Pseudodiploria202235,0.6116717
Pseudodiploria202236,-0.01255346
Pseudodiploria202237,0.2001966
Pseudodiploria202238,0.1076363
Pseudodiploria202239,0.2724022
Pseudodiploria202240,-0.7469668
Pseudodiploria202241,-0.06461109
Pseudodiploria202242,-0.09181023
Pseudodiploria202243,-0.01873192
Pseudodiploria202244,0.8713045
Pseudodiploria202245,0.3831222
Pseudodiploria202246,0.05717388
Pseudodiploria202247,0.3144947
Pseudodiploria202248,-0.002694359
Pseudodiploria202249,0.2802715
Pseudodiploria202250,-0.8615525
Pseudodiploria202252,-0.4601985
Pseudodiploria202253,-0.1401012
Pseudodiploria202255,-0.2224583
Pseudodiploria202256,0.1498081
Pseudodiploria202257,-0.185987
Pseudodiploria202259,0.8435771
Pseudodiploria202263,-1.22214
Pseudodiploria202264,-1.065937
Pseudodiploria202266,-0.1984473
Pseudodiploria202268,0.2274918
Pseudodiploria202269,0.2479346
Pseudodiploria202271,0.5817104
Pseudodiploria202272,0.03829447
Pseudodiploria202273,0.4131828
Pseudodiploria202274,0.524138
Pseudodiploria202277,0.9131173
Pseudodiploria202278,0.3477364
Pseudodiploria202279,-0.2577962
Pseudodiploria202280,0.03013784
Pseudodiploria202281,-0.1564895
Pseudodiploria202282,0.3154742
Pseudodiploria202284,0.206922
Pseudodiploria202285,0.4225613
Pseudodiploria202286,-0.01072602
Pseudodiploria202287,0.4627919
Pseudodiploria202288,0.1651037
Pseudodiploria202289,0.3030723
Pseudodiploria202290,-0.0431809
Pseudodiploria202291,0.2859804
Pseudodiploria202292,-1.112146
Pseudodiploria202293,-0.1433953
Pseudodiploria202295,-0.4982369
Pseudodiploria202296,-0.2291266
Pseudodiploria202298,0.3254675
Pseudodiploria202299,-0.179664
Pseudodiploria202300,-0.4160604
Pseudodiploria202302,0.08775813
Pseudodiploria202303,0.3614942
Pseudodiploria202304,0.0831954
Pseudodiploria202306,0.2384882
Pseudodiploria202307,0.3689485
Pseudodiploria202308,0.3854587
Pseudodiploria202309,-0.2867933
Pseudodiploria202310,-0.02519173
Pseudodiploria202311,0.1189604
Pseudodiploria202313,0.5510003
Pseudodiploria202314,-0.5665371
Pseudodiploria202315,0.02017913
Pseudodiploria202319,-0.8407291
Pseudodiploria202320,0.4332896
Pseudodiploria202322,-0.2960705
Pseudodiploria202323,0.2262613
Pseudodiploria202324,0.4142141
Pseudodiploria202326,-1.213049
Pseudodiploria202328,0.06513756
Pseudodiploria202329,0.2339558
Pseudodiploria202331,0.3862057
Pseudodiploria202332,0.08601744
Pseudodiploria202333,0.4726022
Pseudodiploria202334,0.5067173
Pseudodiploria202335,-0.05027468
Pseudodiploria202336,0.04023399
Pseudodiploria202338,0.2484355
Pseudodiploria202339,-0.3429712
Pseudodiploria202340,-1.232862
Pseudodiploria202342,0.05032087
Pseudodiploria202343,0.8525007
Pseudodiploria202344,0.003034541
Pseudodiploria202345,-0.01851584
Pseudodiploria202346,0.1230537
Pseudodiploria202347,0.1705798
Pseudodiploria202348,-0.6005137
Pseudodiploria202349,-1.246212
Pseudodiploria202350,0.3159882
Pseudodiploria202351,-0.3270618
Pseudodiploria202354,0.06451533
Pseudodiploria202355,0.4443701
Pseudodiploria202359,-0.2813391
Pseudodiploria202360,-0.1491192
Pseudodiploria202361,-1.586532
Pseudodiploria202363,0.2501819
Pseudodiploria202364,0.4710395
Pseudodiploria202367,-0.0954044
Pseudodiploria202368,-0.6576388
Pseudodiploria202369,-0.2474479
Pseudodiploria202370,-0.1955967
Pseudodiploria202371,-0.2253158
Pseudodiploria202372,-0.7059781
Pseudodiploria202373,0.143723
Pseudodiploria202374,0.2284559
Pseudodiploria202375,0.3689658
Pseudodiploria202376,-0.1706344
Pseudodiploria202377,0.4962022
Pseudodiploria202378,0.1833336
Pseudodiploria202379,0.1443997
Pseudodiploria202380,0.6953474
Pseudodiploria202381,-0.8649977
Pseudodiploria202382,0.1744387
Pseudodiploria202383,-0.01544207
Pseudodiploria202384,0.3264715
Pseudodiploria202385,-0.4213105
Pseudodiploria202386,-0.2717313
Pseudodiploria202387,-0.002460385
Pseudodiploria202388,0.02349134
Pseudodiploria202389,-0.2305358
Pseudodiploria202390,0.1499791
Pseudodiploria202392,-1.154718
Pseudodiploria202393,0.1547272
Pseudodiploria202394,0.6607444
Pseudodiploria202395,0.6604102
Pseudodiploria202396,-0.122926
Pseudodiploria202397,-0.1511065
Pseudodiploria202399,0.3676447
Pseudodiploria202400,-0.1397753
Pseudodiploria202402,-0.5348681
Pseudodiploria202403,0.7062749
Pseudodiploria202404,-0.206913
Pseudodiploria202406,-1.519911
Pseudodiploria202407,-0.2127813
Pseudodiploria202408,-0.06402598
Pseudodiploria202411,0.2204035
Pseudodiploria202412,0.7658707
Pseudodiploria202416,0.2044003
Pseudodiploria202418,-0.1969819
Pseudodiploria202420,-0.1071803
Pseudodiploria202422,0.09314611
Pseudodiploria202423,0.1489989
Pseudodiploria202424,0.3606626
Pseudodiploria202425,-0.328906
Pseudodiploria202426,0.8822274
Pseudodiploria202428,-0.04892323
Pseudodiploria202429,0.2137362
Pseudodiploria202430,0.2298137
Pseudodiploria202431,0.2069533
Pseudodiploria202434,-0.12856
Pseudodiploria202435,-0.6848925
Pseudodiploria202437,-0.002954434
Pseudodiploria202439,0.6364728
Pseudodiploria202441,0.4988528
Pseudodiploria202443,-0.2811149
Pseudodiploria202445,-0.2737851
Pseudodiploria202447,0.5070139
Pseudodiploria202448,0.1258703
Pseudodiploria202449,0.6247627
Pseudodiploria202450,0.2478054
Pseudodiploria202452,0.1591627
Pseudodiploria202456,-0.4677108
Pseudodiploria202457,0.7023895
Pseudodiploria202458,-0.5255868
Pseudodiploria202459,-0.6757577
Pseudodiploria202460,-0.757518
Pseudodiploria202461,-0.09769828
Pseudodiploria202462,-0.2061891
Pseudodiploria202463,-0.2463959
Pseudodiploria202464,-0.278177
Pseudodiploria202465,0.5526596
Pseudodiploria202466,0.02473443
Pseudodiploria202467,0.2747382
Pseudodiploria202468,0.5424645
Pseudodiploria202470,-0.1097038
Pseudodiploria202471,-0.1445149
Pseudodiploria202473,0.2019456
Pseudodiploria202474,-0.2224284
Pseudodiploria202475,-0.2460089
Pseudodiploria202478,0.02173083
Pseudodiploria202479,0.3571457
Pseudodiploria202480,-0.1438114
Pseudodiploria202481,-0.2477331
Pseudodiploria202485,-0.7204663
Pseudodiploria202486,0.5482593
Pseudodiploria202487,0.1459091
Pseudodiploria202488,-0.3150349
Pseudodiploria202489,-0.03440436
Pseudodiploria202491,0.110806
Pseudodiploria202492,1.091961
Pseudodiploria202495,0.004408392
Pseudodiploria202496,-0.322316
Pseudodiploria202497,0.1110458
Pseudodiploria202498,0.670454
Pseudodiploria202500,0.1508958
Pseudodiploria202502,0.2038315
Pseudodiploria202504,-0.2084833
Pseudodiploria202505,0.3606258
Pseudodiploria202506,0.6331114
Pseudodiploria202507,0.1019361
Pseudodiploria202508,0.208262
Pseudodiploria202509,0.2342564
Pseudodiploria202510,0.8175647
Pseudodiploria202512,0.5159252
Pseudodiploria202515,0.8832073
Pseudodiploria202516,-0.3823752
Pseudodiploria202518,0.5331629
Pseudodiploria202520,0.374693
Pseudodiploria202521,-0.3249764
Pseudodiploria202522,0.1340242
Pseudodiploria202523,0.4350189
Pseudodiploria202525,0.1210278
Pseudodiploria202526,-0.08406198
Pseudodiploria202529,-0.3106606
Pseudodiploria202530,0.05591446
Pseudodiploria202531,-0.1413926
Pseudodiploria202533,0.0005938155
Pseudodiploria202535,0.1614618
Pseudodiploria202536,0.3545259
Pseudodiploria202537,0.9165463
Pseudodiploria202538,-0.137765
Pseudodiploria202539,0.008194353
Pseudodiploria202540,0.6169396
Pseudodiploria202541,-0.2419835
Pseudodiploria202543,-0.1199361
Pseudodiploria202544,0.3511442
Pseudodiploria202545,0.1897231
Pseudodiploria202546,0.2759037
Pseudodiploria202547,-0.2298163
Pseudodiploria202548,-0.5381731
Pseudodiploria202549,0.258018
Pseudodiploria202550,0.06540208
Pseudodiploria202551,0.174055
Pseudodiploria202552,-0.2346377
Pseudodiploria202554,0.1605772
Pseudodiploria202556,0.1515464
Pseudodiploria202557,1.092595
Pseudodiploria202558,0.3868449
Pseudodiploria202559,-0.1334828
Pseudodiploria202560,0.1752866
Pseudodiploria202561,0.1252558
Pseudodiploria202562,0.1904006
Pseudodiploria202563,0.0329919
Pseudodiploria202564,0.9530652
Pseudodiploria202566,0.247701
Pseudodiploria202567,0.05440169
Pseudodiploria202568,1.007766
Pseudodiploria202569,-0.05308813
Pseudodiploria202570,-0.09605536
Pseudodiploria202571,-0.4633905
Pseudodiploria202572,-0.3454719
Pseudodiploria202573,-0.9667169
Pseudodiploria202574,0.01486479
Pseudodiploria202575,-0.06094126
Pseudodiploria202576,0.9464927
Pseudodiploria202577,0.2331411
Pseudodiploria202578,-0.02353781
Pseudodiploria202579,0.08387313
Pseudodiploria202580,-0.2865391
Pseudodiploria202581,-0.6546025
Pseudodiploria202582,1.37592
Pseudodiploria202583,-0.1478376
Pseudodiploria202584,0.2978231
Pseudodiploria202585,-0.1463102
Pseudodiploria202586,0.02033579
Pseudodiploria202588,0.06928869
Pseudodiploria202589,0.6810299
Pseudodiploria202590,-0.6346405
Pseudodiploria202591,-0.5809146
Pseudodiploria202592,-0.1147679
Pseudodiploria202594,-0.2666317
Pseudodiploria202597,-0.005275122
Pseudodiploria202598,0.2299663
Pseudodiploria202600,0.08201054
Pseudodiploria202601,-0.525292
Pseudodiploria202605,0.281496
Pseudodiploria202606,-0.3270205
Pseudodiploria202608,0.4433272
Pseudodiploria202610,0.0865554
Pseudodiploria202611,-0.4758571
Pseudodiploria202613,0.5273256
Pseudodiploria202614,0.1262319
Pseudodiploria202615,-0.06289927
Pseudodiploria202616,0.1771689
Pseudodiploria202617,-0.3087419
Pseudodiploria202618,0.3140243
Pseudodiploria202620,-0.3163444
Pseudodiploria202622,0.190631
Pseudodiploria202623,-0.3144431
Pseudodiploria202624,0.3668994
Pseudodiploria202625,0.1917277
Pseudodiploria202626,0.8091366
Pseudodiploria202628,0.1208348
Pseudodiploria202629,0.440859
Pseudodiploria202630,0.09640087
Pseudodiploria202631,-0.5269242
Pseudodiploria202633,-0.1598041
Pseudodiploria202636,0.07768259
Pseudodiploria202637,0.06352123
Pseudodiploria202638,0.2917863
Pseudodiploria202639,0.6287312
Pseudodiploria202641,-0.2175707
Pseudodiploria202642,0.1414402
Pseudodiploria202644,-0.3767236
Pseudodiploria202645,-0.274679
Pseudodiploria202646,-0.3151671
Pseudodiploria202648,-0.1256259
Pseudodiploria202649,-0.1202822
Pseudodiploria202650,-0.5700699
Pseudodiploria202651,0.3843656
Pseudodiploria202652,0.9189523
Pseudodiploria202653,-0.3015424
Pseudodiploria202654,-0.1388064
Pseudodiploria202656,-0.03416739
Pseudodiploria202658,-0.3370723
Pseudodiploria202659,-0.1362812
Pseudodiploria202661,-0.2022683
Pseudodiploria202662,-0.2394461
Pseudodiploria202663,-0.1864315
Pseudodiploria202664,-0.02331342
Pseudodiploria202665,-0.08345884
Pseudodiploria202666,1.003344
Pseudodiploria202667,0.05181032
Pseudodiploria202668,-0.005457925
Pseudodiploria202670,-0.2635217
Pseudodiploria202671,0.273926
Pseudodiploria202672,0.2348795
Pseudodiploria202673,-0.1272208
Pseudodiploria202674,0.206309
Pseudodiploria202675,0.1593676
Pseudodiploria202677,-0.2954102
Pseudodiploria202680,0.06369459
Pseudodiploria202682,0.08967855
Pseudodiploria202683,0.4505344
Pseudodiploria202684,0.2956637
Pseudodiploria202685,-0.07674999
Pseudodiploria202686,-0.2466825
Pseudodiploria202688,0.5217201
Pseudodiploria202689,0.470417
Pseudodiploria202690,-0.2529152
Pseudodiploria202692,0.4603953
Pseudodiploria202693,0.8062487
Pseudodiploria202694,-0.5279794
Pseudodiploria202695,1.077661
Pseudodiploria202696,-0.2555885
Pseudodiploria202697,-0.03054316
Pseudodiploria202698,-0.267916
Pseudodiploria202699,0.1633916
Pseudodiploria202700,0.3468102
Pseudodiploria202701,-0.2030332
Pseudodiploria202702,0.009592892
Pseudodiploria202704,-0.071003
Pseudodiploria202706,0.2336006
Pseudodiploria202707,0.1090475
Pseudodiploria202708,0.1098472
Pseudodiploria202710,0.1991261
Pseudodiploria202712,0.07932746
Pseudodiploria202713,-0.02092729
Pseudodiploria202714,0.4639735
Pseudodiploria202715,0.08620051
Pseudodiploria202716,0.3871559
Pseudodiploria202718,-0.3700806
Pseudodiploria202719,0.2693829
Pseudodiploria202720,0.3276806
Pseudodiploria202721,-0.2071852
Pseudodiploria202722,-0.2769864
Pseudodiploria202723,0.4926428
Pseudodiploria202724,0.639505
Pseudodiploria202725,-0.07497213
Pseudodiploria202726,-0.146994
Pseudodiploria202727,-0.01393387
Pseudodiploria202729,-0.8375279
Pseudodiploria202730,0.1350837
Pseudodiploria202731,0.3655565
Pseudodiploria202733,0.4832334
Pseudodiploria202734,-0.3607094
Pseudodiploria202735,0.0179101
Pseudodiploria202737,0.1651952
Pseudodiploria202738,0.2435278
Pseudodiploria202739,-0.07527177
Pseudodiploria202740,0.151887
Pseudodiploria202741,0.3866699
Pseudodiploria202742,0.6655421
Pseudodiploria202743,-0.559994
Pseudodiploria202744,0.8951729
Pseudodiploria202745,0.1678026
Pseudodiploria202747,-0.2618256
Pseudodiploria202748,-0.2219264
Pseudodiploria202749,0.5682243
Pseudodiploria202751,-1.148061
Pseudodiploria202752,-0.493373
Pseudodiploria202754,-0.1388934
Pseudodiploria202755,-0.02230437
Pseudodiploria202756,0.1499948
Pseudodiploria202757,0.5279013
Pseudodiploria202758,-0.1839877
Pseudodiploria202759,0.175142
Pseudodiploria202760,0.4493947
Pseudodiploria202762,-0.1048827
Pseudodiploria202763,0.9801257
Pseudodiploria202764,-0.01314888
Pseudodiploria202765,1.09042
Pseudodiploria202766,0.5142729
Pseudodiploria202767,0.2691061
Pseudodiploria202768,-0.07214941
Pseudodiploria202769,-0.3433804
Pseudodiploria202770,-0.513655
Pseudodiploria202771,0.5561549
Pseudodiploria202772,0.1453133
Pseudodiploria202773,-0.365433
Pseudodiploria202774,0.06689989
Pseudodiploria202775,0.1643417
Pseudodiploria202776,0.371505
Pseudodiploria202777,0.1750878
Pseudodiploria202778,0.3809872
Pseudodiploria202779,0.8479812
Pseudodiploria202780,0.2430702
Pseudodiploria202781,0.377068
Pseudodiploria202782,-1.083034
Pseudodiploria202783,-0.3406862
Pseudodiploria202784,0.3297159
Pseudodiploria202785,-0.5064532
Pseudodiploria202786,0.3470389
Pseudodiploria202788,0.5774361
Pseudodiploria202789,-0.6706492
Pseudodiploria202791,-0.3553758
Pseudodiploria202792,-0.258357
Pseudodiploria202793,0.1532701
Pseudodiploria202797,-0.01354593
Pseudodiploria202799,0.01301176
Pseudodiploria202802,0.06383204
Pseudodiploria202803,-0.6814361
Pseudodiploria202804,-0.02619448
Pseudodiploria202805,0.5464287
Pseudodiploria202806,-0.6317904
Pseudodiploria202807,-0.02591832
Pseudodiploria202808,0.4870036
Pseudodiploria202809,-0.004438709
Pseudodiploria202810,-0.1643537
Pseudodiploria202811,0.005930964
Pseudodiploria202812,0.4754847
Pseudodiploria202813,0.04560865
Pseudodiploria202814,-0.00678911
Pseudodiploria202816,-0.4683124
Pseudodiploria202817,-0.3651558
Pseudodiploria202818,0.801331
Pseudodiploria202819,-0.07967735
Pseudodiploria202820,0.1775419
Pseudodiploria202822,0.2138425
Pseudodiploria202824,0.6510671
Pseudodiploria202825,0.4307859
Pseudodiploria202826,-0.3580398
Pseudodiploria202828,0.1759415
Pseudodiploria202829,-0.0551606
Pseudodiploria202830,-0.03220045
Pseudodiploria202831,0.3085509
Pseudodiploria202832,-0.3133018
Pseudodiploria202833,-0.2761979
Pseudodiploria202834,0.06685862
Pseudodiploria202835,0.2506516
Pseudodiploria202836,0.298531
Pseudodiploria202839,-0.1594627
Pseudodiploria202840,0.1409101
Pseudodiploria202841,0.3890115
Pseudodiploria202842,0.8358284
Pseudodiploria202843,0.5157376
Pseudodiploria202845,0.007769423
Pseudodiploria202846,0.312785
Pseudodiploria202847,-0.1141098
Pseudodiploria202848,0.1682723
Pseudodiploria202849,0.03584375
Pseudodiploria202852,0.6537347
Pseudodiploria202853,-0.6107663
Pseudodiploria202856,-0.06461732
Pseudodiploria202857,-0.2420816
Pseudodiploria202858,-0.1637099
Pseudodiploria202859,-0.3623718
Pseudodiploria202862,0.01690859
Pseudodiploria202863,0.612491
Pseudodiploria202864,0.8976181
Pseudodiploria202866,0.07692914
Pseudodiploria202867,-0.3314681
Pseudodiploria202869,0.1288342
Pseudodiploria202870,0.3382628
Pseudodiploria202873,-0.07992873
Pseudodiploria202874,-0.2429463
Pseudodiploria202875,-0.7619406
Pseudodiploria202877,-0.3097376
Pseudodiploria202878,0.02871963
Pseudodiploria202879,0.1623088
Pseudodiploria202881,0.4068756
Pseudodiploria202882,0.5824208
Pseudodiploria202883,1.088566
Pseudodiploria202886,-0.04554749
Pseudodiploria202889,-0.07978279
Pseudodiploria202890,0.2509155
Pseudodiploria202891,0.4714807
Pseudodiploria202892,-0.01835671
Pseudodiploria202893,-0.6255412
Pseudodiploria202894,0.3876131
Pseudodiploria202895,0.5120822
Pseudodiploria202896,-0.3463867
Pseudodiploria202897,-0.293744
Pseudodiploria202898,0.05022377
Pseudodiploria202899,-0.4169754
Pseudodiploria202900,-0.04999846
Pseudodiploria202901,-0.516865
Pseudodiploria202902,-0.5474021
Pseudodiploria202903,-0.5200633
Pseudodiploria202905,0.3913863
Pseudodiploria202906,0.1213325
Pseudodiploria202907,0.1255716
Pseudodiploria202908,0.03110582
Pseudodiploria202909,0.141866
Pseudodiploria202910,0.007005436
Pseudodiploria202911,-0.003340451
Pseudodiploria202912,-0.1420008
Pseudodiploria202915,-0.2935852
Pseudodiploria202916,0.3899486
Pseudodiploria202918,-0.03958649
Pseudodiploria202919,-0.4479278
Pseudodiploria202920,-0.3528947
Pseudodiploria202921,0.1532615
Pseudodiploria202922,0.4559357
Pseudodiploria202923,0.3031522
Pseudodiploria202924,0.2243492
Pseudodiploria202925,0.3760741
Pseudodiploria202927,0.2315094
Pseudodiploria202929,0.005710173
Pseudodiploria202930,0.2736601
Pseudodiploria202931,0.2679434
Pseudodiploria202932,-0.009811731
Pseudodiploria202934,0.5405674
Pseudodiploria202935,-0.1840306
Pseudodiploria202938,-0.004586085
Pseudodiploria202939,0.04066357
Pseudodiploria202940,0.1116993
Pseudodiploria202941,0.1908466
Pseudodiploria202943,0.4948863
Pseudodiploria202944,0.3919062
Pseudodiploria202945,0.06747317
Pseudodiploria202946,-0.1953697
Pseudodiploria202947,0.01242711
Pseudodiploria202949,-0.0406855
Pseudodiploria202950,0.2634327
Pseudodiploria202951,0.07181107
Pseudodiploria202953,0.3289655
Pseudodiploria202954,0.3166686
Pseudodiploria202955,-0.1562781
Pseudodiploria202957,-0.04095145
Pseudodiploria202960,0.1624739
Pseudodiploria202962,-0.6941149
Pseudodiploria202964,0.1316629
Pseudodiploria202965,-0.2231424
Pseudodiploria202967,-0.3248367
Pseudodiploria202969,0.1749106
Pseudodiploria202970,0.5180245
Pseudodiploria202971,-0.4247108
Pseudodiploria202972,0.06814017
Pseudodiploria202973,-0.4486414
Pseudodiploria202977,-0.1928626
Pseudodiploria202978,0.186294
Pseudodiploria202979,-0.3321705
Pseudodiploria202981,0.07930587
Pseudodiploria202982,0.1746796
Pseudodiploria202983,-0.06767743
Pseudodiploria202985,0.4279738
Pseudodiploria202986,0.07858113
Pseudodiploria202987,0.3489258
Pseudodiploria202988,0.1351414
Pseudodiploria202989,-0.07212043
Pseudodiploria202991,0.08171082
Pseudodiploria202992,0.1387367
Pseudodiploria202993,0.2259345
Pseudodiploria202994,-0.07054649
Pseudodiploria202995,-0.1569356
Pseudodiploria202998,0.2176794
Pseudodiploria202999,-0.1456729
Pseudodiploria203000,0.1887157
Pseudodiploria203001,0.1509376
Pseudodiploria203002,-0.3165669
Pseudodiploria203003,0.9801661
Pseudodiploria203004,0.5163974
Pseudodiploria203006,0.4897228
Pseudodiploria203007,0.8736132
Pseudodiploria203008,0.588475
Pseudodiploria203009,0.4375272
Pseudodiploria203011,-0.03596701
Pseudodiploria203012,0.07488258
Pseudodiploria203013,-0.2902343
Pseudodiploria203014,0.772583
Pseudodiploria203016,-0.4880756
Pseudodiploria203017,0.1297968
Pseudodiploria203019,-0.05903636
Pseudodiploria203020,0.2818416
Pseudodiploria203021,1.101975
Pseudodiploria203023,0.2159697
Pseudodiploria203024,-0.3894901
Pseudodiploria203026,0.05067472
Pseudodiploria203027,-0.2509791
Pseudodiploria203029,0.8377795
Pseudodiploria203030,0.2184534
Pseudodiploria203032,0.4158529
Pseudodiploria203035,0.325113
Pseudodiploria203036,0.4585242
Pseudodiploria203037,-0.106088
Pseudodiploria203040,0.4243775
Pseudodiploria203042,-0.1996525
Pseudodiploria203044,-0.3069659
Pseudodiploria203045,-0.3524632
Pseudodiploria203046,-0.1068163
Pseudodiploria203048,0.1497358
Pseudodiploria203049,-0.2947532
Pseudodiploria203050,-0.2279814
Pseudodiploria203051,-0.05358565
Pseudodiploria203052,0.1140572
Pseudodiploria203053,0.3223361
Pseudodiploria203054,-0.05608578
Pseudodiploria203055,-0.2518693
Pseudodiploria203056,0.04629002
Pseudodiploria203058,-0.1019744
Pseudodiploria203059,0.2682596
Pseudodiploria203060,-0.5137299
Pseudodiploria203061,-0.07518268
Pseudodiploria203062,0.577932
Pseudodiploria203065,-0.1508257
Pseudodiploria203066,0.3435756
Pseudodiploria203067,0.4467482
Pseudodiploria203068,0.6156393
Pseudodiploria203069,-0.1825663
Pseudodiploria203070,0.1027458
Pseudodiploria203072,-0.6176276
Pseudodiploria203073,0.0601414
Pseudodiploria203074,-0.234614
Pseudodiploria203075,-0.7797725
Pseudodiploria203077,0.3119955
Pseudodiploria203078,-0.08219159
Pseudodiploria203081,-0.3087093
Pseudodiploria203082,0.323099
Pseudodiploria203083,0.2960256
Pseudodiploria203085,0.07409265
Pseudodiploria203088,-0.2327685
Pseudodiploria203089,-0.2156662
Pseudodiploria203090,0.1777657
Pseudodiploria203091,-0.3472308
Pseudodiploria203092,0.2462332
Pseudodiploria203094,0.1469701
Pseudodiploria203096,0.6110611
Pseudodiploria203097,0.09528982
Pseudodiploria203098,0.7160095
Pseudodiploria203099,-0.04784642
Pseudodiploria203101,0.1172336
Pseudodiploria203102,-0.1339054
Pseudodiploria203103,0.3055281
Pseudodiploria203104,-0.05233746
Pseudodiploria203105,0.2334884
Pseudodiploria203106,-0.2309067
Pseudodiploria203107,-0.03446837
Pseudodiploria203108,-0.2554042
Pseudodiploria203109,-0.105989
Pseudodiploria203110,-0.1620072
Pseudodiploria203111,0.3967718
Pseudodiploria203112,0.1691117
Pseudodiploria203113,-0.132241
Pseudodiploria203115,0.1400107
Pseudodiploria203117,0.1016134
Pseudodiploria203118,-0.2829809
Pseudodiploria203119,0.1997483
Pseudodiploria203121,0.7522103
Pseudodiploria203122,0.3582601
Pseudodiploria203123,-0.06424612
Pseudodiploria203124,-0.798432
Pseudodiploria203126,-0.3162634
Pseudodiploria203128,-0.02491816
Pseudodiploria203129,-0.3695931
Pseudodiploria203131,0.1070867
Pseudodiploria203132,-0.3841353
Pseudodiploria203133,-0.4289097
Pseudodiploria203134,-0.03654445
Pseudodiploria203135,-0.09703859
Pseudodiploria203137,0.02143322
Pseudodiploria203138,-0.05447426
Pseudodiploria203139,0.2198864
Pseudodiploria203140,0.519977
Pseudodiploria203141,0.6253461
Pseudodiploria203142,-0.0762358
Pseudodiploria203144,0.09122222
Pseudodiploria203145,0.09821971
Pseudodiploria203146,0.7818345
Pseudodiploria203147,0.1864314
Pseudodiploria203148,-0.1470443
Pseudodiploria203149,-0.2554913
Pseudodiploria203150,0.3245142
Pseudodiploria203154,0.1168699
Pseudodiploria203155,-0.3433081
Pseudodiploria203156,-0.1675035
Pseudodiploria203157,-0.1107636
Pseudodiploria203160,-0.2136317
Pseudodiploria203161,0.6728224
Pseudodiploria203164,0.2620175
Pseudodiploria203167,0.08494699
Pseudodiploria203168,-0.05345704
Pseudodiploria203170,-0.1772156
Pseudodiploria203171,0.2370158
Pseudodiploria203172,0.2571944
Pseudodiploria203173,-0.5035348
Pseudodiploria203174,0.2236745
Pseudodiploria203175,-0.1705449
Pseudodiploria203178,0.0041886
Pseudodiploria203180,0.2871569
Pseudodiploria203181,0.2432434
Pseudodiploria203182,-0.4542817
Pseudodiploria203184,-0.1707587
Pseudodiploria203185,0.003081322
Pseudodiploria203186,0.343134
Pseudodiploria203187,0.6665666
Pseudodiploria203189,0.1008218
Pseudodiploria203190,0.5464302
Pseudodiploria203191,-0.03473538
Pseudodiploria203193,0.1819098
Pseudodiploria203194,-0.02958032
Pseudodiploria203196,-0.8181483
Pseudodiploria203197,-0.01020602
Pseudodiploria203198,0.1101934
Pseudodiploria203200,-0.9062164
Pseudodiploria203202,0.7243561
Pseudodiploria203204,-0.02160914
Pseudodiploria203205,-0.7183029
Pseudodiploria203206,0.4392399
Pseudodiploria203207,0.23088
Pseudodiploria203208,0.2656652
Pseudodiploria203210,0.5062836
Pseudodiploria203211,-0.4470538
Pseudodiploria203212,-0.2103909
Pseudodiploria203213,0.04026772
Pseudodiploria203214,-0.05632287
Pseudodiploria203215,0.4423357
Pseudodiploria203217,-0.0555504
Pseudodiploria203218,0.2923032
Pseudodiploria203219,-0.5585364
Pseudodiploria203220,0.475483
Pseudodiploria203222,-0.2292379
Pseudodiploria203223,-1.559646
Pseudodiploria203224,0.3606988
Pseudodiploria203225,0.1190556
Pseudodiploria203227,-0.3330169
Pseudodiploria203230,0.4165823
Pseudodiploria203231,0.2322151
Pseudodiploria203232,-0.01355918
Pseudodiploria203237,0.21207
Pseudodiploria203238,-0.1722308
Pseudodiploria203239,0.5101035
Pseudodiploria203240,0.02824846
Pseudodiploria203241,-0.8276417
Pseudodiploria203243,-0.3789315
Pseudodiploria203244,-0.1435295
Pseudodiploria203245,0.2176623
Pseudodiploria203246,0.5255321
Pseudodiploria203247,0.01483943
Pseudodiploria203248,0.01320378
Pseudodiploria203250,-0.1943427
Pseudodiploria203252,-0.07186615
Pseudodiploria203253,-0.1103063
Pseudodiploria203254,-0.7703917
Pseudodiploria203255,-0.2965079
Pseudodiploria203256,0.1542427
Pseudodiploria203257,0.1739944
Pseudodiploria203258,0.0563704
Pseudodiploria203259,-0.2170906
Pseudodiploria203260,0.05302279
Pseudodiploria203263,-0.4281758
Pseudodiploria203265,-0.3757265
Pseudodiploria203267,0.02909514
Pseudodiploria203269,0.3171045
Pseudodiploria203270,0.1035227
Pseudodiploria203272,-0.09628484
Pseudodiploria203273,-0.02537204
Pseudodiploria203275,-0.2627576
Pseudodiploria203276,0.5453045
Pseudodiploria203277,0.08527171
Pseudodiploria203278,0.1257466
Pseudodiploria203279,0.6480704
Pseudodiploria203280,-0.04040672
Pseudodiploria203281,0.3687669
Pseudodiploria203282,0.9303664
Pseudodiploria203283,0.3724967
Pseudodiploria203285,1.427832
Pseudodiploria203286,-1.287517
Pseudodiploria203287,-0.06386864
Pseudodiploria203288,-0.001625908
Pseudodiploria203289,-0.2002472
Pseudodiploria203290,-0.03062752
Pseudodiploria203291,0.1604037
Pseudodiploria203292,-0.3917926
Pseudodiploria203296,0.1334438
Pseudodiploria203298,0.1585812
Pseudodiploria203299,0.07747194
Pseudodiploria203301,-0.01754135
Pseudodiploria203303,-0.2165785
Pseudodiploria203304,-0.3115226
Pseudodiploria203305,-0.7913021
Pseudodiploria203306,-0.7392031
Pseudodiploria203308,0.1236572
Pseudodiploria203310,-0.1506282
Pseudodiploria203312,0.03123142
Pseudodiploria203313,-0.2904715
Pseudodiploria203314,-0.1734881
Pseudodiploria203316,-0.1323899
Pseudodiploria203319,-0.4976943
Pseudodiploria203320,0.5810721
Pseudodiploria203321,0.01286002
Pseudodiploria203322,0.01066155
Pseudodiploria203323,-0.689803
Pseudodiploria203324,-0.142408
Pseudodiploria203325,-1.070967
Pseudodiploria203326,0.3358523
Pseudodiploria203327,-0.5214601
Pseudodiploria203328,0.2529095
Pseudodiploria203329,-0.1555605
Pseudodiploria203331,-0.5887652
Pseudodiploria203332,0.0519854
Pseudodiploria203333,0.3401468
Pseudodiploria203335,-0.3215575
Pseudodiploria203336,0.1145075
Pseudodiploria203338,-0.3024949
Pseudodiploria203339,0.4286976
Pseudodiploria203340,0.2944495
Pseudodiploria203341,0.2868472
Pseudodiploria203342,-0.2156734
Pseudodiploria203343,0.1954045
Pseudodiploria203344,-0.2585196
Pseudodiploria203345,1.106162
Pseudodiploria203346,0.257815
Pseudodiploria203347,0.3043265
Pseudodiploria203350,0.1481005
Pseudodiploria203351,0.5890031
Pseudodiploria203352,0.1003557
Pseudodiploria203354,-0.1335709
Pseudodiploria203355,0.05535051
Pseudodiploria203358,0.6890216
Pseudodiploria203359,-0.4463266
Pseudodiploria203361,0.1319136
Pseudodiploria203362,0.05812499
Pseudodiploria203363,-1.138271
Pseudodiploria203364,-0.627236
Pseudodiploria203365,0.07265624
Pseudodiploria203368,0.3849601
Pseudodiploria203369,-0.1082602
Pseudodiploria203370,1.084098
Pseudodiploria203371,0.4450055
Pseudodiploria203372,-0.269024
Pseudodiploria203373,0.1334167
Pseudodiploria203374,0.6878912
Pseudodiploria203375,0.07369052
Pseudodiploria203376,0.2450647
Pseudodiploria203379,0.1902556
Pseudodiploria203381,0.01415165
Pseudodiploria203382,0.07880874
Pseudodiploria203383,0.1583147
Pseudodiploria203384,0.1816942
Pseudodiploria203385,0.06937326
Pseudodiploria203386,-0.2640656
Pseudodiploria203387,-0.2976791
Pseudodiploria203388,0.1753536
Pseudodiploria203389,0.1212616
Pseudodiploria203390,-0.1372553
Pseudodiploria203391,0.180249
Pseudodiploria203393,1.486512
Pseudodiploria203394,-0.6618883
Pseudodiploria203395,0.224701
Pseudodiploria203397,-0.3412475
Pseudodiploria203398,-0.01338168
Pseudodiploria203399,0.2554188
Pseudodiploria203400,0.3243858
Pseudodiploria203401,-0.1191475
Pseudodiploria203402,-0.02667766
Pseudodiploria203404,-0.157783
Pseudodiploria203405,-0.06163091
Pseudodiploria203406,-0.001369624
Pseudodiploria203407,-0.3498006
Pseudodiploria203408,-0.09663281
Pseudodiploria203409,0.05009361
Pseudodiploria203410,-0.6674757
Pseudodiploria203411,-0.1051355
Pseudodiploria203413,0.05065545
Pseudodiploria203414,-0.03998443
Pseudodiploria203415,0.09663289
Pseudodiploria203416,-0.4796147
Pseudodiploria203418,-1.129444
Pseudodiploria203419,0.0714497
Pseudodiploria203420,0.3909972
Pseudodiploria203421,0.2922565
Pseudodiploria203422,0.3636052
Pseudodiploria203423,0.6805886
Pseudodiploria203429,0.1670205
Pseudodiploria203430,0.2340798
Pseudodiploria203431,0.3620211
Pseudodiploria203432,0.04315838
Pseudodiploria203433,-0.2072706
Pseudodiploria203434,0.1171758
Pseudodiploria203435,-0.1489582
Pseudodiploria203436,-0.7384886
Pseudodiploria203437,-0.2636635
Pseudodiploria203438,-0.3831683
Pseudodiploria203439,-0.3019033
Pseudodiploria203441,-0.01173218
Pseudodiploria203443,-0.08746525
Pseudodiploria203444,0.2550449
Pseudodiploria203445,-0.2393193
Pseudodiploria203447,-0.01608755
Pseudodiploria203448,0.2075312
Pseudodiploria203449,0.2579952
Pseudodiploria203451,-0.1527527
Pseudodiploria203452,0.06836237
Pseudodiploria203454,0.1109512
Pseudodiploria203455,0.380094
Pseudodiploria203456,-0.7459208
Pseudodiploria203458,0.003094444
Pseudodiploria203459,-0.5495657
Pseudodiploria203460,0.7591795
Pseudodiploria203461,0.06597666
Pseudodiploria203463,-0.07627805
Pseudodiploria203465,-0.1092882
Pseudodiploria203466,0.1989174
Pseudodiploria203467,0.1630245
Pseudodiploria203468,-0.2292534
Pseudodiploria203470,0.05190384
Pseudodiploria203471,-0.04151671
Pseudodiploria203473,-0.1246535
Pseudodiploria203474,-0.4721339
Pseudodiploria203477,0.6227447
Pseudodiploria203480,-0.05397522
Pseudodiploria203481,0.0391625
Pseudodiploria203483,0.6163829
Pseudodiploria203485,-0.4088849
Pseudodiploria203486,0.2280214
Pseudodiploria203488,-0.1487771
Pseudodiploria203490,0.1208134
Pseudodiploria203491,0.1201439
Pseudodiploria203493,0.811831
Pseudodiploria203494,0.4520401
Pseudodiploria203495,-0.04877168
Pseudodiploria203496,0.3661466
Pseudodiploria203497,0.7173582
Pseudodiploria203498,0.09212061
Pseudodiploria203499,-0.2996993
Pseudodiploria203500,-0.1660231
Pseudodiploria203501,0.1267532
Pseudodiploria203502,-0.4031213
Pseudodiploria203503,-0.2042254
Pseudodiploria203504,-0.06917683
Pseudodiploria203507,0.1249705
Pseudodiploria203508,1.106197
Pseudodiploria203509,0.2779218
Pseudodiploria203510,-0.2493747
Pseudodiploria203511,-0.6522551
Pseudodiploria203514,-0.1925209
Pseudodiploria203515,0.8151757
Pseudodiploria203516,0.08625159
Pseudodiploria203517,0.007026584
Pseudodiploria203519,0.05588585
Pseudodiploria203520,0.01346162
Pseudodiploria203521,0.1516683
Pseudodiploria203522,0.3768767
Pseudodiploria203523,0.1307813
Pseudodiploria203525,0.177895
Pseudodiploria203526,1.082578
Pseudodiploria203528,-0.3104823
Pseudodiploria203529,-0.2382143
Pseudodiploria203530,0.1405228
Pseudodiploria203532,0.6973332
Pseudodiploria203533,-0.2521997
Pseudodiploria203536,-0.145051
Pseudodiploria203537,0.74977
Pseudodiploria203538,0.03697376
Pseudodiploria203539,-0.241312
Pseudodiploria203540,-0.1485457
Pseudodiploria203541,0.1797298
Pseudodiploria203542,-0.1106635
Pseudodiploria203543,0.3271488
Pseudodiploria203544,-0.2569426
Pseudodiploria203545,-0.01799519
Pseudodiploria203546,0.743616
Pseudodiploria203547,0.7494702
Pseudodiploria203548,0.2895521
Pseudodiploria203549,-0.03285814
Pseudodiploria203550,0.2903332
Pseudodiploria203551,0.4436637
Pseudodiploria203553,-0.02661193
Pseudodiploria203554,0.1077464
Pseudodiploria203555,-0.4393941
Pseudodiploria203556,-0.006189693
Pseudodiploria203557,-0.1102275
Pseudodiploria203558,0.1122321
Pseudodiploria203560,-0.06732315
Pseudodiploria203561,0.1444648
Pseudodiploria203562,-0.03570673
Pseudodiploria203564,0.7297438
Pseudodiploria203565,-0.2806172
Pseudodiploria203567,-0.4737215
Pseudodiploria203568,0.5328157
Pseudodiploria203569,0.1021763
Pseudodiploria203570,0.09879492
Pseudodiploria203571,-0.02645801
Pseudodiploria203572,0.2162625
Pseudodiploria203573,-0.2663459
Pseudodiploria203574,0.1145426
Pseudodiploria203577,-0.7728859
Pseudodiploria203578,-0.02998601
Pseudodiploria203579,-0.02657521
Pseudodiploria203580,-0.1454443
Pseudodiploria203581,0.2786091
Pseudodiploria203582,-0.122684
Pseudodiploria203583,-0.4746337
Pseudodiploria203584,-0.2222784
Pseudodiploria203585,0.1035353
Pseudodiploria203586,-0.3101803
Pseudodiploria203587,-0.1202151
Pseudodiploria203589,-0.4327218
Pseudodiploria203590,0.7183857
Pseudodiploria203591,0.7660308
Pseudodiploria203593,0.09850411
Pseudodiploria203594,-0.06494755
Pseudodiploria203595,0.08795852
Pseudodiploria203597,0.1331145
Pseudodiploria203598,0.1025082
Pseudodiploria203599,-0.08391706
Pseudodiploria203600,-1.078337
Pseudodiploria203601,0.3348195
Pseudodiploria203602,0.1122888
Pseudodiploria203603,0.2594378
Pseudodiploria203604,-0.003822474
Pseudodiploria203605,0.1321913
Pseudodiploria203606,0.1458606
Pseudodiploria203607,-0.3192181
Pseudodiploria203608,0.03128872
Pseudodiploria203609,0.1212712
Pseudodiploria203610,0.183824
Pseudodiploria203611,0.06463807
Pseudodiploria203612,-0.3875968
Pseudodiploria203613,0.4479259
Pseudodiploria203616,-0.3652968
Pseudodiploria203617,0.3154986
Pseudodiploria203618,-0.06258646
Pseudodiploria203619,0.02814577
Pseudodiploria203620,-0.1072972
Pseudodiploria203622,-0.0220843
Pseudodiploria203623,0.05521719
Pseudodiploria203625,0.1626451
Pseudodiploria203626,0.05810994
Pseudodiploria203627,0.2950466
Pseudodiploria203628,-0.2146364
Pseudodiploria203629,0.4209827
Pseudodiploria203630,-0.6326653
Pseudodiploria203632,-0.1118922
Pseudodiploria203633,-0.05381958
Pseudodiploria203634,0.3551319
Pseudodiploria203635,0.1025367
Pseudodiploria203636,0.3720227
Pseudodiploria203637,0.6456423
Pseudodiploria203638,0.3008724
Pseudodiploria203640,-0.3137281
Pseudodiploria203642,-0.2529114
Pseudodiploria203644,-0.3870481
Pseudodiploria203645,-0.06596159
Pseudodiploria203646,0.1922107
Pseudodiploria203647,0.1953292
Pseudodiploria203649,0.02032664
Pseudodiploria203650,-0.2663935
Pseudodiploria203651,0.1946424
Pseudodiploria203652,-0.5268763
Pseudodiploria203653,-0.5722754
Pseudodiploria203654,-0.03730152
Pseudodiploria203655,0.02078624
Pseudodiploria203656,-0.1586075
Pseudodiploria203658,0.04210076
Pseudodiploria203659,0.4215949
Pseudodiploria203660,0.03670441
Pseudodiploria203661,0.03378253
Pseudodiploria203662,0.07037948
Pseudodiploria203663,-0.2654532
Pseudodiploria203665,0.267165
Pseudodiploria203667,-0.02024091
Pseudodiploria203668,-0.4209579
Pseudodiploria203669,0.1388274
Pseudodiploria203670,0.09004932
Pseudodiploria203671,0.2362325
Pseudodiploria203672,-0.581149
Pseudodiploria203673,1.00336
Pseudodiploria203674,-0.5685269
Pseudodiploria203675,0.4390189
Pseudodiploria203677,-0.2247189
Pseudodiploria203679,0.5761776
Pseudodiploria203680,0.1051283
Pseudodiploria203681,0.3778871
Pseudodiploria203683,-0.02668879
Pseudodiploria203684,0.5137031
Pseudodiploria203685,0.05709486
Pseudodiploria203686,-0.1186044
Pseudodiploria203687,0.1812335
Pseudodiploria203688,0.2987293
Pseudodiploria203689,-0.3384001
Pseudodiploria203690,-0.3649352
Pseudodiploria203692,-0.7116489
Pseudodiploria203696,0.1908031
Pseudodiploria203697,0.3189491
Pseudodiploria203699,-0.2422062
Pseudodiploria203700,0.209315
Pseudodiploria203701,0.05866043
Pseudodiploria203703,-0.2551869
Pseudodiploria203704,0.01663315
Pseudodiploria203705,-0.1699118
Pseudodiploria203706,0.471951
Pseudodiploria203707,-0.3633105
Pseudodiploria203708,-0.05518399
Pseudodiploria203709,-0.04001387
Pseudodiploria203710,0.2127172
Pseudodiploria203711,0.5232725
Pseudodiploria203712,0.03696808
Pseudodiploria203713,0.8059717
Pseudodiploria203714,0.2001023
Pseudodiploria203715,0.0770126
Pseudodiploria203716,0.0265273
Pseudodiploria203719,0.4440675
Pseudodiploria203720,0.01859681
Pseudodiploria203722,-1.736166
Pseudodiploria203725,-0.6497964
Pseudodiploria203726,0.02938844
Pseudodiploria203727,-0.4636917
Pseudodiploria203728,-0.0581548
Pseudodiploria203729,0.4028028
Pseudodiploria203730,-0.2133026
Pseudodiploria203731,0.6540295
Pseudodiploria203732,0.2547193
Pseudodiploria203733,-0.3095239
Pseudodiploria203735,0.103594
Pseudodiploria203736,0.1873812
Pseudodiploria203737,0.8085871
Pseudodiploria203738,1.276176
Pseudodiploria203739,-0.1770052
Pseudodiploria203740,-0.02057627
Pseudodiploria203741,0.3593119
Pseudodiploria203742,-0.01116111
Pseudodiploria203743,0.4320717
Pseudodiploria203744,0.2423596
Pseudodiploria203746,0.09118093
Pseudodiploria203747,-0.1507614
Pseudodiploria203748,-0.04803566
Pseudodiploria203749,0.1147872
Pseudodiploria203750,0.6055272
Pseudodiploria203753,0.1878832
Pseudodiploria203754,-0.08348137
Pseudodiploria203755,0.05715215
Pseudodiploria203756,0.3986179
Pseudodiploria203757,-0.1827287
Pseudodiploria203758,-0.1297936
Pseudodiploria203759,0.6220348
Pseudodiploria203762,-0.09996654
Pseudodiploria203764,0.2126605
Pseudodiploria203765,0.3277661
Pseudodiploria203766,-0.2375649
Pseudodiploria203769,-0.1219604
Pseudodiploria203771,0.06660739
Pseudodiploria203772,0.4966476
Pseudodiploria203773,1.231101
Pseudodiploria203775,0.1679062
Pseudodiploria203776,1.170584
Pseudodiploria203777,0.2207562
Pseudodiploria203778,-0.2065582
Pseudodiploria203779,0.03994378
Pseudodiploria203781,0.287139
Pseudodiploria203783,-0.3095512
Pseudodiploria203787,-0.5084603
Pseudodiploria203788,0.2028442
Pseudodiploria203789,0.4749617
Pseudodiploria203790,0.3839455
Pseudodiploria203792,0.2271517
Pseudodiploria203793,0.02425462
Pseudodiploria203794,0.2509355
Pseudodiploria203795,0.1281187
Pseudodiploria203796,0.1202103
Pseudodiploria203797,0.1524914
Pseudodiploria203798,-0.353863
Pseudodiploria203799,0.2478528
Pseudodiploria203801,0.6269471
Pseudodiploria203802,0.8209145
Pseudodiploria203803,0.3141102
Pseudodiploria203804,-0.179683
Pseudodiploria203805,0.3967406
Pseudodiploria203806,0.243995
Pseudodiploria203807,0.8765457
Pseudodiploria203808,0.02872993
Pseudodiploria203809,0.1374859
Pseudodiploria203810,-0.2311863
Pseudodiploria203811,0.04745035
Pseudodiploria203812,-0.4772673
Pseudodiploria203813,0.2926717
Pseudodiploria203814,0.7003726
Pseudodiploria203815,-0.2573429
Pseudodiploria203816,0.1319096
Pseudodiploria203817,0.3561301
Pseudodiploria203818,-0.3686763
Pseudodiploria203819,0.263985
Pseudodiploria203820,-0.1783522
Pseudodiploria203822,-0.814385
Pseudodiploria203823,0.3043535
Pseudodiploria203824,1.106294
Pseudodiploria203825,-0.1469097
Pseudodiploria203827,0.3601102
Pseudodiploria203828,-0.1396722
Pseudodiploria203829,-0.2985547
Pseudodiploria203830,-0.07212147
Pseudodiploria203832,0.2149899
Pseudodiploria203833,-0.198358
Pseudodiploria203835,-0.07077899
Pseudodiploria203837,0.1285064
Pseudodiploria203838,0.4844482
Pseudodiploria203840,0.05357807
Pseudodiploria203842,-0.06551747
Pseudodiploria203843,0.008825777
Pseudodiploria203845,-0.07925256
Pseudodiploria203846,0.8792575
Pseudodiploria203849,0.3745283
Pseudodiploria203850,-0.5414406
Pseudodiploria203852,0.05894251
Pseudodiploria203853,0.5377799
Pseudodiploria203854,-0.2405059
Pseudodiploria203855,-0.5878476
Pseudodiploria203856,0.5819383
Pseudodiploria203857,0.8610983
Pseudodiploria203859,0.4989508
Pseudodiploria203860,0.4815024
Pseudodiploria203861,0.3349733
Pseudodiploria203863,0.05631609
Pseudodiploria203865,0.3733782
Pseudodiploria203866,0.6229936
Pseudodiploria203867,0.9457247
Pseudodiploria203868,-0.6823286
Pseudodiploria203869,0.4039318
Pseudodiploria203871,0.1354621
Pseudodiploria203873,-0.3696764
Pseudodiploria203874,-0.4078424
Pseudodiploria203875,-0.04748495
Pseudodiploria203876,-0.1992748
Pseudodiploria203877,0.1867529
Pseudodiploria203878,-0.24718
Pseudodiploria203879,-0.332467
Pseudodiploria203880,0.5556683
Pseudodiploria203881,-0.423718
Pseudodiploria203882,-0.2432082
Pseudodiploria203884,-0.4325871
Pseudodiploria203885,-0.136377
Pseudodiploria203886,0.4694672
Pseudodiploria203887,-0.4123629
Pseudodiploria203888,0.2100939
Pseudodiploria203889,0.2157098
Pseudodiploria203890,0.1999504
Pseudodiploria203892,-0.1742753
Pseudodiploria203893,0.2814961
Pseudodiploria203894,-0.5200463
Pseudodiploria203896,0.2045196
Pseudodiploria203897,-0.2974854
Pseudodiploria203899,-0.1331524
Pseudodiploria203900,0.2707404
Pseudodiploria203901,-0.1291365
Pseudodiploria203902,1.022567
Pseudodiploria203904,-0.1417116
Pseudodiploria203907,0.7879142
Pseudodiploria203909,0.1754189
Pseudodiploria203910,0.4028918
Pseudodiploria203911,-0.05427723
Pseudodiploria203912,0.6143294
Pseudodiploria203913,-0.1777967
Pseudodiploria203914,-0.4316497
Pseudodiploria203915,0.5074612
Pseudodiploria203916,0.08884627
Pseudodiploria203917,-0.66225
Pseudodiploria203918,0.2059921
Pseudodiploria203919,0.1200063
Pseudodiploria203920,0.2963064
Pseudodiploria203922,0.7513842
Pseudodiploria203924,0.07178491
Pseudodiploria203925,-0.3265373
Pseudodiploria203926,-0.1262156
Pseudodiploria203927,0.05168768
Pseudodiploria203928,-0.04282521
Pseudodiploria203929,-0.4161011
Pseudodiploria203932,0.05755421
Pseudodiploria203933,0.07678862
Pseudodiploria203934,0.05815071
Pseudodiploria203936,-0.01048349
Pseudodiploria203937,0.3525592
Pseudodiploria203938,0.3752156
Pseudodiploria203940,0.22468
Pseudodiploria203941,-0.1985005
Pseudodiploria203942,0.2805409
Pseudodiploria203943,-0.6613441
Pseudodiploria203944,1.132006
Pseudodiploria203945,0.2612327
Pseudodiploria203947,0.6028699
Pseudodiploria203948,0.09488452
Pseudodiploria203949,0.2326625
Pseudodiploria203950,-0.2694599
Pseudodiploria203951,-0.003050321
Pseudodiploria203953,-0.6833875
Pseudodiploria203955,-0.03691187
Pseudodiploria203956,0.1267788
Pseudodiploria203957,-0.1429127
Pseudodiploria203960,-0.2048043
Pseudodiploria203961,-0.02411703
Pseudodiploria203962,0.006305326
Pseudodiploria203963,0.4675331
Pseudodiploria203965,0.08209068
Pseudodiploria203966,0.2585712
Pseudodiploria203967,0.3726454
Pseudodiploria203968,0.1206968
Pseudodiploria203969,0.2455948
Pseudodiploria203970,-0.3215054
Pseudodiploria203972,-0.1846794
Pseudodiploria203973,0.4151228
Pseudodiploria203974,0.1246122
Pseudodiploria203975,0.07089538
Pseudodiploria203979,0.09405033
Pseudodiploria203980,0.3661559
Pseudodiploria203981,-0.1083002
Pseudodiploria203982,-0.1313767
Pseudodiploria203983,-0.09743899
Pseudodiploria203984,-0.1926822
Pseudodiploria203985,-0.4213865
Pseudodiploria203989,0.8842307
Pseudodiploria203990,-0.3367703
Pseudodiploria203991,0.1938476
Pseudodiploria203992,0.2833063
Pseudodiploria203993,-0.9117696
Pseudodiploria203995,0.06078761
Pseudodiploria203996,-0.02539686
Pseudodiploria203997,-0.001257778
Pseudodiploria203998,0.07904427
Pseudodiploria203999,0.4006278
Pseudodiploria204000,0.1749142
Pseudodiploria204001,-0.2999829
Pseudodiploria204003,-0.140866
Pseudodiploria204004,-0.0965048
Pseudodiploria204005,0.3265254
Pseudodiploria204006,0.1191836
Pseudodiploria204007,-0.1985143
Pseudodiploria204008,0.1793513
Pseudodiploria204009,-0.6628422
Pseudodiploria204010,0.2945815
Pseudodiploria204011,0.008951372
Pseudodiploria204012,0.2684044
Pseudodiploria204016,0.05078414
Pseudodiploria204017,0.2431453
Pseudodiploria204018,-0.1810468
Pseudodiploria204019,-0.8796199
Pseudodiploria204020,-0.2485893
Pseudodiploria204021,0.1409628
Pseudodiploria204024,-0.139725
Pseudodiploria204025,0.243865
Pseudodiploria204026,-0.09317905
Pseudodiploria204027,0.01045639
Pseudodiploria204028,0.1961144
Pseudodiploria204029,0.1571656
Pseudodiploria204030,0.4254374
Pseudodiploria204031,-0.1478306
Pseudodiploria204032,0.06037882
Pseudodiploria204033,-0.1850829
Pseudodiploria204034,0.2143735
Pseudodiploria204036,0.2329851
Pseudodiploria204039,0.6184141
Pseudodiploria204040,0.4634782
Pseudodiploria204041,0.01818857
Pseudodiploria204042,0.4990568
Pseudodiploria204043,-0.07185786
Pseudodiploria204044,1.525833
Pseudodiploria204045,-0.1846693
Pseudodiploria204046,0.3390327
Pseudodiploria204047,0.237919
Pseudodiploria204048,0.1993503
Pseudodiploria204049,0.5060457
Pseudodiploria204050,0.006615189
Pseudodiploria204051,0.6199558
Pseudodiploria204052,0.3761084
Pseudodiploria204053,0.4042286
Pseudodiploria204054,0.6456498
Pseudodiploria204056,0.2019456
Pseudodiploria204059,0.3403068
Pseudodiploria204060,1.248845
Pseudodiploria204061,0.5436582
Pseudodiploria204064,-0.6517468
Pseudodiploria204066,0.01335958
Pseudodiploria204067,0.1247153
Pseudodiploria204068,0.06538798
Pseudodiploria204071,0.1036611
Pseudodiploria204072,0.4686556
Pseudodiploria204074,-0.1961655
Pseudodiploria204075,-0.1945469
Pseudodiploria204077,0.8011314
Pseudodiploria204078,0.04819906
Pseudodiploria204080,0.3431387
Pseudodiploria204081,-0.2404921
Pseudodiploria204083,-0.8632509
Pseudodiploria204084,-0.3409918
Pseudodiploria204085,-0.2880941
Pseudodiploria204086,0.6124707
Pseudodiploria204088,0.5809198
Pseudodiploria204090,-0.05620915
Pseudodiploria204091,0.326434
Pseudodiploria204093,0.1552242
Pseudodiploria204094,1.194294
Pseudodiploria204095,0.1174154
Pseudodiploria204098,-0.1895691
Pseudodiploria204099,-0.6181256
Pseudodiploria204100,0.4348735
Pseudodiploria204101,0.06613141
Pseudodiploria204102,-0.09942626
Pseudodiploria204103,0.1556292
Pseudodiploria204104,0.1640188
Pseudodiploria204106,-0.3617607
Pseudodiploria204107,0.05324328
Pseudodiploria204108,-0.1457428
Pseudodiploria204110,0.05373539
Pseudodiploria204111,0.6948269
Pseudodiploria204112,0.9795104
Pseudodiploria204113,0.1236932
Pseudodiploria204117,-0.0786529
Pseudodiploria204118,0.6446179
Pseudodiploria204119,-0.09303797
Pseudodiploria204120,-0.2472689
Pseudodiploria204121,-0.09325938
Pseudodiploria204123,0.3764783
Pseudodiploria204126,0.2700448
Pseudodiploria204128,0.124879
Pseudodiploria204129,0.05688749
Pseudodiploria204131,-0.3443794
Pseudodiploria204132,0.2336143
Pseudodiploria204133,0.04082989
Pseudodiploria204134,-0.2100107
Pseudodiploria204135,0.08507182
Pseudodiploria204136,-0.08791404
Pseudodiploria204137,-0.4978064
Pseudodiploria204138,0.02392814
Pseudodiploria204139,-0.04447582
Pseudodiploria204141,0.8406202
Pseudodiploria204142,-1.402311
Pseudodiploria204144,0.5851194
Pseudodiploria204146,0.9124678
Pseudodiploria204147,0.07809355
Pseudodiploria204148,0.2474542
Pseudodiploria204150,1.086477
Pseudodiploria204151,0.47627
Pseudodiploria204152,-0.1472355
Pseudodiploria204153,-0.4168775
Pseudodiploria204154,-0.33282
Pseudodiploria204155,0.7473698
Pseudodiploria204156,-0.1636686
Pseudodiploria204157,0.7458118
Pseudodiploria204158,0.2355544
Pseudodiploria204159,0.03511682
Pseudodiploria204161,0.9180615
Pseudodiploria204162,0.007834706
Pseudodiploria204163,-0.3766438
Pseudodiploria204165,-0.05435454
Pseudodiploria204166,0.814844
Pseudodiploria204167,0.4917812
Pseudodiploria204168,0.02971841
Pseudodiploria204169,0.1134815
Pseudodiploria204170,0.2163098
Pseudodiploria204172,0.2589762
Pseudodiploria204173,0.01497029
Pseudodiploria204174,0.01958635
Pseudodiploria204175,0.06571709
Pseudodiploria204177,-0.1668258
Pseudodiploria204178,-0.2341867
Pseudodiploria204179,0.03409812
Pseudodiploria204180,-0.2122555
Pseudodiploria204181,-0.2085268
Pseudodiploria204182,-0.03414758
Pseudodiploria204183,1.185082
Pseudodiploria204184,0.3943848
Pseudodiploria204185,0.03348088
Pseudodiploria204188,0.117291
Pseudodiploria204189,0.6143384
Pseudodiploria204192,-1.506543
Pseudodiploria204194,0.8184942
Pseudodiploria204195,0.7854468
Pseudodiploria204196,0.1177372
Pseudodiploria204197,-0.6585767
Pseudodiploria204199,0.5181406
Pseudodiploria204200,0.8455778
Pseudodiploria204201,0.4354138
Pseudodiploria204202,0.3555222
Pseudodiploria204204,-0.2302195
Pseudodiploria204206,-0.7278918
Pseudodiploria204207,-0.2226612
Pseudodiploria204208,-0.05815147
Pseudodiploria204209,0.3819882
Pseudodiploria204210,0.2316644
Pseudodiploria204212,0.1896011
Pseudodiploria204213,-0.009782461
Pseudodiploria204215,-0.7718916
Pseudodiploria204217,0.415851
Pseudodiploria204218,-0.1401491
Pseudodiploria204219,-0.8662477
Pseudodiploria204220,0.3820565
Pseudodiploria204221,-0.1029847
Pseudodiploria204222,0.1489957
Pseudodiploria204223,-0.4415558
Pseudodiploria204224,0.3361912
Pseudodiploria204228,0.503064
Pseudodiploria204229,-0.143501
Pseudodiploria204230,0.1010363
Pseudodiploria204231,-0.01388727
Pseudodiploria204232,-0.05478023
Pseudodiploria204233,0.3419299
Pseudodiploria204235,-0.3001444
Pseudodiploria204236,-1.13731
Pseudodiploria204239,-0.130673
Pseudodiploria204240,-0.01069687
Pseudodiploria204241,-0.2679261
Pseudodiploria204242,0.2323331
Pseudodiploria204243,0.3573326
Pseudodiploria204244,0.1675286
Pseudodiploria204245,0.2745567
Pseudodiploria204247,-0.1791124
Pseudodiploria204248,0.5727882
Pseudodiploria204250,0.01035473
Pseudodiploria204251,-1.079056
Pseudodiploria204253,0.1929415
Pseudodiploria204254,0.4261974
Pseudodiploria204255,-0.2402991
Pseudodiploria204257,0.08618125
Pseudodiploria204258,0.1479981
Pseudodiploria204259,-0.1108895
Pseudodiploria204260,0.1837506
Pseudodiploria204263,-0.3421516
Pseudodiploria204265,-0.1518379
Pseudodiploria204266,-0.08405431
Pseudodiploria204267,0.4021782
Pseudodiploria204269,-0.4610235
Pseudodiploria204270,-0.4409459
Pseudodiploria204271,-0.2582611
Pseudodiploria204272,-0.1494422
Pseudodiploria204273,-0.3428393
Pseudodiploria204274,0.239208
Pseudodiploria204275,0.02525275
Pseudodiploria204276,0.2014004
Pseudodiploria204277,0.06367234
Pseudodiploria204279,0.6869132
Pseudodiploria204280,0.05112531
Pseudodiploria204282,0.2829921
Pseudodiploria204283,0.1572371
Pseudodiploria204284,0.01841404
Pseudodiploria204285,0.05541502
Pseudodiploria204287,0.212461
Pseudodiploria204288,0.392732
Pseudodiploria204289,0.06498263
Pseudodiploria204290,-0.05093965
Pseudodiploria204291,0.07980597
Pseudodiploria204295,-0.1275177
Pseudodiploria204298,-0.4591603
Pseudodiploria204299,0.007375647
Pseudodiploria204300,0.9173979
Pseudodiploria204302,-0.2153796
Pseudodiploria204304,0.1810981
Pseudodiploria204305,0.7119335
Pseudodiploria204306,-0.1025577
Pseudodiploria204307,0.06221548
Pseudodiploria204308,0.3670716
Pseudodiploria204310,0.01374693
Pseudodiploria204311,0.4389829
Pseudodiploria204313,0.2662389
Pseudodiploria204316,-0.8382443
Pseudodiploria204317,0.7602675
Pseudodiploria204318,0.003899194
Pseudodiploria204319,-0.05038975
Pseudodiploria204320,-0.3033647
Pseudodiploria204327,-0.5976393
Pseudodiploria204328,-0.3018683
Pseudodiploria204329,-0.02014183
Pseudodiploria204330,0.06055921
Pseudodiploria204331,-0.03439451
Pseudodiploria204332,-0.4718189
Pseudodiploria204333,-0.003596588
Pseudodiploria204334,-0.2286047
Pseudodiploria204335,-0.05171477
Pseudodiploria204336,0.2494224
Pseudodiploria204337,-0.279942
Pseudodiploria204340,-0.03776307
Pseudodiploria204341,-0.4004701
Pseudodiploria204342,0.05334874
Pseudodiploria204344,-0.01951643
Pseudodiploria204345,-0.07044283
Pseudodiploria204346,-0.4270992
Pseudodiploria204347,-0.6971346
Pseudodiploria204348,0.2004932
Pseudodiploria204349,0.1976762
Pseudodiploria204350,0.1661958
Pseudodiploria204351,-0.21705
Pseudodiploria204354,-0.7453953
Pseudodiploria204355,0.02343932
Pseudodiploria204356,0.1406133
Pseudodiploria204357,0.7376677
Pseudodiploria204358,-0.1582314
Pseudodiploria204359,-0.1294772
Pseudodiploria204361,0.3459251
Pseudodiploria204362,-0.1976415
Pseudodiploria204363,-0.3223226
Pseudodiploria204364,-0.1060038
Pseudodiploria204365,-0.1375983
Pseudodiploria204366,0.6909327
Pseudodiploria204367,0.1099927
Pseudodiploria204368,-0.9182063
Pseudodiploria204369,0.6739009
Pseudodiploria204370,-1.164371
Pseudodiploria204371,-0.06761818
Pseudodiploria204372,0.8108051
Pseudodiploria204373,0.2713441
Pseudodiploria204374,0.05181161
Pseudodiploria204376,0.6623186
Pseudodiploria204377,-0.06725336
Pseudodiploria204378,-0.2886056
Pseudodiploria204379,-0.1035223
Pseudodiploria204380,0.08718716
Pseudodiploria204382,0.7031332
Pseudodiploria204384,0.02237684
Pseudodiploria204385,-0.1912636
Pseudodiploria204386,-0.1463044
Pseudodiploria204387,0.6760967
Pseudodiploria204388,-0.3961191
Pseudodiploria204389,0.2240051
Pseudodiploria204390,0.05041035
Pseudodiploria204391,-0.3754987
Pseudodiploria204395,-0.9682334
Pseudodiploria204396,0.2184738
Pseudodiploria204397,-0.536217
Pseudodiploria204398,-1.015657
Pseudodiploria204399,-0.1185662
Pseudodiploria204400,0.3543161
Pseudodiploria204402,-0.1052356
Pseudodiploria204404,0.3719577
Pseudodiploria204405,0.4397833
Pseudodiploria204406,0.1513513
Pseudodiploria204407,0.269347
Pseudodiploria204409,-0.3906317
Pseudodiploria204412,0.2141307
Pseudodiploria204413,0.411351
Pseudodiploria204414,-0.0346309
Pseudodiploria204415,0.02691209
Pseudodiploria204418,-0.3275041
Pseudodiploria204419,0.5313308
Pseudodiploria204420,-0.2368848
Pseudodiploria204421,-0.5888847
Pseudodiploria204422,0.01871448
Pseudodiploria204423,-0.2903333
Pseudodiploria204424,0.3589501
Pseudodiploria204425,0.05770245
Pseudodiploria204430,-0.06925287
Pseudodiploria204431,0.4991745
Pseudodiploria204432,0.2210747
Pseudodiploria204433,-0.4758251
Pseudodiploria204434,-0.4378796
Pseudodiploria204435,-0.1646174
Pseudodiploria204436,0.1990029
Pseudodiploria204437,-0.2728143
Pseudodiploria204438,-0.1886643
Pseudodiploria204440,-0.07095221
Pseudodiploria204441,0.0398836
Pseudodiploria204442,0.4565172
Pseudodiploria204443,-0.2985162
Pseudodiploria204444,0.5611834
Pseudodiploria204446,1.065026
Pseudodiploria204447,-0.4988099
Pseudodiploria204448,0.1328238
Pseudodiploria204449,-0.2524261
Pseudodiploria204452,0.535903
Pseudodiploria204455,0.1430775
Pseudodiploria204457,0.07536155
Pseudodiploria204458,-0.03416718
Pseudodiploria204459,-0.0391659
Pseudodiploria204460,0.676486
Pseudodiploria204461,0.06255633
Pseudodiploria204462,0.128892
Pseudodiploria204464,0.1093913
Pseudodiploria204468,0.07943231
Pseudodiploria204469,0.1484551
Pseudodiploria204470,-0.7673908
Pseudodiploria204472,1.05372
Pseudodiploria204473,0.0779543
Pseudodiploria204474,0.6460039
Pseudodiploria204476,-0.03001795
Pseudodiploria204477,0.165015
Pseudodiploria204481,-0.4032591
Pseudodiploria204483,-0.03244495
Pseudodiploria204484,0.02757158
Pseudodiploria204485,-0.1203792
Pseudodiploria204486,-0.01245076
Pseudodiploria204488,-0.08511619
Pseudodiploria204490,0.0421755
Pseudodiploria204491,0.4731722
Pseudodiploria204492,-0.361812
Pseudodiploria204493,0.455251
Pseudodiploria204495,0.04205502
Pseudodiploria204496,0.258397
Pseudodiploria204497,0.6000097
Pseudodiploria204498,0.2054935
Pseudodiploria204499,0.3420671
Pseudodiploria204500,0.2738915
Pseudodiploria204501,-0.01058652
Pseudodiploria204502,-0.00856504
Pseudodiploria204503,0.9475515
Pseudodiploria204504,0.07331509
Pseudodiploria204505,0.1050133
Pseudodiploria204506,0.3181376
Pseudodiploria204507,0.20266
Pseudodiploria204508,0.1637726
Pseudodiploria204509,-0.2962512
Pseudodiploria204510,-0.2078665
Pseudodiploria204511,0.007166469
Pseudodiploria204512,-0.1766144
Pseudodiploria204513,1.000642
Pseudodiploria204514,0.07997763
Pseudodiploria204515,0.02528406
Pseudodiploria204516,-0.9703725
Pseudodiploria204517,0.5122178
Pseudodiploria204519,0.4503409
Pseudodiploria204520,0.05291613
Pseudodiploria204523,-0.2115525
Pseudodiploria204525,0.1236213
Pseudodiploria204526,0.1852701
Pseudodiploria204527,-0.4310854
Pseudodiploria204528,-0.1988483
Pseudodiploria204529,-0.5107321
Pseudodiploria204530,-0.6639801
Pseudodiploria204531,-0.1155759
Pseudodiploria204533,0.2543786
Pseudodiploria204534,-0.3847163
Pseudodiploria204535,0.4231141
Pseudodiploria204536,0.006120356
Pseudodiploria204537,0.2268911
Pseudodiploria204540,0.09376889
Pseudodiploria204541,1.145754
Pseudodiploria204542,0.7082118
Pseudodiploria204545,-0.3209486
Pseudodiploria204547,0.1391528
Pseudodiploria204549,0.005680209
Pseudodiploria204550,-0.1819861
Pseudodiploria204552,1.322683
Pseudodiploria204553,0.1921263
Pseudodiploria204554,-0.1274942
Pseudodiploria204555,0.195251
Pseudodiploria204556,0.52843
Pseudodiploria204557,0.1988854
Pseudodiploria204559,-0.02697849
Pseudodiploria204560,0.02986947
Pseudodiploria204562,-0.09697415
Pseudodiploria204563,0.1723704
Pseudodiploria204564,0.3007205
Pseudodiploria204565,0.1024132
Pseudodiploria204566,-0.6611022
Pseudodiploria204567,0.02241942
Pseudodiploria204569,1.016772
Pseudodiploria204570,-0.04693642
Pseudodiploria204571,-0.7235157
Pseudodiploria204572,0.8301082
Pseudodiploria204573,-0.9259416
Pseudodiploria204574,0.4385331
Pseudodiploria204577,0.6529514
Pseudodiploria204579,0.2735355
Pseudodiploria204580,0.1760975
Pseudodiploria204581,-0.2293221
Pseudodiploria204582,-0.2087805
Pseudodiploria204583,1.013889
Pseudodiploria204586,0.1922094
Pseudodiploria204587,-0.1818617
Pseudodiploria204588,0.1689835
Pseudodiploria204589,-0.05730701
Pseudodiploria204590,-0.6984803
Pseudodiploria204591,-0.08233539
Pseudodiploria204594,0.04299708
Pseudodiploria204595,-0.4774331
Pseudodiploria204596,-0.8099532
Pseudodiploria204597,0.4875426
Pseudodiploria204599,0.6724324
Pseudodiploria204602,-0.3206466
Pseudodiploria204603,-0.03634086
Pseudodiploria204604,0.1721731
Pseudodiploria204605,0.09161554
Pseudodiploria204606,-0.1639984
Pseudodiploria204607,-0.09906674
Pseudodiploria204608,0.05736177
Pseudodiploria204609,-0.9144955
Pseudodiploria204613,0.05154583
Pseudodiploria204615,0.4112437
Pseudodiploria204616,0.965185
Pseudodiploria204618,0.06412369
Pseudodiploria204619,-0.6631449
Pseudodiploria204620,-0.1574809
Pseudodiploria204622,0.5186454
Pseudodiploria204623,-1.04544
Pseudodiploria204624,-0.7029988
Pseudodiploria204625,0.1341494
Pseudodiploria204626,-0.1761205
Pseudodiploria204627,0.1308204
Pseudodiploria204628,0.6151565
Pseudodiploria204629,0.2573015
Pseudodiploria204631,-0.2915454
Pseudodiploria204632,-0.03911439
Pseudodiploria204633,-0.0007503155
Pseudodiploria204634,0.1292779
Pseudodiploria204635,0.2394064
Pseudodiploria204636,0.07398167
Pseudodiploria204637,0.2375665
Pseudodiploria204638,-0.5773523
Pseudodiploria204639,-0.1369183
Pseudodiploria204640,0.8843567
Pseudodiploria204641,-0.2390417
Pseudodiploria204642,0.1958605
Pseudodiploria204643,0.1420342
Pseudodiploria204645,0.1174975
Pseudodiploria204647,0.02029382
Pseudodiploria204648,0.06634013
Pseudodiploria204649,-0.3669186
Pseudodiploria204650,0.1879567
Pseudodiploria204651,-0.1777452
Pseudodiploria204652,0.005272551
Pseudodiploria204653,-0.138797
Pseudodiploria204654,0.4757904
Pseudodiploria204655,0.3008401
Pseudodiploria204656,-0.2467695
Pseudodiploria204657,-0.2699561
Pseudodiploria204658,-0.05921742
Pseudodiploria204659,-0.1723713
Pseudodiploria204661,-0.04067013
Pseudodiploria204662,0.02738214
Pseudodiploria204663,0.4034484
Pseudodiploria204664,-0.07176897
Pseudodiploria204665,0.9141187
Pseudodiploria204667,0.9140244
Pseudodiploria204668,-0.2789211
Pseudodiploria204669,-0.7766938
Pseudodiploria204670,0.7277313
Pseudodiploria204671,-0.830815
Pseudodiploria204672,0.2847826
Pseudodiploria204673,-0.2239461
Pseudodiploria204675,-0.0718012
Pseudodiploria204676,0.05560466
Pseudodiploria204681,-0.3605137
Pseudodiploria204683,-0.3159181
Pseudodiploria204684,-0.0231619
Pseudodiploria204685,0.1780965
Pseudodiploria204687,0.03141521
Pseudodiploria204688,0.5042047
Pseudodiploria204689,0.06886732
Pseudodiploria204690,-0.0003179938
Pseudodiploria204691,-1.075347
Pseudodiploria204692,0.4928625
Pseudodiploria204693,-0.1379989
Pseudodiploria204694,-0.3320533
Pseudodiploria204695,0.2884079
Pseudodiploria204696,-0.1283296
Pseudodiploria204697,-0.7830247
Pseudodiploria204699,0.4822424
Pseudodiploria204700,-0.2796175
Pseudodiploria204701,0.05973717
Pseudodiploria204702,-0.06201688
Pseudodiploria204704,-0.636653
Pseudodiploria204705,-0.3178672
Pseudodiploria204706,0.5419885
Pseudodiploria204707,-0.1934594
Pseudodiploria204708,-0.09492334
Pseudodiploria204709,-0.4881956
Pseudodiploria204710,0.1646346
Pseudodiploria204711,0.4186032
Pseudodiploria204712,0.1803281
Pseudodiploria204715,0.6253376
Pseudodiploria204716,-0.1704174
Pseudodiploria204717,0.07459435
Pseudodiploria204718,-0.364928
Pseudodiploria204719,-0.2251717
Pseudodiploria204721,0.9333963
Pseudodiploria204722,0.2775836
Pseudodiploria204723,0.05519983
Pseudodiploria204724,-0.09973479
Pseudodiploria204726,-0.3017767
Pseudodiploria204727,1.900596
Pseudodiploria204728,-0.06418641
Pseudodiploria204729,0.2728323
Pseudodiploria204730,-0.2652092
Pseudodiploria204731,0.1949952
Pseudodiploria204732,0.2418891
Pseudodiploria204733,0.4425538
Pseudodiploria204734,0.3513786
Pseudodiploria204735,-0.5267392
Pseudodiploria204736,0.2817914
Pseudodiploria204737,-0.3936604
Pseudodiploria204738,-0.2265376
Pseudodiploria204739,0.1397675
Pseudodiploria204740,-0.07755206
Pseudodiploria204741,-0.3135617
Pseudodiploria204742,-0.3095076
Pseudodiploria204743,-0.50417
Pseudodiploria204744,0.4588828
Pseudodiploria204745,-0.0129182
Pseudodiploria204746,0.5264176
Pseudodiploria204747,0.1271728
Pseudodiploria204748,0.09641226
Pseudodiploria204749,-0.166979
Pseudodiploria204750,-0.3516526
Pseudodiploria204751,0.4754837
Pseudodiploria204752,-0.582078
Pseudodiploria204753,0.1298333
Pseudodiploria204754,0.1412474
Pseudodiploria204755,-0.1138465
Pseudodiploria204756,0.436387
Pseudodiploria204758,-0.2260582
Pseudodiploria204759,0.02715346
Pseudodiploria204760,0.9470337
Pseudodiploria204761,0.4522768
Pseudodiploria204762,-0.04735367
Pseudodiploria204763,-0.1685629
Pseudodiploria204764,-0.3687492
Pseudodiploria204765,-0.6813141
Pseudodiploria204767,0.1761316
Pseudodiploria204768,0.4012278
Pseudodiploria204769,-0.08858168
Pseudodiploria204770,0.4591254
Pseudodiploria204771,0.1955084
Pseudodiploria204772,-0.136644
Pseudodiploria204773,-0.7004852
Pseudodiploria204774,0.2418043
Pseudodiploria204775,0.4115541
Pseudodiploria204776,-0.4119263
Pseudodiploria204777,0.6538001
Pseudodiploria204778,-0.2884063
Pseudodiploria204779,0.3732151
Pseudodiploria204780,0.4592905
Pseudodiploria204781,0.05149712
Pseudodiploria204783,0.5311795
Pseudodiploria204784,0.7787873
Pseudodiploria204785,0.1399779
Pseudodiploria204787,0.09154091
Pseudodiploria204788,-0.1117081
Pseudodiploria204789,0.3868125
Pseudodiploria204790,0.1852508
Pseudodiploria204791,-0.1840317
Pseudodiploria204792,0.1003153
Pseudodiploria204793,-0.0281886
Pseudodiploria204794,0.09656767
Pseudodiploria204795,0.4697507
Pseudodiploria204796,0.2404624
Pseudodiploria204797,1.044268
Pseudodiploria204798,0.2824211
Pseudodiploria204799,0.4998208
Pseudodiploria204800,0.02576904
Pseudodiploria204801,0.08033807
Pseudodiploria204802,-0.06342006
Pseudodiploria204803,-0.1907744
Pseudodiploria204804,0.6018823
Pseudodiploria204805,-0.07562072
Pseudodiploria204807,-0.2869923
Pseudodiploria204808,0.5860859
Pseudodiploria204809,-0.1075964
Pseudodiploria204810,0.128508
Pseudodiploria204811,0.1452579
Pseudodiploria204812,0.2503881
Pseudodiploria204813,-0.05365224
Pseudodiploria204814,-0.0531275
Pseudodiploria204815,-0.3198598
Pseudodiploria204816,-0.1118153
Pseudodiploria204818,-0.3190797
Pseudodiploria204819,0.7076172
Pseudodiploria204820,-0.4469613
Pseudodiploria204821,-0.2247483
Pseudodiploria204822,0.04379969
Pseudodiploria204823,0.6655819
Pseudodiploria204827,0.3379241
Pseudodiploria204828,-0.07772025
Pseudodiploria204829,-0.5936092
Pseudodiploria204830,-0.4235333
Pseudodiploria204831,-0.07793828
Pseudodiploria204832,0.2781598
Pseudodiploria204833,-0.5242773
Pseudodiploria204834,0.4919955
Pseudodiploria204835,-0.1957618
Pseudodiploria204836,0.0297884
Pseudodiploria204837,0.03316895
Pseudodiploria204838,0.09197668
Pseudodiploria204840,0.3095473
Pseudodiploria204841,-0.1938297
Pseudodiploria204842,0.1495919
Pseudodiploria204843,0.3786009
Pseudodiploria204844,0.1247083
Pseudodiploria204845,0.1754012
Pseudodiploria204846,-0.2432265
Pseudodiploria204847,0.1699511
Pseudodiploria204848,0.1068311
Pseudodiploria204849,-1.391543
Pseudodiploria204850,0.1371787
Pseudodiploria204852,-0.5441682
Pseudodiploria204853,-0.05813833
Pseudodiploria204854,-0.09615768
Pseudodiploria204855,0.2518156
Pseudodiploria204856,0.7228736
Pseudodiploria204857,0.1446206
Pseudodiploria204858,0.6216398
Pseudodiploria204859,-0.144514
Pseudodiploria204860,0.347047
Pseudodiploria204861,0.3764016
Pseudodiploria204862,0.1263888
Pseudodiploria204863,0.3525796
Pseudodiploria204864,1.252198
Pseudodiploria204866,-0.0001184725
Pseudodiploria204868,-0.09079861
Pseudodiploria204869,0.1211785
Pseudodiploria204870,0.1304919
Pseudodiploria204872,0.3077016
Pseudodiploria204873,0.03766919
Pseudodiploria204874,0.378425
Pseudodiploria204876,0.1953708
Pseudodiploria204878,0.1065987
Pseudodiploria204879,0.137143
Pseudodiploria204882,-0.4993942
Pseudodiploria204883,0.2057406
Pseudodiploria204884,0.1605353
Pseudodiploria204885,0.3380844
Pseudodiploria204886,0.01102354
Pseudodiploria204887,0.4694004
Pseudodiploria204888,0.3812891
Pseudodiploria204889,0.02251347
Pseudodiploria204890,0.4737474
Pseudodiploria204891,-0.2666303
Pseudodiploria204892,0.02569243
Pseudodiploria204893,-0.1660802
Pseudodiploria204895,0.1700205
Pseudodiploria204897,-0.05142845
Pseudodiploria204898,0.1175502
Pseudodiploria204899,-0.0980375
Pseudodiploria204900,-0.1107183
Pseudodiploria204901,-0.2608373
Pseudodiploria204902,0.5024396
Pseudodiploria204903,-0.1765687
Pseudodiploria204905,0.08215523
Pseudodiploria204906,0.08755953
Pseudodiploria204908,-0.6827767
Pseudodiploria204909,-1.166855
Pseudodiploria204910,0.6420289
Pseudodiploria204911,0.2966665
Pseudodiploria204912,-0.2514524
Pseudodiploria204913,-0.2564682
Pseudodiploria204914,0.1630473
Pseudodiploria204915,-0.0429235
Pseudodiploria204916,0.3147394
Pseudodiploria204917,-0.5826456
Pseudodiploria204919,0.579881
Pseudodiploria204920,-0.2441214
Pseudodiploria204921,-0.1370694
Pseudodiploria204922,-0.1453911
Pseudodiploria204923,0.09542776
Pseudodiploria204924,0.1305473
Pseudodiploria204925,0.5395606
Pseudodiploria204929,0.57713
Pseudodiploria204930,0.2210912
Pseudodiploria204932,0.1034593
Pseudodiploria204933,-0.275589
Pseudodiploria204934,-0.001226239
Pseudodiploria204935,0.160003
Pseudodiploria204936,-1.062509
Pseudodiploria204937,-0.01475704
Pseudodiploria204938,0.4733069
Pseudodiploria204940,0.3920632
Pseudodiploria204941,-0.2089871
Pseudodiploria204943,-0.3047651
Pseudodiploria204944,-0.1589968
Pseudodiploria204945,-0.2243071
Pseudodiploria204947,0.2125942
Pseudodiploria204948,-0.20774
Pseudodiploria204949,-0.08331488
Pseudodiploria204950,-0.2056069
Pseudodiploria204951,-0.8045483
Pseudodiploria204952,-0.1944928
Pseudodiploria204953,-0.4496064
Pseudodiploria204954,0.3783356
Pseudodiploria204955,-0.4356128
Pseudodiploria204957,-0.4062543
Pseudodiploria204958,0.2666279
Pseudodiploria204959,-0.2467095
Pseudodiploria204961,0.1410557
Pseudodiploria204962,-0.007519398
Pseudodiploria204963,-0.4375995
Pseudodiploria204964,-0.5488047
Pseudodiploria204965,-0.07462947
Pseudodiploria204967,0.2803451
Pseudodiploria204968,-0.00915984
Pseudodiploria204969,0.227457
Pseudodiploria204970,0.5385451
Pseudodiploria204971,0.1470806
Pseudodiploria204974,-0.8188379
Pseudodiploria204975,-0.3325843
Pseudodiploria204977,-0.3209706
Pseudodiploria204979,0.8102583
Pseudodiploria204980,-0.2068215
Pseudodiploria204981,0.04664995
Pseudodiploria204982,0.1997652
Pseudodiploria204983,0.07377872
Pseudodiploria204984,-0.2833885
Pseudodiploria204985,-0.00324843
Pseudodiploria204986,0.007721172
Pseudodiploria204987,-0.01470446
Pseudodiploria204988,1.172547
Pseudodiploria204989,0.2323688
Pseudodiploria204990,-0.6558588
Pseudodiploria204991,1.050432
Pseudodiploria204994,0.1692378
Pseudodiploria204995,-0.5051609
Pseudodiploria204997,0.07122241
Pseudodiploria204998,0.3631826
Pseudodiploria204999,0.2445436
Pseudodiploria205000,-0.05509026
Pseudodiploria205001,2.772974
Pseudodiploria205002,0.1700099
Pseudodiploria205004,-0.4060008
Pseudodiploria205005,0.3018011
Pseudodiploria205006,0.4420482
Pseudodiploria205007,0.4031099
Pseudodiploria205008,-0.01497064
Pseudodiploria205009,0.4039587
Pseudodiploria205010,-0.7585988
Pseudodiploria205011,0.005455572
Pseudodiploria205012,0.1978701
Pseudodiploria205013,0.3386653
Pseudodiploria205015,0.1347642
Pseudodiploria205016,0.5757608
Pseudodiploria205017,0.1535731
Pseudodiploria205018,-0.2759475
Pseudodiploria205019,0.2946068
Pseudodiploria205020,-0.273028
Pseudodiploria205021,0.4401932
Pseudodiploria205022,-0.7319474
Pseudodiploria205023,0.2828561
Pseudodiploria205024,-0.1918427
Pseudodiploria205025,0.4876957
Pseudodiploria205026,0.12469
Pseudodiploria205029,0.2027441
Pseudodiploria205030,0.1111912
Pseudodiploria205032,-0.04095164
Pseudodiploria205033,0.4459281
Pseudodiploria205034,0.4856667
Pseudodiploria205035,-0.7408383
Pseudodiploria205036,0.2821958
Pseudodiploria205037,0.1000768
Pseudodiploria205038,0.01184286
Pseudodiploria205039,-0.2739697
Pseudodiploria205040,0.3447869
Pseudodiploria205041,0.4332746
Pseudodiploria205042,0.413769
Pseudodiploria205043,0.1500269
Pseudodiploria205044,-1.413447
Pseudodiploria205045,-0.2022588
Pseudodiploria205046,-0.2381137
Pseudodiploria205047,-0.1595934
Pseudodiploria205048,0.5985356
Pseudodiploria205049,-1.139309
Pseudodiploria205050,0.105143
Pseudodiploria205051,0.01352601
Pseudodiploria205052,0.1259768
Pseudodiploria205053,-0.078217
Pseudodiploria205054,0.2512044
Pseudodiploria205055,0.3630439
Pseudodiploria205057,-0.1698799
Pseudodiploria205058,-0.02773045
Pseudodiploria205059,0.2380441
Pseudodiploria205060,-0.2498327
Pseudodiploria205061,-0.1224459
Pseudodiploria205062,0.9588932
Pseudodiploria205063,-0.316178
Pseudodiploria205064,0.1913014
Pseudodiploria205065,-0.1242928
Pseudodiploria205066,-0.2985319
Pseudodiploria205067,0.07424279
Pseudodiploria205068,0.5095307
Pseudodiploria205070,-0.1490298
Pseudodiploria205071,-0.3108544
Pseudodiploria205073,0.380408
Pseudodiploria205074,0.1162299
Pseudodiploria205076,-0.3839873
Pseudodiploria205077,0.002243859
Pseudodiploria205078,-0.1016077
Pseudodiploria205080,0.2377144
Pseudodiploria205081,0.2282414
Pseudodiploria205082,0.4432376
Pseudodiploria205083,0.4696872
Pseudodiploria205084,0.3012546
Pseudodiploria205085,0.01811875
Pseudodiploria205086,0.07962577
Pseudodiploria205087,-0.5907866
Pseudodiploria205088,-0.07736869
Pseudodiploria205089,0.8682707
Pseudodiploria205090,0.04661815
Pseudodiploria205091,0.1836183
Pseudodiploria205092,-0.1922888
Pseudodiploria205093,0.005938551
Pseudodiploria205094,-0.0009204979
Pseudodiploria205097,0.5914824
Pseudodiploria205099,0.2757049
Pseudodiploria205100,-0.03812365
Pseudodiploria205101,0.03883575
Pseudodiploria205102,0.05522387
Pseudodiploria205103,-0.1987229
Pseudodiploria205104,-0.3714632
Pseudodiploria205105,-0.03534343
Pseudodiploria205106,0.6380496
Pseudodiploria205107,0.1268745
Pseudodiploria205108,0.2263708
Pseudodiploria205109,0.7735711
Pseudodiploria205110,0.161788
Pseudodiploria205111,0.7386959
Pseudodiploria205112,0.1736135
Pseudodiploria205113,0.1486488
Pseudodiploria205115,0.8144361
Pseudodiploria205116,-0.05633884
Pseudodiploria205117,-0.6395402
Pseudodiploria205118,0.2907543
Pseudodiploria205120,-0.6522446
Pseudodiploria205121,-0.02285932
Pseudodiploria205122,-0.09016888
Pseudodiploria205123,-0.02774009
Pseudodiploria205124,-0.06662605
Pseudodiploria205125,0.2390499
Pseudodiploria205126,-0.09617589
Pseudodiploria205128,0.1708852
Pseudodiploria205129,0.06345858
Pseudodiploria205130,-0.3487399
Pseudodiploria205131,0.05100839
Pseudodiploria205134,0.446784
Pseudodiploria205136,0.3366189
Pseudodiploria205137,0.3439399
Pseudodiploria205138,0.07490126
Pseudodiploria205139,0.06366423
Pseudodiploria205140,0.286125
Pseudodiploria205141,-0.09057102
Pseudodiploria205142,0.07905064
Pseudodiploria205143,-0.4484551
Pseudodiploria205144,-0.0429825
Pseudodiploria205146,0.03890904
Pseudodiploria205147,0.02671149
Pseudodiploria205148,-0.06894437
Pseudodiploria205149,-0.1415885
Pseudodiploria205151,-0.1714046
Pseudodiploria205152,0.3594062
Pseudodiploria205153,0.4535208
Pseudodiploria205154,0.1707637
Pseudodiploria205156,-0.6381328
Pseudodiploria205157,-0.4401822
Pseudodiploria205158,-0.09251727
Pseudodiploria205159,0.2406898
Pseudodiploria205160,-0.1531642
Pseudodiploria205162,0.2598785
Pseudodiploria205163,0.3906625
Pseudodiploria205164,-0.1308216
Pseudodiploria205165,0.03414709
Pseudodiploria205166,0.01478404
Pseudodiploria205167,0.7571625
Pseudodiploria205168,0.01762499
Pseudodiploria205169,0.3807762
Pseudodiploria205170,0.101793
Pseudodiploria205171,0.6044933
Pseudodiploria205172,0.1464914
Pseudodiploria205173,0.446527
Pseudodiploria205174,0.3621081
Pseudodiploria205176,-0.06683837
Pseudodiploria205177,-0.1839998
Pseudodiploria205178,0.103997
Pseudodiploria205179,-0.02376549
Pseudodiploria205180,0.264565
Pseudodiploria205182,-0.02969298
Pseudodiploria205183,-0.05450366
Pseudodiploria205184,-0.2605278
Pseudodiploria205186,-0.09026242
Pseudodiploria205187,0.2655825
Pseudodiploria205188,-0.250751
Pseudodiploria205189,-0.0131012
Pseudodiploria205191,0.2850002
Pseudodiploria205192,0.2783622
Pseudodiploria205193,0.5381538
Pseudodiploria205194,-0.2925384
Pseudodiploria205195,0.3276753
Pseudodiploria205196,-0.03967276
Pseudodiploria205197,0.2540011
Pseudodiploria205198,-0.1748241
Pseudodiploria205200,0.08925863
Pseudodiploria205201,0.02633524
Pseudodiploria205202,0.1448853
Pseudodiploria205203,0.05344287
Pseudodiploria205204,0.1835478
Pseudodiploria205205,-0.04233809
Pseudodiploria205206,-0.1293928
Pseudodiploria205208,0.2786047
Pseudodiploria205209,0.8931721
Pseudodiploria205210,-0.1053697
Pseudodiploria205211,0.4328079
Pseudodiploria205212,-0.2468528
Pseudodiploria205213,0.06457497
Pseudodiploria205215,0.5475058
Pseudodiploria205216,0.02532266
Pseudodiploria205217,0.5798149
Pseudodiploria205218,0.02064216
Pseudodiploria205219,-0.1202468
Pseudodiploria205220,0.09809179
Pseudodiploria205221,0.09067875
Pseudodiploria205222,0.137044
Pseudodiploria205223,-0.003402818
Pseudodiploria205224,0.03218729
Pseudodiploria205225,-2.198906
Pseudodiploria205226,-0.04065015
Pseudodiploria205227,0.6524537
Pseudodiploria205228,-0.05290298
Pseudodiploria205229,-0.01694577
Pseudodiploria205230,-0.04941128
Pseudodiploria205231,-0.09057047
Pseudodiploria205232,0.02861906
Pseudodiploria205233,-0.4254176
Pseudodiploria205234,0.2855419
Pseudodiploria205235,-0.1572586
Pseudodiploria205237,-0.0610633
Pseudodiploria205238,0.8604183
Pseudodiploria205239,0.2416532
Pseudodiploria205240,-0.2591734
Pseudodiploria205241,0.1556737
Pseudodiploria205242,0.4488066
Pseudodiploria205243,0.6994811
Pseudodiploria205244,0.22562
Pseudodiploria205245,-0.1057947
Pseudodiploria205246,0.007830782
Pseudodiploria205247,0.1953874
Pseudodiploria205248,-0.01589299
Pseudodiploria205250,0.09866476
Pseudodiploria205252,0.4652165
Pseudodiploria205253,0.002862759
Pseudodiploria205254,0.06852811
Pseudodiploria205255,0.2327004
Pseudodiploria205256,-0.05231284
Pseudodiploria205257,-0.06947656
Pseudodiploria205258,-0.08578544
Pseudodiploria205259,0.01735007
Pseudodiploria205260,-0.01415858
Pseudodiploria205261,-0.2597176
Pseudodiploria205262,0.3800929
Pseudodiploria205263,0.3377267
Pseudodiploria205264,0.4290732
Pseudodiploria205265,-0.1163813
Pseudodiploria205266,0.2056842
Pseudodiploria205267,0.08698488
Pseudodiploria205268,0.4484105
Pseudodiploria205269,0.1201468
Pseudodiploria205270,-0.005475344
Pseudodiploria205272,0.3404507
Pseudodiploria205273,0.3729907
Pseudodiploria205274,0.1224097
Pseudodiploria205275,0.2411894
Pseudodiploria205276,-0.03354586
Pseudodiploria205277,0.07587199
Pseudodiploria205278,0.3629007
Pseudodiploria205279,0.3583329
Pseudodiploria205280,-0.5624189
Pseudodiploria205281,0.7420642
Pseudodiploria205282,-0.729133
Pseudodiploria205283,0.4414043
Pseudodiploria205284,-0.7873166
Pseudodiploria205285,-0.04169471
Pseudodiploria205286,-0.1770775
Pseudodiploria205287,-0.04008287
Pseudodiploria205288,0.7249095
Pseudodiploria205289,-0.2221543
Pseudodiploria205290,0.04000087
Pseudodiploria205291,0.1809359
Pseudodiploria205292,0.3046494
Pseudodiploria205293,0.4214705
Pseudodiploria205294,-0.1566009
Pseudodiploria205295,-0.0611969
Pseudodiploria205296,-0.1136302
Pseudodiploria205297,0.123293
Pseudodiploria205298,0.2662938
Pseudodiploria205299,0.5438704
Pseudodiploria205300,0.1825963
Pseudodiploria205301,0.09777694
Pseudodiploria205302,-0.1942728
Pseudodiploria205304,0.6156783
Pseudodiploria205305,-0.03386945
Pseudodiploria205306,0.3680895
Pseudodiploria205307,0.04925604
Pseudodiploria205308,0.3049751
Pseudodiploria205309,-0.1202143
Pseudodiploria205310,0.4581378
Pseudodiploria205311,0.2029554
Pseudodiploria205312,-0.06952744
Pseudodiploria205313,-0.05085272
Pseudodiploria205314,0.08596894
Pseudodiploria205315,-0.1205102
Pseudodiploria205316,0.4682224
Pseudodiploria205317,0.08807367
Pseudodiploria205318,-0.1277861
Pseudodiploria205319,-0.1415766
Pseudodiploria205320,-0.1254228
Pseudodiploria205321,0.3939081
Pseudodiploria205322,-0.1669223
Pseudodiploria205323,-0.4165373
Pseudodiploria205324,0.1774763
Pseudodiploria205325,-0.08638096
Pseudodiploria205326,0.07937242
Pseudodiploria205327,0.2055986
Pseudodiploria205328,0.4029237
Pseudodiploria205329,0.4233233
Pseudodiploria205330,0.4020747
Pseudodiploria205331,0.224657
Pseudodiploria205332,-0.5487021
Pseudodiploria205333,0.201778
Pseudodiploria205334,-0.1122636
Pseudodiploria205336,0.361508
Pseudodiploria205337,0.4855414
Pseudodiploria205338,0.04005713
Pseudodiploria205339,0.06069339
Pseudodiploria205340,0.1075212
Pseudodiploria205342,0.6676024
Pseudodiploria205343,0.2952786
Pseudodiploria205344,-0.03066622
Pseudodiploria205345,0.08555971
Pseudodiploria205346,0.9212726
Pseudodiploria205347,0.2140452
Pseudodiploria205348,0.0685791
Pseudodiploria205349,0.286713
Pseudodiploria205350,0.06975087
Pseudodiploria205351,0.01804348
Pseudodiploria205352,-0.03734303
Pseudodiploria205353,-0.1170035
Pseudodiploria205354,0.2401451
Pseudodiploria205355,0.08716312
Pseudodiploria205356,-0.0763563
Pseudodiploria205357,-0.2123821
Pseudodiploria205358,-0.2738508
Pseudodiploria205359,0.2692615
Pseudodiploria205360,0.2268138
Pseudodiploria205361,-0.07082701
Pseudodiploria205362,-0.1168845
Pseudodiploria205363,0.4230649
Pseudodiploria205365,0.2036389
Pseudodiploria205366,-0.1775994
Pseudodiploria205367,0.2092308
Pseudodiploria205368,-0.4957173
Pseudodiploria205369,0.3403823
Pseudodiploria205370,0.332167
Pseudodiploria205371,-0.1854991
Pseudodiploria205372,-0.1553865
Pseudodiploria205374,-0.01398867
Pseudodiploria205375,0.03079067
Pseudodiploria205376,-0.912821
Pseudodiploria205377,0.393039
Pseudodiploria205378,-0.08785233
Pseudodiploria205379,-0.1218603
Pseudodiploria205380,0.2733198
Pseudodiploria205381,-0.4816166
Pseudodiploria205382,0.4147019
Pseudodiploria205383,-0.6015328
Pseudodiploria205384,0.585376
Pseudodiploria205385,0.9132304
Pseudodiploria205386,-0.01579944
Pseudodiploria205387,0.05552801
Pseudodiploria205389,-0.2953696
Pseudodiploria205390,0.1596458
Pseudodiploria205392,0.09153297
Pseudodiploria205393,-0.2059184
Pseudodiploria205394,-0.1871277
Pseudodiploria205395,0.8667186
Pseudodiploria205396,0.1315677
Pseudodiploria205397,0.1324217
Pseudodiploria205398,0.002145015
Pseudodiploria205399,0.08918759
Pseudodiploria205400,-0.8129528
Pseudodiploria205401,0.1363453
Pseudodiploria205402,0.3098728
Pseudodiploria205403,-0.01506371
Pseudodiploria205404,-0.2033993
Pseudodiploria205405,0.2307821
Pseudodiploria205406,-0.9469403
Pseudodiploria205407,-0.1003489
Pseudodiploria205408,-0.4228689
Pseudodiploria205409,0.01825962
Pseudodiploria20541,0.5982369
Pseudodiploria205410,0.2609528
Pseudodiploria205411,0.4172578
Pseudodiploria205412,0.2637126
Pseudodiploria205413,0.3288705
Pseudodiploria205414,0.6442224
Pseudodiploria205415,0.04473558
Pseudodiploria205416,-0.0002140362
Pseudodiploria205417,0.2221464
Pseudodiploria205418,0.3960004
Pseudodiploria205419,-0.1202282
Pseudodiploria205420,-0.08684134
Pseudodiploria205421,0.02687088
Pseudodiploria205422,0.5334766
Pseudodiploria205423,0.4878516
Pseudodiploria205424,0.1731748
Pseudodiploria205425,-0.02115869
Pseudodiploria205426,1.027219
Pseudodiploria205427,-0.1099002
Pseudodiploria205428,-0.1735543
Pseudodiploria205429,-0.6825634
Pseudodiploria205430,0.1910132
Pseudodiploria205431,-0.04149089
Pseudodiploria205432,0.3977197
Pseudodiploria205433,-0.02786343
Pseudodiploria205434,0.002332705
Pseudodiploria205435,0.4013732
Pseudodiploria205436,0.0915864
Pseudodiploria205437,0.2677399
Pseudodiploria205438,0.05204236
Pseudodiploria205439,0.2665406
Pseudodiploria205440,-0.1436655
Pseudodiploria205441,-0.1185214
Pseudodiploria205442,-0.1252405
Pseudodiploria205443,0.4989545
Pseudodiploria205444,0.2539715
Pseudodiploria205445,0.4899742
Pseudodiploria205446,0.03762146
Pseudodiploria205447,0.3197446
Pseudodiploria205448,0.0857499
Pseudodiploria205449,-0.287665
Pseudodiploria205450,-0.1487958
Pseudodiploria205452,-0.1843852
Pseudodiploria205453,0.3021549
Pseudodiploria205454,-0.06281432
Pseudodiploria205455,0.5394017
Pseudodiploria205456,0.1095759
Pseudodiploria205457,-1.041883
Pseudodiploria205458,-0.02492438
Pseudodiploria205459,0.1070765
Pseudodiploria205460,-0.03184103
Pseudodiploria205461,0.1668734
Pseudodiploria205462,-0.3957888
Pseudodiploria205463,0.08957825
Pseudodiploria205464,-0.3185805
Pseudodiploria205465,0.02741193
Pseudodiploria205466,-0.08287825
Pseudodiploria205467,0.1864684
Pseudodiploria205468,0.9880522
Pseudodiploria205469,-0.1304363
Pseudodiploria205470,0.9653403
Pseudodiploria205471,0.4221357
Pseudodiploria205472,0.2739565
Pseudodiploria205474,0.1030874
Pseudodiploria205475,0.0157749
Pseudodiploria205476,0.003646066
Pseudodiploria205477,0.01851369
Pseudodiploria205478,0.006792
Pseudodiploria205479,-0.2415852
Pseudodiploria205480,0.002476125
Pseudodiploria205481,0.1924809
Pseudodiploria205482,0.1384455
Pseudodiploria205483,0.09556926
Pseudodiploria205484,0.3198267
Pseudodiploria205485,-0.2261806
Pseudodiploria205486,0.2003067
Pseudodiploria205487,-0.1293758
Pseudodiploria205488,-0.6076829
Pseudodiploria205489,0.07340216
Pseudodiploria205490,-0.02550874
Pseudodiploria205491,-0.4708753
Pseudodiploria205492,0.06265134
Pseudodiploria205493,0.09626187
Pseudodiploria205494,0.317933
Pseudodiploria205495,-0.08494405
Pseudodiploria205496,0.2243125
Pseudodiploria205497,-0.09012511
Pseudodiploria205498,-0.03135936
Pseudodiploria205499,0.0007699606
Pseudodiploria205500,0.5632185
Pseudodiploria205501,-0.02371449
Pseudodiploria205502,-0.1065328
Pseudodiploria205503,0.1009927
Pseudodiploria205504,0.09090018
Pseudodiploria205505,0.4157669
Pseudodiploria205506,0.158362
Pseudodiploria205507,0.08637192
Pseudodiploria205508,-0.06095127
Pseudodiploria205509,0.2839503
Pseudodiploria205510,-0.06006196
Pseudodiploria205511,-1.166086
Pseudodiploria205512,0.2022925
Pseudodiploria205513,2.002177
Pseudodiploria205514,0.2850218
Pseudodiploria205515,-0.006298184
Pseudodiploria205516,0.02648021
Pseudodiploria205517,0.9315551
Pseudodiploria205518,0.2233037
Pseudodiploria205519,0.4365391
Pseudodiploria205520,0.7289457
Pseudodiploria205521,0.2438667
Pseudodiploria205522,0.204125
Pseudodiploria205523,-0.1049193
Pseudodiploria205524,0.3006711
Pseudodiploria205525,-0.1030902
Pseudodiploria205526,0.3350581
Pseudodiploria205527,0.5038314
Pseudodiploria205528,0.07597182
Pseudodiploria205529,-0.07230875
Pseudodiploria205530,0.251238
Pseudodiploria205531,0.004816994
Pseudodiploria205532,-0.04395895
Pseudodiploria205533,0.6045801
Pseudodiploria205534,0.3134116
Pseudodiploria205535,0.4869106
Pseudodiploria205536,0.334235
Pseudodiploria205537,-0.0424586
Pseudodiploria205538,-0.5533811
Pseudodiploria205539,0.3215026
Pseudodiploria205540,-0.5345378
Pseudodiploria205541,0.4458782
Pseudodiploria205542,-0.07612377
Pseudodiploria205543,0.1738499
Pseudodiploria205544,0.5577257
Pseudodiploria205545,0.1184484
Pseudodiploria205546,0.02716032
Pseudodiploria205547,0.05844084
Pseudodiploria205549,-0.01075627
Pseudodiploria205550,-0.2160359
Pseudodiploria205551,0.446022
Pseudodiploria205552,0.08055822
Pseudodiploria205553,0.380569
Pseudodiploria205554,0.02333398
Pseudodiploria205555,0.09487549
Pseudodiploria205556,-0.2149024
Pseudodiploria205557,0.6763013
Pseudodiploria205558,0.1780004
Pseudodiploria205559,0.1626846
Pseudodiploria205560,0.154497
Pseudodiploria205561,0.05456956
Pseudodiploria205562,0.2327652
Pseudodiploria205563,0.01328925
Pseudodiploria205564,0.07850379
Pseudodiploria205565,0.3698344
Pseudodiploria205566,0.2770654
Pseudodiploria205567,0.2281311
Pseudodiploria205568,0.02316892
Pseudodiploria205569,-0.1235854
Pseudodiploria205570,0.204973
Pseudodiploria205571,-0.1431055
Pseudodiploria205572,-0.02819272
Pseudodiploria205573,0.1884915
Pseudodiploria205574,0.106977
Pseudodiploria205575,0.3236494
Pseudodiploria20727,0.9067996
Pseudodiploria20736,0.07578047
Pseudodiploria21091,0.3920687
Pseudodiploria212375,0.250537
Pseudodiploria213373,0.813613
Pseudodiploria214270,-2.025356
Pseudodiploria215462,-0.1078642
Pseudodiploria21592,0.1244051
Pseudodiploria21626,0.4007721
Pseudodiploria216854,0.1449503
Pseudodiploria219147,0.07976291
Pseudodiploria22050,-0.7276137
Pseudodiploria222347,-0.6195996
Pseudodiploria22562,-0.1136032
Pseudodiploria22727,-0.4702449
Pseudodiploria22818,-0.7514453
Pseudodiploria22924,0.03879392
Pseudodiploria229953,-1.381182
Pseudodiploria232031,0.01358083
Pseudodiploria233980,-0.02128002
Pseudodiploria234131,0.04976347
Pseudodiploria234480,-0.5831995
Pseudodiploria234626,0.1636185
Pseudodiploria23589,1.126938
Pseudodiploria236055,0.06232934
Pseudodiploria238978,-0.6600908
Pseudodiploria244456,0.205203
Pseudodiploria244539,-0.5655637
Pseudodiploria245929,1.869603
Pseudodiploria246332,0.05640872
Pseudodiploria247421,-0.04231419
Pseudodiploria24939,-0.6342264
Pseudodiploria249717,0.6642624
Pseudodiploria250624,1.533442
Pseudodiploria251329,-0.4150453
Pseudodiploria251786,-0.9300162
Pseudodiploria252869,-1.080342
Pseudodiploria25499,0.3891232
Pseudodiploria26035,0.3074049
Pseudodiploria26211,-0.6223895
Pseudodiploria263582,1.344995
Pseudodiploria263983,0.6326853
Pseudodiploria264033,0.6860483
Pseudodiploria264345,0.3965628
Pseudodiploria264476,2.400849
Pseudodiploria266972,0.1711096
Pseudodiploria267186,3.360359
Pseudodiploria270243,0.5254353
Pseudodiploria271325,0.3643204
Pseudodiploria273216,-0.1801767
Pseudodiploria276884,-0.139181
Pseudodiploria279832,-0.5805738
Pseudodiploria281665,-0.8609168
Pseudodiploria283855,-0.4603872
Pseudodiploria28432,-0.1620313
Pseudodiploria284379,-0.3780099
Pseudodiploria287196,-0.05784845
Pseudodiploria287824,-0.2561143
Pseudodiploria28803,-2.093685
Pseudodiploria29032,-0.362874
Pseudodiploria29238,-0.684273
Pseudodiploria293394,-0.6068773
Pseudodiploria299687,0.08627839
Pseudodiploria30264,-0.04471273
Pseudodiploria30316,0.08265939
Pseudodiploria304480,0.4473546
Pseudodiploria30721,-0.05627535
Pseudodiploria307406,-0.3398699
Pseudodiploria307949,-0.1712615
Pseudodiploria308557,-0.4464072
Pseudodiploria309003,0.5748095
Pseudodiploria310053,0.5377073
Pseudodiploria312354,0.4618569
Pseudodiploria31760,-0.2028724
Pseudodiploria319325,-0.5376129
Pseudodiploria32329,-0.2087072
Pseudodiploria323387,0.8919971
Pseudodiploria326217,0.8465923
Pseudodiploria326492,0.7594761
Pseudodiploria32751,0.7973822
Pseudodiploria327719,0.5105212
Pseudodiploria328981,0.7844358
Pseudodiploria331839,0.04633914
Pseudodiploria33256,-0.07336116
Pseudodiploria332636,-1.673542
Pseudodiploria333170,0.4562935
Pseudodiploria334777,0.419171
Pseudodiploria335280,-0.5107129
Pseudodiploria335428,-0.3069214
Pseudodiploria335842,-0.3106362
Pseudodiploria336430,-1.631897
Pseudodiploria34037,0.02550315
Pseudodiploria341077,-0.5585486
Pseudodiploria34205,-0.2240038
Pseudodiploria34222,-0.114451
Pseudodiploria342959,-0.00928911
Pseudodiploria34479,-0.03305868
Pseudodiploria34681,0.6511766
Pseudodiploria348436,0.02263887
Pseudodiploria350992,0.954003
Pseudodiploria35284,-0.09469053
Pseudodiploria353617,0.0999757
Pseudodiploria35591,0.6343748
Pseudodiploria35625,-0.6811358
Pseudodiploria356374,-0.242153
Pseudodiploria356459,0.8427983
Pseudodiploria357568,-0.2452045
Pseudodiploria361051,-0.6171188
Pseudodiploria36132,0.9907405
Pseudodiploria361420,0.02784075
Pseudodiploria361513,-2.444799
Pseudodiploria361831,-0.140404
Pseudodiploria36217,0.3005002
Pseudodiploria36587,-0.5615935
Pseudodiploria368413,0.1800073
Pseudodiploria369843,1.709634
Pseudodiploria370373,-0.3764622
Pseudodiploria371390,-0.8703727
Pseudodiploria371782,1.135724
Pseudodiploria372185,-0.1730266
Pseudodiploria37249,-0.7317303
Pseudodiploria373175,-1.122381
Pseudodiploria375084,0.4734921
Pseudodiploria375114,-0.933566
Pseudodiploria375694,-0.4804381
Pseudodiploria37673,-0.1865218
Pseudodiploria37797,0.1075366
Pseudodiploria3786,0.5095116
Pseudodiploria381675,1.458264
Pseudodiploria382883,1.689038
Pseudodiploria38525,0.1245638
Pseudodiploria38534,0.6086807
Pseudodiploria386198,-0.3514323
Pseudodiploria386221,-0.05009513
Pseudodiploria387785,-0.2353205
Pseudodiploria38911,0.3420613
Pseudodiploria39521,0.6326335
Pseudodiploria397183,0.6517163
Pseudodiploria397291,-0.3494952
Pseudodiploria39730,-0.6770905
Pseudodiploria398600,-1.806302
Pseudodiploria399232,-0.1936155
Pseudodiploria400924,-0.2395547
Pseudodiploria40559,-1.802768
Pseudodiploria405770,-1.426159
Pseudodiploria406784,0.5635211
Pseudodiploria409655,-0.1432367
Pseudodiploria409797,-0.5125881
Pseudodiploria410650,0.1729388
Pseudodiploria411222,-0.1526858
Pseudodiploria4115,-0.2769219
Pseudodiploria411926,-0.2094998
Pseudodiploria41380,0.2336857
Pseudodiploria413827,-0.02081407
Pseudodiploria41413,0.1938607
Pseudodiploria41532,0.3865249
Pseudodiploria416553,-0.232231
Pseudodiploria416636,0.2324537
Pseudodiploria418101,-0.09809176
Pseudodiploria42675,-1.094042
Pseudodiploria43500,0.003196508
Pseudodiploria4400,-0.4530915
Pseudodiploria44593,-1.755708
Pseudodiploria44698,-0.3151406
Pseudodiploria44813,0.7313679
Pseudodiploria46077,0.8625158
Pseudodiploria46207,-0.7682718
Pseudodiploria46525,-0.2139199
Pseudodiploria46675,0.09884086
Pseudodiploria47067,1.667451
Pseudodiploria48586,0.8996175
Pseudodiploria4919,0.3223
Pseudodiploria51011,-0.972719
Pseudodiploria51935,0.03284743
Pseudodiploria5202,0.5435113
Pseudodiploria52249,-0.001775157
Pseudodiploria53773,0.6736857
Pseudodiploria54417,1.376767
Pseudodiploria54727,0.2632355
Pseudodiploria55302,-0.4471376
Pseudodiploria55315,-0.2456824
Pseudodiploria55828,-0.8887788
Pseudodiploria56223,0.3253351
Pseudodiploria56372,0.4588362
Pseudodiploria56411,0.3933956
Pseudodiploria56418,-0.4789576
Pseudodiploria56496,0.05679676
Pseudodiploria56532,-1.345669
Pseudodiploria56593,0.1470007
Pseudodiploria56622,-0.05100344
Pseudodiploria56690,1.349848
Pseudodiploria57229,-0.2764441
Pseudodiploria57413,-1.546551
Pseudodiploria57633,0.9186762
Pseudodiploria57800,1.31315
Pseudodiploria58156,-0.1001913
Pseudodiploria58247,-0.629115
Pseudodiploria58478,-0.5670705
Pseudodiploria58677,-0.2546625
Pseudodiploria5871,-0.1880594
Pseudodiploria58856,-0.08866193
Pseudodiploria59004,-0.6587951
Pseudodiploria59109,0.149112
Pseudodiploria59469,0.4875439
Pseudodiploria59748,0.2424493
Pseudodiploria59922,-0.325189
Pseudodiploria60125,1.242248
Pseudodiploria60163,0.6717935
Pseudodiploria60243,0.7942647
Pseudodiploria6026,1.219971
Pseudodiploria60451,-0.4483954
Pseudodiploria60543,0.2042547
Pseudodiploria60712,0.4640982
Pseudodiploria60744,0.5390577
Pseudodiploria60843,0.1489131
Pseudodiploria60855,0.7106007
Pseudodiploria61034,0.1544628
Pseudodiploria61129,0.008694297
Pseudodiploria61580,0.7403654
Pseudodiploria62234,-1.113728
Pseudodiploria62304,0.3159484
Pseudodiploria62723,0.6120961
Pseudodiploria62818,-0.9186736
Pseudodiploria63028,0.1981292
Pseudodiploria63031,-0.175762
Pseudodiploria63211,0.4712954
Pseudodiploria63413,-0.2610382
Pseudodiploria63621,-0.3367122
Pseudodiploria63717,-1.746754
Pseudodiploria63792,-2.054286
Pseudodiploria64020,1.179192
Pseudodiploria64249,0.3814805
Pseudodiploria64254,-0.4587367
Pseudodiploria64345,0.4684198
Pseudodiploria64447,-0.2304573
Pseudodiploria64577,-1.60152
Pseudodiploria6462,0.4720019
Pseudodiploria64782,0.08591547
Pseudodiploria64997,0.7434766
Pseudodiploria65066,-0.05147869
Pseudodiploria65094,0.9459457
Pseudodiploria65113,-0.009243706
Pseudodiploria65240,0.5324289
Pseudodiploria65268,0.1024702
Pseudodiploria65299,0.46707
Pseudodiploria65570,-0.2896115
Pseudodiploria65684,-0.04369007
Pseudodiploria65766,0.2452945
Pseudodiploria65855,-0.2570325
Pseudodiploria65906,0.5490247
Pseudodiploria65957,1.318367
Pseudodiploria66019,0.6223446
Pseudodiploria66163,-0.06742936
Pseudodiploria6621,0.07605247
Pseudodiploria66327,0.0554065
Pseudodiploria66540,0.3161362
Pseudodiploria66544,1.10815
Pseudodiploria66571,0.1086994
Pseudodiploria66583,-0.1672598
Pseudodiploria66688,0.5925773
Pseudodiploria66723,-1.164685
Pseudodiploria66779,1.055161
Pseudodiploria66983,0.4792041
Pseudodiploria67035,0.1840471
Pseudodiploria67058,0.3931585
Pseudodiploria6707,-0.6529181
Pseudodiploria67127,1.736507
Pseudodiploria67193,-0.4291268
Pseudodiploria67275,-0.4106057
Pseudodiploria67309,-1.015858
Pseudodiploria67436,-0.725312
Pseudodiploria67488,-0.5455151
Pseudodiploria6753,-0.9574804
Pseudodiploria67714,-0.9391446
Pseudodiploria67717,-0.8372444
Pseudodiploria67733,0.5453584
Pseudodiploria67814,0.8802903
Pseudodiploria68007,0.1090435
Pseudodiploria68068,-0.1554844
Pseudodiploria68113,0.02995057
Pseudodiploria68168,-0.8158754
Pseudodiploria68281,-0.1157809
Pseudodiploria68288,0.405862
Pseudodiploria68411,0.1766433
Pseudodiploria68911,0.0116008
Pseudodiploria69085,0.1003143
Pseudodiploria69481,-0.3824906
Pseudodiploria69636,0.5174771
Pseudodiploria69670,-0.9314226
Pseudodiploria69718,-0.2068623
Pseudodiploria69948,0.3292588
Pseudodiploria69958,-0.2304909
Pseudodiploria70234,0.8826372
Pseudodiploria70580,0.1510582
Pseudodiploria70903,-0.7513879
Pseudodiploria71324,0.9367012
Pseudodiploria71456,-0.005114666
Pseudodiploria71545,-0.6737299
Pseudodiploria71567,-0.7311446
Pseudodiploria71695,0.2536237
Pseudodiploria71757,1.051505
Pseudodiploria71842,-0.1064107
Pseudodiploria72136,-0.2753663
Pseudodiploria72144,0.02477454
Pseudodiploria72189,-0.0439779
Pseudodiploria72207,-0.334261
Pseudodiploria72249,0.7795583
Pseudodiploria72306,-0.1870892
Pseudodiploria72367,-1.62543
Pseudodiploria72471,0.03185255
Pseudodiploria72652,0.2475374
Pseudodiploria72679,0.3349255
Pseudodiploria72697,0.0953379
Pseudodiploria72826,-0.5497741
Pseudodiploria72881,-0.00369747
Pseudodiploria73014,0.2673683
Pseudodiploria73083,-0.2510392
Pseudodiploria73198,0.9680589
Pseudodiploria73382,0.4255427
Pseudodiploria73624,-0.298933
Pseudodiploria73864,-0.4400142
Pseudodiploria73891,-0.5751313
Pseudodiploria74022,0.2306421
Pseudodiploria74026,-0.4029614
Pseudodiploria74161,0.4727021
Pseudodiploria74238,-0.4937349
Pseudodiploria74294,0.2278451
Pseudodiploria74414,-0.1972727
Pseudodiploria74516,0.4855002
Pseudodiploria74531,0.5028128
Pseudodiploria74815,-0.4980549
Pseudodiploria74892,1.261552
Pseudodiploria74904,-1.005129
Pseudodiploria74978,-0.8787232
Pseudodiploria75094,-0.1239171
Pseudodiploria75288,-0.8762772
Pseudodiploria75507,-0.1721411
Pseudodiploria7553,-0.4048576
Pseudodiploria75603,-1.04134
Pseudodiploria75610,1.450362
Pseudodiploria75812,0.4764443
Pseudodiploria75839,-0.08741709
Pseudodiploria76066,-0.8971438
Pseudodiploria76144,-0.3218122
Pseudodiploria76164,-1.194957
Pseudodiploria76426,-0.155064
Pseudodiploria76464,1.802525
Pseudodiploria76518,-0.8459701
Pseudodiploria76557,-0.421689
Pseudodiploria76749,0.1661326
Pseudodiploria76789,0.9055908
Pseudodiploria76855,-0.8366628
Pseudodiploria76858,0.4445381
Pseudodiploria76976,-0.6183489
Pseudodiploria77160,0.0886458
Pseudodiploria77300,0.4597534
Pseudodiploria77303,0.4767453
Pseudodiploria77367,0.07121313
Pseudodiploria77504,-0.3453402
Pseudodiploria77522,-0.02956277
Pseudodiploria77559,-0.2436829
Pseudodiploria77585,0.126362
Pseudodiploria78507,-0.1995941
Pseudodiploria78729,-0.191029
Pseudodiploria78732,1.133588
Pseudodiploria78835,-1.156613
Pseudodiploria78860,-0.8062834
Pseudodiploria78952,0.7428565
Pseudodiploria79185,-0.370269
Pseudodiploria79189,0.8421668
Pseudodiploria79380,0.7446398
Pseudodiploria79481,-0.23383
Pseudodiploria79561,0.07293748
Pseudodiploria79606,-0.3506496
Pseudodiploria79837,1.020266
Pseudodiploria79880,0.3087556
Pseudodiploria80124,-0.1277009
Pseudodiploria8016,0.1793135
Pseudodiploria80228,0.5534498
Pseudodiploria80350,0.424564
Pseudodiploria8037,-0.931262
Pseudodiploria80425,0.2196098
Pseudodiploria80508,0.2874094
Pseudodiploria80831,-0.3085593
Pseudodiploria80880,-0.01229144
Pseudodiploria80906,0.005193173
Pseudodiploria8103,-0.7000315
Pseudodiploria81085,-0.6469697
Pseudodiploria81979,-0.57141
Pseudodiploria82470,0.3565117
Pseudodiploria82579,0.1765622
Pseudodiploria82612,0.2569765
Pseudodiploria82689,0.04181163
Pseudodiploria83015,0.2677941
Pseudodiploria83045,-0.16895
Pseudodiploria83077,-0.5052806
Pseudodiploria83362,-0.6598052
Pseudodiploria83397,2.000239
Pseudodiploria83439,-0.300292
Pseudodiploria83478,0.03964791
Pseudodiploria83483,1.045936
Pseudodiploria83515,0.8505772
Pseudodiploria83773,-1.214608
Pseudodiploria83788,-0.01717743
Pseudodiploria83929,0.2802865
Pseudodiploria83945,0.4879648
Pseudodiploria84093,0.9515666
Pseudodiploria84348,-0.1755761
Pseudodiploria8435,0.3715803
Pseudodiploria84375,0.1796038
Pseudodiploria84433,-0.07967237
Pseudodiploria84521,0.7540357
Pseudodiploria84583,1.306155
Pseudodiploria84650,0.3507196
Pseudodiploria84800,-0.07780099
Pseudodiploria84865,3.07764
Pseudodiploria84919,1.003408
Pseudodiploria84923,-1.02379
Pseudodiploria85148,0.416656
Pseudodiploria85306,0.2700369
Pseudodiploria85345,0.2336598
Pseudodiploria85536,0.07154274
Pseudodiploria85660,1.005561
Pseudodiploria85917,-0.1561763
Pseudodiploria85920,0.5916484
Pseudodiploria86006,0.5839474
Pseudodiploria86081,0.7086066
Pseudodiploria86112,0.5905354
Pseudodiploria86128,0.257441
Pseudodiploria86542,-0.930473
Pseudodiploria86631,0.3081263
Pseudodiploria86697,-0.9171759
Pseudodiploria86736,0.136478
Pseudodiploria86881,1.369212
Pseudodiploria86945,-0.4277116
Pseudodiploria8695,0.4761838
Pseudodiploria86956,0.03884911
Pseudodiploria86968,1.90698
Pseudodiploria87002,0.1136153
Pseudodiploria87053,0.8277362
Pseudodiploria87219,0.7567249
Pseudodiploria87276,-0.3004282
Pseudodiploria87282,0.1861792
Pseudodiploria87352,-0.2776222
Pseudodiploria87365,0.318963
Pseudodiploria87445,0.286079
Pseudodiploria87487,1.146061
Pseudodiploria87697,0.07216993
Pseudodiploria87774,-0.1863389
Pseudodiploria87804,-0.1188662
Pseudodiploria87990,-0.3924338
Pseudodiploria88035,-1.098682
Pseudodiploria88074,0.4012204
Pseudodiploria88127,0.3958246
Pseudodiploria88200,-0.2357243
Pseudodiploria88202,-0.7470619
Pseudodiploria88205,0.2836453
Pseudodiploria88315,0.1954245
Pseudodiploria88473,-0.04127659
Pseudodiploria88496,-0.02726641
Pseudodiploria88536,0.2145098
Pseudodiploria88573,-0.3358313
Pseudodiploria88682,-0.7753092
Pseudodiploria88738,0.5270445
Pseudodiploria88918,-0.5699155
Pseudodiploria88932,0.4179521
Pseudodiploria88951,0.2913616
Pseudodiploria89031,-0.4433079
Pseudodiploria89066,1.388032
Pseudodiploria89412,1.280279
Pseudodiploria89525,0.8529759
Pseudodiploria89677,-0.1154668
Pseudodiploria89803,1.090113
Pseudodiploria89810,-0.7300867
Pseudodiploria89849,0.5868035
Pseudodiploria89890,0.4626061
Pseudodiploria89927,0.6926253
Pseudodiploria89956,-0.5903875
Pseudodiploria90125,-0.8890219
Pseudodiploria90132,0.5243711
Pseudodiploria90141,-0.437403
Pseudodiploria90155,-0.009599285
Pseudodiploria90187,0.3120153
Pseudodiploria90311,0.3719697
Pseudodiploria90364,0.7418559
Pseudodiploria90429,0.3934417
Pseudodiploria90460,0.3981253
Pseudodiploria90464,-0.1518578
Pseudodiploria90486,-0.5604587
Pseudodiploria90594,-0.8316053
Pseudodiploria90735,-0.8457015
Pseudodiploria90846,-0.2508838
Pseudodiploria90861,-0.01117018
Pseudodiploria90874,-0.08293418
Pseudodiploria90914,0.1616139
Pseudodiploria91075,0.6916299
Pseudodiploria91090,0.1870956
Pseudodiploria91130,-0.1968478
Pseudodiploria91199,0.02039641
Pseudodiploria91227,-0.3855422
Pseudodiploria91252,-0.4727104
Pseudodiploria91406,-0.7174622
Pseudodiploria91422,-0.2279657
Pseudodiploria91437,0.1991283
Pseudodiploria91533,0.2111215
Pseudodiploria91604,-0.1521498
Pseudodiploria91715,0.4636633
Pseudodiploria91718,-0.1702429
Pseudodiploria91753,-1.107762
Pseudodiploria91825,0.2424906
Pseudodiploria9193,1.803676
Pseudodiploria92287,-0.1624473
Pseudodiploria923,-0.1661299
Pseudodiploria92399,0.009980598
Pseudodiploria92419,-0.4556459
Pseudodiploria92534,0.1931709
Pseudodiploria92651,-0.1493429
Pseudodiploria92817,0.01460287
Pseudodiploria93195,0.296831
Pseudodiploria93260,-0.2267077
Pseudodiploria93319,0.725067
Pseudodiploria93361,-0.5236665
Pseudodiploria93435,0.9290908
Pseudodiploria93499,0.9464532
Pseudodiploria93531,0.02964057
Pseudodiploria93551,0.03905129
Pseudodiploria93553,0.1993208
Pseudodiploria93648,0.464909
Pseudodiploria93691,-0.02572609
Pseudodiploria93757,0.1722986
Pseudodiploria93758,0.1321929
Pseudodiploria93819,-1.112356
Pseudodiploria93826,-0.1410032
Pseudodiploria93848,0.09087709
Pseudodiploria93885,0.07476667
Pseudodiploria93906,0.2125892
Pseudodiploria93921,-0.004717134
Pseudodiploria9408,-0.2195873
Pseudodiploria94108,0.002303935
Pseudodiploria94158,0.3544343
Pseudodiploria94370,0.1925135
Pseudodiploria94414,-0.2871575
Pseudodiploria94416,0.3742692
Pseudodiploria94476,0.3944778
Pseudodiploria94559,0.4235454
Pseudodiploria94570,0.1902517
Pseudodiploria94605,0.2308844
Pseudodiploria94657,-0.4670886
Pseudodiploria94680,-0.2622287
Pseudodiploria94759,1.003528
Pseudodiploria94815,-0.8020321
Pseudodiploria95126,0.08352115
Pseudodiploria95241,0.3674214
Pseudodiploria95284,-0.07067317
Pseudodiploria95529,0.8945929
Pseudodiploria95541,0.05636656
Pseudodiploria95545,-0.2634776
Pseudodiploria95668,1.956056
Pseudodiploria95701,-0.7663876
Pseudodiploria95707,-0.4875198
Pseudodiploria95872,2.017314
Pseudodiploria96045,-1.206288
Pseudodiploria96103,-0.2521195
Pseudodiploria96305,1.402704
Pseudodiploria96342,-0.1177762
Pseudodiploria96456,0.5806654
Pseudodiploria96519,-0.2106153
Pseudodiploria96554,0.4034045
Pseudodiploria96573,-0.9374241
Pseudodiploria96611,-0.143067
Pseudodiploria96644,0.638062
Pseudodiploria96656,-0.8883373
Pseudodiploria96710,-0.473783
Pseudodiploria96854,-1.403822
Pseudodiploria96886,0.2716372
Pseudodiploria96903,-0.1938112
Pseudodiploria96966,0.2713446
Pseudodiploria97146,-0.1919449
Pseudodiploria97289,0.2186928
Pseudodiploria97310,0.4139749
Pseudodiploria97420,0.4144747
Pseudodiploria97723,-0.256967
Pseudodiploria97764,0.7941702
Pseudodiploria97776,-0.5282618
Pseudodiploria97796,0.6454571
Pseudodiploria97895,0.3720953
Pseudodiploria97937,-0.4265503
Pseudodiploria97995,0.9250823
Pseudodiploria98008,0.03875644
Pseudodiploria98046,0.0278523
Pseudodiploria98049,-0.006661454
Pseudodiploria98081,0.7335937
Pseudodiploria98085,-0.1913556
Pseudodiploria98087,-0.1129667
Pseudodiploria98173,0.05715021
Pseudodiploria98255,0.3617512
Pseudodiploria98386,-0.2236521
Pseudodiploria98427,0.3328834
Pseudodiploria98466,1.03082
Pseudodiploria98478,0.484995
Pseudodiploria98546,0.111963
Pseudodiploria98643,0.2549002
Pseudodiploria98663,0.4991509
Pseudodiploria98801,1.247345
Pseudodiploria98809,0.4651487
Pseudodiploria98909,1.931336
Pseudodiploria98936,0.4595649
Pseudodiploria99002,-0.1087684
Pseudodiploria99058,-1.488246
Pseudodiploria99111,-0.1524219
Pseudodiploria99279,0.2305467
Pseudodiploria99294,0.07549788
Pseudodiploria99428,0.8456014
Pseudodiploria99465,0.9707382
Pseudodiploria99598,0.1230583
Pseudodiploria99599,-0.4093856
Pseudodiploria99627,-0.9357079
Pseudodiploria99899,-0.2296461
Pseudodiploria99944,-0.4950031
