gene,lpv
Pseudodiploria164233,-0.133331424083498
Pseudodiploria164235,0.0763211069229897
Pseudodiploria164308,-0.0454462229485567
Pseudodiploria164312,0.0291486094347368
Pseudodiploria164314,-0.0242684827958791
Pseudodiploria164330,0.0269560038346307
Pseudodiploria164335,0.00633718335556019
Pseudodiploria164343,0.0932239612971331
Pseudodiploria164353,0.0330837659048868
Pseudodiploria164358,0.218561974182051
Pseudodiploria164361,-0.0263129851784473
Pseudodiploria164366,-0.0416565018479693
Pseudodiploria164382,-0.112730616060476
Pseudodiploria164393,-0.0181813426435269
Pseudodiploria164401,-0.0536675087390578
Pseudodiploria164412,-0.030828978480879
Pseudodiploria164416,-0.054786695813094
Pseudodiploria164437,0.212447961427275
Pseudodiploria164444,0.727286212636679
Pseudodiploria164445,-0.0228327847740096
Pseudodiploria164446,-0.10901492881863
Pseudodiploria164452,-0.382497691784273
Pseudodiploria164456,0.347317321967757
Pseudodiploria164472,0.128138712893503
Pseudodiploria164478,-0.239026978947246
Pseudodiploria164493,0.239920020462924
Pseudodiploria164497,-0.0726125579484285
Pseudodiploria164503,0.00116229498903307
Pseudodiploria164519,0.0918334631404722
Pseudodiploria164531,-0.25519532211631
Pseudodiploria164549,0.0249027998155114
Pseudodiploria164566,0.382497691784273
Pseudodiploria164570,0.0406792655363461
Pseudodiploria164572,-0.252773270606782
Pseudodiploria164590,-0.0388524889531566
Pseudodiploria164595,0.00150084064563322
Pseudodiploria164612,-0.16900772355619
Pseudodiploria164622,0.111380988292737
Pseudodiploria164624,-0.261704256810273
Pseudodiploria164627,0.122896086091804
Pseudodiploria164628,-0.00999133167041006
Pseudodiploria164629,0.28358581597889
Pseudodiploria164634,0.0793951304523601
Pseudodiploria164646,0.215838079272981
Pseudodiploria164647,0.190567715107587
Pseudodiploria164655,-0.0868335106979527
Pseudodiploria164681,-0.0109466942752514
Pseudodiploria164697,-0.52684846248026
Pseudodiploria164735,0.200560307059481
Pseudodiploria164748,-0.0488738456325959
Pseudodiploria164762,0.0659877567074604
Pseudodiploria164764,-0.00259383844789118
Pseudodiploria164777,0.128461106305692
Pseudodiploria164780,-0.0360410597649232
Pseudodiploria164795,-0.172021189304938
Pseudodiploria164798,0.1006758020664
Pseudodiploria164810,0.312397312678251
Pseudodiploria164812,0.0384984176960937
Pseudodiploria164835,0.778748322150164
Pseudodiploria164853,-0.355670440493477
Pseudodiploria164857,0.0513050064663257
Pseudodiploria164858,-0.27872959651647
Pseudodiploria164874,0.0549656491984672
Pseudodiploria164875,-0.158402629056949
Pseudodiploria164885,-0.00601137516909222
Pseudodiploria164895,-0.178410045155115
Pseudodiploria164897,0.17467569604464
Pseudodiploria164907,-0.00166938260831778
Pseudodiploria164915,-0.179912427164272
Pseudodiploria164921,0.0539984190905284
Pseudodiploria164935,-0.0498596767144571
Pseudodiploria164946,0.430083096753717
Pseudodiploria164962,-0.00984814230989525
Pseudodiploria164968,-0.244250862267867
Pseudodiploria164969,0.231887578055366
Pseudodiploria164980,0.0131091372359897
Pseudodiploria164990,-0.0215283051809636
Pseudodiploria164991,0.131661193189697
Pseudodiploria164993,-0.121779156776975
Pseudodiploria164997,-0.131661193189697
Pseudodiploria165019,-0.0908812335766666
Pseudodiploria165027,-0.758813229094559
Pseudodiploria165047,-0.0823253435775463
Pseudodiploria165082,-0.00755400621463598
Pseudodiploria165105,-0.220363818153541
Pseudodiploria165106,-0.691349076188028
Pseudodiploria165119,0.0367743648887114
Pseudodiploria165123,-0.0824729825666632
Pseudodiploria165131,0.37291820396381
Pseudodiploria165132,0.00966944179233039
Pseudodiploria165140,0.0127326110625214
Pseudodiploria165149,-0.51183270035581
Pseudodiploria165151,-0.296987591248989
Pseudodiploria165155,0.0177255841891697
Pseudodiploria165180,0.020608594979212
Pseudodiploria165200,-0.00985493844864605
Pseudodiploria165214,0.661685426469543
Pseudodiploria165230,-0.092198305918271
Pseudodiploria165237,-0.0228810321846523
Pseudodiploria165276,-0.00259909752696102
Pseudodiploria165277,0.0172430971129502
Pseudodiploria165280,0.113507034534837
Pseudodiploria165290,0.0360410597649232
Pseudodiploria165292,1.24530944638087
Pseudodiploria165348,-0.0072044161971498
Pseudodiploria165375,-0.0474190908279118
Pseudodiploria165376,-0.104658752594719
Pseudodiploria165388,0.118571361228379
Pseudodiploria165391,0.111422637988982
Pseudodiploria165409,0.364333089984997
Pseudodiploria165412,0.00740667945876018
Pseudodiploria165418,-0.0378323452122705
Pseudodiploria165429,0.451110494755233
Pseudodiploria165438,-1.20101692226923
Pseudodiploria165441,-0.0217048141592268
Pseudodiploria165458,0.000857782728764128
Pseudodiploria165463,0.0107258645202738
Pseudodiploria165468,0.477114198889799
Pseudodiploria165495,-0.0554949745242309
Pseudodiploria165500,-0.0629712670662687
Pseudodiploria165503,-0.0109584347606963
Pseudodiploria165506,0.0757306837059309
Pseudodiploria165522,-0.0569740844958047
Pseudodiploria165526,-0.149882172213734
Pseudodiploria165536,0.118571361228379
Pseudodiploria165538,-0.00150084064563322
Pseudodiploria165563,-0.0748871210882699
Pseudodiploria165566,0.00166938260831778
Pseudodiploria165572,0.0498596767144571
Pseudodiploria165592,0.349384428409259
Pseudodiploria165598,-0.140256304268261
Pseudodiploria165604,-0.0314869001051083
Pseudodiploria165605,0.0715195228815361
Pseudodiploria165613,-0.281803724107751
Pseudodiploria165626,0.209853296279145
Pseudodiploria165629,-0.00752070592628983
Pseudodiploria165656,0.153179095184884
Pseudodiploria165662,-0.12679622167885
Pseudodiploria165688,-0.366331291552752
Pseudodiploria165689,-0.281706967850093
Pseudodiploria165697,-0.400345494937656
Pseudodiploria165700,0.163733296617289
Pseudodiploria165707,0.0520373403286872
Pseudodiploria165714,-0.167948488881502
Pseudodiploria165727,0.146185611840187
Pseudodiploria165737,0.0571709053794902
Pseudodiploria165744,-0.468378297248796
Pseudodiploria165745,0.0520373403286872
Pseudodiploria165754,0.0351516157598553
Pseudodiploria165765,0.00887057842557879
Pseudodiploria165774,-0.00885894532179681
Pseudodiploria165799,0.0433975445906089
Pseudodiploria165811,-0.138510447927047
Pseudodiploria165817,0.0228810321846523
Pseudodiploria165824,0.079336957143971
Pseudodiploria165830,0.0112179051449366
Pseudodiploria165837,-0.677582186307724
Pseudodiploria165848,-0.00829015913475163
Pseudodiploria165858,-0.139731547020529
Pseudodiploria165873,0.231894794306648
Pseudodiploria165884,-0.0123755890716489
Pseudodiploria165888,0.697020738164318
Pseudodiploria165903,0.132508702053249
Pseudodiploria165908,0.0583297927224579
Pseudodiploria165918,0.252809606289538
Pseudodiploria165922,-0.00464602739414049
Pseudodiploria165927,-0.00752070592628983
Pseudodiploria165929,-0.366223448508823
Pseudodiploria165941,0.112012082473997
Pseudodiploria165952,0.0128065421028733
Pseudodiploria165982,0.0354283631419961
Pseudodiploria165995,0.188382015597652
Pseudodiploria165997,1.06556931250526
Pseudodiploria166015,0.0569740844958047
Pseudodiploria166027,-0.0293312664472142
Pseudodiploria166037,0.05015437695734
Pseudodiploria166044,-0.129375013292325
Pseudodiploria166061,-0.0206489937957451
Pseudodiploria166067,1.35446679821956
Pseudodiploria166072,0.10025319270387
Pseudodiploria166077,-0.672445361097508
Pseudodiploria166086,-0.0773021501051254
Pseudodiploria166088,-0.776576876517638
Pseudodiploria166097,-0.126835014264632
Pseudodiploria166101,0.0456985762646337
Pseudodiploria166106,-0.00293321269522687
Pseudodiploria166107,0.118571361228379
Pseudodiploria166116,0.252773270606782
Pseudodiploria166133,0.0629233139443061
Pseudodiploria166150,0.00752070592628983
Pseudodiploria166151,-0.200849720875987
Pseudodiploria166156,0.116751463659221
Pseudodiploria166171,0.00867980296142241
Pseudodiploria166176,0.0599154076776022
Pseudodiploria166179,-0.0552218449000678
Pseudodiploria166183,0.302070787212758
Pseudodiploria166186,0.111019692455206
Pseudodiploria166193,-0.430083096753717
Pseudodiploria166194,0.261704256810273
Pseudodiploria166197,-0.252360770683421
Pseudodiploria166200,0.101162141722685
Pseudodiploria166201,-0.0333889088723173
Pseudodiploria166207,0.0027216740068393
Pseudodiploria166217,0.211369463472415
Pseudodiploria166221,-0.00441985355920151
Pseudodiploria166235,-0.00988057563603837
Pseudodiploria166268,0.122285105978726
Pseudodiploria166287,-0.150419729682014
Pseudodiploria166294,0.389930662941082
Pseudodiploria166304,-0.312228420926031
Pseudodiploria166306,-0.102257581242178
Pseudodiploria166311,0.0433551013360765
Pseudodiploria166326,-0.0240917772255452
Pseudodiploria166343,-0.160479055345267
Pseudodiploria166358,-0.530586260203535
Pseudodiploria166370,0.0119433755140726
Pseudodiploria166375,-0.106553768626964
Pseudodiploria166380,-0.0130639361804647
Pseudodiploria166404,0.0504705694226379
Pseudodiploria166409,-0.175223201486934
Pseudodiploria166432,0.402223981027073
Pseudodiploria166433,0.292980811033979
Pseudodiploria166437,0.0395367229852093
Pseudodiploria166438,-0.0516213150465251
Pseudodiploria166446,0.173298203746362
Pseudodiploria166451,0.00888995730718087
Pseudodiploria166459,0.388842462154508
Pseudodiploria166466,-0.180136467476209
Pseudodiploria166478,0.19170517731073
Pseudodiploria166480,0.32086260437223
Pseudodiploria166481,-0.0947381400607948
Pseudodiploria166488,0.00135557974001646
Pseudodiploria166489,-0.00752070592628983
Pseudodiploria166500,-0.257761192623984
Pseudodiploria166512,0.107271972101072
Pseudodiploria166516,-0.00752070592628983
Pseudodiploria166530,-0.0967145474517059
Pseudodiploria166568,0.0813597975032887
Pseudodiploria166574,-0.0268579029074487
Pseudodiploria166584,-0.0579898427485898
Pseudodiploria166585,0.0932239612971331
Pseudodiploria166594,-0.22155031393928
Pseudodiploria166604,0.046336705092564
Pseudodiploria166605,-0.0398790822661408
Pseudodiploria166610,0.285502196327008
Pseudodiploria166659,-0.149882172213734
Pseudodiploria166660,0.0599154076776022
Pseudodiploria166663,-0.276795664448246
Pseudodiploria166682,0.1387494565997
Pseudodiploria166687,-0.380597331952056
Pseudodiploria166691,0.226097162834866
Pseudodiploria166694,0.0350363317338229
Pseudodiploria166695,-0.220746272690332
Pseudodiploria166708,0.0718949133327151
Pseudodiploria166737,0.00286338823494678
Pseudodiploria166740,-0.296987591248989
Pseudodiploria166741,0.0843353423824519
Pseudodiploria166752,0.125165231760402
Pseudodiploria166760,0.0365098323793731
Pseudodiploria166768,-0.206417056711054
Pseudodiploria166782,0.0177746559089545
Pseudodiploria166787,-0.140256304268261
Pseudodiploria166791,0.264759987023492
Pseudodiploria166796,0.0267076200181193
Pseudodiploria166798,0.465258651915898
Pseudodiploria166823,-0.0624978577576575
Pseudodiploria166827,0.0993208280632776
Pseudodiploria166865,-0.00460445094605495
Pseudodiploria166874,-1.09836441659463
Pseudodiploria166885,0.00318333553466577
Pseudodiploria166895,0.166595001313353
Pseudodiploria166896,0.0200981216376129
Pseudodiploria166902,-0.0952797022530706
Pseudodiploria166918,0.0726125579484285
Pseudodiploria166945,-0.0182253586348746
Pseudodiploria166974,0.0699589824709768
Pseudodiploria166978,0.162627351258695
Pseudodiploria166984,0.0817518085919977
Pseudodiploria166997,0.00887057842557879
Pseudodiploria167009,-0.0306558594668759
Pseudodiploria167015,0.026816437407241
Pseudodiploria167028,-0.0292029881990653
Pseudodiploria167040,-0.00788157032292564
Pseudodiploria167046,-0.00752070592628983
Pseudodiploria167047,0.0813597975032887
Pseudodiploria167050,0.0307210812486968
Pseudodiploria167064,0.343097064972705
Pseudodiploria167070,-0.154166650749067
Pseudodiploria167074,0.267727649965258
Pseudodiploria167077,0.018945603640231
Pseudodiploria167087,-0.0150899162251253
Pseudodiploria167090,0.0753449958098662
Pseudodiploria167101,0.0379838652474427
Pseudodiploria167103,-0.0181813426435269
Pseudodiploria167113,0.0954537410775285
Pseudodiploria167121,0.122949539717688
Pseudodiploria167135,-0.197009148565958
Pseudodiploria167143,-0.00752070592628983
Pseudodiploria167160,-0.0228810321846523
Pseudodiploria167167,0.366721453993648
Pseudodiploria167170,-0.142473258683416
Pseudodiploria167177,0.0818235311802466
Pseudodiploria167181,0.00493906845320342
Pseudodiploria167198,0.0378323452122705
Pseudodiploria167199,-0.00303112152210068
Pseudodiploria167202,0.00752070592628983
Pseudodiploria167257,0.0943435049995145
Pseudodiploria167294,-0.0554949745242309
Pseudodiploria167297,0.0620518391806439
Pseudodiploria167319,-0.00280164857429363
Pseudodiploria167321,0.230627844181237
Pseudodiploria167325,0.00629984046800255
Pseudodiploria167330,-0.613835479330346
Pseudodiploria167340,0.0249027998155114
Pseudodiploria167343,0.207997295321921
Pseudodiploria167350,0.0170805435282476
Pseudodiploria167351,0.149658603193823
Pseudodiploria167352,-0.000801662118957428
Pseudodiploria167371,-0.170244542448907
Pseudodiploria167375,-0.171760022707533
Pseudodiploria167381,-0.32431090940684
Pseudodiploria167400,-0.158402629056949
Pseudodiploria167427,-0.194471589864658
Pseudodiploria167429,-0.0655784326363322
Pseudodiploria167431,-0.0515635016460096
Pseudodiploria167439,-0.131661193189697
Pseudodiploria167447,0.390091184736225
Pseudodiploria167455,-0.0177746559089545
Pseudodiploria167469,1.02993779094303
Pseudodiploria167470,0.235397535201376
Pseudodiploria167480,-0.163892658930829
Pseudodiploria167485,-0.197009148565958
Pseudodiploria167491,0.206417056711054
Pseudodiploria167493,0.00752070592628983
Pseudodiploria167495,0.272017938171446
Pseudodiploria167506,-0.046336705092564
Pseudodiploria167511,-0.231887578055366
Pseudodiploria167513,-0.000906905741636383
Pseudodiploria167533,-0.157321373011624
Pseudodiploria167537,0.202799801633538
Pseudodiploria167543,0.104163742286449
Pseudodiploria167546,0.00596748165965298
Pseudodiploria167552,0.049891849128759
Pseudodiploria167555,-0.114742670184194
Pseudodiploria167558,0.200805890181125
Pseudodiploria167569,-0.136999297853957
Pseudodiploria167582,0.106229844335489
Pseudodiploria167590,0.0289765762545857
Pseudodiploria167593,0.0109889624994676
Pseudodiploria167615,0.00402446899733638
Pseudodiploria167619,0.0919555878916858
Pseudodiploria167631,0.0932239612971331
Pseudodiploria167633,-0.0309835033499481
Pseudodiploria167634,-0.0137195671248525
Pseudodiploria167639,-0.00718293777132831
Pseudodiploria167643,-0.010615962086317
Pseudodiploria167652,0.0644626863890871
Pseudodiploria167655,-0.229604399757527
Pseudodiploria167662,-0.0867155895350033
Pseudodiploria167669,0.0393464129388693
Pseudodiploria167679,0.0986962767166591
Pseudodiploria167683,-0.00633718335556019
Pseudodiploria167684,-0.467619051855833
Pseudodiploria167712,0.00752070592628983
Pseudodiploria167717,0.342915890227265
Pseudodiploria167722,0.0538079605027211
Pseudodiploria167730,-0.0127326110625214
Pseudodiploria167732,-0.0383108389965296
Pseudodiploria167761,-0.332115529417382
Pseudodiploria167765,0.00402446899733638
Pseudodiploria167772,0.0618418173375305
Pseudodiploria167786,-0.196132535456293
Pseudodiploria167791,-0.0109466942752514
Pseudodiploria167793,-0.0228810321846523
Pseudodiploria167823,0.0190866029545538
Pseudodiploria167824,0.128551315699869
Pseudodiploria167835,-0.112845810439841
Pseudodiploria167843,-0.688836863196459
Pseudodiploria167846,-0.00851542474372167
Pseudodiploria167849,0.0393464129388693
Pseudodiploria167857,0.00811698588640245
Pseudodiploria167862,-0.0238948543604888
Pseudodiploria167867,0.0609155419451495
Pseudodiploria167871,-0.120902705932756
Pseudodiploria167877,-0.131661193189697
Pseudodiploria167880,0.201361459508497
Pseudodiploria167885,-0.00766449848869811
Pseudodiploria167889,-0.125823130308254
Pseudodiploria167902,-0.0624978577576575
Pseudodiploria167920,0.415525168617854
Pseudodiploria167945,-0.0793951304523601
Pseudodiploria167956,0.621517881538902
Pseudodiploria167995,-0.313515870399348
Pseudodiploria168009,-0.000906905741636383
Pseudodiploria168010,-0.0127326110625214
Pseudodiploria168019,0.173709184482145
Pseudodiploria168031,0.00738561799807538
Pseudodiploria168038,-0.0380132351961059
Pseudodiploria168053,-1.15203012140505e-05
Pseudodiploria168066,-0.0828766701422673
Pseudodiploria168072,0.0446813043164809
Pseudodiploria168075,0.0380132351961059
Pseudodiploria168090,0.0521900692393483
Pseudodiploria168105,0.00798203736345584
Pseudodiploria168111,0.0932239612971331
Pseudodiploria168120,0.0533896186156034
Pseudodiploria168138,0.0458628906052394
Pseudodiploria168146,0.0204262786567883
Pseudodiploria168148,-0.0568540679034145
Pseudodiploria168150,-0.0814937105649453
Pseudodiploria168154,0.0267076200181193
Pseudodiploria168157,-0.0703401569037314
Pseudodiploria168196,-0.0422462499033459
Pseudodiploria168198,0.00845111505969745
Pseudodiploria168206,-0.068494176800603
Pseudodiploria168210,-0.00916879395699909
Pseudodiploria168212,-0.393479873960536
Pseudodiploria168214,0.0235055354055211
Pseudodiploria168216,-0.258476143993594
Pseudodiploria168220,-0.0908812335766666
Pseudodiploria168222,-0.166329091051919
Pseudodiploria168249,0.252762017980516
Pseudodiploria168268,-0.482391325015994
Pseudodiploria168270,0.00837608172794265
Pseudodiploria168273,-0.0954537410775285
Pseudodiploria168282,0.0568555923794353
Pseudodiploria168286,-0.0210438428630713
Pseudodiploria168294,-0.172251964558848
Pseudodiploria168299,0.146374150113109
Pseudodiploria168310,0.311568252425392
Pseudodiploria168311,0.129502627117363
Pseudodiploria168317,0.452521738186818
Pseudodiploria168324,-0.0977150344346397
Pseudodiploria168349,0.0474190908279118
Pseudodiploria168355,0.0267076200181193
Pseudodiploria168360,-0.142473258683416
Pseudodiploria168372,-0.138850262369175
Pseudodiploria168373,-0.107271972101072
Pseudodiploria168381,-0.0182856789424413
Pseudodiploria168387,-0.00395912013547775
Pseudodiploria168389,0.0349544211649132
Pseudodiploria168394,0.0409841857022498
Pseudodiploria168399,-0.00259383844789118
Pseudodiploria168401,0.0830214401593663
Pseudodiploria168408,0.00220662646542392
Pseudodiploria168409,-0.0228810321846523
Pseudodiploria168415,-0.355945572228242
Pseudodiploria168417,-0.0513050064663257
Pseudodiploria168420,0.103801737702381
Pseudodiploria168422,0.166738179044999
Pseudodiploria168427,-0.54348576009695
Pseudodiploria168430,-0.0190866029545538
Pseudodiploria168441,-0.0147973214901052
Pseudodiploria168444,0.000906905741636383
Pseudodiploria168451,-0.301019865705056
Pseudodiploria168458,-0.228525065847049
Pseudodiploria168474,0.0434251997740901
Pseudodiploria168479,0.2361052917201
Pseudodiploria168481,-0.00887057842557879
Pseudodiploria168482,0.282947942465085
Pseudodiploria168484,0.352816722670299
Pseudodiploria168487,-0.188297221325071
Pseudodiploria168503,-0.12679622167885
Pseudodiploria168504,0.102257581242178
Pseudodiploria168508,-0.0235055354055211
Pseudodiploria168523,-0.0515635016460096
Pseudodiploria168524,0.0106471760904862
Pseudodiploria168525,-0.0226872049819945
Pseudodiploria168526,-2.49617217560574
Pseudodiploria168539,-0.0636616672227989
Pseudodiploria168554,-0.0213304364996912
Pseudodiploria168564,0.0332403435705847
Pseudodiploria168580,0.000906905741636383
Pseudodiploria168584,0.168288103256413
Pseudodiploria168589,-1.05059878743546
Pseudodiploria168591,0.235280702547794
Pseudodiploria168596,0.0518938220219657
Pseudodiploria168615,0.166329091051919
Pseudodiploria168620,0.00708040686669002
Pseudodiploria168626,-0.117949153447969
Pseudodiploria168627,-1.51276879069525
Pseudodiploria168640,-0.229924325340898
Pseudodiploria168646,-0.0190866029545538
Pseudodiploria168658,-0.000891193663010984
Pseudodiploria168660,0.204950364908108
Pseudodiploria168666,0.431055880970352
Pseudodiploria168672,0.246137265912091
Pseudodiploria168673,-0.182375333158728
Pseudodiploria168692,-0.0492243558774349
Pseudodiploria168694,-0.0357604834470843
Pseudodiploria168700,0.053417894241845
Pseudodiploria168707,0.00201533232044185
Pseudodiploria168721,0.0817043024826245
Pseudodiploria168725,0.375692576917067
Pseudodiploria168730,0.427444445804285
Pseudodiploria168744,0.166738179044999
Pseudodiploria168748,0.0446813043164809
Pseudodiploria168751,-0.366358907178529
Pseudodiploria168757,0.0114324180974738
Pseudodiploria168758,0.295804368506262
Pseudodiploria168765,-0.0267648328921476
Pseudodiploria168767,0.00259383844789118
Pseudodiploria168768,0.0206890873393742
Pseudodiploria168772,-0.299806559197827
Pseudodiploria168776,0.0753449958098662
Pseudodiploria168780,0.0776149599000192
Pseudodiploria168786,0.0170385410033165
Pseudodiploria168788,0.220363818153541
Pseudodiploria168789,-0.0906490328864959
Pseudodiploria168801,-0.068346235215476
Pseudodiploria168813,0.195256479660094
Pseudodiploria168825,0.0228810321846523
Pseudodiploria168827,-0.163634145354784
Pseudodiploria168859,-0.698034909853281
Pseudodiploria168861,0.0272621271304381
Pseudodiploria168864,-0.00160138382706823
Pseudodiploria168887,0.0486159912585585
Pseudodiploria168895,-0.0565030399220348
Pseudodiploria168896,0.312800197220315
Pseudodiploria168902,0.0363869484973127
Pseudodiploria168935,0.0760179157114923
Pseudodiploria168946,0.0268579029074487
Pseudodiploria168947,0.0335383957797148
Pseudodiploria168948,-0.0554949745242309
Pseudodiploria168952,-0.0170805435282476
Pseudodiploria168953,-0.0378323452122705
Pseudodiploria168966,0.054786695813094
Pseudodiploria168970,0.068494176800603
Pseudodiploria168972,0.0294559680400094
Pseudodiploria168975,-0.493945782041136
Pseudodiploria168977,0.0359980008461447
Pseudodiploria168980,-0.16343140860608
Pseudodiploria168985,-0.131661193189697
Pseudodiploria168989,0.0235156723628869
Pseudodiploria168991,-0.36356646026996
Pseudodiploria168993,-0.0723123757670079
Pseudodiploria168998,0.386337432486384
Pseudodiploria168999,0.00293321269522687
Pseudodiploria169001,-0.0588742924519235
Pseudodiploria169010,-0.530586260203535
Pseudodiploria169012,-0.0112179051449366
Pseudodiploria169017,0.3243065335936
Pseudodiploria169019,0.0260591287877922
Pseudodiploria169034,0.000906905741636383
Pseudodiploria169039,0.0274719663019338
Pseudodiploria169064,0.0868335106979527
Pseudodiploria169068,-0.273400915421444
Pseudodiploria169086,-0.101527677771297
Pseudodiploria169089,0.0981859790106541
Pseudodiploria169105,-0.0721179957318664
Pseudodiploria169111,0.0737895521471567
Pseudodiploria169125,-0.00286338823494678
Pseudodiploria169136,0.0104755202075465
Pseudodiploria169138,0.175150991721996
Pseudodiploria169153,0.0538752787934436
Pseudodiploria169154,0.156903200961682
Pseudodiploria169157,0.0770959758052612
Pseudodiploria169164,-0.079336957143971
Pseudodiploria169174,-0.540403927770138
Pseudodiploria169176,-0.00837608172794265
Pseudodiploria169198,0.0498596767144571
Pseudodiploria169199,0.261704256810273
Pseudodiploria169203,-0.261704256810273
Pseudodiploria169209,0.0937538652154178
Pseudodiploria169220,-0.0428480215488344
Pseudodiploria169221,0.147442506599738
Pseudodiploria169223,0.00506029010511641
Pseudodiploria169225,0.0122310568171306
Pseudodiploria169228,0.0940380801235657
Pseudodiploria169237,0.0164235251322511
Pseudodiploria169238,-0.553039398895745
Pseudodiploria169254,0.197009148565958
Pseudodiploria169262,-0.303367129974684
Pseudodiploria169263,-0.0128065421028733
Pseudodiploria169280,-2.33008326875683
Pseudodiploria169293,0.438984998558012
Pseudodiploria169296,0.310997215262084
Pseudodiploria169297,0.00283322773344166
Pseudodiploria169302,0.175223201486934
Pseudodiploria169309,0.00752070592628983
Pseudodiploria169313,-0.0675138825620375
Pseudodiploria169318,-0.0170805435282476
Pseudodiploria169319,-0.0565030399220348
Pseudodiploria169323,0.0599154076776022
Pseudodiploria169327,0.484839833298889
Pseudodiploria169328,0.0543939927153658
Pseudodiploria169331,0.0262209866827858
Pseudodiploria169335,-0.0656060792760945
Pseudodiploria169340,-0.0793951304523601
Pseudodiploria169343,0.639218067125932
Pseudodiploria169370,-0.0349609699175601
Pseudodiploria169372,0.00996035819821523
Pseudodiploria169377,-0.0570697668742193
Pseudodiploria169378,0.225264641287321
Pseudodiploria169381,-0.0484011761577907
Pseudodiploria169385,0.218274039825144
Pseudodiploria169387,0.451058726328804
Pseudodiploria169394,-0.37205368289197
Pseudodiploria169403,0.0793951304523601
Pseudodiploria169405,-0.0739146699085591
Pseudodiploria169414,0.101527677771297
Pseudodiploria169431,0.12679622167885
Pseudodiploria169435,0.112730616060476
Pseudodiploria169437,0.0292256320015217
Pseudodiploria169438,0.146374150113109
Pseudodiploria169443,0.261704256810273
Pseudodiploria169448,0.046336705092564
Pseudodiploria169456,0.00464602739414049
Pseudodiploria169476,0.592415418433566
Pseudodiploria169478,-0.180907674426204
Pseudodiploria169480,0.0332403435705847
Pseudodiploria169487,0.195044097651669
Pseudodiploria169511,-0.0314600194330868
Pseudodiploria169518,-0.0117489015074294
Pseudodiploria169520,-0.035961102075781
Pseudodiploria169542,0.0249027998155114
Pseudodiploria169546,0.05015437695734
Pseudodiploria169556,-0.12679622167885
Pseudodiploria169558,0.0972450616914985
Pseudodiploria169559,0.0153856901009239
Pseudodiploria169582,-0.119614583529747
Pseudodiploria169583,0.0624547203025146
Pseudodiploria169585,-0.295314356164425
Pseudodiploria169587,-0.0570697668742193
Pseudodiploria169594,0.0365363376757434
Pseudodiploria169595,-0.020608594979212
Pseudodiploria169626,0.101527677771297
Pseudodiploria169637,0.0442872707060869
Pseudodiploria169644,0.0127326110625214
Pseudodiploria169653,0.0843353423824519
Pseudodiploria169654,-0.153179095184884
Pseudodiploria169660,0.137794640855306
Pseudodiploria169663,0.0763211069229897
Pseudodiploria169674,0.068735945882869
Pseudodiploria169675,0.265510470679292
Pseudodiploria169686,-0.0586814332799396
Pseudodiploria169687,-0.0109889624994676
Pseudodiploria169690,-0.250577035026978
Pseudodiploria169699,0.197203543255934
Pseudodiploria169706,0.0565030399220348
Pseudodiploria169715,0.0581384383614311
Pseudodiploria169722,0.00667413702969058
Pseudodiploria169723,0.280625232685547
Pseudodiploria169724,0.0474190908279118
Pseudodiploria169731,-0.0924146708091686
Pseudodiploria169748,-0.0555981926505917
Pseudodiploria169762,0.0027216740068393
Pseudodiploria169764,0.658171707906808
Pseudodiploria169772,0.010615962086317
Pseudodiploria169777,-0.0866508920391201
Pseudodiploria169778,-0.199255493565111
Pseudodiploria169779,0.155202623511094
Pseudodiploria169788,-0.239950867966245
Pseudodiploria169795,-0.0971641955374569
Pseudodiploria169809,0.133392363109506
Pseudodiploria169813,-0.0926023590634774
Pseudodiploria169814,-0.0778004201602169
Pseudodiploria169817,0.0768229406557132
Pseudodiploria169822,0.0726125579484285
Pseudodiploria169824,-0.127318066020819
Pseudodiploria169827,-0.0378323452122705
Pseudodiploria169843,0.74808639432599
Pseudodiploria169844,0.00609125227080745
Pseudodiploria169848,-0.00528865271431855
Pseudodiploria169853,0.0216526787897418
Pseudodiploria169854,0.025355516015251
Pseudodiploria169864,-0.182375333158728
Pseudodiploria169865,-0.0345451994674642
Pseudodiploria169874,-0.994386332720787
Pseudodiploria169881,-0.0456985762646337
Pseudodiploria169882,-0.558217484934582
Pseudodiploria169884,-0.0131359919916616
Pseudodiploria169885,0.0787378088511011
Pseudodiploria169892,0.0065065528765859
Pseudodiploria169900,-0.0453166538593719
Pseudodiploria169914,0.000906905741636383
Pseudodiploria169916,-0.0131359919916616
Pseudodiploria169920,-0.118464944051663
Pseudodiploria169937,-0.00210886991469033
Pseudodiploria169938,-0.167768251381212
Pseudodiploria169950,0.0620518391806439
Pseudodiploria169951,-0.0233285931839279
Pseudodiploria169955,-0.305728100878398
Pseudodiploria169966,0.553822809342081
Pseudodiploria169968,-0.0793951304523601
Pseudodiploria169995,-0.0383108389965296
Pseudodiploria170001,0.0644626863890871
Pseudodiploria170005,-0.332936007357343
Pseudodiploria170014,0.0270966615108591
Pseudodiploria170025,0.0101572546229674
Pseudodiploria170028,0.182375333158728
Pseudodiploria170034,-0.0669338278729504
Pseudodiploria170059,-0.00327265119061136
Pseudodiploria170065,-0.0579898427485898
Pseudodiploria170066,0.0835144789112222
Pseudodiploria170073,-0.634615448766037
Pseudodiploria170076,0.046336705092564
Pseudodiploria170102,0.278693163816484
Pseudodiploria170111,0.0302170681092609
Pseudodiploria170115,0.173298203746362
Pseudodiploria170118,-0.710244116573884
Pseudodiploria170124,0.0306921275187215
Pseudodiploria170128,2.50363568335373
Pseudodiploria170129,0.206261911812229
Pseudodiploria170139,-0.0122310568171306
Pseudodiploria170148,0.00708040686669002
Pseudodiploria170154,-0.128138712893503
Pseudodiploria170157,0.0257224165887376
Pseudodiploria170158,0.0473645438990659
Pseudodiploria170184,-0.0515140866605981
Pseudodiploria170185,0.00780903266326217
Pseudodiploria170194,-0.183426760149356
Pseudodiploria170201,0.000906905741636383
Pseudodiploria170202,0.138154826432109
Pseudodiploria170208,-0.375692576917067
Pseudodiploria170215,-0.966386693831304
Pseudodiploria170218,-0.0218847736316916
Pseudodiploria17022,-0.25338227862882
Pseudodiploria170224,0.37291820396381
Pseudodiploria170241,0.0186880829209311
Pseudodiploria170278,-0.00752070592628983
Pseudodiploria170279,0.111797797916422
Pseudodiploria170280,0.00857704219142851
Pseudodiploria170281,0.233121790898245
Pseudodiploria170282,0.0726125579484285
Pseudodiploria170289,-0.0533896186156034
Pseudodiploria170294,-0.0579898427485898
Pseudodiploria170299,-0.0370451175069982
Pseudodiploria170301,-0.0520373403286872
Pseudodiploria170313,-0.0644626863890871
Pseudodiploria170318,0.481893755542461
Pseudodiploria170323,-0.0418695108178824
Pseudodiploria170326,-0.190256388737898
Pseudodiploria170338,0.0964346494140417
Pseudodiploria170340,-0.0474190908279118
Pseudodiploria170347,0.0170805435282476
Pseudodiploria170356,0.621669480919163
Pseudodiploria170361,0.02096402750002
Pseudodiploria170362,0.0709165452936918
Pseudodiploria170364,0.0236524432716372
Pseudodiploria170374,0.0380132351961059
Pseudodiploria170377,-0.0671383507623098
Pseudodiploria170389,-0.987223128737428
Pseudodiploria170394,-0.336468480835936
Pseudodiploria170399,-0.174366125295439
Pseudodiploria170400,-0.0441342442717572
Pseudodiploria170402,-0.0267076200181193
Pseudodiploria170411,0.0830214401593663
Pseudodiploria170414,0.0330837659048868
Pseudodiploria170418,0.0511232490459115
Pseudodiploria170421,0.0145490282755426
Pseudodiploria170429,0.200998921049476
Pseudodiploria170431,0.107495303027392
Pseudodiploria170440,0.432345959890216
Pseudodiploria170457,-0.00843007174440343
Pseudodiploria170465,-0.0512266773514733
Pseudodiploria170469,0.0481715955176739
Pseudodiploria170477,-0.0497917914950541
Pseudodiploria170490,-0.119952086912682
Pseudodiploria170493,0.0181280775725982
Pseudodiploria170497,-0.567326045239948
Pseudodiploria170502,1.10637573100345
Pseudodiploria170515,0.0586814332799396
Pseudodiploria170524,0.0793951304523601
Pseudodiploria170534,0.00206879341432083
Pseudodiploria170539,0.0586814332799396
Pseudodiploria170544,0.14744834515796
Pseudodiploria170545,0.0675138825620375
Pseudodiploria170546,0.0466615863061294
Pseudodiploria170549,-0.00672938386041195
Pseudodiploria170556,-0.0890166192200796
Pseudodiploria170559,-0.00150084064563322
Pseudodiploria170568,-0.182375333158728
Pseudodiploria170580,-0.431055880970352
Pseudodiploria170585,0.0470447481663535
Pseudodiploria170588,0.158402629056949
Pseudodiploria170599,-0.110843903315073
Pseudodiploria170612,-0.0446813043164809
Pseudodiploria170614,-0.0952797022530706
Pseudodiploria170623,0.108843304853644
Pseudodiploria170630,0.0843205602842776
Pseudodiploria170633,-0.598542217164165
Pseudodiploria170636,0.471212100167494
Pseudodiploria170644,-0.0676508658662351
Pseudodiploria170658,-0.299806559197827
Pseudodiploria170668,0.105315618068071
Pseudodiploria170669,0.211177948901828
Pseudodiploria170674,-0.00166938260831778
Pseudodiploria170680,-0.0843353423824519
Pseudodiploria170682,-0.105431396096137
Pseudodiploria170683,0.0595287719743733
Pseudodiploria170688,-0.00407876965835764
Pseudodiploria170690,-0.324563397791703
Pseudodiploria170692,-0.318501896926458
Pseudodiploria170693,0.0986654497180524
Pseudodiploria170694,0.405446349460759
Pseudodiploria170697,-0.00999133167041006
Pseudodiploria170699,0.0185801076006659
Pseudodiploria170725,-0.206103178882449
Pseudodiploria170733,-0.00787907273911162
Pseudodiploria170734,0.119614583529747
Pseudodiploria170737,-0.075007522303534
Pseudodiploria170740,-0.00798203736345584
Pseudodiploria170782,-0.984584843269365
Pseudodiploria170783,0.0234641481079444
Pseudodiploria170800,0.430897749580484
Pseudodiploria170804,-0.00785013792268498
Pseudodiploria170821,-0.00395912013547775
Pseudodiploria170827,0.0378323452122705
Pseudodiploria170837,0.193358688867107
Pseudodiploria170849,-0.0817657673362189
Pseudodiploria170860,-0.00798203736345584
Pseudodiploria170862,-0.0326635952763084
Pseudodiploria170865,0.12354025985594
Pseudodiploria170873,0.0438731584657658
Pseudodiploria170874,-0.107271972101072
Pseudodiploria170876,0.0104755202075465
Pseudodiploria170878,-0.0267076200181193
Pseudodiploria170879,0.257761192623984
Pseudodiploria170886,0.123852467722694
Pseudodiploria170887,0.415525168617854
Pseudodiploria170897,0.415711462027538
Pseudodiploria170901,-0.0941860289881642
Pseudodiploria170919,0.160694460684337
Pseudodiploria170937,0.0531925779833372
Pseudodiploria170943,-0.200781485003451
Pseudodiploria170946,-0.0235055354055211
Pseudodiploria170956,-0.784281444759395
Pseudodiploria170957,0.110894506824272
Pseudodiploria170962,-0.0329876847562911
Pseudodiploria170964,-0.463132500981638
Pseudodiploria170971,0.362538011971117
Pseudodiploria170978,-0.139731547020529
Pseudodiploria170980,0.0479205159669213
Pseudodiploria170982,-0.0315498986639209
Pseudodiploria170983,0.0648034261708774
Pseudodiploria170985,-0.00528865271431855
Pseudodiploria170993,-0.0529356070495291
Pseudodiploria170997,0.258058636809154
Pseudodiploria171003,-0.0167690677155287
Pseudodiploria171008,0.183939221337479
Pseudodiploria171009,2.50363568335373
Pseudodiploria171020,-0.0599154076776022
Pseudodiploria171034,0.680593754878843
Pseudodiploria171038,-0.598542217164165
Pseudodiploria171049,-0.101873103148277
Pseudodiploria171062,0.246143056526095
Pseudodiploria171064,-0.00410157440951573
Pseudodiploria171067,-0.0581384383614311
Pseudodiploria171071,-0.169813135243214
Pseudodiploria171075,-0.0130981181543214
Pseudodiploria171078,0.182375333158728
Pseudodiploria171082,-0.172021189304938
Pseudodiploria171083,0.00766449848869811
Pseudodiploria171106,-0.111561871492882
Pseudodiploria171107,-0.0533896186156034
Pseudodiploria171109,-0.123852467722694
Pseudodiploria171120,0.0235055354055211
Pseudodiploria171121,0.00829015913475163
Pseudodiploria171125,10.0766934595817
Pseudodiploria171129,-1.22782693563041
Pseudodiploria171136,0.00760419114014307
Pseudodiploria171145,0.0113664418243331
Pseudodiploria171153,0.263556824685005
Pseudodiploria171157,0.0365307668940019
Pseudodiploria171161,0.0820032203641949
Pseudodiploria171163,0.0072044161971498
Pseudodiploria171168,0.37605735187462
Pseudodiploria171171,0.121965114627889
Pseudodiploria171172,0.124528576024636
Pseudodiploria171175,0.290329651014309
Pseudodiploria171177,-0.0107258645202738
Pseudodiploria171196,0.00166938260831778
Pseudodiploria171201,0.451058726328804
Pseudodiploria171212,0.0126247335089664
Pseudodiploria171216,0.024688394966228
Pseudodiploria171223,0.093534279446654
Pseudodiploria171229,0.068735945882869
Pseudodiploria171234,0.119898216295177
Pseudodiploria171236,0.0520373403286872
Pseudodiploria171250,0.0249027998155114
Pseudodiploria171258,-0.0211665754106414
Pseudodiploria171274,0.00837608172794265
Pseudodiploria171275,0.206417056711054
Pseudodiploria171291,-0.0817043024826245
Pseudodiploria171293,-0.00212747895569464
Pseudodiploria171301,-0.0308324102543508
Pseudodiploria171303,0.258476143993594
Pseudodiploria171308,-0.567937953020149
Pseudodiploria171312,0.0134629105566343
Pseudodiploria171314,0.0258281312591561
Pseudodiploria171319,0.188142423975096
Pseudodiploria171322,0.0257849262193805
Pseudodiploria171324,-0.356319070380828
Pseudodiploria171329,-0.0145490282755426
Pseudodiploria171337,-0.00528865271431855
Pseudodiploria171348,-0.0236499358684412
Pseudodiploria171377,0.0506139385522756
Pseudodiploria171378,-0.0166641142059894
Pseudodiploria171384,0.656515928431854
Pseudodiploria171398,0.247474638448771
Pseudodiploria171404,0.160479055345267
Pseudodiploria171408,-0.0117489015074294
Pseudodiploria171409,-0.0172430971129502
Pseudodiploria171411,0.0349609699175601
Pseudodiploria171415,-0.00752070592628983
Pseudodiploria171422,-0.12334681206601
Pseudodiploria171433,-0.068494176800603
Pseudodiploria171434,-0.0393432153849454
Pseudodiploria171438,-0.0196296786496935
Pseudodiploria171443,-0.316943580592149
Pseudodiploria171450,0.318501896926458
Pseudodiploria171452,-0.0659877567074604
Pseudodiploria171466,0.257761192623984
Pseudodiploria171484,-0.0148254718371882
Pseudodiploria171488,-0.00460445094605495
Pseudodiploria171489,-0.176642679307238
Pseudodiploria171494,-0.0843353423824519
Pseudodiploria171495,0.216416844689215
Pseudodiploria171496,0.0357188710570148
Pseudodiploria171498,0.0240917772255452
Pseudodiploria171503,-0.15047055182135
Pseudodiploria171505,0.230639618644744
Pseudodiploria171509,0.0112179051449366
Pseudodiploria171515,-0.0939336989981227
Pseudodiploria171525,-0.766425728231105
Pseudodiploria171529,-0.158337502080961
Pseudodiploria171542,-0.386461899435712
Pseudodiploria171553,0.052286015960803
Pseudodiploria171558,0.0730645662000136
Pseudodiploria171559,-0.233121790898245
Pseudodiploria171567,-0.0583297927224579
Pseudodiploria171570,0.00726183084135826
Pseudodiploria171573,-0.0965933628590691
Pseudodiploria171574,-0.154166650749067
Pseudodiploria171579,-0.200805890181125
Pseudodiploria171583,0.284808341672251
Pseudodiploria171592,-0.0229171369692217
Pseudodiploria171596,-0.0571709053794902
Pseudodiploria171599,-0.0112179051449366
Pseudodiploria171602,-0.053761097883355
Pseudodiploria171603,-0.0466615863061294
Pseudodiploria171608,0.203184855282897
Pseudodiploria171614,0.200942292970001
Pseudodiploria171628,0.621669480919163
Pseudodiploria171629,-0.0167526359639048
Pseudodiploria171633,0.12999308536563
Pseudodiploria171635,0.19969537758115
Pseudodiploria171639,0.0350639621380987
Pseudodiploria171642,0.0267076200181193
Pseudodiploria171661,-0.00163802745848834
Pseudodiploria171663,0.00782575024261055
Pseudodiploria171674,-0.253522621158078
Pseudodiploria171676,0.00694441813063382
Pseudodiploria171679,-0.00450435851057546
Pseudodiploria171685,-0.0306558594668759
Pseudodiploria171687,0.295314356164425
Pseudodiploria171692,0.112584701248439
Pseudodiploria171702,0.0456385699132763
Pseudodiploria171706,-0.133047007306172
Pseudodiploria171707,0.0308126238931732
Pseudodiploria171713,-0.137096576282437
Pseudodiploria171716,0.00374940615204172
Pseudodiploria171719,0.0115188626913002
Pseudodiploria171727,0.0064515674485804
Pseudodiploria171729,0.253522621158078
Pseudodiploria171736,0.206452680881308
Pseudodiploria171737,-0.459583929733274
Pseudodiploria171754,0.0182253586348746
Pseudodiploria171762,0.00633718335556019
Pseudodiploria171772,-0.520902720110254
Pseudodiploria171777,0.0675138825620375
Pseudodiploria171783,0.145424116935276
Pseudodiploria171788,0.00243510718676818
Pseudodiploria171792,-0.0388524889531566
Pseudodiploria171795,0.225112246829203
Pseudodiploria171796,-0.0348547361167997
Pseudodiploria171799,-0.000928292494695728
Pseudodiploria171801,-0.357395945003549
Pseudodiploria171804,0.197009148565958
Pseudodiploria171805,0.0104755202075465
Pseudodiploria171806,0.0481633899740735
Pseudodiploria171807,0.0305104341285458
Pseudodiploria171809,-0.0624978577576575
Pseudodiploria171820,0.0972450616914985
Pseudodiploria171822,0.0555981926505917
Pseudodiploria171826,-0.778748322150164
Pseudodiploria171831,0.0787526157727321
Pseudodiploria171838,-0.00626883283366385
Pseudodiploria171839,0.0275794622979126
Pseudodiploria171840,-0.0882151063857238
Pseudodiploria171844,-0.108869505540042
Pseudodiploria171847,0.193358688867107
Pseudodiploria171848,0.0466615863061294
Pseudodiploria171852,0.313415738532296
Pseudodiploria171863,0.172021189304938
Pseudodiploria171864,0.268532777297081
Pseudodiploria171876,-0.00752070592628983
Pseudodiploria171885,-0.00887057842557879
Pseudodiploria171886,-0.226577120933776
Pseudodiploria171896,-0.116551527426381
Pseudodiploria171911,0.204950364908108
Pseudodiploria171913,-0.0824729825666632
Pseudodiploria171914,0.0626338396908846
Pseudodiploria171916,0.44057095664103
Pseudodiploria171919,-0.0218584812324132
Pseudodiploria171922,-0.272138840012273
Pseudodiploria171925,-0.00219639635888949
Pseudodiploria171928,0.786795595800517
Pseudodiploria171932,0.024688394966228
Pseudodiploria171937,-0.0898428032159118
Pseudodiploria171943,0.289094575993466
Pseudodiploria171945,0.0608091341806629
Pseudodiploria171946,-0.00867980296142241
Pseudodiploria171950,-0.079501777321835
Pseudodiploria171952,0.180136467476209
Pseudodiploria171965,-0.0512539908750511
Pseudodiploria171971,-0.173727586527039
Pseudodiploria171973,0.0118150891995402
Pseudodiploria171978,-0.124975570128776
Pseudodiploria171979,-0.0330837659048868
Pseudodiploria171980,-0.0260591287877922
Pseudodiploria171981,-0.0105254000113502
Pseudodiploria171982,0.864923254661698
Pseudodiploria171985,0.0781966069938534
Pseudodiploria171993,0.402695756595073
Pseudodiploria171997,-0.0952797022530706
Pseudodiploria172011,-0.0206216987422484
Pseudodiploria172012,-0.101527677771297
Pseudodiploria172013,0.351956476983999
Pseudodiploria172016,0.0170805435282476
Pseudodiploria172019,0.0331533515983598
Pseudodiploria172021,0.178694437572069
Pseudodiploria172026,0.00633718335556019
Pseudodiploria172028,-0.0707511089998469
Pseudodiploria172035,0.179189143757601
Pseudodiploria172039,-0.0378323452122705
Pseudodiploria172040,-0.236318526263183
Pseudodiploria172041,0.330442398158854
Pseudodiploria172053,-0.0474587552994343
Pseudodiploria172063,-0.00233616589335157
Pseudodiploria172071,0.0084446910076884
Pseudodiploria172076,0.0775353033803793
Pseudodiploria172085,0.000906905741636383
Pseudodiploria172105,0.380236807615078
Pseudodiploria172120,0.000830259094999953
Pseudodiploria172122,0.188529521219432
Pseudodiploria172130,0.0189449459336959
Pseudodiploria172132,-0.164387983877113
Pseudodiploria172137,0.000906905741636383
Pseudodiploria172139,0.0287997507654534
Pseudodiploria172146,-0.068735945882869
Pseudodiploria172158,-0.332212130586532
Pseudodiploria172176,0.062326335962044
Pseudodiploria172179,0.0131619253157942
Pseudodiploria172183,-0.0441556256117559
Pseudodiploria172187,-0.00977863950530451
Pseudodiploria172199,-1.32934020297165
Pseudodiploria172203,0.211369463472415
Pseudodiploria172233,0.0774118742708035
Pseudodiploria172239,0.0505344870544698
Pseudodiploria172263,0.417893241035018
Pseudodiploria172266,-0.0456985762646337
Pseudodiploria172272,0.0250847280178852
Pseudodiploria172278,0.00402446899733638
Pseudodiploria172279,0.187725654257864
Pseudodiploria172290,0.00150084064563322
Pseudodiploria172294,-0.00667413702969058
Pseudodiploria172295,0.0768841339447104
Pseudodiploria172299,-0.176651864215796
Pseudodiploria172306,-0.0438731584657658
Pseudodiploria172318,0.203919950593975
Pseudodiploria172321,0.0606814991188961
Pseudodiploria172325,0.0540347088651208
Pseudodiploria172328,0.0949886102792779
Pseudodiploria172329,0.0665144609924719
Pseudodiploria172334,-0.0177746559089545
Pseudodiploria172341,0.0122310568171306
Pseudodiploria172343,-0.135647102210625
Pseudodiploria172344,0.109955130174426
Pseudodiploria172347,0.415525168617854
Pseudodiploria172353,-0.106557458946615
Pseudodiploria172360,0.183546873042974
Pseudodiploria172361,-0.0554949745242309
Pseudodiploria172362,-0.351734990588488
Pseudodiploria172369,-0.11593664721084
Pseudodiploria172370,-0.297472118733094
Pseudodiploria172371,0.0330837659048868
Pseudodiploria172373,-0.0238316822673072
Pseudodiploria172374,-0.261704256810273
Pseudodiploria172392,0.0656060792760945
Pseudodiploria172416,-0.0240917772255452
Pseudodiploria172419,0.0626259835096685
Pseudodiploria172425,0.20944576126799
Pseudodiploria172437,-0.119667970909608
Pseudodiploria172439,0.0309835033499481
Pseudodiploria172443,0.000906905741636383
Pseudodiploria172447,0.177479826431196
Pseudodiploria172448,0.0536675087390578
Pseudodiploria172450,-0.100639338671333
Pseudodiploria172460,-0.0228810321846523
Pseudodiploria172466,-0.107271972101072
Pseudodiploria172469,-0.00108284017322824
Pseudodiploria172471,0.101951828404083
Pseudodiploria172475,0.0803106741710958
Pseudodiploria172477,-0.0170805435282476
Pseudodiploria172482,-0.630187608869447
Pseudodiploria172483,0.380597331952056
Pseudodiploria172484,0.200849720875987
Pseudodiploria172495,-0.0636616672227989
Pseudodiploria172496,0.0675138825620375
Pseudodiploria172499,-0.0578790168785698
Pseudodiploria172501,0.176651864215796
Pseudodiploria172502,0.470468200786755
Pseudodiploria172503,-0.0275794622979126
Pseudodiploria172505,-0.0117945218982295
Pseudodiploria172512,0.0416956868145454
Pseudodiploria172519,0.0595287719743733
Pseudodiploria172529,0.168288103256413
Pseudodiploria172537,0.602185744323386
Pseudodiploria172552,0.15833287842132
Pseudodiploria172556,-0.138154826432109
Pseudodiploria172564,-0.028704404766416
Pseudodiploria172584,-0.0238948543604888
Pseudodiploria172585,-0.00984814230989525
Pseudodiploria172587,-0.0803106741710958
Pseudodiploria172606,-0.0474190908279118
Pseudodiploria172609,0.102257581242178
Pseudodiploria172611,-0.0128065421028733
Pseudodiploria172615,0.430083096753717
Pseudodiploria172630,-0.12893967486667
Pseudodiploria172634,0.17467569604464
Pseudodiploria172639,0.481893755542461
Pseudodiploria172647,-0.405446349460759
Pseudodiploria172653,-0.449572475177973
Pseudodiploria172662,-0.0207196743414921
Pseudodiploria172663,0.00286338823494678
Pseudodiploria172677,0.00303112152210068
Pseudodiploria172679,-0.00212747895569464
Pseudodiploria172705,0.0299771807609095
Pseudodiploria172709,0.119957327762775
Pseudodiploria172715,0.15882884495956
Pseudodiploria172718,0.00579107388778541
Pseudodiploria172723,-0.0170805435282476
Pseudodiploria172735,-0.0335383957797148
Pseudodiploria172746,-0.00752070592628983
Pseudodiploria172749,-0.0488738456325959
Pseudodiploria172750,-0.0854864417811383
Pseudodiploria172774,-0.252809606289538
Pseudodiploria172782,0.0826546867607052
Pseudodiploria172783,0.199089706108367
Pseudodiploria172789,-0.0380132351961059
Pseudodiploria17279,-0.0360283858511448
Pseudodiploria172790,-0.00293321269522687
Pseudodiploria172792,-0.0170805435282476
Pseudodiploria172806,0.0882151063857238
Pseudodiploria172809,0.177533529507088
Pseudodiploria172815,-0.0166641142059894
Pseudodiploria172820,-0.178606519993797
Pseudodiploria172828,0.068494176800603
Pseudodiploria172829,0.00283322773344166
Pseudodiploria172830,-0.222890756824582
Pseudodiploria172839,-0.0172801063780799
Pseudodiploria172840,0.473138263229688
Pseudodiploria172844,-0.284808341672251
Pseudodiploria172845,0.000705509564496985
Pseudodiploria172847,0.606401839854101
Pseudodiploria172850,0.035961102075781
Pseudodiploria172855,0.0170805435282476
Pseudodiploria172857,0.00591098215963683
Pseudodiploria172859,-0.143100287934188
Pseudodiploria172861,0.0348952366010024
Pseudodiploria172862,-0.0200981216376129
Pseudodiploria172868,0.0926023590634774
Pseudodiploria172874,-0.124334566213274
Pseudodiploria172878,0.264965790635023
Pseudodiploria172883,-0.0228810321846523
Pseudodiploria172884,0.00741457585968017
Pseudodiploria172890,-0.201361459508497
Pseudodiploria172891,0.417070839063485
Pseudodiploria172893,-0.00903990588419331
Pseudodiploria172894,0.00916879395699909
Pseudodiploria172909,-0.00354339835776973
Pseudodiploria172920,-0.0265334997248099
Pseudodiploria172938,-0.141161716403962
Pseudodiploria172939,-0.193358688867107
Pseudodiploria172940,-0.12893967486667
Pseudodiploria172955,-0.0412596329907452
Pseudodiploria172957,0.153179095184884
Pseudodiploria172962,-0.0422462499033459
Pseudodiploria172966,-0.173754417833413
Pseudodiploria172972,-0.590590698249392
Pseudodiploria172976,0.00661045926228821
Pseudodiploria172984,0.331871832972439
Pseudodiploria172985,0.415525168617854
Pseudodiploria172986,0.243209907829441
Pseudodiploria172989,0.0665236267356213
Pseudodiploria172997,-0.0112179051449366
Pseudodiploria173000,0.08936022587086
Pseudodiploria173009,0.263556824685005
Pseudodiploria173011,0.0305252162938733
Pseudodiploria173017,-0.373007378726278
Pseudodiploria173018,0.0152903917866385
Pseudodiploria173020,0.638808403476484
Pseudodiploria173026,-0.0152903917866385
Pseudodiploria173028,0.0527638733131615
Pseudodiploria173030,-0.281558729779398
Pseudodiploria173031,0.068494176800603
Pseudodiploria173039,-0.116008799522825
Pseudodiploria173040,0.196214550481321
Pseudodiploria173042,0.366099009238711
Pseudodiploria173046,-0.0474190908279118
Pseudodiploria173047,0.0539984190905284
Pseudodiploria173055,-0.347317321967757
Pseudodiploria173056,-0.0890166192200796
Pseudodiploria173071,-2.27436655366195
Pseudodiploria173072,0.0555981926505917
Pseudodiploria173077,0.0470900392121482
Pseudodiploria173082,-0.0739754582233591
Pseudodiploria173085,0.157406818138819
Pseudodiploria173088,-0.0535731862703895
Pseudodiploria173097,-0.120941982981933
Pseudodiploria173099,0.00286338823494678
Pseudodiploria173108,-0.18193160484235
Pseudodiploria173111,0.0513050064663257
Pseudodiploria173113,-0.117976409494964
Pseudodiploria173121,0.104762100134277
Pseudodiploria173125,0.0971641955374569
Pseudodiploria173130,0.128138712893503
Pseudodiploria173143,0.0366433556659976
Pseudodiploria173146,0.0567820447167692
Pseudodiploria173148,-0.0484011761577907
Pseudodiploria173156,0.035961102075781
Pseudodiploria173158,0.302070787212758
Pseudodiploria173159,0.200805890181125
Pseudodiploria173162,0.205969981717763
Pseudodiploria173170,0.129502627117363
Pseudodiploria173171,0.235418916615889
Pseudodiploria173173,-0.0807321837514569
Pseudodiploria173180,-0.293218333066338
Pseudodiploria173184,0.268862491992733
Pseudodiploria173185,0.010615962086317
Pseudodiploria173196,0.647828175209724
Pseudodiploria173206,0.176082772703187
Pseudodiploria173207,0.115453009572258
Pseudodiploria173211,-0.118464944051663
Pseudodiploria173213,-0.177479826431196
Pseudodiploria173218,0.0213304364996912
Pseudodiploria173220,0.0474190908279118
Pseudodiploria173221,0.451110494755233
Pseudodiploria173224,0.247837143439911
Pseudodiploria173226,-1.17235224081451
Pseudodiploria173231,-0.0389852110987782
Pseudodiploria173241,0.0862999445798839
Pseudodiploria173244,0.329987831752328
Pseudodiploria173248,0.0416565018479693
Pseudodiploria173256,0.138154826432109
Pseudodiploria173258,-0.42621128085709
Pseudodiploria173264,0.0543359526864829
Pseudodiploria173270,-0.0228327847740096
Pseudodiploria173277,0.11766165184073
Pseudodiploria173278,-0.140544546701522
Pseudodiploria173284,0.149393590051544
Pseudodiploria173286,0.196881539285363
Pseudodiploria173287,-0.0586814332799396
Pseudodiploria173288,0.321703342813447
Pseudodiploria173293,0.0228810321846523
Pseudodiploria173300,-0.45466580700572
Pseudodiploria173301,-0.211672501581126
Pseudodiploria173308,-0.194471589864658
Pseudodiploria173316,0.0626028425803527
Pseudodiploria173321,0.00220662646542392
Pseudodiploria173322,-0.0793951304523601
Pseudodiploria173323,-0.00646984672022412
Pseudodiploria173334,-0.0695656235485358
Pseudodiploria173336,0.0536925190380824
Pseudodiploria173337,-0.501480545211884
Pseudodiploria173341,-0.0753449958098662
Pseudodiploria173344,0.00401815682185019
Pseudodiploria173349,0.0817043024826245
Pseudodiploria173358,-0.0554949745242309
Pseudodiploria173360,0.0274227065335416
Pseudodiploria173363,-0.0972450616914985
Pseudodiploria173366,-0.37291820396381
Pseudodiploria173369,-0.0380132351961059
Pseudodiploria173370,-0.252809606289538
Pseudodiploria173376,0.00327265119061136
Pseudodiploria173386,-0.0135711312840329
Pseudodiploria173394,0.263098193349989
Pseudodiploria173403,-0.351532391033011
Pseudodiploria173404,0.0474518282230175
Pseudodiploria173411,-0.310262691151796
Pseudodiploria173416,0.183141885608838
Pseudodiploria173417,0.12679622167885
Pseudodiploria173420,-0.0612949423617146
Pseudodiploria173422,-0.00673812813508918
Pseudodiploria173432,0.404440106114255
Pseudodiploria173435,0.0236373641710435
Pseudodiploria173438,-0.0538752787934436
Pseudodiploria173444,0.240142008668997
Pseudodiploria173448,-0.0748871210882699
Pseudodiploria173449,0.0711776440493257
Pseudodiploria173457,-0.103566949628369
Pseudodiploria173459,0.417070839063485
Pseudodiploria173461,0.149882172213734
Pseudodiploria173462,0.0015906474808501
Pseudodiploria173467,-0.0634924940292385
Pseudodiploria173475,0.0350028441390106
Pseudodiploria173480,0.0350983428865018
Pseudodiploria173486,0.139731547020529
Pseudodiploria173509,-0.129494573613002
Pseudodiploria173516,0.173298203746362
Pseudodiploria173517,0.134007090402419
Pseudodiploria173523,-0.204950364908108
Pseudodiploria173524,0.351506768438343
Pseudodiploria173531,-0.959607809785627
Pseudodiploria173533,0.113504028309575
Pseudodiploria173542,0.0638201434800396
Pseudodiploria173546,-0.267727649965258
Pseudodiploria173547,0.0768229406557132
Pseudodiploria173551,-0.0569740844958047
Pseudodiploria173556,0.107536368647325
Pseudodiploria173574,0.0866339764862231
Pseudodiploria173575,-0.0438731584657658
Pseudodiploria173578,0.00712145314836804
Pseudodiploria173584,0.182375333158728
Pseudodiploria173592,2.04170029479914
Pseudodiploria173599,-1.60436524448144
Pseudodiploria173601,-0.382497691784273
Pseudodiploria173605,-0.0272621271304381
Pseudodiploria173612,0.210165892185536
Pseudodiploria173616,-0.00135557974001646
Pseudodiploria173617,0.0474190908279118
Pseudodiploria173620,-0.375692576917067
Pseudodiploria173628,-0.0520373403286872
Pseudodiploria173634,-0.370682473714427
Pseudodiploria173637,0.197203543255934
Pseudodiploria173645,-0.0623101490842051
Pseudodiploria173648,0.621669480919163
Pseudodiploria173651,-0.024688394966228
Pseudodiploria173656,0.00887057842557879
Pseudodiploria173657,0.459720097875844
Pseudodiploria173675,0.0586814332799396
Pseudodiploria173686,0.190547823153729
Pseudodiploria173688,-0.893448216523186
Pseudodiploria173692,-0.0512539908750511
Pseudodiploria173694,0.00766449848869811
Pseudodiploria173695,0.0870137876690233
Pseudodiploria173699,-0.00340403769378469
Pseudodiploria173700,-0.299211716226015
Pseudodiploria173702,-0.0430214295963003
Pseudodiploria173711,-0.675451120308033
Pseudodiploria173715,-0.157041611679454
Pseudodiploria173719,-0.350649491508985
Pseudodiploria173724,-0.0887148598888314
Pseudodiploria173728,-0.0911689864679123
Pseudodiploria173731,-0.0479851971789343
Pseudodiploria173734,-0.0205314790726993
Pseudodiploria173735,0.551926735307432
Pseudodiploria173740,-0.0365522627602073
Pseudodiploria173742,0.281094811069032
Pseudodiploria173745,-0.0506139385522756
Pseudodiploria173751,-0.0360410597649232
Pseudodiploria173771,0.340861259084722
Pseudodiploria173772,0.00752070592628983
Pseudodiploria173773,0.166738179044999
Pseudodiploria173780,0.024688394966228
Pseudodiploria173784,-0.252694334307014
Pseudodiploria173786,0.647828175209724
Pseudodiploria173788,-0.0498596767144571
Pseudodiploria173790,0.131661193189697
Pseudodiploria173793,-0.193358688867107
Pseudodiploria173800,0.0514948018997367
Pseudodiploria173803,-0.0267076200181193
Pseudodiploria173808,0.00460445094605495
Pseudodiploria173818,0.0569740844958047
Pseudodiploria173825,-0.0749543679248248
Pseudodiploria173831,0.00310281284535457
Pseudodiploria173839,-0.0267076200181193
Pseudodiploria173842,0.0508056284544937
Pseudodiploria173855,-0.00996692749478695
Pseudodiploria173860,0.0349609699175601
Pseudodiploria173861,-0.595275148825463
Pseudodiploria173862,-0.11593664721084
Pseudodiploria173863,-0.133392363109506
Pseudodiploria173873,-0.0280083170006365
Pseudodiploria173877,-0.522407004019571
Pseudodiploria173879,-0.0803106741710958
Pseudodiploria173882,-0.226097162834866
Pseudodiploria173885,-0.054786695813094
Pseudodiploria173897,-0.0442608727706354
Pseudodiploria173903,0.114742670184194
Pseudodiploria173906,-1.20178170406699
Pseudodiploria173922,0.131661193189697
Pseudodiploria173926,0.226577120933776
Pseudodiploria173928,0.166738179044999
Pseudodiploria173929,-0.0554949745242309
Pseudodiploria173937,0.0615638305732303
Pseudodiploria173952,-0.141184089426062
Pseudodiploria173953,0.0369601059062234
Pseudodiploria173954,-0.0612949423617146
Pseudodiploria173957,0.0206216987422484
Pseudodiploria173959,-0.182375333158728
Pseudodiploria173962,-0.0579898427485898
Pseudodiploria173963,-0.0177746559089545
Pseudodiploria173966,-0.248680903424001
Pseudodiploria173977,0.217274492389934
Pseudodiploria173983,0.131661193189697
Pseudodiploria173993,-0.0360410597649232
Pseudodiploria174004,-0.119667970909608
Pseudodiploria174009,-0.00448954283607219
Pseudodiploria174010,0.0181813426435269
Pseudodiploria174014,-0.247474638448771
Pseudodiploria174015,-0.0967277883609953
Pseudodiploria174016,0.0666932029473633
Pseudodiploria174022,0.0253417816387129
Pseudodiploria174026,-0.0365346157890678
Pseudodiploria174027,-0.0626028425803527
Pseudodiploria174030,-3.35866669822719
Pseudodiploria174033,0.0514948018997367
Pseudodiploria174043,0.0170805435282476
Pseudodiploria174047,-0.068346235215476
Pseudodiploria174057,-0.0830214401593663
Pseudodiploria174058,-0.024688394966228
Pseudodiploria174061,0.206452680881308
Pseudodiploria174063,0.00999133167041006
Pseudodiploria174066,0.014771991148648
Pseudodiploria174067,0.0584510877241475
Pseudodiploria174075,0.292637588052115
Pseudodiploria174081,0.0390092250199808
Pseudodiploria174087,-0.0305252162938733
Pseudodiploria174093,-0.219561135604733
Pseudodiploria174100,-0.138401186808937
Pseudodiploria174117,-0.0542229079282962
Pseudodiploria174124,0.0390092250199808
Pseudodiploria174129,0.0972450616914985
Pseudodiploria174131,-0.0828766701422673
Pseudodiploria174139,-0.0384984176960937
Pseudodiploria174148,0.0306934423115085
Pseudodiploria174149,0.209836284912244
Pseudodiploria174158,0.0520373403286872
Pseudodiploria174159,0.590822155629131
Pseudodiploria174160,0.235034552615038
Pseudodiploria174164,0.0629712670662687
Pseudodiploria174172,0.074902770616323
Pseudodiploria174180,0.227062985752272
Pseudodiploria174189,-0.387707558862992
Pseudodiploria174196,0.173488580936662
Pseudodiploria174202,0.00752070592628983
Pseudodiploria174204,-0.0112179051449366
Pseudodiploria174212,0.643028743212162
Pseudodiploria174219,-0.114742670184194
Pseudodiploria174220,0.0750262285730564
Pseudodiploria174221,0.0107258645202738
Pseudodiploria174222,-0.0738699910902775
Pseudodiploria174226,0.205956030847809
Pseudodiploria174228,-0.014240042455441
Pseudodiploria174229,0.292980811033979
Pseudodiploria174233,-0.0348547361167997
Pseudodiploria174240,0.118464944051663
Pseudodiploria174242,0.0142326837088875
Pseudodiploria174246,0.113871094327848
Pseudodiploria174254,0.00633718335556019
Pseudodiploria174256,-0.093887702318961
Pseudodiploria174258,0.355670440493477
Pseudodiploria174260,0.0213304364996912
Pseudodiploria174264,0.0887148598888314
Pseudodiploria174265,-0.00963580365241733
Pseudodiploria174266,-0.183426760149356
Pseudodiploria174267,0.0058461777218429
Pseudodiploria174269,-0.13488261576188
Pseudodiploria174272,-0.0418623527504418
Pseudodiploria174274,-0.131053443301528
Pseudodiploria174278,0.00985575228013465
Pseudodiploria174290,0.0952797022530706
Pseudodiploria174302,-0.261030374595048
Pseudodiploria174312,-0.170964556223876
Pseudodiploria174314,0.0216496880452836
Pseudodiploria174318,-0.00528865271431855
Pseudodiploria174320,-0.0118150891995402
Pseudodiploria174331,0.0890166192200796
Pseudodiploria174335,0.116551527426381
Pseudodiploria174337,-0.0027216740068393
Pseudodiploria174347,0.145669102575282
Pseudodiploria174349,-0.05858910039354
Pseudodiploria174350,-0.18116080634594
Pseudodiploria174356,-0.275830706261985
Pseudodiploria174360,0.0130669697018538
Pseudodiploria174361,-0.0332403435705847
Pseudodiploria174363,-0.102455820135679
Pseudodiploria174367,-0.0351516157598553
Pseudodiploria174378,-0.233161784913781
Pseudodiploria174379,0.0569740844958047
Pseudodiploria174395,0.0418695108178824
Pseudodiploria174404,-0.0366433556659976
Pseudodiploria174411,-0.00752070592628983
Pseudodiploria174416,0.293218333066338
Pseudodiploria174420,-0.0462826608530054
Pseudodiploria174422,-0.252639762875408
Pseudodiploria174424,0.00752070592628983
Pseudodiploria174425,0.112559285679048
Pseudodiploria174432,0.00147262478851384
Pseudodiploria174436,0.1589736053857
Pseudodiploria174440,-0.170964556223876
Pseudodiploria174443,0.037760706179348
Pseudodiploria174444,0.0552218449000678
Pseudodiploria174451,-0.0474518282230175
Pseudodiploria174458,0.0812255604369838
Pseudodiploria174467,-0.161119893505561
Pseudodiploria174470,0.312228420926031
Pseudodiploria174480,0.188700481516
Pseudodiploria174488,-0.018945603640231
Pseudodiploria174495,-0.362918535564814
Pseudodiploria174498,-0.079501777321835
Pseudodiploria174501,0.0456985762646337
Pseudodiploria174510,0.0363534682726989
Pseudodiploria174511,0.199089706108367
Pseudodiploria174516,0.0428480215488344
Pseudodiploria174517,-0.146958963229594
Pseudodiploria174520,-0.0474190908279118
Pseudodiploria174525,0.0314201550253276
Pseudodiploria174526,0.0289765762545857
Pseudodiploria174531,-0.0594492207730375
Pseudodiploria174532,0.252360770683421
Pseudodiploria174541,-0.196214550481321
Pseudodiploria174542,-0.0360410597649232
Pseudodiploria174543,-0.0908812335766666
Pseudodiploria174544,0.0533896186156034
Pseudodiploria174547,-0.00212747895569464
Pseudodiploria174557,0.118879806771617
Pseudodiploria174562,0.180826332848464
Pseudodiploria174564,-0.0564961449399567
Pseudodiploria174567,-0.0986962767166591
Pseudodiploria174570,0.0360752529870681
Pseudodiploria174573,-0.154357239996971
Pseudodiploria174574,0.36356646026996
Pseudodiploria174578,0.162202083021561
Pseudodiploria174581,-0.179912427164272
Pseudodiploria174588,0.00752070592628983
Pseudodiploria174590,0.0267076200181193
Pseudodiploria174596,0.0145490282755426
Pseudodiploria174597,0.285502196327008
Pseudodiploria174603,0.776576876517638
Pseudodiploria174604,0.0828766701422673
Pseudodiploria174605,0.0152903917866385
Pseudodiploria174611,0.0128065421028733
Pseudodiploria174618,-0.0249027998155114
Pseudodiploria174621,-0.00673812813508918
Pseudodiploria174622,-0.300545000322291
Pseudodiploria174625,-0.0644626863890871
Pseudodiploria174636,-0.219708553140657
Pseudodiploria174637,-0.0569740844958047
Pseudodiploria174639,0.488487677112702
Pseudodiploria174644,0.000874237588756943
Pseudodiploria174650,-0.167332311171161
Pseudodiploria174657,-0.0963246589542052
Pseudodiploria174658,-0.553822809342081
Pseudodiploria174660,-0.0474190908279118
Pseudodiploria174670,-0.0172582025588312
Pseudodiploria174674,0.10901492881863
Pseudodiploria174675,0.0228810321846523
Pseudodiploria174692,0.0127096792715235
Pseudodiploria174693,-0.145954640470951
Pseudodiploria174698,-0.178410045155115
Pseudodiploria174700,0.261704256810273
Pseudodiploria174705,-0.101527677771297
Pseudodiploria174710,-0.0512539908750511
Pseudodiploria174711,0.263556824685005
Pseudodiploria174719,-0.299211716226015
Pseudodiploria174722,0.134204997228246
Pseudodiploria174724,0.291652418098257
Pseudodiploria174730,0.135070778454368
Pseudodiploria174732,0.0267076200181193
Pseudodiploria174736,-0.0463330059217678
Pseudodiploria174739,-0.197203543255934
Pseudodiploria174742,0.0117489015074294
Pseudodiploria174743,0.221662714828637
Pseudodiploria174747,-0.346997265548655
Pseudodiploria174748,-0.0520373403286872
Pseudodiploria174749,0.0803106741710958
Pseudodiploria174751,-0.010615962086317
Pseudodiploria174752,-0.258476143993594
Pseudodiploria174754,-0.0742595595167073
Pseudodiploria174760,0.0360410597649232
Pseudodiploria174761,-0.278457555559654
Pseudodiploria174763,0.481893755542461
Pseudodiploria174765,0.0594234604286241
Pseudodiploria174780,0.0117489015074294
Pseudodiploria174786,0.564837713453326
Pseudodiploria174791,0.710496109249567
Pseudodiploria174797,0.136636059394983
Pseudodiploria174802,-0.0122310568171306
Pseudodiploria174810,0.293218333066338
Pseudodiploria174813,-0.0775353033803793
Pseudodiploria174819,0.0828766701422673
Pseudodiploria174820,0.0267076200181193
Pseudodiploria174821,-0.079336957143971
Pseudodiploria174822,-0.515632928998692
Pseudodiploria174824,-0.154166650749067
Pseudodiploria174825,-0.177797685553904
Pseudodiploria174828,0.074902770616323
Pseudodiploria174830,-0.046336705092564
Pseudodiploria174838,-0.010615962086317
Pseudodiploria174842,0.180805681392842
Pseudodiploria174845,-0.026000155591886
Pseudodiploria174847,0.0135040452566329
Pseudodiploria174853,-0.0018175111243747
Pseudodiploria174854,0.0134629105566343
Pseudodiploria174855,-0.0486284923961901
Pseudodiploria174863,-0.0561347725849209
Pseudodiploria174872,-0.125165231760402
Pseudodiploria174874,0.0647222724126856
Pseudodiploria174878,0.101527677771297
Pseudodiploria174886,-0.0629233139443061
Pseudodiploria174889,-1.06556931250526
Pseudodiploria174890,0.0562030440887758
Pseudodiploria174891,-0.0717747462594569
Pseudodiploria174892,0.00198161196419425
Pseudodiploria174900,-0.0354338266581381
Pseudodiploria174901,0.0232038926102595
Pseudodiploria174915,-0.0227602827287437
Pseudodiploria174916,-0.277524775911429
Pseudodiploria174917,-0.567326045239948
Pseudodiploria174922,-0.142355094902718
Pseudodiploria174927,0.00752070592628983
Pseudodiploria174928,0.182942550393996
Pseudodiploria174929,-0.074902770616323
Pseudodiploria174930,0.698034909853281
Pseudodiploria174932,0.128461106305692
Pseudodiploria174936,-0.215838079272981
Pseudodiploria174949,0.0824729825666632
Pseudodiploria174952,-0.0485125195335797
Pseudodiploria174953,0.538963726370533
Pseudodiploria174955,-1.651153176622
Pseudodiploria174956,0.0794947690730128
Pseudodiploria174957,0.0427422571584745
Pseudodiploria174962,-0.00259383844789118
Pseudodiploria174965,0.0470900392121482
Pseudodiploria174968,0.079501777321835
Pseudodiploria174973,-0.0609155419451495
Pseudodiploria174975,-0.389959519710572
Pseudodiploria174978,0.672445361097508
Pseudodiploria174981,-0.0249027998155114
Pseudodiploria174982,0.0306921275187215
Pseudodiploria174985,0.0890166192200796
Pseudodiploria174987,-0.198947385096198
Pseudodiploria174993,0.0063560425279339
Pseudodiploria174997,0.010615962086317
Pseudodiploria174999,-0.0433975445906089
Pseudodiploria175001,0.343268487429652
Pseudodiploria175005,0.180960064525393
Pseudodiploria175012,-0.139731547020529
Pseudodiploria175014,-0.0458628906052394
Pseudodiploria175015,0.00410157440951573
Pseudodiploria175023,0.00760419114014307
Pseudodiploria175028,0.0474190908279118
Pseudodiploria175029,0.028704404766416
Pseudodiploria175034,-0.413306264169709
Pseudodiploria175035,-0.0629233139443061
Pseudodiploria175041,0.0873483625953109
Pseudodiploria175045,-0.0926023590634774
Pseudodiploria175053,-0.215838079272981
Pseudodiploria175054,-0.0378323452122705
Pseudodiploria175057,-0.0550334417801263
Pseudodiploria175067,-1.31506868865199
Pseudodiploria175074,-0.00989379053301454
Pseudodiploria175077,-0.0972450616914985
Pseudodiploria175078,-0.0126570191584293
Pseudodiploria175086,0.153179095184884
Pseudodiploria175088,-0.0145490282755426
Pseudodiploria175089,-0.177479826431196
Pseudodiploria175092,-0.0565030399220348
Pseudodiploria175099,-0.00402446899733638
Pseudodiploria175101,0.204950364908108
Pseudodiploria175105,0.497679813719705
Pseudodiploria175111,0.259612618780599
Pseudodiploria175112,0.176651864215796
Pseudodiploria175114,0.0058461777218429
Pseudodiploria175116,-0.0186880829209311
Pseudodiploria175121,0.0936794438119995
Pseudodiploria175125,-0.0471986789232492
Pseudodiploria175130,0.0422948498773137
Pseudodiploria175131,-0.010615962086317
Pseudodiploria175136,-0.376858834101937
Pseudodiploria175145,-0.239920020462924
Pseudodiploria175147,0.0363247037942914
Pseudodiploria175148,-0.0135711312840329
Pseudodiploria175149,0.188866149245849
Pseudodiploria175151,-1.09731915193083
Pseudodiploria175155,-1.03806930010268
Pseudodiploria175166,0.12679622167885
Pseudodiploria175168,0.18754828036727
Pseudodiploria175170,-0.0939336989981227
Pseudodiploria175184,-0.146981055522306
Pseudodiploria175185,0.634297247689524
Pseudodiploria175190,0.0236524432716372
Pseudodiploria175196,0.134362377687549
Pseudodiploria175199,-0.00570804446757688
Pseudodiploria175203,-0.0513359223175875
Pseudodiploria175207,0.0064515674485804
Pseudodiploria175209,-0.00731908876194208
Pseudodiploria175218,-0.697020738164318
Pseudodiploria175222,-0.140407231145098
Pseudodiploria175225,-0.127770284724866
Pseudodiploria175228,0.00887057842557879
Pseudodiploria175230,-0.981307539369818
Pseudodiploria175231,1.11997784386004
Pseudodiploria175235,0.0290752706614081
Pseudodiploria175236,-0.0515635016460096
Pseudodiploria175238,-0.206103178882449
Pseudodiploria175241,0.179018087570294
Pseudodiploria175249,-0.0584510877241475
Pseudodiploria175255,0.0427422571584745
Pseudodiploria175258,-0.0636291093716818
Pseudodiploria175263,0.0903032413396372
Pseudodiploria175264,-0.215838079272981
Pseudodiploria175279,-0.00166938260831778
Pseudodiploria175282,0.0218428778599199
Pseudodiploria175283,-0.154490344518732
Pseudodiploria175285,0.0985901625536339
Pseudodiploria175286,0.299211716226015
Pseudodiploria175294,-0.0753449958098662
Pseudodiploria175296,0.0228810321846523
Pseudodiploria175306,-0.247837143439911
Pseudodiploria175308,0.0164235251322511
Pseudodiploria175313,0.0794947690730128
Pseudodiploria175315,-0.00280164857429363
Pseudodiploria175317,0.00280164857429363
Pseudodiploria175319,-0.0569454929425724
Pseudodiploria175331,0.00867980296142241
Pseudodiploria175332,0.0422462499033459
Pseudodiploria175334,0.00499702232964057
Pseudodiploria175340,0.0440307390409587
Pseudodiploria175344,0.00220662646542392
Pseudodiploria175346,0.0113664418243331
Pseudodiploria175363,0.119952086912682
Pseudodiploria175369,-0.0466864333232595
Pseudodiploria175371,0.0599154076776022
Pseudodiploria175372,-0.261704256810273
Pseudodiploria175374,0.0112179051449366
Pseudodiploria175376,-0.00887057842557879
Pseudodiploria175384,-0.120847206246466
Pseudodiploria175399,0.778593640315302
Pseudodiploria175400,-0.0360410597649232
Pseudodiploria175406,0.396876840559469
Pseudodiploria175409,0.0368772729737832
Pseudodiploria175414,-0.0267076200181193
Pseudodiploria175420,0.0319292089533915
Pseudodiploria175421,-0.194471589864658
Pseudodiploria175422,0.0652405123518387
Pseudodiploria175423,0.0373676501072798
Pseudodiploria175426,0.0242684827958791
Pseudodiploria175432,-0.455785231371093
Pseudodiploria175436,0.0803106741710958
Pseudodiploria175437,-0.0103883336111457
Pseudodiploria175443,-0.293218333066338
Pseudodiploria175444,-0.212334197556592
Pseudodiploria175447,-0.00464602739414049
Pseudodiploria175448,-0.0170805435282476
Pseudodiploria175454,-0.0473934605631775
Pseudodiploria175459,0.465258651915898
Pseudodiploria175463,-0.104868065345639
Pseudodiploria175465,-0.553055650487599
Pseudodiploria175474,0.0347661731109425
Pseudodiploria175475,-0.00661045926228821
Pseudodiploria175481,-0.175223201486934
Pseudodiploria175484,0.0921935170433421
Pseudodiploria175488,0.0272621271304381
Pseudodiploria175489,-0.0360410597649232
Pseudodiploria175490,0.415598608846058
Pseudodiploria175491,0.155294454006065
Pseudodiploria175493,0.0823334438480355
Pseudodiploria175495,0.166404941350945
Pseudodiploria175497,-0.069795823158703
Pseudodiploria175499,0.00996692749478695
Pseudodiploria175501,-0.0610005927104698
Pseudodiploria175504,-0.698034909853281
Pseudodiploria175506,-0.0105254000113502
Pseudodiploria175511,0.00135557974001646
Pseudodiploria175514,0.0538752787934436
Pseudodiploria175515,0.018945603640231
Pseudodiploria175518,-0.142473258683416
Pseudodiploria175520,0.0799287934047502
Pseudodiploria175523,0.102257581242178
Pseudodiploria175526,0.00333500572710229
Pseudodiploria175530,-0.0428480215488344
Pseudodiploria175532,0.0678007668911993
Pseudodiploria175534,0.251506351476465
Pseudodiploria175535,0.152128566529619
Pseudodiploria175536,-0.713148709407301
Pseudodiploria175541,-0.13542578668654
Pseudodiploria175542,-0.00798203736345584
Pseudodiploria175547,0.00498564095780433
Pseudodiploria175548,0.0274111701378118
Pseudodiploria175557,0.124012066144799
Pseudodiploria175558,0.0196296786496935
Pseudodiploria175566,-0.227584038918783
Pseudodiploria175567,-0.43243033507841
Pseudodiploria175570,0.0543359526864829
Pseudodiploria175577,0.0586814332799396
Pseudodiploria175579,-0.366099009238711
Pseudodiploria175580,-0.0971641955374569
Pseudodiploria175583,-0.125657172329744
Pseudodiploria175585,-0.372720593017237
Pseudodiploria175586,-0.0753449958098662
Pseudodiploria175591,-0.0976242053488848
Pseudodiploria175593,0.0150899162251253
Pseudodiploria175596,0.251671761104259
Pseudodiploria175598,0.0305252162938733
Pseudodiploria175599,-0.133372086467963
Pseudodiploria175601,0.0868335106979527
Pseudodiploria175604,-0.356319070380828
Pseudodiploria175609,-0.0599154076776022
Pseudodiploria175610,0.118206284878877
Pseudodiploria175616,0.134007090402419
Pseudodiploria175618,0.0267076200181193
Pseudodiploria175621,-0.0236524432716372
Pseudodiploria175623,-0.0119324248425975
Pseudodiploria175624,0.0296134771272567
Pseudodiploria175633,-0.297192214884278
Pseudodiploria175636,0.110121621194454
Pseudodiploria175640,-0.0373676501072798
Pseudodiploria175652,0.00464602739414049
Pseudodiploria175655,-0.0817612833984333
Pseudodiploria175668,-0.0429370379795088
Pseudodiploria175670,-0.153179095184884
Pseudodiploria175671,0.0477291444970234
Pseudodiploria175684,-0.0278081346076524
Pseudodiploria175707,0.0552218449000678
Pseudodiploria175710,-0.0629712670662687
Pseudodiploria175711,-0.121594453541719
Pseudodiploria175712,0.355945572228242
Pseudodiploria175722,-0.00887057842557879
Pseudodiploria175725,-0.0315524364500458
Pseudodiploria175726,0.0229811459596307
Pseudodiploria175728,0.180317030997147
Pseudodiploria175732,0.0854864417811383
Pseudodiploria175733,0.713148709407301
Pseudodiploria175734,-0.0569740844958047
Pseudodiploria175737,-0.00766449848869811
Pseudodiploria175739,0.0206123499764872
Pseudodiploria175746,0.0182253586348746
Pseudodiploria175747,0.136999297853957
Pseudodiploria175755,0.0629233139443061
Pseudodiploria175756,0.0298582408083854
Pseudodiploria175760,-0.146185611840187
Pseudodiploria175761,0.000906905741636383
Pseudodiploria175770,-0.054786695813094
Pseudodiploria175771,0.0694217396557667
Pseudodiploria175775,0.257761192623984
Pseudodiploria175782,0.135537952466018
Pseudodiploria175794,0.37291820396381
Pseudodiploria175795,0.0119433755140726
Pseudodiploria175800,0.246687680162246
Pseudodiploria175804,-0.200781485003451
Pseudodiploria175807,0.608871948195711
Pseudodiploria175808,-0.267490143348514
Pseudodiploria175812,-0.0471213693238595
Pseudodiploria175818,0.286714985906137
Pseudodiploria175821,-0.0149063226058844
Pseudodiploria175822,0.00591098215963683
Pseudodiploria175824,0.0305252162938733
Pseudodiploria175826,-0.120941982981933
Pseudodiploria175828,0.00752070592628983
Pseudodiploria175832,0.12679622167885
Pseudodiploria175833,-0.0824729825666632
Pseudodiploria175835,-0.0644626863890871
Pseudodiploria175836,-0.188156140417455
Pseudodiploria175843,-0.261704256810273
Pseudodiploria175844,0.180907674426204
Pseudodiploria175845,0.0422462499033459
Pseudodiploria175847,0.0305252162938733
Pseudodiploria175856,-0.128461106305692
Pseudodiploria175857,0.0100448078398533
Pseudodiploria175859,0.175440260734435
Pseudodiploria175860,1.10947832983097
Pseudodiploria175868,0.120634493836046
Pseudodiploria175869,-0.158351118294539
Pseudodiploria175874,-0.37900026130135
Pseudodiploria175882,-0.156887915253247
Pseudodiploria175891,0.0793951304523601
Pseudodiploria175893,0.0676975938647855
Pseudodiploria175898,0.174566733655717
Pseudodiploria175904,0.275830706261985
Pseudodiploria175905,-0.0492243558774349
Pseudodiploria175909,-0.035961102075781
Pseudodiploria175911,0.0242335532485168
Pseudodiploria175912,0.00378286942933891
Pseudodiploria175914,-0.36356646026996
Pseudodiploria175920,-0.0107258645202738
Pseudodiploria175923,-0.0703342171220395
Pseudodiploria175924,0.0367743648887114
Pseudodiploria175927,-0.0619014981324445
Pseudodiploria175934,0.114102741320132
Pseudodiploria175940,0.0249027998155114
Pseudodiploria175941,-0.00798203736345584
Pseudodiploria175950,0.0377633284405683
Pseudodiploria175953,0.326646024950192
Pseudodiploria175959,-0.0216496880452836
Pseudodiploria175964,-0.0228810321846523
Pseudodiploria175969,-0.0135711312840329
Pseudodiploria175971,-0.174366125295439
Pseudodiploria175972,-0.00711079935391137
Pseudodiploria175980,0.111422637988982
Pseudodiploria175983,-0.348278412208782
Pseudodiploria175989,0.0216263501939578
Pseudodiploria175992,-0.02096402750002
Pseudodiploria175993,-0.280625232685547
Pseudodiploria175994,-0.0823334438480355
Pseudodiploria175996,-0.00286338823494678
Pseudodiploria175997,0.332115529417382
Pseudodiploria176000,0.0359980008461447
Pseudodiploria176004,0.0233698406067771
Pseudodiploria176007,0.252773270606782
Pseudodiploria176009,0.0367743648887114
Pseudodiploria176011,0.569831357055735
Pseudodiploria176016,0.12679622167885
Pseudodiploria176021,0.13542578668654
Pseudodiploria176027,0.0112179051449366
Pseudodiploria176030,0.0715815438364036
Pseudodiploria176035,0.0536675087390578
Pseudodiploria176036,0.674919338920274
Pseudodiploria176038,-0.15833287842132
Pseudodiploria176040,-0.698034909853281
Pseudodiploria176044,0.0579898427485898
Pseudodiploria176045,-0.230436489903541
Pseudodiploria176052,0.0776149599000192
Pseudodiploria176055,-0.0305252162938733
Pseudodiploria176056,-0.464149312885109
Pseudodiploria176058,-0.0511232490459115
Pseudodiploria176069,0.0100448078398533
Pseudodiploria176070,0.320571635781983
Pseudodiploria176071,0.486032491741381
Pseudodiploria176074,-0.767227396270586
Pseudodiploria176078,-0.12679622167885
Pseudodiploria176082,-0.0472234365621794
Pseudodiploria176087,0.0172430971129502
Pseudodiploria176094,0.127770284724866
Pseudodiploria176097,-0.00985575228013465
Pseudodiploria176098,0.198381042271586
Pseudodiploria176099,0.0932239612971331
Pseudodiploria176101,-0.000906905741636383
Pseudodiploria176102,-0.148692302791679
Pseudodiploria176106,0.090499830148783
Pseudodiploria176113,-0.251274121029147
Pseudodiploria176116,0.165122111273549
Pseudodiploria176117,0.0332403435705847
Pseudodiploria176123,-0.118464944051663
Pseudodiploria176127,0.180805681392842
Pseudodiploria176128,0.00667413702969058
Pseudodiploria176138,-0.054786695813094
Pseudodiploria176139,0.108843304853644
Pseudodiploria176142,0.044970970476164
Pseudodiploria176147,-0.9310326149965
Pseudodiploria176148,0.0216526787897418
Pseudodiploria176149,0.312635789338237
Pseudodiploria176159,0.090499830148783
Pseudodiploria176161,0.140723065864038
Pseudodiploria176162,-0.0305252162938733
Pseudodiploria176164,0.00959295595380279
Pseudodiploria176168,-0.0105254000113502
Pseudodiploria176170,0.00755400621463598
Pseudodiploria176171,0.133047007306172
Pseudodiploria176174,0.0970327081567912
Pseudodiploria176175,0.302616255293762
Pseudodiploria176177,-0.0456385699132763
Pseudodiploria176192,0.0223979855673871
Pseudodiploria176193,0.00280164857429363
Pseudodiploria176200,-0.0817518085919977
Pseudodiploria176201,0.115453009572258
Pseudodiploria176209,0.190182036620182
Pseudodiploria176210,0.0803106741710958
Pseudodiploria176211,-0.116322888611946
Pseudodiploria176214,-0.0135711312840329
Pseudodiploria176222,-0.388813741487503
Pseudodiploria176230,0.0503846406604819
Pseudodiploria176234,0.131661193189697
Pseudodiploria176237,0.00710259694132021
Pseudodiploria176244,-0.150907933892815
Pseudodiploria176252,0.0812933887237003
Pseudodiploria176253,-0.0388801008064594
Pseudodiploria176254,-0.0474518282230175
Pseudodiploria176255,-0.00985575228013465
Pseudodiploria176257,0.206452680881308
Pseudodiploria176260,0.220363818153541
Pseudodiploria176264,0.0865867320428224
Pseudodiploria176267,0.522407004019571
Pseudodiploria176268,-0.075196228100751
Pseudodiploria176271,-0.235397535201376
Pseudodiploria176273,0.0603004910554191
Pseudodiploria176274,0.194471589864658
Pseudodiploria176277,0.164101540853529
Pseudodiploria176282,0.0113664418243331
Pseudodiploria176292,-0.0150727459990306
Pseudodiploria176295,0.0535324156056869
Pseudodiploria176299,-0.0416565018479693
Pseudodiploria176300,0.0643466581570156
Pseudodiploria176301,0.0349609699175601
Pseudodiploria176302,0.0891460887815359
Pseudodiploria176306,0.00720833925496074
Pseudodiploria176318,-0.196444833683444
Pseudodiploria176321,-0.0629712670662687
Pseudodiploria176326,0.342915890227265
Pseudodiploria176328,-0.220357409042572
Pseudodiploria176330,0.00951767745558288
Pseudodiploria176334,-0.0813067289933885
Pseudodiploria176335,0.662170184624246
Pseudodiploria176338,-0.139478885297567
Pseudodiploria176348,-0.0152903917866385
Pseudodiploria176356,-0.00752070592628983
Pseudodiploria176359,0.00464602739414049
Pseudodiploria176360,-0.00506029010511641
Pseudodiploria176367,-0.0438731584657658
Pseudodiploria176372,-0.215838079272981
Pseudodiploria176373,0.170964556223876
Pseudodiploria176376,-0.204950364908108
Pseudodiploria176377,-0.00629984046800255
Pseudodiploria176378,-0.142473258683416
Pseudodiploria176380,0.0946223323886317
Pseudodiploria176381,0.0498090749174844
Pseudodiploria176384,0.369234314835038
Pseudodiploria176385,-0.0474190908279118
Pseudodiploria176389,-0.0100527836102448
Pseudodiploria176390,-0.0443979552178925
Pseudodiploria176391,0.45466580700572
Pseudodiploria176395,-0.254945469792558
Pseudodiploria176397,-0.0952797022530706
Pseudodiploria176400,-0.0133402864814178
Pseudodiploria176408,0.459720097875844
Pseudodiploria176421,-0.0289738413447608
Pseudodiploria176431,0.140544546701522
Pseudodiploria176433,0.0102349161161195
Pseudodiploria176438,0.0309835033499481
Pseudodiploria176439,0.131425380041594
Pseudodiploria176442,0.0127096792715235
Pseudodiploria176443,0.0972450616914985
Pseudodiploria176445,0.661156788333819
Pseudodiploria176450,-0.0595287719743733
Pseudodiploria176456,-0.0124948069391221
Pseudodiploria176457,0.0648034261708774
Pseudodiploria176459,-0.112966819425073
Pseudodiploria176462,0.261661769250597
Pseudodiploria176465,-0.332115529417382
Pseudodiploria176470,0.312658556160582
Pseudodiploria176485,-0.105885858137548
Pseudodiploria176488,-0.016684257144296
Pseudodiploria176490,-1.4296383969277
Pseudodiploria176493,-0.0749543679248248
Pseudodiploria176503,0.204950364908108
Pseudodiploria176504,0.115453009572258
Pseudodiploria176511,0.172435568428568
Pseudodiploria176514,0.0695656235485358
Pseudodiploria176519,-0.0181813426435269
Pseudodiploria176522,0.222835605477077
Pseudodiploria176538,-0.0710976410500287
Pseudodiploria176539,-0.0775353033803793
Pseudodiploria176540,-0.00887057842557879
Pseudodiploria176542,0.0871838123786326
Pseudodiploria176544,-0.0206123499764872
Pseudodiploria176553,-0.261704256810273
Pseudodiploria176555,0.839218115908319
Pseudodiploria176556,0.0466615863061294
Pseudodiploria176568,-0.148692302791679
Pseudodiploria176570,-0.0643799490112243
Pseudodiploria176578,0.107536368647325
Pseudodiploria176579,0.346997265548655
Pseudodiploria176582,0.019742303662251
Pseudodiploria176583,-0.0251720999920586
Pseudodiploria176585,0.506526448007049
Pseudodiploria176588,-0.150419729682014
Pseudodiploria176603,-0.02057941079348
Pseudodiploria176605,-0.160318774861377
Pseudodiploria176612,0.125823130308254
Pseudodiploria176616,0.0422462499033459
Pseudodiploria176618,0.212447961427275
Pseudodiploria176620,-0.17692450540613
Pseudodiploria176625,0.123906272707829
Pseudodiploria176629,0.0770249586114762
Pseudodiploria176631,0.0463081077071485
Pseudodiploria176635,-0.000906905741636383
Pseudodiploria176636,0.0294559680400094
Pseudodiploria176645,-0.481893755542461
Pseudodiploria176646,0.267490143348514
Pseudodiploria176648,-0.451110494755233
Pseudodiploria176649,-0.178350574162633
Pseudodiploria176654,0.0388524889531566
Pseudodiploria176671,0.0776149599000192
Pseudodiploria176683,-0.0497072970391567
Pseudodiploria176687,-0.606401839854101
Pseudodiploria176690,0.156543042317317
Pseudodiploria176694,-0.0112179051449366
Pseudodiploria176698,-0.0757306837059309
Pseudodiploria176702,0.0228810321846523
Pseudodiploria176705,0.204950364908108
Pseudodiploria176706,0.142473258683416
Pseudodiploria176707,-0.0305252162938733
Pseudodiploria176717,-0.0462741839703706
Pseudodiploria176723,0.00985575228013465
Pseudodiploria176727,0.0810378829563655
Pseudodiploria176731,-0.00442115444224438
Pseudodiploria176732,0.231887578055366
Pseudodiploria176737,-0.0554949745242309
Pseudodiploria176741,0.0274111701378118
Pseudodiploria176742,0.189311241898565
Pseudodiploria176743,-0.12893967486667
Pseudodiploria176752,0.0474190908279118
Pseudodiploria176754,-0.0586814332799396
Pseudodiploria176755,-0.0710976410500287
Pseudodiploria176757,-0.00985575228013465
Pseudodiploria176761,0.194181056883482
Pseudodiploria176764,-0.0104367014306154
Pseudodiploria176773,-0.00708040686669002
Pseudodiploria176786,0.0810378829563655
Pseudodiploria176787,0.177054716565009
Pseudodiploria176788,0.0104755202075465
Pseudodiploria176793,-0.00752070592628983
Pseudodiploria176797,0.170964556223876
Pseudodiploria176799,0.0803106741710958
Pseudodiploria176800,-0.0383108389965296
Pseudodiploria176802,0.0235879753085289
Pseudodiploria176805,0.200134702478709
Pseudodiploria176811,-0.10339680754606
Pseudodiploria176813,-0.0242684827958791
Pseudodiploria176814,0.0225471216027452
Pseudodiploria176822,0.0338178516225998
Pseudodiploria176827,-0.286714985906137
Pseudodiploria176847,0.438984998558012
Pseudodiploria176850,0.118571361228379
Pseudodiploria176860,-0.0127326110625214
Pseudodiploria176861,-0.0438731584657658
Pseudodiploria176866,0.00464602739414049
Pseudodiploria176870,-0.204397226555512
Pseudodiploria176872,0.0308126238931732
Pseudodiploria176877,0.00603223344394036
Pseudodiploria176880,-0.018945603640231
Pseudodiploria176883,0.159827893526555
Pseudodiploria176886,0.098954126881607
Pseudodiploria176888,-0.0217048141592268
Pseudodiploria176890,0.00220662646542392
Pseudodiploria176899,0.00766449848869811
Pseudodiploria176900,-0.119898216295177
Pseudodiploria176904,0.0707207564804217
Pseudodiploria176906,0.0890166192200796
Pseudodiploria176915,0.292808238057622
Pseudodiploria176916,-0.226577120933776
Pseudodiploria176918,0.0386762166294499
Pseudodiploria176923,0.412435292313451
Pseudodiploria176926,0.0206216987422484
Pseudodiploria176928,0.204950364908108
Pseudodiploria176930,-0.179018087570294
Pseudodiploria176931,-0.0775353033803793
Pseudodiploria176940,0.087126022316376
Pseudodiploria176941,-0.0263129851784473
Pseudodiploria176944,-0.00203920526522135
Pseudodiploria176945,0.0147973214901052
Pseudodiploria176951,0.285187869346006
Pseudodiploria176952,0.366721453993648
Pseudodiploria176954,0.142473258683416
Pseudodiploria176957,-0.139731547020529
Pseudodiploria176959,0.148265391473791
Pseudodiploria176965,0.366358907178529
Pseudodiploria176967,-0.0181813426435269
Pseudodiploria176969,0.136999297853957
Pseudodiploria176970,0.0793951304523601
Pseudodiploria176973,0.0298934098793998
Pseudodiploria176977,-0.0903032413396372
Pseudodiploria176978,-0.0656060792760945
Pseudodiploria176979,-0.0449273365693401
Pseudodiploria176981,0.224547408107713
Pseudodiploria176982,-0.373296719361495
Pseudodiploria176983,0.0258707231258094
Pseudodiploria176988,0.403445868755303
Pseudodiploria176990,0.763635162771809
Pseudodiploria177009,-0.0229171369692217
Pseudodiploria177011,0.132356856823547
Pseudodiploria177012,-0.733449974528596
Pseudodiploria177014,0.0306558594668759
Pseudodiploria177015,0.119667970909608
Pseudodiploria177016,-0.0351516157598553
Pseudodiploria177017,0.146958963229594
Pseudodiploria177021,0.0939085417173678
Pseudodiploria177022,-0.000707542415917425
Pseudodiploria177026,0.517290252212343
Pseudodiploria177044,0.0330837659048868
Pseudodiploria177047,0.153261435945254
Pseudodiploria177051,-0.699881767002226
Pseudodiploria177060,-0.396360829504872
Pseudodiploria177062,0.0971641955374569
Pseudodiploria177067,0.0135711312840329
Pseudodiploria177076,0.00310466777466041
Pseudodiploria177094,0.243209907829441
Pseudodiploria177101,0.0524018479255341
Pseudodiploria177102,-0.182375333158728
Pseudodiploria177105,0.169508966302282
Pseudodiploria177107,0.195317978358495
Pseudodiploria177110,0.0584486970200961
Pseudodiploria177111,0.0238948543604888
Pseudodiploria177113,-0.0266576087507957
Pseudodiploria177114,0.0868335106979527
Pseudodiploria177116,-0.0572131611929525
Pseudodiploria177117,0.859001957328965
Pseudodiploria177118,-0.000906905741636383
Pseudodiploria177119,-0.212447961427275
Pseudodiploria177132,-0.0367743648887114
Pseudodiploria177134,-0.346997265548655
Pseudodiploria177141,-0.211966396212182
Pseudodiploria177144,-0.0436393190118737
Pseudodiploria177146,1.00124577574967
Pseudodiploria177148,0.13542578668654
Pseudodiploria177151,0.0793951304523601
Pseudodiploria177152,-0.00212747895569464
Pseudodiploria177153,-0.661156788333819
Pseudodiploria177164,0.0629233139443061
Pseudodiploria177167,0.0128065421028733
Pseudodiploria177173,0.128899242424649
Pseudodiploria177177,0.167004100910315
Pseudodiploria177178,0.292808238057622
Pseudodiploria177185,0.00661045926228821
Pseudodiploria177189,0.0112179051449366
Pseudodiploria177193,-0.0644626863890871
Pseudodiploria177195,-0.00798203736345584
Pseudodiploria177199,0.098954126881607
Pseudodiploria177202,0.201361459508497
Pseudodiploria177205,0.222835605477077
Pseudodiploria177206,0.0160805984555542
Pseudodiploria177215,-0.287785136378036
Pseudodiploria177217,0.0715024265285128
Pseudodiploria177222,0.488487677112702
Pseudodiploria177223,-0.0112179051449366
Pseudodiploria177224,0.313515870399348
Pseudodiploria177226,0.0586814332799396
Pseudodiploria177233,-0.0565030399220348
Pseudodiploria177234,-0.0543359526864829
Pseudodiploria177240,-0.18997971056176
Pseudodiploria177251,0.407935373013953
Pseudodiploria177252,0.194471589864658
Pseudodiploria177259,-0.079336957143971
Pseudodiploria177262,0.673282052137424
Pseudodiploria177267,0.0360410597649232
Pseudodiploria177269,-0.0267076200181193
Pseudodiploria177276,0.293161888638773
Pseudodiploria177277,-0.00176471023644827
Pseudodiploria177282,-0.0924146708091686
Pseudodiploria177287,0.00280164857429363
Pseudodiploria177290,-0.0263504417430583
Pseudodiploria177291,0.0763211069229897
Pseudodiploria177295,-0.070154669042993
Pseudodiploria177303,-0.116150173706317
Pseudodiploria177309,-0.000565039399764478
Pseudodiploria177316,0.101162141722685
Pseudodiploria177317,0.103577675746037
Pseudodiploria177323,0.0387662843874366
Pseudodiploria177328,0.00135557974001646
Pseudodiploria177333,0.613261695225711
Pseudodiploria177349,0.0446813043164809
Pseudodiploria177352,0.0533896186156034
Pseudodiploria177353,-0.0112179051449366
Pseudodiploria177360,0.247431086020089
Pseudodiploria177361,0.479331104135676
Pseudodiploria177367,0.068735945882869
Pseudodiploria177368,-0.0217488475683682
Pseudodiploria177374,0.295182421765241
Pseudodiploria177376,-0.0853159051976001
Pseudodiploria177377,0.0132081293824519
Pseudodiploria177378,-0.217161119920051
Pseudodiploria177380,0.00887057842557879
Pseudodiploria177384,0.890958103257502
Pseudodiploria177388,0.272886249202635
Pseudodiploria177393,-0.0232038926102595
Pseudodiploria177395,-0.0051625648864808
Pseudodiploria177399,1.12572288867079
Pseudodiploria177402,-0.0142040296056808
Pseudodiploria177407,-0.00286338823494678
Pseudodiploria177409,-1.67674769118403
Pseudodiploria177411,-0.110121621194454
Pseudodiploria177414,-0.488487677112702
Pseudodiploria177417,0.0367212814151114
Pseudodiploria177422,0.0215524618679875
Pseudodiploria177424,0.0216526787897418
Pseudodiploria177425,0.05858910039354
Pseudodiploria177427,-0.119667970909608
Pseudodiploria177428,0.907827853064938
Pseudodiploria177429,0.00848967965212691
Pseudodiploria177430,0.142473258683416
Pseudodiploria177433,0.00726183084135826
Pseudodiploria177434,0.310262691151796
Pseudodiploria177435,0.00259383844789118
Pseudodiploria177443,-0.313515870399348
Pseudodiploria177449,-0.0064515674485804
Pseudodiploria177455,-0.0235055354055211
Pseudodiploria177456,-0.00464602739414049
Pseudodiploria177457,-0.0109093191553519
Pseudodiploria177463,-0.124093005204587
Pseudodiploria177464,-0.0128065421028733
Pseudodiploria177467,0.116322888611946
Pseudodiploria177471,0.0107258645202738
Pseudodiploria177474,0.0797634655142076
Pseudodiploria177475,0.114742670184194
Pseudodiploria177479,0.15290178934439
Pseudodiploria177482,-0.26985080341299
Pseudodiploria177488,0.159813364544758
Pseudodiploria177489,0.0843353423824519
Pseudodiploria177491,0.0520373403286872
Pseudodiploria177492,0.25338227862882
Pseudodiploria177494,0.36356646026996
Pseudodiploria177495,0.573595099133252
Pseudodiploria177499,-0.113871094327848
Pseudodiploria177502,0.302093010604825
Pseudodiploria177503,-0.120490187573418
Pseudodiploria177504,0.38386694304262
Pseudodiploria177509,0.0249027998155114
Pseudodiploria177510,-0.00464602739414049
Pseudodiploria177511,0.0228810321846523
Pseudodiploria177513,-0.0249027998155114
Pseudodiploria177516,0.0988961249829955
Pseudodiploria177520,-0.113871094327848
Pseudodiploria177522,-0.00752070592628983
Pseudodiploria177525,0.00498564095780433
Pseudodiploria177526,0.0170805435282476
Pseudodiploria177528,0.243209907829441
Pseudodiploria177533,0.203184855282897
Pseudodiploria177536,0.0107258645202738
Pseudodiploria177538,0.0164235251322511
Pseudodiploria177541,-0.156133680134706
Pseudodiploria177548,0.0868335106979527
Pseudodiploria177552,-0.189311241898565
Pseudodiploria177556,0.0260591287877922
Pseudodiploria177558,0.277821058229124
Pseudodiploria177561,0.106791253306152
Pseudodiploria177562,0.00837608172794265
Pseudodiploria177564,0.246133880155016
Pseudodiploria177571,-0.00562060052062581
Pseudodiploria177577,-0.590822155629131
Pseudodiploria177579,-0.19481379277978
Pseudodiploria177581,0.0799287934047502
Pseudodiploria177588,0.9310326149965
Pseudodiploria177591,0.0107258645202738
Pseudodiploria177594,-0.177533529507088
Pseudodiploria177596,0.0742789824680691
Pseudodiploria177600,0.0830214401593663
Pseudodiploria177603,0.00303112152210068
Pseudodiploria177604,-0.0735880409082286
Pseudodiploria177605,-0.0474190908279118
Pseudodiploria177613,-0.0338178516225998
Pseudodiploria177615,0.0363247037942914
Pseudodiploria177616,0.0781443804461906
Pseudodiploria177619,-0.103491446715252
Pseudodiploria177623,-0.0190866029545538
Pseudodiploria177628,0.00785013792268498
Pseudodiploria177629,0.0108325521885574
Pseudodiploria177640,-0.152128566529619
Pseudodiploria177641,0.228663008015767
Pseudodiploria177643,-0.157366019388201
Pseudodiploria177645,-0.0360410597649232
Pseudodiploria177649,0.0470748662812882
Pseudodiploria177653,0.00727796359756034
Pseudodiploria177664,0.0135335884790646
Pseudodiploria177681,-0.0418695108178824
Pseudodiploria177693,-0.128461106305692
Pseudodiploria177694,-0.0120129130357495
Pseudodiploria177696,0.183546873042974
Pseudodiploria177700,0.00720833925496074
Pseudodiploria177701,0.053761097883355
Pseudodiploria177706,0.0473645438990659
Pseudodiploria177707,0.0122310568171306
Pseudodiploria177715,0.0946223323886317
Pseudodiploria177718,0.0453166538593719
Pseudodiploria177721,0.133331424083498
Pseudodiploria177724,0.0134131977716596
Pseudodiploria177725,0.119165379621059
Pseudodiploria177730,0.903129530160801
Pseudodiploria177734,0.0514780506734524
Pseudodiploria177736,-0.142473258683416
Pseudodiploria177739,0.12862628344396
Pseudodiploria177741,-0.37291820396381
Pseudodiploria177742,0.0964261035154747
Pseudodiploria177745,0.118432857006476
Pseudodiploria177750,-0.201361459508497
Pseudodiploria177751,0.0866508920391201
Pseudodiploria177765,0.0843353423824519
Pseudodiploria177771,-0.236395790125663
Pseudodiploria177773,-0.206815705143525
Pseudodiploria177775,-0.0027216740068393
Pseudodiploria177777,-0.139478885297567
Pseudodiploria177780,-0.45466580700572
Pseudodiploria177781,-0.672445361097508
Pseudodiploria177783,-0.0466615863061294
Pseudodiploria177788,0.0671383507623098
Pseudodiploria177790,0.206417056711054
Pseudodiploria177792,-0.180136467476209
Pseudodiploria177794,-0.859001957328965
Pseudodiploria177796,-0.132978815865851
Pseudodiploria177798,0.0112179051449366
Pseudodiploria177806,-0.101873103148277
Pseudodiploria177812,0.0383108389965296
Pseudodiploria177814,0.0753449958098662
Pseudodiploria177815,0.0747360910296186
Pseudodiploria177822,-0.32024986738169
Pseudodiploria177825,-2.51450501837601
Pseudodiploria177826,-0.037571242869934
Pseudodiploria177830,-0.12679622167885
Pseudodiploria177833,0.0182856789424413
Pseudodiploria177834,0.54348576009695
Pseudodiploria177836,0.0232038926102595
Pseudodiploria177839,-0.103606455754447
Pseudodiploria177842,0.0938960692298658
Pseudodiploria177844,0.0112179051449366
Pseudodiploria177845,0.0308324102543508
Pseudodiploria177849,0.227317025479897
Pseudodiploria177853,0.154166650749067
Pseudodiploria177861,-0.0796305238777171
Pseudodiploria177866,-0.0015906474808501
Pseudodiploria177877,-0.278738109363767
Pseudodiploria177879,0.749535997398872
Pseudodiploria177880,0.355945572228242
Pseudodiploria177887,0.00752070592628983
Pseudodiploria177889,0.113871094327848
Pseudodiploria177895,-0.0383108389965296
Pseudodiploria177907,-0.0993553611612657
Pseudodiploria177910,-0.215838079272981
Pseudodiploria177912,0.0104367014306154
Pseudodiploria177914,0.00464602739414049
Pseudodiploria177916,0.0119433755140726
Pseudodiploria177917,-0.068494176800603
Pseudodiploria177918,0.0427422571584745
Pseudodiploria177919,0.00752070592628983
Pseudodiploria177921,-0.0675138825620375
Pseudodiploria177924,0.0803106741710958
Pseudodiploria177928,0.0963246589542052
Pseudodiploria177932,-0.0838104773929043
Pseudodiploria177936,0.0447534910378865
Pseudodiploria177938,0.156219997545398
Pseudodiploria177942,-0.206103178882449
Pseudodiploria177943,-0.0730645662000136
Pseudodiploria177946,-0.0835144789112222
Pseudodiploria177952,0.0406792655363461
Pseudodiploria177956,-0.00260477911588944
Pseudodiploria177958,-0.838107771075276
Pseudodiploria177963,-0.10339680754606
Pseudodiploria177965,0.019993486732772
Pseudodiploria177966,-0.0492243558774349
Pseudodiploria177969,0.0776149599000192
Pseudodiploria177970,0.041481097677144
Pseudodiploria177973,0.0384658805310145
Pseudodiploria177974,0.226577120933776
Pseudodiploria177976,0.109110609395792
Pseudodiploria177979,0.13542578668654
Pseudodiploria177983,-0.0665144609924719
Pseudodiploria177985,0.019554075425857
Pseudodiploria177986,-0.068735945882869
Pseudodiploria177987,-0.0422462499033459
Pseudodiploria177988,0.0908812335766666
Pseudodiploria177995,-0.0694352906352457
Pseudodiploria177996,0.115453009572258
Pseudodiploria178003,-0.0332769164331739
Pseudodiploria178005,0.0656060792760945
Pseudodiploria178009,-0.057499952930486
Pseudodiploria178011,0.068735945882869
Pseudodiploria178012,-0.046336705092564
Pseudodiploria178016,-0.0890166192200796
Pseudodiploria178025,-0.079501777321835
Pseudodiploria178026,0.332936007357343
Pseudodiploria178030,-0.0295777222548882
Pseudodiploria178034,0.405446349460759
Pseudodiploria178039,0.24974389367285
Pseudodiploria178040,0.0986962767166591
Pseudodiploria178042,-0.0170805435282476
Pseudodiploria178046,0.0868335106979527
Pseudodiploria178049,0.0735525240267954
Pseudodiploria178050,-0.257761192623984
Pseudodiploria178054,-0.0357214276165223
Pseudodiploria178055,-0.225826874489859
Pseudodiploria178058,-0.0466615863061294
Pseudodiploria178061,-0.283311388762118
Pseudodiploria178062,-0.0804226174757357
Pseudodiploria178069,0.0147524815458321
Pseudodiploria178072,0.141196123315813
Pseudodiploria178074,0.0112179051449366
Pseudodiploria178080,0.0973989807530408
Pseudodiploria178091,-0.125590114960754
Pseudodiploria178092,0.0290752706614081
Pseudodiploria178093,-0.0249027998155114
Pseudodiploria178096,-0.143172766558829
Pseudodiploria178100,-0.10799698848775
Pseudodiploria178102,-0.31164306386722
Pseudodiploria178110,-0.0196296786496935
Pseudodiploria178112,0.444295856034289
Pseudodiploria178113,1.35092807996319
Pseudodiploria178117,0.00387604893841245
Pseudodiploria178119,-0.0723123757670079
Pseudodiploria178130,0.0586814332799396
Pseudodiploria178133,0.00949268499035799
Pseudodiploria178136,0.464149312885109
Pseudodiploria178138,-0.0360525825070106
Pseudodiploria178142,0.105712954626844
Pseudodiploria178146,-0.286714985906137
Pseudodiploria178147,0.0586814332799396
Pseudodiploria178149,0.311859550650405
Pseudodiploria178150,0.0770959758052612
Pseudodiploria178151,0.128138712893503
Pseudodiploria178153,-0.00633718335556019
Pseudodiploria178154,-0.295314356164425
Pseudodiploria178155,0.00175171498295755
Pseudodiploria178159,0.0887148598888314
Pseudodiploria178160,0.10901492881863
Pseudodiploria178162,-0.272441075613861
Pseudodiploria178166,-0.0360410597649232
Pseudodiploria178170,-0.212334197556592
Pseudodiploria178174,0.134406408616625
Pseudodiploria178177,0.0626664482686535
Pseudodiploria178181,-0.0813597975032887
Pseudodiploria178184,0.117462575004336
Pseudodiploria178185,-0.128138712893503
Pseudodiploria178188,0.00752070592628983
Pseudodiploria178195,0.17467569604464
Pseudodiploria178197,0.0388524889531566
Pseudodiploria178198,-0.079501777321835
Pseudodiploria178199,0.0942177466077004
Pseudodiploria178200,-0.173709184482145
Pseudodiploria178203,-0.00708040686669002
Pseudodiploria178205,0.167553046432335
Pseudodiploria178209,0.00633718335556019
Pseudodiploria178213,0.0604458409958708
Pseudodiploria178214,-0.0107258645202738
Pseudodiploria178215,0.201361459508497
Pseudodiploria178216,-0.0742789824680691
Pseudodiploria178223,0.0426105091836971
Pseudodiploria178229,0.25338227862882
Pseudodiploria178231,-0.0753449958098662
Pseudodiploria178236,-0.00633718335556019
Pseudodiploria178240,0.00708040686669002
Pseudodiploria178243,-0.00286338823494678
Pseudodiploria178255,0.175135246117648
Pseudodiploria178262,-0.0262209866827858
Pseudodiploria178265,-0.166595001313353
Pseudodiploria178269,-0.228525065847049
Pseudodiploria178277,0.00718293777132831
Pseudodiploria178278,0.0251809822549863
Pseudodiploria178280,0.220370933333543
Pseudodiploria178281,-0.10901492881863
Pseudodiploria178282,-0.140211976196079
Pseudodiploria178283,0.0644366270154539
Pseudodiploria178287,-0.0904668284206883
Pseudodiploria178288,0.310298766590114
Pseudodiploria178289,-0.00916879395699909
Pseudodiploria178292,-0.14619085339505
Pseudodiploria178293,-0.146185611840187
Pseudodiploria178295,0.125657172329744
Pseudodiploria178297,0.103486714229827
Pseudodiploria178298,0.0135711312840329
Pseudodiploria178301,-0.0226299937394106
Pseudodiploria178308,-0.0569454929425724
Pseudodiploria178313,0.00708040686669002
Pseudodiploria178314,0.16844836031636
Pseudodiploria178316,0.238851706308021
Pseudodiploria178317,-0.277755411422934
Pseudodiploria178318,-0.10901492881863
Pseudodiploria178319,0.225580969023148
Pseudodiploria178323,0.00887057842557879
Pseudodiploria178324,-0.178410045155115
Pseudodiploria178325,0.118432857006476
Pseudodiploria178328,-0.0776149599000192
Pseudodiploria178331,0.215838079272981
Pseudodiploria178335,0.00766449848869811
Pseudodiploria178336,0.0107258645202738
Pseudodiploria178337,0.090499830148783
Pseudodiploria178339,-0.607640560791941
Pseudodiploria178342,0.138048583829994
Pseudodiploria178343,-0.0112179051449366
Pseudodiploria178345,-0.121779156776975
Pseudodiploria178346,0.356379964660828
Pseudodiploria178350,-0.0279037942019228
Pseudodiploria178352,0.366358907178529
Pseudodiploria178355,0.097808169171303
Pseudodiploria178360,-0.0299776531509656
Pseudodiploria178363,0.111561871492882
Pseudodiploria178366,-0.0251720999920586
Pseudodiploria178367,-0.0164125108924786
Pseudodiploria178368,1.03181642959776
Pseudodiploria178376,0.307049129836068
Pseudodiploria178383,-0.0149063226058844
Pseudodiploria178387,-0.136288453750417
Pseudodiploria178388,0.0570697668742193
Pseudodiploria178394,0.0396349078753052
Pseudodiploria178396,0.00867980296142241
Pseudodiploria178404,-0.0268579029074487
Pseudodiploria178408,0.168761132356323
Pseudodiploria178409,0.176651864215796
Pseudodiploria178410,0.00220662646542392
Pseudodiploria178413,-0.0882151063857238
Pseudodiploria178424,-0.0813597975032887
Pseudodiploria178427,-0.00212747895569464
Pseudodiploria178429,0.00887057842557879
Pseudodiploria178430,0.00760419114014307
Pseudodiploria178437,0.0748871210882699
Pseudodiploria178440,0.0569294292700467
Pseudodiploria178443,-0.205969981717763
Pseudodiploria178444,0.0206216987422484
Pseudodiploria178450,0.00504543176228622
Pseudodiploria178452,0.110894506824272
Pseudodiploria178460,-0.164387983877113
Pseudodiploria178463,0.0433975445906089
Pseudodiploria178465,0.0586814332799396
Pseudodiploria178470,0.0471213693238595
Pseudodiploria178472,-0.0196296786496935
Pseudodiploria178473,0.0554949745242309
Pseudodiploria178474,-0.010615962086317
Pseudodiploria178477,0.024688394966228
Pseudodiploria178478,0.199089706108367
Pseudodiploria178481,1.73014915402853
Pseudodiploria178485,-0.0442608727706354
Pseudodiploria178488,0.0890166192200796
Pseudodiploria178494,-0.0384658805310145
Pseudodiploria178500,0.123409982384758
Pseudodiploria178509,0.0567449260889997
Pseudodiploria178510,0.391185806485715
Pseudodiploria178511,0.0228810321846523
Pseudodiploria178516,0.128475399576977
Pseudodiploria178520,0.119957327762775
Pseudodiploria178522,0.599294005013294
Pseudodiploria178525,0.0835144789112222
Pseudodiploria178535,-0.0228810321846523
Pseudodiploria178536,0.0680024456856812
Pseudodiploria178540,0.105872604728348
Pseudodiploria178546,0.0761480674012709
Pseudodiploria178547,-0.17057478928189
Pseudodiploria178548,-0.0724492563672162
Pseudodiploria178555,0.0747360910296186
Pseudodiploria178556,-0.0305134135560399
Pseudodiploria178559,-0.0134629105566343
Pseudodiploria178560,0.58106461066252
Pseudodiploria178561,-0.0402503784079464
Pseudodiploria178565,0.00887057842557879
Pseudodiploria178572,0.0562030440887758
Pseudodiploria178573,0.156543042317317
Pseudodiploria178577,0.0657333782194704
Pseudodiploria178580,-0.0265334997248099
Pseudodiploria178582,0.0707133316651191
Pseudodiploria178585,-0.000906905741636383
Pseudodiploria178589,0.044970970476164
Pseudodiploria178597,-0.0554949745242309
Pseudodiploria178598,0.00448954283607219
Pseudodiploria178601,0.116322888611946
Pseudodiploria178602,0.0474518282230175
Pseudodiploria178608,0.00867980296142241
Pseudodiploria178612,-0.147185309171773
Pseudodiploria178616,-0.148920446298044
Pseudodiploria178621,-0.00609125227080745
Pseudodiploria178632,-0.114998604192505
Pseudodiploria178634,0.164706810599559
Pseudodiploria178636,0.0327693281703875
Pseudodiploria178637,0.274085407785
Pseudodiploria178646,0.285502196327008
Pseudodiploria178650,0.216030202040671
Pseudodiploria178652,-0.118791394633366
Pseudodiploria178653,0.00858100547302776
Pseudodiploria178655,0.107536368647325
Pseudodiploria178664,0.101527677771297
Pseudodiploria178669,-0.0908812335766666
Pseudodiploria178673,0.100388183040797
Pseudodiploria178674,-0.180806517221237
Pseudodiploria178676,-0.105712954626844
Pseudodiploria178679,-0.137565427194259
Pseudodiploria178683,0.131661193189697
Pseudodiploria178685,-0.114682136501227
Pseudodiploria178689,-0.45016386145666
Pseudodiploria178692,0.661156788333819
Pseudodiploria178698,-0.893448216523186
Pseudodiploria178709,-0.00303112152210068
Pseudodiploria178716,-0.00533234648192521
Pseudodiploria178724,-0.00633718335556019
Pseudodiploria178729,-0.285310313056446
Pseudodiploria178731,0.0589046385750329
Pseudodiploria178732,0.438984998558012
Pseudodiploria178742,0.0228810321846523
Pseudodiploria178743,0.0366433556659976
Pseudodiploria178745,-0.0378323452122705
Pseudodiploria178746,0.247721796560352
Pseudodiploria178748,0.410324731969316
Pseudodiploria178757,-0.0220046331725449
Pseudodiploria178759,-0.025827901639413
Pseudodiploria178760,-0.00333500572710229
Pseudodiploria178761,-0.34826476906764
Pseudodiploria178765,-0.0393464129388693
Pseudodiploria178778,0.277382001321634
Pseudodiploria178779,0.00166059916030352
Pseudodiploria178781,0.0279565698789796
Pseudodiploria178783,-0.621669480919163
Pseudodiploria178788,0.121773234263171
Pseudodiploria178789,0.0760179157114923
Pseudodiploria178792,0.971284985368716
Pseudodiploria178796,-0.00985575228013465
Pseudodiploria178801,0.215838079272981
Pseudodiploria178802,-0.159530828885523
Pseudodiploria178804,0.278738109363767
Pseudodiploria178806,-0.00609125227080745
Pseudodiploria178813,-0.128138712893503
Pseudodiploria178814,0.0908812335766666
Pseudodiploria178818,0.182375333158728
Pseudodiploria178819,0.200781485003451
Pseudodiploria178823,0.669554636810793
Pseudodiploria178830,-0.0533896186156034
Pseudodiploria178831,-0.0273032604323682
Pseudodiploria178832,-0.0750262285730564
Pseudodiploria178835,-0.0160805984555542
Pseudodiploria178836,0.401318111017106
Pseudodiploria178837,0.784281444759395
Pseudodiploria178840,-0.156748128489714
Pseudodiploria178854,0.00782575024261055
Pseudodiploria178857,0.176651864215796
Pseudodiploria178858,0.1579316022078
Pseudodiploria178859,0.34401676477247
Pseudodiploria178862,0.00570804446757688
Pseudodiploria178865,0.351734990588488
Pseudodiploria178866,-0.0380132351961059
Pseudodiploria178868,0.054786695813094
Pseudodiploria178872,0.0554949745242309
Pseudodiploria178876,-0.0811719299343005
Pseudodiploria178877,0.0695656235485358
Pseudodiploria178879,-0.0379593759076267
Pseudodiploria178887,0.0172430971129502
Pseudodiploria178891,-0.0971641955374569
Pseudodiploria178896,0.0252653212315006
Pseudodiploria178904,-0.0907358927552803
Pseudodiploria178905,-0.0698475628194722
Pseudodiploria178906,0.103801737702381
Pseudodiploria178907,0.0770959758052612
Pseudodiploria178910,0.0657333782194704
Pseudodiploria178916,-0.0228810321846523
Pseudodiploria178922,0.119667970909608
Pseudodiploria178924,-0.0586814332799396
Pseudodiploria178928,0.3243065335936
Pseudodiploria178940,-0.0516213150465251
Pseudodiploria178945,-1.31414525243658
Pseudodiploria178946,0.000906905741636383
Pseudodiploria178954,-0.146057051818864
Pseudodiploria178955,0.13488261576188
Pseudodiploria178966,-0.0428480215488344
Pseudodiploria178967,0.00150084064563322
Pseudodiploria178969,0.0466864333232595
Pseudodiploria178970,0.131661193189697
Pseudodiploria178973,-0.11237006751695
Pseudodiploria178974,0.42677453897588
Pseudodiploria178979,0.237390787095186
Pseudodiploria178986,0.182375333158728
Pseudodiploria178987,0.0794698720797091
Pseudodiploria178989,0.0452610327931926
Pseudodiploria179000,-0.147551349710754
Pseudodiploria179001,0.734917173526355
Pseudodiploria179002,0.0753449958098662
Pseudodiploria179003,0.204375344546775
Pseudodiploria179007,-0.0866508920391201
Pseudodiploria179008,-0.0236524432716372
Pseudodiploria179009,0.0124858718914155
Pseudodiploria179018,0.00782575024261055
Pseudodiploria179021,0.00887057842557879
Pseudodiploria179024,-0.02096402750002
Pseudodiploria179034,0.263152246735737
Pseudodiploria179041,-0.000906905741636383
Pseudodiploria179042,-0.00887057842557879
Pseudodiploria179046,0.738312025591361
Pseudodiploria179051,0.143341728467994
Pseudodiploria179056,-0.0760179157114923
Pseudodiploria179065,-0.0993553611612657
Pseudodiploria179067,0.146185611840187
Pseudodiploria179070,-0.0104755202075465
Pseudodiploria179072,-0.0465908111418966
Pseudodiploria179077,-0.0807170420808014
Pseudodiploria179082,-0.188866149245849
Pseudodiploria179084,-0.0388524889531566
Pseudodiploria179086,-0.0672018472003943
Pseudodiploria179089,0.206417056711054
Pseudodiploria179090,0.177054716565009
Pseudodiploria179091,-0.109820656345185
Pseudodiploria179092,0.00283322773344166
Pseudodiploria179093,0.0536675087390578
Pseudodiploria179101,0.175870120359592
Pseudodiploria179103,0.074902770616323
Pseudodiploria179108,0.0211665754106414
Pseudodiploria179109,0.325503518522735
Pseudodiploria179112,0.128138712893503
Pseudodiploria179118,0.228525065847049
Pseudodiploria179119,-0.0784161299850271
Pseudodiploria179128,-0.00872003919940135
Pseudodiploria179131,-0.0152136949901382
Pseudodiploria179133,-0.0284310932454733
Pseudodiploria179136,-0.00752070592628983
Pseudodiploria179137,0.36356646026996
Pseudodiploria179146,0.0513359223175875
Pseudodiploria179152,0.0469481426047861
Pseudodiploria179154,-0.041481097677144
Pseudodiploria179156,-0.172251964558848
Pseudodiploria179157,-0.204950364908108
Pseudodiploria179158,0.0195241839216702
Pseudodiploria179159,0.0474190908279118
Pseudodiploria179161,0.0150727459990306
Pseudodiploria179162,-0.0122310568171306
Pseudodiploria179165,0.0818235311802466
Pseudodiploria179167,0.00755400621463598
Pseudodiploria179168,0.0113664418243331
Pseudodiploria179172,-0.34826476906764
Pseudodiploria179178,0.0644626863890871
Pseudodiploria179185,0.305282179422414
Pseudodiploria179187,1.34336479206532
Pseudodiploria179202,-0.0543359526864829
Pseudodiploria179209,0.353670876030874
Pseudodiploria179211,-0.00708040686669002
Pseudodiploria179213,0.51183270035581
Pseudodiploria179223,0.299211716226015
Pseudodiploria179229,0.00147262478851384
Pseudodiploria17923,-0.37291820396381
Pseudodiploria179234,-0.782176434750175
Pseudodiploria179235,-0.191560479340221
Pseudodiploria179236,-0.197203543255934
Pseudodiploria179237,-0.0416565018479693
Pseudodiploria179247,0.0383108389965296
Pseudodiploria179248,-0.193358688867107
Pseudodiploria179251,0.0128065421028733
Pseudodiploria179252,0.379349618186621
Pseudodiploria179257,0.687075301927056
Pseudodiploria179263,0.0456385699132763
Pseudodiploria179264,0.309821989487088
Pseudodiploria179275,-0.418600308125229
Pseudodiploria179278,0.118464944051663
Pseudodiploria179279,0.208179521991569
Pseudodiploria179280,0.0456385699132763
Pseudodiploria179283,-0.0152136949901382
Pseudodiploria179284,0.0378323452122705
Pseudodiploria179285,-0.0602938296802282
Pseudodiploria179286,-0.449572475177973
Pseudodiploria179287,0.0128972265481412
Pseudodiploria179288,0.723206182617885
Pseudodiploria179294,0.0179859062107187
Pseudodiploria179295,-0.252773270606782
Pseudodiploria179298,0.0897538862516614
Pseudodiploria179306,0.131661193189697
Pseudodiploria179309,-0.00757843014938539
Pseudodiploria179310,-0.0152136949901382
Pseudodiploria179311,0.0538752787934436
Pseudodiploria179315,0.277821058229124
Pseudodiploria179316,0.0803106741710958
Pseudodiploria179317,0.0570697668742193
Pseudodiploria179318,0.177479826431196
Pseudodiploria179320,-0.00798203736345584
Pseudodiploria179323,-0.0354128839512753
Pseudodiploria179326,-0.068494176800603
Pseudodiploria179328,0.672445361097508
Pseudodiploria179330,0.247837143439911
Pseudodiploria179335,-0.175223201486934
Pseudodiploria179339,-0.0376738403319194
Pseudodiploria179345,0.129983904906715
Pseudodiploria179346,0.0508056284544937
Pseudodiploria179355,0.201361459508497
Pseudodiploria179367,0.0112179051449366
Pseudodiploria179373,0.0478463322408318
Pseudodiploria179378,-0.0383108389965296
Pseudodiploria179380,0.200805890181125
Pseudodiploria179384,-0.0554625492797647
Pseudodiploria179386,0.0109584347606963
Pseudodiploria179391,-0.0518938220219657
Pseudodiploria179396,-0.215838079272981
Pseudodiploria179398,-0.0964346494140417
Pseudodiploria179399,-0.395103313066343
Pseudodiploria179402,0.0385718004746577
Pseudodiploria179406,0.0339893081883729
Pseudodiploria179407,-0.0197551574420095
Pseudodiploria179408,0.0172430971129502
Pseudodiploria179409,0.0599154076776022
Pseudodiploria179410,0.145530610166608
Pseudodiploria179412,0.145053726596184
Pseudodiploria179414,-2.42987841770745
Pseudodiploria179417,0.134362377687549
Pseudodiploria179418,0.382497691784273
Pseudodiploria179420,0.000857782728764128
Pseudodiploria179421,-0.295182421765241
Pseudodiploria179422,0.0102933014855329
Pseudodiploria179425,0.0425346315888349
Pseudodiploria179427,0.0516213150465251
Pseudodiploria179428,-0.00464602739414049
Pseudodiploria179429,0.0112179051449366
Pseudodiploria179432,-0.118753589125365
Pseudodiploria179433,0.020608594979212
Pseudodiploria179436,-0.504276786695175
Pseudodiploria179438,0.0926023590634774
Pseudodiploria179441,0.0595124810553853
Pseudodiploria179442,0.672445361097508
Pseudodiploria179456,0.0422948498773137
Pseudodiploria179461,0.0586814332799396
Pseudodiploria179462,0.661156788333819
Pseudodiploria179463,-0.0228810321846523
Pseudodiploria179464,-0.00798203736345584
Pseudodiploria179465,-0.0536675087390578
Pseudodiploria179466,0.240166280755813
Pseudodiploria179468,0.0306344081624653
Pseudodiploria179472,0.0818235311802466
Pseudodiploria179473,0.137096576282437
Pseudodiploria179474,-0.111475703956578
Pseudodiploria179475,0.0326635952763084
Pseudodiploria179476,0.118753589125365
Pseudodiploria179478,0.287327028804353
Pseudodiploria179480,0.0232038926102595
Pseudodiploria179486,-0.00180881968851615
Pseudodiploria179487,0.302070787212758
Pseudodiploria179493,-0.118464944051663
Pseudodiploria179499,-0.386442562465707
Pseudodiploria179505,0.207617409627905
Pseudodiploria179509,0.107495303027392
Pseudodiploria179515,-0.637483433791608
Pseudodiploria179519,0.173488580936662
Pseudodiploria179523,0.0299776531509656
Pseudodiploria179530,-0.0278081346076524
Pseudodiploria179533,0.0639053552060063
Pseudodiploria179538,0.0609155419451495
Pseudodiploria179539,-0.079336957143971
Pseudodiploria179540,0.00633718335556019
Pseudodiploria179542,0.0882151063857238
Pseudodiploria179543,-0.00985575228013465
Pseudodiploria179544,0.278738109363767
Pseudodiploria179546,0.00720833925496074
Pseudodiploria179549,0.0206216987422484
Pseudodiploria179551,0.0890166192200796
Pseudodiploria179553,0.0325256664698586
Pseudodiploria179554,-0.0412596329907452
Pseudodiploria179556,-0.468248411113312
Pseudodiploria179561,-0.243435861898007
Pseudodiploria179564,-0.00206879341432083
Pseudodiploria179565,-0.0707394449511991
Pseudodiploria179578,0.314616600386443
Pseudodiploria179579,1.41694645429809
Pseudodiploria179582,0.323416415496454
Pseudodiploria179586,0.0170805435282476
Pseudodiploria179590,0.274085407785
Pseudodiploria179591,-0.0648034261708774
Pseudodiploria179592,0.0127326110625214
Pseudodiploria179594,-0.196214550481321
Pseudodiploria179598,0.181853859950096
Pseudodiploria179600,-0.0265664234438187
Pseudodiploria179609,0.204950364908108
Pseudodiploria179610,0.14614493259217
Pseudodiploria179611,-0.00333500572710229
Pseudodiploria179618,0.0142288210346364
Pseudodiploria179623,0.0512938977334132
Pseudodiploria179625,-0.0370981452666197
Pseudodiploria179627,-0.118571361228379
Pseudodiploria179632,-0.0474587552994343
Pseudodiploria179639,0.175150991721996
Pseudodiploria179640,-0.173298203746362
Pseudodiploria179642,0.200781485003451
Pseudodiploria179646,0.0629712670662687
Pseudodiploria179647,-0.05015437695734
Pseudodiploria17965,0.0196296786496935
Pseudodiploria179658,0.129375013292325
Pseudodiploria179660,0.197009148565958
Pseudodiploria179661,0.00867980296142241
Pseudodiploria179665,0.198947385096198
Pseudodiploria179674,0.0608289576601998
Pseudodiploria179678,0.17467569604464
Pseudodiploria179680,0.0442608727706354
Pseudodiploria179684,0.131661193189697
Pseudodiploria179689,0.141466365262756
Pseudodiploria179693,-0.178410045155115
Pseudodiploria179694,0.128138712893503
Pseudodiploria179698,0.205699483402954
Pseudodiploria179702,0.00378286942933891
Pseudodiploria179703,-0.0665144609924719
Pseudodiploria179705,0.131636847887308
Pseudodiploria179708,-0.314616600386443
Pseudodiploria179711,-0.166738179044999
Pseudodiploria179712,0.120343654415155
Pseudodiploria179715,0.00782575024261055
Pseudodiploria179722,-0.0182856789424413
Pseudodiploria179725,0.0018205355419667
Pseudodiploria179727,-0.168794228594345
Pseudodiploria179728,0.00364830962919321
Pseudodiploria179734,-0.0709598342660762
Pseudodiploria179737,-0.197009148565958
Pseudodiploria179738,0.1013046234244
Pseudodiploria179748,0.18754828036727
Pseudodiploria179749,-0.12679622167885
Pseudodiploria179750,-0.100731552344779
Pseudodiploria179751,0.00807311254428622
Pseudodiploria179752,-0.00985575228013465
Pseudodiploria179755,0.110894506824272
Pseudodiploria179756,0.182375333158728
Pseudodiploria179763,-0.00798203736345584
Pseudodiploria179766,0.466824884271455
Pseudodiploria179767,0.366721453993648
Pseudodiploria179769,0.193358688867107
Pseudodiploria179770,-0.0796305238777171
Pseudodiploria179772,-0.162387654161758
Pseudodiploria179776,0.533453342330799
Pseudodiploria179777,-0.0726812745359336
Pseudodiploria179780,-0.133392363109506
Pseudodiploria179783,0.533453342330799
Pseudodiploria179784,-0.0908893842835136
Pseudodiploria179786,-0.25519532211631
Pseudodiploria179787,0.090499830148783
Pseudodiploria179788,-0.0813597975032887
Pseudodiploria179792,0.053761097883355
Pseudodiploria179795,-0.139731547020529
Pseudodiploria179799,0.572331861513722
Pseudodiploria179800,-0.0792894686838135
Pseudodiploria179802,0.172021189304938
Pseudodiploria179803,-0.0588884462009374
Pseudodiploria179805,0.0626600114344042
Pseudodiploria179806,-0.0474587552994343
Pseudodiploria179821,-0.0063560425279339
Pseudodiploria179823,-0.0172430971129502
Pseudodiploria179828,0.0064515674485804
Pseudodiploria179830,-0.364263709084826
Pseudodiploria179831,0.0462826608530054
Pseudodiploria179832,0.461683160157618
Pseudodiploria179835,-0.13361721606258
Pseudodiploria179837,-0.166404941350945
Pseudodiploria179838,-0.451110494755233
Pseudodiploria179839,0.366358907178529
Pseudodiploria179840,-0.231894794306648
Pseudodiploria179842,-0.00150084064563322
Pseudodiploria179843,0.0778004201602169
Pseudodiploria179848,0.0258281312591561
Pseudodiploria179849,0.208170170518991
Pseudodiploria179851,0.037760706179348
Pseudodiploria179853,-0.0203651955720433
Pseudodiploria179854,0.187217095526784
Pseudodiploria179856,0.0718610560577619
Pseudodiploria179857,-0.185749215104779
Pseudodiploria179861,-0.0828766701422673
Pseudodiploria179862,-0.824872097644826
Pseudodiploria179866,-0.809634669974725
Pseudodiploria179868,-0.197009148565958
Pseudodiploria179869,0.12893967486667
Pseudodiploria179871,-0.0908812335766666
Pseudodiploria179875,-0.0529541093055229
Pseudodiploria179876,-0.157366019388201
Pseudodiploria179877,1.00936393513896
Pseudodiploria179881,-0.0165694951473312
Pseudodiploria179883,-0.0322791693603123
Pseudodiploria179888,0.0238948543604888
Pseudodiploria179892,0.210078549810658
Pseudodiploria179897,-0.120341366815094
Pseudodiploria179899,0.200942292970001
Pseudodiploria179900,-0.00949268499035799
Pseudodiploria179906,-1.3649931091169
Pseudodiploria179909,-0.00949268499035799
Pseudodiploria179911,-0.0665144609924719
Pseudodiploria179913,-0.707537413992694
Pseudodiploria179918,0.180805681392842
Pseudodiploria179921,0.0145490282755426
Pseudodiploria179927,-0.175870120359592
Pseudodiploria179928,-0.131661193189697
Pseudodiploria179929,0.0776149599000192
Pseudodiploria179931,-0.00206879341432083
Pseudodiploria179936,0.107495303027392
Pseudodiploria179941,-0.271319790169669
Pseudodiploria179942,-0.186155493285191
Pseudodiploria179944,-0.343097064972705
Pseudodiploria179949,0.313515870399348
Pseudodiploria179958,-0.000830259094999953
Pseudodiploria179963,0.481893755542461
Pseudodiploria179965,0.0122310568171306
Pseudodiploria179970,0.00633718335556019
Pseudodiploria179971,-0.0444018143373976
Pseudodiploria179972,0.524709688340715
Pseudodiploria179974,-0.0762855963394427
Pseudodiploria179975,0.00887057842557879
Pseudodiploria179981,-0.0267076200181193
Pseudodiploria179982,-0.0354128839512753
Pseudodiploria179983,-0.233967771180924
Pseudodiploria179984,-0.0665144609924719
Pseudodiploria179985,0.0368772729737832
Pseudodiploria179989,-0.0147973214901052
Pseudodiploria179992,0.00204318613129482
Pseudodiploria180000,-0.018945603640231
Pseudodiploria180002,-0.0550964597729155
Pseudodiploria180006,-0.220906573407394
Pseudodiploria180019,-0.00206879341432083
Pseudodiploria180020,0.0538752787934436
Pseudodiploria180023,0.12679622167885
Pseudodiploria180028,-0.212447961427275
Pseudodiploria180037,-0.317106808528862
Pseudodiploria180038,-0.116551527426381
Pseudodiploria180042,-0.438984998558012
Pseudodiploria180043,0.010615962086317
Pseudodiploria180044,-0.0823334438480355
Pseudodiploria180048,-0.0868335106979527
Pseudodiploria180052,-0.278292335355348
Pseudodiploria180053,-0.142473258683416
Pseudodiploria180054,0.180317030997147
Pseudodiploria180056,0.123852467722694
Pseudodiploria180058,-0.138154826432109
Pseudodiploria180059,-0.113507034534837
Pseudodiploria180060,-0.0175903607895179
Pseudodiploria180065,0.11432460961952
Pseudodiploria180066,0.124975570128776
Pseudodiploria180067,0.263556824685005
Pseudodiploria180069,0.0127326110625214
Pseudodiploria180072,0.0366433556659976
Pseudodiploria180076,-0.00661045926228821
Pseudodiploria180081,-0.0903032413396372
Pseudodiploria180082,0.192644934127405
Pseudodiploria180084,-0.436791013771063
Pseudodiploria180086,0.0406792655363461
Pseudodiploria180087,0.141928781920222
Pseudodiploria180091,0.0866508920391201
Pseudodiploria180098,-0.115453009572258
Pseudodiploria180099,0.0130669697018538
Pseudodiploria180103,-0.0378323452122705
Pseudodiploria180107,0.160658831915273
Pseudodiploria180111,0.0524018479255341
Pseudodiploria180113,-0.092198305918271
Pseudodiploria180114,0.0265334997248099
Pseudodiploria180116,0.266064441376654
Pseudodiploria180117,-0.00916752093150265
Pseudodiploria180123,0.119667970909608
Pseudodiploria180126,0.261704256810273
Pseudodiploria180127,1.51276879069525
Pseudodiploria180129,0.0142983996329851
Pseudodiploria180133,0.125165231760402
Pseudodiploria180135,0.116322888611946
Pseudodiploria180142,-0.13488261576188
Pseudodiploria180144,0.179018087570294
Pseudodiploria180147,-0.0360410597649232
Pseudodiploria180148,0.249127513602134
Pseudodiploria180149,0.00406199366863621
Pseudodiploria180156,0.231794639304105
Pseudodiploria180160,0.0430214295963003
Pseudodiploria180162,-0.0554949745242309
Pseudodiploria180163,-0.0100269479247723
Pseudodiploria180164,-0.0277521727562093
Pseudodiploria180166,-0.00602262609631687
Pseudodiploria180169,-0.0511232490459115
Pseudodiploria180170,-0.00490403873729576
Pseudodiploria180171,-0.0497453026590418
Pseudodiploria180172,-0.0824933945077328
Pseudodiploria180176,0.438984998558012
Pseudodiploria180180,0.0348547361167997
Pseudodiploria180181,-0.0234442206192344
Pseudodiploria180182,0.0165694951473312
Pseudodiploria180183,0.0533896186156034
Pseudodiploria180185,-0.0266549189033167
Pseudodiploria180187,0.175870120359592
Pseudodiploria180191,0.0306558594668759
Pseudodiploria180194,-0.074327838894751
Pseudodiploria180195,-0.0378323452122705
Pseudodiploria180199,0.714811586315697
Pseudodiploria180201,0.0626259835096685
Pseudodiploria180205,0.0419693032343467
Pseudodiploria180213,0.0122310568171306
Pseudodiploria180222,0.00116229498903307
Pseudodiploria180223,-0.0747901570253395
Pseudodiploria180224,-0.147653051184639
Pseudodiploria180226,-0.427444445804285
Pseudodiploria180228,-0.163733296617289
Pseudodiploria180236,-0.0889756864268455
Pseudodiploria180239,0.399977061367399
Pseudodiploria180245,0.375692576917067
Pseudodiploria180246,0.115453009572258
Pseudodiploria180252,-0.0938646388375708
Pseudodiploria180254,-0.123852467722694
Pseudodiploria180255,0.0349609699175601
Pseudodiploria180257,-0.0656060792760945
Pseudodiploria180258,-0.530586260203535
Pseudodiploria180271,0.0330837659048868
Pseudodiploria180276,-0.569607511743632
Pseudodiploria180282,0.0360410597649232
Pseudodiploria180286,0.197403401084289
Pseudodiploria180287,-0.0283869002466018
Pseudodiploria180288,-0.0768229406557132
Pseudodiploria180293,0.0930915271819699
Pseudodiploria180295,-0.0514948018997367
Pseudodiploria180296,-0.0218584812324132
Pseudodiploria180305,0.138154826432109
Pseudodiploria180306,0.417893241035018
Pseudodiploria180310,-0.332115529417382
Pseudodiploria180315,0.0730645662000136
Pseudodiploria180317,-0.224547408107713
Pseudodiploria180322,0.353670876030874
Pseudodiploria180325,-0.0655979820566639
Pseudodiploria180328,-0.0260591287877922
Pseudodiploria180332,-0.00752070592628983
Pseudodiploria180334,-0.114102741320132
Pseudodiploria180335,0.0250462939344542
Pseudodiploria180336,-0.0393464129388693
Pseudodiploria180337,0.343097064972705
Pseudodiploria180340,0.00374940615204172
Pseudodiploria180342,-0.366331291552752
Pseudodiploria180344,0.0135335884790646
Pseudodiploria180345,2.81396953327928
Pseudodiploria180349,-0.0166641142059894
Pseudodiploria180350,0.075196228100751
Pseudodiploria180351,-0.101951828404083
Pseudodiploria180353,-0.0533896186156034
Pseudodiploria180354,-0.118464944051663
Pseudodiploria180370,0.786795595800517
Pseudodiploria180371,0.0218847736316916
Pseudodiploria180374,-0.00887057842557879
Pseudodiploria180378,-0.0330837659048868
Pseudodiploria180379,0.0535027651695697
Pseudodiploria180380,-0.0086626098854053
Pseudodiploria180382,-0.00407876965835764
Pseudodiploria180383,0.114998604192505
Pseudodiploria180385,0.0306921275187215
Pseudodiploria180386,0.125657172329744
Pseudodiploria180392,-0.119165379621059
Pseudodiploria180393,-0.125657172329744
Pseudodiploria180395,0.00887057842557879
Pseudodiploria180397,-0.11390166887851
Pseudodiploria180402,0.296987591248989
Pseudodiploria180403,-0.123852467722694
Pseudodiploria180405,-0.000476598164756263
Pseudodiploria180410,-0.0128065421028733
Pseudodiploria180416,-0.00752070592628983
Pseudodiploria180418,0.0172801063780799
Pseudodiploria180421,-0.117866897908808
Pseudodiploria180422,0.188082126416319
Pseudodiploria180423,-0.0130639361804647
Pseudodiploria180426,0.0130432608961479
Pseudodiploria180428,0.158402629056949
Pseudodiploria180438,-0.0264281659508511
Pseudodiploria180439,0.304579126333409
Pseudodiploria180448,-0.0626028425803527
Pseudodiploria180449,0.164583028163456
Pseudodiploria180454,-0.0153112090016731
Pseudodiploria180455,-0.261931042493751
Pseudodiploria180458,0.0810378829563655
Pseudodiploria180463,0.0127096792715235
Pseudodiploria180464,-0.310298766590114
Pseudodiploria180465,0.166595001313353
Pseudodiploria180473,0.0309835033499481
Pseudodiploria180474,0.0536675087390578
Pseudodiploria180479,-0.0927908763234963
Pseudodiploria180482,0.0887148598888314
Pseudodiploria180483,0.488487677112702
Pseudodiploria180487,-0.00648570709657757
Pseudodiploria180488,0.0238948543604888
Pseudodiploria180489,-0.0595107276228227
Pseudodiploria180499,0.118464944051663
Pseudodiploria180502,0.158412762517808
Pseudodiploria180504,-0.146185611840187
Pseudodiploria180506,0.0289738413447608
Pseudodiploria180509,-0.178662884199436
Pseudodiploria180510,-0.119952086912682
Pseudodiploria180513,0.01349853828845
Pseudodiploria180514,0.252809606289538
Pseudodiploria180515,-0.0393464129388693
Pseudodiploria180518,0.225112246829203
Pseudodiploria180520,-0.172021189304938
Pseudodiploria180523,0.360711022933151
Pseudodiploria180537,0.154166650749067
Pseudodiploria180538,-0.155094476631733
Pseudodiploria180539,0.951957260405259
Pseudodiploria180540,0.068494176800603
Pseudodiploria180542,0.217751986832484
Pseudodiploria180546,-0.0757306837059309
Pseudodiploria180549,0.0484011761577907
Pseudodiploria180554,0.0473645438990659
Pseudodiploria180560,-0.040703403326437
Pseudodiploria180566,-0.220370933333543
Pseudodiploria180570,0.564384208466034
Pseudodiploria180572,0.00490403873729576
Pseudodiploria180573,-0.029216184800213
Pseudodiploria180574,1.15482910019372
Pseudodiploria180575,-0.0565030399220348
Pseudodiploria180576,0.101527677771297
Pseudodiploria180578,0.180136467476209
Pseudodiploria180579,-0.212447961427275
Pseudodiploria180594,0.0524745044947183
Pseudodiploria180604,0.302070787212758
Pseudodiploria180609,0.0232038926102595
Pseudodiploria180610,0.289094575993466
Pseudodiploria180611,0.183426760149356
Pseudodiploria180613,-0.0603004910554191
Pseudodiploria180615,0.00259383844789118
Pseudodiploria180619,0.0228810321846523
Pseudodiploria180620,-0.000801662118957428
Pseudodiploria180621,0.101162141722685
Pseudodiploria180622,0.10879064193284
Pseudodiploria180624,0.0305252162938733
Pseudodiploria180628,-0.0315524364500458
Pseudodiploria180629,-0.0180719156020383
Pseudodiploria180630,0.182375333158728
Pseudodiploria180638,-0.0490359968897973
Pseudodiploria180642,0.137096576282437
Pseudodiploria180645,-0.0586515619189529
Pseudodiploria180649,-0.0543939927153658
Pseudodiploria180650,0.141928781920222
Pseudodiploria180651,0.0229171369692217
Pseudodiploria180653,-0.0824729825666632
Pseudodiploria180657,1.12507220637417
Pseudodiploria180661,0.128899242424649
Pseudodiploria180663,0.137185752291072
Pseudodiploria180666,-0.0828766701422673
Pseudodiploria180668,0.0803106741710958
Pseudodiploria180671,0.129495458141765
Pseudodiploria180674,0.0228810321846523
Pseudodiploria180677,0.0772866694706953
Pseudodiploria180680,-0.155769245094695
Pseudodiploria180685,0.246687680162246
Pseudodiploria180686,0.843122255641398
Pseudodiploria180691,0.0608614521591066
Pseudodiploria180693,-0.0569740844958047
Pseudodiploria180694,-0.00220662646542392
Pseudodiploria180701,0.0533911800512931
Pseudodiploria180703,0.0993553611612657
Pseudodiploria180719,-0.0200981216376129
Pseudodiploria180720,0.190547823153729
Pseudodiploria180721,-0.0338178516225998
Pseudodiploria180723,0.00752070592628983
Pseudodiploria180724,0.453367188220361
Pseudodiploria180725,0.122949539717688
Pseudodiploria180728,0.176630645367563
Pseudodiploria180731,0.606401839854101
Pseudodiploria180734,0.0305252162938733
Pseudodiploria180737,-0.0430214295963003
Pseudodiploria180739,0.40105494619156
Pseudodiploria180740,0.0515067098495381
Pseudodiploria180741,-0.168526428777475
Pseudodiploria180744,-0.0609155419451495
Pseudodiploria180747,0.000906905741636383
Pseudodiploria180753,-0.0871335912478651
Pseudodiploria180754,0.149227590280816
Pseudodiploria180759,0.0190866029545538
Pseudodiploria180760,0.393652646761127
Pseudodiploria180761,0.268420104547208
Pseudodiploria180766,0.269129084266543
Pseudodiploria180775,0.131689173198726
Pseudodiploria180776,0.00293321269522687
Pseudodiploria180782,0.00752070592628983
Pseudodiploria180786,-0.10025319270387
Pseudodiploria180794,0.0776149599000192
Pseudodiploria180795,0.0326635952763084
Pseudodiploria180801,0.0466664556319846
Pseudodiploria180802,-0.15342157296004
Pseudodiploria180807,-0.0515140866605981
Pseudodiploria180808,0.0674471106881622
Pseudodiploria180813,-0.0533896186156034
Pseudodiploria180818,-0.0398790822661408
Pseudodiploria180821,-0.0458628906052394
Pseudodiploria180822,0.0236524432716372
Pseudodiploria180826,0.0498596767144571
Pseudodiploria180828,0.0629233139443061
Pseudodiploria180835,0.0583297927224579
Pseudodiploria180837,-0.176630645367563
Pseudodiploria180838,-0.0828766701422673
Pseudodiploria180839,1.50699914754658
Pseudodiploria180843,-0.00280164857429363
Pseudodiploria180846,0.0513359223175875
Pseudodiploria180848,0.192644934127405
Pseudodiploria180851,0.00858038187885665
Pseudodiploria180860,-0.00752070592628983
Pseudodiploria180866,0.0631407382468579
Pseudodiploria180868,0.0265334997248099
Pseudodiploria180869,0.110381969352973
Pseudodiploria180870,0.313515870399348
Pseudodiploria180876,-0.203919950593975
Pseudodiploria180877,-0.0493797320370276
Pseudodiploria180887,0.0578790168785698
Pseudodiploria180888,-0.0383108389965296
Pseudodiploria180889,0.010615962086317
Pseudodiploria180891,-0.45466580700572
Pseudodiploria180892,0.018945603640231
Pseudodiploria180894,-0.0941589132260883
Pseudodiploria180897,1.17235224081451
Pseudodiploria180907,-0.0371691305137451
Pseudodiploria180911,0.0383108389965296
Pseudodiploria180915,-0.0120028690497059
Pseudodiploria180916,0.0235055354055211
Pseudodiploria180918,-0.00203920526522135
Pseudodiploria180924,-0.183546873042974
Pseudodiploria180928,0.0606055980949982
Pseudodiploria180929,-0.0127326110625214
Pseudodiploria180934,-0.215838079272981
Pseudodiploria180935,0.00629984046800255
Pseudodiploria180939,-0.0122310568171306
Pseudodiploria180940,0.0442608727706354
Pseudodiploria180941,-0.116322888611946
Pseudodiploria180945,0.0182856789424413
Pseudodiploria180948,0.0122310568171306
Pseudodiploria180950,0.0449161796446932
Pseudodiploria180953,0.00757377908428382
Pseudodiploria180954,0.172762427979168
Pseudodiploria180955,-0.00708040686669002
Pseudodiploria180956,0.176651864215796
Pseudodiploria180957,-0.317788239156078
Pseudodiploria180964,0.035961102075781
Pseudodiploria180969,0.0122310568171306
Pseudodiploria180970,0.36356646026996
Pseudodiploria180973,-0.137055748165387
Pseudodiploria180974,0.0370383022594347
Pseudodiploria180975,0.102958480178019
Pseudodiploria180976,0.128461106305692
Pseudodiploria180980,0.0794947690730128
Pseudodiploria180982,0.191560479340221
Pseudodiploria180984,0.0624978577576575
Pseudodiploria180988,-0.0918334631404722
Pseudodiploria180991,-0.112641704592565
Pseudodiploria180993,-0.00212747895569464
Pseudodiploria180994,0.0112179051449366
Pseudodiploria180997,0.0466615863061294
Pseudodiploria180998,0.697020738164318
Pseudodiploria180999,0.419871529716336
Pseudodiploria181001,0.0803106741710958
Pseudodiploria181002,0.47679406931553
Pseudodiploria181009,0.0380132351961059
Pseudodiploria181010,-0.191560479340221
Pseudodiploria181011,0.036058434987291
Pseudodiploria181014,0.204950364908108
Pseudodiploria181018,0.12679622167885
Pseudodiploria181019,-0.00633718335556019
Pseudodiploria181020,0.20009841407137
Pseudodiploria181021,0.0228810321846523
Pseudodiploria181026,0.101527677771297
Pseudodiploria181032,0.00711079935391137
Pseudodiploria181035,0.0513050064663257
Pseudodiploria181036,-0.112641704592565
Pseudodiploria181039,0.000857782728764128
Pseudodiploria181042,-0.247837143439911
Pseudodiploria181043,0.105569220830359
Pseudodiploria181046,0.0064515674485804
Pseudodiploria181048,-0.36356646026996
Pseudodiploria181049,-0.00448954283607219
Pseudodiploria181055,0.000906905741636383
Pseudodiploria181056,-0.0378323452122705
Pseudodiploria181060,0.300545000322291
Pseudodiploria181062,0.103491446715252
Pseudodiploria181063,0.305568537429038
Pseudodiploria181065,0.149460960071647
Pseudodiploria181066,-0.00333500572710229
Pseudodiploria181072,0.0383108389965296
Pseudodiploria181082,0.196214550481321
Pseudodiploria181083,-0.0582793876968397
Pseudodiploria181084,0.0316981022432377
Pseudodiploria181088,0.267490143348514
Pseudodiploria181089,-0.00464602739414049
Pseudodiploria181091,0.201208244036557
Pseudodiploria181096,0.0760179157114923
Pseudodiploria181102,-0.0458628906052394
Pseudodiploria181105,-0.256077193959795
Pseudodiploria181106,-0.176651864215796
Pseudodiploria181110,0.0418623527504418
Pseudodiploria181115,0.430083096753717
Pseudodiploria181116,-0.329987831752328
Pseudodiploria181122,-0.473323219143093
Pseudodiploria181123,-0.0918334631404722
Pseudodiploria181124,0.0510245679674113
Pseudodiploria181133,-0.225112246829203
Pseudodiploria181136,-0.119667970909608
Pseudodiploria181140,0.205956030847809
Pseudodiploria181143,0.00305793673164081
Pseudodiploria181147,0.0131619253157942
Pseudodiploria181149,-0.0903032413396372
Pseudodiploria181150,0.196213239032271
Pseudodiploria181152,0.00985575228013465
Pseudodiploria181153,0.00667413702969058
Pseudodiploria181154,-0.0119324248425975
Pseudodiploria181157,-0.102595070691026
Pseudodiploria181158,0.326075742117936
Pseudodiploria181160,-0.00293321269522687
Pseudodiploria181165,-0.0017069906834807
Pseudodiploria181168,0.0793951304523601
Pseudodiploria181170,0.0072044161971498
Pseudodiploria181173,-0.00757843014938539
Pseudodiploria181176,-0.118464944051663
Pseudodiploria181179,0.203184855282897
Pseudodiploria181180,0.0135040452566329
Pseudodiploria181181,0.239920020462924
Pseudodiploria181184,-0.0926023590634774
Pseudodiploria181186,0.0569782385771608
Pseudodiploria181188,-0.0971641955374569
Pseudodiploria181190,-0.00212747895569464
Pseudodiploria181191,-0.0520373403286872
Pseudodiploria181192,-0.551313494376159
Pseudodiploria181202,0.0172430971129502
Pseudodiploria181204,0.223914633420628
Pseudodiploria181205,-0.183546873042974
Pseudodiploria181208,-0.0309835033499481
Pseudodiploria181211,-0.0503229980254534
Pseudodiploria181212,-0.0431406425992421
Pseudodiploria181214,-0.186774938120177
Pseudodiploria181216,0.0503229980254534
Pseudodiploria181217,-0.0200474458722379
Pseudodiploria181223,-0.0170805435282476
Pseudodiploria181225,-0.245806956186041
Pseudodiploria181228,-0.0574899337652932
Pseudodiploria181232,-0.206452680881308
Pseudodiploria181233,-0.219722576279341
Pseudodiploria181236,0.601108055905012
Pseudodiploria181237,-0.154166650749067
Pseudodiploria181238,-0.312228420926031
Pseudodiploria181245,-0.183798766507435
Pseudodiploria181251,0.193772560296038
Pseudodiploria181253,0.181595292362275
Pseudodiploria181257,0.170964556223876
Pseudodiploria181258,-0.142473258683416
Pseudodiploria181262,0.04654042121942
Pseudodiploria181263,-0.195253348206719
Pseudodiploria181266,-0.0351516157598553
Pseudodiploria181267,0.366358907178529
Pseudodiploria181271,0.0749543679248248
Pseudodiploria181273,0.0516213150465251
Pseudodiploria181274,-0.261661769250597
Pseudodiploria181277,0.035961102075781
Pseudodiploria181278,0.087956899892379
Pseudodiploria181280,0.389959519710572
Pseudodiploria181283,-0.0367743648887114
Pseudodiploria181289,0.168288103256413
Pseudodiploria181291,-0.104762100134277
Pseudodiploria181293,-0.107536368647325
Pseudodiploria181298,-0.215838079272981
Pseudodiploria181302,0.0349609699175601
Pseudodiploria181303,0.313898888872292
Pseudodiploria181306,0.340861259084722
Pseudodiploria181311,0.0177746559089545
Pseudodiploria181312,-0.533453342330799
Pseudodiploria181319,-0.115453009572258
Pseudodiploria181322,0.194181056883482
Pseudodiploria181323,-0.375692576917067
Pseudodiploria181324,0.675451120308033
Pseudodiploria181328,0.215838079272981
Pseudodiploria181332,0.0555981926505917
Pseudodiploria181333,0.00757377908428382
Pseudodiploria181334,0.0683802970814903
Pseudodiploria181337,0.103102027271798
Pseudodiploria181340,0.152195261300937
Pseudodiploria181342,0.180136467476209
Pseudodiploria181345,0.0378323452122705
Pseudodiploria181347,0.166595001313353
Pseudodiploria181352,-0.00912050812267267
Pseudodiploria181353,-0.129013039312156
Pseudodiploria181357,-0.0938646388375708
Pseudodiploria181360,0.0360410597649232
Pseudodiploria181361,-0.0466615863061294
Pseudodiploria181362,-0.156903200961682
Pseudodiploria181363,-0.0104755202075465
Pseudodiploria181365,-0.190256388737898
Pseudodiploria181369,-0.220363818153541
Pseudodiploria181371,0.719742037732988
Pseudodiploria181375,0.0723790903008022
Pseudodiploria181376,-0.0952797022530706
Pseudodiploria181377,-0.00200398674666153
Pseudodiploria181378,-0.0453166538593719
Pseudodiploria181379,-0.11787121993149
Pseudodiploria181380,0.13307646736204
Pseudodiploria181381,0.0535731862703895
Pseudodiploria181382,0.133544593814342
Pseudodiploria181384,-0.0648034261708774
Pseudodiploria181386,0.00837608172794265
Pseudodiploria181389,0.00788157032292564
Pseudodiploria181392,0.166595001313353
Pseudodiploria181394,0.139658345938927
Pseudodiploria181395,-0.142473258683416
Pseudodiploria181399,0.0657333782194704
Pseudodiploria181400,-0.174995016304274
Pseudodiploria181408,-0.19969537758115
Pseudodiploria181409,-0.174566733655717
Pseudodiploria181412,0.027086718176179
Pseudodiploria181415,-0.166326205671346
Pseudodiploria181417,0.175870120359592
Pseudodiploria181422,-0.0360410597649232
Pseudodiploria181423,-0.00402446899733638
Pseudodiploria181428,0.342915890227265
Pseudodiploria181429,-0.211672501581126
Pseudodiploria181430,-0.0100527836102448
Pseudodiploria181433,0.090499830148783
Pseudodiploria181434,-0.161119893505561
Pseudodiploria181435,0.203184855282897
Pseudodiploria181436,-0.0563357407914688
Pseudodiploria181448,0.00752070592628983
Pseudodiploria181450,0.139509159309867
Pseudodiploria181452,-0.00798203736345584
Pseudodiploria181454,-0.0425346315888349
Pseudodiploria181461,-0.0243704751721904
Pseudodiploria181466,-0.0398790822661408
Pseudodiploria181467,0.385485930777751
Pseudodiploria181471,-0.660915136136095
Pseudodiploria181473,0.197009148565958
Pseudodiploria181479,0.0843353423824519
Pseudodiploria181480,0.00528865271431855
Pseudodiploria181483,0.0530582866011843
Pseudodiploria181488,0.0266824665630455
Pseudodiploria181489,0.117976409494964
Pseudodiploria181490,-0.0158540968736235
Pseudodiploria181492,0.175150991721996
Pseudodiploria181493,-0.0384916773899377
Pseudodiploria181498,0.105477144359627
Pseudodiploria181500,-0.282947942465085
Pseudodiploria181501,-0.0446813043164809
Pseudodiploria181504,-0.114458589980715
Pseudodiploria181505,-0.0456985762646337
Pseudodiploria181510,-0.0763211069229897
Pseudodiploria181513,-0.0305252162938733
Pseudodiploria181514,-0.0886068524258021
Pseudodiploria181517,-0.0569740844958047
Pseudodiploria181523,-0.079336957143971
Pseudodiploria181525,-0.167022272260546
Pseudodiploria181527,0.00887057842557879
Pseudodiploria181531,0.200134702478709
Pseudodiploria181534,0.420036338231554
Pseudodiploria181537,-0.484527377357195
Pseudodiploria181540,-0.00880870929265075
Pseudodiploria181541,0.0599154076776022
Pseudodiploria181543,3.52051068033857
Pseudodiploria181544,0.0238948543604888
Pseudodiploria181545,-0.00977682291983098
Pseudodiploria181546,0.0250847280178852
Pseudodiploria181550,-0.10630063566697
Pseudodiploria181551,0.652941383928189
Pseudodiploria181552,0.0571628852794812
Pseudodiploria181556,-0.02096402750002
Pseudodiploria181558,-0.0586814332799396
Pseudodiploria181560,-0.0671383507623098
Pseudodiploria181565,1.09836441659463
Pseudodiploria181566,-0.123547904486625
Pseudodiploria181567,-0.0152386276587438
Pseudodiploria181569,0.000906905741636383
Pseudodiploria181570,-0.133047007306172
Pseudodiploria181571,0.310262691151796
Pseudodiploria181575,0.0418695108178824
Pseudodiploria181577,-0.0578822171464789
Pseudodiploria181580,-0.134145027173219
Pseudodiploria181581,0.00671197011732184
Pseudodiploria181582,0.05015437695734
Pseudodiploria181584,0.0753449958098662
Pseudodiploria181585,0.11437832269946
Pseudodiploria181586,0.389959519710572
Pseudodiploria181589,-1.16700627546845
Pseudodiploria181596,-0.0386762166294499
Pseudodiploria181600,-0.198385880052033
Pseudodiploria181603,0.0545872858343996
Pseudodiploria181604,-0.117171783401407
Pseudodiploria181614,-0.0127326110625214
Pseudodiploria181616,0.00633718335556019
Pseudodiploria181618,0.161490470425696
Pseudodiploria181619,-0.00708040686669002
Pseudodiploria181621,-0.00333500572710229
Pseudodiploria181622,0.0330837659048868
Pseudodiploria181628,0.0868335106979527
Pseudodiploria181630,0.166123276432685
Pseudodiploria181632,0.188297221325071
Pseudodiploria181634,-0.156887915253247
Pseudodiploria181638,0.00220662646542392
Pseudodiploria181639,0.360828974261069
Pseudodiploria181644,-0.00443670744406629
Pseudodiploria181646,0.384370617577487
Pseudodiploria181648,-0.228586350326614
Pseudodiploria181649,0.0113915834002047
Pseudodiploria181652,-0.0422462499033459
Pseudodiploria181654,-0.0472234365621794
Pseudodiploria181656,0.179018087570294
Pseudodiploria181664,0.0520373403286872
Pseudodiploria181671,0.0675138825620375
Pseudodiploria181673,-0.133047007306172
Pseudodiploria181677,-0.0289765762545857
Pseudodiploria181679,0.175870120359592
Pseudodiploria181684,-0.0868335106979527
Pseudodiploria181685,0.00407876965835764
Pseudodiploria181687,0.0249027998155114
Pseudodiploria181689,-0.293218333066338
Pseudodiploria181691,0.275490007946198
Pseudodiploria181692,-0.0755405348072184
Pseudodiploria181699,-0.0139926399986253
Pseudodiploria181707,-0.461203660492472
Pseudodiploria181709,0.0926553513146867
Pseudodiploria181711,-0.0359980008461447
Pseudodiploria181716,-0.0211665754106414
Pseudodiploria181717,-0.00763875021478543
Pseudodiploria181719,-0.0474190908279118
Pseudodiploria181723,-0.00166750020755723
Pseudodiploria181724,-0.0104694011382588
Pseudodiploria181725,-0.0639053552060063
Pseudodiploria181727,-0.0515635016460096
Pseudodiploria181728,-0.054786695813094
Pseudodiploria181729,0.347317321967757
Pseudodiploria181732,-0.00109306413862091
Pseudodiploria181734,0.0349609699175601
Pseudodiploria181743,-0.00887057842557879
Pseudodiploria181754,-0.197172599058234
Pseudodiploria181757,-0.0330837659048868
Pseudodiploria181759,0.662170184624246
Pseudodiploria181761,0.0628764829499426
Pseudodiploria181764,0.0726809997176615
Pseudodiploria181766,-0.0446813043164809
Pseudodiploria181769,-0.075007522303534
Pseudodiploria181771,-0.153495752520754
Pseudodiploria181775,0.0512539908750511
Pseudodiploria181779,0.157618453898986
Pseudodiploria181785,0.179912427164272
Pseudodiploria181788,0.022961342763641
Pseudodiploria181789,0.360711022933151
Pseudodiploria181790,-0.395301375096309
Pseudodiploria181795,-0.00673812813508918
Pseudodiploria181796,0.166404941350945
Pseudodiploria181798,0.0868335106979527
Pseudodiploria181799,0.373750140375288
Pseudodiploria181803,-0.0148254718371882
Pseudodiploria181814,-0.156219997545398
Pseudodiploria181815,-0.0569740844958047
Pseudodiploria181820,-0.0110421537639156
Pseudodiploria181822,0.0959557203585788
Pseudodiploria181823,0.225654004481756
Pseudodiploria181824,-0.079336957143971
Pseudodiploria181826,0.00867980296142241
Pseudodiploria181828,-0.336354861689462
Pseudodiploria181831,0.12679622167885
Pseudodiploria181834,0.0474190908279118
Pseudodiploria181835,-0.0294559680400094
Pseudodiploria181836,-0.194471589864658
Pseudodiploria181838,0.193772560296038
Pseudodiploria181840,0.0456385699132763
Pseudodiploria181845,0.131118142698867
Pseudodiploria181847,-0.12893967486667
Pseudodiploria181850,0.000780065026993275
Pseudodiploria181852,-0.00259383844789118
Pseudodiploria181856,-0.497679813719705
Pseudodiploria181859,-0.0469481426047861
Pseudodiploria181860,-0.0484011761577907
Pseudodiploria181865,0.204950364908108
Pseudodiploria181877,0.0843353423824519
Pseudodiploria181878,0.0378323452122705
Pseudodiploria181886,-0.498040378596706
Pseudodiploria181897,0.0763211069229897
Pseudodiploria181898,0.0659877567074604
Pseudodiploria181903,0.0309835033499481
Pseudodiploria181908,-0.019993486732772
Pseudodiploria181913,-0.018945603640231
Pseudodiploria181915,-0.17095746248947
Pseudodiploria181916,0.0228586379610918
Pseudodiploria181917,-0.230249960859702
Pseudodiploria181918,0.192644934127405
Pseudodiploria181920,0.05858910039354
Pseudodiploria181922,0.0308324102543508
Pseudodiploria181923,-0.0513050064663257
Pseudodiploria181924,-0.000780065026993275
Pseudodiploria181928,0.0190866029545538
Pseudodiploria181929,0.0166641142059894
Pseudodiploria181932,-0.135245819444266
Pseudodiploria181934,-0.0516213150465251
Pseudodiploria181935,-0.361288556068208
Pseudodiploria181938,-0.0417288850703859
Pseudodiploria181944,-0.257761192623984
Pseudodiploria181945,-1.4296383969277
Pseudodiploria181949,0.101527677771297
Pseudodiploria181953,0.102958480178019
Pseudodiploria181954,-0.0249027998155114
Pseudodiploria181958,0.0857383241513508
Pseudodiploria181961,-0.128475399576977
Pseudodiploria181963,-0.12679622167885
Pseudodiploria181965,0.0106471760904862
Pseudodiploria181966,-0.258476143993594
Pseudodiploria181968,-0.0206216987422484
Pseudodiploria181969,-0.0250737484180786
Pseudodiploria181970,-0.0474190908279118
Pseudodiploria181971,0.199089706108367
Pseudodiploria181974,-0.0330837659048868
Pseudodiploria181978,0.0015906474808501
Pseudodiploria181980,-0.136999297853957
Pseudodiploria181982,0.00414584413828873
Pseudodiploria181986,0.306614933635214
Pseudodiploria181987,-0.135245819444266
Pseudodiploria181988,0.037571242869934
Pseudodiploria181989,-0.0868335106979527
Pseudodiploria181993,-0.379349618186621
Pseudodiploria181995,-0.0228810321846523
Pseudodiploria181996,-0.182375333158728
Pseudodiploria181999,-0.612076800200948
Pseudodiploria182003,0.0810378829563655
Pseudodiploria182004,0.0481086382594035
Pseudodiploria182005,0.0134014910069252
Pseudodiploria182006,-0.0866508920391201
Pseudodiploria182008,-0.0216263501939578
Pseudodiploria182010,-0.0219368476829638
Pseudodiploria182014,-0.0775353033803793
Pseudodiploria182019,-0.0170385410033165
Pseudodiploria182020,-0.00737557857490407
Pseudodiploria182021,0.079336957143971
Pseudodiploria182024,0.0560577856892344
Pseudodiploria182026,0.300545000322291
Pseudodiploria182027,0.105335191179066
Pseudodiploria182030,0.0148254718371882
Pseudodiploria182032,0.0084446910076884
Pseudodiploria182035,0.449572475177973
Pseudodiploria182039,-0.0704857852367197
Pseudodiploria182041,0.0135335884790646
Pseudodiploria182042,-0.266060784428518
Pseudodiploria182045,0.294652963086534
Pseudodiploria182047,0.0365255632055392
Pseudodiploria182058,0.133331424083498
Pseudodiploria182065,0.0655023352168864
Pseudodiploria182066,-0.133331424083498
Pseudodiploria182067,0.0148254718371882
Pseudodiploria182070,0.432742416333087
Pseudodiploria182074,0.0915773655474993
Pseudodiploria182076,-0.133331424083498
Pseudodiploria182077,-0.347726090857181
Pseudodiploria182080,-0.00244424302669912
Pseudodiploria182085,-0.0347661731109425
Pseudodiploria182086,0.34826476906764
Pseudodiploria182092,-0.0803106741710958
Pseudodiploria182095,0.212447961427275
Pseudodiploria182096,0.662170184624246
Pseudodiploria182097,-0.0939336989981227
Pseudodiploria182098,0.293218333066338
Pseudodiploria182101,-0.202475873643021
Pseudodiploria182102,0.0604458409958708
Pseudodiploria182104,-0.149882172213734
Pseudodiploria182109,-1.07644338932468
Pseudodiploria182110,0.0431406425992421
Pseudodiploria182111,-0.217497355832397
Pseudodiploria182116,0.0105256761617648
Pseudodiploria182118,-0.104762100134277
Pseudodiploria182119,0.427009412996614
Pseudodiploria182124,-0.0921935170433421
Pseudodiploria182128,-0.0867155895350033
Pseudodiploria182129,0.0562030440887758
Pseudodiploria182130,-0.34826476906764
Pseudodiploria182131,0.0113664418243331
Pseudodiploria182132,-0.548772605538881
Pseudodiploria182135,-0.0359980008461447
Pseudodiploria182137,0.0940380801235657
Pseudodiploria182150,0.146374150113109
Pseudodiploria182152,-0.215838079272981
Pseudodiploria182155,-0.441830556022771
Pseudodiploria182160,-0.0768229406557132
Pseudodiploria182162,0.00887057842557879
Pseudodiploria182163,0.0856741200635231
Pseudodiploria182166,0.0191188483317232
Pseudodiploria182168,0.038795081228185
Pseudodiploria182172,0.239920020462924
Pseudodiploria182173,0.142473258683416
Pseudodiploria182178,0.0112179051449366
Pseudodiploria182180,0.102257581242178
Pseudodiploria182182,0.0703342171220395
Pseudodiploria182186,0.00382298333539813
Pseudodiploria182188,-0.0380132351961059
Pseudodiploria182193,0.0514948018997367
Pseudodiploria182194,0.261704256810273
Pseudodiploria182195,0.115453009572258
Pseudodiploria182196,0.0911689864679123
Pseudodiploria182197,-0.106765993946615
Pseudodiploria182201,0.149882172213734
Pseudodiploria182206,0.0196506756382033
Pseudodiploria182209,0.245139100327393
Pseudodiploria182210,0.000828853377192014
Pseudodiploria182212,0.0932239612971331
Pseudodiploria182215,0.183316496187011
Pseudodiploria182216,-0.353670876030874
Pseudodiploria182217,-0.0182856789424413
Pseudodiploria182219,-0.00752070592628983
Pseudodiploria182220,-0.325503518522735
Pseudodiploria182229,-0.227584038918783
Pseudodiploria182230,-0.10630063566697
Pseudodiploria182232,0.00212747895569464
Pseudodiploria182235,0.12679622167885
Pseudodiploria182237,0.211177948901828
Pseudodiploria182239,-0.036058434987291
Pseudodiploria182240,0.171760022707533
Pseudodiploria182241,0.149882172213734
Pseudodiploria182244,0.140544546701522
Pseudodiploria182249,0.164840043656741
Pseudodiploria182253,-0.131661193189697
Pseudodiploria182254,0.335648228701687
Pseudodiploria182255,-0.0793951304523601
Pseudodiploria182259,-0.0117489015074294
Pseudodiploria182266,-0.0932239612971331
Pseudodiploria182268,-0.0741463641600925
Pseudodiploria182271,0.220363818153541
Pseudodiploria182276,0.200805890181125
Pseudodiploria182279,0.0656060792760945
Pseudodiploria182280,0.146958963229594
Pseudodiploria182281,0.233121790898245
Pseudodiploria182285,0.488487677112702
Pseudodiploria182286,-0.131661193189697
Pseudodiploria182288,-0.520264727471349
Pseudodiploria182291,-0.220945844706371
Pseudodiploria182292,0.0245821636728528
Pseudodiploria182294,0.218274039825144
Pseudodiploria182295,-0.0796305238777171
Pseudodiploria182297,0.0388524889531566
Pseudodiploria182302,0.07584167523613
Pseudodiploria182304,-0.310298766590114
Pseudodiploria182311,0.0427422571584745
Pseudodiploria182312,-0.180805681392842
Pseudodiploria182317,0.175870120359592
Pseudodiploria182320,0.32450691497404
Pseudodiploria182325,-0.00150084064563322
Pseudodiploria182326,-0.0064515674485804
Pseudodiploria182330,0.107495303027392
Pseudodiploria182334,0.0607406253705033
Pseudodiploria182336,0.215838079272981
Pseudodiploria182337,0.00354796170793536
Pseudodiploria182338,-0.417070839063485
Pseudodiploria182344,0.140256304268261
Pseudodiploria182345,0.429014004263676
Pseudodiploria182351,0.12893967486667
Pseudodiploria182352,-0.000801662118957428
Pseudodiploria182358,-0.152245001888393
Pseudodiploria182359,-1.03806930010268
Pseudodiploria182360,-0.0312124066732694
Pseudodiploria182366,-0.0810378829563655
Pseudodiploria182367,-0.101527677771297
Pseudodiploria182371,-0.295314356164425
Pseudodiploria182373,-0.209816103498848
Pseudodiploria182374,0.304579126333409
Pseudodiploria182375,0.361250975950059
Pseudodiploria182376,0.318501896926458
Pseudodiploria182383,-0.129375013292325
Pseudodiploria182385,-0.355945572228242
Pseudodiploria182386,0.285502196327008
Pseudodiploria182387,0.778593640315302
Pseudodiploria182391,-0.0586443539731641
Pseudodiploria182399,-0.136218056333677
Pseudodiploria182408,0.00760419114014307
Pseudodiploria182411,-0.00805523398647146
Pseudodiploria182412,-0.0235144895486065
Pseudodiploria182418,0.204950364908108
Pseudodiploria182422,-0.0906490328864959
Pseudodiploria182428,0.0228810321846523
Pseudodiploria182430,0.0153216451366823
Pseudodiploria182431,-0.0218847736316916
Pseudodiploria182433,0.102257581242178
Pseudodiploria182436,-0.015412976556064
Pseudodiploria182438,-0.103102027271798
Pseudodiploria182439,-0.0552218449000678
Pseudodiploria182441,0.169508966302282
Pseudodiploria182445,0.0472234365621794
Pseudodiploria182448,0.0292256320015217
Pseudodiploria182449,0.501482166714933
Pseudodiploria182452,0.0164125108924786
Pseudodiploria182453,-0.0868335106979527
Pseudodiploria182454,-0.0882151063857238
Pseudodiploria182457,-0.18997971056176
Pseudodiploria182460,0.0145490282755426
Pseudodiploria182461,0.299548820659577
Pseudodiploria182464,-0.743642477340742
Pseudodiploria182465,-0.114102741320132
Pseudodiploria182469,0.00766449848869811
Pseudodiploria182471,0.31164306386722
Pseudodiploria182472,-0.0218847736316916
Pseudodiploria182473,-0.621669480919163
Pseudodiploria182475,0.465258651915898
Pseudodiploria182480,0.131636847887308
Pseudodiploria182481,-1.51276879069525
Pseudodiploria182482,0.118879806771617
Pseudodiploria182488,0.335648228701687
Pseudodiploria182489,0.14744834515796
Pseudodiploria182499,-0.00528865271431855
Pseudodiploria182500,0.124655658530561
Pseudodiploria182501,1.42438652826781
Pseudodiploria182505,0.674919338920274
Pseudodiploria182509,-0.0524745044947183
Pseudodiploria182518,0.0391409799023844
Pseudodiploria182528,0.0228810321846523
Pseudodiploria182533,0.0524745044947183
Pseudodiploria182534,-0.199661998918551
Pseudodiploria182546,-0.293161888638773
Pseudodiploria182547,0.0238316822673072
Pseudodiploria182548,0.00780903266326217
Pseudodiploria182550,0.0306921275187215
Pseudodiploria182551,-0.00633718335556019
Pseudodiploria182552,0.0923464326766648
Pseudodiploria182553,0.278738109363767
Pseudodiploria182556,-0.178606519993797
Pseudodiploria182559,-0.0562030440887758
Pseudodiploria182560,-0.0813597975032887
Pseudodiploria182562,0.228525065847049
Pseudodiploria182568,0.00464602739414049
Pseudodiploria182569,0.464149312885109
Pseudodiploria182570,-0.323402558581864
Pseudodiploria182571,0.37605735187462
Pseudodiploria182573,0.05015437695734
Pseudodiploria182577,0.0235213644993215
Pseudodiploria182578,0.0370605241298029
Pseudodiploria182580,0.0291486094347368
Pseudodiploria182581,-0.0227602827287437
Pseudodiploria182584,-0.0068532999493378
Pseudodiploria182586,0.467619051855833
Pseudodiploria182587,-0.0267076200181193
Pseudodiploria182591,0.00303112152210068
Pseudodiploria182594,0.00787907273911162
Pseudodiploria182595,0.086924457796493
Pseudodiploria182599,0.00718293777132831
Pseudodiploria182600,-0.0579917984474048
Pseudodiploria182603,-0.0410298941123538
Pseudodiploria182605,-0.101527677771297
Pseudodiploria182607,0.0866873487279809
Pseudodiploria182611,-0.687075301927056
Pseudodiploria182612,-0.101644249596679
Pseudodiploria182621,0.0170805435282476
Pseudodiploria182623,0.08449251385922
Pseudodiploria182626,-0.247837143439911
Pseudodiploria182627,0.102958480178019
Pseudodiploria182628,0.0216526787897418
Pseudodiploria182629,0.638808403476484
Pseudodiploria182630,0.12662846660519
Pseudodiploria182637,-0.112641704592565
Pseudodiploria182644,0.0770959758052612
Pseudodiploria182645,-0.138473174395356
Pseudodiploria182652,-0.142473258683416
Pseudodiploria182653,-0.0431406425992421
Pseudodiploria182660,-0.108768461299844
Pseudodiploria182661,0.204555182855762
Pseudodiploria182664,0.123906272707829
Pseudodiploria182665,0.0657333782194704
Pseudodiploria182667,0.0644626863890871
Pseudodiploria182668,0.0471213693238595
Pseudodiploria182672,0.289094575993466
Pseudodiploria182688,0.0637684248448436
Pseudodiploria182690,0.0676391650393669
Pseudodiploria182691,-1.01916174824275
Pseudodiploria182693,0.585463472674749
Pseudodiploria182694,0.310298766590114
Pseudodiploria182695,0.177054716565009
Pseudodiploria182703,-0.00147262478851384
Pseudodiploria182707,-0.0533896186156034
Pseudodiploria182712,0.217751986832484
Pseudodiploria182716,0.0565030399220348
Pseudodiploria182727,0.0929125748508754
Pseudodiploria182728,-0.0748871210882699
Pseudodiploria182729,0.535134269576375
Pseudodiploria182730,0.0422462499033459
Pseudodiploria182732,-0.277821058229124
Pseudodiploria182739,-0.0433975445906089
Pseudodiploria182743,0.0803106741710958
Pseudodiploria182744,-0.0430214295963003
Pseudodiploria182747,-0.0267076200181193
Pseudodiploria182754,-0.183426760149356
Pseudodiploria182758,-0.846242196435736
Pseudodiploria182760,-0.133392363109506
Pseudodiploria182765,-0.0233285931839279
Pseudodiploria182767,-0.00591098215963683
Pseudodiploria182771,-0.00251296865381634
Pseudodiploria182772,-0.0488738456325959
Pseudodiploria182775,-0.0978948345427258
Pseudodiploria182776,-0.271717828584561
Pseudodiploria182779,-0.0314201550253276
Pseudodiploria182783,-0.976959613878399
Pseudodiploria182787,-0.0471986789232492
Pseudodiploria182788,-0.252773270606782
Pseudodiploria182789,0.00145375083177721
Pseudodiploria182792,0.118464944051663
Pseudodiploria182795,0.308299103911953
Pseudodiploria182797,0.0796305238777171
Pseudodiploria182799,0.0378323452122705
Pseudodiploria182800,0.0365255632055392
Pseudodiploria182801,0.0871335912478651
Pseudodiploria182802,0.0932506737570658
Pseudodiploria182809,-0.0834764262217598
Pseudodiploria182812,0.290504204421287
Pseudodiploria182814,-0.00711079935391137
Pseudodiploria182818,-0.00259145699611951
Pseudodiploria182819,0.494986969364448
Pseudodiploria182821,0.0586814332799396
Pseudodiploria182822,-0.0560143769442767
Pseudodiploria182824,0.0859430221705029
Pseudodiploria182825,0.0663895380526225
Pseudodiploria182826,0.389959519710572
Pseudodiploria182828,-0.0695656235485358
Pseudodiploria182830,0.188866149245849
Pseudodiploria182832,0.00220662646542392
Pseudodiploria182833,0.0190866029545538
Pseudodiploria182835,-0.27192421541129
Pseudodiploria182836,0.0474518282230175
Pseudodiploria182837,0.00506029010511641
Pseudodiploria182838,-0.204950364908108
Pseudodiploria182841,-0.088347798808378
Pseudodiploria182843,0.152648149312114
Pseudodiploria182848,-0.0427422571584745
Pseudodiploria182849,-0.00766449848869811
Pseudodiploria182850,0.212447961427275
Pseudodiploria182851,-0.189696773080046
Pseudodiploria182852,-0.0645104216199926
Pseudodiploria182853,0.0753449958098662
Pseudodiploria182855,-0.00220662646542392
Pseudodiploria182858,0.648240504789656
Pseudodiploria182863,0.12854274807684
Pseudodiploria182865,0.261704256810273
Pseudodiploria182866,0.172044244249726
Pseudodiploria182867,-0.0249027998155114
Pseudodiploria182868,0.0803106741710958
Pseudodiploria182870,-0.00175171498295755
Pseudodiploria182873,-0.0760179157114923
Pseudodiploria182875,0.00880870929265075
Pseudodiploria182876,-0.0543359526864829
Pseudodiploria182877,-0.00983042661277454
Pseudodiploria182881,0.340861259084722
Pseudodiploria182882,-0.100870877529388
Pseudodiploria182883,-0.0717473111222428
Pseudodiploria182884,0.0456985762646337
Pseudodiploria182885,-0.0474518282230175
Pseudodiploria182887,-0.179110454353377
Pseudodiploria182888,0.441034041350119
Pseudodiploria182889,0.0707207564804217
Pseudodiploria182890,0.044970970476164
Pseudodiploria182891,0.236318526263183
Pseudodiploria182897,-0.261704256810273
Pseudodiploria182898,0.107271972101072
Pseudodiploria182902,0.0726809997176615
Pseudodiploria182904,-0.0981859790106541
Pseudodiploria182905,-0.00798203736345584
Pseudodiploria182907,-1.15195305627378
Pseudodiploria182909,-0.00629984046800255
Pseudodiploria182915,-0.652113614834527
Pseudodiploria182916,0.784506426715722
Pseudodiploria182917,-0.014771991148648
Pseudodiploria182920,-0.00867980296142241
Pseudodiploria182921,0.0804226174757357
Pseudodiploria182922,0.0228810321846523
Pseudodiploria182925,0.0618829905321173
Pseudodiploria182926,-0.26175222489634
Pseudodiploria182928,0.00251249751308875
Pseudodiploria182935,0.101527677771297
Pseudodiploria182937,-0.0569294292700467
Pseudodiploria182939,0.598835082808826
Pseudodiploria182941,-0.00752070592628983
Pseudodiploria182944,-0.0707133316651191
Pseudodiploria182948,-0.172021189304938
Pseudodiploria182956,0.101951828404083
Pseudodiploria182957,0.177479826431196
Pseudodiploria182963,0.126835014264632
Pseudodiploria182964,0.00498564095780433
Pseudodiploria182968,-0.201361459508497
Pseudodiploria182971,0.215838079272981
Pseudodiploria182977,-0.292980811033979
Pseudodiploria182979,-0.0065065528765859
Pseudodiploria182980,-0.0366433556659976
Pseudodiploria182981,-0.122938489295623
Pseudodiploria182982,0.118464944051663
Pseudodiploria182984,0.0466572715960751
Pseudodiploria182987,0.10901492881863
Pseudodiploria182989,-0.00259383844789118
Pseudodiploria182990,0.0388524889531566
Pseudodiploria182991,-0.0954537410775285
Pseudodiploria182992,-0.0638201434800396
Pseudodiploria182993,0.0223332769674652
Pseudodiploria182994,-0.586860246708019
Pseudodiploria183000,0.118879806771617
Pseudodiploria183001,0.0290752706614081
Pseudodiploria183002,-0.0570497192364787
Pseudodiploria183003,-0.0803106741710958
Pseudodiploria183004,-0.0172430971129502
Pseudodiploria183007,0.054786695813094
Pseudodiploria183008,-0.322008037311515
Pseudodiploria183009,0.00782575024261055
Pseudodiploria183010,-0.292637588052115
Pseudodiploria183012,0.194471589864658
Pseudodiploria183013,0.0565030399220348
Pseudodiploria183014,0.00212747895569464
Pseudodiploria183015,-0.0228810321846523
Pseudodiploria183017,-0.0250847280178852
Pseudodiploria183020,0.122791586587212
Pseudodiploria183022,0.146958963229594
Pseudodiploria183023,0.224547408107713
Pseudodiploria183025,0.461203660492472
Pseudodiploria183033,-0.088347798808378
Pseudodiploria183034,0.0113664418243331
Pseudodiploria183038,-0.00259145699611951
Pseudodiploria183041,1.06555124961115
Pseudodiploria183043,-0.148078195552432
Pseudodiploria183045,-0.0170805435282476
Pseudodiploria183046,0.000801662118957428
Pseudodiploria183049,0.0018205355419667
Pseudodiploria183050,-0.558217484934582
Pseudodiploria183056,-0.0236524432716372
Pseudodiploria183058,0.533453342330799
Pseudodiploria183063,-0.0552218449000678
Pseudodiploria183065,-0.477114198889799
Pseudodiploria183071,0.465258651915898
Pseudodiploria183073,0.152128566529619
Pseudodiploria183075,0.131661193189697
Pseudodiploria183076,0.219778021429521
Pseudodiploria183078,-0.00259145699611951
Pseudodiploria183079,-0.10849318068978
Pseudodiploria183089,-0.154166650749067
Pseudodiploria183097,-0.0195828533545657
Pseudodiploria183098,-0.0305252162938733
Pseudodiploria183102,0.26497756984748
Pseudodiploria183103,-0.0524745044947183
Pseudodiploria183105,0.195256479660094
Pseudodiploria183111,0.459720097875844
Pseudodiploria183112,-0.0952797022530706
Pseudodiploria183113,-0.375606664678861
Pseudodiploria183115,-0.0591583151114448
Pseudodiploria183116,0.521032023098344
Pseudodiploria183120,-0.608871948195711
Pseudodiploria183124,-0.116927150586078
Pseudodiploria183126,0.0555981926505917
Pseudodiploria183133,0.10777766647629
Pseudodiploria183137,0.0170805435282476
Pseudodiploria183138,0.0140262939776633
Pseudodiploria183141,-0.170551009879728
Pseudodiploria183152,0.0744631008353718
Pseudodiploria183156,0.0406792655363461
Pseudodiploria183158,0.215838079272981
Pseudodiploria183160,0.0244351718134054
Pseudodiploria183163,0.197819412664477
Pseudodiploria183165,0.0383108389965296
Pseudodiploria183171,0.0363869484973127
Pseudodiploria183173,-0.0474190908279118
Pseudodiploria183175,0.292124461998909
Pseudodiploria183176,0.0211444543750977
Pseudodiploria183177,0.173298203746362
Pseudodiploria183179,0.330442398158854
Pseudodiploria183182,-0.239920020462924
Pseudodiploria183183,-0.00385793751406371
Pseudodiploria183187,0.0367743648887114
Pseudodiploria183190,0.297192214884278
Pseudodiploria183192,0.0150899162251253
Pseudodiploria183196,0.134007090402419
Pseudodiploria183198,-0.0249027998155114
Pseudodiploria183203,0.0573118213095465
Pseudodiploria183205,0.112730616060476
Pseudodiploria183206,-0.0228810321846523
Pseudodiploria183208,-0.0866508920391201
Pseudodiploria183211,-0.0462826608530054
Pseudodiploria183212,-0.114458589980715
Pseudodiploria183213,-0.0466664556319846
Pseudodiploria183217,-0.115311735532415
Pseudodiploria183218,-0.148078195552432
Pseudodiploria183222,-0.204536651722968
Pseudodiploria183223,-0.0310104581436507
Pseudodiploria183230,0.182375333158728
Pseudodiploria183232,-0.522407004019571
Pseudodiploria183234,-0.00268404081909458
Pseudodiploria183235,0.0963246589542052
Pseudodiploria183239,-0.00402446899733638
Pseudodiploria183245,0.00212747895569464
Pseudodiploria183249,0.0368715737349687
Pseudodiploria183250,0.0286481278440375
Pseudodiploria183254,-0.0380132351961059
Pseudodiploria183260,0.0138787778780712
Pseudodiploria183262,0.0305252162938733
Pseudodiploria183263,-0.00353249908439162
Pseudodiploria183266,0.12881160199959
Pseudodiploria183267,-0.0531771834880234
Pseudodiploria183268,-0.101162141722685
Pseudodiploria183273,0.0503846406604819
Pseudodiploria183278,-0.0891460887815359
Pseudodiploria183283,0.0463330059217678
Pseudodiploria183284,-0.113730317576631
Pseudodiploria183291,-0.175150991721996
Pseudodiploria183294,-0.000906905741636383
Pseudodiploria183297,0.0433975445906089
Pseudodiploria183298,-0.120467189077562
Pseudodiploria183302,0.824872097644826
Pseudodiploria183303,-0.054786695813094
Pseudodiploria183304,0.0314600194330868
Pseudodiploria183313,-0.116322888611946
Pseudodiploria183314,-0.00752070592628983
Pseudodiploria183315,-0.0150469813653479
Pseudodiploria183316,-0.0707648341231863
Pseudodiploria183317,0.132356856823547
Pseudodiploria183321,0.45016386145666
Pseudodiploria183323,0.139867066901955
Pseudodiploria183324,0.177479826431196
Pseudodiploria183325,-0.252773270606782
Pseudodiploria183328,0.136999297853957
Pseudodiploria183338,0.0418695108178824
Pseudodiploria183341,0.639410997286362
Pseudodiploria183342,0.12922010317236
Pseudodiploria183345,0.209143016920446
Pseudodiploria183349,0.0768841339447104
Pseudodiploria183353,-0.0747360910296186
Pseudodiploria183356,-0.0676975938647855
Pseudodiploria183360,0.0710976410500287
Pseudodiploria183363,0.661156788333819
Pseudodiploria183364,-0.0380132351961059
Pseudodiploria183365,-0.00672938386041195
Pseudodiploria183367,0.0193986104881493
Pseudodiploria183371,-0.018945603640231
Pseudodiploria183372,-0.229604399757527
Pseudodiploria183381,-0.43609792122724
Pseudodiploria183383,0.12679622167885
Pseudodiploria183385,0.018945603640231
Pseudodiploria183388,0.0190866029545538
Pseudodiploria183391,-0.0228810321846523
Pseudodiploria183393,-0.00712768827433649
Pseudodiploria183405,0.0549420338850945
Pseudodiploria183410,0.036060103740712
Pseudodiploria183411,0.269916353246608
Pseudodiploria183412,0.0072044161971498
Pseudodiploria183417,-0.036854895284453
Pseudodiploria183418,0.0140526205141967
Pseudodiploria183419,-0.079336957143971
Pseudodiploria183430,0.0209264186595689
Pseudodiploria183434,-0.225112246829203
Pseudodiploria183435,0.0298582408083854
Pseudodiploria183439,0.0733542725311461
Pseudodiploria183441,0.0498596767144571
Pseudodiploria183443,0.293218333066338
Pseudodiploria183445,-0.0360410597649232
Pseudodiploria183448,0.0351516157598553
Pseudodiploria183450,0.0131619253157942
Pseudodiploria183451,0.0360410597649232
Pseudodiploria183452,-0.128461106305692
Pseudodiploria183456,0.0113664418243331
Pseudodiploria183459,1.7859950585629
Pseudodiploria183464,0.25338227862882
Pseudodiploria183465,-0.00766449848869811
Pseudodiploria183467,0.00949939505930595
Pseudodiploria183474,0.0793951304523601
Pseudodiploria183487,-0.0289765762545857
Pseudodiploria183490,0.0583294247532429
Pseudodiploria183492,-0.0781966069938534
Pseudodiploria183493,0.0182856789424413
Pseudodiploria183495,0.239950867966245
Pseudodiploria183498,-0.486105454778308
Pseudodiploria183499,-0.203618086620529
Pseudodiploria183500,0.00708040686669002
Pseudodiploria183502,-0.0348547361167997
Pseudodiploria183503,0.0388524889531566
Pseudodiploria183505,-0.0170357082399767
Pseudodiploria183507,1.74125004397426
Pseudodiploria183510,-0.318715952877648
Pseudodiploria183521,0.0871838123786326
Pseudodiploria183524,0.220370933333543
Pseudodiploria183531,-0.124528576024636
Pseudodiploria183532,0.00890009521533521
Pseudodiploria183539,0.0228810321846523
Pseudodiploria183542,0.114742670184194
Pseudodiploria183545,-1.59665598049582
Pseudodiploria183546,-0.00782575024261055
Pseudodiploria183549,-0.107271972101072
Pseudodiploria183551,-0.00867980296142241
Pseudodiploria183552,-0.464149312885109
Pseudodiploria183555,0.15833287842132
Pseudodiploria183556,-0.0512539908750511
Pseudodiploria183557,0.158627637448877
Pseudodiploria183561,0.0811607181330865
Pseudodiploria183562,-0.179018087570294
Pseudodiploria183563,-0.179110454353377
Pseudodiploria183564,0.103360816175429
Pseudodiploria183566,0.00887057842557879
Pseudodiploria183575,0.0447993645005746
Pseudodiploria183576,-0.171760022707533
Pseudodiploria183577,0.504339911212212
Pseudodiploria183581,0.0695902780918787
Pseudodiploria183586,0.0380132351961059
Pseudodiploria183588,0.376858834101937
Pseudodiploria183592,0.0644626863890871
Pseudodiploria183593,0.107536368647325
Pseudodiploria183594,-0.0513974097648207
Pseudodiploria183597,-0.00310281284535457
Pseudodiploria183598,0.312800197220315
Pseudodiploria183600,0.254945469792558
Pseudodiploria183604,-0.124334566213274
Pseudodiploria183605,0.0445140437775376
Pseudodiploria183610,-0.024688394966228
Pseudodiploria183612,0.0753449958098662
Pseudodiploria183614,0.0551573824541316
Pseudodiploria183617,0.000906905741636383
Pseudodiploria183622,0.079336957143971
Pseudodiploria183624,0.212447961427275
Pseudodiploria183630,-0.0398790822661408
Pseudodiploria183631,-0.0588742924519235
Pseudodiploria183636,-0.103235591202584
Pseudodiploria183640,0.15290178934439
Pseudodiploria183641,0.0703342171220395
Pseudodiploria183642,0.123852467722694
Pseudodiploria183647,0.0471213693238595
Pseudodiploria183648,0.0127326110625214
Pseudodiploria183657,-0.112641704592565
Pseudodiploria183659,0.0513050064663257
Pseudodiploria183661,-0.176782958106553
Pseudodiploria183662,-0.140256304268261
Pseudodiploria183664,0.0203651955720433
Pseudodiploria183665,0.139680179554248
Pseudodiploria183667,-0.299408002208238
Pseudodiploria183668,-0.106940462213225
Pseudodiploria183669,0.278738109363767
Pseudodiploria183673,0.183426760149356
Pseudodiploria183674,0.139829657833203
Pseudodiploria183677,0.052286015960803
Pseudodiploria183680,0.859735997306112
Pseudodiploria183681,0.0569740844958047
Pseudodiploria183682,0.0354048109989756
Pseudodiploria183684,0.0952797022530706
Pseudodiploria183687,-0.3290424564811
Pseudodiploria183689,0.176642679307238
Pseudodiploria183690,0.117951644332471
Pseudodiploria183693,0.180136467476209
Pseudodiploria183698,0.00633718335556019
Pseudodiploria183699,0.120178135401786
Pseudodiploria183701,-0.0268579029074487
Pseudodiploria183702,0.180136467476209
Pseudodiploria183705,-0.288019978228085
Pseudodiploria183707,0.13542578668654
Pseudodiploria183708,0.0252718703286186
Pseudodiploria183710,0.608871948195711
Pseudodiploria183712,-0.0952797022530706
Pseudodiploria183713,-0.250577035026978
Pseudodiploria183719,0.563475577315199
Pseudodiploria183722,-0.0784011017060287
Pseudodiploria183723,0.0466615863061294
Pseudodiploria183730,0.687075301927056
Pseudodiploria183731,0.296987591248989
Pseudodiploria183732,0.0813597975032887
Pseudodiploria183742,-0.182375333158728
Pseudodiploria183743,0.463099203587419
Pseudodiploria183744,0.621669480919163
Pseudodiploria183746,0.12679622167885
Pseudodiploria183748,0.0371129326580582
Pseudodiploria183750,-0.34826476906764
Pseudodiploria183754,0.301019865705056
Pseudodiploria183755,-0.543837473475925
Pseudodiploria183764,0.0503229980254534
Pseudodiploria183767,0.0738955739262411
Pseudodiploria183771,-0.0117489015074294
Pseudodiploria183780,0.00867980296142241
Pseudodiploria183783,-0.0228810321846523
Pseudodiploria183784,-0.0388524889531566
Pseudodiploria183788,-0.0390633966807218
Pseudodiploria183790,0.0698490128274029
Pseudodiploria183791,-0.200564044034939
Pseudodiploria183793,0.16691524411227
Pseudodiploria183798,-0.533453342330799
Pseudodiploria183799,-0.0588884462009374
Pseudodiploria183800,-0.0257714938786086
Pseudodiploria183804,-0.0336692091902749
Pseudodiploria183805,0.508028941094072
Pseudodiploria183813,0.0530582866011843
Pseudodiploria183815,0.13488261576188
Pseudodiploria183817,-0.0449273365693401
Pseudodiploria183819,0.211369463472415
Pseudodiploria183820,-0.322065129059554
Pseudodiploria183826,0.0515140866605981
Pseudodiploria183829,-0.0190866029545538
Pseudodiploria183831,0.0636655512864661
Pseudodiploria183843,-0.567937953020149
Pseudodiploria183846,-0.110121621194454
Pseudodiploria183852,0.00251210268695734
Pseudodiploria183853,-0.00999133167041006
Pseudodiploria183855,-0.673282052137424
Pseudodiploria183857,0.13542578668654
Pseudodiploria183859,0.0607406253705033
Pseudodiploria183860,0.00985575228013465
Pseudodiploria183863,-0.0518938220219657
Pseudodiploria183869,0.533453342330799
Pseudodiploria183872,0.0708839713276341
Pseudodiploria183874,0.40438779584097
Pseudodiploria183877,0.105872604728348
Pseudodiploria183878,0.393609091737046
Pseudodiploria183880,0.345324127275142
Pseudodiploria183884,0.079336957143971
Pseudodiploria183886,0.287419514251556
Pseudodiploria183889,-0.00202139573274853
Pseudodiploria183890,0.0540347088651208
Pseudodiploria183895,-0.0440307390409587
Pseudodiploria183897,0.0229171369692217
Pseudodiploria183899,0.00199210458997077
Pseudodiploria183907,-0.10777766647629
Pseudodiploria183912,0.0367743648887114
Pseudodiploria183914,-0.468248411113312
Pseudodiploria183915,-0.0799287934047502
Pseudodiploria183920,0.888710312478897
Pseudodiploria183922,-0.0726125579484285
Pseudodiploria183923,0.0515140866605981
Pseudodiploria183924,-0.293161888638773
Pseudodiploria183925,0.594684543804179
Pseudodiploria183926,0.127843033394566
Pseudodiploria183927,-0.335983319642138
Pseudodiploria183932,0.0228810321846523
Pseudodiploria183934,0.137493226596158
Pseudodiploria183935,-0.00493906845320342
Pseudodiploria183936,-0.00450435851057546
Pseudodiploria183937,-0.150419729682014
Pseudodiploria183938,0.0520373403286872
Pseudodiploria183939,0.0536675087390578
Pseudodiploria183941,0.032525497173974
Pseudodiploria183942,0.197009148565958
Pseudodiploria183947,0.041579556032465
Pseudodiploria183950,0.00212747895569464
Pseudodiploria183951,0.00448954283607219
Pseudodiploria183952,0.278738109363767
Pseudodiploria183953,0.0172430971129502
Pseudodiploria183954,0.142473258683416
Pseudodiploria183955,0.035961102075781
Pseudodiploria183956,-0.120941982981933
Pseudodiploria183958,0.125657172329744
Pseudodiploria183960,0.00378286942933891
Pseudodiploria183961,-0.0565335770744978
Pseudodiploria183965,0.296007640525116
Pseudodiploria183969,-0.0936794438119995
Pseudodiploria183977,0.0305252162938733
Pseudodiploria183980,0.0238316822673072
Pseudodiploria183982,0.054786695813094
Pseudodiploria183988,-0.319959877860988
Pseudodiploria183993,-0.0170805435282476
Pseudodiploria183994,-0.0609155419451495
Pseudodiploria183998,0.0110675567219078
Pseudodiploria183999,0.0511232490459115
Pseudodiploria184001,0.302616255293762
Pseudodiploria184009,-0.00464602739414049
Pseudodiploria184013,0.187725654257864
Pseudodiploria184016,0.0513359223175875
Pseudodiploria184020,0.402223981027073
Pseudodiploria184023,-0.0484011761577907
Pseudodiploria184024,-0.111714117569321
Pseudodiploria184026,0.256795960839178
Pseudodiploria184028,0.266738376289722
Pseudodiploria184031,0.0508056284544937
Pseudodiploria184034,-0.0367743648887114
Pseudodiploria184035,-0.0134140410642326
Pseudodiploria184036,0.227001792866885
Pseudodiploria184037,0.116322888611946
Pseudodiploria184039,0.0127326110625214
Pseudodiploria184041,0.264391149660755
Pseudodiploria184043,-0.0433551013360765
Pseudodiploria184044,0.274085407785
Pseudodiploria184045,0.152128566529619
Pseudodiploria184048,-0.0726809997176615
Pseudodiploria184056,0.200805890181125
Pseudodiploria184061,-0.710244116573884
Pseudodiploria184063,-0.382497691784273
Pseudodiploria184065,-0.174366125295439
Pseudodiploria184066,-0.0224961307482877
Pseudodiploria184067,-0.00903990588419331
Pseudodiploria184068,0.564837713453326
Pseudodiploria184069,-0.0586814332799396
Pseudodiploria184070,-0.0887148598888314
Pseudodiploria184071,-0.0345451994674642
Pseudodiploria184072,0.0107258645202738
Pseudodiploria184073,0.236627903266553
Pseudodiploria184075,-0.0134629105566343
Pseudodiploria184076,-0.613261695225711
Pseudodiploria184080,1.09731915193083
Pseudodiploria184087,0.113504028309575
Pseudodiploria184088,-0.0535324156056869
Pseudodiploria184089,-0.0477920346342662
Pseudodiploria184091,-0.0479205159669213
Pseudodiploria184093,-0.234173199806499
Pseudodiploria184094,0.672445361097508
Pseudodiploria184096,-0.138401186808937
Pseudodiploria184101,0.0216526787897418
Pseudodiploria184102,-0.332936007357343
Pseudodiploria184103,0.0868335106979527
Pseudodiploria184104,0.00212747895569464
Pseudodiploria184107,0.179246560951415
Pseudodiploria184108,-0.0417216254901865
Pseudodiploria184113,0.0459867053784706
Pseudodiploria184114,-0.12679622167885
Pseudodiploria184115,-0.0624978577576575
Pseudodiploria184121,0.0516213150465251
Pseudodiploria184122,-0.00490403873729576
Pseudodiploria184124,0.0458628906052394
Pseudodiploria184125,-0.0432426440468662
Pseudodiploria184126,0.145053726596184
Pseudodiploria184127,-0.00837608172794265
Pseudodiploria184130,0.0196838080312069
Pseudodiploria184131,0.123852467722694
Pseudodiploria184133,0.0803106741710958
Pseudodiploria184138,0.0267076200181193
Pseudodiploria184145,-0.0586515619189529
Pseudodiploria184151,0.0149154226362438
Pseudodiploria184152,-0.0105254000113502
Pseudodiploria184155,0.00667413702969058
Pseudodiploria184158,-0.00150084064563322
Pseudodiploria184161,0.891856809349454
Pseudodiploria184162,-0.00752070592628983
Pseudodiploria184163,-0.12679622167885
Pseudodiploria184164,-0.00752070592628983
Pseudodiploria184172,-0.199255493565111
Pseudodiploria184173,-0.00442115444224438
Pseudodiploria184175,-0.0242684827958791
Pseudodiploria184180,-0.0764636797055581
Pseudodiploria184183,0.00601783339266792
Pseudodiploria184184,-0.173298203746362
Pseudodiploria184187,0.320494635557554
Pseudodiploria184189,-0.100882876515047
Pseudodiploria184190,0.0326635952763084
Pseudodiploria184195,0.105477144359627
Pseudodiploria184196,0.269875837669698
Pseudodiploria184197,0.0345451994674642
Pseudodiploria184198,0.382497691784273
Pseudodiploria184199,0.533453342330799
Pseudodiploria184206,0.148692302791679
Pseudodiploria184208,0.375692576917067
Pseudodiploria184212,-0.156219997545398
Pseudodiploria184213,0.0998912200604336
Pseudodiploria184216,0.0806136210731274
Pseudodiploria184217,0.0246027081550368
Pseudodiploria184224,0.0360841070543021
Pseudodiploria184225,0.042983299459232
Pseudodiploria184226,-0.079336957143971
Pseudodiploria184231,-0.36356646026996
Pseudodiploria184232,0.0379206077487898
Pseudodiploria184233,0.0164235251322511
Pseudodiploria184236,-0.0395367229852093
Pseudodiploria184237,0.0172430971129502
Pseudodiploria184239,0.357850013174943
Pseudodiploria184242,0.0512768107164224
Pseudodiploria184243,-0.300545000322291
Pseudodiploria184245,0.0709801401489013
Pseudodiploria184250,-0.0366433556659976
Pseudodiploria184251,-0.0498596767144571
Pseudodiploria184252,0.300545000322291
Pseudodiploria184256,0.0967277883609953
Pseudodiploria184257,-0.538386824063258
Pseudodiploria184259,-0.531835516385444
Pseudodiploria184260,-0.0252653212315006
Pseudodiploria184261,0.486105454778308
Pseudodiploria184263,0.0112179051449366
Pseudodiploria184264,0.178662884199436
Pseudodiploria184268,-0.0236524432716372
Pseudodiploria184270,-0.0211665754106414
Pseudodiploria184271,0.00463854082192763
Pseudodiploria184272,0.175223201486934
Pseudodiploria184275,0.110710161305619
Pseudodiploria184277,-0.0109889624994676
Pseudodiploria184278,-0.0163231984243335
Pseudodiploria184282,-0.0578790168785698
Pseudodiploria184287,-0.114102741320132
Pseudodiploria184288,-0.0520373403286872
Pseudodiploria184299,0.606401839854101
Pseudodiploria184305,-0.16122639049359
Pseudodiploria184311,0.175870120359592
Pseudodiploria184312,-0.0484011761577907
Pseudodiploria184317,0.2139312211728
Pseudodiploria184319,0.375692576917067
Pseudodiploria184320,-0.131941565613565
Pseudodiploria184323,-0.0466615863061294
Pseudodiploria184324,0.0560577856892344
Pseudodiploria184326,0.173727586527039
Pseudodiploria184328,-0.158641295554126
Pseudodiploria184329,0.0563248772678264
Pseudodiploria184331,-0.0446813043164809
Pseudodiploria184332,0.115311735532415
Pseudodiploria184333,0.246143056526095
Pseudodiploria184335,0.115453009572258
Pseudodiploria184340,-0.0586814332799396
Pseudodiploria184342,0.0674508878224045
Pseudodiploria184343,0.00212747895569464
Pseudodiploria184346,-0.0726809997176615
Pseudodiploria184350,0.0430214295963003
Pseudodiploria184351,-0.0365997574154289
Pseudodiploria184355,-0.89953801275352
Pseudodiploria184357,-0.0516213150465251
Pseudodiploria184359,-0.0474190908279118
Pseudodiploria184360,-0.00374940615204172
Pseudodiploria184362,0.0939336989981227
Pseudodiploria184367,0.00887057842557879
Pseudodiploria184371,0.239813303611305
Pseudodiploria184376,-0.0823334438480355
Pseudodiploria184377,0.00435440835260669
Pseudodiploria184378,-0.0122310568171306
Pseudodiploria184381,0.00985575228013465
Pseudodiploria184383,0.11432460961952
Pseudodiploria184385,-0.672445361097508
Pseudodiploria184387,-0.0122310568171306
Pseudodiploria184388,-0.00506919345933016
Pseudodiploria184390,0.173298203746362
Pseudodiploria184393,0.167004100910315
Pseudodiploria184398,-0.366358907178529
Pseudodiploria184399,0.00874848767829087
Pseudodiploria184402,0.13210302774772
Pseudodiploria184405,-0.0801457614747138
Pseudodiploria184406,-0.00220662646542392
Pseudodiploria184409,-0.124807700602742
Pseudodiploria184411,0.00392294077224141
Pseudodiploria184414,-0.197393537760135
Pseudodiploria184417,0.0431406425992421
Pseudodiploria184420,-0.00402746160734979
Pseudodiploria184423,-0.859333660484936
Pseudodiploria184428,0.00411260588166191
Pseudodiploria184429,-0.166816714040425
Pseudodiploria184431,-0.395156165950859
Pseudodiploria184432,0.0924146708091686
Pseudodiploria184433,0.151766965425991
Pseudodiploria184440,0.101527677771297
Pseudodiploria184441,0.538963726370533
Pseudodiploria184442,0.168404701813078
Pseudodiploria184446,0.0517687941334423
Pseudodiploria184448,-0.352816722670299
Pseudodiploria184450,0.0554949745242309
Pseudodiploria184452,0.0871838123786326
Pseudodiploria184457,-0.021992487632497
Pseudodiploria184459,-0.0232038926102595
Pseudodiploria184460,0.00752070592628983
Pseudodiploria184462,-0.206452680881308
Pseudodiploria184468,-0.00787907273911162
Pseudodiploria184469,0.229604399757527
Pseudodiploria184474,0.119165379621059
Pseudodiploria184475,-0.0107258645202738
Pseudodiploria184477,-0.00766449848869811
Pseudodiploria184478,0.341038131763521
Pseudodiploria184479,-0.231743069428294
Pseudodiploria184480,0.267490143348514
Pseudodiploria184483,-0.135594074296238
Pseudodiploria184485,-0.119614583529747
Pseudodiploria184489,0.503951384105155
Pseudodiploria184490,-0.0520373403286872
Pseudodiploria184491,-0.000906905741636383
Pseudodiploria184492,-0.05015437695734
Pseudodiploria184494,-0.0228810321846523
Pseudodiploria184495,0.697020738164318
Pseudodiploria184496,0.00910270206065815
Pseudodiploria184498,0.0581384383614311
Pseudodiploria184501,0.079336957143971
Pseudodiploria184505,-0.0719270902593016
Pseudodiploria184506,-0.200942292970001
Pseudodiploria184509,0.139731547020529
Pseudodiploria184510,0.942870541601747
Pseudodiploria184515,0.0942177466077004
Pseudodiploria184516,0.0118683571776396
Pseudodiploria184517,0.0345451994674642
Pseudodiploria184519,1.01830597286326
Pseudodiploria184520,-0.0211665754106414
Pseudodiploria184522,-0.131661193189697
Pseudodiploria184523,0.218274039825144
Pseudodiploria184525,0.0316981022432377
Pseudodiploria184526,-0.0492243558774349
Pseudodiploria184538,-0.0887148598888314
Pseudodiploria184540,0.361288556068208
Pseudodiploria184543,0.0618829905321173
Pseudodiploria184544,0.0972450616914985
Pseudodiploria184545,0.0684559116659917
Pseudodiploria184546,-0.278693163816484
Pseudodiploria184547,0.230521369107019
Pseudodiploria184549,-0.558217484934582
Pseudodiploria184552,-0.168288103256413
Pseudodiploria184553,-0.210165892185536
Pseudodiploria184556,1.01032083572977
Pseudodiploria184557,0.0135711312840329
Pseudodiploria184561,0.00887057842557879
Pseudodiploria184562,-0.188866149245849
Pseudodiploria184564,0.648240504789656
Pseudodiploria184570,0.028962408888466
Pseudodiploria184574,-0.00752070592628983
Pseudodiploria184578,0.0305252162938733
Pseudodiploria184580,-0.156543042317317
Pseudodiploria184581,-0.166595001313353
Pseudodiploria184582,0.0698490128274029
Pseudodiploria184583,-0.0438731584657658
Pseudodiploria184586,0.922426254776951
Pseudodiploria184587,0.0738955739262411
Pseudodiploria184590,-0.0213984544492225
Pseudodiploria184591,0.112559285679048
Pseudodiploria184595,-0.0376738403319194
Pseudodiploria184600,-0.103547596538132
Pseudodiploria184601,0.014240042455441
Pseudodiploria184602,0.0612949423617146
Pseudodiploria184603,0.0388524889531566
Pseudodiploria184604,-0.0793951304523601
Pseudodiploria184607,-0.0227602827287437
Pseudodiploria184608,0.0644626863890871
Pseudodiploria184609,0.134362377687549
Pseudodiploria184612,0.326002118114555
Pseudodiploria184615,0.0939336989981227
Pseudodiploria184616,0.068494176800603
Pseudodiploria184618,0.134007090402419
Pseudodiploria184619,-0.115453009572258
Pseudodiploria184620,-0.00667413702969058
Pseudodiploria184623,0.0952797022530706
Pseudodiploria184630,0.00280164857429363
Pseudodiploria184632,0.10901492881863
Pseudodiploria184634,-0.089249147150454
Pseudodiploria184636,-0.331950807435435
Pseudodiploria184637,-0.00150084064563322
Pseudodiploria184638,-0.0788847481087909
Pseudodiploria184640,0.218274039825144
Pseudodiploria184650,0.102455820135679
Pseudodiploria184654,0.199103982005857
Pseudodiploria184655,-0.0360410597649232
Pseudodiploria184656,0.044970970476164
Pseudodiploria184659,-0.197009148565958
Pseudodiploria184660,0.00220662646542392
Pseudodiploria184661,0.0446813043164809
Pseudodiploria184662,0.0543359526864829
Pseudodiploria184665,-0.0112179051449366
Pseudodiploria184667,0.127537661936975
Pseudodiploria184669,-0.0761480674012709
Pseudodiploria184670,-0.0964346494140417
Pseudodiploria184671,0.0170805435282476
Pseudodiploria184674,0.217160733442194
Pseudodiploria184675,0.0503229980254534
Pseudodiploria184677,0.093887702318961
Pseudodiploria184681,0.00633718335556019
Pseudodiploria184682,0.661156788333819
Pseudodiploria184683,0.00837608172794265
Pseudodiploria184684,0.375692576917067
Pseudodiploria184686,-0.0703342171220395
Pseudodiploria184688,-0.0443979552178925
Pseudodiploria184689,0.345704654110764
Pseudodiploria184692,-0.173488580936662
Pseudodiploria184693,0.278292335355348
Pseudodiploria184694,0.00752070592628983
Pseudodiploria184695,0.413220922359326
Pseudodiploria184698,0.175870120359592
Pseudodiploria184700,-0.0545872858343996
Pseudodiploria184704,-0.0926023590634774
Pseudodiploria184708,0.0619296266630872
Pseudodiploria184709,0.0474190908279118
Pseudodiploria184711,-0.112641704592565
Pseudodiploria184717,-0.0695902780918787
Pseudodiploria184719,0.152128566529619
Pseudodiploria184721,-0.0515140866605981
Pseudodiploria184723,-0.0438731584657658
Pseudodiploria184727,-0.340861259084722
Pseudodiploria184728,0.0775353033803793
Pseudodiploria184733,-0.246143056526095
Pseudodiploria184735,0.07563422383953
Pseudodiploria184740,-0.0571709053794902
Pseudodiploria184746,0.00166938260831778
Pseudodiploria184749,-0.130277642362444
Pseudodiploria184750,0.0554949745242309
Pseudodiploria184754,-0.0132081293824519
Pseudodiploria184756,-0.233967771180924
Pseudodiploria184758,-1.24844604763665
Pseudodiploria184759,-0.0803106741710958
Pseudodiploria184762,0.197009148565958
Pseudodiploria184763,0.216030202040671
Pseudodiploria184765,-0.0378323452122705
Pseudodiploria184768,-0.10630063566697
Pseudodiploria184769,-0.0942177466077004
Pseudodiploria184770,0.477114198889799
Pseudodiploria184773,0.0952797022530706
Pseudodiploria184775,0.0113664418243331
Pseudodiploria184776,-0.10901492881863
Pseudodiploria184778,-0.121992067774412
Pseudodiploria184779,0.360828974261069
Pseudodiploria184781,-0.281706967850093
Pseudodiploria184782,0.0515635016460096
Pseudodiploria184784,0.0552218449000678
Pseudodiploria184786,-0.0498596767144571
Pseudodiploria184787,0.497679813719705
Pseudodiploria184788,-0.00464602739414049
Pseudodiploria184791,0.00504543176228622
Pseudodiploria184792,-0.0446813043164809
Pseudodiploria184793,-0.0407356712443161
Pseudodiploria184796,1.00124577574967
Pseudodiploria184797,-0.0216496880452836
Pseudodiploria184799,1.08092577313087
Pseudodiploria184803,0.132581445022146
Pseudodiploria184804,-0.557101440461795
Pseudodiploria184805,0.18754828036727
Pseudodiploria184807,-0.042983299459232
Pseudodiploria184809,0.261704256810273
Pseudodiploria184811,0.166595001313353
Pseudodiploria184812,0.038901356386902
Pseudodiploria184813,0.0269560038346307
Pseudodiploria184816,-0.074902770616323
Pseudodiploria184817,-0.197009148565958
Pseudodiploria184818,0.0799287934047502
Pseudodiploria184822,0.0770959758052612
Pseudodiploria184830,0.154355074567635
Pseudodiploria184836,-0.00672938386041195
Pseudodiploria184838,0.118791394633366
Pseudodiploria184839,0.628827187928207
Pseudodiploria184840,-0.0064515674485804
Pseudodiploria184841,0.0310466991219679
Pseudodiploria184842,0.0267076200181193
Pseudodiploria184845,0.320494635557554
Pseudodiploria184846,-0.130771768514239
Pseudodiploria184847,0.00757843014938539
Pseudodiploria184859,0.0838232928622335
Pseudodiploria184861,0.430083096753717
Pseudodiploria184863,-0.0340467172889482
Pseudodiploria184864,0.00402446899733638
Pseudodiploria184865,0.128461106305692
Pseudodiploria184866,-0.0366433556659976
Pseudodiploria184867,-0.119898216295177
Pseudodiploria184869,-0.0378418692708781
Pseudodiploria184871,0.0540347088651208
Pseudodiploria184872,0.313515870399348
Pseudodiploria184875,-0.0064515674485804
Pseudodiploria184879,0.0618829905321173
Pseudodiploria184882,-0.987223128737428
Pseudodiploria184884,0.290329651014309
Pseudodiploria184888,0.122949539717688
Pseudodiploria184892,0.45466580700572
Pseudodiploria184893,0.208377412484279
Pseudodiploria184895,-0.000960148118652156
Pseudodiploria184899,0.192644934127405
Pseudodiploria184900,-0.0567820447167692
Pseudodiploria184902,0.564837713453326
Pseudodiploria184906,0.0757306837059309
Pseudodiploria184908,0.173298203746362
Pseudodiploria184909,-0.00504543176228622
Pseudodiploria184910,0.281558729779398
Pseudodiploria184911,0.00441985355920151
Pseudodiploria184912,0.628827187928207
Pseudodiploria184913,0.134007090402419
Pseudodiploria184915,-0.12679622167885
Pseudodiploria184920,0.183426760149356
Pseudodiploria184922,-0.0991077007043716
Pseudodiploria184923,-0.0305252162938733
Pseudodiploria184924,-0.00752070592628983
Pseudodiploria184925,0.0533896186156034
Pseudodiploria184926,-0.108891360278661
Pseudodiploria184928,0.0177746559089545
Pseudodiploria184929,-0.0824729825666632
Pseudodiploria184938,0.0120129130357495
Pseudodiploria184942,0.307049129836068
Pseudodiploria184945,-0.0242009044661358
Pseudodiploria184947,-0.107536368647325
Pseudodiploria184948,-0.216096252792158
Pseudodiploria184952,0.139658345938927
Pseudodiploria184953,0.0225471216027452
Pseudodiploria184954,0.0107258645202738
Pseudodiploria184956,-0.00254218904717678
Pseudodiploria184957,0.169133478425328
Pseudodiploria184960,-0.053761097883355
Pseudodiploria184961,0.0562030440887758
Pseudodiploria184962,-0.0781443804461906
Pseudodiploria184964,-0.45466580700572
Pseudodiploria184966,0.0101572546229674
Pseudodiploria184968,-0.00782575024261055
Pseudodiploria184970,0.05015437695734
Pseudodiploria184971,-0.0626259835096685
Pseudodiploria184972,-0.210165892185536
Pseudodiploria184973,0.0263129851784473
Pseudodiploria184974,0.179912427164272
Pseudodiploria184978,-0.00887057842557879
Pseudodiploria184980,0.0565030399220348
Pseudodiploria184981,-0.0128065421028733
Pseudodiploria184985,0.925541947556993
Pseudodiploria184988,-0.0565030399220348
Pseudodiploria184989,-0.198947385096198
Pseudodiploria184992,1.52633743554946
Pseudodiploria184994,-0.00504543176228622
Pseudodiploria184995,0.166738179044999
Pseudodiploria184997,-0.0216496880452836
Pseudodiploria184998,0.0330837659048868
Pseudodiploria185003,-0.0806136210731274
Pseudodiploria185004,0.0586814332799396
Pseudodiploria185005,-0.451110494755233
Pseudodiploria185006,0.0474190908279118
Pseudodiploria185009,-0.146185611840187
Pseudodiploria185010,0.0609155419451495
Pseudodiploria185014,-0.0565030399220348
Pseudodiploria185015,0.294783842677965
Pseudodiploria185017,-0.0449273365693401
Pseudodiploria185018,0.138850262369175
Pseudodiploria185021,0.15342157296004
Pseudodiploria185024,-0.288507645066409
Pseudodiploria185026,0.0595287719743733
Pseudodiploria185029,0.281094811069032
Pseudodiploria185030,-0.0932239612971331
Pseudodiploria185033,-0.239920020462924
Pseudodiploria185035,0.116499569787786
Pseudodiploria185037,0.0182253586348746
Pseudodiploria185039,0.116649019340381
Pseudodiploria185041,0.0942177466077004
Pseudodiploria185043,-0.0061207587302518
Pseudodiploria185047,-0.0524745044947183
Pseudodiploria185049,-0.207973893009886
Pseudodiploria185050,0.496630492382093
Pseudodiploria185055,0.158402629056949
Pseudodiploria185056,-0.261661769250597
Pseudodiploria185060,-0.000906905741636383
Pseudodiploria185065,-0.293161888638773
Pseudodiploria185067,0.193358688867107
Pseudodiploria185068,0.0402702124076917
Pseudodiploria185069,0.0426105091836971
Pseudodiploria185070,0.220363818153541
Pseudodiploria185074,0.0249027998155114
Pseudodiploria185075,0.216416844689215
Pseudodiploria185078,0.079336957143971
Pseudodiploria185083,-0.0890166192200796
Pseudodiploria185084,-0.0445884374595999
Pseudodiploria185085,-0.0515140866605981
Pseudodiploria185088,-0.00805523398647146
Pseudodiploria185091,-0.0164125108924786
Pseudodiploria185093,-0.0384721085928882
Pseudodiploria185096,-0.108843304853644
Pseudodiploria185098,-0.00872003919940135
Pseudodiploria185100,-0.0388524889531566
Pseudodiploria185102,0.142473258683416
Pseudodiploria185103,0.465258651915898
Pseudodiploria185104,-0.0555856839714888
Pseudodiploria185106,0.193358688867107
Pseudodiploria185109,-0.0331533515983598
Pseudodiploria185110,-0.0657333782194704
Pseudodiploria185113,-0.0257224165887376
Pseudodiploria185114,0.0753449958098662
Pseudodiploria185115,-0.0565030399220348
Pseudodiploria185117,-0.00463854082192763
Pseudodiploria185123,0.0973008293910583
Pseudodiploria185126,0.257761192623984
Pseudodiploria185131,0.0824729825666632
Pseudodiploria185133,-0.0263129851784473
Pseudodiploria185134,-0.18193160484235
Pseudodiploria185141,0.128461106305692
Pseudodiploria185142,0.504276786695175
Pseudodiploria185143,0.131661193189697
Pseudodiploria185147,0.05669118888853
Pseudodiploria185148,0.158402629056949
Pseudodiploria185149,-0.00293321269522687
Pseudodiploria185150,0.0345451994674642
Pseudodiploria185151,0.0939336989981227
Pseudodiploria185153,0.131661193189697
Pseudodiploria185154,0.0378323452122705
Pseudodiploria185156,-0.254945469792558
Pseudodiploria185158,0.0359980008461447
Pseudodiploria185160,0.0360410597649232
Pseudodiploria185161,0.00760419114014307
Pseudodiploria185164,-0.020608594979212
Pseudodiploria185165,0.184829737723799
Pseudodiploria185166,0.00206879341432083
Pseudodiploria185167,0.0418987592780084
Pseudodiploria185168,-0.45466580700572
Pseudodiploria185169,-0.0963246589542052
Pseudodiploria185170,-0.37605735187462
Pseudodiploria185172,0.0443979552178925
Pseudodiploria185173,0.172251964558848
Pseudodiploria185174,0.178410045155115
Pseudodiploria185180,-0.37291820396381
Pseudodiploria185185,0.440486081616062
Pseudodiploria185186,-0.0570497192364787
Pseudodiploria185191,-0.158402629056949
Pseudodiploria185192,0.00667413702969058
Pseudodiploria185193,0.00609125227080745
Pseudodiploria185194,0.0265334997248099
Pseudodiploria185196,0.0750262285730564
Pseudodiploria185200,-0.0306558594668759
Pseudodiploria185201,-0.0534643528106108
Pseudodiploria185203,-0.038795081228185
Pseudodiploria185205,0.0265334997248099
Pseudodiploria185213,-0.05015437695734
Pseudodiploria185214,1.35092807996319
Pseudodiploria185219,-0.194471589864658
Pseudodiploria185222,0.00752070592628983
Pseudodiploria185225,-0.470468200786755
Pseudodiploria185226,0.000431593409247017
Pseudodiploria185227,-0.00220662646542392
Pseudodiploria185233,-0.0587397498474649
Pseudodiploria185234,0.558217484934582
Pseudodiploria185235,-0.0297985170158849
Pseudodiploria185236,0.0326635952763084
Pseudodiploria185240,-0.116008799522825
Pseudodiploria185244,0.0964261035154747
Pseudodiploria185247,0.0252180609780358
Pseudodiploria185250,0.0853159051976001
Pseudodiploria185251,-0.0308228975853857
Pseudodiploria185252,-0.101527677771297
Pseudodiploria185254,0.226097162834866
Pseudodiploria185255,0.0926023590634774
Pseudodiploria185258,0.0538752787934436
Pseudodiploria185261,0.068346235215476
Pseudodiploria185267,-0.208519531508714
Pseudodiploria185271,0.0394168626927954
Pseudodiploria185273,0.0360410597649232
Pseudodiploria185275,0.257761192623984
Pseudodiploria185277,0.230521369107019
Pseudodiploria185280,0.290252498127467
Pseudodiploria185283,-0.0803061936720361
Pseudodiploria185288,-0.136999297853957
Pseudodiploria185290,-0.103986736614603
Pseudodiploria185291,-0.0314201550253276
Pseudodiploria185294,0.0474190908279118
Pseudodiploria185296,-0.0432536641916039
Pseudodiploria185297,0.00629984046800255
Pseudodiploria185299,-0.0118150891995402
Pseudodiploria185304,-0.00212747895569464
Pseudodiploria185306,-0.00760419114014307
Pseudodiploria185307,0.0520373403286872
Pseudodiploria185308,-0.15882884495956
Pseudodiploria185310,1.06103912965291
Pseudodiploria185313,0.0579898427485898
Pseudodiploria185314,0.0428593864806746
Pseudodiploria185320,-0.480299469994118
Pseudodiploria185324,-0.00720833925496074
Pseudodiploria185332,-0.0316981022432377
Pseudodiploria185336,0.152128566529619
Pseudodiploria185337,0.48425603263934
Pseudodiploria185338,-0.0824729825666632
Pseudodiploria185343,0.035961102075781
Pseudodiploria185346,0.150172625194791
Pseudodiploria185353,-0.0399286229634557
Pseudodiploria185354,0.417070839063485
Pseudodiploria185357,-0.0122310568171306
Pseudodiploria185360,0.195256479660094
Pseudodiploria185361,-0.292325587827797
Pseudodiploria185372,-0.00752070592628983
Pseudodiploria185374,0.133263610171097
Pseudodiploria185380,-0.0868953372217397
Pseudodiploria185381,0.449572475177973
Pseudodiploria185382,-0.211177948901828
Pseudodiploria185383,0.0339893081883729
Pseudodiploria185384,0.0135335884790646
Pseudodiploria185387,0.0788581889519
Pseudodiploria185391,-0.036854895284453
Pseudodiploria185394,-0.107495303027392
Pseudodiploria185397,0.0624978577576575
Pseudodiploria185400,0.123906272707829
Pseudodiploria185401,0.180960064525393
Pseudodiploria185402,-0.0489412399366485
Pseudodiploria185405,0.00887057842557879
Pseudodiploria185406,0.0586814332799396
Pseudodiploria185408,-0.0770959758052612
Pseudodiploria185411,0.0177746559089545
Pseudodiploria185412,0.0535135780465158
Pseudodiploria185429,0.00126855768772008
Pseudodiploria185430,-0.250577035026978
Pseudodiploria185432,-0.000906905741636383
Pseudodiploria185436,0.0828766701422673
Pseudodiploria185439,-0.0133121207424106
Pseudodiploria185441,0.0926023590634774
Pseudodiploria185443,0.608871948195711
Pseudodiploria185446,0.10777766647629
Pseudodiploria185447,-0.0559951846512741
Pseudodiploria185448,-0.0452610327931926
Pseudodiploria185451,-0.0107258645202738
Pseudodiploria185452,-0.154833297533382
Pseudodiploria185460,-0.0428480215488344
Pseudodiploria185463,0.0378323452122705
Pseudodiploria185464,0.310785089712367
Pseudodiploria185469,0.0063560425279339
Pseudodiploria185472,-0.00708040686669002
Pseudodiploria185473,-0.0565030399220348
Pseudodiploria185474,-0.00464602739414049
Pseudodiploria185475,0.388036331189849
Pseudodiploria185477,0.17467569604464
Pseudodiploria185478,-0.0493797320370276
Pseudodiploria185479,-0.0120747521745916
Pseudodiploria185480,-0.0569740844958047
Pseudodiploria185485,-0.186155493285191
Pseudodiploria185488,-0.212660645034429
Pseudodiploria185492,0.332936007357343
Pseudodiploria185493,0.0629233139443061
Pseudodiploria185494,-0.0799287934047502
Pseudodiploria185495,-0.195256479660094
Pseudodiploria185496,-0.0412274802122351
Pseudodiploria185497,-0.0964452156133617
Pseudodiploria185498,0.00353249908439162
Pseudodiploria185501,-0.00887057842557879
Pseudodiploria185502,0.391185806485715
Pseudodiploria185508,0.101873103148277
Pseudodiploria185511,0.0926023590634774
Pseudodiploria185512,-0.0511232490459115
Pseudodiploria185514,-0.24716965020844
Pseudodiploria185516,-0.000906905741636383
Pseudodiploria185518,0.0484011761577907
Pseudodiploria185519,0.00633718335556019
Pseudodiploria185522,0.569831357055735
Pseudodiploria185523,-0.000921897769645816
Pseudodiploria185524,0.395761417888109
Pseudodiploria185525,-0.0128382118948141
Pseudodiploria185527,0.706073187512559
Pseudodiploria185528,0.362463920734432
Pseudodiploria185530,-0.0151716742037521
Pseudodiploria185535,0.044970970476164
Pseudodiploria185536,0.0182253586348746
Pseudodiploria185538,-0.0177746559089545
Pseudodiploria185539,0.0311606645131402
Pseudodiploria185541,0.465258651915898
Pseudodiploria185542,0.0567820447167692
Pseudodiploria185544,-0.0718610560577619
Pseudodiploria185545,0.0018205355419667
Pseudodiploria185548,0.0360410597649232
Pseudodiploria185551,0.0446813043164809
Pseudodiploria185552,-0.15833287842132
Pseudodiploria185553,-0.0921935170433421
Pseudodiploria185555,0.101873103148277
Pseudodiploria185556,0.0572131611929525
Pseudodiploria185557,0.672445361097508
Pseudodiploria185558,0.0135711312840329
Pseudodiploria185559,-0.236318526263183
Pseudodiploria185562,0.489618038988363
Pseudodiploria185563,-0.0456385699132763
Pseudodiploria185564,-0.0292256320015217
Pseudodiploria185568,0.871380292592311
Pseudodiploria185569,-0.0225471216027452
Pseudodiploria185573,-0.00319285811366768
Pseudodiploria185574,-0.0024437963624147
Pseudodiploria185575,-0.36356646026996
Pseudodiploria185577,0.0552218449000678
Pseudodiploria185586,0.332115529417382
Pseudodiploria185587,0.0213304364996912
Pseudodiploria185588,-0.0152136949901382
Pseudodiploria185589,-0.203919950593975
Pseudodiploria185594,-0.0200981216376129
Pseudodiploria185597,0.0305252162938733
Pseudodiploria185605,0.0107258645202738
Pseudodiploria185614,0.136218056333677
Pseudodiploria185618,0.118464944051663
Pseudodiploria185620,0.311568252425392
Pseudodiploria185621,0.0474587552994343
Pseudodiploria185624,0.0565030399220348
Pseudodiploria185625,0.054786695813094
Pseudodiploria185627,-0.0151716742037521
Pseudodiploria185628,-0.353670876030874
Pseudodiploria185631,-0.13542578668654
Pseudodiploria185632,-0.0551573824541316
Pseudodiploria185637,0.0616344226277274
Pseudodiploria185645,0.171266579276141
Pseudodiploria185646,0.994386332720787
Pseudodiploria185647,-0.137024144994344
Pseudodiploria185651,0.346997265548655
Pseudodiploria185653,0.168794228594345
Pseudodiploria185654,-0.0589046385750329
Pseudodiploria185655,0.0547910843933027
Pseudodiploria185658,0.00752070592628983
Pseudodiploria185659,0.0272712296764553
Pseudodiploria185664,-0.264895327228845
Pseudodiploria185665,-0.175870120359592
Pseudodiploria185668,0.10901492881863
Pseudodiploria185670,-0.155294454006065
Pseudodiploria185671,-0.522407004019571
Pseudodiploria185672,-0.0393432153849454
Pseudodiploria185673,-0.0570697668742193
Pseudodiploria185675,0.123874119985796
Pseudodiploria185676,0.00985575228013465
Pseudodiploria185677,-0.0260887300142371
Pseudodiploria185678,-0.0128065421028733
Pseudodiploria185681,-0.132437145080829
Pseudodiploria185687,-0.0813067289933885
Pseudodiploria185690,-0.0554173536362916
Pseudodiploria185692,0.090499830148783
Pseudodiploria185700,0.218730480182612
Pseudodiploria185703,-0.146606773926558
Pseudodiploria185704,0.123874119985796
Pseudodiploria185705,0.175150991721996
Pseudodiploria185708,0.572331861513722
Pseudodiploria185713,-0.366358907178529
Pseudodiploria185714,-0.187725654257864
Pseudodiploria185715,0.131661193189697
Pseudodiploria185724,-0.211369463472415
Pseudodiploria185726,-0.179912427164272
Pseudodiploria185727,0.0554949745242309
Pseudodiploria185729,-0.0109143695620943
Pseudodiploria185730,0.0228810321846523
Pseudodiploria185732,-0.180136467476209
Pseudodiploria185735,0.10202933679361
Pseudodiploria185737,-0.039418476527159
Pseudodiploria185738,0.0581384383614311
Pseudodiploria185739,0.142473258683416
Pseudodiploria185740,0.119952086912682
Pseudodiploria185744,-0.00286338823494678
Pseudodiploria185745,0.427009412996614
Pseudodiploria185746,0.224812504919714
Pseudodiploria185751,0.0938646388375708
Pseudodiploria185752,-0.212334197556592
Pseudodiploria185753,-0.0018205355419667
Pseudodiploria185755,0.00109306413862091
Pseudodiploria185756,-0.174184522631591
Pseudodiploria185759,0.0386815839530058
Pseudodiploria185760,-0.0770249586114762
Pseudodiploria185761,0.0287289976758015
Pseudodiploria185762,0.210675507220653
Pseudodiploria185767,-0.0262209866827858
Pseudodiploria185768,0.140922437587584
Pseudodiploria185769,-0.166595001313353
Pseudodiploria185771,-0.658234462073792
Pseudodiploria185774,-0.0868335106979527
Pseudodiploria185776,-0.0390092250199808
Pseudodiploria185781,0.172251964558848
Pseudodiploria185786,0.00867980296142241
Pseudodiploria185788,0.0100448078398533
Pseudodiploria185790,0.0936794438119995
Pseudodiploria185791,-0.298088407432933
Pseudodiploria185795,-0.0290173472374831
Pseudodiploria185796,0.846242196435736
Pseudodiploria185797,0.0866508920391201
Pseudodiploria185800,0.346997265548655
Pseudodiploria185801,-0.0513050064663257
Pseudodiploria185802,0.267490143348514
Pseudodiploria185803,-0.00999133167041006
Pseudodiploria185805,-0.0794947690730128
Pseudodiploria185807,0.0524745044947183
Pseudodiploria185808,-0.0432685036473449
Pseudodiploria185809,-0.0932239612971331
Pseudodiploria185812,0.220363818153541
Pseudodiploria185813,-0.0506139385522756
Pseudodiploria185814,0.219708553140657
Pseudodiploria185815,-0.0113664418243331
Pseudodiploria185816,0.216030202040671
Pseudodiploria185819,-0.00752070592628983
Pseudodiploria185820,0.110121621194454
Pseudodiploria185821,0.522407004019571
Pseudodiploria185823,0.0336692091902749
Pseudodiploria185826,0.0306921275187215
Pseudodiploria185833,-0.00363458547572286
Pseudodiploria185835,-0.362918535564814
Pseudodiploria185842,0.162202083021561
Pseudodiploria185843,-0.0313175764293928
Pseudodiploria185844,-0.0466615863061294
Pseudodiploria185847,-0.0366433556659976
Pseudodiploria185853,-0.0378323452122705
Pseudodiploria185855,0.121669469589993
Pseudodiploria185857,0.215838079272981
Pseudodiploria185859,-0.212447961427275
Pseudodiploria185860,0.0770249586114762
Pseudodiploria185862,0.0438731584657658
Pseudodiploria185863,-0.136999297853957
Pseudodiploria185865,0.194181056883482
Pseudodiploria185868,0.177054716565009
Pseudodiploria185875,0.209143016920446
Pseudodiploria185877,-0.0359344102124447
Pseudodiploria185878,-0.258058636809154
Pseudodiploria185884,-0.340861259084722
Pseudodiploria185885,0.119614583529747
Pseudodiploria185886,-0.0449273365693401
Pseudodiploria185887,0.0747901570253395
Pseudodiploria185889,0.212334197556592
Pseudodiploria185891,-0.00890009521533521
Pseudodiploria185896,-5.82899156681673e-05
Pseudodiploria185904,-0.204536651722968
Pseudodiploria185908,-0.00752070592628983
Pseudodiploria185909,0.175306217165756
Pseudodiploria185912,-0.136288453750417
Pseudodiploria185913,-0.00220662646542392
Pseudodiploria185914,0.0305252162938733
Pseudodiploria185916,0.0569454929425724
Pseudodiploria185917,0.062843699880277
Pseudodiploria185918,0.0567820447167692
Pseudodiploria185925,-0.114742670184194
Pseudodiploria185927,-0.0210716512046887
Pseudodiploria185928,-0.0671383507623098
Pseudodiploria185930,0.595275148825463
Pseudodiploria185931,0.293218333066338
Pseudodiploria185933,0.497679813719705
Pseudodiploria185935,-0.200805890181125
Pseudodiploria185937,-0.0228810321846523
Pseudodiploria185938,0.533453342330799
Pseudodiploria185939,0.101527677771297
Pseudodiploria185940,0.268627398602992
Pseudodiploria185941,-0.199103982005857
Pseudodiploria185947,0.240166280755813
Pseudodiploria185950,0.0379206077487898
Pseudodiploria185951,-0.351532391033011
Pseudodiploria185953,0.239920020462924
Pseudodiploria185956,-0.166595001313353
Pseudodiploria185957,-0.0112179051449366
Pseudodiploria185960,0.167768251381212
Pseudodiploria185964,-0.00872003919940135
Pseudodiploria185965,-0.146185611840187
Pseudodiploria185967,0.166595001313353
Pseudodiploria185968,-0.0360540782782404
Pseudodiploria185971,-0.0380132351961059
Pseudodiploria185972,0.00318917912091117
Pseudodiploria185973,0.116322888611946
Pseudodiploria185974,-0.0305252162938733
Pseudodiploria185975,-0.0918334631404722
Pseudodiploria185976,0.220363818153541
Pseudodiploria185977,0.300545000322291
Pseudodiploria185978,0.00788157032292564
Pseudodiploria185979,-1.24844604763665
Pseudodiploria185981,-0.166738179044999
Pseudodiploria185982,0.00752070592628983
Pseudodiploria185983,0.0378323452122705
Pseudodiploria185990,0.00681591066983074
Pseudodiploria185993,-0.285502196327008
Pseudodiploria185997,0.243209907829441
Pseudodiploria185998,0.220370933333543
Pseudodiploria185999,-0.0142288210346364
Pseudodiploria186001,-0.0133121207424106
Pseudodiploria186006,-0.0249027998155114
Pseudodiploria186007,0.23866879805583
Pseudodiploria186010,0.00885894532179681
Pseudodiploria186012,0.0449273365693401
Pseudodiploria186013,0.0348547361167997
Pseudodiploria186015,0.0306558594668759
Pseudodiploria186017,-0.00999133167041006
Pseudodiploria186021,0.0388524889531566
Pseudodiploria186023,0.0565030399220348
Pseudodiploria186028,-0.0459867053784706
Pseudodiploria186029,-0.0410298941123538
Pseudodiploria186030,-0.0474190908279118
Pseudodiploria186032,0.0530582866011843
Pseudodiploria186034,-0.188866149245849
Pseudodiploria186035,0.293218333066338
Pseudodiploria186036,0.131661193189697
Pseudodiploria186037,-0.121144270443071
Pseudodiploria186038,-0.000874237588756943
Pseudodiploria186042,0.0127326110625214
Pseudodiploria186043,0.0379838652474427
Pseudodiploria186046,-0.0142288210346364
Pseudodiploria186047,0.127363945579076
Pseudodiploria186051,0.0982922841966368
Pseudodiploria186054,-0.0718610560577619
Pseudodiploria186055,0.035961102075781
Pseudodiploria186057,0.193358688867107
Pseudodiploria186062,0.0906490328864959
Pseudodiploria186063,0.117949153447969
Pseudodiploria186067,0.145053726596184
Pseudodiploria186068,-0.00887057842557879
Pseudodiploria186069,0.370682473714427
Pseudodiploria186073,0.00528865271431855
Pseudodiploria186074,-0.0366433556659976
Pseudodiploria186077,0.136288453750417
Pseudodiploria186079,-0.0368772729737832
Pseudodiploria186084,-0.0249027998155114
Pseudodiploria186087,0.103360816175429
Pseudodiploria186088,0.0127326110625214
Pseudodiploria186092,0.0466615863061294
Pseudodiploria186099,-0.102776084626035
Pseudodiploria186101,0.0309835033499481
Pseudodiploria186105,-0.198381042271586
Pseudodiploria186106,-0.132437145080829
Pseudodiploria186110,0.0148254718371882
Pseudodiploria186111,0.0562030440887758
Pseudodiploria186112,-0.048923703741313
Pseudodiploria186113,-0.0757306837059309
Pseudodiploria186114,-0.0119324248425975
Pseudodiploria186116,-0.00319285811366768
Pseudodiploria186119,0.0826904216282726
Pseudodiploria186120,-0.116286829158406
Pseudodiploria186122,0.0648034261708774
Pseudodiploria186123,0.324563397791703
Pseudodiploria186124,-0.417070839063485
Pseudodiploria186125,-0.0132735204505145
Pseudodiploria186127,0.680593754878843
Pseudodiploria186128,-0.00212747895569464
Pseudodiploria186130,-0.0918334631404722
Pseudodiploria186131,0.0109093191553519
Pseudodiploria186133,-0.0471730645578715
Pseudodiploria186135,-0.0152903917866385
Pseudodiploria186139,0.0152903917866385
Pseudodiploria186143,0.0367424108206925
Pseudodiploria186145,-0.0941589132260883
Pseudodiploria186146,0.0556050161528616
Pseudodiploria186147,-0.0404374951137951
Pseudodiploria186150,-0.0853159051976001
Pseudodiploria186156,-0.00858038187885665
Pseudodiploria186161,0.533453342330799
Pseudodiploria186162,0.123409982384758
Pseudodiploria186163,0.291209920022301
Pseudodiploria186167,0.0147574242529767
Pseudodiploria186170,0.0554949745242309
Pseudodiploria186171,-0.36356646026996
Pseudodiploria186176,0.0359980008461447
Pseudodiploria186177,0.00115458063990725
Pseudodiploria186178,0.0535324156056869
Pseudodiploria186180,-0.0113664418243331
Pseudodiploria186182,0.0351516157598553
Pseudodiploria186186,-0.141987900571376
Pseudodiploria186187,0.160127848428999
Pseudodiploria186188,-0.276880106232927
Pseudodiploria186192,-0.12893967486667
Pseudodiploria186193,-0.219449693821084
Pseudodiploria186194,0.141466365262756
Pseudodiploria186195,0.041579556032465
Pseudodiploria186197,-0.252249937097588
Pseudodiploria186199,-0.0730645662000136
Pseudodiploria186202,0.0520373403286872
Pseudodiploria186206,-0.291209920022301
Pseudodiploria186207,-0.0498018934963032
Pseudodiploria186210,-0.046336705092564
Pseudodiploria186211,0.261704256810273
Pseudodiploria186212,0.00504543176228622
Pseudodiploria186219,0.175135246117648
Pseudodiploria186220,-0.0167002285662765
Pseudodiploria186222,0.0643808438100134
Pseudodiploria186223,-0.145952031217219
Pseudodiploria186225,0.262227534873548
Pseudodiploria186226,0.149553133385637
Pseudodiploria186227,-0.258476143993594
Pseudodiploria186228,-0.00708040686669002
Pseudodiploria186229,-0.00752070592628983
Pseudodiploria186233,0.177054716565009
Pseudodiploria186236,-0.0292256320015217
Pseudodiploria186239,0.0400052778979085
Pseudodiploria186240,-0.363956469224273
Pseudodiploria186242,-0.115453009572258
Pseudodiploria186246,0.0306558594668759
Pseudodiploria186247,0.0776149599000192
Pseudodiploria186249,-0.128461106305692
Pseudodiploria186260,-0.00951767745558288
Pseudodiploria186262,-0.0113242561758816
Pseudodiploria186266,-0.00633359000971973
Pseudodiploria186267,-0.202799801633538
Pseudodiploria186269,0.0131619253157942
Pseudodiploria186275,-0.0117489015074294
Pseudodiploria186277,-0.166329091051919
Pseudodiploria186281,0.0842345942911482
Pseudodiploria186292,-0.0170805435282476
Pseudodiploria186295,0.19170517731073
Pseudodiploria186296,0.115917803605319
Pseudodiploria186297,-0.0122310568171306
Pseudodiploria186298,0.063325716293885
Pseudodiploria186299,0.00794795667780054
Pseudodiploria186300,-0.00985575228013465
Pseudodiploria186301,0.0710976410500287
Pseudodiploria186305,0.217274492389934
Pseudodiploria186306,-0.347317321967757
Pseudodiploria186309,0.178410045155115
Pseudodiploria186316,-0.00708040686669002
Pseudodiploria186319,-0.0466864333232595
Pseudodiploria186324,-0.0127326110625214
Pseudodiploria186325,0.227062985752272
Pseudodiploria186326,-0.0213304364996912
Pseudodiploria186327,0.163989353140258
Pseudodiploria186331,0.0106471760904862
Pseudodiploria186332,-0.00887057842557879
Pseudodiploria186340,0.010615962086317
Pseudodiploria186346,0.00985575228013465
Pseudodiploria186347,0.0586814332799396
Pseudodiploria186348,0.0562030440887758
Pseudodiploria186350,-0.133331424083498
Pseudodiploria186351,0.0796305238777171
Pseudodiploria186354,-0.140544546701522
Pseudodiploria186355,-0.144304897560452
Pseudodiploria186356,-0.0119324248425975
Pseudodiploria186357,0.0428480215488344
Pseudodiploria186358,-0.34826476906764
Pseudodiploria186359,0.0964346494140417
Pseudodiploria186361,0.0561347725849209
Pseudodiploria186362,-0.014771991148648
Pseudodiploria186363,-0.0520373403286872
Pseudodiploria186364,0.4368762717275
Pseudodiploria186367,-0.281558729779398
Pseudodiploria186370,0.405446349460759
Pseudodiploria186371,-0.173298203746362
Pseudodiploria186372,-0.103246333881922
Pseudodiploria186373,-0.00528865271431855
Pseudodiploria186374,0.00985575228013465
Pseudodiploria186375,-0.245806956186041
Pseudodiploria186378,0.123852467722694
Pseudodiploria186380,0.229522870760746
Pseudodiploria186384,-0.0289738413447608
Pseudodiploria186386,-0.0586515619189529
Pseudodiploria186387,-0.0441365895209054
Pseudodiploria186390,-0.0638053095728584
Pseudodiploria186391,0.453367188220361
Pseudodiploria186393,-0.553822809342081
Pseudodiploria186394,-0.179810426426388
Pseudodiploria186395,0.0607406253705033
Pseudodiploria186396,-0.251871992814687
Pseudodiploria186398,-0.10799698848775
Pseudodiploria186400,0.173709184482145
Pseudodiploria186402,0.0803106741710958
Pseudodiploria186403,0.0368772729737832
Pseudodiploria186404,0.20944576126799
Pseudodiploria186405,0.0303579979377717
Pseudodiploria186406,-0.0587880182043384
Pseudodiploria186409,-0.312800197220315
Pseudodiploria186410,-0.114682136501227
Pseudodiploria186414,-0.230521369107019
Pseudodiploria186416,0.00595160188484723
Pseudodiploria186418,-0.0299484644822171
Pseudodiploria186419,-0.430083096753717
Pseudodiploria186420,-0.0458628906052394
Pseudodiploria186423,-0.0775353033803793
Pseudodiploria186424,0.00176471023644827
Pseudodiploria186426,0.206417056711054
Pseudodiploria186431,-0.0446813043164809
Pseudodiploria186433,0.176651864215796
Pseudodiploria186434,0.15882884495956
Pseudodiploria186435,-0.00280164857429363
Pseudodiploria186441,-0.079501777321835
Pseudodiploria186442,-0.200134702478709
Pseudodiploria186445,-0.662170184624246
Pseudodiploria186447,0.142473258683416
Pseudodiploria186450,0.0498596767144571
Pseudodiploria186454,0.00752070592628983
Pseudodiploria186455,-0.845219633766904
Pseudodiploria186456,1.80381777515974
Pseudodiploria186459,0.123852467722694
Pseudodiploria186460,-0.00752070592628983
Pseudodiploria186461,0.12679622167885
Pseudodiploria186464,0.0360410597649232
Pseudodiploria186466,0.035961102075781
Pseudodiploria186467,0.0698571857115131
Pseudodiploria186469,-0.128461106305692
Pseudodiploria186470,-0.0536675087390578
Pseudodiploria186471,-0.135285061597926
Pseudodiploria186473,0.115453009572258
Pseudodiploria186477,-0.00887057842557879
Pseudodiploria186478,-0.195044097651669
Pseudodiploria186482,0.0803106741710958
Pseudodiploria186484,0.0127326110625214
Pseudodiploria186485,0.00962808603479146
Pseudodiploria186486,0.261704256810273
Pseudodiploria186492,-0.25519532211631
Pseudodiploria186494,0.0211665754106414
Pseudodiploria186495,0.58680575841651
Pseudodiploria186504,-1.78844632117576
Pseudodiploria186505,0.0704857852367197
Pseudodiploria186507,-0.0105254000113502
Pseudodiploria186508,0.010615962086317
Pseudodiploria186509,-0.0484011761577907
Pseudodiploria186513,0.340390967606988
Pseudodiploria186517,0.403776769508928
Pseudodiploria186518,0.451110494755233
Pseudodiploria186519,-0.046336705092564
Pseudodiploria186520,-0.0120129130357495
Pseudodiploria186521,0.00176471023644827
Pseudodiploria186522,-0.15091825408934
Pseudodiploria186524,0.142473258683416
Pseudodiploria186525,0.0027216740068393
Pseudodiploria186526,0.284808341672251
Pseudodiploria186528,0.00887057842557879
Pseudodiploria186534,-0.0555981926505917
Pseudodiploria186538,-0.0105254000113502
Pseudodiploria186540,0.101873103148277
Pseudodiploria186541,-0.142473258683416
Pseudodiploria186543,0.763635162771809
Pseudodiploria186544,0.0135711312840329
Pseudodiploria186545,0.00385793751406371
Pseudodiploria186548,-0.0360410597649232
Pseudodiploria186549,-0.0225471216027452
Pseudodiploria186550,0.109283441387783
Pseudodiploria186552,-0.0177185569126892
Pseudodiploria186553,-0.0107258645202738
Pseudodiploria186554,-0.0326635952763084
Pseudodiploria186555,-0.030252601123492
Pseudodiploria186556,-0.152128566529619
Pseudodiploria186559,-0.024688394966228
Pseudodiploria186560,-0.00392294077224141
Pseudodiploria186561,0.0350639621380987
Pseudodiploria186562,-0.0793951304523601
Pseudodiploria186564,0.0803106741710958
Pseudodiploria186568,0.079336957143971
Pseudodiploria186570,0.468248411113312
Pseudodiploria186572,-0.0112179051449366
Pseudodiploria186575,-0.0446813043164809
Pseudodiploria186576,0.255994487269142
Pseudodiploria186577,0.052286015960803
Pseudodiploria186579,-0.00752070592628983
Pseudodiploria186580,-0.033823436566039
Pseudodiploria186581,0.0173163340883263
Pseudodiploria186584,0.0367743648887114
Pseudodiploria186586,0.0512539908750511
Pseudodiploria186588,-0.287419514251556
Pseudodiploria186590,-0.297192214884278
Pseudodiploria186593,-0.106840596751223
Pseudodiploria186594,0.139680179554248
Pseudodiploria186596,-0.010615962086317
Pseudodiploria186598,-0.484527377357195
Pseudodiploria186599,0.166816714040425
Pseudodiploria186600,-0.0965933628590691
Pseudodiploria186602,0.0120747521745916
Pseudodiploria186604,0.0388524889531566
Pseudodiploria186606,-1.7289175898319
Pseudodiploria186607,-0.0421980122868099
Pseudodiploria186608,0.0128065421028733
Pseudodiploria186609,0.538386824063258
Pseudodiploria186611,0.00442115444224438
Pseudodiploria186612,-0.0378323452122705
Pseudodiploria186613,-0.0100448078398533
Pseudodiploria186619,-0.0972450616914985
Pseudodiploria186620,0.0360410597649232
Pseudodiploria186623,0.0603004910554191
Pseudodiploria186624,0.0624978577576575
Pseudodiploria186625,-0.592950227733242
Pseudodiploria186626,-0.0133121207424106
Pseudodiploria186627,0.0307386535386753
Pseudodiploria186630,-0.052286015960803
Pseudodiploria186633,-0.00169713927942992
Pseudodiploria186637,-0.0109093191553519
Pseudodiploria186638,-0.23274672010531
Pseudodiploria186639,0.0446813043164809
Pseudodiploria186643,-0.192644934127405
Pseudodiploria186647,0.288246263037121
Pseudodiploria186650,0.123478585231691
Pseudodiploria186653,-0.618498433097277
Pseudodiploria186654,-0.206417056711054
Pseudodiploria186660,0.388842462154508
Pseudodiploria186661,-0.0315478212088995
Pseudodiploria186662,0.12662846660519
Pseudodiploria186663,-0.00952691304319343
Pseudodiploria186666,0.0427422571584745
Pseudodiploria186670,1.05894612146734
Pseudodiploria186673,0.0265334997248099
Pseudodiploria186677,0.0785798817380794
Pseudodiploria186679,-0.0120129130357495
Pseudodiploria186685,0.149882172213734
Pseudodiploria186688,-0.159530828885523
Pseudodiploria186692,-0.209853296279145
Pseudodiploria186693,0.140544546701522
Pseudodiploria186694,0.0803106741710958
Pseudodiploria186698,0.0114264388376211
Pseudodiploria186699,0.0286244939832488
Pseudodiploria186700,-0.028704404766416
Pseudodiploria186702,5.82899156681673e-05
Pseudodiploria186703,0.0971127514045029
Pseudodiploria186704,0.613261695225711
Pseudodiploria186705,-0.00794795667780054
Pseudodiploria186708,-0.459583929733274
Pseudodiploria186711,-0.234453288396163
Pseudodiploria186714,-0.000906905741636383
Pseudodiploria186715,0.00661045926228821
Pseudodiploria186717,1.28627317237131
Pseudodiploria186718,0.0170805435282476
Pseudodiploria186720,-0.0803106741710958
Pseudodiploria186722,-0.133392363109506
Pseudodiploria186723,0.183426760149356
Pseudodiploria186724,-2.16651797154749
Pseudodiploria186725,0.0775353033803793
Pseudodiploria186727,0.0182856789424413
Pseudodiploria186729,-0.00731908876194208
Pseudodiploria186731,0.0262672807017968
Pseudodiploria186732,0.132060633698869
Pseudodiploria186733,0.281984088372632
Pseudodiploria186734,-0.0485125195335797
Pseudodiploria186735,-0.0152136949901382
Pseudodiploria186736,-0.00887057842557879
Pseudodiploria186737,-0.0235144895486065
Pseudodiploria186740,-0.778593640315302
Pseudodiploria186746,-0.0612949423617146
Pseudodiploria186747,0.0369601059062234
Pseudodiploria186749,0.110843903315073
Pseudodiploria186751,0.133047007306172
Pseudodiploria186754,0.150907933892815
Pseudodiploria186756,0.0695656235485358
Pseudodiploria186758,0.173298203746362
Pseudodiploria186759,0.00457046759139055
Pseudodiploria186761,0.501482166714933
Pseudodiploria186765,-0.0228810321846523
Pseudodiploria186770,0.05527178987341
Pseudodiploria186772,0.0939336989981227
Pseudodiploria186776,1.07961516834254
Pseudodiploria186779,0.151375342002231
Pseudodiploria186780,0.58680575841651
Pseudodiploria186782,0.103246333881922
Pseudodiploria186783,-0.130204406924627
Pseudodiploria186788,-0.046336705092564
Pseudodiploria186789,0.00203920526522135
Pseudodiploria186792,-0.0438731584657658
Pseudodiploria186793,-0.621669480919163
Pseudodiploria186795,0.515806364528654
Pseudodiploria186796,-0.261704256810273
Pseudodiploria186798,-0.113504028309575
Pseudodiploria186799,0.382497691784273
Pseudodiploria186800,-0.05527178987341
Pseudodiploria186801,-0.0474190908279118
Pseudodiploria186805,-0.13744986691741
Pseudodiploria186806,-0.0466664556319846
Pseudodiploria186808,-0.0924146708091686
Pseudodiploria186811,-0.131074148284581
Pseudodiploria186813,-0.184293166408146
Pseudodiploria186816,-0.0991983645727115
Pseudodiploria186818,-0.037571242869934
Pseudodiploria186819,0.587546409938594
Pseudodiploria186820,-0.0238316822673072
Pseudodiploria186821,0.239920020462924
Pseudodiploria186822,0.177479826431196
Pseudodiploria186823,-0.290252498127467
Pseudodiploria186824,0.269129084266543
Pseudodiploria186826,0.145053726596184
Pseudodiploria186827,-0.0524745044947183
Pseudodiploria186829,0.0170805435282476
Pseudodiploria186830,0.068494176800603
Pseudodiploria186831,-0.0228810321846523
Pseudodiploria186832,0.0251560844383766
Pseudodiploria186834,-0.0128065421028733
Pseudodiploria186835,0.0367743648887114
Pseudodiploria186836,0.00646984672022412
Pseudodiploria186839,0.0474190908279118
Pseudodiploria186841,0.0471213693238595
Pseudodiploria186842,-0.0182856789424413
Pseudodiploria186843,0.0267076200181193
Pseudodiploria186845,-0.0447993929189929
Pseudodiploria186847,0.236713345697856
Pseudodiploria186848,0.018945603640231
Pseudodiploria186849,0.14780301529137
Pseudodiploria186851,0.0113664418243331
Pseudodiploria186856,0.0228810321846523
Pseudodiploria186862,0.131661193189697
Pseudodiploria186874,0.053761097883355
Pseudodiploria186876,-0.697020738164318
Pseudodiploria186877,-0.028556796558106
Pseudodiploria186880,-0.00788157032292564
Pseudodiploria186882,0.0674471106881622
Pseudodiploria186883,-0.0503846406604819
Pseudodiploria186884,0.159813364544758
Pseudodiploria186891,0.0639053552060063
Pseudodiploria186895,0.233121790898245
Pseudodiploria186898,-0.137167704167093
Pseudodiploria186899,-0.0354128839512753
Pseudodiploria186900,-0.0551573824541316
Pseudodiploria186903,0.0552218449000678
Pseudodiploria186906,0.119614583529747
Pseudodiploria186910,-0.74199994434219
Pseudodiploria186911,-0.118203059258092
Pseudodiploria186913,-0.041481097677144
Pseudodiploria186915,0.105632171959387
Pseudodiploria186917,-0.0552218449000678
Pseudodiploria186919,-0.0326635952763084
Pseudodiploria186920,0.0153856901009239
Pseudodiploria186924,-0.401318111017106
Pseudodiploria186927,0.125560595752456
Pseudodiploria186928,-0.965390186980463
Pseudodiploria186933,0.0776149599000192
Pseudodiploria186935,-0.0306921275187215
Pseudodiploria186937,0.101162141722685
Pseudodiploria186943,0.185749215104779
Pseudodiploria186944,0.176782958106553
Pseudodiploria186945,1.85743961883034
Pseudodiploria186953,-0.109712993077399
Pseudodiploria186955,-0.0456946591982638
Pseudodiploria186959,-0.166595001313353
Pseudodiploria186960,0.219778021429521
Pseudodiploria186962,0.110121621194454
Pseudodiploria186966,-0.046336705092564
Pseudodiploria186968,0.34826476906764
Pseudodiploria186969,0.0554949745242309
Pseudodiploria186973,-0.0599154076776022
Pseudodiploria186976,-0.000857782728764128
Pseudodiploria186979,-0.0586515619189529
Pseudodiploria186980,0.123930663311082
Pseudodiploria186981,-0.0134629105566343
Pseudodiploria186983,-0.0190866029545538
Pseudodiploria186985,0.467619051855833
Pseudodiploria186990,-0.0470900392121482
Pseudodiploria186995,0.0170805435282476
Pseudodiploria186996,-0.149882172213734
Pseudodiploria186997,-0.145669102575282
Pseudodiploria186999,-0.00766449848869811
Pseudodiploria187001,0.0359980008461447
Pseudodiploria187003,-0.0244363461567317
Pseudodiploria187005,-0.0185801076006659
Pseudodiploria187006,0.0236499358684412
Pseudodiploria187007,-0.0732057419797796
Pseudodiploria187013,0.0682400559709834
Pseudodiploria187015,-0.0952797022530706
Pseudodiploria187020,-0.0305252162938733
Pseudodiploria187022,0.138401186808937
Pseudodiploria187023,0.0266824665630455
Pseudodiploria187025,0.0249027998155114
Pseudodiploria187026,-0.0360410597649232
Pseudodiploria187030,0.338295153608301
Pseudodiploria187031,-0.010615962086317
Pseudodiploria187032,0.0562030440887758
Pseudodiploria187036,-0.00672938386041195
Pseudodiploria187037,0.0428480215488344
Pseudodiploria187038,-0.133107046891853
Pseudodiploria187040,0.00887057842557879
Pseudodiploria187042,0.212286062535423
Pseudodiploria187044,-0.0181813426435269
Pseudodiploria187045,0.362918535564814
Pseudodiploria187049,-0.154166650749067
Pseudodiploria187052,0.0172430971129502
Pseudodiploria187055,0.324563397791703
Pseudodiploria187057,0.211415800085366
Pseudodiploria187058,0.0503229980254534
Pseudodiploria187061,0.121052241519954
Pseudodiploria187063,0.182375333158728
Pseudodiploria187064,0.121185236973737
Pseudodiploria187065,0.108768461299844
Pseudodiploria187067,0.0306558594668759
Pseudodiploria187069,0.107495303027392
Pseudodiploria187071,0.00135557974001646
Pseudodiploria187072,0.430083096753717
Pseudodiploria187074,0.101527677771297
Pseudodiploria187075,0.288246263037121
Pseudodiploria187076,0.02057941079348
Pseudodiploria187078,0.628164909400449
Pseudodiploria187079,0.00293321269522687
Pseudodiploria187080,-0.330855351564796
Pseudodiploria187085,0.0644626863890871
Pseudodiploria187086,0.00116229498903307
Pseudodiploria187089,0.203184855282897
Pseudodiploria187094,-0.0310104581436507
Pseudodiploria187099,0.281706967850093
Pseudodiploria187101,-0.156543042317317
Pseudodiploria187103,0.178606519993797
Pseudodiploria187105,-0.0473645438990659
Pseudodiploria187106,0.133047007306172
Pseudodiploria187107,-0.00259383844789118
Pseudodiploria187108,-0.297192214884278
Pseudodiploria187110,-0.484527377357195
Pseudodiploria187111,0.0306233757474912
Pseudodiploria187115,0.10901492881863
Pseudodiploria187117,-0.127538536752385
Pseudodiploria187120,0.0458628906052394
Pseudodiploria187122,0.592415418433566
Pseudodiploria187123,-0.0245821636728528
Pseudodiploria187124,-0.468248411113312
Pseudodiploria187125,-0.00464602739414049
Pseudodiploria187127,0.05015437695734
Pseudodiploria187128,-0.156219997545398
Pseudodiploria187132,-0.0671383507623098
Pseudodiploria187134,0.0932239612971331
Pseudodiploria187137,0.0583988587027443
Pseudodiploria187143,0.118464944051663
Pseudodiploria187148,-0.0794725666297273
Pseudodiploria187150,0.152128566529619
Pseudodiploria187151,0.230521369107019
Pseudodiploria187154,-0.0366518081118489
Pseudodiploria187156,0.178914193592467
Pseudodiploria187158,-0.0638053095728584
Pseudodiploria187160,0.0882151063857238
Pseudodiploria187161,0.0267076200181193
Pseudodiploria187162,-0.12893967486667
Pseudodiploria187163,0.180136467476209
Pseudodiploria187166,-0.147978065485745
Pseudodiploria187167,-0.0560143769442767
Pseudodiploria187174,-0.0554949745242309
Pseudodiploria187175,0.0269560038346307
Pseudodiploria187178,-0.102941108179891
Pseudodiploria187180,0.016684257144296
Pseudodiploria187182,-0.0823334438480355
Pseudodiploria187184,0.141928781920222
Pseudodiploria187188,-0.206452680881308
Pseudodiploria187190,0.100731552344779
Pseudodiploria187192,0.713148709407301
Pseudodiploria187194,0.0142288210346364
Pseudodiploria187196,-0.112559285679048
Pseudodiploria187200,0.0152136949901382
Pseudodiploria187201,0.0966786835318229
Pseudodiploria187203,0.00985575228013465
Pseudodiploria187205,0.0380132351961059
Pseudodiploria187206,-0.0456985762646337
Pseudodiploria187208,0.0588884462009374
Pseudodiploria187209,1.24681842774819
Pseudodiploria187210,0.0778004201602169
Pseudodiploria187211,-0.0108897161289114
Pseudodiploria187213,0.0278081346076524
Pseudodiploria187214,-0.168288103256413
Pseudodiploria187217,0.145424116935276
Pseudodiploria187218,0.0839186001135885
Pseudodiploria187219,0.375692576917067
Pseudodiploria187220,0.212925421537176
Pseudodiploria187224,-0.01263657270539
Pseudodiploria187225,0.136999297853957
Pseudodiploria187226,-1.02618350505008
Pseudodiploria187227,0.544265367060548
Pseudodiploria187228,-0.0064515674485804
Pseudodiploria187229,2.4921014649751
Pseudodiploria187230,-0.079501777321835
Pseudodiploria187232,0.172251964558848
Pseudodiploria187233,-0.024688394966228
Pseudodiploria187238,0.109110609395792
Pseudodiploria187240,0.477114198889799
Pseudodiploria187241,0.0513050064663257
Pseudodiploria187245,-0.00259909752696102
Pseudodiploria187250,0.0235055354055211
Pseudodiploria187258,0.000906905741636383
Pseudodiploria187263,-0.438480309757835
Pseudodiploria187266,0.0199399861125843
Pseudodiploria187267,0.119614583529747
Pseudodiploria187270,-0.0172430971129502
Pseudodiploria187273,0.0416956868145454
Pseudodiploria187275,0.0310466991219679
Pseudodiploria187277,0.172251964558848
Pseudodiploria187279,-0.378380208853543
Pseudodiploria187280,0.225386459512291
Pseudodiploria187282,0.140256304268261
Pseudodiploria187283,0.182375333158728
Pseudodiploria187284,-0.0512938977334132
Pseudodiploria187287,0.218932809213857
Pseudodiploria187288,0.150979288295734
Pseudodiploria187291,-0.131661193189697
Pseudodiploria187292,-0.156219997545398
Pseudodiploria187293,0.0915773655474993
Pseudodiploria187295,0.183426760149356
Pseudodiploria187300,0.0233285931839279
Pseudodiploria187301,-0.0269560038346307
Pseudodiploria187303,-0.154166650749067
Pseudodiploria187304,0.0757306837059309
Pseudodiploria187306,-0.0799287934047502
Pseudodiploria187307,-0.0170805435282476
Pseudodiploria187309,0.0939085417173678
Pseudodiploria187311,-0.0378323452122705
Pseudodiploria187312,-0.0326635952763084
Pseudodiploria187314,-0.11593664721084
Pseudodiploria187315,-0.0474190908279118
Pseudodiploria187316,0.0581384383614311
Pseudodiploria187320,0.0377633284405683
Pseudodiploria187321,-0.00493906845320342
Pseudodiploria187322,0.0134103613476441
Pseudodiploria187324,-0.139478885297567
Pseudodiploria187325,0.387707558862992
Pseudodiploria187328,0.0803106741710958
Pseudodiploria187329,-0.0219773892588362
Pseudodiploria187330,0.971284985368716
Pseudodiploria187331,0.441034041350119
Pseudodiploria187335,-0.00212747895569464
Pseudodiploria187338,-0.173298203746362
Pseudodiploria187341,-0.0569740844958047
Pseudodiploria187344,-0.361288556068208
Pseudodiploria187348,0.0383108389965296
Pseudodiploria187352,0.202799801633538
Pseudodiploria187356,0.145773130749349
Pseudodiploria187357,0.965443305653362
Pseudodiploria187358,-0.0524018479255341
Pseudodiploria187362,0.0474190908279118
Pseudodiploria187363,-0.217813888674148
Pseudodiploria187364,-0.0695656235485358
Pseudodiploria187367,0.0229171369692217
Pseudodiploria187369,0.0971641955374569
Pseudodiploria187372,-0.079336957143971
Pseudodiploria187378,-0.0781443804461906
Pseudodiploria187379,0.0599154076776022
Pseudodiploria187385,-0.12862628344396
Pseudodiploria187391,0.000598736384270118
Pseudodiploria187392,-0.411282476528569
Pseudodiploria187397,0.0474190908279118
Pseudodiploria187399,-0.0206216987422484
Pseudodiploria187402,-0.172251964558848
Pseudodiploria187406,0.0360410597649232
Pseudodiploria187408,-0.00887057842557879
Pseudodiploria187411,0.0112179051449366
Pseudodiploria187413,-0.0474190908279118
Pseudodiploria187414,-0.106772347495748
Pseudodiploria187415,-0.037059190688035
Pseudodiploria187418,0.0422462499033459
Pseudodiploria187419,0.0415335060892128
Pseudodiploria187421,-0.0386762166294499
Pseudodiploria187427,-0.0181813426435269
Pseudodiploria187429,-0.184829737723799
Pseudodiploria187430,0.0749543679248248
Pseudodiploria187434,0.36356646026996
Pseudodiploria187437,0.0669480077541218
Pseudodiploria187441,0.00528865271431855
Pseudodiploria187442,-0.290905515823024
Pseudodiploria187446,-0.160694460684337
Pseudodiploria187447,-0.335648228701687
Pseudodiploria187450,-0.321123972610424
Pseudodiploria187455,0.299211716226015
Pseudodiploria187456,-0.0278081346076524
Pseudodiploria187458,0.230639618644744
Pseudodiploria187459,0.45466580700572
Pseudodiploria187460,-0.245806956186041
Pseudodiploria187466,-0.134232241918278
Pseudodiploria187467,-0.129152118519046
Pseudodiploria187468,0.028704404766416
Pseudodiploria187469,0.0393464129388693
Pseudodiploria187470,0.00407876965835764
Pseudodiploria187471,0.161304474997121
Pseudodiploria187472,-0.17368845427352
Pseudodiploria187473,-0.00887057842557879
Pseudodiploria187479,0.0763211069229897
Pseudodiploria187480,0.375692576917067
Pseudodiploria187483,0.0529356070495291
Pseudodiploria187485,0.205969981717763
Pseudodiploria187486,0.0360410597649232
Pseudodiploria187487,-0.156219997545398
Pseudodiploria187489,0.0513050064663257
Pseudodiploria187490,-0.118879806771617
Pseudodiploria187492,0.15882884495956
Pseudodiploria187493,0.0969578854576199
Pseudodiploria187495,-0.0305252162938733
Pseudodiploria187499,0.0671383507623098
Pseudodiploria187501,0.0868335106979527
Pseudodiploria187502,0.00977863950530451
Pseudodiploria187506,-0.250577035026978
Pseudodiploria187507,-0.00857704219142851
Pseudodiploria187509,0.263556824685005
Pseudodiploria187510,-0.219778021429521
Pseudodiploria187519,-0.0330837659048868
Pseudodiploria187521,0.0629233139443061
Pseudodiploria187522,0.0807680545312094
Pseudodiploria187523,-0.138850262369175
Pseudodiploria187524,-0.0342962117113778
Pseudodiploria187526,0.0456946591982638
Pseudodiploria187527,0.0122310568171306
Pseudodiploria187534,0.0139834855053342
Pseudodiploria187535,-0.606401839854101
Pseudodiploria187536,-2.45706665532719
Pseudodiploria187538,0.102257581242178
Pseudodiploria187541,0.0454462229485567
Pseudodiploria187542,-0.0936794438119995
Pseudodiploria187546,0.302616255293762
Pseudodiploria187549,-0.0431406425992421
Pseudodiploria187550,-0.0941589132260883
Pseudodiploria187551,0.164704943625593
Pseudodiploria187552,0.0391409799023844
Pseudodiploria187555,-0.0388524889531566
Pseudodiploria187556,0.0360410597649232
Pseudodiploria187557,0.0624978577576575
Pseudodiploria187561,0.143341728467994
Pseudodiploria187562,0.204786243498957
Pseudodiploria187563,0.00887057842557879
Pseudodiploria187564,0.0357214276165223
Pseudodiploria187575,-0.0796305238777171
Pseudodiploria187579,-0.0474190908279118
Pseudodiploria187580,0.0306921275187215
Pseudodiploria187581,0.0533896186156034
Pseudodiploria187584,0.183546873042974
Pseudodiploria187585,0.15882884495956
Pseudodiploria187589,-0.0127326110625214
Pseudodiploria187590,0.234173199806499
Pseudodiploria187592,0.203184855282897
Pseudodiploria187593,0.200781485003451
Pseudodiploria187594,0.0926023590634774
Pseudodiploria187595,-0.140544546701522
Pseudodiploria187596,-0.000891193663010984
Pseudodiploria187597,0.116551527426381
Pseudodiploria187601,-0.114458589980715
Pseudodiploria187604,0.468629397023988
Pseudodiploria187606,-0.577536187779757
Pseudodiploria187607,0.240085418377352
Pseudodiploria187608,0.0359980008461447
Pseudodiploria187611,0.0309835033499481
Pseudodiploria187612,-0.0393432153849454
Pseudodiploria187613,-0.0773021501051254
Pseudodiploria187616,0.297192214884278
Pseudodiploria187617,0.318501896926458
Pseudodiploria187620,0.00731908876194208
Pseudodiploria187627,0.0359980008461447
Pseudodiploria187628,-0.0101572546229674
Pseudodiploria187629,0.0087298313845054
Pseudodiploria187633,0.133392363109506
Pseudodiploria187635,-0.00766449848869811
Pseudodiploria187642,0.0228810321846523
Pseudodiploria187649,-0.0307386535386753
Pseudodiploria187650,0.32013961282104
Pseudodiploria187651,0.0175648329872147
Pseudodiploria187652,-0.121779156776975
Pseudodiploria187656,-0.00244424302669912
Pseudodiploria187658,0.160318774861377
Pseudodiploria187659,0.220746272690332
Pseudodiploria187662,0.369527387016584
Pseudodiploria187664,0.26985080341299
Pseudodiploria187665,-0.27192459392778
Pseudodiploria187667,-0.0258281312591561
Pseudodiploria187668,0.217702296235017
Pseudodiploria187669,-0.89953801275352
Pseudodiploria187671,0.00156516675808786
Pseudodiploria187674,-0.211177948901828
Pseudodiploria187675,-0.158351118294539
Pseudodiploria187676,-0.101527677771297
Pseudodiploria187677,-0.00798203736345584
Pseudodiploria187680,-0.00206879341432083
Pseudodiploria187681,0.00985575228013465
Pseudodiploria187682,-0.0926023590634774
Pseudodiploria187683,-0.0569740844958047
Pseudodiploria187686,-0.0937538652154178
Pseudodiploria187687,0.233967771180924
Pseudodiploria187689,0.116322888611946
Pseudodiploria187692,0.334326139668301
Pseudodiploria187693,0.137493226596158
Pseudodiploria187695,-0.0331769645344116
Pseudodiploria187697,0.496284844659564
Pseudodiploria187704,-0.0170357082399767
Pseudodiploria187706,-0.0824729825666632
Pseudodiploria187708,-0.00286338823494678
Pseudodiploria187709,0.0857091759512727
Pseudodiploria187710,-0.0929214878168728
Pseudodiploria187712,-0.058267933488526
Pseudodiploria187714,-0.229878716898965
Pseudodiploria187717,-0.0608091341806629
Pseudodiploria187719,-0.36356646026996
Pseudodiploria187720,-0.0105254000113502
Pseudodiploria187723,0.146958963229594
Pseudodiploria187727,0.0378323452122705
Pseudodiploria187731,-0.0378323452122705
Pseudodiploria187733,0.203184855282897
Pseudodiploria187736,0.154166650749067
Pseudodiploria187739,0.149882172213734
Pseudodiploria187741,0.0803106741710958
Pseudodiploria187742,-0.0251809822549863
Pseudodiploria187747,-0.00212747895569464
Pseudodiploria187749,0.200560307059481
Pseudodiploria187751,0.00798203736345584
Pseudodiploria187753,0.106229844335489
Pseudodiploria187754,-0.0843353423824519
Pseudodiploria187755,0.00621756683532626
Pseudodiploria187756,-0.198947385096198
Pseudodiploria187757,0.366358907178529
Pseudodiploria187758,-0.0206216987422484
Pseudodiploria187759,0.0763211069229897
Pseudodiploria187766,0.176630645367563
Pseudodiploria187768,-0.00720833925496074
Pseudodiploria187774,-0.467619051855833
Pseudodiploria187780,-0.0315524364500458
Pseudodiploria187781,-0.0142288210346364
Pseudodiploria187782,-0.0442608727706354
Pseudodiploria187784,-0.12679622167885
Pseudodiploria187785,0.270375048719609
Pseudodiploria187790,0.219561135604733
Pseudodiploria187793,0.652884102690345
Pseudodiploria187801,-0.035961102075781
Pseudodiploria187803,-0.00609125227080745
Pseudodiploria187805,0.0629712670662687
Pseudodiploria187807,-0.0351516157598553
Pseudodiploria187811,-0.301019865705056
Pseudodiploria187815,-0.022854832320179
Pseudodiploria187819,-0.0456985762646337
Pseudodiploria187823,-0.206417056711054
Pseudodiploria187824,0.110388725954555
Pseudodiploria187827,0.0309835033499481
Pseudodiploria187828,-0.0765741553685619
Pseudodiploria187829,0.179189143757601
Pseudodiploria187832,0.0512938977334132
Pseudodiploria187833,-0.00239800002855443
Pseudodiploria187835,-0.173709184482145
Pseudodiploria187839,-0.0826546867607052
Pseudodiploria187840,0.0265334997248099
Pseudodiploria187841,-0.183091141039088
Pseudodiploria187842,0.0971641955374569
Pseudodiploria187845,-0.0565030399220348
Pseudodiploria187846,-0.132060633698869
Pseudodiploria187850,0.104163742286449
Pseudodiploria187851,0.10901492881863
Pseudodiploria187855,0.0104755202075465
Pseudodiploria187856,0.0493797320370276
Pseudodiploria187861,0.115829219387599
Pseudodiploria187864,-0.0629712670662687
Pseudodiploria187865,0.0492541060574001
Pseudodiploria187869,-0.114742670184194
Pseudodiploria187872,-0.0772866694706953
Pseudodiploria187873,0.153179095184884
Pseudodiploria187877,0.0252653212315006
Pseudodiploria187879,0.0367743648887114
Pseudodiploria187880,-0.0609155419451495
Pseudodiploria187883,0.0588742924519235
Pseudodiploria187885,-0.220370933333543
Pseudodiploria187886,0.89953801275352
Pseudodiploria187887,0.179752113232791
Pseudodiploria187894,-0.115453009572258
Pseudodiploria187896,0.0784011017060287
Pseudodiploria187898,0.0177746559089545
Pseudodiploria187901,0.113740649301514
Pseudodiploria187902,-0.0380132351961059
Pseudodiploria187903,-2.735879517081
Pseudodiploria187904,-0.0166641142059894
Pseudodiploria187907,0.170508160465213
Pseudodiploria187909,0.0252180609780358
Pseudodiploria187913,-0.0101572546229674
Pseudodiploria187916,-0.000703245551288539
Pseudodiploria187917,0.000906905741636383
Pseudodiploria187918,0.068494176800603
Pseudodiploria187919,-0.197359056910633
Pseudodiploria187921,-0.153261435945254
Pseudodiploria187930,-0.0298934098793998
Pseudodiploria187931,0.0664981414389982
Pseudodiploria187932,0.0360540782782404
Pseudodiploria187933,0.00757843014938539
Pseudodiploria187934,-0.132110110174294
Pseudodiploria187936,-0.277382001321634
Pseudodiploria187939,-0.0357214276165223
Pseudodiploria187942,-0.299806559197827
Pseudodiploria187947,0.231887578055366
Pseudodiploria187953,-0.0383108389965296
Pseudodiploria187954,0.00975523343160469
Pseudodiploria187955,0.884213585494132
Pseudodiploria187957,-0.0432685036473449
Pseudodiploria187958,-0.438984998558012
Pseudodiploria187961,0.104163742286449
Pseudodiploria187966,0.0154739699264051
Pseudodiploria187970,-0.113057231217754
Pseudodiploria187972,-0.0130981181543214
Pseudodiploria187975,0.177479826431196
Pseudodiploria187976,0.280625232685547
Pseudodiploria187977,-0.0137195671248525
Pseudodiploria187978,-0.0318810404784647
Pseudodiploria187979,0.049891849128759
Pseudodiploria187980,-0.356379964660828
Pseudodiploria187983,-0.246687680162246
Pseudodiploria187984,0.00798203736345584
Pseudodiploria187986,0.0569740844958047
Pseudodiploria187987,0.00708040686669002
Pseudodiploria187988,0.285187869346006
Pseudodiploria187993,-0.0972450616914985
Pseudodiploria187994,0.272131118846907
Pseudodiploria187999,-0.104155568513218
Pseudodiploria188000,-0.0555981926505917
Pseudodiploria188005,0.336169373268392
Pseudodiploria188008,0.0406792655363461
Pseudodiploria188013,0.119667970909608
Pseudodiploria188015,0.00402446899733638
Pseudodiploria188023,0.438984998558012
Pseudodiploria188030,-0.488147773324409
Pseudodiploria188035,-0.0707648341231863
Pseudodiploria188041,-0.149882172213734
Pseudodiploria188045,-0.0963246589542052
Pseudodiploria188049,0.0443979552178925
Pseudodiploria188054,0.206452680881308
Pseudodiploria188055,-0.137096576282437
Pseudodiploria188056,0.347290660741531
Pseudodiploria188057,-0.073312399762339
Pseudodiploria188059,0.0133121207424106
Pseudodiploria188060,0.0298065049848407
Pseudodiploria188061,0.0644626863890871
Pseudodiploria188062,-0.0112179051449366
Pseudodiploria188063,0.520646283831049
Pseudodiploria188064,-0.0147574242529767
Pseudodiploria188065,0.456478991252397
Pseudodiploria188066,-0.513937373114633
Pseudodiploria188068,0.0866926887777341
Pseudodiploria188069,0.0329876847562911
Pseudodiploria188071,0.00464602739414049
Pseudodiploria188074,0.118571361228379
Pseudodiploria188075,0.17080742949509
Pseudodiploria188076,0.0952797022530706
Pseudodiploria188078,-0.0170805435282476
Pseudodiploria188081,-0.0120047950177046
Pseudodiploria188083,-0.0963246589542052
Pseudodiploria188084,0.204779987744733
Pseudodiploria188086,-0.0911689864679123
Pseudodiploria188089,-0.186155493285191
Pseudodiploria188091,0.0330837659048868
Pseudodiploria188094,-0.00801104748903267
Pseudodiploria188096,-0.182375333158728
Pseudodiploria188105,0.100870877529388
Pseudodiploria188106,-0.0138922314467396
Pseudodiploria188107,0.0436393190118737
Pseudodiploria188108,-0.274622280085846
Pseudodiploria188112,-0.0260591287877922
Pseudodiploria188113,-0.0228810321846523
Pseudodiploria188119,0.055951985509345
Pseudodiploria188120,-0.00219639635888949
Pseudodiploria188123,0.200805890181125
Pseudodiploria188125,0.173709184482145
Pseudodiploria188127,-0.0537273618750648
Pseudodiploria188129,-0.261704256810273
Pseudodiploria188133,-0.0634924940292385
Pseudodiploria188134,0.268627398602992
Pseudodiploria188135,0.0749899804591958
Pseudodiploria188137,0.00401815682185019
Pseudodiploria188138,0.0306921275187215
Pseudodiploria188141,0.180805681392842
Pseudodiploria188142,0.0474518282230175
Pseudodiploria188143,-0.308299103911953
Pseudodiploria188144,-0.188955762139029
Pseudodiploria188145,0.0170805435282476
Pseudodiploria188149,0.54348576009695
Pseudodiploria188151,0.00402446899733638
Pseudodiploria188152,0.0359980008461447
Pseudodiploria188157,0.0252653212315006
Pseudodiploria188159,-0.279211983453006
Pseudodiploria188161,-0.0967145474517059
Pseudodiploria188163,0.028704404766416
Pseudodiploria188164,0.119667970909608
Pseudodiploria188167,0.0436393190118737
Pseudodiploria188168,-0.0388524889531566
Pseudodiploria188170,0.200134702478709
Pseudodiploria188177,-0.0413877573250637
Pseudodiploria188179,-0.00633718335556019
Pseudodiploria188181,0.230932869079159
Pseudodiploria188186,0.0164125108924786
Pseudodiploria188189,0.0484011761577907
Pseudodiploria188190,0.0236302146513471
Pseudodiploria188191,0.00313474201824236
Pseudodiploria188193,-0.0349819736643997
Pseudodiploria188195,-0.0360410597649232
Pseudodiploria188197,0.0200981216376129
Pseudodiploria188198,-0.261704256810273
Pseudodiploria188201,-0.0887148598888314
Pseudodiploria188202,-0.0410298941123538
Pseudodiploria188203,0.0383108389965296
Pseudodiploria188204,0.159212962333223
Pseudodiploria188205,0.0378323452122705
Pseudodiploria188209,0.0101572546229674
Pseudodiploria188211,-0.424332718802862
Pseudodiploria188216,0.15091825408934
Pseudodiploria188217,-0.120477249045097
Pseudodiploria188221,-0.180960064525393
Pseudodiploria188222,-0.00887057842557879
Pseudodiploria188223,-0.467619051855833
Pseudodiploria188224,0.204950364908108
Pseudodiploria188225,-0.100004299793621
Pseudodiploria188226,-0.247474638448771
Pseudodiploria188230,-0.123593619584765
Pseudodiploria188234,0.203998419775781
Pseudodiploria188239,-0.307583878480404
Pseudodiploria188242,-0.021992487632497
Pseudodiploria188246,-0.00708040686669002
Pseudodiploria188247,0.0474190908279118
Pseudodiploria188251,0.0569740844958047
Pseudodiploria188252,0.0193045399872709
Pseudodiploria188254,-0.0104184920973571
Pseudodiploria188255,1.87596469620291
Pseudodiploria188256,-0.00949268499035799
Pseudodiploria188258,-0.180136467476209
Pseudodiploria188261,0.00887057842557879
Pseudodiploria188262,-0.215838079272981
Pseudodiploria188263,-0.172251964558848
Pseudodiploria188264,0.0402503784079464
Pseudodiploria188266,-0.0817043024826245
Pseudodiploria188268,-0.0027216740068393
Pseudodiploria188269,0.104762100134277
Pseudodiploria188271,0.0918334631404722
Pseudodiploria188272,0.608871948195711
Pseudodiploria188273,-0.552970720722938
Pseudodiploria188274,0.146374150113109
Pseudodiploria188275,0.0803106741710958
Pseudodiploria188276,-0.05858910039354
Pseudodiploria188278,0.029216184800213
Pseudodiploria188280,0.115453009572258
Pseudodiploria188282,-0.0308126238931732
Pseudodiploria188285,-0.368139852442113
Pseudodiploria188287,0.0446813043164809
Pseudodiploria188288,-0.00829015913475163
Pseudodiploria188289,-0.297192214884278
Pseudodiploria188290,0.0148254718371882
Pseudodiploria188291,0.366223448508823
Pseudodiploria188296,0.053761097883355
Pseudodiploria188298,0.00949268499035799
Pseudodiploria188301,-0.0308324102543508
Pseudodiploria188304,-0.109110609395792
Pseudodiploria188306,0.074085980145128
Pseudodiploria188308,1.60132367900601
Pseudodiploria188310,-0.0190866029545538
Pseudodiploria188311,-0.0567820447167692
Pseudodiploria188314,-0.243209907829441
Pseudodiploria188316,-0.000906905741636383
Pseudodiploria188319,0.0750262285730564
Pseudodiploria188322,0.0289765762545857
Pseudodiploria188323,-0.0177746559089545
Pseudodiploria188324,0.104163742286449
Pseudodiploria188326,-0.195044097651669
Pseudodiploria188328,2.28489527712721
Pseudodiploria188331,-0.122938489295623
Pseudodiploria188332,-0.0249027998155114
Pseudodiploria188333,0.206452680881308
Pseudodiploria188336,0.159212962333223
Pseudodiploria188338,0.00450435851057546
Pseudodiploria188339,0.0306558594668759
Pseudodiploria188340,-0.00661045926228821
Pseudodiploria188343,-0.0976242053488848
Pseudodiploria188344,0.0948927534876678
Pseudodiploria188345,-0.131661193189697
Pseudodiploria188347,0.0629233139443061
Pseudodiploria188349,0.0418695108178824
Pseudodiploria188350,-0.123749331392629
Pseudodiploria188351,0.0388801008064594
Pseudodiploria188354,0.226851738612469
Pseudodiploria188356,0.0225471216027452
Pseudodiploria188357,0.413155037052772
Pseudodiploria188359,0.116322888611946
Pseudodiploria188360,0.139731547020529
Pseudodiploria188361,0.129983904906715
Pseudodiploria188364,0.302616255293762
Pseudodiploria188365,-1.11665537023644
Pseudodiploria188371,-0.00175171498295755
Pseudodiploria188373,-0.0360410597649232
Pseudodiploria188374,-0.0672309109236821
Pseudodiploria188375,-0.118432857006476
Pseudodiploria188378,0.340350956535534
Pseudodiploria188379,0.0753449958098662
Pseudodiploria188382,-0.26897457832499
Pseudodiploria188384,-0.000106620053334923
Pseudodiploria188387,-0.0127326110625214
Pseudodiploria188393,0.142473258683416
Pseudodiploria188396,0.00135557974001646
Pseudodiploria188398,0.0161245280359211
Pseudodiploria188405,-0.0446813043164809
Pseudodiploria188407,0.215838079272981
Pseudodiploria188410,0.0748871210882699
Pseudodiploria188412,-0.0629712670662687
Pseudodiploria188414,-0.0588884462009374
Pseudodiploria188415,-0.0430214295963003
Pseudodiploria188423,-0.0938646388375708
Pseudodiploria188424,-0.0586814332799396
Pseudodiploria188426,0.100388183040797
Pseudodiploria188428,-0.195934653077239
Pseudodiploria188431,0.0225471216027452
Pseudodiploria188432,0.286568865828628
Pseudodiploria188434,0.149882172213734
Pseudodiploria188437,0.220363818153541
Pseudodiploria188438,0.10777766647629
Pseudodiploria188442,-0.0915692301865226
Pseudodiploria188443,0.0569740844958047
Pseudodiploria188445,0.243989663929935
Pseudodiploria188446,-0.239950867966245
Pseudodiploria188449,-0.0072044161971498
Pseudodiploria188451,0.34826476906764
Pseudodiploria188456,-0.219708553140657
Pseudodiploria188457,0.0203651955720433
Pseudodiploria188460,0.0228810321846523
Pseudodiploria188461,-0.0122310568171306
Pseudodiploria188462,-0.360711022933151
Pseudodiploria188466,-0.183426760149356
Pseudodiploria188467,0.0704857852367197
Pseudodiploria188469,0.0292256320015217
Pseudodiploria188472,0.028704404766416
Pseudodiploria188473,0.142473258683416
Pseudodiploria188474,0.108827202958398
Pseudodiploria188475,-0.0104694011382588
Pseudodiploria188478,0.0655023352168864
Pseudodiploria188479,0.119667970909608
Pseudodiploria188482,0.196214550481321
Pseudodiploria188484,-0.564384208466034
Pseudodiploria188486,0.153937121398159
Pseudodiploria188487,0.0770249586114762
Pseudodiploria188489,0.0068532999493378
Pseudodiploria188491,-0.0688698285656801
Pseudodiploria188492,-0.112184280091353
Pseudodiploria188497,-0.0249027998155114
Pseudodiploria188498,0.129635686647038
Pseudodiploria188499,0.114458589980715
Pseudodiploria188505,-0.0196296786496935
Pseudodiploria188506,-0.0535135780465158
Pseudodiploria188507,0.687075301927056
Pseudodiploria188508,0.180960064525393
Pseudodiploria188510,-0.0046450712710828
Pseudodiploria188512,0.274622280085846
Pseudodiploria188513,0.266738376289722
Pseudodiploria188514,0.00448954283607219
Pseudodiploria188515,-0.0474190908279118
Pseudodiploria188516,-1.56567435438355
Pseudodiploria188523,0.239920020462924
Pseudodiploria188524,0.618498433097277
Pseudodiploria188527,0.0737895521471567
Pseudodiploria188528,-0.0152136949901382
Pseudodiploria188530,0.0172430971129502
Pseudodiploria188531,-0.1226310427257
Pseudodiploria188534,0.0306558594668759
Pseudodiploria188535,0.0466615863061294
Pseudodiploria188536,0.201361459508497
Pseudodiploria188537,-0.12679622167885
Pseudodiploria188539,0.0563248772678264
Pseudodiploria188541,-0.252809606289538
Pseudodiploria188545,0.743642477340742
Pseudodiploria188547,-0.0474518282230175
Pseudodiploria188552,0.339073021656058
Pseudodiploria188554,0.133392363109506
Pseudodiploria188560,-0.0107258645202738
Pseudodiploria188561,-0.0127326110625214
Pseudodiploria188562,0.0512539908750511
Pseudodiploria188564,-0.342186900861388
Pseudodiploria188565,0.0105254000113502
Pseudodiploria188567,-0.0181813426435269
Pseudodiploria188568,-0.198385880052033
Pseudodiploria188573,-0.312397312678251
Pseudodiploria188576,0.00708040686669002
Pseudodiploria188577,0.0514868285550248
Pseudodiploria188579,-0.0993553611612657
Pseudodiploria188582,-0.323157375996389
Pseudodiploria188583,0.465258651915898
Pseudodiploria188584,0.154166650749067
Pseudodiploria188585,0.697020738164318
Pseudodiploria188586,-0.0552218449000678
Pseudodiploria188587,0.00999133167041006
Pseudodiploria188588,0.0453166538593719
Pseudodiploria188589,-0.054786695813094
Pseudodiploria188590,-0.00504543176228622
Pseudodiploria188593,0.152195261300937
Pseudodiploria188594,-0.0887467193117078
Pseudodiploria188595,0.105315618068071
Pseudodiploria188596,-0.173298203746362
Pseudodiploria188598,-0.364754490173912
Pseudodiploria188599,-0.000697097290819957
Pseudodiploria188602,-0.0249027998155114
Pseudodiploria188607,-0.146057051818864
Pseudodiploria188608,0.0503229980254534
Pseudodiploria188609,0.3221218995861
Pseudodiploria188610,0.0795612560048809
Pseudodiploria188612,0.303308852519184
Pseudodiploria188618,0.02096402750002
Pseudodiploria188619,0.114458589980715
Pseudodiploria188622,0.00807311254428622
Pseudodiploria188624,-0.453108498866042
Pseudodiploria188625,-0.195458999787211
Pseudodiploria188626,2.73596094903018
Pseudodiploria188627,0.183426760149356
Pseudodiploria188628,-0.138850262369175
Pseudodiploria188630,0.0733981587742653
Pseudodiploria188635,-0.0364317673331057
Pseudodiploria188637,0.0535203755444436
Pseudodiploria188638,0.172251964558848
Pseudodiploria188639,-0.0742789824680691
Pseudodiploria188640,-0.0726125579484285
Pseudodiploria188642,0.0954537410775285
Pseudodiploria188643,-0.00708040686669002
Pseudodiploria188644,0.312635789338237
Pseudodiploria188645,0.00579107388778541
Pseudodiploria188646,0.00708040686669002
Pseudodiploria188649,-0.058267933488526
Pseudodiploria188652,-0.018945603640231
Pseudodiploria188653,-0.160621903783421
Pseudodiploria188656,0.0172430971129502
Pseudodiploria188658,-0.45016386145666
Pseudodiploria188659,-0.267490143348514
Pseudodiploria188664,0.0383108389965296
Pseudodiploria188665,0.0400052778979085
Pseudodiploria188669,0.0127326110625214
Pseudodiploria188671,0.192167654067971
Pseudodiploria188672,0.402193707826381
Pseudodiploria188678,0.079501777321835
Pseudodiploria188681,0.200998921049476
Pseudodiploria188682,0.118753589125365
Pseudodiploria188683,0.182375333158728
Pseudodiploria188685,0.0489645575809616
Pseudodiploria188686,-0.0366433556659976
Pseudodiploria188687,0.000906905741636383
Pseudodiploria188688,0.0299776531509656
Pseudodiploria188689,-0.0199391183976864
Pseudodiploria188693,0.00305857581340404
Pseudodiploria188694,0.0967145474517059
Pseudodiploria188699,0.147653051184639
Pseudodiploria188700,-0.104445175425183
Pseudodiploria188705,0.0414716029346001
Pseudodiploria188710,0.182375333158728
Pseudodiploria188714,0.25519532211631
Pseudodiploria188715,-0.131661193189697
Pseudodiploria188716,-0.0665144609924719
Pseudodiploria188717,-0.106229844335489
Pseudodiploria188718,-0.0289738413447608
Pseudodiploria188719,0.466586643177076
Pseudodiploria188721,0.0676077430437184
Pseudodiploria188724,0.018945603640231
Pseudodiploria188725,0.0939085417173678
Pseudodiploria188728,-0.0398790822661408
Pseudodiploria188730,-0.621669480919163
Pseudodiploria188731,0.0135711312840329
Pseudodiploria188733,-1.10016243828625
Pseudodiploria188737,0.353670876030874
Pseudodiploria188738,0.0565030399220348
Pseudodiploria188739,0.0438731584657658
Pseudodiploria188741,-0.313515870399348
Pseudodiploria188743,-0.25519532211631
Pseudodiploria188745,-0.119614583529747
Pseudodiploria188750,0.00760419114014307
Pseudodiploria188751,-0.0811052231690775
Pseudodiploria188757,-0.00752070592628983
Pseudodiploria188760,-0.332212130586532
Pseudodiploria188761,0.860631161648225
Pseudodiploria188764,0.132437145080829
Pseudodiploria188765,0.3221218995861
Pseudodiploria188766,0.167553046432335
Pseudodiploria188767,-0.859735997306112
Pseudodiploria188770,0.00829015913475163
Pseudodiploria188771,-0.160621903783421
Pseudodiploria188775,-0.114170196492072
Pseudodiploria188778,-0.0498596767144571
Pseudodiploria188779,0.00708040686669002
Pseudodiploria188780,-0.332936007357343
Pseudodiploria188782,0.166595001313353
Pseudodiploria188783,-0.387491120491133
Pseudodiploria188784,0.00402446899733638
Pseudodiploria188786,0.0142983996329851
Pseudodiploria188787,-0.137167704167093
Pseudodiploria188788,0.111714117569321
Pseudodiploria188790,0.0488738456325959
Pseudodiploria188793,0.213094286810091
Pseudodiploria188794,-0.0536675087390578
Pseudodiploria188797,-0.415525168617854
Pseudodiploria188800,-0.103801737702381
Pseudodiploria188803,-0.0142740566080633
Pseudodiploria188805,0.0859430221705029
Pseudodiploria188806,-0.305610031767245
Pseudodiploria188808,0.0351368256616651
Pseudodiploria188810,0.536452050062942
Pseudodiploria188812,0.0206123499764872
Pseudodiploria188815,0.00928335340161684
Pseudodiploria188817,0.0586814332799396
Pseudodiploria188818,0.446731868433461
Pseudodiploria188819,0.0274871985629925
Pseudodiploria188821,0.0569740844958047
Pseudodiploria188824,-0.0906490328864959
Pseudodiploria188825,0.0657333782194704
Pseudodiploria188827,0.0140526205141967
Pseudodiploria188829,0.0308324102543508
Pseudodiploria188832,0.0127326110625214
Pseudodiploria188833,-0.862238490308172
Pseudodiploria188835,-0.0127326110625214
Pseudodiploria188836,-0.0262209866827858
Pseudodiploria188842,0.276880106232927
Pseudodiploria188843,0.112730616060476
Pseudodiploria188845,-0.0757306837059309
Pseudodiploria188846,0.0398790822661408
Pseudodiploria188849,-0.219561135604733
Pseudodiploria188850,0.281094811069032
Pseudodiploria188853,0.00382298333539813
Pseudodiploria188855,-0.0219368476829638
Pseudodiploria188860,-0.198381042271586
Pseudodiploria188861,-0.625952113769551
Pseudodiploria188862,0.0430214295963003
Pseudodiploria188865,-0.312397312678251
Pseudodiploria188866,-0.00310466777466041
Pseudodiploria188867,-0.146276114112223
Pseudodiploria188868,-0.00831067356769008
Pseudodiploria188871,0.0150727459990306
Pseudodiploria188872,-0.0557445858430523
Pseudodiploria188874,0.767227396270586
Pseudodiploria188884,0.00975523343160469
Pseudodiploria188886,0.04654042121942
Pseudodiploria188887,0.180136467476209
Pseudodiploria188888,0.0554949745242309
Pseudodiploria188889,0.0924146708091686
Pseudodiploria188891,-0.219561135604733
Pseudodiploria188894,0.123749331392629
Pseudodiploria188899,-0.00166938260831778
Pseudodiploria188900,-0.0606055980949982
Pseudodiploria188905,-0.177479826431196
Pseudodiploria188906,0.00408523779343474
Pseudodiploria188908,0.0100448078398533
Pseudodiploria188910,0.0872637659921134
Pseudodiploria188911,-0.12679622167885
Pseudodiploria188917,-0.21954542812418
Pseudodiploria188920,-0.172251964558848
Pseudodiploria188923,0.146958963229594
Pseudodiploria188926,0.0562030440887758
Pseudodiploria188929,0.179018087570294
Pseudodiploria188930,-0.028704404766416
Pseudodiploria188931,-0.010615962086317
Pseudodiploria188932,0.15749993737834
Pseudodiploria188936,0.112641704592565
Pseudodiploria188937,0.0969578854576199
Pseudodiploria188939,0.074902770616323
Pseudodiploria188940,0.0629712670662687
Pseudodiploria188943,-0.177054716565009
Pseudodiploria188945,-0.054786695813094
Pseudodiploria188949,0.0277539233206094
Pseudodiploria188951,1.47406742059973
Pseudodiploria188952,0.134023253829492
Pseudodiploria188953,0.105315618068071
Pseudodiploria188954,0.00212747895569464
Pseudodiploria188956,-0.0586515619189529
Pseudodiploria188957,0.0113664418243331
Pseudodiploria188959,-0.0926023590634774
Pseudodiploria188960,0.0299776531509656
Pseudodiploria188965,0.201361459508497
Pseudodiploria188969,0.0800513327078681
Pseudodiploria188970,0.558217484934582
Pseudodiploria188975,0.301019865705056
Pseudodiploria188977,0.138850262369175
Pseudodiploria188978,0.173727586527039
Pseudodiploria188980,-0.477114198889799
Pseudodiploria188981,0.18754828036727
Pseudodiploria188986,0.226577120933776
Pseudodiploria188987,-0.237390787095186
Pseudodiploria188988,0.351506768438343
Pseudodiploria188990,0.0939085417173678
Pseudodiploria188992,0.155560990066434
Pseudodiploria188994,0.477114198889799
Pseudodiploria188997,0.282947942465085
Pseudodiploria189000,0.133047007306172
Pseudodiploria189003,0.569831357055735
Pseudodiploria189004,0.00166938260831778
Pseudodiploria189005,0.00752070592628983
Pseudodiploria189006,-0.021992487632497
Pseudodiploria189007,-0.087126022316376
Pseudodiploria189009,0.0813597975032887
Pseudodiploria189011,0.0100527836102448
Pseudodiploria189012,-0.141966375970693
Pseudodiploria189016,0.301019865705056
Pseudodiploria189017,0.12893967486667
Pseudodiploria189021,0.522959317646614
Pseudodiploria189023,0.188866149245849
Pseudodiploria189024,0.0569740844958047
Pseudodiploria189025,0.0102401660040648
Pseudodiploria189026,0.128138712893503
Pseudodiploria189027,0.0456985762646337
Pseudodiploria189028,0.079501777321835
Pseudodiploria189029,0.00464602739414049
Pseudodiploria189030,0.139731547020529
Pseudodiploria189032,-0.00999133167041006
Pseudodiploria189036,0.10901492881863
Pseudodiploria189038,1.13903941377525
Pseudodiploria189043,-0.0524886641166207
Pseudodiploria189047,0.0518938220219657
Pseudodiploria189050,-0.0112179051449366
Pseudodiploria189052,-0.195120132156156
Pseudodiploria189053,0.230573127426522
Pseudodiploria189054,-0.0367424108206925
Pseudodiploria189056,0.0212561575448648
Pseudodiploria189057,0.262227534873548
Pseudodiploria189058,0.533453342330799
Pseudodiploria189060,0.538386824063258
Pseudodiploria189061,0.00116229498903307
Pseudodiploria189064,0.0278081346076524
Pseudodiploria189065,0.0172582025588312
Pseudodiploria189066,0.118432857006476
Pseudodiploria189068,-0.26497756984748
Pseudodiploria189069,-0.0514780506734524
Pseudodiploria189070,0.329987831752328
Pseudodiploria189071,-0.0694217396557667
Pseudodiploria189072,-0.266005602838711
Pseudodiploria189074,-0.166595001313353
Pseudodiploria189075,1.34336479206532
Pseudodiploria189076,0.621669480919163
Pseudodiploria189077,0.147998533223362
Pseudodiploria189079,-0.0632341313650623
Pseudodiploria189082,0.0918334631404722
Pseudodiploria189084,0.274085407785
Pseudodiploria189087,0.024688394966228
Pseudodiploria189088,0.118791394633366
Pseudodiploria189089,-0.258476143993594
Pseudodiploria189091,0.0181813426435269
Pseudodiploria189095,-0.00259383844789118
Pseudodiploria189096,-0.219708553140657
Pseudodiploria189097,0.196132535456293
Pseudodiploria189100,0.0579898427485898
Pseudodiploria189101,0.10777766647629
Pseudodiploria189102,0.218274039825144
Pseudodiploria189104,0.0508056284544937
Pseudodiploria189106,0.0122310568171306
Pseudodiploria189109,-0.00455759716782039
Pseudodiploria189110,0.140898569027645
Pseudodiploria189111,-0.218274039825144
Pseudodiploria189113,0.107271972101072
Pseudodiploria189114,2.50363568335373
Pseudodiploria189123,-0.27192459392778
Pseudodiploria189124,0.068494176800603
Pseudodiploria189127,0.068735945882869
Pseudodiploria189131,0.0104755202075465
Pseudodiploria189133,-0.0251632346376918
Pseudodiploria189134,-0.198157232977006
Pseudodiploria189136,0.00220662646542392
Pseudodiploria189137,3.12066488041059
Pseudodiploria189138,0.0569454929425724
Pseudodiploria189139,0.0209202891310425
Pseudodiploria189141,-0.0127990300090188
Pseudodiploria189145,0.0516213150465251
Pseudodiploria189146,0.0406793946809384
Pseudodiploria189149,-0.0937538652154178
Pseudodiploria189153,-0.0624978577576575
Pseudodiploria189156,-0.041481097677144
Pseudodiploria189160,0.0122310568171306
Pseudodiploria189161,-0.318501896926458
Pseudodiploria189162,0.00801104748903267
Pseudodiploria189163,-0.0363869484973127
Pseudodiploria189165,-0.134007090402419
Pseudodiploria189166,-0.903129530160801
Pseudodiploria189168,0.0330837659048868
Pseudodiploria189169,0.0896568897491037
Pseudodiploria189170,-0.0926023590634774
Pseudodiploria189174,-0.114891205547789
Pseudodiploria189176,0.0133748999095633
Pseudodiploria189178,0.132437145080829
Pseudodiploria189179,0.0122310568171306
Pseudodiploria189180,-0.0918334631404722
Pseudodiploria189181,0.243174177296729
Pseudodiploria189182,-0.146374150113109
Pseudodiploria189184,-0.243989663929935
Pseudodiploria189185,0.138005016005185
Pseudodiploria189186,0.171266579276141
Pseudodiploria189188,0.353670876030874
Pseudodiploria189189,-0.0999117753129132
Pseudodiploria189190,0.694601349721383
Pseudodiploria189191,0.0373676501072798
Pseudodiploria189192,-0.169813135243214
Pseudodiploria189196,0.0117489015074294
Pseudodiploria189197,-0.252145061893007
Pseudodiploria189198,-0.15342157296004
Pseudodiploria189200,-0.0064515674485804
Pseudodiploria189202,0.200134702478709
Pseudodiploria189203,0.402223981027073
Pseudodiploria189208,-0.225212447190218
Pseudodiploria189209,0.0536675087390578
Pseudodiploria189211,0.0942177466077004
Pseudodiploria189212,0.00259145699611951
Pseudodiploria189213,-0.137762317915804
Pseudodiploria189214,0.00135557974001646
Pseudodiploria189217,-0.036854895284453
Pseudodiploria189218,-0.107691703350344
Pseudodiploria189220,0.118753589125365
Pseudodiploria189222,-0.0206216987422484
Pseudodiploria189225,0.0251809822549863
Pseudodiploria189228,0.0697659077024617
Pseudodiploria189229,-0.0077847625104598
Pseudodiploria189230,-0.104929301798692
Pseudodiploria189231,0.0586814332799396
Pseudodiploria189232,-0.152245001888393
Pseudodiploria189233,-0.0456985762646337
Pseudodiploria189235,-0.0446813043164809
Pseudodiploria189238,0.0196296786496935
Pseudodiploria189239,-0.177054716565009
Pseudodiploria189246,-0.276795664448246
Pseudodiploria189247,0.154490344518732
Pseudodiploria189248,0.00286338823494678
Pseudodiploria189249,-0.320400185477063
Pseudodiploria189252,0.135465494569297
Pseudodiploria189258,0.0113664418243331
Pseudodiploria189264,0.121185236973737
Pseudodiploria189265,0.0365522627602073
Pseudodiploria189266,-0.107271972101072
Pseudodiploria189267,0.318501896926458
Pseudodiploria189270,-0.0228810321846523
Pseudodiploria189273,0.0595287719743733
Pseudodiploria189276,0.0315524364500458
Pseudodiploria189277,-0.00137469670949407
Pseudodiploria189278,-0.167553046432335
Pseudodiploria189280,-0.0709165452936918
Pseudodiploria189281,0.00757843014938539
Pseudodiploria189282,-0.0213304364996912
Pseudodiploria189286,0.169508966302282
Pseudodiploria189287,0.0513688790346994
Pseudodiploria189288,0.180960064525393
Pseudodiploria189289,-0.366358907178529
Pseudodiploria189290,0.0570697668742193
Pseudodiploria189292,0.138933462266525
Pseudodiploria189293,0.149882172213734
Pseudodiploria189294,0.0462826608530054
Pseudodiploria189295,0.0626664482686535
Pseudodiploria189296,0.230521369107019
Pseudodiploria189298,-0.0235055354055211
Pseudodiploria189299,-0.0586443539731641
Pseudodiploria189303,-0.0112179051449366
Pseudodiploria189304,0.252773270606782
Pseudodiploria189307,-0.00460445094605495
Pseudodiploria189308,-0.37291820396381
Pseudodiploria189310,0.068346235215476
Pseudodiploria189312,0.394004162240882
Pseudodiploria189315,-0.109692229424743
Pseudodiploria189316,-0.239920020462924
Pseudodiploria189317,-0.158412762517808
Pseudodiploria189318,-0.00464602739414049
Pseudodiploria189326,-0.00633718335556019
Pseudodiploria189328,0.180960064525393
Pseudodiploria189330,0.127843033394566
Pseudodiploria189331,0.057399125537161
Pseudodiploria189332,-0.154355074567635
Pseudodiploria189335,-0.00752070592628983
Pseudodiploria189337,-0.020081233204176
Pseudodiploria189340,0.0292256320015217
Pseudodiploria189341,-0.219029501743801
Pseudodiploria189347,0.498040378596706
Pseudodiploria189348,0.0253417816387129
Pseudodiploria189354,0.131661193189697
Pseudodiploria189355,0.347317321967757
Pseudodiploria189357,0.138401186808937
Pseudodiploria189358,0.0793951304523601
Pseudodiploria189359,0.0560577856892344
Pseudodiploria189365,0.00752070592628983
Pseudodiploria189371,-0.0939336989981227
Pseudodiploria189372,-0.0550334417801263
Pseudodiploria189373,0.0737895521471567
Pseudodiploria189377,-0.114998604192505
Pseudodiploria189378,0.0433975445906089
Pseudodiploria189379,0.0955506046424875
Pseudodiploria189382,-0.0887148598888314
Pseudodiploria189385,0.000906905741636383
Pseudodiploria189386,0.0565030399220348
Pseudodiploria189389,-0.0833134040511806
Pseudodiploria189390,-0.0228810321846523
Pseudodiploria189391,0.054623300254986
Pseudodiploria189394,0.154166650749067
Pseudodiploria189395,-0.0072044161971498
Pseudodiploria189398,0.106486035805873
Pseudodiploria189400,0.171760022707533
Pseudodiploria189402,0.0217048141592268
Pseudodiploria189404,-0.224547408107713
Pseudodiploria189409,-0.197203543255934
Pseudodiploria189410,-0.00212747895569464
Pseudodiploria189411,0.0550334417801263
Pseudodiploria189412,-0.196802060301833
Pseudodiploria189420,-0.0378323452122705
Pseudodiploria189421,-0.0185825251649917
Pseudodiploria189422,0.0305252162938733
Pseudodiploria189423,0.137024144994344
Pseudodiploria189427,0.229924325340898
Pseudodiploria189429,-0.0330837659048868
Pseudodiploria189431,0.0820032203641949
Pseudodiploria189432,0.195256479660094
Pseudodiploria189433,-0.00410157440951573
Pseudodiploria189436,-0.0172430971129502
Pseudodiploria189437,0.36356646026996
Pseudodiploria189438,0.00708040686669002
Pseudodiploria189439,-0.0474190908279118
Pseudodiploria189442,-0.327529584132738
Pseudodiploria189443,-0.317788239156078
Pseudodiploria189444,-0.133392363109506
Pseudodiploria189448,0.109110609395792
Pseudodiploria189452,0.156219997545398
Pseudodiploria189453,0.0710976410500287
Pseudodiploria189457,-0.0145770309515431
Pseudodiploria189458,-0.00176471023644827
Pseudodiploria189462,-0.0843353423824519
Pseudodiploria189463,0.36356646026996
Pseudodiploria189465,0.00718293777132831
Pseudodiploria189467,0.0474190908279118
Pseudodiploria189468,0.15969521870615
Pseudodiploria189469,-0.294783842677965
Pseudodiploria189470,0.0121947159280265
Pseudodiploria189472,-0.046336705092564
Pseudodiploria189473,-0.180960064525393
Pseudodiploria189477,0.219708553140657
Pseudodiploria189479,-0.00220662646542392
Pseudodiploria189484,-0.741136569971838
Pseudodiploria189485,0.0422948498773137
Pseudodiploria189487,0.0249027998155114
Pseudodiploria189489,0.199255493565111
Pseudodiploria189490,-0.353953408593001
Pseudodiploria189492,-0.018945603640231
Pseudodiploria189494,-0.0456985762646337
Pseudodiploria189495,0.166123276432685
Pseudodiploria189496,-0.0120747521745916
Pseudodiploria189498,-0.131661193189697
Pseudodiploria189499,-0.0827882330785824
Pseudodiploria189500,-0.0180242960765777
Pseudodiploria189501,0.0294559680400094
Pseudodiploria189503,-0.0571996967091277
Pseudodiploria189504,-0.149882172213734
Pseudodiploria189506,-0.0388524889531566
Pseudodiploria189508,-0.175870120359592
Pseudodiploria189509,-0.00829015913475163
Pseudodiploria189510,-0.020608594979212
Pseudodiploria189512,0.0154255109839881
Pseudodiploria189513,-0.172210933067108
Pseudodiploria189514,-0.0569740844958047
Pseudodiploria189516,0.0299776531509656
Pseudodiploria189519,0.0586814332799396
Pseudodiploria189521,0.522407004019571
Pseudodiploria189522,0.133392363109506
Pseudodiploria189526,-0.0868335106979527
Pseudodiploria189529,-0.672445361097508
Pseudodiploria189533,0.0871335912478651
Pseudodiploria189534,0.261704256810273
Pseudodiploria189536,0.0586814332799396
Pseudodiploria189541,0.02096402750002
Pseudodiploria189542,-0.0216939564682967
Pseudodiploria189543,-0.0196506756382033
Pseudodiploria189545,0.0710976410500287
Pseudodiploria189546,0.00116229498903307
Pseudodiploria189547,-0.0181813426435269
Pseudodiploria189549,0.00204318613129482
Pseudodiploria189550,-0.0636485716766023
Pseudodiploria189551,-0.0172430971129502
Pseudodiploria189552,0.128138712893503
Pseudodiploria189553,0.090499830148783
Pseudodiploria189554,0.0194280450968537
Pseudodiploria189555,0.230521369107019
Pseudodiploria189556,-0.05015437695734
Pseudodiploria189557,-0.0190866029545538
Pseudodiploria189558,0.0908812335766666
Pseudodiploria189559,-0.323293389681481
Pseudodiploria189562,0.168288103256413
Pseudodiploria189565,0.00999133167041006
Pseudodiploria189570,0.206103178882449
Pseudodiploria189571,-0.226851738612469
Pseudodiploria189572,0.054786695813094
Pseudodiploria189574,0.142272742359614
Pseudodiploria189576,0.366721453993648
Pseudodiploria189578,0.0328440684013501
Pseudodiploria189579,0.0474190908279118
Pseudodiploria189580,-0.132437145080829
Pseudodiploria189583,0.0177255841891697
Pseudodiploria189584,0.0132081293824519
Pseudodiploria189585,0.137167704167093
Pseudodiploria189590,0.419871529716336
Pseudodiploria189591,0.0267076200181193
Pseudodiploria189595,0.0330837659048868
Pseudodiploria189596,0.360711022933151
Pseudodiploria189604,0.0524018479255341
Pseudodiploria189607,-0.176906539813935
Pseudodiploria189608,-0.247926935740874
Pseudodiploria189609,0.00752070592628983
Pseudodiploria189610,0.388842462154508
Pseudodiploria189611,-0.0871838123786326
Pseudodiploria189612,0.261704256810273
Pseudodiploria189614,-0.269576602208959
Pseudodiploria189616,-0.0249027998155114
Pseudodiploria189617,-0.00999133167041006
Pseudodiploria189618,-0.590822155629131
Pseudodiploria189620,-0.149553133385637
Pseudodiploria189623,-0.17692450540613
Pseudodiploria189627,2.0240558787095
Pseudodiploria189628,0.898696693066512
Pseudodiploria189630,-0.0737895521471567
Pseudodiploria189631,0.00985575228013465
Pseudodiploria189632,0.0555981926505917
Pseudodiploria189638,0.17692450540613
Pseudodiploria189640,0.0152903917866385
Pseudodiploria189642,0.26497756984748
Pseudodiploria189643,-0.136536935064215
Pseudodiploria189644,-0.0113664418243331
Pseudodiploria189645,-0.0932239612971331
Pseudodiploria189646,0.0182253586348746
Pseudodiploria189647,0.15833287842132
Pseudodiploria189650,-0.0149063226058844
Pseudodiploria189652,-0.0150899162251253
Pseudodiploria189654,-0.00708040686669002
Pseudodiploria189656,-0.0666932029473633
Pseudodiploria189657,-0.301019865705056
Pseudodiploria189661,-0.118464944051663
Pseudodiploria189663,-0.0898346303870012
Pseudodiploria189664,-0.0422948498773137
Pseudodiploria189666,0.0937717132555412
Pseudodiploria189671,-0.0388524889531566
Pseudodiploria189673,-0.0428568508330843
Pseudodiploria189675,-0.0871335912478651
Pseudodiploria189677,-0.107198398827279
Pseudodiploria189686,0.179689699185453
Pseudodiploria189688,0.0211665754106414
Pseudodiploria189689,-0.0233285931839279
Pseudodiploria189691,0.073500319676459
Pseudodiploria189692,0.299339438903015
Pseudodiploria189693,-0.05015437695734
Pseudodiploria189696,-0.288391489851346
Pseudodiploria189697,-0.195044097651669
Pseudodiploria189698,-0.15833287842132
Pseudodiploria189699,0.142808826797029
Pseudodiploria189702,-0.12679622167885
Pseudodiploria189703,0.0629712670662687
Pseudodiploria189704,-0.0624378323360119
Pseudodiploria189706,0.197009148565958
Pseudodiploria189707,0.0109889624994676
Pseudodiploria189710,0.0939085417173678
Pseudodiploria189711,0.035465218850857
Pseudodiploria189712,0.00443670744406629
Pseudodiploria189714,-0.0315524364500458
Pseudodiploria189715,0.285275094077852
Pseudodiploria189716,-0.208519531508714
Pseudodiploria189718,0.0170385410033165
Pseudodiploria189721,0.839218115908319
Pseudodiploria189723,0.000857782728764128
Pseudodiploria189724,0.0552218449000678
Pseudodiploria189727,-0.115453009572258
Pseudodiploria189728,-0.220363818153541
Pseudodiploria189729,-0.0420894890317086
Pseudodiploria189730,0.180960064525393
Pseudodiploria189732,-0.00887057842557879
Pseudodiploria189733,-0.00782575024261055
Pseudodiploria189735,0.0781443804461906
Pseudodiploria189737,0.00752070592628983
Pseudodiploria189738,0.0810378829563655
Pseudodiploria189740,0.00752070592628983
Pseudodiploria189742,-0.0973989807530408
Pseudodiploria189743,-0.0554173536362916
Pseudodiploria189747,0.0360540782782404
Pseudodiploria189750,0.116322888611946
Pseudodiploria189754,0.0416565018479693
Pseudodiploria189755,0.0536675087390578
Pseudodiploria189756,0.00588919808328655
Pseudodiploria189757,0.0554949745242309
Pseudodiploria189759,-0.0446813043164809
Pseudodiploria189760,-0.00528865271431855
Pseudodiploria189764,-0.0709598342660762
Pseudodiploria189765,0.268095465317049
Pseudodiploria189770,-0.028556796558106
Pseudodiploria189773,0.0206474739524354
Pseudodiploria189774,-0.0113664418243331
Pseudodiploria189775,-0.0967145474517059
Pseudodiploria189777,0.0183000469513529
Pseudodiploria189778,-0.0733981587742653
Pseudodiploria189789,0.103491446715252
Pseudodiploria189794,0.0228327847740096
Pseudodiploria189796,0.544241701244673
Pseudodiploria189800,0.481893755542461
Pseudodiploria189805,0.0554949745242309
Pseudodiploria189806,0.0427422571584745
Pseudodiploria189809,-0.0365194849178493
Pseudodiploria189815,0.0064515674485804
Pseudodiploria189816,0.295469809964608
Pseudodiploria189818,0.302070787212758
Pseudodiploria189820,-0.079336957143971
Pseudodiploria189825,-0.0309986021410445
Pseudodiploria189826,0.0939085417173678
Pseudodiploria189827,0.0267076200181193
Pseudodiploria189828,0.321703342813447
Pseudodiploria189830,-0.0583297927224579
Pseudodiploria189831,-0.132060633698869
Pseudodiploria189832,-0.196444833683444
Pseudodiploria189834,0.127770284724866
Pseudodiploria189835,0.0211665754106414
Pseudodiploria189836,0.0513050064663257
Pseudodiploria189838,-0.00672938386041195
Pseudodiploria189839,-0.0102933014855329
Pseudodiploria189840,0.140544546701522
Pseudodiploria189841,0.477114198889799
Pseudodiploria189842,-0.0993208280632776
Pseudodiploria189844,-0.176651864215796
Pseudodiploria189846,-0.206417056711054
Pseudodiploria189854,-0.146374150113109
Pseudodiploria189856,0.119165379621059
Pseudodiploria189857,-0.0567820447167692
Pseudodiploria189858,0.0586814332799396
Pseudodiploria189860,0.116886135373976
Pseudodiploria189862,-0.0229171369692217
Pseudodiploria189863,0.0402702124076917
Pseudodiploria189865,-0.0359980008461447
Pseudodiploria189866,-0.0170805435282476
Pseudodiploria189868,-0.227062985752272
Pseudodiploria189869,-0.342023219560481
Pseudodiploria189870,0.0452610327931926
Pseudodiploria189872,-0.00708040686669002
Pseudodiploria189873,0.00633718335556019
Pseudodiploria189875,0.112046028439759
Pseudodiploria189878,-0.0626028425803527
Pseudodiploria189879,-0.0112179051449366
Pseudodiploria189880,0.296870904702777
Pseudodiploria189884,0.0704857852367197
Pseudodiploria189885,0.282679094104585
Pseudodiploria189887,-0.20944576126799
Pseudodiploria189888,0.054639305447648
Pseudodiploria189890,-0.114742670184194
Pseudodiploria189891,-0.00766449848869811
Pseudodiploria189892,0.0446813043164809
Pseudodiploria189893,0.114102741320132
Pseudodiploria189894,-0.0828766701422673
Pseudodiploria189895,-0.0131619253157942
Pseudodiploria189897,0.028704404766416
Pseudodiploria189900,0.241277315545875
Pseudodiploria189902,0.0737895521471567
Pseudodiploria189903,0.0305252162938733
Pseudodiploria189904,0.0971641955374569
Pseudodiploria189905,0.0797074431114521
Pseudodiploria189906,-0.361570725371471
Pseudodiploria189913,-0.501480545211884
Pseudodiploria189916,-0.00975523343160469
Pseudodiploria189918,0.00201533232044185
Pseudodiploria189919,0.103491446715252
Pseudodiploria189923,-0.0847702139152104
Pseudodiploria189926,0.00528865271431855
Pseudodiploria189929,-0.0153856901009239
Pseudodiploria189931,-0.598835082808826
Pseudodiploria189935,-0.0265334997248099
Pseudodiploria189937,-0.0629712670662687
Pseudodiploria189938,0.0242684827958791
Pseudodiploria189940,-0.0608091341806629
Pseudodiploria189943,0.0705985560416755
Pseudodiploria189944,0.123906272707829
Pseudodiploria189947,0.0456946591982638
Pseudodiploria189950,-0.633844749413241
Pseudodiploria189951,0.0279565698789796
Pseudodiploria189952,0.263556824685005
Pseudodiploria189957,-0.0625024482444273
Pseudodiploria189958,-0.0170805435282476
Pseudodiploria189962,-0.0452610327931926
Pseudodiploria189965,-0.138999485559589
Pseudodiploria189967,-0.00985575228013465
Pseudodiploria189968,0.430083096753717
Pseudodiploria189969,-0.347317321967757
Pseudodiploria189970,0.353696875573716
Pseudodiploria189980,0.0306558594668759
Pseudodiploria189981,0.210705661948714
Pseudodiploria189983,0.035961102075781
Pseudodiploria189984,-0.395605648477526
Pseudodiploria189985,-0.432345959890216
Pseudodiploria189987,-0.110894506824272
Pseudodiploria189989,-0.0776149599000192
Pseudodiploria189991,0.115453009572258
Pseudodiploria189992,0.00985575228013465
Pseudodiploria189993,-0.00280164857429363
Pseudodiploria189997,-0.0784011017060287
Pseudodiploria189999,0.139731547020529
Pseudodiploria190002,0.0265334997248099
Pseudodiploria190003,-0.202475873643021
Pseudodiploria190005,0.0538752787934436
Pseudodiploria190006,-0.226577120933776
Pseudodiploria190007,-0.167665895403338
Pseudodiploria190008,0.231735219698234
Pseudodiploria190012,-0.0851034522357083
Pseudodiploria190013,0.00575084070884805
Pseudodiploria190016,-0.124334566213274
Pseudodiploria190020,0.0267076200181193
Pseudodiploria190021,0.0217048141592268
Pseudodiploria190022,-0.0112179051449366
Pseudodiploria190025,0.0221156912734426
Pseudodiploria190028,0.0242684827958791
Pseudodiploria190029,-0.0236524432716372
Pseudodiploria190030,-0.0149154226362438
Pseudodiploria190031,0.0635947718707387
Pseudodiploria190032,0.101951828404083
Pseudodiploria190033,0.127554929947107
Pseudodiploria190034,0.45466580700572
Pseudodiploria190035,-0.192167654067971
Pseudodiploria190038,0.17080742949509
Pseudodiploria190039,0.332936007357343
Pseudodiploria190040,0.00408465635433299
Pseudodiploria190047,-0.0704857852367197
Pseudodiploria190049,-0.0170805435282476
Pseudodiploria190053,0.0723236648257513
Pseudodiploria190054,-0.216760807935767
Pseudodiploria190056,-0.0249027998155114
Pseudodiploria190058,-0.0488738456325959
Pseudodiploria190059,0.139478885297567
Pseudodiploria190061,0.0104755202075465
Pseudodiploria190065,-0.0796305238777171
Pseudodiploria190066,-0.0104755202075465
Pseudodiploria190068,0.00414584413828873
Pseudodiploria190069,0.332343080188843
Pseudodiploria190070,-0.114742670184194
Pseudodiploria190071,-0.183091141039088
Pseudodiploria190073,0.171760022707533
Pseudodiploria190074,-0.0704857852367197
Pseudodiploria190076,0.0114264388376211
Pseudodiploria190079,1.73180804581995
Pseudodiploria190080,-0.0473934605631775
Pseudodiploria190081,0.0726809997176615
Pseudodiploria190084,-0.0186880829209311
Pseudodiploria190085,0.121173205886623
Pseudodiploria190086,0.00166750020755723
Pseudodiploria190087,0.0447788295928278
Pseudodiploria190088,-0.107854319691488
Pseudodiploria190090,0.763635162771809
Pseudodiploria190091,-0.175870120359592
Pseudodiploria190092,-0.0529599211977148
Pseudodiploria190094,-0.00212747895569464
Pseudodiploria190102,-0.038795081228185
Pseudodiploria190105,0.0196296786496935
Pseudodiploria190106,0.0112179051449366
Pseudodiploria190109,-0.101527677771297
Pseudodiploria190111,0.02096402750002
Pseudodiploria190113,0.647828175209724
Pseudodiploria190114,0.45466580700572
Pseudodiploria190116,-0.0290173472374831
Pseudodiploria190118,0.470468200786755
Pseudodiploria190126,0.0127096792715235
Pseudodiploria190127,0.12893967486667
Pseudodiploria190128,0.302070787212758
Pseudodiploria190130,0.141196123315813
Pseudodiploria190131,0.0498596767144571
Pseudodiploria190134,0.0770249586114762
Pseudodiploria190136,0.00601137516909222
Pseudodiploria190138,0.00212747895569464
Pseudodiploria190140,-0.0941860289881642
Pseudodiploria190142,-0.0562030440887758
Pseudodiploria190143,0.43675127240252
Pseudodiploria190144,0.0217488475683682
Pseudodiploria190145,-0.054786695813094
Pseudodiploria190146,0.206975463850061
Pseudodiploria190147,0.0981937906061365
Pseudodiploria190149,-0.00166938260831778
Pseudodiploria190154,-0.025410483476661
Pseudodiploria190157,0.115311735532415
Pseudodiploria190158,0.0019351971981203
Pseudodiploria190160,-0.137167704167093
Pseudodiploria190164,0.0964261035154747
Pseudodiploria190166,0.0866508920391201
Pseudodiploria190170,0.166595001313353
Pseudodiploria190171,0.00402446899733638
Pseudodiploria190172,0.0220169796207717
Pseudodiploria190174,0.147744460858052
Pseudodiploria190175,-0.417070839063485
Pseudodiploria190176,0.149882172213734
Pseudodiploria190178,0.0152903917866385
Pseudodiploria190179,0.141987900571376
Pseudodiploria190181,0.0164125108924786
Pseudodiploria190182,-0.867967751628203
Pseudodiploria190190,-0.0265334997248099
Pseudodiploria190193,-0.234453288396163
Pseudodiploria190194,-0.00206879341432083
Pseudodiploria190195,0.0367304953267426
Pseudodiploria190197,-0.0378323452122705
Pseudodiploria190199,0.0199399861125843
Pseudodiploria190201,0.110272581195608
Pseudodiploria190204,-0.101873103148277
Pseudodiploria190207,0.304648122358706
Pseudodiploria190208,0.0309835033499481
Pseudodiploria190212,0.0826904216282726
Pseudodiploria190213,-0.230521369107019
Pseudodiploria190218,0.109044602382913
Pseudodiploria190219,-0.114458589980715
Pseudodiploria190220,0.0624978577576575
Pseudodiploria190222,0.0921670553565971
Pseudodiploria190226,0.421139397987526
Pseudodiploria190227,0.200805890181125
Pseudodiploria190228,-0.0699458212289081
Pseudodiploria190229,-0.00464602739414049
Pseudodiploria190231,0.0751419337673425
Pseudodiploria190233,0.141056571278326
Pseudodiploria190236,0.608871948195711
Pseudodiploria190237,0.0610968697166145
Pseudodiploria190238,-0.162940821030866
Pseudodiploria190239,-1.8322277805689
Pseudodiploria190242,-0.0706946628805333
Pseudodiploria190245,0.00201533232044185
Pseudodiploria190246,0.0064515674485804
Pseudodiploria190247,0.193358688867107
Pseudodiploria190248,-0.212334197556592
Pseudodiploria190250,1.73906173697121
Pseudodiploria190251,0.0738699910902775
Pseudodiploria190252,0.669554636810793
Pseudodiploria190258,-0.175870120359592
Pseudodiploria190260,0.261704256810273
Pseudodiploria190264,-0.00401815682185019
Pseudodiploria190265,0.236395790125663
Pseudodiploria190267,0.216827179399129
Pseudodiploria190268,-0.215990538154589
Pseudodiploria190270,0.0105254000113502
Pseudodiploria190272,0.0474587552994343
Pseudodiploria190273,0.0563357407914688
Pseudodiploria190276,0.152245001888393
Pseudodiploria190277,0.0264281659508511
Pseudodiploria190278,-0.00293321269522687
Pseudodiploria190279,-0.467619051855833
Pseudodiploria190281,0.0799287934047502
Pseudodiploria190282,-0.00887057842557879
Pseudodiploria190284,-0.0826904216282726
Pseudodiploria190287,0.0098249270901827
Pseudodiploria190289,-0.0986962767166591
Pseudodiploria190290,-0.7048213605919
Pseudodiploria190292,0.0629712670662687
Pseudodiploria190294,-0.0384984176960937
Pseudodiploria190296,-0.0388524889531566
Pseudodiploria190297,0.0269560038346307
Pseudodiploria190298,0.00573902772327614
Pseudodiploria190301,-0.00887057842557879
Pseudodiploria190303,0.206103178882449
Pseudodiploria190304,-0.049891849128759
Pseudodiploria190305,-0.325503518522735
Pseudodiploria190308,-0.106765993946615
Pseudodiploria190309,-0.0380516015227812
Pseudodiploria190311,0.171760022707533
Pseudodiploria190316,-0.035465218850857
Pseudodiploria190317,0.177479826431196
Pseudodiploria190318,0.335648228701687
Pseudodiploria190319,-0.0843353423824519
Pseudodiploria190322,-0.331871832972439
Pseudodiploria190323,0.0660805953923656
Pseudodiploria190325,0.102595070691026
Pseudodiploria190326,-0.0240917772255452
Pseudodiploria190327,0.567937953020149
Pseudodiploria190328,0.0695656235485358
Pseudodiploria190329,0.123906272707829
Pseudodiploria190330,0.00198161196419425
Pseudodiploria190331,-0.206452680881308
Pseudodiploria190337,-0.166595001313353
Pseudodiploria190338,0.418600308125229
Pseudodiploria190339,-0.114170196492072
Pseudodiploria190340,0.0027216740068393
Pseudodiploria190343,0.102958480178019
Pseudodiploria190345,0.0376216655004092
Pseudodiploria190347,-0.0420894890317086
Pseudodiploria190348,-0.00887057842557879
Pseudodiploria190349,0.155041630990306
Pseudodiploria190350,-0.187227271599555
Pseudodiploria190355,-0.0572456201335968
Pseudodiploria190359,0.571076224401465
Pseudodiploria190362,-0.378153583343541
Pseudodiploria190367,-0.131661193189697
Pseudodiploria190370,0.143172766558829
Pseudodiploria190371,0.0482498792523337
Pseudodiploria190372,-0.994386332720787
Pseudodiploria190373,0.144152718959169
Pseudodiploria190375,0.0147574242529767
Pseudodiploria190378,0.0909527312409886
Pseudodiploria190381,-0.0570697668742193
Pseudodiploria190384,0.0367304953267426
Pseudodiploria190385,0.212447961427275
Pseudodiploria190386,-2.57753932571984
Pseudodiploria190387,-0.036854895284453
Pseudodiploria190391,-0.0249027998155114
Pseudodiploria190392,0.322065129059554
Pseudodiploria190397,-0.0122310568171306
Pseudodiploria190398,0.146185611840187
Pseudodiploria190399,-0.0569740844958047
Pseudodiploria190400,0.194860538817694
Pseudodiploria190401,0.0367212814151114
Pseudodiploria190404,-0.0327469205768401
Pseudodiploria190408,-0.074902770616323
Pseudodiploria190409,0.313515870399348
Pseudodiploria190410,0.0972450616914985
Pseudodiploria190412,0.288507645066409
Pseudodiploria190413,0.00633718335556019
Pseudodiploria190414,0.179912427164272
Pseudodiploria190415,0.12679622167885
Pseudodiploria190416,0.0315524364500458
Pseudodiploria190417,0.193358688867107
Pseudodiploria190419,-0.00135557974001646
Pseudodiploria190420,0.180136467476209
Pseudodiploria190421,0.0306921275187215
Pseudodiploria190422,0.2589602859124
Pseudodiploria190423,-0.609920332498768
Pseudodiploria190424,0.131661193189697
Pseudodiploria190425,-0.0949886102792779
Pseudodiploria190426,-0.120634493836046
Pseudodiploria190428,-0.0835144789112222
Pseudodiploria190430,1.10947832983097
Pseudodiploria190432,0.18754828036727
Pseudodiploria190435,0.0228810321846523
Pseudodiploria190436,0.137167704167093
Pseudodiploria190441,-0.0313175764293928
Pseudodiploria190443,-0.189260501569508
Pseudodiploria190445,0.12697571298601
Pseudodiploria190446,-0.0685460438191488
Pseudodiploria190447,-0.0612949423617146
Pseudodiploria190448,-0.055925884875685
Pseudodiploria190450,0.289094575993466
Pseudodiploria190451,-0.267490143348514
Pseudodiploria190452,-0.00755400621463598
Pseudodiploria190457,-0.00493906845320342
Pseudodiploria190458,-0.16900772355619
Pseudodiploria190461,0.00999133167041006
Pseudodiploria190464,-0.00212747895569464
Pseudodiploria190466,0.020081233204176
Pseudodiploria190467,0.258476143993594
Pseudodiploria190468,0.0636485716766023
Pseudodiploria190469,-0.00251210268695734
Pseudodiploria190470,0.809634669974725
Pseudodiploria190474,-0.335648228701687
Pseudodiploria190476,0.0228810321846523
Pseudodiploria190480,-0.0827882330785824
Pseudodiploria190481,0.0888181378338083
Pseudodiploria190482,-0.0347408711536944
Pseudodiploria190483,-0.0181813426435269
Pseudodiploria190484,-0.144099970062104
Pseudodiploria190486,-0.200805890181125
Pseudodiploria190487,-0.608871948195711
Pseudodiploria190488,-0.00752839800389825
Pseudodiploria190490,-0.0123728416544407
Pseudodiploria190494,-0.146606773926558
Pseudodiploria190495,0.0567820447167692
Pseudodiploria190496,-0.0117489015074294
Pseudodiploria190497,-0.0249027998155114
Pseudodiploria190498,0.0484011761577907
Pseudodiploria190503,0.00887057842557879
Pseudodiploria190506,-0.0738955739262411
Pseudodiploria190507,0.118464944051663
Pseudodiploria190508,0.538963726370533
Pseudodiploria190510,0.0262209866827858
Pseudodiploria190511,-0.0430214295963003
Pseudodiploria190512,0.068494176800603
Pseudodiploria190513,0.314404915575886
Pseudodiploria190519,0.595275148825463
Pseudodiploria190521,0.0473934605631775
Pseudodiploria190524,-0.231794639304105
Pseudodiploria190525,0.0207299298774988
Pseudodiploria190528,0.0135711312840329
Pseudodiploria190531,-0.0448011344761094
Pseudodiploria190533,0.0656060792760945
Pseudodiploria190534,-0.175870120359592
Pseudodiploria190538,-0.137096576282437
Pseudodiploria190539,-0.168288103256413
Pseudodiploria190542,-0.0894683059730568
Pseudodiploria190545,-0.102278389028816
Pseudodiploria190550,0.0672670799372007
Pseudodiploria190552,0.0830214401593663
Pseudodiploria190557,0.672445361097508
Pseudodiploria190558,-0.0228810321846523
Pseudodiploria190561,0.114170196492072
Pseudodiploria190562,-0.0708839713276341
Pseudodiploria190566,0.168288103256413
Pseudodiploria190575,0.0339893081883729
Pseudodiploria190577,0.365386309844141
Pseudodiploria190580,-0.179376552827897
Pseudodiploria190582,0.0890166192200796
Pseudodiploria190583,0.0709598342660762
Pseudodiploria190584,-0.00544398482047761
Pseudodiploria190587,-0.0474190908279118
Pseudodiploria190588,0.0102818539522513
Pseudodiploria190589,0.274708730306576
Pseudodiploria190591,-0.00166750020755723
Pseudodiploria190592,-1.17235224081451
Pseudodiploria190595,-0.27192421541129
Pseudodiploria190596,0.0776149599000192
Pseudodiploria190598,0.427444445804285
Pseudodiploria190600,-0.18754828036727
Pseudodiploria190601,0.0172430971129502
Pseudodiploria190605,-0.0206123499764872
Pseudodiploria190606,0.000874237588756943
Pseudodiploria190609,0.0104755202075465
Pseudodiploria190611,0.167047974379576
Pseudodiploria190612,-0.13542578668654
Pseudodiploria190615,0.0182856789424413
Pseudodiploria190616,0.399436366192771
Pseudodiploria190617,-0.0707511089998469
Pseudodiploria190623,0.123478585231691
Pseudodiploria190624,0.314616600386443
Pseudodiploria190625,0.0685188843932695
Pseudodiploria190626,0.00974515539668718
Pseudodiploria190627,-0.212334197556592
Pseudodiploria190632,0.431055880970352
Pseudodiploria190634,0.350253382914798
Pseudodiploria190638,0.0939085417173678
Pseudodiploria190639,1.00385923627439
Pseudodiploria190640,-0.0265664234438187
Pseudodiploria190642,0.315036618098347
Pseudodiploria190644,-0.0142288210346364
Pseudodiploria190646,0.0267076200181193
Pseudodiploria190647,0.0404374951137951
Pseudodiploria190648,0.437235395634764
Pseudodiploria190651,-0.00999133167041006
Pseudodiploria190652,0.144241227788688
Pseudodiploria190653,-0.183426760149356
Pseudodiploria190654,-0.121144270443071
Pseudodiploria190659,-0.0636485716766023
Pseudodiploria190660,-0.00720833925496074
Pseudodiploria190661,0.223270539652059
Pseudodiploria190664,0.00580100167915639
Pseudodiploria190665,-0.0338499835375908
Pseudodiploria190667,-0.00731908876194208
Pseudodiploria190669,0.105632171959387
Pseudodiploria190670,0.0436393190118737
Pseudodiploria190671,-0.225767068451115
Pseudodiploria190674,-0.859333660484936
Pseudodiploria190676,-0.219708553140657
Pseudodiploria190677,0.120178135401786
Pseudodiploria190678,0.755136694984862
Pseudodiploria190681,-0.0606345851432813
Pseudodiploria190682,-0.00493906845320342
Pseudodiploria190683,-0.0554949745242309
Pseudodiploria190684,-0.0116041789914544
Pseudodiploria190688,-0.0381957704173546
Pseudodiploria190689,0.343097064972705
Pseudodiploria190693,-0.0810378829563655
Pseudodiploria190695,0.154357239996971
Pseudodiploria190698,0.00633718335556019
Pseudodiploria190700,-0.182375333158728
Pseudodiploria190703,0.0293116522212181
Pseudodiploria190704,0.0581277856138266
Pseudodiploria190706,0.540658409136154
Pseudodiploria190708,0.0127326110625214
Pseudodiploria190714,-0.368813566826615
Pseudodiploria190716,-0.0629233139443061
Pseudodiploria190717,0.0474190908279118
Pseudodiploria190718,0.0134103613476441
Pseudodiploria190719,-0.0456985762646337
Pseudodiploria190721,0.127781313300471
Pseudodiploria190722,-0.00455759716782039
Pseudodiploria190723,0.0330837659048868
Pseudodiploria190724,0.0636616672227989
Pseudodiploria190726,-0.0203393960048497
Pseudodiploria190727,0.0209264186595689
Pseudodiploria190728,0.0586814332799396
Pseudodiploria190729,-0.00609125227080745
Pseudodiploria190730,0.00752070592628983
Pseudodiploria190731,-0.118571361228379
Pseudodiploria190733,0.00402446899733638
Pseudodiploria190736,-0.183546873042974
Pseudodiploria190737,0.128461106305692
Pseudodiploria190738,-0.0810378829563655
Pseudodiploria190739,0.0508056284544937
Pseudodiploria190740,0.194471589864658
Pseudodiploria190741,-0.167004100910315
Pseudodiploria190742,-0.0238948543604888
Pseudodiploria190743,0.0242684827958791
Pseudodiploria190746,-0.0657333782194704
Pseudodiploria190750,0.00212747895569464
Pseudodiploria190757,0.0932239612971331
Pseudodiploria190758,-0.449572475177973
Pseudodiploria190760,0.394004162240882
Pseudodiploria190762,0.357395945003549
Pseudodiploria190765,0.0793951304523601
Pseudodiploria190766,0.313413897389729
Pseudodiploria190768,-0.0454462229485567
Pseudodiploria190769,-0.00333500572710229
Pseudodiploria190770,-0.246687680162246
Pseudodiploria190771,0.00857704219142851
Pseudodiploria190773,0.0211665754106414
Pseudodiploria190775,1.5735219685967
Pseudodiploria190777,-0.0112179051449366
Pseudodiploria190779,-0.00977863950530451
Pseudodiploria190780,0.117171783401407
Pseudodiploria190782,0.118791394633366
Pseudodiploria190783,0.192497829003129
Pseudodiploria190785,-0.023476287104773
Pseudodiploria190786,-0.00601783339266792
Pseudodiploria190787,0.113998331835454
Pseudodiploria190791,-0.0629712670662687
Pseudodiploria190792,0.176642679307238
Pseudodiploria190794,0.319275179003147
Pseudodiploria190795,-0.0865867320428224
Pseudodiploria190796,-0.00633718335556019
Pseudodiploria190801,0.0377633284405683
Pseudodiploria190802,0.149882172213734
Pseudodiploria190803,-0.111456230075482
Pseudodiploria190804,0.235034552615038
Pseudodiploria190807,0.138719280649638
Pseudodiploria190809,0.126835014264632
Pseudodiploria190810,-0.00303112152210068
Pseudodiploria190811,0.114742670184194
Pseudodiploria190812,0.200134702478709
Pseudodiploria190813,0.522407004019571
Pseudodiploria190818,0.0133121207424106
Pseudodiploria190820,-0.00212747895569464
Pseudodiploria190824,-0.201361459508497
Pseudodiploria190825,-0.168288103256413
Pseudodiploria190826,-0.0127326110625214
Pseudodiploria190827,0.203395540873195
Pseudodiploria190829,-0.0305252162938733
Pseudodiploria190833,-0.15342157296004
Pseudodiploria190834,0.0438731584657658
Pseudodiploria190840,0.0629712670662687
Pseudodiploria190842,0.158402629056949
Pseudodiploria190843,0.0112179051449366
Pseudodiploria190846,-0.054786695813094
Pseudodiploria190848,0.0918334631404722
Pseudodiploria190849,0.068494176800603
Pseudodiploria190850,0.202799801633538
Pseudodiploria190852,-0.00166141030854283
Pseudodiploria190853,-0.090499830148783
Pseudodiploria190855,0.289094575993466
Pseudodiploria190857,0.0242684827958791
Pseudodiploria190859,-0.00999133167041006
Pseudodiploria190862,0.449572475177973
Pseudodiploria190863,0.0583297927224579
Pseudodiploria190865,-0.197203543255934
Pseudodiploria190867,-0.126990448332212
Pseudodiploria190868,0.971284985368716
Pseudodiploria190869,0.243174177296729
Pseudodiploria190871,0.10849318068978
Pseudodiploria190872,0.0763211069229897
Pseudodiploria190873,-0.461203660492472
Pseudodiploria190875,-0.0366433556659976
Pseudodiploria190876,-0.261704256810273
Pseudodiploria190877,-0.12679622167885
Pseudodiploria190879,0.163693555338122
Pseudodiploria190880,-0.0978948345427258
Pseudodiploria190883,0.293218333066338
Pseudodiploria190887,-0.132110110174294
Pseudodiploria190889,0.551926735307432
Pseudodiploria190890,0.680593754878843
Pseudodiploria190893,0.0331769645344116
Pseudodiploria190894,-0.00633718335556019
Pseudodiploria190895,0.0514295675572721
Pseudodiploria190898,0.235397535201376
Pseudodiploria190900,0.449572475177973
Pseudodiploria190902,0.122938489295623
Pseudodiploria190904,-0.00259383844789118
Pseudodiploria190909,0.466824884271455
Pseudodiploria190910,-0.113816226163276
Pseudodiploria190911,-0.107495303027392
Pseudodiploria190912,-0.188866149245849
Pseudodiploria190913,-0.138005016005185
Pseudodiploria190914,-0.443299292287245
Pseudodiploria190917,0.0206123499764872
Pseudodiploria190923,-0.0441342442717572
Pseudodiploria190925,-0.138401186808937
Pseudodiploria190926,0.133047007306172
Pseudodiploria190927,-0.0794947690730128
Pseudodiploria190928,-0.0135711312840329
Pseudodiploria190929,-0.118464944051663
Pseudodiploria190931,0.00977863950530451
Pseudodiploria190933,-0.0484011761577907
Pseudodiploria190938,0.12893967486667
Pseudodiploria190939,-0.0770820934545336
Pseudodiploria190940,-0.164706810599559
Pseudodiploria190941,0.0908812335766666
Pseudodiploria190944,0.227491378977417
Pseudodiploria190946,-0.166795524119987
Pseudodiploria190947,0.45466580700572
Pseudodiploria190949,0.0567597765560368
Pseudodiploria190951,0.15642902222958
Pseudodiploria190959,0.0482282598327323
Pseudodiploria190960,-0.174505111214416
Pseudodiploria190961,0.53523380371619
Pseudodiploria190962,0.197745551504638
Pseudodiploria190963,-0.0964452156133617
Pseudodiploria190965,0.00766449848869811
Pseudodiploria190966,-0.0726809997176615
Pseudodiploria190967,0.177054716565009
Pseudodiploria190969,0.00752070592628983
Pseudodiploria190971,-0.48343428705931
Pseudodiploria190976,0.0865076338714196
Pseudodiploria190977,-0.579427149668104
Pseudodiploria190978,0.601108055905012
Pseudodiploria190979,-0.227062985752272
Pseudodiploria190983,0.308514605664948
Pseudodiploria190988,-0.0127326110625214
Pseudodiploria190989,-0.266354550902525
Pseudodiploria190991,0.157366019388201
Pseudodiploria190993,-0.138371719734911
Pseudodiploria190994,-0.251579468489661
Pseudodiploria190995,-0.0363069550932192
Pseudodiploria190996,0.0416565018479693
Pseudodiploria190997,0.044970970476164
Pseudodiploria190998,0.389959519710572
Pseudodiploria190999,-0.0347365564982062
Pseudodiploria191000,0.104163742286449
Pseudodiploria191002,-0.0197232850744253
Pseudodiploria191003,0.0796305238777171
Pseudodiploria191004,-0.0456985762646337
Pseudodiploria191005,0.0418623527504418
Pseudodiploria191013,0.247628929115566
Pseudodiploria191014,-0.00570804446757688
Pseudodiploria191015,-0.073312399762339
Pseudodiploria191017,0.00259383844789118
Pseudodiploria191020,0.203184855282897
Pseudodiploria191021,0.0704857852367197
Pseudodiploria191022,0.05015437695734
Pseudodiploria191024,-0.165728085784186
Pseudodiploria191031,0.119952086912682
Pseudodiploria191037,0.173709184482145
Pseudodiploria191038,-0.195388434709121
Pseudodiploria191044,0.293218333066338
Pseudodiploria191046,0.28549857324512
Pseudodiploria191047,0.0430214295963003
Pseudodiploria191053,-0.0835436007427772
Pseudodiploria191058,-0.0586814332799396
Pseudodiploria191060,-0.00504543176228622
Pseudodiploria191061,-0.118571361228379
Pseudodiploria191062,0.175135246117648
Pseudodiploria191063,0.00180881968851615
Pseudodiploria191064,-0.0274719663019338
Pseudodiploria191065,0.00448954283607219
Pseudodiploria191066,0.00441985355920151
Pseudodiploria191068,0.0406792655363461
Pseudodiploria191071,-0.125657172329744
Pseudodiploria191073,-0.57870314713691
Pseudodiploria191075,-0.0220934162771759
Pseudodiploria191076,0.0132081293824519
Pseudodiploria191077,-0.137167704167093
Pseudodiploria191078,0.190550646674047
Pseudodiploria191079,0.0436393190118737
Pseudodiploria191080,0.12893967486667
Pseudodiploria191082,-0.00752070592628983
Pseudodiploria191085,-0.107271972101072
Pseudodiploria191086,0.36356646026996
Pseudodiploria191087,0.228525065847049
Pseudodiploria191088,-0.0947655751704009
Pseudodiploria191089,-0.00708040686669002
Pseudodiploria191090,0.0747360910296186
Pseudodiploria191091,-0.0539984190905284
Pseudodiploria191092,0.144444342505109
Pseudodiploria191094,0.11390166887851
Pseudodiploria191096,0.13542578668654
Pseudodiploria191097,0.0619014981324445
Pseudodiploria191098,0.199027345968153
Pseudodiploria191099,-0.578003810024149
Pseudodiploria191102,0.0466615863061294
Pseudodiploria191106,0.217497355832397
Pseudodiploria191107,0.0471986789232492
Pseudodiploria191114,-0.230573127426522
Pseudodiploria191115,0.0726125579484285
Pseudodiploria191118,-0.15792563939173
Pseudodiploria191119,-0.118464944051663
Pseudodiploria191121,0.0767989350765377
Pseudodiploria191126,-0.0586814332799396
Pseudodiploria191128,-0.183091141039088
Pseudodiploria191129,0.128138712893503
Pseudodiploria191131,0.45466580700572
Pseudodiploria191133,0.115829219387599
Pseudodiploria191135,0.09649480453173
Pseudodiploria191137,0.40725973762747
Pseudodiploria191144,-0.142473258683416
Pseudodiploria191145,-0.163241886335715
Pseudodiploria191146,0.0843353423824519
Pseudodiploria191148,-0.0474587552994343
Pseudodiploria19115,0.0378323452122705
Pseudodiploria191151,0.0636485716766023
Pseudodiploria191153,-0.0565030399220348
Pseudodiploria191154,0.0207216752753856
Pseudodiploria191156,-0.0160805984555542
Pseudodiploria191158,0.054786695813094
Pseudodiploria191159,-0.079501777321835
Pseudodiploria191162,0.089249147150454
Pseudodiploria191163,0.110370110851679
Pseudodiploria191164,-0.124093005204587
Pseudodiploria191168,0.0378323452122705
Pseudodiploria191169,-0.0761107756517951
Pseudodiploria191170,0.45466580700572
Pseudodiploria191172,-0.014771991148648
Pseudodiploria191173,0.0132892528508793
Pseudodiploria191176,0.079336957143971
Pseudodiploria191177,-0.0112179051449366
Pseudodiploria191180,0.123709509414732
Pseudodiploria191182,-0.229924325340898
Pseudodiploria191184,0.145773130749349
Pseudodiploria191187,-0.0796305238777171
Pseudodiploria191188,-0.259690070663738
Pseudodiploria191193,-0.0568555923794353
Pseudodiploria191195,0.00147262478851384
Pseudodiploria191196,-0.167944674666589
Pseudodiploria191198,-0.538386824063258
Pseudodiploria191200,0.0871838123786326
Pseudodiploria191201,-0.266793027972541
Pseudodiploria191202,0.0506831300934327
Pseudodiploria191203,-0.230552301309832
Pseudodiploria191208,-0.0365363376757434
Pseudodiploria191212,-0.0199399861125843
Pseudodiploria191214,0.606401839854101
Pseudodiploria191216,-0.207380378631476
Pseudodiploria191219,0.342915890227265
Pseudodiploria191221,0.0432685036473449
Pseudodiploria191222,0.00887057842557879
Pseudodiploria191223,0.128461106305692
Pseudodiploria191225,0.217274492389934
Pseudodiploria191226,0.0699589824709768
Pseudodiploria191229,0.0378323452122705
Pseudodiploria191231,-0.0378323452122705
Pseudodiploria191233,-0.0236524432716372
Pseudodiploria191234,0.0348547361167997
Pseudodiploria191235,0.098066159992378
Pseudodiploria191238,-0.179018087570294
Pseudodiploria191243,-0.0127326110625214
Pseudodiploria191245,0.103246333881922
Pseudodiploria191249,0.0827258252961804
Pseudodiploria191250,0.00798203736345584
Pseudodiploria191252,-0.00798203736345584
Pseudodiploria191253,0.0753449958098662
Pseudodiploria191254,-0.206452680881308
Pseudodiploria191255,0.116551527426381
Pseudodiploria191256,-0.0474190908279118
Pseudodiploria191260,0.31164306386722
Pseudodiploria191264,0.0760030716534433
Pseudodiploria191266,-0.284380213404278
Pseudodiploria191268,0.0260591287877922
Pseudodiploria191269,-0.0918334631404722
Pseudodiploria191271,0.149882172213734
Pseudodiploria191274,0.0135711312840329
Pseudodiploria191275,0.0706946628805333
Pseudodiploria191277,0.0202541844979187
Pseudodiploria191280,-0.0567628725715538
Pseudodiploria191282,-0.388842462154508
Pseudodiploria191283,0.00752070592628983
Pseudodiploria191287,-0.175419303414029
Pseudodiploria191289,-0.185749215104779
Pseudodiploria191290,-0.676182115781251
Pseudodiploria191291,0.0113242561758816
Pseudodiploria191292,0.0709165452936918
Pseudodiploria191294,0.0563876924282094
Pseudodiploria191298,-0.0711126750736089
Pseudodiploria191302,-0.173298203746362
Pseudodiploria191304,-0.0314869001051083
Pseudodiploria191305,0.0440307390409587
Pseudodiploria191306,0.0258281312591561
Pseudodiploria191307,-0.0200981216376129
Pseudodiploria191309,0.156219997545398
Pseudodiploria191310,-0.0265369947492109
Pseudodiploria191313,-0.159212962333223
Pseudodiploria191316,0.0488551825377031
Pseudodiploria191317,-0.0225471216027452
Pseudodiploria191318,0.00731908876194208
Pseudodiploria191320,-0.0776149599000192
Pseudodiploria191323,-0.506916484239064
Pseudodiploria191326,0.0166641142059894
Pseudodiploria191327,0.661156788333819
Pseudodiploria191331,0.119952086912682
Pseudodiploria191333,0.680593754878843
Pseudodiploria191334,-0.871380292592311
Pseudodiploria191335,0.148692302791679
Pseudodiploria191336,0.101527677771297
Pseudodiploria191338,0.15091825408934
Pseudodiploria191340,-0.198947385096198
Pseudodiploria191341,-0.891856809349454
Pseudodiploria191346,0.930024221495392
Pseudodiploria191347,0.444089939426712
Pseudodiploria191348,0.0427422571584745
Pseudodiploria191355,0.00787907273911162
Pseudodiploria191357,-0.175223201486934
Pseudodiploria191358,-0.0918334631404722
Pseudodiploria191361,-0.00378286942933891
Pseudodiploria191365,0.137577304634146
Pseudodiploria191366,-0.0474190908279118
Pseudodiploria191371,0.131661193189697
Pseudodiploria191372,-0.118571361228379
Pseudodiploria191374,0.838107771075276
Pseudodiploria191376,-0.343097064972705
Pseudodiploria191378,-0.0133748999095633
Pseudodiploria191380,-0.204950364908108
Pseudodiploria191381,0.0170805435282476
Pseudodiploria191383,-0.0134629105566343
Pseudodiploria191384,-0.00204318613129482
Pseudodiploria191385,-0.0235055354055211
Pseudodiploria191386,-0.284808341672251
Pseudodiploria191387,0.441034041350119
Pseudodiploria191391,0.0520373403286872
Pseudodiploria191392,-0.105255273333736
Pseudodiploria191393,-0.0124858718914155
Pseudodiploria191395,0.290252498127467
Pseudodiploria191397,0.0213304364996912
Pseudodiploria191403,-0.00887057842557879
Pseudodiploria191404,-0.00116229498903307
Pseudodiploria191408,0.159226802045841
Pseudodiploria191409,-0.00672938386041195
Pseudodiploria191410,-0.0154255109839881
Pseudodiploria191411,-0.0543359526864829
Pseudodiploria191414,0.0466615863061294
Pseudodiploria191416,0.0515140866605981
Pseudodiploria191419,0.191395648801431
Pseudodiploria191421,0.0360410597649232
Pseudodiploria191422,0.0137195671248525
Pseudodiploria191423,0.269916353246608
Pseudodiploria191426,-0.222835605477077
Pseudodiploria191427,-0.0704857852367197
Pseudodiploria191430,-0.119898216295177
Pseudodiploria191431,0.28549857324512
Pseudodiploria191433,-0.0133402864814178
Pseudodiploria191438,0.345349864984144
Pseudodiploria191439,-0.267490143348514
Pseudodiploria191440,-0.018945603640231
Pseudodiploria191441,0.029157696597931
Pseudodiploria191442,0.0378323452122705
Pseudodiploria191443,-0.47778428401087
Pseudodiploria191444,-0.252773270606782
Pseudodiploria191445,-0.137325081162437
Pseudodiploria191447,0.199027345968153
Pseudodiploria191451,-0.102595070691026
Pseudodiploria191452,0.0136855641795666
Pseudodiploria191453,0.567937953020149
Pseudodiploria191455,0.0225471216027452
Pseudodiploria191456,-0.0513050064663257
Pseudodiploria191458,0.276795664448246
Pseudodiploria191459,0.049891849128759
Pseudodiploria191460,0.0663556621054483
Pseudodiploria191463,-0.308406514099931
Pseudodiploria191467,0.0218584812324132
Pseudodiploria191468,-0.0430214295963003
Pseudodiploria191469,0.0562030440887758
Pseudodiploria191470,-0.0305252162938733
Pseudodiploria191473,-0.672445361097508
Pseudodiploria191476,0.0971641955374569
Pseudodiploria191477,0.0119433755140726
Pseudodiploria191480,-0.225112246829203
Pseudodiploria191481,0.194181056883482
Pseudodiploria191482,-0.168288103256413
Pseudodiploria191483,-0.0730645662000136
Pseudodiploria191484,0.33947114591294
Pseudodiploria191485,-0.00448954283607219
Pseudodiploria191489,-0.107691703350344
Pseudodiploria191491,0.0838232928622335
Pseudodiploria191495,-0.468378297248796
Pseudodiploria191496,0.0367743648887114
Pseudodiploria191497,-0.606401839854101
Pseudodiploria191498,0.0458905892039757
Pseudodiploria191501,0.00572739020945785
Pseudodiploria191504,-0.173298203746362
Pseudodiploria191505,-0.02096402750002
Pseudodiploria191506,0.0471986789232492
Pseudodiploria191507,-0.0398790822661408
Pseudodiploria191508,0.0324893712441559
Pseudodiploria191510,-0.0204262786567883
Pseudodiploria191511,0.0554949745242309
Pseudodiploria191512,-0.0512938977334132
Pseudodiploria191517,0.0665236267356213
Pseudodiploria191523,-0.252694334307014
Pseudodiploria191525,0.166595001313353
Pseudodiploria191527,0.188866149245849
Pseudodiploria191528,0.00752070592628983
Pseudodiploria191531,-0.0823334438480355
Pseudodiploria191533,0.0491831665153985
Pseudodiploria191534,-0.0170805435282476
Pseudodiploria191536,0.533453342330799
Pseudodiploria191537,-0.0381961759665738
Pseudodiploria191538,0.0554949745242309
Pseudodiploria191544,-0.000906905741636383
Pseudodiploria191545,1.30885413266423
Pseudodiploria191546,-0.310298766590114
Pseudodiploria191547,0.0228810321846523
Pseudodiploria191549,0.0307386535386753
Pseudodiploria191553,-0.45466580700572
Pseudodiploria191556,0.00669490282341408
Pseudodiploria191557,0.0422462499033459
Pseudodiploria191559,-0.0932239612971331
Pseudodiploria191560,0.0322148406289241
Pseudodiploria191563,-0.250577035026978
Pseudodiploria191565,-0.497679813719705
Pseudodiploria191566,-0.180805681392842
Pseudodiploria191567,0.258476143993594
Pseudodiploria191568,-0.0655784326363322
Pseudodiploria191569,-0.0443979552178925
Pseudodiploria191571,0.0973989807530408
Pseudodiploria191575,-0.0868335106979527
Pseudodiploria191576,-0.393168984165899
Pseudodiploria191578,-0.105487249359108
Pseudodiploria191580,-0.420538769321778
Pseudodiploria191581,-0.0607406253705033
Pseudodiploria191583,-0.0583297927224579
Pseudodiploria191584,0.124012066144799
Pseudodiploria191587,0.00259383844789118
Pseudodiploria191589,0.0824729825666632
Pseudodiploria191594,0.169206030745531
Pseudodiploria191595,0.287419514251556
Pseudodiploria191597,-0.0236524432716372
Pseudodiploria191599,-0.00220662646542392
Pseudodiploria191606,-0.078203363275994
Pseudodiploria191608,0.567937953020149
Pseudodiploria191612,-0.520646283831049
Pseudodiploria191615,-0.0609155419451495
Pseudodiploria191617,0.208655990597199
Pseudodiploria191621,-0.22479670354555
Pseudodiploria191626,0.182007776752205
Pseudodiploria191629,-0.0186826727821004
Pseudodiploria191634,0.0277477597472615
Pseudodiploria191635,0.459630693482747
Pseudodiploria191637,0.0813597975032887
Pseudodiploria191642,-0.784281444759395
Pseudodiploria191643,-0.00672938386041195
Pseudodiploria191644,-0.118571361228379
Pseudodiploria191645,-0.0624978577576575
Pseudodiploria191647,0.0942177466077004
Pseudodiploria191648,-0.0675138825620375
Pseudodiploria191655,-0.0826904216282726
Pseudodiploria191661,0.00887057842557879
Pseudodiploria191662,0.0484011761577907
Pseudodiploria191663,-0.11833183359928
Pseudodiploria191664,-0.0474190908279118
Pseudodiploria191665,0.258287370184475
Pseudodiploria191666,0.468248411113312
Pseudodiploria191669,0.00202139573274853
Pseudodiploria191670,0.0120129130357495
Pseudodiploria191673,-0.396876840559469
Pseudodiploria191674,0.0735525240267954
Pseudodiploria191679,-0.116133691014373
Pseudodiploria191680,-0.112012082473997
Pseudodiploria191681,1.24844604763665
Pseudodiploria191683,-0.0378323452122705
Pseudodiploria191684,0.0393464129388693
Pseudodiploria191688,0.219708553140657
Pseudodiploria191691,-0.00851542474372167
Pseudodiploria191693,-0.0753449958098662
Pseudodiploria191694,0.0195242042229252
Pseudodiploria191695,-0.0285632203701986
Pseudodiploria191699,0.0569740844958047
Pseudodiploria191700,-0.522407004019571
Pseudodiploria191701,0.564837713453326
Pseudodiploria191703,0.56078515309372
Pseudodiploria191705,-0.231735219698234
Pseudodiploria191706,-0.386337432486384
Pseudodiploria191707,0.171760022707533
Pseudodiploria191708,0.0678007668911993
Pseudodiploria191709,0.38629997270796
Pseudodiploria191712,0.0170805435282476
Pseudodiploria191715,0.00829015913475163
Pseudodiploria191722,-0.00867980296142241
Pseudodiploria191723,0.382497691784273
Pseudodiploria191729,0.0768229406557132
Pseudodiploria191734,-0.120847206246466
Pseudodiploria191736,0.0350417039773661
Pseudodiploria191737,-0.200134702478709
Pseudodiploria191741,-0.00708040686669002
Pseudodiploria191743,0.299211716226015
Pseudodiploria191747,0.028704404766416
Pseudodiploria191748,0.0530582866011843
Pseudodiploria191750,0.120456335557362
Pseudodiploria191751,-0.116100913382591
Pseudodiploria191753,0.522665279776342
Pseudodiploria191755,-0.0172430971129502
Pseudodiploria191756,0.28585545055649
Pseudodiploria191758,0.119165379621059
Pseudodiploria191759,0.0512938977334132
Pseudodiploria191761,0.0414716029346001
Pseudodiploria191765,0.12473061322903
Pseudodiploria191766,0.0251809822549863
Pseudodiploria191767,-0.00159926346351611
Pseudodiploria191769,-0.0873203700109599
Pseudodiploria191770,0.018945603640231
Pseudodiploria191771,0.0315524364500458
Pseudodiploria191773,0.035961102075781
Pseudodiploria191778,0.0482068129576079
Pseudodiploria191779,-0.00675518697838431
Pseudodiploria191781,0.0656060792760945
Pseudodiploria191782,-0.0123739815678352
Pseudodiploria191784,-0.0735525240267954
Pseudodiploria191786,0.0148254718371882
Pseudodiploria191787,-0.0027216740068393
Pseudodiploria191790,0.0894573739645299
Pseudodiploria191791,0.0220046331725449
Pseudodiploria191792,0.183546873042974
Pseudodiploria191793,-0.068494176800603
Pseudodiploria191795,0.00798203736345584
Pseudodiploria191797,0.00975523343160469
Pseudodiploria191800,-0.15091825408934
Pseudodiploria191803,0.347317321967757
Pseudodiploria191806,-0.131661193189697
Pseudodiploria191809,0.106229844335489
Pseudodiploria191810,0.317788239156078
Pseudodiploria191811,-0.0086626098854053
Pseudodiploria191815,0.0164125108924786
Pseudodiploria191818,0.342915890227265
Pseudodiploria191819,-0.172251964558848
Pseudodiploria191820,0.0334775288075854
Pseudodiploria191821,0.357850013174943
Pseudodiploria191822,0.00755845963943079
Pseudodiploria191823,-9.16667908461745
Pseudodiploria191824,0.00667413702969058
Pseudodiploria191825,0.165053931223986
Pseudodiploria191826,0.158402629056949
Pseudodiploria191827,0.220719149719096
Pseudodiploria191829,0.40438779584097
Pseudodiploria191832,0.044970970476164
Pseudodiploria191838,0.388271028983465
Pseudodiploria191840,-0.000229606844135977
Pseudodiploria191842,0.859735997306112
Pseudodiploria191845,0.0272621271304381
Pseudodiploria191846,-0.0586814332799396
Pseudodiploria191847,-0.0408267759713635
Pseudodiploria191848,0.00596748165965298
Pseudodiploria191849,-0.00694441813063382
Pseudodiploria191851,0.230521369107019
Pseudodiploria191853,-0.197009148565958
Pseudodiploria191854,0.267490143348514
Pseudodiploria191861,0.205969981717763
Pseudodiploria191862,0.00633718335556019
Pseudodiploria191863,-0.200998921049476
Pseudodiploria191864,0.113740649301514
Pseudodiploria191865,-0.00887057842557879
Pseudodiploria191869,-0.0242684827958791
Pseudodiploria191870,0.215838079272981
Pseudodiploria191872,0.0871335912478651
Pseudodiploria191875,0.020608594979212
Pseudodiploria191876,0.0830214401593663
Pseudodiploria191877,-0.222133664000393
Pseudodiploria191878,0.0813597975032887
Pseudodiploria191879,0.441830556022771
Pseudodiploria191880,-0.0466615863061294
Pseudodiploria191884,0.277821058229124
Pseudodiploria191886,0.299211716226015
Pseudodiploria191890,0.267490143348514
Pseudodiploria191891,-0.00402446899733638
Pseudodiploria191892,0.133331424083498
Pseudodiploria191893,1.4296383969277
Pseudodiploria191895,-0.106229844335489
Pseudodiploria191896,0.10777766647629
Pseudodiploria191902,0.0229171369692217
Pseudodiploria191904,0.157366019388201
Pseudodiploria191907,-0.0749543679248248
Pseudodiploria191908,0.0556542400654277
Pseudodiploria191910,-0.000906905741636383
Pseudodiploria191911,-0.169133478425328
Pseudodiploria191912,-0.131661193189697
Pseudodiploria191915,-0.0228810321846523
Pseudodiploria191916,-0.294783842677965
Pseudodiploria191920,0.02057941079348
Pseudodiploria191921,-0.0360410597649232
Pseudodiploria191923,0.355945572228242
Pseudodiploria191927,-0.164094830727588
Pseudodiploria191928,-0.194860538817694
Pseudodiploria191929,-0.274622280085846
Pseudodiploria191933,0.208211997578557
Pseudodiploria191934,-0.252809606289538
Pseudodiploria191936,0.0384916773899377
Pseudodiploria191937,0.247837143439911
Pseudodiploria191943,-0.0634924940292385
Pseudodiploria191949,-0.010615962086317
Pseudodiploria191950,0.608871948195711
Pseudodiploria191951,0.0761183602513037
Pseudodiploria191952,-0.493945782041136
Pseudodiploria191953,-0.000906905741636383
Pseudodiploria191956,1.49934832040303
Pseudodiploria191958,0.0609155419451495
Pseudodiploria191959,-0.185883596863383
Pseudodiploria191960,0.0308324102543508
Pseudodiploria191962,0.0341668308378025
Pseudodiploria191963,-0.0294559680400094
Pseudodiploria191964,-0.139813616758646
Pseudodiploria191965,-0.00199210458997077
Pseudodiploria191966,-0.859735997306112
Pseudodiploria191967,0.110121621194454
Pseudodiploria191968,0.355670440493477
Pseudodiploria191971,-0.036854895284453
Pseudodiploria191974,-0.0753449958098662
Pseudodiploria191976,-0.0963246589542052
Pseudodiploria191979,0.21868741674578
Pseudodiploria191981,-0.0418623527504418
Pseudodiploria191982,0.48008289508304
Pseudodiploria191983,-0.142473258683416
Pseudodiploria191985,0.359908606561235
Pseudodiploria191986,-0.438984998558012
Pseudodiploria191987,0.0586814332799396
Pseudodiploria191988,-0.0099820937042327
Pseudodiploria191991,0.0750682162741298
Pseudodiploria191992,-0.026594561689931
Pseudodiploria191993,-0.0127326110625214
Pseudodiploria191994,0.0472234365621794
Pseudodiploria191996,0.0418987592780084
Pseudodiploria191997,-0.178410045155115
Pseudodiploria191998,0.0348547361167997
Pseudodiploria191999,-0.106229844335489
Pseudodiploria1920,0.179246560951415
Pseudodiploria192001,0.0306921275187215
Pseudodiploria192005,-0.284808341672251
Pseudodiploria192007,0.116551527426381
Pseudodiploria192008,-0.116551527426381
Pseudodiploria192010,-0.102990881020503
Pseudodiploria192012,0.433773656990231
Pseudodiploria192013,0.172021189304938
Pseudodiploria192016,0.0810378829563655
Pseudodiploria192017,-0.00672938386041195
Pseudodiploria192019,-0.0838104773929043
Pseudodiploria192020,-0.405115180499156
Pseudodiploria192021,-0.0443979552178925
Pseudodiploria192023,0.000891193663010984
Pseudodiploria192024,-0.103801737702381
Pseudodiploria192026,-0.03294002931616
Pseudodiploria192027,-0.00752070592628983
Pseudodiploria192028,0.0217048141592268
Pseudodiploria192031,0.332115529417382
Pseudodiploria192032,0.0145490282755426
Pseudodiploria192033,0.0196296786496935
Pseudodiploria192035,0.136965868136308
Pseudodiploria192036,0.0218847736316916
Pseudodiploria192037,0.0418623527504418
Pseudodiploria192038,0.0153392075238953
Pseudodiploria192042,-0.117495952644335
Pseudodiploria192044,-0.312635789338237
Pseudodiploria192045,-0.0152136949901382
Pseudodiploria192046,0.0211665754106414
Pseudodiploria192048,-0.0926023590634774
Pseudodiploria192050,0.00798203736345584
Pseudodiploria192052,0.0221084579834849
Pseudodiploria192053,-0.319959877860988
Pseudodiploria192058,-0.0172801063780799
Pseudodiploria192060,-0.0134103613476441
Pseudodiploria192061,-0.0586814332799396
Pseudodiploria192066,-0.296987591248989
Pseudodiploria192067,0.149882172213734
Pseudodiploria192068,0.285310313056446
Pseudodiploria192069,0.0127326110625214
Pseudodiploria192070,-0.0866926887777341
Pseudodiploria192073,0.0147973214901052
Pseudodiploria192074,0.00212747895569464
Pseudodiploria192075,0.18754828036727
Pseudodiploria192079,0.0072044161971498
Pseudodiploria192081,0.313515870399348
Pseudodiploria192082,0.342915890227265
Pseudodiploria192084,-0.104929301798692
Pseudodiploria192085,-0.0617959430467328
Pseudodiploria192087,-0.0775353033803793
Pseudodiploria192089,-0.243209907829441
Pseudodiploria192090,-0.00220662646542392
Pseudodiploria192092,-0.00166141030854283
Pseudodiploria192098,-0.0629712670662687
Pseudodiploria192099,-0.0813067289933885
Pseudodiploria192100,-0.00752070592628983
Pseudodiploria192101,-0.0543359526864829
Pseudodiploria192102,0.302093010604825
Pseudodiploria192103,0.0305252162938733
Pseudodiploria192106,0.206103178882449
Pseudodiploria192107,-0.588597576478405
Pseudodiploria192111,-0.167676854876062
Pseudodiploria192114,0.267727649965258
Pseudodiploria192116,0.00633718335556019
Pseudodiploria192117,0.0224961307482877
Pseudodiploria192118,-0.241733219331727
Pseudodiploria192121,-0.0503846406604819
Pseudodiploria192122,0.15882884495956
Pseudodiploria192123,0.0804097321017578
Pseudodiploria192124,0.0404374951137951
Pseudodiploria192126,-0.024688394966228
Pseudodiploria192127,0.038795081228185
Pseudodiploria192129,0.0377633284405683
Pseudodiploria192130,-0.00869058872812566
Pseudodiploria192132,0.204950364908108
Pseudodiploria192133,-0.00807311254428622
Pseudodiploria192135,-0.134007090402419
Pseudodiploria192137,-0.0133121207424106
Pseudodiploria192139,0.0177255841891697
Pseudodiploria192144,0.0932239612971331
Pseudodiploria192148,0.282947942465085
Pseudodiploria192150,-0.127035259580983
Pseudodiploria192151,0.0267076200181193
Pseudodiploria192152,-0.161957533374491
Pseudodiploria192153,0.166738179044999
Pseudodiploria192155,0.0205636009527507
Pseudodiploria192160,0.00752070592628983
Pseudodiploria192162,0.0306558594668759
Pseudodiploria192163,0.00887057842557879
Pseudodiploria192165,-0.0814937105649453
Pseudodiploria192166,-0.00220662646542392
Pseudodiploria192168,0.0122310568171306
Pseudodiploria192171,0.0190866029545538
Pseudodiploria192173,0.118464944051663
Pseudodiploria192174,-0.00985575228013465
Pseudodiploria192175,0.0112179051449366
Pseudodiploria192177,-0.0177746559089545
Pseudodiploria192180,0.174079017170559
Pseudodiploria192181,0.846242196435736
Pseudodiploria192182,0.0305252162938733
Pseudodiploria192183,-0.0671383507623098
Pseudodiploria192184,0.00752070592628983
Pseudodiploria192185,-0.202799801633538
Pseudodiploria192190,0.0498596767144571
Pseudodiploria192194,-0.10901492881863
Pseudodiploria192195,0.068494176800603
Pseudodiploria192197,-0.00150084064563322
Pseudodiploria192198,0.0533896186156034
Pseudodiploria192204,0.0835144789112222
Pseudodiploria192205,0.32013961282104
Pseudodiploria192206,0.00910270206065815
Pseudodiploria192209,-0.0179859062107187
Pseudodiploria192210,0.00691214876022797
Pseudodiploria192211,0.0418695108178824
Pseudodiploria192212,-0.0317360721587433
Pseudodiploria192213,-0.51183270035581
Pseudodiploria192219,0.523839046113245
Pseudodiploria192220,0.293218333066338
Pseudodiploria192221,-0.672445361097508
Pseudodiploria192222,0.00609125227080745
Pseudodiploria192223,0.355670440493477
Pseudodiploria192225,-0.000906905741636383
Pseudodiploria192226,-0.00220662646542392
Pseudodiploria192228,-0.275830706261985
Pseudodiploria192230,-0.00872003919940135
Pseudodiploria192232,0.136999297853957
Pseudodiploria192235,0.135245819444266
Pseudodiploria192236,0.00887057842557879
Pseudodiploria192237,-0.00318333553466577
Pseudodiploria192239,0.137167704167093
Pseudodiploria192241,-0.105632171959387
Pseudodiploria192242,-0.0122310568171306
Pseudodiploria192246,0.182375333158728
Pseudodiploria192247,-0.0586814332799396
Pseudodiploria192253,0.293218333066338
Pseudodiploria192254,0.0694352906352457
Pseudodiploria192255,-0.778748322150164
Pseudodiploria192256,0.0571709053794902
Pseudodiploria192264,0.183094600388754
Pseudodiploria192265,-0.0549656491984672
Pseudodiploria192267,-0.00752070592628983
Pseudodiploria192269,-0.00286338823494678
Pseudodiploria192270,0.224547408107713
Pseudodiploria192272,-0.0715024265285128
Pseudodiploria192273,0.333570901055926
Pseudodiploria192276,0.0211665754106414
Pseudodiploria192279,0.00212747895569464
Pseudodiploria192282,-0.00867980296142241
Pseudodiploria192283,-0.042983299459232
Pseudodiploria192284,-0.00443670744406629
Pseudodiploria192286,0.0645104216199926
Pseudodiploria192287,-0.0354048109989756
Pseudodiploria192288,-0.12679622167885
Pseudodiploria192290,-0.266738376289722
Pseudodiploria192293,-0.364333089984997
Pseudodiploria192296,0.0388524889531566
Pseudodiploria192297,0.0498596767144571
Pseudodiploria192298,-0.0360410597649232
Pseudodiploria192302,-0.068494176800603
Pseudodiploria192303,-0.000906905741636383
Pseudodiploria192309,-0.183608436428939
Pseudodiploria192310,-0.135245819444266
Pseudodiploria192312,-0.0257272646151313
Pseudodiploria192313,0.0707394449511991
Pseudodiploria192314,-0.136999297853957
Pseudodiploria192315,0.0906490328864959
Pseudodiploria192316,0.123027562446927
Pseudodiploria192317,0.0868892341110022
Pseudodiploria192318,0.0228810321846523
Pseudodiploria192320,-0.00460445094605495
Pseudodiploria192323,0.00757446921316395
Pseudodiploria192325,-0.10901492881863
Pseudodiploria192327,0.0563357407914688
Pseudodiploria192329,0.101873103148277
Pseudodiploria192330,-0.0433975445906089
Pseudodiploria192334,-1.97141877127917
Pseudodiploria192336,-0.0214502164526184
Pseudodiploria192337,0.298088407432933
Pseudodiploria192339,0.0446813043164809
Pseudodiploria192340,0.00872003919940135
Pseudodiploria192341,0.486105454778308
Pseudodiploria192342,-0.0765741553685619
Pseudodiploria192343,-0.00837608172794265
Pseudodiploria192344,0.00411260588166191
Pseudodiploria192347,0.461683160157618
Pseudodiploria192348,-0.0768229406557132
Pseudodiploria192349,-0.0939336989981227
Pseudodiploria192351,0.0474190908279118
Pseudodiploria192361,0.119667970909608
Pseudodiploria192363,0.0267076200181193
Pseudodiploria192366,0.00108284017322824
Pseudodiploria192367,-0.245649848145397
Pseudodiploria192368,-0.00280164857429363
Pseudodiploria192376,-0.0135040452566329
Pseudodiploria192378,-0.00887057842557879
Pseudodiploria192381,0.121992067774412
Pseudodiploria192382,-0.00204318613129482
Pseudodiploria192383,-0.136288453750417
Pseudodiploria192384,0.0216939564682967
Pseudodiploria192385,0.0530582866011843
Pseudodiploria192390,0.0729057696048306
Pseudodiploria192395,-0.0390092250199808
Pseudodiploria192396,0.0225471216027452
Pseudodiploria192399,0.0624978577576575
Pseudodiploria192400,0.318501896926458
Pseudodiploria192401,0.462859436650504
Pseudodiploria192406,0.672445361097508
Pseudodiploria192408,0.00760419114014307
Pseudodiploria192415,0.0565030399220348
Pseudodiploria192416,-0.0520373403286872
Pseudodiploria192417,-0.0152136949901382
Pseudodiploria192419,-0.146374150113109
Pseudodiploria192421,0.0513641364801009
Pseudodiploria192422,0.124093005204587
Pseudodiploria192423,0.00464602739414049
Pseudodiploria192426,0.161068403610207
Pseudodiploria192427,0.260762993697447
Pseudodiploria192430,-0.00601783339266792
Pseudodiploria192431,-0.218403985717755
Pseudodiploria192432,-0.0265334997248099
Pseudodiploria192434,0.89953801275352
Pseudodiploria192436,-0.129983904906715
Pseudodiploria192439,0.324563397791703
Pseudodiploria192440,0.0228810321846523
Pseudodiploria192441,-0.118432857006476
Pseudodiploria192442,-0.0670780207577926
Pseudodiploria192443,0.109525350185043
Pseudodiploria192444,0.0107258645202738
Pseudodiploria192446,0.0308324102543508
Pseudodiploria192448,0.0331533515983598
Pseudodiploria192450,-0.00378286942933891
Pseudodiploria192454,-0.0639053552060063
Pseudodiploria192456,-0.103801737702381
Pseudodiploria192457,0.720829113547807
Pseudodiploria192460,-0.569607511743632
Pseudodiploria192463,-0.0503229980254534
Pseudodiploria192465,-0.0177746559089545
Pseudodiploria192469,-0.00916879395699909
Pseudodiploria192472,0.00464602739414049
Pseudodiploria192473,-0.0470900392121482
Pseudodiploria192474,0.139731547020529
Pseudodiploria192475,-0.0249027998155114
Pseudodiploria192477,0.00757843014938539
Pseudodiploria192478,0.0749936204519664
Pseudodiploria192481,0.02096402750002
Pseudodiploria192483,0.317062953619494
Pseudodiploria192484,-0.417070839063485
Pseudodiploria192485,-0.0432426440468662
Pseudodiploria192486,-0.182375333158728
Pseudodiploria192487,-0.132437145080829
Pseudodiploria192489,0.0513050064663257
Pseudodiploria192496,-0.0308324102543508
Pseudodiploria192497,-0.206452680881308
Pseudodiploria192498,-0.204375344546775
Pseudodiploria192504,0.0456985762646337
Pseudodiploria192505,-0.0058461777218429
Pseudodiploria192506,-0.867967751628203
Pseudodiploria192508,0.018945603640231
Pseudodiploria192509,-0.0309835033499481
Pseudodiploria192512,-0.205956030847809
Pseudodiploria192516,0.142473258683416
Pseudodiploria192517,0.15882884495956
Pseudodiploria192518,-0.135647102210625
Pseudodiploria192519,-0.00493906845320342
Pseudodiploria192523,-0.0674725928920806
Pseudodiploria192524,-0.257761192623984
Pseudodiploria192525,0.0464072743266316
Pseudodiploria192528,0.0305252162938733
Pseudodiploria192529,0.00163802745848834
Pseudodiploria192532,-0.0474190908279118
Pseudodiploria192536,-0.21605873794931
Pseudodiploria192537,-0.312635789338237
Pseudodiploria192542,0.183655547148259
Pseudodiploria192543,-0.00798203736345584
Pseudodiploria192544,-0.0715815438364036
Pseudodiploria192547,-0.0608091341806629
Pseudodiploria192548,-0.219708553140657
Pseudodiploria192550,0.315867020535199
Pseudodiploria192554,-0.0164235251322511
Pseudodiploria192560,-0.0378323452122705
Pseudodiploria192562,-0.0674471106881622
Pseudodiploria192564,0.0402702124076917
Pseudodiploria192565,0.0315524364500458
Pseudodiploria192567,0.168288103256413
Pseudodiploria192568,0.0942177466077004
Pseudodiploria192569,-0.0150965512519541
Pseudodiploria192570,0.0147716049570855
Pseudodiploria192572,0.0305252162938733
Pseudodiploria192573,0.0132892528508793
Pseudodiploria192575,0.0479875685228901
Pseudodiploria192576,0.00999133167041006
Pseudodiploria192577,0.509888123609598
Pseudodiploria192579,0.0220270958765204
Pseudodiploria192581,0.101527677771297
Pseudodiploria192582,0.0513050064663257
Pseudodiploria192584,-0.553039398895745
Pseudodiploria192587,-0.0114324180974738
Pseudodiploria192589,0.197009148565958
Pseudodiploria192590,0.0142288210346364
Pseudodiploria192591,0.170964556223876
Pseudodiploria192594,0.548652292423627
Pseudodiploria192596,-0.00464602739414049
Pseudodiploria192602,-0.000830259094999953
Pseudodiploria192603,0.0128065421028733
Pseudodiploria192604,0.137641604527895
Pseudodiploria192605,0.0942177466077004
Pseudodiploria192606,-0.028423542894023
Pseudodiploria192608,-0.029157696597931
Pseudodiploria192609,0.0726125579484285
Pseudodiploria192610,-0.0446813043164809
Pseudodiploria192611,0.044970970476164
Pseudodiploria192613,0.00283322773344166
Pseudodiploria192615,0.15117142406103
Pseudodiploria192616,-0.0644626863890871
Pseudodiploria192617,0.211274642369347
Pseudodiploria192622,-0.198947385096198
Pseudodiploria192623,-0.00212747895569464
Pseudodiploria192624,0.179018087570294
Pseudodiploria192625,-0.0843353423824519
Pseudodiploria192626,0.838107771075276
Pseudodiploria192629,0.427444445804285
Pseudodiploria192632,-0.115453009572258
Pseudodiploria192633,-0.0593916206543191
Pseudodiploria192636,-0.0418623527504418
Pseudodiploria192638,-0.014771991148648
Pseudodiploria192639,-0.0163231984243335
Pseudodiploria192640,-0.00602262609631687
Pseudodiploria192641,-0.386442562465707
Pseudodiploria192642,-0.00887057842557879
Pseudodiploria192643,-0.140865293404101
Pseudodiploria192644,-0.0206123499764872
Pseudodiploria192647,0.211177948901828
Pseudodiploria192648,-0.173727586527039
Pseudodiploria192649,-0.142473258683416
Pseudodiploria192650,1.7859950585629
Pseudodiploria192655,-0.180136467476209
Pseudodiploria192660,-0.00401815682185019
Pseudodiploria192661,0.302070787212758
Pseudodiploria192664,0.00667413702969058
Pseudodiploria192667,-0.119667970909608
Pseudodiploria192668,0.208519531508714
Pseudodiploria192669,0.0310466991219679
Pseudodiploria192671,0.0936794438119995
Pseudodiploria192672,-0.074902770616323
Pseudodiploria192675,-0.0498596767144571
Pseudodiploria192680,0.0165694951473312
Pseudodiploria192682,-0.287419514251556
Pseudodiploria192685,0.0384258684369373
Pseudodiploria192686,0.698034909853281
Pseudodiploria192687,-0.201208244036557
Pseudodiploria192688,-0.12893967486667
Pseudodiploria192689,0.234453288396163
Pseudodiploria192692,-0.0150727459990306
Pseudodiploria192698,0.0330837659048868
Pseudodiploria192699,-0.666714658881238
Pseudodiploria192700,-0.0228810321846523
Pseudodiploria192701,0.318715952877648
Pseudodiploria192702,-0.0363869484973127
Pseudodiploria192703,1.56007198087927
Pseudodiploria192705,-0.0726125579484285
Pseudodiploria192708,-0.287785136378036
Pseudodiploria192709,-0.0262209866827858
Pseudodiploria192712,0.0799287934047502
Pseudodiploria192713,2.28519912855097
Pseudodiploria192717,0.142473258683416
Pseudodiploria192718,-0.0228810321846523
Pseudodiploria192721,-0.302070787212758
Pseudodiploria192722,0.0152903917866385
Pseudodiploria192724,-0.172435568428568
Pseudodiploria192725,-0.176906539813935
Pseudodiploria192726,-0.115453009572258
Pseudodiploria192728,0.0760293459952663
Pseudodiploria192732,0.169206030745531
Pseudodiploria192733,0.0379839027238376
Pseudodiploria192735,0.0328440684013501
Pseudodiploria192736,-0.0466864333232595
Pseudodiploria192737,0.22479670354555
Pseudodiploria192739,0.107271972101072
Pseudodiploria192741,0.779694814274855
Pseudodiploria192744,-0.261766135928383
Pseudodiploria192747,0.330442398158854
Pseudodiploria192754,0.105632171959387
Pseudodiploria192756,-0.19969537758115
Pseudodiploria192757,0.00303112152210068
Pseudodiploria192758,-0.0586814332799396
Pseudodiploria192761,0.0685460438191488
Pseudodiploria192763,0.154490344518732
Pseudodiploria192766,0.0196296786496935
Pseudodiploria192767,-0.267727649965258
Pseudodiploria192768,0.480299469994118
Pseudodiploria192770,0.0112179051449366
Pseudodiploria192774,0.0562030440887758
Pseudodiploria192776,-0.0636616672227989
Pseudodiploria192778,-0.0100527836102448
Pseudodiploria192779,0.0164235251322511
Pseudodiploria192780,-0.0699589824709768
Pseudodiploria192781,-0.0267076200181193
Pseudodiploria192782,0.146958963229594
Pseudodiploria192783,0.0755405348072184
Pseudodiploria192785,0.0217488475683682
Pseudodiploria192787,0.0308126238931732
Pseudodiploria192788,-0.0799287934047502
Pseudodiploria192793,0.0113664418243331
Pseudodiploria192795,-0.458130753724606
Pseudodiploria192797,0.0151716742037521
Pseudodiploria192799,0.00887057842557879
Pseudodiploria192801,-0.068494176800603
Pseudodiploria192802,-0.197359056910633
Pseudodiploria192806,-0.307004978592723
Pseudodiploria192807,-0.0378323452122705
Pseudodiploria192808,-0.108768461299844
Pseudodiploria192811,-0.0200981216376129
Pseudodiploria192812,0.141928781920222
Pseudodiploria192814,-0.0497072970391567
Pseudodiploria192815,0.00204318613129482
Pseudodiploria192822,0.0516213150465251
Pseudodiploria192823,-0.054786695813094
Pseudodiploria192824,0.41614979162991
Pseudodiploria192825,-0.00402446899733638
Pseudodiploria192827,-0.149553133385637
Pseudodiploria192828,-0.182375333158728
Pseudodiploria192829,0.182375333158728
Pseudodiploria192833,0.27291156122461
Pseudodiploria192834,-0.0177746559089545
Pseudodiploria192836,0.118432857006476
Pseudodiploria192837,0.0172430971129502
Pseudodiploria192839,-0.0306921275187215
Pseudodiploria192840,0.42099892894695
Pseudodiploria192842,-0.00146470870235107
Pseudodiploria192843,0.00609125227080745
Pseudodiploria192844,0.0508056284544937
Pseudodiploria192845,0.784506426715722
Pseudodiploria192846,-0.0363869484973127
Pseudodiploria192849,0.0501004837903018
Pseudodiploria192850,0.36356646026996
Pseudodiploria192851,-0.207617409627905
Pseudodiploria192853,0.0442608727706354
Pseudodiploria192854,0.424618175738059
Pseudodiploria192856,-0.118464944051663
Pseudodiploria192862,0.0101115552988177
Pseudodiploria192864,-0.0644626863890871
Pseudodiploria192866,-0.598542217164165
Pseudodiploria192867,-0.0907358927552803
Pseudodiploria192870,0.137167704167093
Pseudodiploria192872,-0.00867980296142241
Pseudodiploria192873,-0.0182856789424413
Pseudodiploria192876,-0.0331533515983598
Pseudodiploria192877,0.016684257144296
Pseudodiploria192881,-0.0127900856229228
Pseudodiploria192883,-0.0948927534876678
Pseudodiploria192884,-0.295314356164425
Pseudodiploria192886,0.0586814332799396
Pseudodiploria192889,0.00286338823494678
Pseudodiploria192892,0.0520373403286872
Pseudodiploria192893,0.180805681392842
Pseudodiploria192895,0.0359980008461447
Pseudodiploria192899,-0.0586814332799396
Pseudodiploria192901,0.0228810321846523
Pseudodiploria192904,0.0503846406604819
Pseudodiploria192906,0.375370954354533
Pseudodiploria192907,0.0228810321846523
Pseudodiploria192908,-0.0656060792760945
Pseudodiploria192910,0.0652405123518387
Pseudodiploria192911,-0.416201746408434
Pseudodiploria192914,0.0242684827958791
Pseudodiploria192916,0.0671383507623098
Pseudodiploria192917,-0.231894794306648
Pseudodiploria192918,0.183426760149356
Pseudodiploria192920,-0.0113664418243331
Pseudodiploria192921,-0.0107258645202738
Pseudodiploria192927,0.0843353423824519
Pseudodiploria192932,-0.36356646026996
Pseudodiploria192934,-0.175306217165756
Pseudodiploria192935,-0.00402446899733638
Pseudodiploria192936,-0.192644934127405
Pseudodiploria192937,0.312397312678251
Pseudodiploria192938,-0.0474190908279118
Pseudodiploria192940,0.00633718335556019
Pseudodiploria192941,0.0398790822661408
Pseudodiploria192942,0.0803061936720361
Pseudodiploria192943,0.198947385096198
Pseudodiploria192944,0.310942900312969
Pseudodiploria192945,0.37205368289197
Pseudodiploria192947,0.0694217396557667
Pseudodiploria192949,0.00176471023644827
Pseudodiploria192952,0.782176434750175
Pseudodiploria192953,0.0544562066208369
Pseudodiploria192954,-0.0267076200181193
Pseudodiploria192958,0.0942177466077004
Pseudodiploria192960,-0.130531510045108
Pseudodiploria192963,0.0981478921732105
Pseudodiploria192964,0.341421877444623
Pseudodiploria192965,0.15882884495956
Pseudodiploria192966,0.0338499835375908
Pseudodiploria192967,0.08838600602014
Pseudodiploria192968,-0.037571242869934
Pseudodiploria192970,-0.0402457441816118
Pseudodiploria192971,-0.0803106741710958
Pseudodiploria192972,-0.0699589824709768
Pseudodiploria192974,-0.0898842258653315
Pseudodiploria192975,0.172021189304938
Pseudodiploria192976,-0.0186880829209311
Pseudodiploria192977,0.0128065421028733
Pseudodiploria192979,0.0839186001135885
Pseudodiploria192980,-0.122949539717688
Pseudodiploria192982,-0.0544562066208369
Pseudodiploria192983,0.0824729825666632
Pseudodiploria192985,-0.0170805435282476
Pseudodiploria192986,-0.0803106741710958
Pseudodiploria192987,-0.115453009572258
Pseudodiploria192988,0.00757843014938539
Pseudodiploria192992,0.0250462939344542
Pseudodiploria192993,-0.360828974261069
Pseudodiploria192994,0.0857590950063657
Pseudodiploria192996,-0.376722277831848
Pseudodiploria192997,0.606401839854101
Pseudodiploria192998,0.356100160107821
Pseudodiploria192999,0.420758902144461
Pseudodiploria193000,0.0354048109989756
Pseudodiploria193001,0.0038680059421758
Pseudodiploria193002,0.00633718335556019
Pseudodiploria193003,0.0113664418243331
Pseudodiploria193005,0.118432857006476
Pseudodiploria193006,-0.122601704974905
Pseudodiploria193008,0.209836284912244
Pseudodiploria193009,-1.03181642959776
Pseudodiploria193010,-0.0084282446367572
Pseudodiploria193011,0.00135557974001646
Pseudodiploria193012,-0.0629712670662687
Pseudodiploria193013,0.310298766590114
Pseudodiploria193015,-0.194860538817694
Pseudodiploria193016,0.0416565018479693
Pseudodiploria193017,-0.166404941350945
Pseudodiploria193018,-0.149882172213734
Pseudodiploria193020,0.890958103257502
Pseudodiploria193025,-0.329987831752328
Pseudodiploria193026,0.166329091051919
Pseudodiploria193027,-0.116551527426381
Pseudodiploria193028,-0.0236373641710435
Pseudodiploria193029,0.00752070592628983
Pseudodiploria193031,0.366358907178529
Pseudodiploria193033,-0.0211665754106414
Pseudodiploria193034,0.0770959758052612
Pseudodiploria193038,-0.0428593864806746
Pseudodiploria193039,-0.138005016005185
Pseudodiploria193040,-0.040554950602985
Pseudodiploria193041,-0.360882478625647
Pseudodiploria193043,-0.0539984190905284
Pseudodiploria193044,-0.17467569604464
Pseudodiploria193055,0.341421877444623
Pseudodiploria193056,-0.173505174259837
Pseudodiploria193057,-0.00708040686669002
Pseudodiploria193058,-0.00166938260831778
Pseudodiploria193060,-0.266055815598752
Pseudodiploria193062,0.0257224165887376
Pseudodiploria193063,0.197009148565958
Pseudodiploria193066,-0.00919429578758381
Pseudodiploria193068,0.0703342171220395
Pseudodiploria193069,0.0322148406289241
Pseudodiploria193070,-0.401318111017106
Pseudodiploria193072,0.0132081293824519
Pseudodiploria193074,-0.0227602827287437
Pseudodiploria193076,0.0466615863061294
Pseudodiploria193077,-0.20176512924879
Pseudodiploria193078,0.890958103257502
Pseudodiploria193080,0.00672938386041195
Pseudodiploria193081,0.0813067289933885
Pseudodiploria193082,0.0170805435282476
Pseudodiploria193084,0.351264611972902
Pseudodiploria193085,0.292980811033979
Pseudodiploria193087,-0.0810338601827777
Pseudodiploria193090,-0.0234442206192344
Pseudodiploria193092,0.103382977890659
Pseudodiploria193094,-0.098482449315033
Pseudodiploria193095,0.0318810404784647
Pseudodiploria193096,0.00166938260831778
Pseudodiploria193099,-0.299806559197827
Pseudodiploria193101,-0.786795595800517
Pseudodiploria193102,-0.0378323452122705
Pseudodiploria193103,0.142473258683416
Pseudodiploria193105,-0.0803106741710958
Pseudodiploria193106,-0.157366019388201
Pseudodiploria193108,0.014771991148648
Pseudodiploria193109,0.247837143439911
Pseudodiploria193110,0.0164235251322511
Pseudodiploria193111,0.0237164247664923
Pseudodiploria193113,-0.359211898994653
Pseudodiploria193115,-0.461683160157618
Pseudodiploria193117,0.0113242561758816
Pseudodiploria193124,-0.200805890181125
Pseudodiploria193126,0.551313494376159
Pseudodiploria193127,0.0098249270901827
Pseudodiploria193128,0.346997265548655
Pseudodiploria193131,0.00212747895569464
Pseudodiploria193133,0.0133748999095633
Pseudodiploria193134,0.0595107276228227
Pseudodiploria193135,-0.0939336989981227
Pseudodiploria193136,0.100731552344779
Pseudodiploria193138,-0.235583277894481
Pseudodiploria193143,-0.255994487269142
Pseudodiploria193144,0.0924146708091686
Pseudodiploria193147,0.00633718335556019
Pseudodiploria193149,-0.148265391473791
Pseudodiploria193150,0.163733296617289
Pseudodiploria193151,-0.00464602739414049
Pseudodiploria193152,-0.0474190908279118
Pseudodiploria193155,0.0176235650042204
Pseudodiploria193157,-0.0331769645344116
Pseudodiploria193158,-0.0166641142059894
Pseudodiploria193160,-0.36356646026996
Pseudodiploria193163,0.075196228100751
Pseudodiploria193165,0.464149312885109
Pseudodiploria193166,0.0918334631404722
Pseudodiploria193167,0.0333889088723173
Pseudodiploria193170,-0.706073187512559
Pseudodiploria193172,0.0671383507623098
Pseudodiploria193177,-0.247837143439911
Pseudodiploria193181,0.0133121207424106
Pseudodiploria193187,0.0286481278440375
Pseudodiploria193189,0.253616086779443
Pseudodiploria193192,-0.0775353033803793
Pseudodiploria193193,-0.304648122358706
Pseudodiploria193195,0.0567820447167692
Pseudodiploria193197,-0.0466615863061294
Pseudodiploria193201,0.0726809997176615
Pseudodiploria193203,-0.0567820447167692
Pseudodiploria193204,0.025355516015251
Pseudodiploria193206,-0.220370933333543
Pseudodiploria193207,1.31506868865199
Pseudodiploria193209,0.00601137516909222
Pseudodiploria193210,0.175223201486934
Pseudodiploria193211,0.0101572546229674
Pseudodiploria193214,-0.00798203736345584
Pseudodiploria193215,-0.0422462499033459
Pseudodiploria193217,-0.104762100134277
Pseudodiploria193220,0.00220662646542392
Pseudodiploria193221,0.0807680545312094
Pseudodiploria193224,0.00293321269522687
Pseudodiploria193225,-0.000318062360751812
Pseudodiploria193228,0.153179095184884
Pseudodiploria193229,-0.0569740844958047
Pseudodiploria193230,0.114742670184194
Pseudodiploria193231,-0.119614583529747
Pseudodiploria193233,0.00782575024261055
Pseudodiploria193235,0.234173199806499
Pseudodiploria193236,0.0753449958098662
Pseudodiploria193239,-0.252694334307014
Pseudodiploria193242,-0.140463347306723
Pseudodiploria193244,0.307049129836068
Pseudodiploria193246,-0.107271972101072
Pseudodiploria193248,0.235034552615038
Pseudodiploria193249,0.0763211069229897
Pseudodiploria193251,-0.103566949628369
Pseudodiploria193253,-0.0824729825666632
Pseudodiploria193260,-0.00867980296142241
Pseudodiploria193261,-0.0113287034840127
Pseudodiploria193262,-0.0228810321846523
Pseudodiploria193263,0.00737557857490407
Pseudodiploria193264,-0.000857782728764128
Pseudodiploria193265,-0.125590114960754
Pseudodiploria193266,0.0267076200181193
Pseudodiploria193267,0.301664296287068
Pseudodiploria193268,0.0776149599000192
Pseudodiploria193270,-0.308145421873403
Pseudodiploria193271,-0.00259383844789118
Pseudodiploria193272,0.36356646026996
Pseudodiploria193273,0.121779156776975
Pseudodiploria193274,0.138005016005185
Pseudodiploria193275,0.488487677112702
Pseudodiploria193276,-0.0906490328864959
Pseudodiploria193277,-0.00212747895569464
Pseudodiploria193280,0.0569454929425724
Pseudodiploria193282,0.165568217926033
Pseudodiploria193283,-0.073416634908959
Pseudodiploria193288,-0.154355074567635
Pseudodiploria193289,0.0100527836102448
Pseudodiploria193291,0.139731547020529
Pseudodiploria193292,-0.0871838123786326
Pseudodiploria193296,-0.0430214295963003
Pseudodiploria193297,0.00135557974001646
Pseudodiploria193299,-0.0952797022530706
Pseudodiploria193300,0.010615962086317
Pseudodiploria193301,0.313515870399348
Pseudodiploria193302,-0.00150084064563322
Pseudodiploria193305,0.235418916615889
Pseudodiploria193307,0.296987591248989
Pseudodiploria193309,0.0723236648257513
Pseudodiploria193310,0.838107771075276
Pseudodiploria193311,0.0199590642128197
Pseudodiploria193312,0.0211665754106414
Pseudodiploria193313,0.0401815973237967
Pseudodiploria193316,-0.282947942465085
Pseudodiploria193317,-0.0161245280359211
Pseudodiploria193318,-0.0709627271823171
Pseudodiploria193320,-0.0309835033499481
Pseudodiploria193321,-0.0586814332799396
Pseudodiploria193322,-0.140297248497956
Pseudodiploria193323,-0.09023374888302
Pseudodiploria193324,0.0253417816387129
Pseudodiploria193327,0.0599154076776022
Pseudodiploria193328,0.151955785714304
Pseudodiploria193330,0.0442608727706354
Pseudodiploria193331,-0.00760419114014307
Pseudodiploria193334,-0.0715024265285128
Pseudodiploria193335,0.0309835033499481
Pseudodiploria193338,0.00333500572710229
Pseudodiploria193341,0.0330837659048868
Pseudodiploria193342,-0.0562030440887758
Pseudodiploria193343,0.0569740844958047
Pseudodiploria193346,0.252773270606782
Pseudodiploria193349,-0.0128065421028733
Pseudodiploria193350,-0.138154826432109
Pseudodiploria193352,0.0834764262217598
Pseudodiploria193353,-0.00293321269522687
Pseudodiploria193354,-0.0100448078398533
Pseudodiploria193356,-0.110370110851679
Pseudodiploria193358,-0.310298766590114
Pseudodiploria193359,-0.0229171369692217
Pseudodiploria193362,-0.182375333158728
Pseudodiploria193363,-0.00104472527286809
Pseudodiploria193367,-0.0492243558774349
Pseudodiploria193368,-0.05669118888853
Pseudodiploria193373,0.0217048141592268
Pseudodiploria193376,-1.4296383969277
Pseudodiploria193379,-0.427444445804285
Pseudodiploria193380,0.0422462499033459
Pseudodiploria193381,0.0122310568171306
Pseudodiploria193385,-0.183546873042974
Pseudodiploria193388,0.110824421176944
Pseudodiploria193391,-0.375692576917067
Pseudodiploria193392,0.0446813043164809
Pseudodiploria193394,-0.0378323452122705
Pseudodiploria193397,-0.000801662118957428
Pseudodiploria193399,0.29208872105126
Pseudodiploria193402,-0.0112179051449366
Pseudodiploria193403,0.190547823153729
Pseudodiploria193405,-0.00910270206065815
Pseudodiploria193406,-0.258476143993594
Pseudodiploria193410,0.515806364528654
Pseudodiploria193412,-0.0418623527504418
Pseudodiploria193413,-0.0064515674485804
Pseudodiploria193414,0.0128065421028733
Pseudodiploria193416,0.572331861513722
Pseudodiploria193418,0.234173199806499
Pseudodiploria193419,-0.00708040686669002
Pseudodiploria193420,0.290635218569306
Pseudodiploria193423,-0.154357239996971
Pseudodiploria193424,0.150030549236728
Pseudodiploria193426,-0.311568252425392
Pseudodiploria193429,-0.157366019388201
Pseudodiploria193431,-0.450637911371131
Pseudodiploria193434,-0.114742670184194
Pseudodiploria193435,-0.0498596767144571
Pseudodiploria193437,0.0328530985339845
Pseudodiploria193439,0.0163231984243335
Pseudodiploria193440,-0.0851255326672679
Pseudodiploria193441,0.154166650749067
Pseudodiploria193445,0.965390186980463
Pseudodiploria193447,0.10193286207362
Pseudodiploria193448,0.0107258645202738
Pseudodiploria193452,-0.0379838652474427
Pseudodiploria193454,0.0378323452122705
Pseudodiploria193456,0.175223201486934
Pseudodiploria193457,0.17467569604464
Pseudodiploria193460,0.00602262609631687
Pseudodiploria193462,0.00198161196419425
Pseudodiploria193464,-0.0432426440468662
Pseudodiploria193467,0.0948927534876678
Pseudodiploria193468,0.146185611840187
Pseudodiploria193469,-0.174995016304274
Pseudodiploria193470,-0.00985575228013465
Pseudodiploria193471,0.0132081293824519
Pseudodiploria193473,0.00410157440951573
Pseudodiploria193474,0.0776149599000192
Pseudodiploria193477,0.504339911212212
Pseudodiploria193481,0.118203059258092
Pseudodiploria193484,0.0295314875432146
Pseudodiploria193486,0.00135557974001646
Pseudodiploria193488,-0.0365997574154289
Pseudodiploria193490,-0.000703245551288539
Pseudodiploria193495,-0.0273032604323682
Pseudodiploria193497,-0.036060103740712
Pseudodiploria193498,0.0763211069229897
Pseudodiploria193499,-0.105315618068071
Pseudodiploria193501,-1.07961516834254
Pseudodiploria193503,0.0466615863061294
Pseudodiploria193504,0.0170805435282476
Pseudodiploria193505,-0.172251964558848
Pseudodiploria193506,-0.114102741320132
Pseudodiploria193508,0.0853159051976001
Pseudodiploria193512,0.0416565018479693
Pseudodiploria193513,-0.149865984333623
Pseudodiploria193514,-0.00160138382706823
Pseudodiploria193515,-0.0410997367683033
Pseudodiploria193518,0.0142288210346364
Pseudodiploria193524,0.183546873042974
Pseudodiploria193526,-0.112012082473997
Pseudodiploria193527,0.0196838080312069
Pseudodiploria193528,0.110894506824272
Pseudodiploria193529,0.0415335060892128
Pseudodiploria193530,0.0473934605631775
Pseudodiploria193531,-0.0345721744093838
Pseudodiploria193533,0.00712768827433649
Pseudodiploria193544,-0.119165379621059
Pseudodiploria193545,0.0127326110625214
Pseudodiploria193547,0.112012082473997
Pseudodiploria193549,-0.29028517114021
Pseudodiploria193551,0.00760419114014307
Pseudodiploria193554,0.0554949745242309
Pseudodiploria193556,0.00116229498903307
Pseudodiploria193557,-0.420538769321778
Pseudodiploria193558,0.0290752706614081
Pseudodiploria193559,-0.00116229498903307
Pseudodiploria193560,0.0349867818106474
Pseudodiploria193561,0.289094575993466
Pseudodiploria193563,0.139658345938927
Pseudodiploria193564,0.658024817893654
Pseudodiploria193566,0.0609155419451495
Pseudodiploria193567,-0.311568252425392
Pseudodiploria193569,0.266060784428518
Pseudodiploria193570,-0.12679622167885
Pseudodiploria193571,-0.0238316822673072
Pseudodiploria193572,-0.0166641142059894
Pseudodiploria193573,-0.121779156776975
Pseudodiploria193574,0.545790635164983
Pseudodiploria193575,-0.0351516157598553
Pseudodiploria193576,0.0498596767144571
Pseudodiploria193581,-0.228637732409951
Pseudodiploria193584,-0.0388524889531566
Pseudodiploria193585,-0.0433975445906089
Pseudodiploria193587,0.0639053552060063
Pseudodiploria193591,-1.09035828220395
Pseudodiploria193592,0.156133680134706
Pseudodiploria193593,0.249127513602134
Pseudodiploria193595,-0.00718293777132831
Pseudodiploria193596,0.0096727111665189
Pseudodiploria193602,0.0636616672227989
Pseudodiploria193603,-0.0267076200181193
Pseudodiploria193604,0.118753589125365
Pseudodiploria193606,-0.146185611840187
Pseudodiploria193609,-0.0586515619189529
Pseudodiploria193611,-0.176651864215796
Pseudodiploria193612,0.00711079935391137
Pseudodiploria193615,0.413628022976633
Pseudodiploria193618,-0.0462826608530054
Pseudodiploria193619,0.243174177296729
Pseudodiploria193620,-0.240142008668997
Pseudodiploria193626,-0.465258651915898
Pseudodiploria193627,0.149882172213734
Pseudodiploria193629,-0.116725727367525
Pseudodiploria193632,-0.143172766558829
Pseudodiploria193633,-0.105632171959387
Pseudodiploria193634,0.175870120359592
Pseudodiploria193636,0.0433551013360765
Pseudodiploria193637,0.188866149245849
Pseudodiploria193638,-0.207380378631476
Pseudodiploria193642,-0.0775353033803793
Pseudodiploria193643,0.125165231760402
Pseudodiploria193644,0.538963726370533
Pseudodiploria193645,0.218274039825144
Pseudodiploria193646,-0.136999297853957
Pseudodiploria193654,0.459630693482747
Pseudodiploria193656,-0.0122310568171306
Pseudodiploria193660,0.00752070592628983
Pseudodiploria193662,0.142079746980325
Pseudodiploria193669,-0.132437145080829
Pseudodiploria193670,-0.000906905741636383
Pseudodiploria193671,0.169380954191738
Pseudodiploria193673,-0.00872003919940135
Pseudodiploria193675,0.0229171369692217
Pseudodiploria193677,0.143341728467994
Pseudodiploria193680,-0.0908812335766666
Pseudodiploria193684,0.105255273333736
Pseudodiploria193686,0.230521369107019
Pseudodiploria193687,0.0443979552178925
Pseudodiploria193691,-0.0569740844958047
Pseudodiploria193693,0.126303731907194
Pseudodiploria193696,0.0064515674485804
Pseudodiploria193697,-0.0498596767144571
Pseudodiploria193698,-0.0608091341806629
Pseudodiploria193700,0.169508966302282
Pseudodiploria193704,0.079501777321835
Pseudodiploria193706,0.215838079272981
Pseudodiploria193707,-0.0838232928622335
Pseudodiploria193709,0.166123276432685
Pseudodiploria193711,0.018945603640231
Pseudodiploria193713,-0.116725727367525
Pseudodiploria193714,0.220746272690332
Pseudodiploria193715,-0.0072044161971498
Pseudodiploria193716,-0.010615962086317
Pseudodiploria193717,0.0834764262217598
Pseudodiploria193719,0.0120747521745916
Pseudodiploria193723,0.356319070380828
Pseudodiploria193724,0.0298934098793998
Pseudodiploria193725,-0.0398790822661408
Pseudodiploria193726,-0.00798203736345584
Pseudodiploria193728,0.307049129836068
Pseudodiploria193732,-0.296987591248989
Pseudodiploria193733,0.035961102075781
Pseudodiploria193734,0.293218333066338
Pseudodiploria193736,-0.00996692749478695
Pseudodiploria193737,0.146958963229594
Pseudodiploria193738,-0.0262209866827858
Pseudodiploria193739,-0.0887148598888314
Pseudodiploria193741,-0.13165682895331
Pseudodiploria193743,0.0400052778979085
Pseudodiploria193744,0.0072044161971498
Pseudodiploria193746,0.0466615863061294
Pseudodiploria193747,0.00757377908428382
Pseudodiploria193748,-0.117462575004336
Pseudodiploria193750,-0.0204262786567883
Pseudodiploria193751,-0.302616255293762
Pseudodiploria193752,0.192907148940334
Pseudodiploria193753,0.148692302791679
Pseudodiploria193754,0.27291156122461
Pseudodiploria193756,-0.300545000322291
Pseudodiploria193759,-0.0795320770012501
Pseudodiploria193760,-0.00752070592628983
Pseudodiploria193761,-0.0513359223175875
Pseudodiploria193763,0.117171783401407
Pseudodiploria193764,-0.0776149599000192
Pseudodiploria193765,0.267727649965258
Pseudodiploria193768,-0.891856809349454
Pseudodiploria193770,0.0063560425279339
Pseudodiploria193771,-0.158349561656605
Pseudodiploria193774,-0.0489645575809616
Pseudodiploria193775,-0.113998331835454
Pseudodiploria193780,-0.0586814332799396
Pseudodiploria193781,0.0474190908279118
Pseudodiploria193785,-0.115453009572258
Pseudodiploria193787,0.468378297248796
Pseudodiploria193789,0.0578790168785698
Pseudodiploria193790,-0.20944576126799
Pseudodiploria193791,-0.230436489903541
Pseudodiploria193792,0.0260591287877922
Pseudodiploria193793,-0.0339893081883729
Pseudodiploria193794,-0.035961102075781
Pseudodiploria193796,0.158402629056949
Pseudodiploria193797,0.310298766590114
Pseudodiploria193798,-0.119667970909608
Pseudodiploria193799,0.107495303027392
Pseudodiploria193800,0.0315524364500458
Pseudodiploria193802,0.156121893376492
Pseudodiploria193806,0.0803106741710958
Pseudodiploria193807,-0.0490544317034118
Pseudodiploria193808,-0.416201746408434
Pseudodiploria193809,-0.0963246589542052
Pseudodiploria193810,-0.421330804410667
Pseudodiploria193811,0.203786887982412
Pseudodiploria193812,-0.0543359526864829
Pseudodiploria193816,-0.369937664953343
Pseudodiploria193818,0.00116229498903307
Pseudodiploria193819,-0.151766965425991
Pseudodiploria193821,-0.0939085417173678
Pseudodiploria193822,0.00528865271431855
Pseudodiploria193823,0.0446813043164809
Pseudodiploria193826,0.180805681392842
Pseudodiploria193830,0.588597576478405
Pseudodiploria193831,0.0139926399986253
Pseudodiploria193832,0.276880106232927
Pseudodiploria193833,-0.0220046331725449
Pseudodiploria193837,-0.0107258645202738
Pseudodiploria193838,-0.136999297853957
Pseudodiploria193844,0.201361459508497
Pseudodiploria193845,0.0707648341231863
Pseudodiploria193846,0.204779987744733
Pseudodiploria193847,-0.0533896186156034
Pseudodiploria193849,0.166595001313353
Pseudodiploria193851,0.128461106305692
Pseudodiploria193853,0.0565030399220348
Pseudodiploria193854,-0.520264727471349
Pseudodiploria193855,0.183091141039088
Pseudodiploria193859,-0.113871094327848
Pseudodiploria193860,-0.0903032413396372
Pseudodiploria193864,-0.02096402750002
Pseudodiploria193865,0.220370933333543
Pseudodiploria193866,-0.0715815438364036
Pseudodiploria193868,0.0378323452122705
Pseudodiploria193872,-0.177479826431196
Pseudodiploria193875,0.00633718335556019
Pseudodiploria193876,0.208851331723744
Pseudodiploria193877,0.461203660492472
Pseudodiploria193878,-0.000384348765586881
Pseudodiploria193880,0.318323060326473
Pseudodiploria193885,0.0674471106881622
Pseudodiploria193886,-0.00293321269522687
Pseudodiploria193887,0.117495952644335
Pseudodiploria193888,0.194181056883482
Pseudodiploria193891,-0.0939085417173678
Pseudodiploria193892,-0.310262691151796
Pseudodiploria193895,-0.479331104135676
Pseudodiploria193897,0.0508056284544937
Pseudodiploria193898,0.046336705092564
Pseudodiploria193901,0.0064515674485804
Pseudodiploria193902,-0.196881539285363
Pseudodiploria193905,0.299806559197827
Pseudodiploria193907,1.44579298840354
Pseudodiploria193908,0.0626664482686535
Pseudodiploria193910,0.129877221679914
Pseudodiploria193911,1.32934020297165
Pseudodiploria193912,-0.0513688790346994
Pseudodiploria193913,-0.0305252162938733
Pseudodiploria193914,-0.296987591248989
Pseudodiploria193915,0.0148254718371882
Pseudodiploria193917,-0.333853470518557
Pseudodiploria193920,-0.111561871492882
Pseudodiploria193921,0.0488738456325959
Pseudodiploria193922,0.00890989166666306
Pseudodiploria193923,-0.00941356336768969
Pseudodiploria193925,0.00673812813508918
Pseudodiploria193926,-0.0330837659048868
Pseudodiploria193928,-0.0746574059744219
Pseudodiploria193930,-0.349979821037818
Pseudodiploria193931,0.0763211069229897
Pseudodiploria193932,-0.115453009572258
Pseudodiploria193933,-0.0572131611929525
Pseudodiploria193935,-0.198157232977006
Pseudodiploria193936,-0.00837608172794265
Pseudodiploria193938,-0.201361459508497
Pseudodiploria193939,0.0971281300007032
Pseudodiploria19394,0.208377412484279
Pseudodiploria193940,-0.057499952930486
Pseudodiploria193941,0.987223128737428
Pseudodiploria193942,-0.111714117569321
Pseudodiploria193945,-0.180805681392842
Pseudodiploria193948,-0.0562030440887758
Pseudodiploria193949,-0.025355516015251
Pseudodiploria193951,0.0562030440887758
Pseudodiploria193952,-0.386337432486384
Pseudodiploria193953,0.133107046891853
Pseudodiploria193954,0.0278081346076524
Pseudodiploria193959,-0.733115094303374
Pseudodiploria193960,0.123852467722694
Pseudodiploria193961,0.00176471023644827
Pseudodiploria193964,1.42438652826781
Pseudodiploria193966,0.0555981926505917
Pseudodiploria193967,0.277882997233169
Pseudodiploria193968,0.225212447190218
Pseudodiploria193970,0.0265334997248099
Pseudodiploria193971,-0.464156735660227
Pseudodiploria193974,0.0331533515983598
Pseudodiploria193975,-0.0570121724632558
Pseudodiploria193976,0.233906593982562
Pseudodiploria193979,0.109455361457907
Pseudodiploria193980,0.49594591118308
Pseudodiploria193981,0.538386824063258
Pseudodiploria193983,-0.296987591248989
Pseudodiploria193985,0.0122310568171306
Pseudodiploria193989,-0.101873103148277
Pseudodiploria193990,0.12679622167885
Pseudodiploria193992,-0.00788157032292564
Pseudodiploria193993,0.157366019388201
Pseudodiploria193994,0.535680777164131
Pseudodiploria193995,0.0474190908279118
Pseudodiploria193996,0.141354568167963
Pseudodiploria193997,-0.0354048109989756
Pseudodiploria193998,-0.137167704167093
Pseudodiploria194000,0.200134702478709
Pseudodiploria194001,-0.0569740844958047
Pseudodiploria194003,0.0181865998678522
Pseudodiploria194007,-0.194471589864658
Pseudodiploria194008,-0.020608594979212
Pseudodiploria194009,0.0172430971129502
Pseudodiploria194010,-0.194471589864658
Pseudodiploria194011,0.199255493565111
Pseudodiploria194015,0.74199994434219
Pseudodiploria194016,0.0456985762646337
Pseudodiploria194017,0.0404374951137951
Pseudodiploria194018,0.00974515539668718
Pseudodiploria194019,-0.0142288210346364
Pseudodiploria194020,0.154388960791818
Pseudodiploria194022,0.0538079605027211
Pseudodiploria194023,0.0400052778979085
Pseudodiploria194024,0.0231184473579478
Pseudodiploria194026,0.965390186980463
Pseudodiploria194028,-0.198816538023877
Pseudodiploria194030,0.119952086912682
Pseudodiploria194033,0.19227171046501
Pseudodiploria194036,0.175870120359592
Pseudodiploria194037,-0.195256479660094
Pseudodiploria194038,0.18045724210079
Pseudodiploria194040,0.142473258683416
Pseudodiploria194041,-0.148265391473791
Pseudodiploria194042,0.224547408107713
Pseudodiploria194047,-0.057499952930486
Pseudodiploria194048,0.179018087570294
Pseudodiploria194049,0.0170805435282476
Pseudodiploria194051,-0.188232781955694
Pseudodiploria194052,0.0674949122764055
Pseudodiploria194055,-0.0776149599000192
Pseudodiploria194056,0.129983904906715
Pseudodiploria194060,-0.0466615863061294
Pseudodiploria194061,-0.205631167833769
Pseudodiploria194062,-0.0107258645202738
Pseudodiploria194066,-0.0474190908279118
Pseudodiploria194067,-0.0204714061133933
Pseudodiploria194070,0.090499830148783
Pseudodiploria194073,0.128461106305692
Pseudodiploria194074,-0.168288103256413
Pseudodiploria194076,0.030377925550844
Pseudodiploria194079,-0.0368772729737832
Pseudodiploria194082,-0.26175222489634
Pseudodiploria194083,-0.0868335106979527
Pseudodiploria194084,-0.125657172329744
Pseudodiploria194085,-0.0571709053794902
Pseudodiploria194089,-0.110420233245621
Pseudodiploria194090,0.0249027998155114
Pseudodiploria194092,0.0569740844958047
Pseudodiploria194093,0.3923378709783
Pseudodiploria194094,-0.119898216295177
Pseudodiploria194095,-0.00672938386041195
Pseudodiploria194097,-0.11787121993149
Pseudodiploria194102,0.0689730191885598
Pseudodiploria194103,0.00708040686669002
Pseudodiploria194105,-0.0225471216027452
Pseudodiploria194106,-0.054786695813094
Pseudodiploria194107,0.0430214295963003
Pseudodiploria194108,-0.714242056184933
Pseudodiploria194109,-0.00708040686669002
Pseudodiploria194111,-0.0427422571584745
Pseudodiploria194112,-0.0310104581436507
Pseudodiploria194113,0.466824884271455
Pseudodiploria194116,0.0181813426435269
Pseudodiploria194117,-0.00220662646542392
Pseudodiploria194118,0.0268579029074487
Pseudodiploria194120,0.0666863165949374
Pseudodiploria194121,-0.220370933333543
Pseudodiploria194122,0.00837608172794265
Pseudodiploria194123,-0.054786695813094
Pseudodiploria194124,0.0919421121171571
Pseudodiploria194129,0.36356646026996
Pseudodiploria194130,-0.0430214295963003
Pseudodiploria194131,-0.0182253586348746
Pseudodiploria194132,-0.0866339764862231
Pseudodiploria194133,0.0102349161161195
Pseudodiploria194134,-0.0748871210882699
Pseudodiploria194137,0.357850013174943
Pseudodiploria194138,1.03404684755756
Pseudodiploria194140,-0.17748034165228
Pseudodiploria194141,-0.236395790125663
Pseudodiploria194144,0.0235879753085289
Pseudodiploria194146,0.0749543679248248
Pseudodiploria194150,0.408127873123919
Pseudodiploria194155,-0.0244363461567317
Pseudodiploria194160,0.206417056711054
Pseudodiploria194161,-0.173298203746362
Pseudodiploria194163,-0.0620569762135911
Pseudodiploria194165,-0.010615962086317
Pseudodiploria194166,-0.0196296786496935
Pseudodiploria194171,0.140544546701522
Pseudodiploria194172,0.229643078485385
Pseudodiploria194173,0.203786887982412
Pseudodiploria194176,-0.177054716565009
Pseudodiploria194179,-0.243209907829441
Pseudodiploria194180,-0.00528865271431855
Pseudodiploria194182,0.140297248497956
Pseudodiploria194186,0.0345815157386648
Pseudodiploria194187,-0.0102349161161195
Pseudodiploria194189,0.522407004019571
Pseudodiploria194190,-0.0514780506734524
Pseudodiploria194192,-0.062843699880277
Pseudodiploria194194,-0.846242196435736
Pseudodiploria194195,0.120178135401786
Pseudodiploria194196,0.302070787212758
Pseudodiploria194197,-0.155759347632279
Pseudodiploria194199,-0.0228810321846523
Pseudodiploria194200,-0.00787907273911162
Pseudodiploria194201,-0.193358688867107
Pseudodiploria194202,0.0741239565962267
Pseudodiploria194204,0.00766449848869811
Pseudodiploria194205,-0.0868335106979527
Pseudodiploria194207,-0.252773270606782
Pseudodiploria194210,-0.180960064525393
Pseudodiploria194211,0.100004299793621
Pseudodiploria194212,-0.0420894890317086
Pseudodiploria194213,0.364983083626874
Pseudodiploria194214,0.15091825408934
Pseudodiploria194215,-0.0629233139443061
Pseudodiploria194216,-0.0524745044947183
Pseudodiploria194217,0.0046450712710828
Pseudodiploria194221,0.306614933635214
Pseudodiploria194222,-0.0933211202811574
Pseudodiploria194223,0.228525065847049
Pseudodiploria194228,0.204950364908108
Pseudodiploria194229,0.0105254000113502
Pseudodiploria194230,0.00402446899733638
Pseudodiploria194231,0.326002118114555
Pseudodiploria194234,0.193358688867107
Pseudodiploria194235,0.0309835033499481
Pseudodiploria194237,-0.261704256810273
Pseudodiploria194239,-0.0196296786496935
Pseudodiploria194240,0.0213001499032046
Pseudodiploria194241,-0.0781966069938534
Pseudodiploria194242,0.0418623527504418
Pseudodiploria194243,0.598542217164165
Pseudodiploria194248,-0.0838104773929043
Pseudodiploria194251,0.254945469792558
Pseudodiploria194255,0.167665895403338
Pseudodiploria194256,0.123478585231691
Pseudodiploria194257,0.0466664556319846
Pseudodiploria194261,0.461203660492472
Pseudodiploria194262,0.310785089712367
Pseudodiploria194264,0.630187608869447
Pseudodiploria194265,-0.0335323551288191
Pseudodiploria194267,0.310298766590114
Pseudodiploria194268,-0.0267076200181193
Pseudodiploria194269,0.00147262478851384
Pseudodiploria194273,0.0534643528106108
Pseudodiploria194274,0.104163742286449
Pseudodiploria194275,-0.00450435851057546
Pseudodiploria194277,-0.0170357082399767
Pseudodiploria194278,0.105255273333736
Pseudodiploria194279,1.17235224081451
Pseudodiploria194284,-0.0903032413396372
Pseudodiploria194287,-0.0308126238931732
Pseudodiploria194288,0.119614583529747
Pseudodiploria194291,-0.118791394633366
Pseudodiploria194293,-2.08501588372358
Pseudodiploria194294,0.0609155419451495
Pseudodiploria194296,0.163989353140258
Pseudodiploria194301,-0.0172430971129502
Pseudodiploria194303,0.105010732017517
Pseudodiploria194305,0.0214111203073021
Pseudodiploria194306,-0.351506768438343
Pseudodiploria194307,-0.0918334631404722
Pseudodiploria194308,0.0560143769442767
Pseudodiploria194309,0.310298766590114
Pseudodiploria194311,0.547408489850141
Pseudodiploria194315,1.59756896294814
Pseudodiploria194317,0.38386694304262
Pseudodiploria194318,0.0824729825666632
Pseudodiploria194320,0.246143056526095
Pseudodiploria194321,0.167004100910315
Pseudodiploria194323,-0.115453009572258
Pseudodiploria194324,0.00675518697838431
Pseudodiploria194325,0.192644934127405
Pseudodiploria194327,0.328228744372517
Pseudodiploria194328,0.656515928431854
Pseudodiploria194329,-0.0177255841891697
Pseudodiploria194330,-0.00757377908428382
Pseudodiploria194332,0.672445361097508
Pseudodiploria194333,-0.0498596767144571
Pseudodiploria194334,0.505775649460727
Pseudodiploria194335,0.0672018472003943
Pseudodiploria194341,0.00752070592628983
Pseudodiploria194343,-0.0109466942752514
Pseudodiploria194348,0.00303112152210068
Pseudodiploria194352,0.217497355832397
Pseudodiploria194354,0.0776149599000192
Pseudodiploria194355,0.366358907178529
Pseudodiploria194356,0.0367212814151114
Pseudodiploria194357,0.642332303855083
Pseudodiploria194358,0.00259383844789118
Pseudodiploria194361,0.0715024265285128
Pseudodiploria194362,0.197009148565958
Pseudodiploria194364,0.179110454353377
Pseudodiploria194365,-0.0581384383614311
Pseudodiploria194366,0.118791394633366
Pseudodiploria194367,-0.154355074567635
Pseudodiploria194370,0.210705661948714
Pseudodiploria194372,0.00752070592628983
Pseudodiploria194375,-0.0306558594668759
Pseudodiploria194377,0.0843353423824519
Pseudodiploria194382,0.0555981926505917
Pseudodiploria194383,0.720829113547807
Pseudodiploria194387,-0.277821058229124
Pseudodiploria194389,0.0934844686756266
Pseudodiploria194390,0.138982479761395
Pseudodiploria194391,-0.00410157440951573
Pseudodiploria194392,-0.0813597975032887
Pseudodiploria194393,0.109247579886742
Pseudodiploria194395,-0.0781516899444855
Pseudodiploria194396,0.0134629105566343
Pseudodiploria194397,0.00880870929265075
Pseudodiploria194399,0.0608091341806629
Pseudodiploria194401,0.0941589132260883
Pseudodiploria194402,0.0115188626913002
Pseudodiploria194405,0.0776149599000192
Pseudodiploria194408,0.50018260393169
Pseudodiploria194409,0.305728100878398
Pseudodiploria194411,0.0425346315888349
Pseudodiploria194413,-0.0363192332896912
Pseudodiploria194414,0.00752070592628983
Pseudodiploria194416,-0.45466580700572
Pseudodiploria194417,0.169813135243214
Pseudodiploria194421,-0.209853296279145
Pseudodiploria194423,0.0908812335766666
Pseudodiploria194426,0.05015437695734
Pseudodiploria194428,-0.0133927890851684
Pseudodiploria194429,-0.0368772729737832
Pseudodiploria194430,-0.0890166192200796
Pseudodiploria194432,0.175223201486934
Pseudodiploria194434,-0.0128065421028733
Pseudodiploria194435,-0.0268579029074487
Pseudodiploria194438,-0.196944424464598
Pseudodiploria194439,0.0684372301521052
Pseudodiploria194440,0.16947008476681
Pseudodiploria194442,-0.0533896186156034
Pseudodiploria194443,0.054786695813094
Pseudodiploria194444,-0.109110609395792
Pseudodiploria194447,-0.00263512207250287
Pseudodiploria194453,-0.257761192623984
Pseudodiploria194455,-0.0440307390409587
Pseudodiploria194456,-0.608871948195711
Pseudodiploria194457,0.00166938260831778
Pseudodiploria194459,0.0757306837059309
Pseudodiploria194462,0.323841370033082
Pseudodiploria194464,0.219708553140657
Pseudodiploria194465,0.0586814332799396
Pseudodiploria194466,-0.038795081228185
Pseudodiploria194468,-0.0196296786496935
Pseudodiploria194469,-0.000703245551288539
Pseudodiploria194472,0.533453342330799
Pseudodiploria194473,-0.0807392277543854
Pseudodiploria194476,-0.049891849128759
Pseudodiploria194477,0.0803106741710958
Pseudodiploria194478,0.0440307390409587
Pseudodiploria194479,-0.0716594841290279
Pseudodiploria194481,-0.417893241035018
Pseudodiploria194482,-0.0127326110625214
Pseudodiploria194486,0.00166938260831778
Pseudodiploria194489,0.142009287061362
Pseudodiploria194490,-0.0382964102349797
Pseudodiploria194492,-0.258476143993594
Pseudodiploria194494,-0.179018087570294
Pseudodiploria194495,0.00116229498903307
Pseudodiploria194496,0.238952614961614
Pseudodiploria194497,0.0330837659048868
Pseudodiploria194500,0.0753449958098662
Pseudodiploria194502,0.0378323452122705
Pseudodiploria194504,-0.0535135780465158
Pseudodiploria194505,-0.132060633698869
Pseudodiploria194506,-0.0245349558156121
Pseudodiploria194508,0.201690515366195
Pseudodiploria194509,-0.147256730702221
Pseudodiploria194510,-0.02096402750002
Pseudodiploria194511,-0.188955762139029
Pseudodiploria194512,-0.00206879341432083
Pseudodiploria194517,0.154166650749067
Pseudodiploria194518,-0.107271972101072
Pseudodiploria194519,0.145404022997141
Pseudodiploria194525,-0.132508702053249
Pseudodiploria194527,0.0856268566288184
Pseudodiploria194529,0.114458589980715
Pseudodiploria194530,-0.00760419114014307
Pseudodiploria194531,0.00220662646542392
Pseudodiploria194533,-0.0824729825666632
Pseudodiploria194534,-0.166738179044999
Pseudodiploria194537,-0.0620518391806439
Pseudodiploria194538,0.0102724436109895
Pseudodiploria194539,0.322065129059554
Pseudodiploria194540,0.117949153447969
Pseudodiploria194543,-0.533453342330799
Pseudodiploria194544,-0.0645809118527518
Pseudodiploria194546,0.0551321506470512
Pseudodiploria194550,0.00259145699611951
Pseudodiploria194552,0.472402936948185
Pseudodiploria194553,0.0233698406067771
Pseudodiploria194554,0.0180719156020383
Pseudodiploria194555,0.230639618644744
Pseudodiploria194556,0.139658345938927
Pseudodiploria194557,0.0489645575809616
Pseudodiploria194558,0.103102027271798
Pseudodiploria194560,0.068494176800603
Pseudodiploria194565,-0.00766449848869811
Pseudodiploria194567,0.0144978619668121
Pseudodiploria194569,0.00402446899733638
Pseudodiploria194570,0.135537952466018
Pseudodiploria194572,0.174500514121427
Pseudodiploria194573,-0.156748128489714
Pseudodiploria194574,0.0834764262217598
Pseudodiploria194576,0.0258707231258094
Pseudodiploria194577,-0.135647102210625
Pseudodiploria194578,0.275830706261985
Pseudodiploria194579,0.00766449848869811
Pseudodiploria194583,0.395156165950859
Pseudodiploria194585,-0.0406792655363461
Pseudodiploria194586,-0.0890166192200796
Pseudodiploria194587,0.0128972265481412
Pseudodiploria194593,0.332115529417382
Pseudodiploria194594,-0.069795823158703
Pseudodiploria194595,0.205956030847809
Pseudodiploria194596,-0.212447961427275
Pseudodiploria194597,-0.169508966302282
Pseudodiploria194599,-0.0853159051976001
Pseudodiploria194600,0.0142288210346364
Pseudodiploria194606,-0.10025319270387
Pseudodiploria194609,0.220370933333543
Pseudodiploria194611,-0.0748871210882699
Pseudodiploria194612,-0.0568555923794353
Pseudodiploria194615,0.0446813043164809
Pseudodiploria194617,0.0290752706614081
Pseudodiploria194618,-0.0695656235485358
Pseudodiploria194620,0.137493226596158
Pseudodiploria194623,-0.0812255604369838
Pseudodiploria194625,-0.117171783401407
Pseudodiploria194628,-0.277821058229124
Pseudodiploria194629,-0.0332403435705847
Pseudodiploria194631,-0.0267076200181193
Pseudodiploria194632,-0.0779355309844568
Pseudodiploria194633,-0.072577593295339
Pseudodiploria194634,-0.45466580700572
Pseudodiploria194636,-0.183426760149356
Pseudodiploria194637,-0.188955762139029
Pseudodiploria194638,0.307544257703498
Pseudodiploria194639,-0.0795320770012501
Pseudodiploria194640,0.0120129130357495
Pseudodiploria194641,0.000906905741636383
Pseudodiploria194643,-0.0533896186156034
Pseudodiploria194644,-0.0315524364500458
Pseudodiploria194646,0.187725654257864
Pseudodiploria194647,-0.00382298333539813
Pseudodiploria194648,-0.00167066840730128
Pseudodiploria194650,-0.205969981717763
Pseudodiploria194651,0.268627398602992
Pseudodiploria194652,-0.0224961307482877
Pseudodiploria194653,-0.0963082445861326
Pseudodiploria194654,-0.0470900392121482
Pseudodiploria194655,0.489618038988363
Pseudodiploria194656,-0.951957260405259
Pseudodiploria194661,0.0203393960048497
Pseudodiploria194662,-0.12679622167885
Pseudodiploria194665,-0.00220662646542392
Pseudodiploria194666,-0.0104755202075465
Pseudodiploria194668,-0.0213304364996912
Pseudodiploria194669,-0.219708553140657
Pseudodiploria194670,-0.229924325340898
Pseudodiploria194671,-0.0503229980254534
Pseudodiploria194672,-0.182942550393996
Pseudodiploria194673,0.118464944051663
Pseudodiploria194674,0.168288103256413
Pseudodiploria194675,0.254945469792558
Pseudodiploria194677,-0.02096402750002
Pseudodiploria194678,0.203786887982412
Pseudodiploria194679,0.00798203736345584
Pseudodiploria194680,0.0112179051449366
Pseudodiploria194683,-0.119952086912682
Pseudodiploria194686,0.102257581242178
Pseudodiploria194687,0.0237374524389923
Pseudodiploria194688,-0.149882172213734
Pseudodiploria194689,-0.720086362118726
Pseudodiploria194690,-0.0729057696048306
Pseudodiploria194691,-0.158402629056949
Pseudodiploria194692,-0.00675518697838431
Pseudodiploria194695,0.0236524432716372
Pseudodiploria194696,0.13542578668654
Pseudodiploria194697,-0.0384258684369373
Pseudodiploria194699,-0.0380132351961059
Pseudodiploria194703,-0.00283322773344166
Pseudodiploria194704,-0.358313066960309
Pseudodiploria194705,0.0200981216376129
Pseudodiploria194706,-0.0216526787897418
Pseudodiploria194708,0.0367743648887114
Pseudodiploria194710,-0.04654042121942
Pseudodiploria194711,-0.301019865705056
Pseudodiploria194716,0.0694352906352457
Pseudodiploria194719,-0.0937717132555412
Pseudodiploria194721,-0.0228810321846523
Pseudodiploria194724,-0.157488274441945
Pseudodiploria194725,0.0566573123007658
Pseudodiploria194727,0.149831477279537
Pseudodiploria194729,0.0586814332799396
Pseudodiploria194731,0.0368772729737832
Pseudodiploria194732,0.0770980860402659
Pseudodiploria194738,-0.219708553140657
Pseudodiploria194739,0.0581384383614311
Pseudodiploria194740,0.00528865271431855
Pseudodiploria194744,-0.262227534873548
Pseudodiploria194745,-0.0438731584657658
Pseudodiploria194751,-0.00752070592628983
Pseudodiploria194752,0.0229171369692217
Pseudodiploria194753,-0.0628764829499426
Pseudodiploria194754,0.0572131611929525
Pseudodiploria194757,-0.0803106741710958
Pseudodiploria194758,0.293161888638773
Pseudodiploria194760,-0.0523780975441841
Pseudodiploria194762,0.112559285679048
Pseudodiploria194765,0.0565030399220348
Pseudodiploria194767,0.677381884722595
Pseudodiploria194768,-0.278738109363767
Pseudodiploria194769,0.0377006721043493
Pseudodiploria194771,-0.107495303027392
Pseudodiploria194772,0.156317794290164
Pseudodiploria194773,-0.173298203746362
Pseudodiploria194774,0.397679298280677
Pseudodiploria194775,-0.0159801077028281
Pseudodiploria194776,0.00135557974001646
Pseudodiploria194777,-0.0228810321846523
Pseudodiploria194779,0.0456985762646337
Pseudodiploria194781,-0.0112179051449366
Pseudodiploria194783,-0.161058793080926
Pseudodiploria194785,-0.00147262478851384
Pseudodiploria194786,0.00996692749478695
Pseudodiploria194787,0.00212747895569464
Pseudodiploria194789,-0.0360410597649232
Pseudodiploria194790,0.299806559197827
Pseudodiploria194794,0.0415335060892128
Pseudodiploria194795,0.379134247564021
Pseudodiploria194796,-0.149882172213734
Pseudodiploria194797,-0.258476143993594
Pseudodiploria194798,-0.247721796560352
Pseudodiploria194799,-0.0699458212289081
Pseudodiploria194800,0.00498564095780433
Pseudodiploria194805,-0.0366433556659976
Pseudodiploria194806,-0.00708040686669002
Pseudodiploria194807,0.00782575024261055
Pseudodiploria194810,-0.00708040686669002
Pseudodiploria194812,-0.197009148565958
Pseudodiploria194815,-0.0971641955374569
Pseudodiploria194816,-0.172021189304938
Pseudodiploria194817,-0.101527677771297
Pseudodiploria194818,0.355214204696715
Pseudodiploria194819,0.00867980296142241
Pseudodiploria194821,-0.15882884495956
Pseudodiploria194823,-0.0104367014306154
Pseudodiploria194825,0.15792563939173
Pseudodiploria194830,0.357850013174943
Pseudodiploria194838,-0.054786695813094
Pseudodiploria194840,0.539970681949384
Pseudodiploria194841,-0.146958963229594
Pseudodiploria194842,-0.159328939504951
Pseudodiploria194843,-0.0228810321846523
Pseudodiploria194844,0.0105254000113502
Pseudodiploria194846,-0.00147262478851384
Pseudodiploria194850,0.385955465633834
Pseudodiploria194853,0.146958963229594
Pseudodiploria194854,0.347290660741531
Pseudodiploria194861,0.0345451994674642
Pseudodiploria194862,-0.112963214109652
Pseudodiploria194863,-0.122001882285501
Pseudodiploria194864,-0.0306558594668759
Pseudodiploria194865,-0.0586814332799396
Pseudodiploria194868,-0.00340403769378469
Pseudodiploria194869,0.0112179051449366
Pseudodiploria194870,0.00220662646542392
Pseudodiploria194872,-0.0107258645202738
Pseudodiploria194873,-0.0674471106881622
Pseudodiploria194874,0.20553753138538
Pseudodiploria194876,0.0474190908279118
Pseudodiploria194879,0.076257145981376
Pseudodiploria194880,0.00985575228013465
Pseudodiploria194881,0.0309835033499481
Pseudodiploria194883,-0.0267502029933444
Pseudodiploria194886,0.267937107253867
Pseudodiploria194887,0.0127096792715235
Pseudodiploria194891,0.12679622167885
Pseudodiploria194894,-0.0570697668742193
Pseudodiploria194896,-0.0398790822661408
Pseudodiploria194897,0.219708553140657
Pseudodiploria194898,-0.0443979552178925
Pseudodiploria194900,0.0578021169835631
Pseudodiploria194902,0.0170805435282476
Pseudodiploria194903,0.298803851435546
Pseudodiploria194908,0.0211665754106414
Pseudodiploria194910,0.00985575228013465
Pseudodiploria194913,0.0152903917866385
Pseudodiploria194914,0.154166650749067
Pseudodiploria194915,0.630187608869447
Pseudodiploria194916,0.00672938386041195
Pseudodiploria194917,0.0803106741710958
Pseudodiploria194918,0.382497691784273
Pseudodiploria194919,-0.05858910039354
Pseudodiploria194922,0.0484011761577907
Pseudodiploria194923,0.136999297853957
Pseudodiploria194925,0.0776300678745537
Pseudodiploria194929,-0.142473258683416
Pseudodiploria194931,0.301193497726963
Pseudodiploria194932,0.0940057926267517
Pseudodiploria194934,0.0540292164070798
Pseudodiploria194935,0.190263912269489
Pseudodiploria194937,0.204950364908108
Pseudodiploria194938,0.0826904216282726
Pseudodiploria194940,0.193358688867107
Pseudodiploria194945,0.0735525240267954
Pseudodiploria194946,-0.057499952930486
Pseudodiploria194947,0.0112179051449366
Pseudodiploria194948,0.0176404031441819
Pseudodiploria194949,-0.0803106741710958
Pseudodiploria194950,-0.133047007306172
Pseudodiploria194951,0.261704256810273
Pseudodiploria194954,-0.0113664418243331
Pseudodiploria194956,-0.0447993929189929
Pseudodiploria194957,-0.0637479676409293
Pseudodiploria194959,0.0515140866605981
Pseudodiploria194963,-0.12388801394139
Pseudodiploria194968,0.107271972101072
Pseudodiploria194969,-0.00528865271431855
Pseudodiploria194971,0.173318452578436
Pseudodiploria194973,-0.00303112152210068
Pseudodiploria194975,0.464149312885109
Pseudodiploria194977,-0.0433551013360765
Pseudodiploria194979,0.324563397791703
Pseudodiploria194980,0.0379593759076267
Pseudodiploria194984,-0.0127326110625214
Pseudodiploria194987,-0.0207297080237398
Pseudodiploria194988,0.0332403435705847
Pseudodiploria194989,-0.613261695225711
Pseudodiploria194992,0.101162141722685
Pseudodiploria194994,-0.0267076200181193
Pseudodiploria194995,-0.00283322773344166
Pseudodiploria194996,0.112641704592565
Pseudodiploria194997,0.0173299673636773
Pseudodiploria194998,0.00442115444224438
Pseudodiploria194999,-0.0555981926505917
Pseudodiploria195000,-0.0127283210356251
Pseudodiploria195001,-0.219708553140657
Pseudodiploria195002,-0.0456985762646337
Pseudodiploria195003,0.0665236267356213
Pseudodiploria195004,-0.204375344546775
Pseudodiploria195010,0.195256479660094
Pseudodiploria195015,0.0235055354055211
Pseudodiploria195019,-0.123575714956011
Pseudodiploria195020,-0.173709184482145
Pseudodiploria195021,1.09816114983824
Pseudodiploria195023,0.230249960859702
Pseudodiploria195024,-0.0703342171220395
Pseudodiploria195025,-0.0119324248425975
Pseudodiploria195026,-0.035465218850857
Pseudodiploria195027,-0.042983299459232
Pseudodiploria195029,0.0488551825377031
Pseudodiploria195031,0.595592788946349
Pseudodiploria195032,-0.114742670184194
Pseudodiploria195033,0.277821058229124
Pseudodiploria195034,0.116927150586078
Pseudodiploria195037,0.0438217960528623
Pseudodiploria195038,-0.0513359223175875
Pseudodiploria195040,0.0330837659048868
Pseudodiploria195041,-0.0575896476922196
Pseudodiploria195044,-1.31506868865199
Pseudodiploria195045,-0.267727649965258
Pseudodiploria195046,-0.114102741320132
Pseudodiploria195047,-0.173709184482145
Pseudodiploria195049,0.000318062360751812
Pseudodiploria195050,-0.00766449848869811
Pseudodiploria195051,0.00798203736345584
Pseudodiploria195053,0.0817518085919977
Pseudodiploria195055,-0.00609125227080745
Pseudodiploria195057,-0.0695656235485358
Pseudodiploria195058,0.00443670744406629
Pseudodiploria195061,-0.0853159051976001
Pseudodiploria195063,-0.0918334631404722
Pseudodiploria195064,0.00766449848869811
Pseudodiploria195065,-0.198381042271586
Pseudodiploria195066,0.0567820447167692
Pseudodiploria195067,0.176733218455969
Pseudodiploria195069,-0.332115529417382
Pseudodiploria195074,-0.0459206732105077
Pseudodiploria195076,0.00116229498903307
Pseudodiploria195077,-0.193358688867107
Pseudodiploria195079,0.0141808549677407
Pseudodiploria195081,0.00220662646542392
Pseudodiploria195085,0.00755400621463598
Pseudodiploria195086,-0.054786695813094
Pseudodiploria195087,0.00257985508619745
Pseudodiploria195088,0.199089706108367
Pseudodiploria195089,-0.0235055354055211
Pseudodiploria195090,-0.17692450540613
Pseudodiploria195091,0.778593640315302
Pseudodiploria195092,0.0567820447167692
Pseudodiploria195093,0.054786695813094
Pseudodiploria195097,0.347317321967757
Pseudodiploria195098,-0.210165892185536
Pseudodiploria195101,0.140898569027645
Pseudodiploria195102,-0.00175171498295755
Pseudodiploria195103,0.118464944051663
Pseudodiploria195104,0.0363869484973127
Pseudodiploria195107,0.00633718335556019
Pseudodiploria195108,-0.0803106741710958
Pseudodiploria195109,0.0753449958098662
Pseudodiploria195110,0.0446813043164809
Pseudodiploria195111,0.000906905741636383
Pseudodiploria195116,0.140865293404101
Pseudodiploria195117,-0.112429975988484
Pseudodiploria195118,0.0794947690730128
Pseudodiploria195120,0.0366518081118489
Pseudodiploria195123,0.176651864215796
Pseudodiploria195125,0.198449388654206
Pseudodiploria195126,-0.0906490328864959
Pseudodiploria195127,0.0180719156020383
Pseudodiploria195130,-0.195120132156156
Pseudodiploria195131,0.0684559116659917
Pseudodiploria195133,-0.361570725371471
Pseudodiploria195134,0.0345451994674642
Pseudodiploria195137,0.090499830148783
Pseudodiploria195139,0.203184855282897
Pseudodiploria195143,-0.00212747895569464
Pseudodiploria195144,0.266064441376654
Pseudodiploria195145,0.306614933635214
Pseudodiploria195146,-0.203395540873195
Pseudodiploria195148,-0.0838104773929043
Pseudodiploria195150,0.169813135243214
Pseudodiploria195152,0.038795081228185
Pseudodiploria195153,0.0381957704173546
Pseudodiploria195154,0.243989663929935
Pseudodiploria195155,-0.054786695813094
Pseudodiploria195158,0.0264472421244268
Pseudodiploria195159,0.0263129851784473
Pseudodiploria195160,0.0565030399220348
Pseudodiploria195161,-0.157366019388201
Pseudodiploria195162,-0.157366019388201
Pseudodiploria195164,0.154355074567635
Pseudodiploria195167,0.00192028062997762
Pseudodiploria195168,1.32900501239852
Pseudodiploria195170,0.0868892341110022
Pseudodiploria195173,0.0660805953923656
Pseudodiploria195174,0.068494176800603
Pseudodiploria195176,0.0316883882422267
Pseudodiploria195177,0.0272711947443832
Pseudodiploria195178,0.0776149599000192
Pseudodiploria195179,-0.0555981926505917
Pseudodiploria195180,0.601108055905012
Pseudodiploria195181,-0.126060705707085
Pseudodiploria195183,0.0906490328864959
Pseudodiploria195186,0.00633718335556019
Pseudodiploria195188,0.0180719156020383
Pseudodiploria195189,-0.00798203736345584
Pseudodiploria195190,-0.0199399861125843
Pseudodiploria195191,-0.0868335106979527
Pseudodiploria195192,0.200942292970001
Pseudodiploria195193,-0.00407876965835764
Pseudodiploria195196,0.483665915402706
Pseudodiploria195197,-0.0803106741710958
Pseudodiploria195198,0.0128524236073747
Pseudodiploria195200,-0.000989896452418239
Pseudodiploria195201,0.112584701248439
Pseudodiploria195203,-0.0560143769442767
Pseudodiploria195204,-0.271389374371574
Pseudodiploria195205,-0.0206216987422484
Pseudodiploria195206,-0.263556824685005
Pseudodiploria195207,0.0489645575809616
Pseudodiploria195209,-0.253616086779443
Pseudodiploria19521,0.0425346315888349
Pseudodiploria195210,0.101456617213213
Pseudodiploria195214,0.0775353033803793
Pseudodiploria195215,0.0428480215488344
Pseudodiploria195218,0.249127513602134
Pseudodiploria195222,0.00442115444224438
Pseudodiploria195226,0.130498586193068
Pseudodiploria195230,0.116133691014373
Pseudodiploria195232,0.11390166887851
Pseudodiploria195236,-0.0379838652474427
Pseudodiploria195237,-0.215838079272981
Pseudodiploria195240,-0.0383108389965296
Pseudodiploria195241,-0.281558729779398
Pseudodiploria195242,-0.00752070592628983
Pseudodiploria195243,0.074902770616323
Pseudodiploria195244,-0.0218584812324132
Pseudodiploria195248,0.128138712893503
Pseudodiploria195250,-0.0579898427485898
Pseudodiploria195251,0.207617409627905
Pseudodiploria195252,-0.21605873794931
Pseudodiploria195259,0.0249027998155114
Pseudodiploria195261,0.00305857581340404
Pseudodiploria195264,0.00760419114014307
Pseudodiploria195266,0.535680777164131
Pseudodiploria195267,-0.142009287061362
Pseudodiploria195268,0.00212747895569464
Pseudodiploria195269,0.00490403873729576
Pseudodiploria195274,-0.00395912013547775
Pseudodiploria195277,-0.00673812813508918
Pseudodiploria195280,0.0776149599000192
Pseudodiploria195282,0.0107258645202738
Pseudodiploria195287,0.204786243498957
Pseudodiploria195290,-0.0614795016511712
Pseudodiploria195291,0.0263129851784473
Pseudodiploria195292,-0.00757843014938539
Pseudodiploria195294,0.00672938386041195
Pseudodiploria195296,0.0753449958098662
Pseudodiploria195297,0.00411260588166191
Pseudodiploria195298,0.0759930390982661
Pseudodiploria195300,-0.00661045926228821
Pseudodiploria195301,0.0112179051449366
Pseudodiploria195302,0.115416754968286
Pseudodiploria195303,0.0665236267356213
Pseudodiploria195304,-0.101162141722685
Pseudodiploria195306,1.4296383969277
Pseudodiploria195308,0.176630645367563
Pseudodiploria195312,-0.277821058229124
Pseudodiploria195313,-0.166785397372391
Pseudodiploria195314,-0.00464602739414049
Pseudodiploria195319,0.0619296266630872
Pseudodiploria195324,0.0204285056521816
Pseudodiploria195325,-0.0365997574154289
Pseudodiploria195326,0.0723600733570247
Pseudodiploria195329,-0.36356646026996
Pseudodiploria195330,0.210026136262992
Pseudodiploria195331,-0.0216496880452836
Pseudodiploria195332,0.0994595133662366
Pseudodiploria195333,0.0379206077487898
Pseudodiploria195334,-0.140661421233519
Pseudodiploria195335,-0.054786695813094
Pseudodiploria195338,0.000906905741636383
Pseudodiploria195339,0.00887057842557879
Pseudodiploria195340,-0.0345721744093838
Pseudodiploria195341,0.08936022587086
Pseudodiploria195342,-0.206452680881308
Pseudodiploria195344,0.177533529507088
Pseudodiploria195346,0.0512539908750511
Pseudodiploria195347,0.307873830314113
Pseudodiploria195349,0.0360410597649232
Pseudodiploria195350,-0.200937678786456
Pseudodiploria195351,0.0265334997248099
Pseudodiploria195355,-0.12679622167885
Pseudodiploria195356,-0.0982922841966368
Pseudodiploria195358,0.432345959890216
Pseudodiploria195359,0.0352656956172551
Pseudodiploria195360,0.154355074567635
Pseudodiploria195363,0.138999485559589
Pseudodiploria195366,0.687075301927056
Pseudodiploria195367,-0.114102741320132
Pseudodiploria195368,0.0824729825666632
Pseudodiploria195370,0.0127326110625214
Pseudodiploria195371,0.0843353423824519
Pseudodiploria195374,0.0105254000113502
Pseudodiploria195376,0.00402446899733638
Pseudodiploria195378,-0.0151716742037521
Pseudodiploria195380,0.105712954626844
Pseudodiploria195382,0.0348952366010024
Pseudodiploria195383,0.0378323452122705
Pseudodiploria195384,-0.215838079272981
Pseudodiploria195387,-0.297192214884278
Pseudodiploria195388,-0.173298203746362
Pseudodiploria195390,0.0229171369692217
Pseudodiploria195391,-0.37605735187462
Pseudodiploria195392,0.201361459508497
Pseudodiploria195395,-0.239920020462924
Pseudodiploria195396,0.316691551415781
Pseudodiploria195399,0.10841761795179
Pseudodiploria195401,-0.00464602739414049
Pseudodiploria195404,0.10000089100857
Pseudodiploria195405,0.00167066840730128
Pseudodiploria195406,0.100870877529388
Pseudodiploria195407,0.0379593759076267
Pseudodiploria195412,-0.0555981926505917
Pseudodiploria195413,-0.090499830148783
Pseudodiploria195417,-0.0180719156020383
Pseudodiploria195418,0.464149312885109
Pseudodiploria195419,0.0810378829563655
Pseudodiploria195421,-0.0926023590634774
Pseudodiploria195422,-0.140865293404101
Pseudodiploria195426,-0.0228810321846523
Pseudodiploria195428,0.113998331835454
Pseudodiploria195430,-0.0965933628590691
Pseudodiploria195431,0.0152136949901382
Pseudodiploria195433,0.0428593864806746
Pseudodiploria195435,0.345162864277567
Pseudodiploria195436,-0.0456385699132763
Pseudodiploria195437,-0.0308324102543508
Pseudodiploria195440,0.00985575228013465
Pseudodiploria195442,-0.172251964558848
Pseudodiploria195445,0.0224961307482877
Pseudodiploria195447,0.146185611840187
Pseudodiploria195449,-0.0533896186156034
Pseudodiploria195450,0.00220662646542392
Pseudodiploria195452,0.0388524889531566
Pseudodiploria195453,-0.0170805435282476
Pseudodiploria195454,-0.000648285391053872
Pseudodiploria195455,0.038795081228185
Pseudodiploria195457,0.386442562465707
Pseudodiploria195460,-0.00731908876194208
Pseudodiploria195463,0.210165892185536
Pseudodiploria195467,0.0383108389965296
Pseudodiploria195468,0.00448954283607219
Pseudodiploria195469,0.481893755542461
Pseudodiploria195472,-0.149882172213734
Pseudodiploria195473,0.00752070592628983
Pseudodiploria195474,0.0948927534876678
Pseudodiploria195476,-0.0543359526864829
Pseudodiploria195477,0.0363869484973127
Pseudodiploria195479,0.294783842677965
Pseudodiploria195480,-0.193772560296038
Pseudodiploria195482,0.0446813043164809
Pseudodiploria195483,0.020608594979212
Pseudodiploria195485,0.0340872434226669
Pseudodiploria195488,0.562098768641752
Pseudodiploria195490,0.0466864333232595
Pseudodiploria195492,0.572331861513722
Pseudodiploria195493,-0.0629712670662687
Pseudodiploria195494,0.127770284724866
Pseudodiploria195495,0.0267076200181193
Pseudodiploria195499,-0.408134792094645
Pseudodiploria195501,-0.133159159039978
Pseudodiploria195502,0.00201533232044185
Pseudodiploria195503,-0.00694441813063382
Pseudodiploria195504,0.415525168617854
Pseudodiploria195505,0.056382850593568
Pseudodiploria195506,0.11686224829144
Pseudodiploria195509,-0.16900772355619
Pseudodiploria195510,-0.261704256810273
Pseudodiploria195511,0.055951985509345
Pseudodiploria195513,0.0971641955374569
Pseudodiploria195515,0.0134103613476441
Pseudodiploria195516,-0.0697659077024617
Pseudodiploria195517,0.0843353423824519
Pseudodiploria195518,-0.00460445094605495
Pseudodiploria195520,0.106229844335489
Pseudodiploria195521,-0.0474190908279118
Pseudodiploria195523,0.239242169536891
Pseudodiploria195524,-0.243174177296729
Pseudodiploria195525,-0.0491381021219739
Pseudodiploria195535,0.0378323452122705
Pseudodiploria195536,0.127843033394566
Pseudodiploria195537,-0.0233285931839279
Pseudodiploria195538,0.132437145080829
Pseudodiploria195539,-0.219778021429521
Pseudodiploria195541,0.137781538001116
Pseudodiploria195542,0.223914633420628
Pseudodiploria195543,0.0230762445070873
Pseudodiploria195544,0.107536368647325
Pseudodiploria195546,0.463132500981638
Pseudodiploria195547,0.0314201550253276
Pseudodiploria195548,-0.0866921545792062
Pseudodiploria195549,0.00782575024261055
Pseudodiploria195550,-0.02057941079348
Pseudodiploria195551,-0.158351118294539
Pseudodiploria195554,-0.00989379053301454
Pseudodiploria195555,-0.0436393190118737
Pseudodiploria195557,-0.046336705092564
Pseudodiploria195559,0.239462306248546
Pseudodiploria195560,-0.2804180085129
Pseudodiploria195562,-0.00731908876194208
Pseudodiploria195563,0.14619085339505
Pseudodiploria195564,-0.08449251385922
Pseudodiploria195566,-0.0763211069229897
Pseudodiploria195567,-0.0947381400607948
Pseudodiploria195569,-0.0307386535386753
Pseudodiploria195570,-0.0306921275187215
Pseudodiploria195571,-0.784281444759395
Pseudodiploria195572,-0.159212962333223
Pseudodiploria195575,0.116608744679636
Pseudodiploria195580,-0.0100448078398533
Pseudodiploria195582,0.225826874489859
Pseudodiploria195583,0.0552218449000678
Pseudodiploria195584,0.0552218449000678
Pseudodiploria195585,-0.0107258645202738
Pseudodiploria195586,-0.42677453897588
Pseudodiploria195587,-0.0378323452122705
Pseudodiploria195591,0.039419307553861
Pseudodiploria195593,-1.1391371127147
Pseudodiploria195594,0.112012082473997
Pseudodiploria195595,-0.156219997545398
Pseudodiploria195597,0.287419514251556
Pseudodiploria195601,0.89953801275352
Pseudodiploria195603,0.3290424564811
Pseudodiploria195604,-0.0299484644822171
Pseudodiploria195605,-0.0417288850703859
Pseudodiploria195607,0.0586515619189529
Pseudodiploria195609,-0.405714081985867
Pseudodiploria195611,0.310298766590114
Pseudodiploria195612,0.296987591248989
Pseudodiploria195613,-0.0284622203488683
Pseudodiploria195615,-0.0113664418243331
Pseudodiploria195616,0.299211716226015
Pseudodiploria195617,-0.123478585231691
Pseudodiploria195619,0.112559285679048
Pseudodiploria195620,-0.224980623664681
Pseudodiploria195621,-0.00867980296142241
Pseudodiploria195622,-0.00504543176228622
Pseudodiploria195624,-0.140256304268261
Pseudodiploria195625,-0.0378323452122705
Pseudodiploria195627,0.0289765762545857
Pseudodiploria195629,0.266738376289722
Pseudodiploria195630,0.10630063566697
Pseudodiploria195631,0.0471213693238595
Pseudodiploria195635,-0.340861259084722
Pseudodiploria195638,-0.10901492881863
Pseudodiploria195641,0.0309143186722524
Pseudodiploria195642,0.206452680881308
Pseudodiploria195643,-0.0242684827958791
Pseudodiploria195644,-0.0226265257260569
Pseudodiploria195646,0.0251560844383766
Pseudodiploria195651,-0.00417607563238447
Pseudodiploria195652,0.116551527426381
Pseudodiploria195653,0.0787559166242483
Pseudodiploria195654,-0.281320754896029
Pseudodiploria195655,-0.533453342330799
Pseudodiploria195658,0.0569740844958047
Pseudodiploria195660,0.268532777297081
Pseudodiploria195661,0.00766449848869811
Pseudodiploria195662,0.030377925550844
Pseudodiploria195663,0.166816714040425
Pseudodiploria195665,0.0121947159280265
Pseudodiploria195666,0.00259383844789118
Pseudodiploria195667,0.0338178516225998
Pseudodiploria195668,0.361288556068208
Pseudodiploria195669,-0.0105254000113502
Pseudodiploria195670,-0.010615962086317
Pseudodiploria195672,-0.3290424564811
Pseudodiploria195673,-0.0605372936169837
Pseudodiploria195675,0.0689592697446326
Pseudodiploria195676,-0.0128065421028733
Pseudodiploria195677,0.00402446899733638
Pseudodiploria195679,0.0629712670662687
Pseudodiploria195683,0.0803106741710958
Pseudodiploria195684,0.0264215693210059
Pseudodiploria195685,0.633844749413241
Pseudodiploria195686,0.596207604049046
Pseudodiploria195687,-0.0813067289933885
Pseudodiploria195688,0.0330837659048868
Pseudodiploria195690,0.00780903266326217
Pseudodiploria195691,0.018945603640231
Pseudodiploria195692,-0.264391149660755
Pseudodiploria195693,0.00319285811366768
Pseudodiploria195695,-0.672445361097508
Pseudodiploria195696,0.188382015597652
Pseudodiploria195697,-0.00985493844864605
Pseudodiploria195698,0.0098249270901827
Pseudodiploria195699,-0.209816103498848
Pseudodiploria195700,0.0656060792760945
Pseudodiploria195701,-0.138154826432109
Pseudodiploria195704,-0.0142288210346364
Pseudodiploria195706,0.0763211069229897
Pseudodiploria195707,-0.048923703741313
Pseudodiploria195708,0.278292335355348
Pseudodiploria195711,-0.0726125579484285
Pseudodiploria195712,-0.0660805953923656
Pseudodiploria195715,0.396059994574856
Pseudodiploria195719,0.0475595489169322
Pseudodiploria195720,-0.0932239612971331
Pseudodiploria195724,0.191668946996264
Pseudodiploria195725,-0.118203059258092
Pseudodiploria195727,-0.0177746559089545
Pseudodiploria195729,-0.391185806485715
Pseudodiploria195732,0.824872097644826
Pseudodiploria195734,-0.1247453573646
Pseudodiploria195735,0.00166938260831778
Pseudodiploria195736,-0.119952086912682
Pseudodiploria195741,0.173709184482145
Pseudodiploria195742,-0.044970970476164
Pseudodiploria195743,0.199027345968153
Pseudodiploria195744,-0.166171668460042
Pseudodiploria195746,0.0182253586348746
Pseudodiploria195747,0.0559951846512741
Pseudodiploria195748,-0.11593664721084
Pseudodiploria195749,0.0439963000439068
Pseudodiploria195753,0.0128065421028733
Pseudodiploria195754,-0.193772560296038
Pseudodiploria195755,0.182483991737428
Pseudodiploria195758,0.258696402387326
Pseudodiploria195761,0.0704857852367197
Pseudodiploria195762,0.387707558862992
Pseudodiploria195763,0.158402629056949
Pseudodiploria195765,0.119957327762775
Pseudodiploria195766,0.0688698285656801
Pseudodiploria195767,0.200849720875987
Pseudodiploria195771,0.325713910968173
Pseudodiploria195772,0.153179095184884
Pseudodiploria195773,-0.00212747895569464
Pseudodiploria195774,-0.172251964558848
Pseudodiploria195775,0.193358688867107
Pseudodiploria195776,-0.488487677112702
Pseudodiploria195777,-0.0554949745242309
Pseudodiploria195778,-0.196527005434711
Pseudodiploria195781,-0.00708040686669002
Pseudodiploria195782,0.0657643436538348
Pseudodiploria195786,0.102426898562469
Pseudodiploria195790,0.18997971056176
Pseudodiploria195792,0.054786695813094
Pseudodiploria195794,0.0145490282755426
Pseudodiploria195795,-0.0474190908279118
Pseudodiploria195796,0.00667413702969058
Pseudodiploria195797,0.369234314835038
Pseudodiploria195799,-0.661156788333819
Pseudodiploria195800,0.00985493844864605
Pseudodiploria195801,0.152128566529619
Pseudodiploria195802,-0.014771991148648
Pseudodiploria195804,0.0818235311802466
Pseudodiploria195805,0.212447961427275
Pseudodiploria195807,0.019742303662251
Pseudodiploria195809,0.00867980296142241
Pseudodiploria195812,0.00528865271431855
Pseudodiploria195813,0.0942177466077004
Pseudodiploria195815,-0.0279288523593346
Pseudodiploria195817,0.239920020462924
Pseudodiploria195818,0.301019865705056
Pseudodiploria195819,-0.12484359563812
Pseudodiploria195820,0.331776505407086
Pseudodiploria195824,0.125657172329744
Pseudodiploria195825,-0.0305252162938733
Pseudodiploria195827,-0.0398790822661408
Pseudodiploria195828,-0.25519532211631
Pseudodiploria195829,0.0109143695620943
Pseudodiploria195830,0.0520373403286872
Pseudodiploria195831,-0.00788157032292564
Pseudodiploria195832,0.0837767074203391
Pseudodiploria195833,0.0349609699175601
Pseudodiploria195834,0.00674777887187156
Pseudodiploria195835,0.36356646026996
Pseudodiploria195836,0.0515140866605981
Pseudodiploria195841,-0.0216496880452836
Pseudodiploria195844,-0.0122310568171306
Pseudodiploria195845,-0.0216526787897418
Pseudodiploria195847,-0.00150084064563322
Pseudodiploria195848,0.0056604679158019
Pseudodiploria195850,-0.0835144789112222
Pseudodiploria195853,-0.135647102210625
Pseudodiploria195855,1.00385923627439
Pseudodiploria195857,0.014438206612552
Pseudodiploria195858,-0.0107258645202738
Pseudodiploria195859,0.101951828404083
Pseudodiploria195860,-0.386337432486384
Pseudodiploria195861,0.0268579029074487
Pseudodiploria195862,0.157157694463171
Pseudodiploria195863,0.042983299459232
Pseudodiploria195864,-0.0147973214901052
Pseudodiploria195866,-0.0100527836102448
Pseudodiploria195867,0.293218333066338
Pseudodiploria195870,0.028962408888466
Pseudodiploria195874,0.000784852265696679
Pseudodiploria195878,-0.0793951304523601
Pseudodiploria195881,-0.206417056711054
Pseudodiploria195882,-0.00798203736345584
Pseudodiploria195883,0.0267076200181193
Pseudodiploria195885,0.0388524889531566
Pseudodiploria195886,-0.0189306284367613
Pseudodiploria195887,0.0018205355419667
Pseudodiploria195888,0.293161888638773
Pseudodiploria195889,0.0843353423824519
Pseudodiploria195890,0.297192214884278
Pseudodiploria195892,0.112641704592565
Pseudodiploria195893,-0.125657172329744
Pseudodiploria195896,-0.0152136949901382
Pseudodiploria195898,0.0098249270901827
Pseudodiploria195900,0.0122310568171306
Pseudodiploria195903,0.0213304364996912
Pseudodiploria195905,0.569607511743632
Pseudodiploria195906,-0.00443670744406629
Pseudodiploria195909,0.00464618628400654
Pseudodiploria195911,0.220363818153541
Pseudodiploria195912,-0.162627351258695
Pseudodiploria195913,0.21982343957206
Pseudodiploria195914,0.0555981926505917
Pseudodiploria195916,-0.079336957143971
Pseudodiploria195917,0.206975463850061
Pseudodiploria195918,0.395386362052461
Pseudodiploria195919,-0.0206216987422484
Pseudodiploria195920,-0.010615962086317
Pseudodiploria195921,0.439103304556658
Pseudodiploria195922,0.0210407327903784
Pseudodiploria195923,-0.313212446755622
Pseudodiploria195924,0.223914633420628
Pseudodiploria195926,0.0540347088651208
Pseudodiploria195929,-0.0310104581436507
Pseudodiploria195930,0.026816437407241
Pseudodiploria195931,-0.00303112152210068
Pseudodiploria195933,0.0305252162938733
Pseudodiploria195934,-0.157485672362806
Pseudodiploria195935,0.0341736272715793
Pseudodiploria195936,-0.0648034261708774
Pseudodiploria195938,0.0134103613476441
Pseudodiploria195939,0.382497691784273
Pseudodiploria195940,-0.00176471023644827
Pseudodiploria195942,0.378185042778958
Pseudodiploria195943,-0.0514780506734524
Pseudodiploria195944,0.0579898427485898
Pseudodiploria195946,-0.0555981926505917
Pseudodiploria195948,-0.103801737702381
Pseudodiploria195949,-1.35092807996319
Pseudodiploria195951,0.113871094327848
Pseudodiploria195952,0.0488551825377031
Pseudodiploria195953,0.559777514243901
Pseudodiploria195955,0.0122310568171306
Pseudodiploria195956,0.449572475177973
Pseudodiploria195964,0.0267076200181193
Pseudodiploria195965,0.0096727111665189
Pseudodiploria195966,-0.028704404766416
Pseudodiploria195969,0.0942177466077004
Pseudodiploria195970,0.000363802231063298
Pseudodiploria195973,-0.415799229194029
Pseudodiploria195974,-0.266064441376654
Pseudodiploria195975,-0.0555337293031953
Pseudodiploria195977,0.0609155419451495
Pseudodiploria195978,-0.386442562465707
Pseudodiploria195980,1.17235224081451
Pseudodiploria195982,-0.0918334631404722
Pseudodiploria195983,-0.213119859941092
Pseudodiploria195984,0.467511449475962
Pseudodiploria195986,0.0629233139443061
Pseudodiploria195987,-0.360828974261069
Pseudodiploria195991,0.132508702053249
Pseudodiploria195992,0.0269560038346307
Pseudodiploria195993,0.463132500981638
Pseudodiploria195997,0.00638518026948317
Pseudodiploria195998,-0.00108284017322824
Pseudodiploria196000,1.15482910019372
Pseudodiploria196001,0.0206216987422484
Pseudodiploria196002,-0.423374025050499
Pseudodiploria196004,0.00848967965212691
Pseudodiploria196006,-0.380233270139818
Pseudodiploria196007,0.245139100327393
Pseudodiploria196008,-0.197009148565958
Pseudodiploria196010,0.375692576917067
Pseudodiploria196011,-0.0581384383614311
Pseudodiploria196013,0.352639729376786
Pseudodiploria196014,1.15482910019372
Pseudodiploria196015,0.0920176297793848
Pseudodiploria196016,-0.00166938260831778
Pseudodiploria196017,0.0330837659048868
Pseudodiploria196018,0.0609155419451495
Pseudodiploria196020,-0.0498596767144571
Pseudodiploria196021,-0.0219368476829638
Pseudodiploria196022,0.503951384105155
Pseudodiploria196025,0.00752070592628983
Pseudodiploria196028,-0.00212747895569464
Pseudodiploria196029,-0.0236524432716372
Pseudodiploria196032,0.0113664418243331
Pseudodiploria196043,-0.00951767745558288
Pseudodiploria196045,-0.0267076200181193
Pseudodiploria196046,0.134033318755911
Pseudodiploria196047,0.0659877567074604
Pseudodiploria196048,0.197009148565958
Pseudodiploria196049,-0.114891205547789
Pseudodiploria196050,-0.00401815682185019
Pseudodiploria196051,-0.211223605828486
Pseudodiploria196053,1.7859950585629
Pseudodiploria196054,0.0575896476922196
Pseudodiploria196055,-0.0115188626913002
Pseudodiploria196056,-0.0444446539261483
Pseudodiploria196059,-0.136288453750417
Pseudodiploria196061,0.109110609395792
Pseudodiploria196062,0.073312399762339
Pseudodiploria196063,0.173727586527039
Pseudodiploria196066,0.10879064193284
Pseudodiploria196067,0.0588742924519235
Pseudodiploria196068,-1.09836441659463
Pseudodiploria196069,-0.148692302791679
Pseudodiploria196070,0.104163742286449
Pseudodiploria196072,0.0599154076776022
Pseudodiploria196075,-0.035961102075781
Pseudodiploria196081,0.421139397987526
Pseudodiploria196082,-0.0753449958098662
Pseudodiploria196086,0.00633718335556019
Pseudodiploria196088,0.0126688689941999
Pseudodiploria196089,-0.297192214884278
Pseudodiploria196092,-0.0127900856229228
Pseudodiploria196095,-0.0586814332799396
Pseudodiploria196098,0.0579898427485898
Pseudodiploria196099,-0.313515870399348
Pseudodiploria196100,0.464149312885109
Pseudodiploria196101,-0.0513050064663257
Pseudodiploria196102,-0.0828766701422673
Pseudodiploria196103,0.0586814332799396
Pseudodiploria196105,-0.0582624940334206
Pseudodiploria196106,0.386763106094357
Pseudodiploria196108,-0.261704256810273
Pseudodiploria196110,0.0315524364500458
Pseudodiploria196111,0.153397897032312
Pseudodiploria196112,-0.672445361097508
Pseudodiploria196114,-0.0367743648887114
Pseudodiploria196115,0.413220922359326
Pseudodiploria196116,0.0172430971129502
Pseudodiploria196119,0.107271972101072
Pseudodiploria196120,0.00150084064563322
Pseudodiploria196124,-0.00633718335556019
Pseudodiploria196125,-0.0113664418243331
Pseudodiploria196126,-0.223270539652059
Pseudodiploria196127,-0.0629233139443061
Pseudodiploria196128,0.00673812813508918
Pseudodiploria196130,0.517202005659866
Pseudodiploria196131,0.05015437695734
Pseudodiploria196135,-0.188297221325071
Pseudodiploria196136,-0.0704857852367197
Pseudodiploria196137,0.386461899435712
Pseudodiploria196138,0.0170805435282476
Pseudodiploria196139,0.143172766558829
Pseudodiploria196140,0.0446813043164809
Pseudodiploria196141,0.0308126238931732
Pseudodiploria196143,0.0438731584657658
Pseudodiploria196145,0.135647102210625
Pseudodiploria196146,-0.00731908876194208
Pseudodiploria196148,0.297192214884278
Pseudodiploria196149,0.0365363376757434
Pseudodiploria196151,-0.0132081293824519
Pseudodiploria196152,-0.100932749392335
Pseudodiploria196153,0.174554227710739
Pseudodiploria196156,0.236318526263183
Pseudodiploria196158,-0.0249027998155114
Pseudodiploria196159,0.00708040686669002
Pseudodiploria196161,0.118474834426586
Pseudodiploria196162,-0.0489645575809616
Pseudodiploria196163,0.0778004201602169
Pseudodiploria196164,0.0971641955374569
Pseudodiploria196165,0.0469481426047861
Pseudodiploria196166,-0.0939336989981227
Pseudodiploria196167,-0.00206879341432083
Pseudodiploria196168,0.197203543255934
Pseudodiploria196169,-0.200805890181125
Pseudodiploria196170,-0.0838232928622335
Pseudodiploria196171,-0.0499366906205573
Pseudodiploria196173,0.0200981216376129
Pseudodiploria196174,0.0552218449000678
Pseudodiploria196175,-0.0314201550253276
Pseudodiploria196177,-0.239917310019814
Pseudodiploria196179,0.102455820135679
Pseudodiploria196180,-0.0305252162938733
Pseudodiploria196181,0.0322791693603123
Pseudodiploria196182,0.0512768107164224
Pseudodiploria196183,-0.0115607120759399
Pseudodiploria196184,-0.36356646026996
Pseudodiploria196185,-0.194361137729931
Pseudodiploria196188,-0.621669480919163
Pseudodiploria196189,0.462859436650504
Pseudodiploria196190,0.0316981022432377
Pseudodiploria196191,-0.181756686248211
Pseudodiploria196192,0.0446813043164809
Pseudodiploria196193,0.123852467722694
Pseudodiploria196195,0.566888644827567
Pseudodiploria196196,0.0629712670662687
Pseudodiploria196202,0.0310466991219679
Pseudodiploria196203,0.200134702478709
Pseudodiploria196205,0.068494176800603
Pseudodiploria196206,0.660915136136095
Pseudodiploria196208,0.00708040686669002
Pseudodiploria196209,-0.00837608172794265
Pseudodiploria196211,-0.128138712893503
Pseudodiploria196213,0.197009148565958
Pseudodiploria196214,-0.153179095184884
Pseudodiploria196216,-0.0856741200635231
Pseudodiploria196218,-0.225826874489859
Pseudodiploria196219,-0.252694334307014
Pseudodiploria196220,0.000906905741636383
Pseudodiploria196221,0.0763961264107566
Pseudodiploria196222,-0.466824884271455
Pseudodiploria196224,0.327529584132738
Pseudodiploria196226,-0.0595287719743733
Pseudodiploria196233,0.00691214876022797
Pseudodiploria196234,-0.116900080614091
Pseudodiploria196237,0.00679325522956577
Pseudodiploria196238,0.252773270606782
Pseudodiploria196239,0.0367743648887114
Pseudodiploria196241,0.0360410597649232
Pseudodiploria196242,-0.0893657614801683
Pseudodiploria196243,0.123852467722694
Pseudodiploria196244,-0.131661193189697
Pseudodiploria196245,0.251671761104259
Pseudodiploria196246,-0.243209907829441
Pseudodiploria196247,-0.324563397791703
Pseudodiploria196248,0.0314600194330868
Pseudodiploria196249,0.00609856443171154
Pseudodiploria196251,-0.0124745215681983
Pseudodiploria196253,0.239950867966245
Pseudodiploria196254,-0.0127326110625214
Pseudodiploria196255,-1.10968732897611
Pseudodiploria196256,0.20944576126799
Pseudodiploria196257,0.0107258645202738
Pseudodiploria196258,0.0972450616914985
Pseudodiploria196259,0.149553133385637
Pseudodiploria196262,-0.0242684827958791
Pseudodiploria196264,-0.382182697390732
Pseudodiploria196266,0.316943580592149
Pseudodiploria196268,-0.226577120933776
Pseudodiploria196269,0.00752070592628983
Pseudodiploria196271,-0.15833287842132
Pseudodiploria196273,0.102257581242178
Pseudodiploria196274,0.0498018934963032
Pseudodiploria196275,-0.0102933014855329
Pseudodiploria196276,-0.229924325340898
Pseudodiploria196277,0.308406514099931
Pseudodiploria196278,-0.0942177466077004
Pseudodiploria196279,-0.124975570128776
Pseudodiploria196280,0.0312062104283178
Pseudodiploria196281,-0.176651864215796
Pseudodiploria196285,-0.113507034534837
Pseudodiploria196286,-0.10935695736302
Pseudodiploria196288,0.120941982981933
Pseudodiploria196290,0.0629712670662687
Pseudodiploria196291,-2.53690623053083
Pseudodiploria196293,-0.028043539064641
Pseudodiploria196294,0.128461106305692
Pseudodiploria196298,-0.000857782728764128
Pseudodiploria196299,-0.0119433755140726
Pseudodiploria196300,-0.0446813043164809
Pseudodiploria196301,0.0469481426047861
Pseudodiploria196303,-0.179912427164272
Pseudodiploria196305,0.0235055354055211
Pseudodiploria196306,-0.0750832263310614
Pseudodiploria196307,-0.867967751628203
Pseudodiploria196308,0.522407004019571
Pseudodiploria196310,0.0538752787934436
Pseudodiploria196313,-0.0861162202213485
Pseudodiploria196314,-0.0160805984555542
Pseudodiploria196315,-0.0112179051449366
Pseudodiploria196316,-0.0857590950063657
Pseudodiploria196317,0.325503518522735
Pseudodiploria196319,0.252694334307014
Pseudodiploria196320,0.0918334631404722
Pseudodiploria196322,0.00464602739414049
Pseudodiploria196323,0.0512539908750511
Pseudodiploria196327,-0.0380132351961059
Pseudodiploria196329,-0.00498564095780433
Pseudodiploria196330,0.251671761104259
Pseudodiploria196333,0.0484011761577907
Pseudodiploria196336,0.0710976410500287
Pseudodiploria196339,0.191560479340221
Pseudodiploria196340,-0.106229844335489
Pseudodiploria196341,0.0151716742037521
Pseudodiploria196342,-0.0172430971129502
Pseudodiploria196344,-0.0406792655363461
Pseudodiploria196345,-0.0721179957318664
Pseudodiploria196346,-0.0535135780465158
Pseudodiploria196347,-0.0406792655363461
Pseudodiploria196350,0.126142272426019
Pseudodiploria196356,0.0098249270901827
Pseudodiploria196358,0.00303112152210068
Pseudodiploria196359,-0.143341728467994
Pseudodiploria196360,0.0853159051976001
Pseudodiploria196361,0.643771572021089
Pseudodiploria196362,-0.0135711312840329
Pseudodiploria196363,-0.0813597975032887
Pseudodiploria196367,-0.018945603640231
Pseudodiploria196368,-0.168288103256413
Pseudodiploria196369,-0.177479826431196
Pseudodiploria196370,-0.114998604192505
Pseudodiploria196371,-0.201361459508497
Pseudodiploria196373,-0.0127326110625214
Pseudodiploria196374,-0.342915890227265
Pseudodiploria196379,-0.0107258645202738
Pseudodiploria196381,0.307583878480404
Pseudodiploria196382,-0.00176471023644827
Pseudodiploria196383,-0.000906905741636383
Pseudodiploria196387,-0.0676975938647855
Pseudodiploria196389,0.0305252162938733
Pseudodiploria196391,0.0566573123007658
Pseudodiploria196392,0.157943854274747
Pseudodiploria196393,-0.118571361228379
Pseudodiploria196394,0.0803106741710958
Pseudodiploria196395,0.101951828404083
Pseudodiploria196396,-0.0488117023881361
Pseudodiploria196397,0.0319292089533915
Pseudodiploria196398,0.118464944051663
Pseudodiploria196400,0.232410542782679
Pseudodiploria196402,-0.18754828036727
Pseudodiploria196403,0.0170805435282476
Pseudodiploria196405,0.00782575024261055
Pseudodiploria196406,0.0581595442498447
Pseudodiploria196409,0.140723065864038
Pseudodiploria196411,-0.317788239156078
Pseudodiploria196412,-0.0628764829499426
Pseudodiploria196413,-0.00708040686669002
Pseudodiploria196414,0.0359980008461447
Pseudodiploria196415,-0.0753449958098662
Pseudodiploria196417,0.413220922359326
Pseudodiploria196418,-0.15882884495956
Pseudodiploria196419,0.697020738164318
Pseudodiploria196422,0.0523780975441841
Pseudodiploria196423,0.172021189304938
Pseudodiploria196424,0.0704857852367197
Pseudodiploria196425,0.177479826431196
Pseudodiploria196426,0.0250462939344542
Pseudodiploria196427,0.017454855477926
Pseudodiploria196428,-0.0445668785154165
Pseudodiploria196429,0.550660816427655
Pseudodiploria196430,0.0530582866011843
Pseudodiploria196431,0.00667413702969058
Pseudodiploria196432,0.00570804446757688
Pseudodiploria196435,0.237905842681594
Pseudodiploria196436,0.0535731862703895
Pseudodiploria196437,-0.0112179051449366
Pseudodiploria196438,-0.46603285749597
Pseudodiploria196439,0.0360410597649232
Pseudodiploria196440,0.0787559166242483
Pseudodiploria196442,-0.416946853932101
Pseudodiploria196443,-0.0859430221705029
Pseudodiploria196445,0.0177746559089545
Pseudodiploria196446,0.302070787212758
Pseudodiploria196447,0.386442562465707
Pseudodiploria196448,0.200942292970001
Pseudodiploria196449,-0.0133402864814178
Pseudodiploria196453,0.219708553140657
Pseudodiploria196454,0.199661998918551
Pseudodiploria196455,0.427191243195704
Pseudodiploria196456,0.346997265548655
Pseudodiploria196457,0.079336957143971
Pseudodiploria196458,0.0543359526864829
Pseudodiploria196460,0.00885894532179681
Pseudodiploria196461,0.37900026130135
Pseudodiploria196463,0.0586814332799396
Pseudodiploria196465,-0.127291569893865
Pseudodiploria196468,0.200849720875987
Pseudodiploria196469,0.0586814332799396
Pseudodiploria196471,-0.0214502164526184
Pseudodiploria196475,0.00752070592628983
Pseudodiploria196476,0.00887057842557879
Pseudodiploria196477,-0.628827187928207
Pseudodiploria196478,0.0378323452122705
Pseudodiploria196479,0.188866149245849
Pseudodiploria196482,0.0164125108924786
Pseudodiploria196483,-0.198345680183102
Pseudodiploria196484,0.720086362118726
Pseudodiploria196485,-0.0305252162938733
Pseudodiploria196486,-0.158402629056949
Pseudodiploria196487,0.0981478921732105
Pseudodiploria196490,0.0677074810909887
Pseudodiploria196491,-0.00150084064563322
Pseudodiploria196493,-0.613261695225711
Pseudodiploria196494,0.00355106455554992
Pseudodiploria196495,-0.173709184482145
Pseudodiploria196497,0.0533896186156034
Pseudodiploria196498,-0.586860246708019
Pseudodiploria196500,0.140544546701522
Pseudodiploria196501,0.0471213693238595
Pseudodiploria196505,0.37866280925764
Pseudodiploria196508,0.0136855641795666
Pseudodiploria196509,0.123874119985796
Pseudodiploria196510,0.0484011761577907
Pseudodiploria196513,-0.302719971868338
Pseudodiploria196514,-0.0203651955720433
Pseudodiploria196515,0.0750832263310614
Pseudodiploria196516,0.281706967850093
Pseudodiploria196517,-0.123945895856693
Pseudodiploria196519,0.00455759716782039
Pseudodiploria196520,0.1673533972077
Pseudodiploria196522,-0.179810426426388
Pseudodiploria196527,0.652941383928189
Pseudodiploria196529,-0.14400379866567
Pseudodiploria196530,-0.250577035026978
Pseudodiploria196532,-0.230639618644744
Pseudodiploria196533,0.123478585231691
Pseudodiploria196537,-0.0305252162938733
Pseudodiploria196538,-0.293161888638773
Pseudodiploria196540,-0.465258651915898
Pseudodiploria196541,-0.0289041316713383
Pseudodiploria196545,-0.0473645438990659
Pseudodiploria196546,-0.0228810321846523
Pseudodiploria196547,0.140256304268261
Pseudodiploria196548,-0.0656060792760945
Pseudodiploria196549,0.118791394633366
Pseudodiploria196550,0.0292256320015217
Pseudodiploria196551,-0.0481086382594035
Pseudodiploria196552,0.149882172213734
Pseudodiploria196553,1.09836441659463
Pseudodiploria196555,-0.0466615863061294
Pseudodiploria196557,0.310298766590114
Pseudodiploria196558,0.041579556032465
Pseudodiploria196561,-0.0843353423824519
Pseudodiploria196563,-0.0748871210882699
Pseudodiploria196565,0.00708040686669002
Pseudodiploria196566,0.121992067774412
Pseudodiploria196567,-0.206417056711054
Pseudodiploria196568,0.243174177296729
Pseudodiploria196574,-1.30885413266423
Pseudodiploria196575,-0.00206879341432083
Pseudodiploria196577,-0.138510447927047
Pseudodiploria196578,0.0236524432716372
Pseudodiploria196579,0.0258281312591561
Pseudodiploria196581,0.00116229498903307
Pseudodiploria196587,0.149460960071647
Pseudodiploria196588,-0.0466615863061294
Pseudodiploria196593,0.00672938386041195
Pseudodiploria196595,-1.50774115690375
Pseudodiploria196597,-0.106229844335489
Pseudodiploria196599,-0.0543359526864829
Pseudodiploria196600,0.0474190908279118
Pseudodiploria196602,-0.165746067443627
Pseudodiploria196603,0.04654042121942
Pseudodiploria196604,-0.258476143993594
Pseudodiploria196605,-0.0663895380526225
Pseudodiploria196606,0.0232038926102595
Pseudodiploria196607,-0.0498018934963032
Pseudodiploria196608,0.0850978696661654
Pseudodiploria196610,-0.0104367014306154
Pseudodiploria196611,-0.0458628906052394
Pseudodiploria196613,0.0260591287877922
Pseudodiploria196614,0.0350028441390106
Pseudodiploria196616,-0.10339680754606
Pseudodiploria196617,-0.0533896186156034
Pseudodiploria196618,-0.0524018479255341
Pseudodiploria196620,0.0934844686756266
Pseudodiploria196622,0.054786695813094
Pseudodiploria196623,0.200560307059481
Pseudodiploria196624,0.017227994575859
Pseudodiploria196625,-0.0796305238777171
Pseudodiploria196627,-0.120178135401786
Pseudodiploria196629,-0.0336692091902749
Pseudodiploria196630,0.00757377908428382
Pseudodiploria196631,0.054786695813094
Pseudodiploria196632,0.0196506756382033
Pseudodiploria196634,-0.0461208029156994
Pseudodiploria196636,-0.0446813043164809
Pseudodiploria196639,0.191517376871869
Pseudodiploria196640,-0.0219368476829638
Pseudodiploria196642,0.0466615863061294
Pseudodiploria196643,0.00310281284535457
Pseudodiploria196644,0.199255493565111
Pseudodiploria196645,0.00989424994089028
Pseudodiploria196646,0.00752070592628983
Pseudodiploria196647,-0.00999133167041006
Pseudodiploria196648,-0.0866508920391201
Pseudodiploria196649,0.0096333332182123
Pseudodiploria196652,-0.127318066020819
Pseudodiploria196653,0.00708040686669002
Pseudodiploria196654,0.00145375083177721
Pseudodiploria196655,0.218274039825144
Pseudodiploria196656,-0.258476143993594
Pseudodiploria196657,-0.245806956186041
Pseudodiploria196658,-0.00206879341432083
Pseudodiploria196659,0.000857782728764128
Pseudodiploria196660,0.138999485559589
Pseudodiploria196661,5.81419679057873
Pseudodiploria196662,0.268532777297081
Pseudodiploria196665,-0.00708040686669002
Pseudodiploria196666,0.133331424083498
Pseudodiploria196668,0.324563397791703
Pseudodiploria196669,0.197009148565958
Pseudodiploria196670,0.0795320770012501
Pseudodiploria196672,0.0384399041987953
Pseudodiploria196674,-0.215139330998324
Pseudodiploria196677,-0.0378323452122705
Pseudodiploria196678,-0.0533217526500546
Pseudodiploria196680,0.276795664448246
Pseudodiploria196682,-0.252773270606782
Pseudodiploria196683,0.0604063197827059
Pseudodiploria196686,-0.0626028425803527
Pseudodiploria196688,-0.0210407327903784
Pseudodiploria196689,-0.00460445094605495
Pseudodiploria196693,0.290052977287362
Pseudodiploria196694,0.448558622546087
Pseudodiploria196697,0.0629233139443061
Pseudodiploria196699,0.118571361228379
Pseudodiploria196700,0.00798203736345584
Pseudodiploria196702,0.129983904906715
Pseudodiploria196703,-0.0228810321846523
Pseudodiploria196706,0.0474190908279118
Pseudodiploria196707,-0.0797084137491934
Pseudodiploria196710,0.00930750558508856
Pseudodiploria196711,0.223914633420628
Pseudodiploria196712,0.113871094327848
Pseudodiploria196714,0.00410157440951573
Pseudodiploria196715,0.465258651915898
Pseudodiploria196721,0.0603820680627823
Pseudodiploria196723,-0.00259145699611951
Pseudodiploria196725,-0.25875197876912
Pseudodiploria196727,0.0225471216027452
Pseudodiploria196728,0.0330837659048868
Pseudodiploria196731,-0.0144593206942836
Pseudodiploria196732,-0.00528865271431855
Pseudodiploria196733,-0.0134629105566343
Pseudodiploria196734,-0.127711376615424
Pseudodiploria196737,-0.0776149599000192
Pseudodiploria196738,-0.0906258383324942
Pseudodiploria196739,0.0704857852367197
Pseudodiploria196741,-0.053417894241845
Pseudodiploria196743,-0.851425410365822
Pseudodiploria196750,0.104868065345639
Pseudodiploria196751,0.0504705694226379
Pseudodiploria196752,-0.120941982981933
Pseudodiploria196753,0.00504543176228622
Pseudodiploria196754,-0.0453279181814627
Pseudodiploria196755,0.00667413702969058
Pseudodiploria196757,-0.175419303414029
Pseudodiploria196760,0.010615962086317
Pseudodiploria196761,-0.375692576917067
Pseudodiploria196763,0.195388434709121
Pseudodiploria196765,0.0932239612971331
Pseudodiploria196766,0.0195828533545657
Pseudodiploria196768,-0.0170805435282476
Pseudodiploria196769,-0.00737557857490407
Pseudodiploria196770,0.00752070592628983
Pseudodiploria196773,0.175870120359592
Pseudodiploria196774,0.0289738413447608
Pseudodiploria196777,0.606401839854101
Pseudodiploria196778,0.0378323452122705
Pseudodiploria196781,0.171266579276141
Pseudodiploria196783,-0.323841370033082
Pseudodiploria196785,0.242954762505172
Pseudodiploria196786,0.140544546701522
Pseudodiploria196787,-0.376858834101937
Pseudodiploria196788,-0.12679622167885
Pseudodiploria196789,0.054786695813094
Pseudodiploria196790,0.341421877444623
Pseudodiploria196791,0.138850262369175
Pseudodiploria196793,-0.0695656235485358
Pseudodiploria196794,0.134007090402419
Pseudodiploria196795,0.49594591118308
Pseudodiploria196797,0.413220922359326
Pseudodiploria196799,0.301193497726963
Pseudodiploria196800,-0.042983299459232
Pseudodiploria196802,-0.0128065421028733
Pseudodiploria196803,0.0811607181330865
Pseudodiploria196805,0.520646283831049
Pseudodiploria196806,-0.0315524364500458
Pseudodiploria196808,-0.0292256320015217
Pseudodiploria196810,0.0303579979377717
Pseudodiploria196811,0.0513359223175875
Pseudodiploria196812,-0.240085418377352
Pseudodiploria196813,0.118473395542107
Pseudodiploria196817,0.00769618388520199
Pseudodiploria196818,-0.109110609395792
Pseudodiploria196819,0.0309835033499481
Pseudodiploria196820,-0.00752070592628983
Pseudodiploria196821,0.139731547020529
Pseudodiploria196824,0.0624378323360119
Pseudodiploria196825,0.0890166192200796
Pseudodiploria196826,-0.452521738186818
Pseudodiploria196828,0.0609155419451495
Pseudodiploria196829,-0.0144278460955526
Pseudodiploria196830,-0.00837608172794265
Pseudodiploria196831,1.0907925792649
Pseudodiploria196832,-0.203042321142937
Pseudodiploria196834,0.0234401215557128
Pseudodiploria196836,-0.0471287284316594
Pseudodiploria196837,-0.160127848428999
Pseudodiploria196838,-0.105255273333736
Pseudodiploria196843,-0.0693802233079306
Pseudodiploria196844,-0.0305252162938733
Pseudodiploria196847,0.00880870929265075
Pseudodiploria196850,-0.241540575624158
Pseudodiploria196852,0.114742670184194
Pseudodiploria196853,0.0107258645202738
Pseudodiploria196855,0.00410157440951573
Pseudodiploria196856,0.447108487305818
Pseudodiploria196857,0.177054716565009
Pseudodiploria196858,-0.0801457614747138
Pseudodiploria196859,-0.00150084064563322
Pseudodiploria196860,-0.00708040686669002
Pseudodiploria196861,-0.0233285931839279
Pseudodiploria196862,0.00874848767829087
Pseudodiploria196863,-0.0609155419451495
Pseudodiploria196865,-0.047175473429339
Pseudodiploria196867,0.196214550481321
Pseudodiploria196868,0.687075301927056
Pseudodiploria196871,-0.0367743648887114
Pseudodiploria196872,0.0228810321846523
Pseudodiploria196873,0.53523380371619
Pseudodiploria196876,0.257761192623984
Pseudodiploria196878,0.501482166714933
Pseudodiploria196879,0.206417056711054
Pseudodiploria196883,-0.105632171959387
Pseudodiploria196884,0.075196228100751
Pseudodiploria196887,0.167269502649789
Pseudodiploria196888,-0.0776874873527704
Pseudodiploria196890,0.225112246829203
Pseudodiploria196891,-0.133392363109506
Pseudodiploria196896,-0.0799287934047502
Pseudodiploria196897,-0.441034041350119
Pseudodiploria196898,0.024688394966228
Pseudodiploria196899,-0.00708040686669002
Pseudodiploria196905,0.000784852265696679
Pseudodiploria196906,0.12072155917741
Pseudodiploria196907,0.00887057842557879
Pseudodiploria196908,-0.0918334631404722
Pseudodiploria196910,0.112559285679048
Pseudodiploria196912,0.00673812813508918
Pseudodiploria196913,-0.172021189304938
Pseudodiploria196914,0.325713910968173
Pseudodiploria196915,-0.103801737702381
Pseudodiploria196916,0.0966473722712982
Pseudodiploria196917,-0.0699660305419302
Pseudodiploria196918,-0.200849720875987
Pseudodiploria196919,0.351956476983999
Pseudodiploria196922,-0.378380208853543
Pseudodiploria196923,-0.118879806771617
Pseudodiploria196924,0.045457131648666
Pseudodiploria196925,0.00985575228013465
Pseudodiploria196926,0.0588884462009374
Pseudodiploria196930,-0.261704256810273
Pseudodiploria196932,0.0422462499033459
Pseudodiploria196934,0.299211716226015
Pseudodiploria196936,0.322065129059554
Pseudodiploria196939,-0.0152903917866385
Pseudodiploria196940,-1.3649931091169
Pseudodiploria196942,-0.0629712670662687
Pseudodiploria196944,0.020608594979212
Pseudodiploria196947,-0.0170805435282476
Pseudodiploria196949,0.0225471216027452
Pseudodiploria196951,-0.118464944051663
Pseudodiploria196954,-0.0908812335766666
Pseudodiploria196956,-0.10901492881863
Pseudodiploria196957,0.396360829504872
Pseudodiploria196958,-0.00740667945876018
Pseudodiploria196960,0.0117489015074294
Pseudodiploria196961,0.0954537410775285
Pseudodiploria196962,0.0253417816387129
Pseudodiploria196965,0.0216526787897418
Pseudodiploria196966,0.105315618068071
Pseudodiploria196967,0.0244351718134054
Pseudodiploria196970,0.107495303027392
Pseudodiploria196973,0.0252653212315006
Pseudodiploria196975,-0.0918334631404722
Pseudodiploria196977,0.661156788333819
Pseudodiploria196978,-0.215838079272981
Pseudodiploria196979,-0.0305252162938733
Pseudodiploria196981,0.0674471106881622
Pseudodiploria196982,-0.0530582866011843
Pseudodiploria196983,0.180317030997147
Pseudodiploria196984,-0.0796305238777171
Pseudodiploria196985,-0.278738109363767
Pseudodiploria196987,0.123906272707829
Pseudodiploria196989,0.079336957143971
Pseudodiploria196990,-0.310298766590114
Pseudodiploria196991,0.0163231984243335
Pseudodiploria196992,-0.114170196492072
Pseudodiploria196994,-0.132060633698869
Pseudodiploria196995,-0.090499830148783
Pseudodiploria196996,-0.0135711312840329
Pseudodiploria196997,0.0562030440887758
Pseudodiploria196998,0.0127326110625214
Pseudodiploria197002,0.198947385096198
Pseudodiploria197003,-0.120941982981933
Pseudodiploria197005,0.0552218449000678
Pseudodiploria197006,-0.0314869001051083
Pseudodiploria197007,0.00829015913475163
Pseudodiploria197008,0.0524886641166207
Pseudodiploria197009,-0.0224961307482877
Pseudodiploria197010,-0.0742789824680691
Pseudodiploria197011,-0.0491381021219739
Pseudodiploria197012,-0.00448954283607219
Pseudodiploria197014,-0.0479205159669213
Pseudodiploria197015,0.0142288210346364
Pseudodiploria197016,0.0763211069229897
Pseudodiploria197021,0.343097064972705
Pseudodiploria197024,0.278292335355348
Pseudodiploria197026,0.111762404697835
Pseudodiploria197027,-0.438984998558012
Pseudodiploria197029,0.035961102075781
Pseudodiploria197031,-0.299211716226015
Pseudodiploria197032,0.0172430971129502
Pseudodiploria197035,0.0267076200181193
Pseudodiploria197036,-0.0595107276228227
Pseudodiploria197037,0.0380132351961059
Pseudodiploria197038,-0.261704256810273
Pseudodiploria197040,-0.173298203746362
Pseudodiploria197041,-0.0238316822673072
Pseudodiploria197043,-0.0954537410775285
Pseudodiploria197044,-0.038795081228185
Pseudodiploria197045,-0.00867980296142241
Pseudodiploria197047,0.180826332848464
Pseudodiploria197048,0.358844455343915
Pseudodiploria197049,0.149393590051544
Pseudodiploria197050,-0.131661193189697
Pseudodiploria197051,0.166595001313353
Pseudodiploria197052,0.0520373403286872
Pseudodiploria197053,0.00752070592628983
Pseudodiploria197054,-0.139509159309867
Pseudodiploria197055,-0.215838079272981
Pseudodiploria197056,-0.00903990588419331
Pseudodiploria197057,-0.0392247206251799
Pseudodiploria197058,0.621669480919163
Pseudodiploria197059,0.0466615863061294
Pseudodiploria197061,-0.054786695813094
Pseudodiploria197064,-0.00176471023644827
Pseudodiploria197065,-0.278292335355348
Pseudodiploria197066,0.114998604192505
Pseudodiploria197067,0.20803216029218
Pseudodiploria197070,0.0569740844958047
Pseudodiploria197073,0.0991983645727115
Pseudodiploria197075,0.00633718335556019
Pseudodiploria197076,-0.0177255841891697
Pseudodiploria197077,0.168288103256413
Pseudodiploria197078,-0.0918334631404722
Pseudodiploria197080,0.0533217526500546
Pseudodiploria197083,0.13709290412221
Pseudodiploria197084,0.00766449848869811
Pseudodiploria197087,-0.217125061923274
Pseudodiploria197089,-0.302719971868338
Pseudodiploria197090,-0.00985575228013465
Pseudodiploria197092,0.0652973217821784
Pseudodiploria197093,-0.227001792866885
Pseudodiploria197094,-0.0107258645202738
Pseudodiploria197095,-0.00353249908439162
Pseudodiploria197096,-0.0211665754106414
Pseudodiploria197098,-0.00667413702969058
Pseudodiploria197099,-0.00254218904717678
Pseudodiploria197100,-0.0599154076776022
Pseudodiploria197101,0.451110494755233
Pseudodiploria197103,-0.0290173472374831
Pseudodiploria197105,-0.0257272646151313
Pseudodiploria197106,0.169508966302282
Pseudodiploria197107,-0.00283322773344166
Pseudodiploria197108,0.0305252162938733
Pseudodiploria197109,0.251671761104259
Pseudodiploria197112,-0.00760419114014307
Pseudodiploria197113,-0.173709184482145
Pseudodiploria197114,0.867967751628203
Pseudodiploria197115,0.183141885608838
Pseudodiploria197116,-0.118948972065531
Pseudodiploria197118,0.351238502502723
Pseudodiploria197119,0.00609125227080745
Pseudodiploria197120,-0.0887148598888314
Pseudodiploria197123,0.231274243605229
Pseudodiploria197125,0.038795081228185
Pseudodiploria197128,-0.00752070592628983
Pseudodiploria197131,-0.148265391473791
Pseudodiploria197132,0.231887578055366
Pseudodiploria197133,0.0428480215488344
Pseudodiploria197135,0.0906490328864959
Pseudodiploria197136,-0.121979909671615
Pseudodiploria197137,0.0388801008064594
Pseudodiploria197138,-0.0217048141592268
Pseudodiploria197139,0.598542217164165
Pseudodiploria197140,-0.0563357407914688
Pseudodiploria197141,-0.0543359526864829
Pseudodiploria197142,-0.0588884462009374
Pseudodiploria197143,0.0105254000113502
Pseudodiploria197144,-0.253616086779443
Pseudodiploria197145,0.226851738612469
Pseudodiploria197150,0.0885970994924407
Pseudodiploria197152,-0.417070839063485
Pseudodiploria197153,-0.661156788333819
Pseudodiploria197156,-0.11787121993149
Pseudodiploria197157,0.200781485003451
Pseudodiploria197161,-0.0267076200181193
Pseudodiploria197162,0.111731394624103
Pseudodiploria197163,0.10901492881863
Pseudodiploria197164,-0.00204318613129482
Pseudodiploria197165,0.0572131611929525
Pseudodiploria197166,-0.197745551504638
Pseudodiploria197168,0.0715815438364036
Pseudodiploria197169,0.0373676501072798
Pseudodiploria197170,0.311859550650405
Pseudodiploria197172,-0.079501777321835
Pseudodiploria197173,-0.409628973196885
Pseudodiploria197174,0.352816722670299
Pseudodiploria197175,-0.0378323452122705
Pseudodiploria197176,-0.0639053552060063
Pseudodiploria197177,0.533453342330799
Pseudodiploria197178,-0.0678007668911993
Pseudodiploria197179,-0.010615962086317
Pseudodiploria197180,0.00902951102128113
Pseudodiploria197181,0.137493226596158
Pseudodiploria197182,0.00798203736345584
Pseudodiploria197184,-0.213094286810091
Pseudodiploria197185,-0.156903200961682
Pseudodiploria197188,0.0292256320015217
Pseudodiploria197189,-0.145053726596184
Pseudodiploria197191,0.0119433755140726
Pseudodiploria197192,-0.0228810321846523
Pseudodiploria197195,0.00757843014938539
Pseudodiploria197197,-0.112641704592565
Pseudodiploria197199,0.0351516157598553
Pseudodiploria197201,-0.18754828036727
Pseudodiploria197204,0.0368941357962674
Pseudodiploria197205,-1.00936393513896
Pseudodiploria197206,-0.0430214295963003
Pseudodiploria197207,0.0906490328864959
Pseudodiploria197208,-0.00212747895569464
Pseudodiploria197210,-0.0182856789424413
Pseudodiploria197212,-0.0793951304523601
Pseudodiploria197213,-0.430650921444279
Pseudodiploria197214,-0.0238316822673072
Pseudodiploria197215,-0.220370933333543
Pseudodiploria197219,0.219778021429521
Pseudodiploria197220,-0.0164235251322511
Pseudodiploria197221,0.0249027998155114
Pseudodiploria197222,-0.114458589980715
Pseudodiploria197225,-0.00591098215963683
Pseudodiploria197226,0.0360540782782404
Pseudodiploria197228,-0.0378323452122705
Pseudodiploria197231,0.174464313972048
Pseudodiploria197234,-0.0096727111665189
Pseudodiploria197236,0.0425346315888349
Pseudodiploria197237,-0.286714985906137
Pseudodiploria197238,0.00327265119061136
Pseudodiploria197243,-0.183141885608838
Pseudodiploria197244,-0.0378323452122705
Pseudodiploria197246,0.062326335962044
Pseudodiploria197247,-0.00757377908428382
Pseudodiploria197248,-0.0656060792760945
Pseudodiploria197249,0.197009148565958
Pseudodiploria197250,-0.0235055354055211
Pseudodiploria197252,0.135537952466018
Pseudodiploria197253,0.105140068033031
Pseudodiploria197254,0.545673085088269
Pseudodiploria197257,-0.0378323452122705
Pseudodiploria197258,0.269576602208959
Pseudodiploria197259,0.101527677771297
Pseudodiploria197260,0.138850262369175
Pseudodiploria197263,0.0229171369692217
Pseudodiploria197264,0.672445361097508
Pseudodiploria197268,0.135647102210625
Pseudodiploria197271,0.0620446418996914
Pseudodiploria197273,-0.121185236973737
Pseudodiploria197276,-0.139731547020529
Pseudodiploria197278,0.140544546701522
Pseudodiploria197280,-0.987223128737428
Pseudodiploria197283,0.101527677771297
Pseudodiploria197286,0.113871094327848
Pseudodiploria197287,0.116322888611946
Pseudodiploria197288,-1.00124577574967
Pseudodiploria197289,0.00654520237653428
Pseudodiploria197290,-0.107536368647325
Pseudodiploria197294,0.0214502164526184
Pseudodiploria197296,0.0474190908279118
Pseudodiploria197297,0.142473258683416
Pseudodiploria197298,-0.0586814332799396
Pseudodiploria197301,-0.063306300311133
Pseudodiploria197302,-0.17095746248947
Pseudodiploria197303,0.00887057842557879
Pseudodiploria197304,0.0228810321846523
Pseudodiploria197305,-0.0520373403286872
Pseudodiploria197306,0.0639053552060063
Pseudodiploria197307,-0.205631167833769
Pseudodiploria197314,-0.0466615863061294
Pseudodiploria197316,0.199255493565111
Pseudodiploria197317,-0.189260501569508
Pseudodiploria197318,-0.672445361097508
Pseudodiploria197319,-0.0484011761577907
Pseudodiploria197323,-0.0471213693238595
Pseudodiploria197324,0.0524743753114392
Pseudodiploria197325,1.99918127095822
Pseudodiploria197329,0.0132081293824519
Pseudodiploria197330,0.00280164857429363
Pseudodiploria197331,0.018945603640231
Pseudodiploria197333,0.00880870929265075
Pseudodiploria197334,0.355214204696715
Pseudodiploria197336,-0.00887057842557879
Pseudodiploria197337,0.113504028309575
Pseudodiploria197338,0.215838079272981
Pseudodiploria197339,0.176651864215796
Pseudodiploria197342,-0.00254218904717678
Pseudodiploria197344,0.114742670184194
Pseudodiploria197346,0.182375333158728
Pseudodiploria197350,0.0543359526864829
Pseudodiploria197352,-0.204950364908108
Pseudodiploria197353,1.03896307847389
Pseudodiploria197354,-0.12679622167885
Pseudodiploria197357,-0.0538752787934436
Pseudodiploria197358,0.200134702478709
Pseudodiploria197359,0.0102933014855329
Pseudodiploria197360,-0.0570697668742193
Pseudodiploria197363,0.50861713859157
Pseudodiploria197366,0.669554636810793
Pseudodiploria197369,0.697020738164318
Pseudodiploria197370,-0.0672018472003943
Pseudodiploria197371,0.274085407785
Pseudodiploria197373,-0.0305252162938733
Pseudodiploria197374,0.0315524364500458
Pseudodiploria197376,-0.215838079272981
Pseudodiploria197377,0.0622076133357644
Pseudodiploria197378,-0.00752070592628983
Pseudodiploria197381,-0.0199399861125843
Pseudodiploria197382,0.010615962086317
Pseudodiploria197383,0.0199399861125843
Pseudodiploria197384,-0.324043235668735
Pseudodiploria197385,-0.178667271415281
Pseudodiploria197387,0.396385420612797
Pseudodiploria197388,0.0562030440887758
Pseudodiploria197390,-0.00806250782408521
Pseudodiploria197392,-0.00318333553466577
Pseudodiploria197394,-0.297192214884278
Pseudodiploria197397,0.118753589125365
Pseudodiploria197398,0.054786695813094
Pseudodiploria197400,-0.0799287934047502
Pseudodiploria197401,-0.0835436007427772
Pseudodiploria197402,0.451110494755233
Pseudodiploria197403,0.0606105673041793
Pseudodiploria197404,0.0265369947492109
Pseudodiploria197405,-0.134362377687549
Pseudodiploria197407,-0.135647102210625
Pseudodiploria197408,0.138850262369175
Pseudodiploria197410,-0.00989424994089028
Pseudodiploria197411,-0.343268487429652
Pseudodiploria197412,0.0924146708091686
Pseudodiploria197413,0.158351118294539
Pseudodiploria197414,0.0575896476922196
Pseudodiploria197417,0.127083517085908
Pseudodiploria197418,-0.211415800085366
Pseudodiploria197420,-0.00887057842557879
Pseudodiploria197421,0.0310104581436507
Pseudodiploria197422,-0.210026136262992
Pseudodiploria197425,0.0228810321846523
Pseudodiploria197426,0.00402446899733638
Pseudodiploria197427,0.117515249778811
Pseudodiploria197428,0.0952797022530706
Pseudodiploria197429,0.010615962086317
Pseudodiploria197430,0.0816759205608729
Pseudodiploria197432,0.763722002852923
Pseudodiploria197434,0.0795320770012501
Pseudodiploria197435,0.0695656235485358
Pseudodiploria197436,-0.00752070592628983
Pseudodiploria197438,-0.183546873042974
Pseudodiploria197442,0.909404996366614
Pseudodiploria197443,0.0225433368989467
Pseudodiploria197447,0.0793951304523601
Pseudodiploria197448,-0.175870120359592
Pseudodiploria197449,0.0927460019798121
Pseudodiploria197451,0.0817518085919977
Pseudodiploria197452,0.0770959758052612
Pseudodiploria197455,-0.00180881968851615
Pseudodiploria197456,0.366208276770559
Pseudodiploria197459,1.6552274339914
Pseudodiploria197460,0.312397312678251
Pseudodiploria197464,0.424470329241953
Pseudodiploria197466,0.0763211069229897
Pseudodiploria197467,-0.149460960071647
Pseudodiploria197469,0.0817518085919977
Pseudodiploria197474,0.316939499614036
Pseudodiploria197478,0.0196296786496935
Pseudodiploria197479,0.0942177466077004
Pseudodiploria197482,-0.0474587552994343
Pseudodiploria197483,-0.0427422571584745
Pseudodiploria197486,-0.00887057842557879
Pseudodiploria197487,0.714242056184933
Pseudodiploria197489,-0.113504028309575
Pseudodiploria197492,-0.056216874657296
Pseudodiploria197494,-0.00731908876194208
Pseudodiploria197495,0.0753449958098662
Pseudodiploria197497,-0.0452610327931926
Pseudodiploria197499,0.10901492881863
Pseudodiploria197500,0.00708040686669002
Pseudodiploria197501,0.0462741839703706
Pseudodiploria197502,0.175150991721996
Pseudodiploria197505,0.200781485003451
Pseudodiploria197506,0.341421877444623
Pseudodiploria197507,-0.190547823153729
Pseudodiploria197508,-0.0550334417801263
Pseudodiploria197509,-0.000906905741636383
Pseudodiploria197510,-0.0246027081550368
Pseudodiploria197511,0.252845751244517
Pseudodiploria197515,-0.0181813426435269
Pseudodiploria197516,-0.0942177466077004
Pseudodiploria197518,0.152245001888393
Pseudodiploria197519,-0.255739592483422
Pseudodiploria197520,0.293218333066338
Pseudodiploria197521,0.0165694951473312
Pseudodiploria197523,-0.0515635016460096
Pseudodiploria197524,0.535680777164131
Pseudodiploria197526,-0.210705661948714
Pseudodiploria197527,0.00708040686669002
Pseudodiploria197528,0.318501896926458
Pseudodiploria197530,0.300547712264503
Pseudodiploria197531,-0.0803106741710958
Pseudodiploria197532,0.0274841618391552
Pseudodiploria197535,-0.0670780207577926
Pseudodiploria197536,0.187725654257864
Pseudodiploria197538,-0.0428480215488344
Pseudodiploria197541,0.0565030399220348
Pseudodiploria197542,-0.00506029010511641
Pseudodiploria197543,0.00887057842557879
Pseudodiploria197544,0.00988057563603837
Pseudodiploria197545,-0.0977150344346397
Pseudodiploria197546,0.226076255319546
Pseudodiploria197548,-0.0560143769442767
Pseudodiploria197549,-0.352639729376786
Pseudodiploria197550,0.0402457441816118
Pseudodiploria197551,-0.24528194086735
Pseudodiploria197552,-0.236318526263183
Pseudodiploria197553,0.450140312971193
Pseudodiploria197554,-0.311859550650405
Pseudodiploria197555,-0.178602449636848
Pseudodiploria197556,0.0707394449511991
Pseudodiploria197557,-0.101527677771297
Pseudodiploria197558,-0.0186880829209311
Pseudodiploria197560,-0.04399991695255
Pseudodiploria197561,-0.0964261035154747
Pseudodiploria197565,0.0400434196393478
Pseudodiploria197566,-0.81204487824269
Pseudodiploria197567,-0.131661193189697
Pseudodiploria197570,-0.23381558967472
Pseudodiploria197573,0.0516213150465251
Pseudodiploria197574,-0.00763875021478543
Pseudodiploria197575,-0.0299771807609095
Pseudodiploria197578,-0.0578790168785698
Pseudodiploria197580,-0.0515635016460096
Pseudodiploria197581,-0.278738109363767
Pseudodiploria197582,0.0367743648887114
Pseudodiploria197583,0.0173163340883263
Pseudodiploria197584,0.0906490328864959
Pseudodiploria197585,-0.230639618644744
Pseudodiploria197587,0.0726125579484285
Pseudodiploria197589,0.0260285673699564
Pseudodiploria197590,0.0629233139443061
Pseudodiploria197591,0.0064515674485804
Pseudodiploria197593,0.00116229498903307
Pseudodiploria197594,-0.00708040686669002
Pseudodiploria197595,1.09731915193083
Pseudodiploria1976,-0.00327265119061136
Pseudodiploria197600,-0.325503518522735
Pseudodiploria197601,0.0810378829563655
Pseudodiploria197602,0.00752070592628983
Pseudodiploria197603,0.180960064525393
Pseudodiploria197606,-0.0586814332799396
Pseudodiploria197608,-0.0331769645344116
Pseudodiploria197609,0.0177746559089545
Pseudodiploria197611,0.210026136262992
Pseudodiploria197612,-0.0177255841891697
Pseudodiploria197613,1.97141877127917
Pseudodiploria197615,0.644638009589658
Pseudodiploria197616,0.201361459508497
Pseudodiploria197617,-0.00411260588166191
Pseudodiploria197618,0.00464602739414049
Pseudodiploria197622,-0.295469809964608
Pseudodiploria197626,-0.054786695813094
Pseudodiploria197627,-0.00176471023644827
Pseudodiploria197630,-0.00646984672022412
Pseudodiploria197632,-0.16900772355619
Pseudodiploria197634,0.0910367716356979
Pseudodiploria197636,0.464149312885109
Pseudodiploria197637,-0.00212747895569464
Pseudodiploria197639,0.0195128434979336
Pseudodiploria197641,0.405714081985867
Pseudodiploria197642,-0.024688394966228
Pseudodiploria197644,0.16900772355619
Pseudodiploria197646,-0.149882172213734
Pseudodiploria197647,0.133331424083498
Pseudodiploria197649,0.0768229406557132
Pseudodiploria197650,0.0388801008064594
Pseudodiploria197655,-0.0581384383614311
Pseudodiploria197657,0.0310104581436507
Pseudodiploria197659,0.0569740844958047
Pseudodiploria197660,-0.0154318561896486
Pseudodiploria197663,0.218730480182612
Pseudodiploria197664,0.515806364528654
Pseudodiploria197665,-0.0349609699175601
Pseudodiploria197666,-0.08936022587086
Pseudodiploria197667,-0.0244351718134054
Pseudodiploria197669,0.465258651915898
Pseudodiploria197670,0.0787526157727321
Pseudodiploria197671,0.203184855282897
Pseudodiploria197673,0.155707213283288
Pseudodiploria197674,0.116008799522825
Pseudodiploria197676,0.293161888638773
Pseudodiploria197678,0.00150084064563322
Pseudodiploria197679,0.183141885608838
Pseudodiploria197681,0.377512603630524
Pseudodiploria197682,0.00199000285671929
Pseudodiploria197683,0.0866508920391201
Pseudodiploria197685,0.0379206077487898
Pseudodiploria197686,-0.352639729376786
Pseudodiploria197689,-0.703402558913294
Pseudodiploria197690,-0.0906490328864959
Pseudodiploria197691,0.36356646026996
Pseudodiploria197692,0.12999308536563
Pseudodiploria197693,-0.0373676501072798
Pseudodiploria197694,-0.0242684827958791
Pseudodiploria197695,0.00708040686669002
Pseudodiploria197696,0.225112246829203
Pseudodiploria197697,0.018945603640231
Pseudodiploria197699,0.118464944051663
Pseudodiploria197700,0.854280488439712
Pseudodiploria197701,-0.0448011344761094
Pseudodiploria197703,-0.0513050064663257
Pseudodiploria197706,-0.0946159178829006
Pseudodiploria197707,0.0652434964448104
Pseudodiploria197708,0.0971127514045029
Pseudodiploria197709,-0.0114468956257983
Pseudodiploria197711,0.00752070592628983
Pseudodiploria197712,0.0936794438119995
Pseudodiploria197713,-0.0677908697004576
Pseudodiploria197714,-0.0107258645202738
Pseudodiploria197715,0.000906905741636383
Pseudodiploria197718,-0.0993553611612657
Pseudodiploria197719,0.137167704167093
Pseudodiploria197720,-0.0170357082399767
Pseudodiploria197721,0.198947385096198
Pseudodiploria197722,-0.0124745215681983
Pseudodiploria197723,-0.0242574865181212
Pseudodiploria197724,-0.0988961249829955
Pseudodiploria197729,-0.0170805435282476
Pseudodiploria197731,0.165123098266183
Pseudodiploria197733,0.357850013174943
Pseudodiploria197734,0.278738109363767
Pseudodiploria197738,0.0322791693603123
Pseudodiploria197740,0.079336957143971
Pseudodiploria197741,0.049891849128759
Pseudodiploria197742,0.00887057842557879
Pseudodiploria197743,-0.0204262786567883
Pseudodiploria197744,0.0861335141844431
Pseudodiploria197749,-0.133013113243064
Pseudodiploria197752,0.0586814332799396
Pseudodiploria197753,-0.101527677771297
Pseudodiploria197755,-0.00528865271431855
Pseudodiploria197756,-0.15833287842132
Pseudodiploria197757,-0.00959295595380279
Pseudodiploria197760,0.366331291552752
Pseudodiploria197762,-0.215838079272981
Pseudodiploria197763,0.702399913304448
Pseudodiploria197764,0.0929214878168728
Pseudodiploria197765,0.0149877793896823
Pseudodiploria197767,0.258476143993594
Pseudodiploria197768,0.0225006317737871
Pseudodiploria197769,-0.00798203736345584
Pseudodiploria197770,0.185750104428069
Pseudodiploria197771,0.166795524119987
Pseudodiploria197772,0.0704857852367197
Pseudodiploria197773,-0.022854832320179
Pseudodiploria197774,-0.0109584347606963
Pseudodiploria197777,-0.71867734067886
Pseudodiploria197778,0.0106471760904862
Pseudodiploria197779,-0.0828766701422673
Pseudodiploria197781,-0.468248411113312
Pseudodiploria197782,-0.303308852519184
Pseudodiploria197784,0.0562030440887758
Pseudodiploria197787,0.0456946591982638
Pseudodiploria197789,0.116322888611946
Pseudodiploria197791,0.0318810404784647
Pseudodiploria197792,-0.00782575024261055
Pseudodiploria197793,0.0572456201335968
Pseudodiploria197794,0.0753449958098662
Pseudodiploria197795,-0.00887057842557879
Pseudodiploria197796,-0.0826904216282726
Pseudodiploria197800,0.267490143348514
Pseudodiploria197801,-0.0112179051449366
Pseudodiploria197802,-0.0886068524258021
Pseudodiploria197803,0.0952797022530706
Pseudodiploria197804,0.0486284923961901
Pseudodiploria197805,0.0474190908279118
Pseudodiploria197806,-0.148692302791679
Pseudodiploria197807,-0.112328419905352
Pseudodiploria197810,0.00450435851057546
Pseudodiploria197812,0.461683160157618
Pseudodiploria197813,0.079336957143971
Pseudodiploria197814,-0.206103178882449
Pseudodiploria197820,0.0175903607895179
Pseudodiploria197821,-0.0466615863061294
Pseudodiploria197822,0.0615291126581915
Pseudodiploria197824,-0.193358688867107
Pseudodiploria197825,-0.00182191248944906
Pseudodiploria197826,0.0554949745242309
Pseudodiploria197827,0.0164235251322511
Pseudodiploria197828,0.0130775810953371
Pseudodiploria197829,0.304058194645059
Pseudodiploria197830,-0.0331533515983598
Pseudodiploria197831,0.00667413702969058
Pseudodiploria197832,0.343097064972705
Pseudodiploria197834,0.0824729825666632
Pseudodiploria197837,-0.224547408107713
Pseudodiploria197838,-0.00259383844789118
Pseudodiploria197839,-0.0446813043164809
Pseudodiploria197841,-0.138850262369175
Pseudodiploria197843,-0.143172766558829
Pseudodiploria197844,-0.00410157440951573
Pseudodiploria197846,-0.116551527426381
Pseudodiploria197848,0.0170805435282476
Pseudodiploria197850,0.786795595800517
Pseudodiploria197851,-0.179810426426388
Pseudodiploria197852,-0.068735945882869
Pseudodiploria197853,-0.303511601344719
Pseudodiploria197854,0.0538752787934436
Pseudodiploria197856,0.171266579276141
Pseudodiploria197862,0.0629712670662687
Pseudodiploria197863,-0.175870120359592
Pseudodiploria197864,-0.634297247689524
Pseudodiploria197865,-0.0608091341806629
Pseudodiploria197868,-0.115453009572258
Pseudodiploria197869,0.150419729682014
Pseudodiploria197870,0.0506139385522756
Pseudodiploria197871,-0.179189143757601
Pseudodiploria197872,-0.343489709068493
Pseudodiploria197874,0.0544602608921049
Pseudodiploria197878,0.0211665754106414
Pseudodiploria197879,0.00378286942933891
Pseudodiploria197880,0.210811941584655
Pseudodiploria197881,0.0707133316651191
Pseudodiploria197882,0.00286338823494678
Pseudodiploria197884,0.220746272690332
Pseudodiploria197887,-0.172251964558848
Pseudodiploria197888,-0.0608091341806629
Pseudodiploria197889,-0.0733981587742653
Pseudodiploria197891,0.0388524889531566
Pseudodiploria197894,0.405011058213572
Pseudodiploria197895,-0.131661193189697
Pseudodiploria197899,-0.0454462229485567
Pseudodiploria197900,0.261704256810273
Pseudodiploria197903,0.0250847280178852
Pseudodiploria197908,0.504339911212212
Pseudodiploria197912,0.662170184624246
Pseudodiploria197913,-0.044970970476164
Pseudodiploria197915,0.0170805435282476
Pseudodiploria197916,0.137167704167093
Pseudodiploria197917,0.0529599211977148
Pseudodiploria197918,-0.533453342330799
Pseudodiploria197919,-0.0184696970331748
Pseudodiploria197920,0.188156140417455
Pseudodiploria197921,0.0305252162938733
Pseudodiploria197925,0.116725727367525
Pseudodiploria197926,-0.0813597975032887
Pseudodiploria197927,0.00570804446757688
Pseudodiploria197928,0.0149063226058844
Pseudodiploria197929,-0.0562030440887758
Pseudodiploria197930,0.0843353423824519
Pseudodiploria197931,-0.0236499358684412
Pseudodiploria197932,-0.00175171498295755
Pseudodiploria197933,0.345704654110764
Pseudodiploria197934,0.0115607120759399
Pseudodiploria197935,0.528762567140817
Pseudodiploria197937,0.0570121724632558
Pseudodiploria197938,-0.176651864215796
Pseudodiploria197939,0.0666863165949374
Pseudodiploria197940,-0.0279425023981248
Pseudodiploria197941,0.024688394966228
Pseudodiploria197944,0.569607511743632
Pseudodiploria197945,0.0539984190905284
Pseudodiploria197946,-0.00872003919940135
Pseudodiploria197947,-0.0827882330785824
Pseudodiploria197948,0.149393590051544
Pseudodiploria197951,0.0228810321846523
Pseudodiploria197952,0.564837713453326
Pseudodiploria197954,0.030377925550844
Pseudodiploria197955,0.362918535564814
Pseudodiploria197958,0.0072044161971498
Pseudodiploria197959,0.0430214295963003
Pseudodiploria197960,-0.20944576126799
Pseudodiploria197961,0.152128566529619
Pseudodiploria197963,0.318501896926458
Pseudodiploria197964,0.0942177466077004
Pseudodiploria197967,-0.142473258683416
Pseudodiploria197968,-0.174566733655717
Pseudodiploria197969,0.028704404766416
Pseudodiploria197970,-0.470468200786755
Pseudodiploria197971,0.590822155629131
Pseudodiploria197972,-0.219708553140657
Pseudodiploria197974,1.47339957361627
Pseudodiploria197976,-0.0581595442498447
Pseudodiploria197978,-0.00464602739414049
Pseudodiploria197979,0.0142983996329851
Pseudodiploria197980,-0.0503229980254534
Pseudodiploria197982,-0.0868335106979527
Pseudodiploria197983,0.183141885608838
Pseudodiploria197985,0.0533217526500546
Pseudodiploria197986,-0.0529541093055229
Pseudodiploria197987,0.057499952930486
Pseudodiploria197989,0.00392294077224141
Pseudodiploria197992,-0.175870120359592
Pseudodiploria197994,0.430118252942688
Pseudodiploria197995,0.0358858479056199
Pseudodiploria197996,0.00201533232044185
Pseudodiploria197999,-0.240655656637641
Pseudodiploria198001,0.297192214884278
Pseudodiploria198002,0.289798573615678
Pseudodiploria198003,-0.247252428405735
Pseudodiploria198004,0.0314201550253276
Pseudodiploria198005,0.036060103740712
Pseudodiploria198006,0.0516213150465251
Pseudodiploria198007,-0.341421877444623
Pseudodiploria198009,-0.0471213693238595
Pseudodiploria198012,-0.0365997574154289
Pseudodiploria198013,0.743845615160558
Pseudodiploria198015,0.175870120359592
Pseudodiploria198017,-0.044970970476164
Pseudodiploria198018,0.0474518282230175
Pseudodiploria198019,0.00890009521533521
Pseudodiploria198020,0.219708553140657
Pseudodiploria198021,0.732760770381887
Pseudodiploria198022,-0.00219639635888949
Pseudodiploria198023,-0.101527677771297
Pseudodiploria198025,0.0229171369692217
Pseudodiploria198026,-0.00999133167041006
Pseudodiploria198027,0.0137195671248525
Pseudodiploria198028,0.0515140866605981
Pseudodiploria198029,-0.037571242869934
Pseudodiploria198030,-0.0474518282230175
Pseudodiploria198031,-0.02096402750002
Pseudodiploria198032,-0.0383108389965296
Pseudodiploria198034,-0.00720833925496074
Pseudodiploria198035,0.0086626098854053
Pseudodiploria198036,-0.0148254718371882
Pseudodiploria198038,-0.786795595800517
Pseudodiploria198040,-0.166738179044999
Pseudodiploria198041,0.318935441696516
Pseudodiploria198044,-0.00395912013547775
Pseudodiploria198045,-0.192894283633815
Pseudodiploria198046,0.427009412996614
Pseudodiploria198050,-0.0107258645202738
Pseudodiploria198052,0.149882172213734
Pseudodiploria198054,0.00280164857429363
Pseudodiploria198055,0.160127848428999
Pseudodiploria198056,0.075196228100751
Pseudodiploria198059,-0.0416565018479693
Pseudodiploria198060,0.704374188080226
Pseudodiploria198061,0.0310466991219679
Pseudodiploria198063,0.170244542448907
Pseudodiploria198065,-0.12679622167885
Pseudodiploria198068,0.206815705143525
Pseudodiploria198069,0.00880870929265075
Pseudodiploria198070,0.0133121207424106
Pseudodiploria198072,0.0310104581436507
Pseudodiploria198073,0.00798203736345584
Pseudodiploria198074,0.00887057842557879
Pseudodiploria198075,0.42677453897588
Pseudodiploria198076,0.0116912759073566
Pseudodiploria198077,0.0273032604323682
Pseudodiploria198078,0.142473258683416
Pseudodiploria198080,0.054786695813094
Pseudodiploria198081,-0.36356646026996
Pseudodiploria198082,-0.0264472421244268
Pseudodiploria198083,0.0835643379287944
Pseudodiploria198085,-0.503951384105155
Pseudodiploria198086,0.0644626863890871
Pseudodiploria198087,-0.0743740467393667
Pseudodiploria198089,0.0330837659048868
Pseudodiploria198092,0.00533170736166285
Pseudodiploria198093,-0.0515156263986981
Pseudodiploria198094,-0.13560047553256
Pseudodiploria198095,-0.276880106232927
Pseudodiploria198097,0.0267076200181193
Pseudodiploria198098,0.199089706108367
Pseudodiploria198099,-0.00116229498903307
Pseudodiploria198100,0.366358907178529
Pseudodiploria198103,-0.098954126881607
Pseudodiploria198107,0.0685188843932695
Pseudodiploria198109,-0.204779987744733
Pseudodiploria198110,0.0993553611612657
Pseudodiploria198111,0.00353249908439162
Pseudodiploria198112,-0.193358688867107
Pseudodiploria198114,0.987223128737428
Pseudodiploria198115,0.0943435049995145
Pseudodiploria198116,0.149553133385637
Pseudodiploria198120,0.0096727111665189
Pseudodiploria198121,0.353670876030874
Pseudodiploria198124,0.0707648341231863
Pseudodiploria198126,0.130988393427562
Pseudodiploria198127,-0.00880870929265075
Pseudodiploria198128,-0.122896086091804
Pseudodiploria198130,-0.0554949745242309
Pseudodiploria198131,0.0536675087390578
Pseudodiploria198132,-0.0107258645202738
Pseudodiploria198134,0.156841328140036
Pseudodiploria198136,0.0707394449511991
Pseudodiploria198139,0.0213984544492225
Pseudodiploria198140,-0.047397207486779
Pseudodiploria198141,0.0650183902533435
Pseudodiploria198145,0.213187670998694
Pseudodiploria198149,-0.0795320770012501
Pseudodiploria198150,-0.287419514251556
Pseudodiploria198151,-0.00672938386041195
Pseudodiploria198153,-0.0147574242529767
Pseudodiploria198156,-0.0170805435282476
Pseudodiploria198157,-0.0135711312840329
Pseudodiploria198158,-0.195388434709121
Pseudodiploria198161,-0.00887057842557879
Pseudodiploria198163,-0.0543359526864829
Pseudodiploria198164,0.0490152281519934
Pseudodiploria198165,0.0251720999920586
Pseudodiploria198167,0.110121621194454
Pseudodiploria198169,-0.180960064525393
Pseudodiploria198170,-0.0204262786567883
Pseudodiploria198171,0.035961102075781
Pseudodiploria198172,0.0199399861125843
Pseudodiploria198173,0.375692576917067
Pseudodiploria198174,0.0308324102543508
Pseudodiploria198175,-0.0806136210731274
Pseudodiploria198176,-0.0378323452122705
Pseudodiploria198178,-0.15833287842132
Pseudodiploria198179,0.0184846852698797
Pseudodiploria198182,0.054786695813094
Pseudodiploria198183,-0.183091141039088
Pseudodiploria198185,0.140544546701522
Pseudodiploria198186,-0.0359980008461447
Pseudodiploria198187,-0.0109889624994676
Pseudodiploria198188,0.140723065864038
Pseudodiploria198190,0.00880870929265075
Pseudodiploria198191,0.158402629056949
Pseudodiploria198192,-0.0201526303717049
Pseudodiploria198195,0.324563397791703
Pseudodiploria198196,-0.0554949745242309
Pseudodiploria198197,-0.0229811459596307
Pseudodiploria198198,-0.120634493836046
Pseudodiploria198201,0.101527677771297
Pseudodiploria198205,0.0826546867607052
Pseudodiploria198207,0.0470900392121482
Pseudodiploria198211,-0.468248411113312
Pseudodiploria198212,-0.105632171959387
Pseudodiploria198214,0.366358907178529
Pseudodiploria198216,-0.254945469792558
Pseudodiploria198217,-0.00260477911588944
Pseudodiploria198221,-0.212334197556592
Pseudodiploria198225,0.183546873042974
Pseudodiploria198226,0.0305104341285458
Pseudodiploria198227,0.267490143348514
Pseudodiploria198228,0.054786695813094
Pseudodiploria198230,0.0993553611612657
Pseudodiploria198231,0.0398790822661408
Pseudodiploria198232,0.119165379621059
Pseudodiploria198233,0.00166938260831778
Pseudodiploria198234,0.0824729825666632
Pseudodiploria198236,-0.0113664418243331
Pseudodiploria198237,0.225112246829203
Pseudodiploria198238,-0.0418695108178824
Pseudodiploria198239,-0.0866508920391201
Pseudodiploria198240,-0.176651864215796
Pseudodiploria198242,0.0377006721043493
Pseudodiploria198243,0.0122310568171306
Pseudodiploria198245,0.145424116935276
Pseudodiploria198246,0.0413829226809519
Pseudodiploria198248,0.535489053908193
Pseudodiploria198250,0.178000103942078
Pseudodiploria198251,0.0972450616914985
Pseudodiploria198253,-0.417893241035018
Pseudodiploria198254,-0.0344117627071453
Pseudodiploria198255,-0.0128065421028733
Pseudodiploria198256,-0.110894506824272
Pseudodiploria198260,-0.267727649965258
Pseudodiploria198261,-0.0360410597649232
Pseudodiploria198262,0.153179095184884
Pseudodiploria198263,0.133047007306172
Pseudodiploria198266,-0.12893967486667
Pseudodiploria198269,1.17235224081451
Pseudodiploria198272,-0.0172801063780799
Pseudodiploria198274,-0.296389063288276
Pseudodiploria198278,0.167553046432335
Pseudodiploria198279,0.413306264169709
Pseudodiploria198280,-0.079336957143971
Pseudodiploria198281,0.307583878480404
Pseudodiploria198282,0.389959519710572
Pseudodiploria198283,0.0238948543604888
Pseudodiploria198285,0.00280164857429363
Pseudodiploria198286,-0.00975523343160469
Pseudodiploria198289,0.329654661379721
Pseudodiploria198290,0.0235055354055211
Pseudodiploria198292,0.0675138825620375
Pseudodiploria198293,0.0378323452122705
Pseudodiploria198294,0.0427422571584745
Pseudodiploria198297,-0.0190866029545538
Pseudodiploria198298,0.337784041806803
Pseudodiploria198300,0.0363869484973127
Pseudodiploria198302,0.107230893366789
Pseudodiploria198303,-0.239476064110367
Pseudodiploria198304,-0.0152903917866385
Pseudodiploria198305,0.252762017980516
Pseudodiploria198306,-0.300545000322291
Pseudodiploria198307,0.00411260588166191
Pseudodiploria198311,0.131661193189697
Pseudodiploria198312,-0.0305252162938733
Pseudodiploria198313,0.075196228100751
Pseudodiploria198314,0.0360410597649232
Pseudodiploria198316,0.0572458364276762
Pseudodiploria198318,-0.366721453993648
Pseudodiploria198319,0.0213304364996912
Pseudodiploria198321,-0.010615962086317
Pseudodiploria198323,0.0292256320015217
Pseudodiploria198324,-0.00766479888319304
Pseudodiploria198327,0.628905250342468
Pseudodiploria198328,-0.00220662646542392
Pseudodiploria198330,-0.0196849861955871
Pseudodiploria198331,0.143917480890446
Pseudodiploria198332,0.068735945882869
Pseudodiploria198335,0.173709184482145
Pseudodiploria198336,0.000906905741636383
Pseudodiploria198337,0.238952614961614
Pseudodiploria198338,0.12893967486667
Pseudodiploria198340,0.166329091051919
Pseudodiploria198341,-0.00708040686669002
Pseudodiploria198342,-0.0249027998155114
Pseudodiploria198345,0.131661193189697
Pseudodiploria198347,0.010615962086317
Pseudodiploria198348,-0.0228810321846523
Pseudodiploria198349,-0.0166641142059894
Pseudodiploria198351,0.0466664556319846
Pseudodiploria198352,-0.713148709407301
Pseudodiploria198354,2.4921014649751
Pseudodiploria198358,-0.0386762166294499
Pseudodiploria198359,0.113816226163276
Pseudodiploria198361,0.200576950116416
Pseudodiploria198364,0.0498596767144571
Pseudodiploria198367,0.10849318068978
Pseudodiploria198369,-0.10016164611449
Pseudodiploria198370,0.776576876517638
Pseudodiploria198372,0.118464944051663
Pseudodiploria198374,0.362918535564814
Pseudodiploria198375,-0.129375013292325
Pseudodiploria198376,0.0588742924519235
Pseudodiploria198377,-0.888710312478897
Pseudodiploria198378,-0.0113242561758816
Pseudodiploria198380,0.145686851475881
Pseudodiploria198381,0.102435362999725
Pseudodiploria198382,-0.0674471106881622
Pseudodiploria198383,0.0112179051449366
Pseudodiploria198384,0.743845615160558
Pseudodiploria198386,-0.123930663311082
Pseudodiploria198387,0.00867980296142241
Pseudodiploria198389,-0.0650068205214106
Pseudodiploria198390,-0.0770835275569917
Pseudodiploria198391,-0.0606055980949982
Pseudodiploria198393,0.464149312885109
Pseudodiploria198394,-1.0772908481853
Pseudodiploria198396,-0.0177255841891697
Pseudodiploria198397,-0.197009148565958
Pseudodiploria198398,0.217274492389934
Pseudodiploria198399,0.378153583343541
Pseudodiploria198403,0.00829015913475163
Pseudodiploria198404,-0.118571361228379
Pseudodiploria198405,-0.00259383844789118
Pseudodiploria198407,-0.00206879341432083
Pseudodiploria198408,-0.0503229980254534
Pseudodiploria198409,0.271559312339116
Pseudodiploria198410,-0.0330837659048868
Pseudodiploria198413,0.176651864215796
Pseudodiploria198414,0.160621903783421
Pseudodiploria198416,0.123852467722694
Pseudodiploria198417,-0.180826332848464
Pseudodiploria198420,-0.178606519993797
Pseudodiploria198421,-0.0105254000113502
Pseudodiploria198422,-0.0164125108924786
Pseudodiploria198423,-0.0086626098854053
Pseudodiploria198425,0.0568555923794353
Pseudodiploria198428,0.630187608869447
Pseudodiploria198431,-0.0378323452122705
Pseudodiploria198432,0.197009148565958
Pseudodiploria198433,-0.00280164857429363
Pseudodiploria198434,0.21513152900345
Pseudodiploria198435,0.366099009238711
Pseudodiploria198437,-0.0346961488600694
Pseudodiploria198438,-0.0149063226058844
Pseudodiploria198439,-0.167553046432335
Pseudodiploria198441,-0.0133121207424106
Pseudodiploria198442,0.00985575228013465
Pseudodiploria198447,0.401419135915637
Pseudodiploria198449,0.0250847280178852
Pseudodiploria198450,-0.0305252162938733
Pseudodiploria198451,0.0704857852367197
Pseudodiploria198452,-0.110843903315073
Pseudodiploria198456,-0.00766449848869811
Pseudodiploria198458,0.0755405348072184
Pseudodiploria198460,-0.0865867320428224
Pseudodiploria198462,0.230521369107019
Pseudodiploria198463,-0.0430214295963003
Pseudodiploria198464,0.0626028425803527
Pseudodiploria198468,-0.00455759716782039
Pseudodiploria198470,-0.296987591248989
Pseudodiploria198471,-0.12679622167885
Pseudodiploria198474,0.477114198889799
Pseudodiploria198475,0.0552218449000678
Pseudodiploria198476,-0.207617409627905
Pseudodiploria198479,0.177054716565009
Pseudodiploria198481,-0.15642902222958
Pseudodiploria198482,-0.0132081293824519
Pseudodiploria198485,-0.382395668422845
Pseudodiploria198487,-0.00851542474372167
Pseudodiploria198489,-0.00872003919940135
Pseudodiploria198490,0.3290424564811
Pseudodiploria198493,0.0321431454454564
Pseudodiploria198494,0.0229171369692217
Pseudodiploria198496,0.0738955739262411
Pseudodiploria198497,0.068494176800603
Pseudodiploria198500,-0.218274039825144
Pseudodiploria198503,0.169206030745531
Pseudodiploria198504,0.00755400621463598
Pseudodiploria198506,0.15833287842132
Pseudodiploria198507,-0.0533896186156034
Pseudodiploria198508,1.5251485245643
Pseudodiploria198509,0.415525168617854
Pseudodiploria198510,0.0763211069229897
Pseudodiploria198511,-0.133331424083498
Pseudodiploria198513,-0.0624978577576575
Pseudodiploria198515,-0.166556786327209
Pseudodiploria198517,0.251671761104259
Pseudodiploria198519,0.0286481278440375
Pseudodiploria198521,0.634297247689524
Pseudodiploria198522,-0.324563397791703
Pseudodiploria198524,0.0629233139443061
Pseudodiploria198526,0.0204262786567883
Pseudodiploria198527,-0.053761097883355
Pseudodiploria198528,0.133331424083498
Pseudodiploria198529,-0.0365063944135928
Pseudodiploria198531,-0.262227534873548
Pseudodiploria198532,0.0766764666602584
Pseudodiploria198533,0.0383108389965296
Pseudodiploria198534,-0.984584843269365
Pseudodiploria198535,0.0168201126274439
Pseudodiploria198537,-0.293161888638773
Pseudodiploria198539,-0.132060633698869
Pseudodiploria198540,-0.173298203746362
Pseudodiploria198544,0.00260477911588944
Pseudodiploria198548,-0.101951828404083
Pseudodiploria198549,0.0211665754106414
Pseudodiploria198553,-0.079501777321835
Pseudodiploria198554,0.0127096792715235
Pseudodiploria198556,0.05858910039354
Pseudodiploria198557,-0.0379206077487898
Pseudodiploria198558,0.221144903606114
Pseudodiploria198559,0.175870120359592
Pseudodiploria198560,-0.102958480178019
Pseudodiploria198562,-0.0564961449399567
Pseudodiploria198563,0.49594591118308
Pseudodiploria198566,-0.0440307390409587
Pseudodiploria198567,0.293161888638773
Pseudodiploria198568,0.198947385096198
Pseudodiploria198569,0.100932749392335
Pseudodiploria198570,-0.111714117569321
Pseudodiploria198571,0.00239408987551925
Pseudodiploria198572,-0.0963246589542052
Pseudodiploria198573,-0.0292256320015217
Pseudodiploria198575,-0.0765741553685619
Pseudodiploria198576,0.0474190908279118
Pseudodiploria198579,-0.179018087570294
Pseudodiploria198581,-0.182375333158728
Pseudodiploria198583,0.0373651318179473
Pseudodiploria198588,-0.0285632203701986
Pseudodiploria198589,-0.0918334631404722
Pseudodiploria198591,-0.0146457456432753
Pseudodiploria198593,0.431055880970352
Pseudodiploria198594,-0.211062712693792
Pseudodiploria198595,-0.0538079605027211
Pseudodiploria198596,-0.0615638305732303
Pseudodiploria198597,0.0560125984078261
Pseudodiploria198598,0.0135711312840329
Pseudodiploria198602,0.284808341672251
Pseudodiploria198604,-0.0283127550043299
Pseudodiploria198605,0.188866149245849
Pseudodiploria198606,-0.154357239996971
Pseudodiploria198607,0.00402446899733638
Pseudodiploria198610,-0.0419554106634796
Pseudodiploria198611,-0.200134702478709
Pseudodiploria198612,-0.00199210458997077
Pseudodiploria198616,0.0250847280178852
Pseudodiploria198617,0.0629233139443061
Pseudodiploria198620,0.024688394966228
Pseudodiploria198621,0.0747360910296186
Pseudodiploria198623,0.180960064525393
Pseudodiploria198624,0.0453166538593719
Pseudodiploria198625,-0.183546873042974
Pseudodiploria198626,-0.00985575228013465
Pseudodiploria198627,0.355945572228242
Pseudodiploria198629,0.0263129851784473
Pseudodiploria198631,0.00837608172794265
Pseudodiploria198632,0.115934792096311
Pseudodiploria198634,0.0173163340883263
Pseudodiploria198635,0.463099203587419
Pseudodiploria198637,0.413220922359326
Pseudodiploria198638,-0.0305252162938733
Pseudodiploria198639,0.0576621403383936
Pseudodiploria198640,-0.0051625648864808
Pseudodiploria198641,-0.0636485716766023
Pseudodiploria198644,-0.145773130749349
Pseudodiploria198645,-0.00369741668472315
Pseudodiploria198649,0.0100527836102448
Pseudodiploria198650,-0.166816714040425
Pseudodiploria198651,-0.00887057842557879
Pseudodiploria198652,-0.0650183902533435
Pseudodiploria198654,0.00602262609631687
Pseudodiploria198656,0.0623101490842051
Pseudodiploria198657,-0.461203660492472
Pseudodiploria198659,0.320494635557554
Pseudodiploria198662,0.00867980296142241
Pseudodiploria198664,0.158402629056949
Pseudodiploria198668,0.0305252162938733
Pseudodiploria198669,0.0619014981324445
Pseudodiploria198670,-0.140211976196079
Pseudodiploria198674,0.0803106741710958
Pseudodiploria198675,0.00303112152210068
Pseudodiploria198677,0.49483135792027
Pseudodiploria198679,0.0466615863061294
Pseudodiploria198680,-0.073312399762339
Pseudodiploria198681,-0.733449974528596
Pseudodiploria198682,0.05015437695734
Pseudodiploria198684,-0.559890014114834
Pseudodiploria198686,0.179246560951415
Pseudodiploria198687,-0.216806240779374
Pseudodiploria198688,-0.0531771834880234
Pseudodiploria198690,0.488487677112702
Pseudodiploria198692,-0.131689173198726
Pseudodiploria198693,-0.116322888611946
Pseudodiploria198694,-0.0484011761577907
Pseudodiploria198700,0.0749543679248248
Pseudodiploria198701,-0.00367546620668942
Pseudodiploria198702,0.296987591248989
Pseudodiploria198703,0.0506139385522756
Pseudodiploria198707,0.160318774861377
Pseudodiploria198710,-1.16546692943832
Pseudodiploria198711,0.0754582799485233
Pseudodiploria198712,0.608871948195711
Pseudodiploria198713,0.000906905741636383
Pseudodiploria198714,0.252773270606782
Pseudodiploria198715,-0.0685188843932695
Pseudodiploria198716,-0.10777766647629
Pseudodiploria198718,0.385485930777751
Pseudodiploria198719,0.110843903315073
Pseudodiploria198720,-0.010615962086317
Pseudodiploria198722,-0.247858448950738
Pseudodiploria198723,-0.291209920022301
Pseudodiploria198725,0.702399913304448
Pseudodiploria198727,0.146762315317569
Pseudodiploria198730,1.35092807996319
Pseudodiploria198731,-0.0102349161161195
Pseudodiploria198732,-0.0986962767166591
Pseudodiploria198734,0.0933635509176738
Pseudodiploria198735,0.0824729825666632
Pseudodiploria198736,0.12679622167885
Pseudodiploria198737,-0.58653603079695
Pseudodiploria198741,-0.0663556621054483
Pseudodiploria198742,-0.0969578854576199
Pseudodiploria198746,0.0170805435282476
Pseudodiploria198747,-0.266738376289722
Pseudodiploria198749,-0.0177746559089545
Pseudodiploria198750,0.0104755202075465
Pseudodiploria198751,-0.189507802504904
Pseudodiploria198752,-0.235034552615038
Pseudodiploria198753,0.00708040686669002
Pseudodiploria198755,0.0524018479255341
Pseudodiploria198757,0.541814829768289
Pseudodiploria198758,-0.0068532999493378
Pseudodiploria198761,-0.0127096792715235
Pseudodiploria198762,-0.362918535564814
Pseudodiploria198763,-0.40725973762747
Pseudodiploria198764,-0.144750901531564
Pseudodiploria198765,0.0427422571584745
Pseudodiploria198770,-0.0599154076776022
Pseudodiploria198771,0.217019032691626
Pseudodiploria198772,0.0474190908279118
Pseudodiploria198775,0.341038131763521
Pseudodiploria198776,-0.105487249359108
Pseudodiploria198777,0.054623300254986
Pseudodiploria198778,0.427822845021685
Pseudodiploria198779,-0.0903032413396372
Pseudodiploria198780,-0.0152136949901382
Pseudodiploria198781,-0.0479205159669213
Pseudodiploria198783,0.0232038926102595
Pseudodiploria198784,0.0906490328864959
Pseudodiploria198786,0.0289765762545857
Pseudodiploria198787,0.00887057842557879
Pseudodiploria198788,0.401046229217291
Pseudodiploria198789,0.106486035805873
Pseudodiploria198790,0.12679622167885
Pseudodiploria198792,-0.463132500981638
Pseudodiploria198793,0.0663844101491956
Pseudodiploria198794,-0.356459008387272
Pseudodiploria198797,-0.235280702547794
Pseudodiploria198800,-0.00752070592628983
Pseudodiploria198801,0.552777209641518
Pseudodiploria198802,0.109955130174426
Pseudodiploria198803,-0.153179095184884
Pseudodiploria198805,-0.0772182447554729
Pseudodiploria198806,-0.0260591287877922
Pseudodiploria198807,-0.115453009572258
Pseudodiploria198808,0.0145490282755426
Pseudodiploria198809,0.27192459392778
Pseudodiploria198811,-0.0305252162938733
Pseudodiploria198812,-0.0588884462009374
Pseudodiploria198813,-0.00788157032292564
Pseudodiploria198814,-0.311068936081611
Pseudodiploria198815,0.116551527426381
Pseudodiploria198816,0.112641704592565
Pseudodiploria198817,-0.153179095184884
Pseudodiploria198818,-0.110121621194454
Pseudodiploria198819,0.546289671202525
Pseudodiploria198821,0.240142008668997
Pseudodiploria198822,-0.0699589824709768
Pseudodiploria198824,0.199924058470959
Pseudodiploria198825,0.152245001888393
Pseudodiploria198828,-0.117976409494964
Pseudodiploria198829,0.443171513613755
Pseudodiploria198830,0.0107258645202738
Pseudodiploria198832,-0.0906490328864959
Pseudodiploria198834,0.0164235251322511
Pseudodiploria198835,0.0554949745242309
Pseudodiploria198837,0.242260632608379
Pseudodiploria198838,0.114742670184194
Pseudodiploria198839,0.00116229498903307
Pseudodiploria198840,0.0181813426435269
Pseudodiploria198842,0.0709598342660762
Pseudodiploria198843,-0.054786695813094
Pseudodiploria198844,-0.0107258645202738
Pseudodiploria198846,0.0514780506734524
Pseudodiploria198847,0.0170805435282476
Pseudodiploria198849,0.675451120308033
Pseudodiploria198851,0.11432460961952
Pseudodiploria198852,-0.0058461777218429
Pseudodiploria198855,0.18997971056176
Pseudodiploria198858,0.0963246589542052
Pseudodiploria198859,0.166329091051919
Pseudodiploria198860,-0.0228810321846523
Pseudodiploria198861,-0.0249027998155114
Pseudodiploria198862,0.139731547020529
Pseudodiploria198863,0.183546873042974
Pseudodiploria198866,0.0306558594668759
Pseudodiploria198868,-0.0609155419451495
Pseudodiploria198870,0.00766449848869811
Pseudodiploria198871,-0.0142288210346364
Pseudodiploria198875,-0.0535027651695697
Pseudodiploria198876,-0.0971641955374569
Pseudodiploria198878,0.00887057842557879
Pseudodiploria198880,0.119614583529747
Pseudodiploria198882,0.0579898427485898
Pseudodiploria198885,-0.390085365825607
Pseudodiploria198886,0.224547408107713
Pseudodiploria198887,-0.00588919808328655
Pseudodiploria198888,0.357850013174943
Pseudodiploria198889,-0.0145490282755426
Pseudodiploria198890,-0.375692576917067
Pseudodiploria198891,0.00937979121976445
Pseudodiploria198892,-0.187517135416937
Pseudodiploria198893,0.291336099784911
Pseudodiploria198894,0.621517881538902
Pseudodiploria198895,-0.0197551574420095
Pseudodiploria198899,-0.0510601538083994
Pseudodiploria198900,0.132508702053249
Pseudodiploria198901,-0.052286015960803
Pseudodiploria198903,-0.00916879395699909
Pseudodiploria198905,-0.052286015960803
Pseudodiploria198906,-0.00903990588419331
Pseudodiploria198908,-0.0817518085919977
Pseudodiploria198909,0.204786243498957
Pseudodiploria198910,0.106229844335489
Pseudodiploria198911,-0.00116229498903307
Pseudodiploria198913,-0.37900026130135
Pseudodiploria198915,0.515806364528654
Pseudodiploria198916,0.658171707906808
Pseudodiploria198917,0.280634291041099
Pseudodiploria198921,-0.0456385699132763
Pseudodiploria198924,-0.0655023352168864
Pseudodiploria198925,-0.0471213693238595
Pseudodiploria198926,-0.0249027998155114
Pseudodiploria198928,-0.283668171334165
Pseudodiploria198929,0.0289738413447608
Pseudodiploria198930,0.0170805435282476
Pseudodiploria198931,0.022961342763641
Pseudodiploria198932,-0.369234314835038
Pseudodiploria198934,0.0134629105566343
Pseudodiploria198935,-0.0978948345427258
Pseudodiploria198936,0.0242684827958791
Pseudodiploria198938,-0.00166938260831778
Pseudodiploria198939,0.0868335106979527
Pseudodiploria198940,0.172090394009827
Pseudodiploria198941,0.0730645662000136
Pseudodiploria198942,-0.0135335884790646
Pseudodiploria198945,-0.0704857852367197
Pseudodiploria198946,0.0493797320370276
Pseudodiploria198947,0.00408523779343474
Pseudodiploria198949,0.0233065610134842
Pseudodiploria198951,0.189507802504904
Pseudodiploria198952,0.0119324248425975
Pseudodiploria198953,0.111357931370308
Pseudodiploria198955,0.00464602739414049
Pseudodiploria198957,0.0609155419451495
Pseudodiploria198958,-0.0390092250199808
Pseudodiploria198960,0.142473258683416
Pseudodiploria198963,-0.0367743648887114
Pseudodiploria198964,-0.0101115552988177
Pseudodiploria198965,0.0196296786496935
Pseudodiploria198966,0.755136694984862
Pseudodiploria198967,0.0236524432716372
Pseudodiploria198970,-0.0522293754491611
Pseudodiploria198973,0.12679622167885
Pseudodiploria198975,-0.0306558594668759
Pseudodiploria198976,-0.029611183813779
Pseudodiploria198977,-0.198947385096198
Pseudodiploria198978,0.212286062535423
Pseudodiploria198980,-0.0533896186156034
Pseudodiploria198982,0.152381675716441
Pseudodiploria198987,0.0588884462009374
Pseudodiploria198988,0.0212831784796037
Pseudodiploria198989,0.154166650749067
Pseudodiploria198991,-0.0170805435282476
Pseudodiploria198992,-0.0631407382468579
Pseudodiploria198995,-0.146185611840187
Pseudodiploria198996,0.157209542166612
Pseudodiploria199002,-0.0490152281519934
Pseudodiploria199003,0.0391409799023844
Pseudodiploria199004,0.369798455192501
Pseudodiploria199006,-0.26400906812433
Pseudodiploria199009,0.0803816105868937
Pseudodiploria199010,0.0791786194415493
Pseudodiploria199012,0.237594904513115
Pseudodiploria199013,-0.0456985762646337
Pseudodiploria199017,0.0263129851784473
Pseudodiploria199019,-0.068494176800603
Pseudodiploria199020,-0.36356646026996
Pseudodiploria199021,-0.0565005247766176
Pseudodiploria199022,0.0128009954457348
Pseudodiploria199023,-0.229656036861642
Pseudodiploria199024,0.139478885297567
Pseudodiploria199025,-0.0228810321846523
Pseudodiploria199026,0.466824884271455
Pseudodiploria199029,-0.0233285931839279
Pseudodiploria199030,0.0461208029156994
Pseudodiploria199031,-0.0971641955374569
Pseudodiploria199034,0.0838104773929043
Pseudodiploria199035,-0.10901492881863
Pseudodiploria199036,0.00999133167041006
Pseudodiploria199038,0.00672938386041195
Pseudodiploria199040,-0.676182115781251
Pseudodiploria199042,0.0274111701378118
Pseudodiploria199044,0.0214502164526184
Pseudodiploria199045,-0.00442115444224438
Pseudodiploria199047,-0.18384607812177
Pseudodiploria199049,0.0229171369692217
Pseudodiploria199052,-0.0265334997248099
Pseudodiploria199053,0.0107258645202738
Pseudodiploria199056,0.215838079272981
Pseudodiploria199058,0.192167654067971
Pseudodiploria199060,0.131661193189697
Pseudodiploria199063,-0.0275794622979126
Pseudodiploria199064,-0.0249027998155114
Pseudodiploria199065,0.398170833993483
Pseudodiploria199066,0.585463472674749
Pseudodiploria199069,0.0466664556319846
Pseudodiploria199070,-0.0776149599000192
Pseudodiploria199072,0.00621756683532626
Pseudodiploria199077,-0.0351368256616651
Pseudodiploria199078,0.921766035525073
Pseudodiploria199079,-0.0561347725849209
Pseudodiploria199082,-0.0698173512389585
Pseudodiploria199083,0.220363818153541
Pseudodiploria199084,0.35796517991703
Pseudodiploria199088,-0.0272712296764553
Pseudodiploria199089,0.175150991721996
Pseudodiploria199090,0.192894283633815
Pseudodiploria199092,-0.0994770667819655
Pseudodiploria199094,-0.351264611972902
Pseudodiploria199095,-0.135594074296238
Pseudodiploria199096,0.0374611247849841
Pseudodiploria199098,0.0812255604369838
Pseudodiploria199099,-0.0445884374595999
Pseudodiploria199101,-0.17467569604464
Pseudodiploria199103,-0.0626259835096685
Pseudodiploria199105,0.243209907829441
Pseudodiploria199107,0.155769245094695
Pseudodiploria199109,0.119614583529747
Pseudodiploria199111,0.0466615863061294
Pseudodiploria199113,0.0807170420808014
Pseudodiploria199114,-0.177533529507088
Pseudodiploria199115,0.123874119985796
Pseudodiploria199116,0.0293312664472142
Pseudodiploria199117,-0.0474190908279118
Pseudodiploria199120,0.110272733015195
Pseudodiploria199123,-0.0177746559089545
Pseudodiploria199125,0.176651864215796
Pseudodiploria199126,0.0972450616914985
Pseudodiploria199127,-0.149099041488566
Pseudodiploria199128,-0.068494176800603
Pseudodiploria199129,0.180136467476209
Pseudodiploria199130,0.0430214295963003
Pseudodiploria199131,0.0104367014306154
Pseudodiploria199132,-0.0124858718914155
Pseudodiploria199133,-0.00887057842557879
Pseudodiploria199134,-0.0289738413447608
Pseudodiploria199139,-0.079336957143971
Pseudodiploria199140,-0.0569294292700467
Pseudodiploria199142,0.153179095184884
Pseudodiploria199143,0.267490143348514
Pseudodiploria199144,0.00867980296142241
Pseudodiploria199145,0.0629712670662687
Pseudodiploria199146,0.299211716226015
Pseudodiploria199148,-0.123930663311082
Pseudodiploria199150,0.0200981216376129
Pseudodiploria199151,0.10630063566697
Pseudodiploria199152,0.173298203746362
Pseudodiploria199153,-0.0216526787897418
Pseudodiploria199157,0.486105454778308
Pseudodiploria199158,-0.0371129326580582
Pseudodiploria199159,0.0319292089533915
Pseudodiploria199160,-0.0776149599000192
Pseudodiploria199161,0.177479826431196
Pseudodiploria199163,0.0112179051449366
Pseudodiploria199164,1.44950691892586
Pseudodiploria199166,0.182375333158728
Pseudodiploria199167,-0.131661193189697
Pseudodiploria199169,0.0380132351961059
Pseudodiploria199171,-0.778593640315302
Pseudodiploria199173,0.197988454712875
Pseudodiploria199175,0.190016548389014
Pseudodiploria199176,0.0377633284405683
Pseudodiploria199178,0.0446813043164809
Pseudodiploria199181,-0.0380132351961059
Pseudodiploria199182,0.361250975950059
Pseudodiploria199183,0.139867066901955
Pseudodiploria199185,-0.0918334631404722
Pseudodiploria199187,-0.0524018479255341
Pseudodiploria199188,0.183091141039088
Pseudodiploria199189,0.0866508920391201
Pseudodiploria199194,0.000393351994025862
Pseudodiploria199196,0.0279425023981248
Pseudodiploria199197,0.08936022587086
Pseudodiploria199200,-0.0390092250199808
Pseudodiploria199202,-0.030377925550844
Pseudodiploria199203,0.128461106305692
Pseudodiploria199206,-0.107495303027392
Pseudodiploria199207,0.153958647593129
Pseudodiploria199214,-0.0906490328864959
Pseudodiploria199215,-0.504339911212212
Pseudodiploria199218,0.102958480178019
Pseudodiploria199219,1.99918127095822
Pseudodiploria199221,-0.449572475177973
Pseudodiploria199222,0.0119324248425975
Pseudodiploria199224,-0.0929214878168728
Pseudodiploria199225,-0.0538752787934436
Pseudodiploria199226,-0.0941860289881642
Pseudodiploria199227,-0.0360410597649232
Pseudodiploria199231,0.123874119985796
Pseudodiploria199232,0.0228810321846523
Pseudodiploria199233,-0.103801737702381
Pseudodiploria199234,0.114998604192505
Pseudodiploria199235,-0.00757377908428382
Pseudodiploria199236,0.311859550650405
Pseudodiploria199239,0.173298203746362
Pseudodiploria199240,-0.295314356164425
Pseudodiploria199243,-0.0671383507623098
Pseudodiploria199245,0.02749942075775
Pseudodiploria199247,0.0520373403286872
Pseudodiploria199248,-0.00116229498903307
Pseudodiploria199250,-0.157366019388201
Pseudodiploria199253,-0.00887057842557879
Pseudodiploria199256,0.0144465125138306
Pseudodiploria199258,0.258476143993594
Pseudodiploria199259,0.180136467476209
Pseudodiploria199261,-0.00833945398939765
Pseudodiploria199264,0.0440307390409587
Pseudodiploria199266,-0.181250917025886
Pseudodiploria199267,-0.176651864215796
Pseudodiploria199268,0.132752242294573
Pseudodiploria199269,0.680593754878843
Pseudodiploria199270,0.257761192623984
Pseudodiploria199271,0.150419729682014
Pseudodiploria199272,0.232251981965123
Pseudodiploria199273,0.477114198889799
Pseudodiploria199274,-0.293218333066338
Pseudodiploria199277,0.0378323452122705
Pseudodiploria199279,-0.118777838425892
Pseudodiploria199280,0.255739592483422
Pseudodiploria199281,0.466824884271455
Pseudodiploria199282,0.281706967850093
Pseudodiploria199283,-0.215838079272981
Pseudodiploria199284,0.0235055354055211
Pseudodiploria199286,0.341466434196088
Pseudodiploria199287,-0.0265369947492109
Pseudodiploria199288,0.0474190908279118
Pseudodiploria199289,-0.0554173536362916
Pseudodiploria199290,0.0513688790346994
Pseudodiploria199291,-0.000801662118957428
Pseudodiploria199292,0.133047007306172
Pseudodiploria199293,-0.180136467476209
Pseudodiploria199295,-0.0710359385872257
Pseudodiploria199296,0.47778428401087
Pseudodiploria199297,-0.0307386535386753
Pseudodiploria199298,-0.243209907829441
Pseudodiploria199299,0.114742670184194
Pseudodiploria199302,0.0565030399220348
Pseudodiploria199304,0.0442608727706354
Pseudodiploria199306,-0.0571709053794902
Pseudodiploria199307,0.0791786194415493
Pseudodiploria199308,-0.00411260588166191
Pseudodiploria199309,0.0422948498773137
Pseudodiploria199311,-0.0772600413561176
Pseudodiploria199312,0.778593640315302
Pseudodiploria199313,0.0735624311947812
Pseudodiploria199315,0.0228810321846523
Pseudodiploria199316,0.00455759716782039
Pseudodiploria199319,-0.142473258683416
Pseudodiploria199320,-0.0581384383614311
Pseudodiploria199324,-0.00108284017322824
Pseudodiploria199325,-0.190547823153729
Pseudodiploria199327,-0.114742670184194
Pseudodiploria199328,-0.10935695736302
Pseudodiploria199329,0.0305252162938733
Pseudodiploria199332,-0.0897974063738913
Pseudodiploria199333,-0.176808992159539
Pseudodiploria199334,-0.0629233139443061
Pseudodiploria199336,0.140286087915024
Pseudodiploria199339,0.178264387461632
Pseudodiploria199340,-0.110843903315073
Pseudodiploria199343,0.0500667115225761
Pseudodiploria199344,-0.054786695813094
Pseudodiploria199345,-0.9310326149965
Pseudodiploria199346,-0.0536675087390578
Pseudodiploria199347,0.0772182447554729
Pseudodiploria199348,0.0148254718371882
Pseudodiploria199349,0.0772182447554729
Pseudodiploria199350,0.018945603640231
Pseudodiploria199353,0.174554227710739
Pseudodiploria199354,0.183939221337479
Pseudodiploria199361,-0.197009148565958
Pseudodiploria199362,0.122896086091804
Pseudodiploria199363,0.267727649965258
Pseudodiploria199365,-0.0629233139443061
Pseudodiploria199367,0.582163627667009
Pseudodiploria199369,0.0373676501072798
Pseudodiploria199370,-0.0554949745242309
Pseudodiploria199373,0.00220662646542392
Pseudodiploria199374,0.00199000285671929
Pseudodiploria199375,0.543837473475925
Pseudodiploria199377,-0.00464602739414049
Pseudodiploria199378,-0.154166650749067
Pseudodiploria199380,0.364333089984997
Pseudodiploria199381,-0.0195828533545657
Pseudodiploria199382,-0.00353249908439162
Pseudodiploria199386,-0.366358907178529
Pseudodiploria199387,0.0378323452122705
Pseudodiploria199388,0.734917173526355
Pseudodiploria199389,-0.0100448078398533
Pseudodiploria199390,-0.122877484309244
Pseudodiploria199391,0.615583300288947
Pseudodiploria199392,-0.0228327847740096
Pseudodiploria199393,-0.138850262369175
Pseudodiploria199394,0.0217048141592268
Pseudodiploria199395,0.010615962086317
Pseudodiploria199396,-0.0112179051449366
Pseudodiploria199399,0.555101445560985
Pseudodiploria199402,0.558217484934582
Pseudodiploria199403,0.472402936948185
Pseudodiploria199404,0.567937953020149
Pseudodiploria199405,0.00442115444224438
Pseudodiploria199406,-1.00124577574967
Pseudodiploria199407,-0.365064101848463
Pseudodiploria199408,0.0229171369692217
Pseudodiploria199409,0.00174527757973641
Pseudodiploria199411,-0.0515635016460096
Pseudodiploria199412,-0.113871094327848
Pseudodiploria199413,0.182375333158728
Pseudodiploria199415,0.0388801008064594
Pseudodiploria199416,0.142473258683416
Pseudodiploria199419,-0.0730645662000136
Pseudodiploria199421,-0.0513050064663257
Pseudodiploria199424,0.0330837659048868
Pseudodiploria199425,-0.465258651915898
Pseudodiploria199427,0.0514780506734524
Pseudodiploria199429,-0.0776149599000192
Pseudodiploria199430,0.366721453993648
Pseudodiploria199433,0.0113664418243331
Pseudodiploria199435,0.183426760149356
Pseudodiploria199438,-0.16817643891093
Pseudodiploria199441,0.00259383844789118
Pseudodiploria199442,-0.140544546701522
Pseudodiploria199443,-0.122285105978726
Pseudodiploria199444,-0.129983904906715
Pseudodiploria199445,-0.0249027998155114
Pseudodiploria199446,0.115453009572258
Pseudodiploria199447,-0.0866508920391201
Pseudodiploria199448,0.34826476906764
Pseudodiploria199449,0.778593640315302
Pseudodiploria199454,0.284808341672251
Pseudodiploria199456,0.118879806771617
Pseudodiploria199461,0.188866149245849
Pseudodiploria199462,-0.149438736438129
Pseudodiploria199463,-0.138005016005185
Pseudodiploria199464,0.0251809822549863
Pseudodiploria199466,-0.0477291444970234
Pseudodiploria199469,-0.000916009854295738
Pseudodiploria199471,0.37291820396381
Pseudodiploria199472,0.0181813426435269
Pseudodiploria199473,0.318501896926458
Pseudodiploria199476,-0.0882151063857238
Pseudodiploria199478,-0.0147973214901052
Pseudodiploria199479,0.00464602739414049
Pseudodiploria199480,0.323058247274715
Pseudodiploria199483,0.0128065421028733
Pseudodiploria199484,0.0549656491984672
Pseudodiploria199485,0.260060332811163
Pseudodiploria199486,-0.101527677771297
Pseudodiploria199487,0.455785231371093
Pseudodiploria199488,0.0763476683561462
Pseudodiploria199489,-0.00175171498295755
Pseudodiploria199493,-0.146057051818864
Pseudodiploria199500,-0.0104755202075465
Pseudodiploria199501,-0.10354978937106
Pseudodiploria199502,-1.11665537023644
Pseudodiploria199503,0.00782575024261055
Pseudodiploria199504,-0.0648034261708774
Pseudodiploria199505,0.0360410597649232
Pseudodiploria199506,-0.131661193189697
Pseudodiploria199510,0.0451907332663053
Pseudodiploria199511,-0.0464345883316627
Pseudodiploria199512,-0.238851706308021
Pseudodiploria199515,-0.000801662118957428
Pseudodiploria199517,-0.0227602827287437
Pseudodiploria199518,-0.229924325340898
Pseudodiploria199519,-0.00402446899733638
Pseudodiploria199524,0.275830706261985
Pseudodiploria199525,-0.246143056526095
Pseudodiploria199527,0.0242684827958791
Pseudodiploria199528,0.276795664448246
Pseudodiploria199529,0.366721453993648
Pseudodiploria199530,0.0228810321846523
Pseudodiploria199535,-0.438984998558012
Pseudodiploria199536,-0.0128065421028733
Pseudodiploria199537,0.133331424083498
Pseudodiploria199538,0.179018087570294
Pseudodiploria199539,0.00887057842557879
Pseudodiploria199540,0.0330837659048868
Pseudodiploria199542,0.647828175209724
Pseudodiploria199546,-0.848540943576351
Pseudodiploria199547,-0.0629712670662687
Pseudodiploria199548,0.136288453750417
Pseudodiploria199549,-0.00782575024261055
Pseudodiploria199551,0.0190866029545538
Pseudodiploria199553,0.0128065421028733
Pseudodiploria199554,0.417070839063485
Pseudodiploria199556,-0.00667413702969058
Pseudodiploria199559,0.055951985509345
Pseudodiploria199561,-0.12679622167885
Pseudodiploria199563,-0.054623300254986
Pseudodiploria199564,-0.0588884462009374
Pseudodiploria199565,-0.00259909752696102
Pseudodiploria199568,-0.211223605828486
Pseudodiploria199570,-0.533453342330799
Pseudodiploria199571,-0.0183941509553473
Pseudodiploria199572,-0.0466864333232595
Pseudodiploria199574,-0.0513050064663257
Pseudodiploria199576,-0.0748871210882699
Pseudodiploria199577,0.00212747895569464
Pseudodiploria199578,-0.243989663929935
Pseudodiploria199582,-0.252773270606782
Pseudodiploria199584,0.313515870399348
Pseudodiploria199585,-0.105569220830359
Pseudodiploria199586,-0.00672938386041195
Pseudodiploria199588,0.0315524364500458
Pseudodiploria199589,0.180805681392842
Pseudodiploria199590,0.403445868755303
Pseudodiploria199591,-0.0489645575809616
Pseudodiploria199593,-0.0644626863890871
Pseudodiploria199594,-0.293218333066338
Pseudodiploria199595,0.495169807582573
Pseudodiploria199596,0.121565592430983
Pseudodiploria199599,0.146185611840187
Pseudodiploria199602,0.00204318613129482
Pseudodiploria199604,0.142473258683416
Pseudodiploria199606,0.101527677771297
Pseudodiploria199607,0.068735945882869
Pseudodiploria199610,-0.00755400621463598
Pseudodiploria199611,0.00116229498903307
Pseudodiploria199612,-0.0997692688413442
Pseudodiploria199616,-0.0919421121171571
Pseudodiploria199617,-0.0629712670662687
Pseudodiploria199620,-0.0449273365693401
Pseudodiploria199621,-0.0348547361167997
Pseudodiploria199622,-0.0127096792715235
Pseudodiploria199623,0.134362377687549
Pseudodiploria199626,-0.168526428777475
Pseudodiploria199627,0.0198184301615867
Pseudodiploria199628,0.0631765423621403
Pseudodiploria199630,-0.0112179051449366
Pseudodiploria199631,0.205969981717763
Pseudodiploria199632,0.00167066840730128
Pseudodiploria199634,0.184829737723799
Pseudodiploria199636,0.105712954626844
Pseudodiploria199637,0.569831357055735
Pseudodiploria199638,0.113504028309575
Pseudodiploria199639,0.0267076200181193
Pseudodiploria199640,-0.24716965020844
Pseudodiploria199641,0.0607406253705033
Pseudodiploria199642,0.0416565018479693
Pseudodiploria199645,-0.149882172213734
Pseudodiploria199648,-0.0803106741710958
Pseudodiploria199649,0.00212747895569464
Pseudodiploria199650,-0.0579898427485898
Pseudodiploria199652,-0.503951384105155
Pseudodiploria199655,0.0229171369692217
Pseudodiploria199656,0.247837143439911
Pseudodiploria199657,-0.0321040206736436
Pseudodiploria199658,-0.0426105091836971
Pseudodiploria199659,0.0100527836102448
Pseudodiploria199661,0.0390092250199808
Pseudodiploria199662,-0.252773270606782
Pseudodiploria199663,-0.10630063566697
Pseudodiploria199664,-0.0579898427485898
Pseudodiploria199666,-0.177533529507088
Pseudodiploria199667,-0.173488580936662
Pseudodiploria199668,-0.0856741200635231
Pseudodiploria199669,0.0826904216282726
Pseudodiploria199670,0.0150693048771992
Pseudodiploria199673,0.115311735532415
Pseudodiploria199674,0.00885894532179681
Pseudodiploria199675,-0.0160805984555542
Pseudodiploria199676,0.00212747895569464
Pseudodiploria199677,0.123889976217205
Pseudodiploria199678,-0.0133748999095633
Pseudodiploria199680,0.0843353423824519
Pseudodiploria199681,0.591892263177991
Pseudodiploria199682,-0.068494176800603
Pseudodiploria199683,0.608871948195711
Pseudodiploria199684,-0.0644626863890871
Pseudodiploria199685,-0.00455759716782039
Pseudodiploria199687,0.0229171369692217
Pseudodiploria199688,0.0776149599000192
Pseudodiploria199690,0.128138712893503
Pseudodiploria199691,-0.0657333782194704
Pseudodiploria199693,0.0938646388375708
Pseudodiploria199694,0.223914633420628
Pseudodiploria199695,-0.0868335106979527
Pseudodiploria199696,-0.0446813043164809
Pseudodiploria199697,-0.243209907829441
Pseudodiploria199698,-0.177054716565009
Pseudodiploria199701,0.36356646026996
Pseudodiploria199702,-0.235174318777973
Pseudodiploria199703,0.14948605777889
Pseudodiploria199704,-0.0391409799023844
Pseudodiploria199705,-0.0127326110625214
Pseudodiploria199707,-0.0351516157598553
Pseudodiploria199710,-0.282947942465085
Pseudodiploria199711,-0.145053726596184
Pseudodiploria199712,0.102278389028816
Pseudodiploria199714,-0.0167647000701179
Pseudodiploria199715,3.53040413614629
Pseudodiploria199716,0.131661193189697
Pseudodiploria199718,-0.107230893366789
Pseudodiploria199719,-0.079336957143971
Pseudodiploria199720,0.00220662646542392
Pseudodiploria199722,-0.00752070592628983
Pseudodiploria199727,-0.00766449848869811
Pseudodiploria199728,0.0388524889531566
Pseudodiploria199730,0.039318342352242
Pseudodiploria199731,0.370336840354628
Pseudodiploria199733,-0.179018087570294
Pseudodiploria199736,-0.182375333158728
Pseudodiploria199737,-0.20944576126799
Pseudodiploria199738,0.0245821636728528
Pseudodiploria199739,-0.0538752787934436
Pseudodiploria199741,-0.079501777321835
Pseudodiploria199742,-0.20944576126799
Pseudodiploria199744,0.0924146708091686
Pseudodiploria199745,-0.489989004254157
Pseudodiploria199747,-0.220370933333543
Pseudodiploria199749,-0.0172430971129502
Pseudodiploria199750,-0.294783842677965
Pseudodiploria199751,0.0581384383614311
Pseudodiploria199752,0.0378323452122705
Pseudodiploria199756,-0.0513050064663257
Pseudodiploria199758,-1.61509601423681
Pseudodiploria199760,0.00633718335556019
Pseudodiploria199762,0.161252704808809
Pseudodiploria199764,0.0195828533545657
Pseudodiploria199766,0.0515635016460096
Pseudodiploria199767,-0.639410997286362
Pseudodiploria199768,0.014771991148648
Pseudodiploria199769,0.34401676477247
Pseudodiploria199770,0.0299771807609095
Pseudodiploria199771,0.122949539717688
Pseudodiploria199772,-0.0749543679248248
Pseudodiploria199774,-0.0768229406557132
Pseudodiploria199776,0.304904995131806
Pseudodiploria199777,1.66313040833127
Pseudodiploria199778,-0.196132535456293
Pseudodiploria199779,-0.188955762139029
Pseudodiploria199784,0.710496109249567
Pseudodiploria199785,0.0098249270901827
Pseudodiploria199786,0.394004162240882
Pseudodiploria199788,0.14744834515796
Pseudodiploria199789,0.0367743648887114
Pseudodiploria199790,0.00333500572710229
Pseudodiploria199791,-0.0306794320233326
Pseudodiploria199792,0.0515140866605981
Pseudodiploria199794,0.105255273333736
Pseudodiploria199795,0.416496653874141
Pseudodiploria199796,-0.0753449958098662
Pseudodiploria199797,-0.360828974261069
Pseudodiploria199799,-0.297192214884278
Pseudodiploria199800,0.121144270443071
Pseudodiploria199801,-0.143423719644223
Pseudodiploria199803,0.0228810321846523
Pseudodiploria199804,0.00708040686669002
Pseudodiploria199807,0.179189143757601
Pseudodiploria199808,0.00880870929265075
Pseudodiploria199809,-0.385485930777751
Pseudodiploria199811,-0.146185611840187
Pseudodiploria199812,0.165123098266183
Pseudodiploria199813,0.0488738456325959
Pseudodiploria199814,0.347317321967757
Pseudodiploria199815,-0.195934653077239
Pseudodiploria199818,0.0109889624994676
Pseudodiploria199820,0.181200463085137
Pseudodiploria199821,-0.376298332673002
Pseudodiploria199822,-0.0236524432716372
Pseudodiploria199824,0.381428516574068
Pseudodiploria199825,0.0524018479255341
Pseudodiploria199826,-0.00867980296142241
Pseudodiploria199831,-0.104762100134277
Pseudodiploria199832,-0.134007090402419
Pseudodiploria199833,-0.177505411033031
Pseudodiploria199835,-0.0322791693603123
Pseudodiploria199836,0.131661193189697
Pseudodiploria199839,0.0380132351961059
Pseudodiploria199841,0.156903200961682
Pseudodiploria199842,0.0512539908750511
Pseudodiploria199843,0.0212437784970686
Pseudodiploria199848,0.382182697390732
Pseudodiploria199850,-0.05015437695734
Pseudodiploria199851,0.118879806771617
Pseudodiploria199852,0.341421877444623
Pseudodiploria199853,-0.180960064525393
Pseudodiploria199854,0.0776149599000192
Pseudodiploria199855,0.0104399649214052
Pseudodiploria199856,0.142473258683416
Pseudodiploria199857,0.17467569604464
Pseudodiploria199860,-0.00985575228013465
Pseudodiploria199861,0.0456985762646337
Pseudodiploria199863,-0.0533896186156034
Pseudodiploria199865,0.20944576126799
Pseudodiploria199866,-0.347793879371852
Pseudodiploria199867,-0.00135557974001646
Pseudodiploria199869,-0.0446813043164809
Pseudodiploria199872,-0.0812255604369838
Pseudodiploria199873,0.0148254718371882
Pseudodiploria199874,-0.054786695813094
Pseudodiploria199875,-0.320494635557554
Pseudodiploria199877,0.347317321967757
Pseudodiploria199878,-0.0967145474517059
Pseudodiploria199879,0.0656060792760945
Pseudodiploria199881,-0.209816103498848
Pseudodiploria199886,-0.226577120933776
Pseudodiploria199887,-0.198736988799934
Pseudodiploria199890,-0.0629712670662687
Pseudodiploria199892,0.0550334417801263
Pseudodiploria199894,-0.25138500480379
Pseudodiploria199896,-0.390091184736225
Pseudodiploria199898,0.313515870399348
Pseudodiploria199899,-0.0133357035268943
Pseudodiploria199904,0.12893967486667
Pseudodiploria199906,0.168523048542527
Pseudodiploria199908,-0.0257224165887376
Pseudodiploria199909,0.00672938386041195
Pseudodiploria199910,0.0249027998155114
Pseudodiploria199911,-0.0747360910296186
Pseudodiploria199912,-0.00310281284535457
Pseudodiploria199915,0.840343919530202
Pseudodiploria199916,-0.0100448078398533
Pseudodiploria199917,-0.488487677112702
Pseudodiploria199918,-0.313515870399348
Pseudodiploria199919,0.0498596767144571
Pseudodiploria199921,0.00212747895569464
Pseudodiploria199923,0.215838079272981
Pseudodiploria199926,-0.054786695813094
Pseudodiploria199927,-0.0452610327931926
Pseudodiploria199929,0.0516213150465251
Pseudodiploria19993,0.0219368476829638
Pseudodiploria199930,-0.0683181010592673
Pseudodiploria199931,0.176651864215796
Pseudodiploria199932,0.116322888611946
Pseudodiploria199933,0.0866508920391201
Pseudodiploria199934,0.189311241898565
Pseudodiploria199935,0.0181813426435269
Pseudodiploria199936,0.0152136949901382
Pseudodiploria199938,0.0182253586348746
Pseudodiploria199940,-0.0233285931839279
Pseudodiploria199942,0.0570121724632558
Pseudodiploria199943,-0.143341728467994
Pseudodiploria199945,-0.0172430971129502
Pseudodiploria199951,-0.0225471216027452
Pseudodiploria199952,-0.166742996638016
Pseudodiploria199954,-0.170964556223876
Pseudodiploria199955,0.111422637988982
Pseudodiploria199957,0.606401839854101
Pseudodiploria199958,0.281706967850093
Pseudodiploria199959,0.165517821274583
Pseudodiploria199961,-0.179912427164272
Pseudodiploria199962,0.581434952025821
Pseudodiploria199966,0.24716965020844
Pseudodiploria199967,0.430897749580484
Pseudodiploria199968,0.285310313056446
Pseudodiploria199969,-0.0415335060892128
Pseudodiploria199970,0.0119433755140726
Pseudodiploria199971,0.102776084626035
Pseudodiploria199972,0.092740087819621
Pseudodiploria199973,-0.0130639361804647
Pseudodiploria199974,0.038795081228185
Pseudodiploria199978,-0.677414085027466
Pseudodiploria199979,-0.15833287842132
Pseudodiploria199980,0.125823130308254
Pseudodiploria199982,-0.0360410597649232
Pseudodiploria199983,-0.225654004481756
Pseudodiploria199986,-0.140463347306723
Pseudodiploria199988,-0.49594591118308
Pseudodiploria199989,0.0707920241228071
Pseudodiploria199990,-0.119952086912682
Pseudodiploria199991,-0.0170805435282476
Pseudodiploria199992,0.293161888638773
Pseudodiploria199994,-0.0940057926267517
Pseudodiploria199995,0.465258651915898
Pseudodiploria199996,0.0887148598888314
Pseudodiploria199998,0.129635686647038
Pseudodiploria199999,-0.17467569604464
Pseudodiploria200000,-0.00609125227080745
Pseudodiploria200001,0.182375333158728
Pseudodiploria200002,0.0266549189033167
Pseudodiploria200003,0.0113664418243331
Pseudodiploria200005,-0.0514780506734524
Pseudodiploria200006,-0.0267076200181193
Pseudodiploria200007,-0.0267502029933444
Pseudodiploria200008,-0.154355074567635
Pseudodiploria200010,0.176651864215796
Pseudodiploria200011,0.00212747895569464
Pseudodiploria200012,0.179493961892178
Pseudodiploria200013,0.00648570709657757
Pseudodiploria200016,0.0726809997176615
Pseudodiploria200017,0.0216496880452836
Pseudodiploria200018,-0.169206030745531
Pseudodiploria200019,0.104155568513218
Pseudodiploria200020,0.0551573824541316
Pseudodiploria200021,-0.122938489295623
Pseudodiploria200022,0.271967238782587
Pseudodiploria200023,-0.357395945003549
Pseudodiploria200024,-0.022961342763641
Pseudodiploria200025,0.0186880829209311
Pseudodiploria200026,0.00498564095780433
Pseudodiploria200027,0.0753449958098662
Pseudodiploria200028,-0.0182856789424413
Pseudodiploria200031,0.018945603640231
Pseudodiploria200032,-0.113507034534837
Pseudodiploria200033,0.464149312885109
Pseudodiploria200037,0.136288453750417
Pseudodiploria200039,0.377172014071456
Pseudodiploria200042,-0.00166938260831778
Pseudodiploria200044,-0.118432857006476
Pseudodiploria200046,0.0253417816387129
Pseudodiploria200047,0.140544546701522
Pseudodiploria200048,-0.323841370033082
Pseudodiploria200049,-0.0827258252961804
Pseudodiploria200053,0.172021189304938
Pseudodiploria200055,-0.465258651915898
Pseudodiploria200057,-0.0583101756446852
Pseudodiploria200058,0.121732273986673
Pseudodiploria200060,-0.0422462499033459
Pseudodiploria200061,-0.118571361228379
Pseudodiploria200062,0.0438731584657658
Pseudodiploria200065,-0.18997971056176
Pseudodiploria200066,0.256795960839178
Pseudodiploria200068,-0.0185801076006659
Pseudodiploria200070,0.0456784759238037
Pseudodiploria200071,-0.533453342330799
Pseudodiploria200073,0.102737576051792
Pseudodiploria200074,-0.243209907829441
Pseudodiploria200078,0.00869058872812566
Pseudodiploria200079,-0.00464602739414049
Pseudodiploria200083,0.00609125227080745
Pseudodiploria200086,0.0404374951137951
Pseudodiploria200088,-0.0134629105566343
Pseudodiploria200089,0.0134103613476441
Pseudodiploria200090,-0.123409982384758
Pseudodiploria200091,-0.323795514033561
Pseudodiploria200092,0.0328530985339845
Pseudodiploria200094,-0.057296248113865
Pseudodiploria200095,0.00798203736345584
Pseudodiploria200096,-0.267490143348514
Pseudodiploria200097,-0.0843353423824519
Pseudodiploria200099,0.455785231371093
Pseudodiploria200100,0.0177746559089545
Pseudodiploria200101,0.0644626863890871
Pseudodiploria200102,0.0551573824541316
Pseudodiploria200103,0.0469024680903826
Pseudodiploria200104,-0.268420104547208
Pseudodiploria200105,0.243174177296729
Pseudodiploria200107,-0.0675138825620375
Pseudodiploria200108,0.175223201486934
Pseudodiploria200110,0.0550334417801263
Pseudodiploria200111,-0.0446813043164809
Pseudodiploria200112,0.0113664418243331
Pseudodiploria200113,-0.0228810321846523
Pseudodiploria200116,0.0578790168785698
Pseudodiploria200117,0.36356646026996
Pseudodiploria200118,-0.0506139385522756
Pseudodiploria200121,-0.281984088372632
Pseudodiploria200122,0.102257581242178
Pseudodiploria200123,0.313515870399348
Pseudodiploria200125,0.325503518522735
Pseudodiploria200126,0.0235055354055211
Pseudodiploria200128,-0.0181813426435269
Pseudodiploria200129,0.0814937105649453
Pseudodiploria200130,0.0386762166294499
Pseudodiploria200131,-0.188866149245849
Pseudodiploria200133,-0.302420919647223
Pseudodiploria200136,0.355945572228242
Pseudodiploria200137,0.018945603640231
Pseudodiploria200138,0.100388183040797
Pseudodiploria200139,0.00212747895569464
Pseudodiploria200140,0.014771991148648
Pseudodiploria200141,-0.0127326110625214
Pseudodiploria200143,0.0289738413447608
Pseudodiploria200144,0.182375333158728
Pseudodiploria200145,0.0249523337681188
Pseudodiploria200147,-0.297192214884278
Pseudodiploria200148,-0.0267076200181193
Pseudodiploria200149,-0.129635686647038
Pseudodiploria200150,-0.0803106741710958
Pseudodiploria200153,-0.00305857581340404
Pseudodiploria200154,0.1247453573646
Pseudodiploria200156,-0.0228810321846523
Pseudodiploria200157,0.0890922649727855
Pseudodiploria200158,0.0360283858511448
Pseudodiploria200160,-0.778593640315302
Pseudodiploria200163,0.36356646026996
Pseudodiploria200164,0.329296665678767
Pseudodiploria200167,0.588597576478405
Pseudodiploria200168,0.00766449848869811
Pseudodiploria200169,-0.424470329241953
Pseudodiploria200172,0.00206879341432083
Pseudodiploria200173,-0.763722002852923
Pseudodiploria200175,2.35141954617557
Pseudodiploria200176,0.0128445905101661
Pseudodiploria200177,-0.173298203746362
Pseudodiploria200178,0.0238316822673072
Pseudodiploria200179,0.00327265119061136
Pseudodiploria200181,0.219708553140657
Pseudodiploria200182,0.187517135416937
Pseudodiploria200185,0.132456149691733
Pseudodiploria200188,0.250956408855804
Pseudodiploria200192,-0.0182253586348746
Pseudodiploria200196,0.100639338671333
Pseudodiploria200197,-0.234258482995768
Pseudodiploria200198,0.0058461777218429
Pseudodiploria200199,-0.0170613089957854
Pseudodiploria200200,0.176651864215796
Pseudodiploria200202,0.164597370055613
Pseudodiploria200203,-0.148265391473791
Pseudodiploria200204,0.313515870399348
Pseudodiploria200206,0.298088407432933
Pseudodiploria200207,0.101527677771297
Pseudodiploria200208,0.0366433556659976
Pseudodiploria200209,0.136288453750417
Pseudodiploria200210,-0.0474190908279118
Pseudodiploria200211,0.00708040686669002
Pseudodiploria200212,-0.123027562446927
Pseudodiploria200216,0.0251560844383766
Pseudodiploria200217,-0.0824729825666632
Pseudodiploria200218,0.228663008015767
Pseudodiploria200219,-0.188106498563708
Pseudodiploria200220,-0.12893967486667
Pseudodiploria200221,0.0306558594668759
Pseudodiploria200223,-0.224547408107713
Pseudodiploria200224,0.00464602739414049
Pseudodiploria200226,0.149865984333623
Pseudodiploria200227,0.813156439335197
Pseudodiploria200230,0.123571617097802
Pseudodiploria200231,-0.0427422571584745
Pseudodiploria200232,0.533453342330799
Pseudodiploria200233,-0.0378323452122705
Pseudodiploria200234,-0.0161245280359211
Pseudodiploria200235,-0.206417056711054
Pseudodiploria200236,0.0674508878224045
Pseudodiploria200237,0.0372255160163166
Pseudodiploria200238,0.37291820396381
Pseudodiploria200240,0.644638009589658
Pseudodiploria200241,-0.468248411113312
Pseudodiploria200242,-0.0262209866827858
Pseudodiploria200244,0.0515140866605981
Pseudodiploria200246,-0.0491353327930848
Pseudodiploria200248,-0.0359980008461447
Pseudodiploria200250,0.951957260405259
Pseudodiploria200251,0.0466664556319846
Pseudodiploria200253,-0.138933462266525
Pseudodiploria200254,0.154490344518732
Pseudodiploria200255,-0.00212747895569464
Pseudodiploria200257,-0.0503229980254534
Pseudodiploria200258,0.120208972054521
Pseudodiploria200260,-0.00667413702969058
Pseudodiploria200262,-0.137055748165387
Pseudodiploria200263,-0.0166641142059894
Pseudodiploria200264,-0.0378323452122705
Pseudodiploria200265,-0.0150899162251253
Pseudodiploria200266,-0.0216526787897418
Pseudodiploria200269,0.0866339764862231
Pseudodiploria200270,-0.0418987592780084
Pseudodiploria200271,0.028704404766416
Pseudodiploria200272,0.00283322773344166
Pseudodiploria200273,0.0161245280359211
Pseudodiploria200274,0.042983299459232
Pseudodiploria200277,-0.154355074567635
Pseudodiploria200280,-0.00718293777132831
Pseudodiploria200282,0.0109466942752514
Pseudodiploria200284,-0.00999133167041006
Pseudodiploria200286,-0.183546873042974
Pseudodiploria200287,0.26497756984748
Pseudodiploria200290,-0.149553133385637
Pseudodiploria200292,0.147071787949374
Pseudodiploria200293,0.0330837659048868
Pseudodiploria200295,-0.0767989350765377
Pseudodiploria200296,-0.0148254718371882
Pseudodiploria200297,-0.0313901299067398
Pseudodiploria200299,-0.140297248497956
Pseudodiploria200300,-0.0828766701422673
Pseudodiploria200301,0.238952614961614
Pseudodiploria200302,0.00935357545009227
Pseudodiploria200306,0.163207755779795
Pseudodiploria200308,0.0796305238777171
Pseudodiploria200309,-0.324563397791703
Pseudodiploria200310,-0.54348576009695
Pseudodiploria200311,-0.0675138825620375
Pseudodiploria200314,0.0917088639526026
Pseudodiploria200317,-0.267727649965258
Pseudodiploria200318,0.101527677771297
Pseudodiploria200319,0.223270539652059
Pseudodiploria200321,0.00135557974001646
Pseudodiploria200322,0.00145375083177721
Pseudodiploria200323,-0.331871832972439
Pseudodiploria200325,-0.477114198889799
Pseudodiploria200326,-0.311859550650405
Pseudodiploria200327,-0.0474190908279118
Pseudodiploria200329,0.468378297248796
Pseudodiploria200330,0.0185801076006659
Pseudodiploria200331,0.0629233139443061
Pseudodiploria200333,0.0145770309515431
Pseudodiploria200334,0.0336692091902749
Pseudodiploria200335,-0.162627351258695
Pseudodiploria200336,0.299806559197827
Pseudodiploria200340,-0.233121790898245
Pseudodiploria200341,0.647828175209724
Pseudodiploria200343,-0.200942292970001
Pseudodiploria200344,-0.0939085417173678
Pseudodiploria200346,-0.00603223344394036
Pseudodiploria200347,0.131661193189697
Pseudodiploria200348,0.0384658805310145
Pseudodiploria200350,0.0132735204505145
Pseudodiploria200351,0.333570901055926
Pseudodiploria200353,-0.0993553611612657
Pseudodiploria200355,0.0166641142059894
Pseudodiploria200359,-0.413220922359326
Pseudodiploria200361,0.175135246117648
Pseudodiploria200362,-0.411728882652545
Pseudodiploria200363,0.131689173198726
Pseudodiploria200364,-0.0514780506734524
Pseudodiploria200365,0.054786695813094
Pseudodiploria200366,0.402114106306282
Pseudodiploria200367,0.323416415496454
Pseudodiploria200368,0.11593664721084
Pseudodiploria200373,-0.00633718335556019
Pseudodiploria200375,0.784804208351664
Pseudodiploria200376,0.211177948901828
Pseudodiploria200378,0.326002118114555
Pseudodiploria200379,-0.773835471840286
Pseudodiploria200380,-0.0332403435705847
Pseudodiploria200381,0.0564961449399567
Pseudodiploria200382,0.0373676501072798
Pseudodiploria200383,0.12679622167885
Pseudodiploria200384,0.174390580373944
Pseudodiploria200386,1.09731915193083
Pseudodiploria200388,0.824872097644826
Pseudodiploria200389,0.018945603640231
Pseudodiploria200391,-0.0890166192200796
Pseudodiploria200392,0.0464345883316627
Pseudodiploria200393,0.0251809822549863
Pseudodiploria200394,0.113507034534837
Pseudodiploria200399,-0.00135557974001646
Pseudodiploria200400,-0.204950364908108
Pseudodiploria200401,0.296389063288276
Pseudodiploria200402,0.413220922359326
Pseudodiploria200403,-0.0144465125138306
Pseudodiploria200404,0.662170184624246
Pseudodiploria200405,-0.00829015913475163
Pseudodiploria200406,-0.0733981587742653
Pseudodiploria200407,0.0524018479255341
Pseudodiploria200412,0.0104755202075465
Pseudodiploria200415,0.0851034522357083
Pseudodiploria200417,0.0730645662000136
Pseudodiploria200418,0.00887057842557879
Pseudodiploria200419,-0.658171707906808
Pseudodiploria200420,-0.0113242561758816
Pseudodiploria200421,-0.0652405123518387
Pseudodiploria200422,-0.293161888638773
Pseudodiploria200423,0.116551527426381
Pseudodiploria200424,-0.0515140866605981
Pseudodiploria200425,0.271840374171461
Pseudodiploria200427,-0.00147262478851384
Pseudodiploria200428,-0.0126688689941999
Pseudodiploria200429,-0.0109143695620943
Pseudodiploria200432,-0.12334681206601
Pseudodiploria200433,-0.142473258683416
Pseudodiploria200434,0.128461106305692
Pseudodiploria200435,0.0268579029074487
Pseudodiploria200439,-0.168288103256413
Pseudodiploria200440,0.175306217165756
Pseudodiploria200441,-0.00482831334485707
Pseudodiploria200442,0.0484011761577907
Pseudodiploria200443,-0.0388524889531566
Pseudodiploria200444,-0.000857782728764128
Pseudodiploria200445,-0.0606055980949982
Pseudodiploria200446,0.0373676501072798
Pseudodiploria200447,0.0388524889531566
Pseudodiploria200448,0.332115529417382
Pseudodiploria200449,0.0986962767166591
Pseudodiploria200450,-0.131661193189697
Pseudodiploria200452,-0.068494176800603
Pseudodiploria200453,0.0151716742037521
Pseudodiploria200458,-0.0228810321846523
Pseudodiploria200460,-0.397498921514855
Pseudodiploria200461,-0.168769147641529
Pseudodiploria200462,-1.00124577574967
Pseudodiploria200468,0.0994770667819655
Pseudodiploria200469,0.101527677771297
Pseudodiploria200470,0.0122310568171306
Pseudodiploria200471,-0.0262209866827858
Pseudodiploria200473,-0.353670876030874
Pseudodiploria200475,0.172477978146703
Pseudodiploria200476,-0.0868335106979527
Pseudodiploria200478,-0.0564961449399567
Pseudodiploria200479,0.0548414367178214
Pseudodiploria200480,-0.200805890181125
Pseudodiploria200481,-0.11787121993149
Pseudodiploria200485,0.438480309757835
Pseudodiploria200486,0.145773130749349
Pseudodiploria200487,-0.0170805435282476
Pseudodiploria200488,0.0182856789424413
Pseudodiploria200489,0.0253417816387129
Pseudodiploria200491,-0.0573831614275434
Pseudodiploria200493,-0.0309835033499481
Pseudodiploria200494,0.0932239612971331
Pseudodiploria200495,0.0306921275187215
Pseudodiploria200497,0.133331424083498
Pseudodiploria200498,0.0134629105566343
Pseudodiploria200499,0.376858834101937
Pseudodiploria200500,0.352816722670299
Pseudodiploria200501,-0.243727855102973
Pseudodiploria200503,0.223270539652059
Pseudodiploria200504,-0.0233285931839279
Pseudodiploria200506,-0.220363818153541
Pseudodiploria200507,-0.229924325340898
Pseudodiploria200509,0.0305252162938733
Pseudodiploria200510,0.0236499358684412
Pseudodiploria200513,0.286714985906137
Pseudodiploria200514,0.327529584132738
Pseudodiploria200516,-0.500936106084179
Pseudodiploria200518,0.05858910039354
Pseudodiploria200519,0.0586814332799396
Pseudodiploria200520,-0.00220662646542392
Pseudodiploria200522,0.260699747260217
Pseudodiploria200523,-0.181853859950096
Pseudodiploria200524,0.0932239612971331
Pseudodiploria200525,0.132437145080829
Pseudodiploria200527,-0.0152136949901382
Pseudodiploria200528,-0.100647014825768
Pseudodiploria200529,0.313515870399348
Pseudodiploria200532,0.0310104581436507
Pseudodiploria200533,0.0470303244994062
Pseudodiploria200534,-0.388194580588
Pseudodiploria200536,-0.0260285673699564
Pseudodiploria200537,0.267727649965258
Pseudodiploria200538,-0.0371691305137451
Pseudodiploria200539,-0.0112179051449366
Pseudodiploria200540,-0.072577593295339
Pseudodiploria200543,0.00985575228013465
Pseudodiploria200545,-0.0182856789424413
Pseudodiploria200546,0.0776874873527704
Pseudodiploria200547,0.00646984672022412
Pseudodiploria200549,0.251671761104259
Pseudodiploria200550,-0.101527677771297
Pseudodiploria200551,0.079336957143971
Pseudodiploria200552,0.152128566529619
Pseudodiploria200555,-0.891574268995386
Pseudodiploria200556,0.103566949628369
Pseudodiploria200557,-0.116133691014373
Pseudodiploria200560,0.04654042121942
Pseudodiploria200561,-0.546289671202525
Pseudodiploria200562,0.114102741320132
Pseudodiploria200563,0.566888644827567
Pseudodiploria200565,-0.328174968715593
Pseudodiploria200567,0.0098249270901827
Pseudodiploria200568,-0.0524745044947183
Pseudodiploria200570,0.00135557974001646
Pseudodiploria200571,0.00220662646542392
Pseudodiploria200572,-0.0287289976758015
Pseudodiploria200573,-0.214635109427044
Pseudodiploria200575,0.113816226163276
Pseudodiploria200576,-0.00166938260831778
Pseudodiploria200577,0.157041611679454
Pseudodiploria200578,0.488487677112702
Pseudodiploria200579,-0.00378286942933891
Pseudodiploria200582,0.0172801063780799
Pseudodiploria200583,0.0363869484973127
Pseudodiploria200584,0.129906941344188
Pseudodiploria200586,-0.114789395343075
Pseudodiploria200587,-0.0236524432716372
Pseudodiploria200588,-0.0470900392121482
Pseudodiploria200589,-0.0963246589542052
Pseudodiploria200590,-0.0446813043164809
Pseudodiploria200591,-0.00757843014938539
Pseudodiploria200592,0.00201533232044185
Pseudodiploria200593,-0.382497691784273
Pseudodiploria200594,0.0639149811515091
Pseudodiploria200595,-0.00670579086758817
Pseudodiploria200597,-0.0648034261708774
Pseudodiploria200598,-0.0181813426435269
Pseudodiploria200600,-0.0939085417173678
Pseudodiploria200603,-0.238851706308021
Pseudodiploria200605,0.195044097651669
Pseudodiploria200608,0.0484011761577907
Pseudodiploria200609,-0.0843353423824519
Pseudodiploria200610,-0.0172430971129502
Pseudodiploria200611,0.17283498278918
Pseudodiploria200612,0.0868335106979527
Pseudodiploria200613,-0.346759543801471
Pseudodiploria200614,0.168288103256413
Pseudodiploria200615,-0.145773130749349
Pseudodiploria200618,0.134362377687549
Pseudodiploria200621,0.674919338920274
Pseudodiploria200622,-0.123722577473856
Pseudodiploria200627,0.0733542725311461
Pseudodiploria200628,0.127318066020819
Pseudodiploria200629,-0.617342577278328
Pseudodiploria200630,-0.0768229406557132
Pseudodiploria200631,0.0072044161971498
Pseudodiploria200632,0.191560479340221
Pseudodiploria200633,-0.0644626863890871
Pseudodiploria200634,0.0249027998155114
Pseudodiploria200639,0.0559885415422718
Pseudodiploria200640,0.366358907178529
Pseudodiploria200641,0.315682482723634
Pseudodiploria200643,0.0379838652474427
Pseudodiploria200646,0.625952113769551
Pseudodiploria200647,0.12679622167885
Pseudodiploria200648,0.105632171959387
Pseudodiploria200649,0.0380132351961059
Pseudodiploria200652,0.0216526787897418
Pseudodiploria200653,0.237390787095186
Pseudodiploria200656,0.0644626863890871
Pseudodiploria200657,-0.0380132351961059
Pseudodiploria200658,-0.0228810321846523
Pseudodiploria200659,-0.548684918900554
Pseudodiploria200660,0.0313631021357842
Pseudodiploria200661,0.175870120359592
Pseudodiploria200662,-0.0148254718371882
Pseudodiploria200663,0.0675138825620375
Pseudodiploria200665,0.0194553518558901
Pseudodiploria200666,-0.0843353423824519
Pseudodiploria200667,-0.0166641142059894
Pseudodiploria200668,0.114742670184194
Pseudodiploria200669,-0.261704256810273
Pseudodiploria200670,0.403445868755303
Pseudodiploria200671,-0.114682136501227
Pseudodiploria200673,-0.252762017980516
Pseudodiploria200674,0.00528865271431855
Pseudodiploria200675,-0.126303731907194
Pseudodiploria200676,0.17692450540613
Pseudodiploria200678,-0.0105254000113502
Pseudodiploria200679,0.0266813526083283
Pseudodiploria200680,-0.0363869484973127
Pseudodiploria200681,0.192894283633815
Pseudodiploria200682,0.00402446899733638
Pseudodiploria200686,0.33947114591294
Pseudodiploria200690,0.0257767688572839
Pseudodiploria200692,0.0538752787934436
Pseudodiploria200693,0.0438731584657658
Pseudodiploria200694,0.0305252162938733
Pseudodiploria200697,0.325724615860061
Pseudodiploria200699,-0.0474190908279118
Pseudodiploria200700,-0.0404374951137951
Pseudodiploria200701,0.465258651915898
Pseudodiploria200704,-0.12893967486667
Pseudodiploria200705,-0.00752070592628983
Pseudodiploria200707,-0.0305252162938733
Pseudodiploria200708,-0.0112179051449366
Pseudodiploria200711,-0.0803106741710958
Pseudodiploria200712,0.0147973214901052
Pseudodiploria200713,0.0516213150465251
Pseudodiploria200714,-0.0629233139443061
Pseudodiploria200716,-0.0027216740068393
Pseudodiploria200717,0.0330837659048868
Pseudodiploria200718,-0.352816722670299
Pseudodiploria200719,-0.128138712893503
Pseudodiploria200721,-0.0768229406557132
Pseudodiploria200722,-0.00915528322648851
Pseudodiploria200723,0.0386762166294499
Pseudodiploria200724,0.444295856034289
Pseudodiploria200725,0.112584701248439
Pseudodiploria200726,0.0132081293824519
Pseudodiploria200729,0.199499638820056
Pseudodiploria200730,-0.0388524889531566
Pseudodiploria200731,0.0274111701378118
Pseudodiploria200732,-0.0748871210882699
Pseudodiploria200733,0.0644626863890871
Pseudodiploria200734,-0.0177746559089545
Pseudodiploria200735,-0.0650183902533435
Pseudodiploria200736,-0.497679813719705
Pseudodiploria200739,-0.0809685003652317
Pseudodiploria200743,0.174995016304274
Pseudodiploria200744,0.252773270606782
Pseudodiploria200745,0.0177255841891697
Pseudodiploria200746,-0.119165379621059
Pseudodiploria200747,1.20101692226923
Pseudodiploria200748,0.136636059394983
Pseudodiploria200752,0.0286481278440375
Pseudodiploria200754,-0.0299518510710296
Pseudodiploria200755,0.149830071881728
Pseudodiploria200757,0.382395668422845
Pseudodiploria200759,0.0360525825070106
Pseudodiploria200760,9.16667908461745
Pseudodiploria200761,-0.110894506824272
Pseudodiploria200762,0.00633718335556019
Pseudodiploria200763,-0.0791786194415493
Pseudodiploria200764,-1.10016243828625
Pseudodiploria200765,-0.266064441376654
Pseudodiploria200770,-0.166595001313353
Pseudodiploria200771,0.0898842258653315
Pseudodiploria200772,0.0306921275187215
Pseudodiploria200773,0.0866508920391201
Pseudodiploria200775,-0.00818970425081987
Pseudodiploria200776,-0.218274039825144
Pseudodiploria200777,0.0586814332799396
Pseudodiploria200779,0.00319285811366768
Pseudodiploria200781,0.0107258645202738
Pseudodiploria200783,-0.175150991721996
Pseudodiploria200784,0.188866149245849
Pseudodiploria200785,-0.0918334631404722
Pseudodiploria200787,-0.313496959426532
Pseudodiploria200788,0.625952113769551
Pseudodiploria200789,0.018771711287965
Pseudodiploria200790,-0.0948927534876678
Pseudodiploria200791,-0.147925122896331
Pseudodiploria200792,-0.18754828036727
Pseudodiploria200793,-0.0378323452122705
Pseudodiploria200795,0.0510086671673271
Pseudodiploria200797,0.00887057842557879
Pseudodiploria200800,0.0027670447759912
Pseudodiploria200801,0.00464602739414049
Pseudodiploria200802,-0.106229844335489
Pseudodiploria200804,0.00588919808328655
Pseudodiploria200805,1.01299564628034
Pseudodiploria200806,0.0250462939344542
Pseudodiploria200808,0.0120129130357495
Pseudodiploria200809,-0.112641704592565
Pseudodiploria200810,-0.0906490328864959
Pseudodiploria200812,0.194181056883482
Pseudodiploria200813,-0.169888783359654
Pseudodiploria200814,0.252809606289538
Pseudodiploria200815,0.0524745044947183
Pseudodiploria200816,-0.0489645575809616
Pseudodiploria200817,0.175870120359592
Pseudodiploria200818,-0.0357214276165223
Pseudodiploria200819,0.405446349460759
Pseudodiploria200820,0.0484011761577907
Pseudodiploria200821,0.068494176800603
Pseudodiploria200823,0.100388183040797
Pseudodiploria200824,0.00867980296142241
Pseudodiploria200827,0.0267076200181193
Pseudodiploria200828,-0.12473061322903
Pseudodiploria200829,-0.0484011761577907
Pseudodiploria200830,0.0265334997248099
Pseudodiploria200832,0.127770284724866
Pseudodiploria200834,-0.0299776531509656
Pseudodiploria200836,-0.165568217926033
Pseudodiploria200837,-0.00464602739414049
Pseudodiploria200838,-0.00752070592628983
Pseudodiploria200840,0.0456788617870224
Pseudodiploria200845,-0.212447961427275
Pseudodiploria200846,-0.281706967850093
Pseudodiploria200847,0.0436393190118737
Pseudodiploria200851,-0.149882172213734
Pseudodiploria200852,0.200576950116416
Pseudodiploria200854,-0.152245001888393
Pseudodiploria200856,0.161490470425696
Pseudodiploria200857,0.672445361097508
Pseudodiploria200858,0.00528865271431855
Pseudodiploria200859,0.140947458390794
Pseudodiploria200860,-0.175870120359592
Pseudodiploria200861,0.123852467722694
Pseudodiploria200862,0.00887057842557879
Pseudodiploria200863,0.0249027998155114
Pseudodiploria200864,-0.186061748904974
Pseudodiploria200865,0.0232038926102595
Pseudodiploria200866,-0.114742670184194
Pseudodiploria200868,-0.00633718335556019
Pseudodiploria200869,-0.101527677771297
Pseudodiploria200870,-0.354146750437286
Pseudodiploria200871,-0.0559885415422718
Pseudodiploria200872,0.0255244014766928
Pseudodiploria200873,0.118777838425892
Pseudodiploria200874,0.053761097883355
Pseudodiploria200876,-0.00887057842557879
Pseudodiploria200877,-0.00985575228013465
Pseudodiploria200879,0.0624312596643022
Pseudodiploria200880,0.0262209866827858
Pseudodiploria200883,0.105477144359627
Pseudodiploria200884,0.207380378631476
Pseudodiploria200885,0.183141885608838
Pseudodiploria200887,-0.0840708852728541
Pseudodiploria200888,0.20944576126799
Pseudodiploria200889,-0.0119222058796638
Pseudodiploria200890,0.0145490282755426
Pseudodiploria200891,0.0704857852367197
Pseudodiploria200892,0.00135557974001646
Pseudodiploria200893,-0.0352664517405023
Pseudodiploria200894,-0.105255273333736
Pseudodiploria200895,-0.0520373403286872
Pseudodiploria200896,-0.0370375456838955
Pseudodiploria200897,-0.118464944051663
Pseudodiploria200898,0.0086626098854053
Pseudodiploria200899,0.0629233139443061
Pseudodiploria200900,-0.0172430971129502
Pseudodiploria200903,0.204950364908108
Pseudodiploria200904,-0.293218333066338
Pseudodiploria200905,-0.0253417816387129
Pseudodiploria200906,0.00708040686669002
Pseudodiploria200908,-0.335983319642138
Pseudodiploria200909,-0.00752070592628983
Pseudodiploria200910,0.0715024265285128
Pseudodiploria200911,0.346740974947904
Pseudodiploria200912,-0.180136467476209
Pseudodiploria200913,0.0938646388375708
Pseudodiploria200914,-0.218274039825144
Pseudodiploria200915,0.34826476906764
Pseudodiploria200917,-0.337784041806803
Pseudodiploria200918,-0.00752070592628983
Pseudodiploria200919,0.0937538652154178
Pseudodiploria200920,-0.10901492881863
Pseudodiploria200921,-0.0152903917866385
Pseudodiploria200922,0.0113664418243331
Pseudodiploria200923,1.73180804581995
Pseudodiploria200925,0.010615962086317
Pseudodiploria200927,0.227491378977417
Pseudodiploria200928,-0.194181056883482
Pseudodiploria200929,0.00392294077224141
Pseudodiploria200932,0.0235055354055211
Pseudodiploria200933,0.0190866029545538
Pseudodiploria200934,0.0562030440887758
Pseudodiploria200936,0.190547823153729
Pseudodiploria200937,-0.0305252162938733
Pseudodiploria200940,0.0763211069229897
Pseudodiploria200942,0.272250273103235
Pseudodiploria200943,-0.163548874521713
Pseudodiploria200944,0.0269246871844197
Pseudodiploria200945,-0.180960064525393
Pseudodiploria200946,0.166738179044999
Pseudodiploria200948,-0.0569740844958047
Pseudodiploria200949,0.231887578055366
Pseudodiploria200950,0.662170184624246
Pseudodiploria200954,-0.0560577856892344
Pseudodiploria200955,0.453274887620951
Pseudodiploria200957,-0.464976634979947
Pseudodiploria200958,0.0919421121171571
Pseudodiploria200959,0.0945679536621691
Pseudodiploria200960,0.0776874873527704
Pseudodiploria200961,-0.0170805435282476
Pseudodiploria200963,-0.0498596767144571
Pseudodiploria200964,-0.0579898427485898
Pseudodiploria200965,0.0474190908279118
Pseudodiploria200966,-0.0511232490459115
Pseudodiploria200967,0.0146589915242161
Pseudodiploria200970,0.0443830609540175
Pseudodiploria200971,-0.020608594979212
Pseudodiploria200972,0.00837608172794265
Pseudodiploria200973,0.00667413702969058
Pseudodiploria200975,0.00787907273911162
Pseudodiploria200977,0.0554949745242309
Pseudodiploria200978,0.036854895284453
Pseudodiploria200980,0.0428480215488344
Pseudodiploria200981,0.4368762717275
Pseudodiploria200982,-0.142473258683416
Pseudodiploria200984,0.182375333158728
Pseudodiploria200985,-0.0309143186722524
Pseudodiploria200986,0.229604399757527
Pseudodiploria200987,-0.0456985762646337
Pseudodiploria200988,0.00504543176228622
Pseudodiploria200989,0.0383108389965296
Pseudodiploria200990,-0.84824124597646
Pseudodiploria200993,-0.477114198889799
Pseudodiploria200994,0.313039985595181
Pseudodiploria200997,-0.0629712670662687
Pseudodiploria201000,0.0626028425803527
Pseudodiploria201002,0.0492243558774349
Pseudodiploria201003,-0.0926023590634774
Pseudodiploria201004,0.0882151063857238
Pseudodiploria201007,-0.0104755202075465
Pseudodiploria201008,0.387707558862992
Pseudodiploria201009,-0.00752070592628983
Pseudodiploria201013,-0.205969981717763
Pseudodiploria201014,-0.292980811033979
Pseudodiploria201015,-0.0372255160163166
Pseudodiploria201017,-0.000384348765586881
Pseudodiploria201020,-0.0308126238931732
Pseudodiploria201021,0.0306921275187215
Pseudodiploria201022,-0.0926023590634774
Pseudodiploria201025,-0.107495303027392
Pseudodiploria201026,0.349788442820426
Pseudodiploria201027,0.459720097875844
Pseudodiploria201030,0.230573127426522
Pseudodiploria201032,1.10947832983097
Pseudodiploria201033,-0.36356646026996
Pseudodiploria201034,0.0220169796207717
Pseudodiploria201037,0.0260591287877922
Pseudodiploria201038,-0.140544454813814
Pseudodiploria201042,-0.180960064525393
Pseudodiploria201043,0.287785136378036
Pseudodiploria201044,-0.0338499835375908
Pseudodiploria201045,-0.154166650749067
Pseudodiploria201046,-0.219029501743801
Pseudodiploria201047,0.118791394633366
Pseudodiploria201049,0.00887057842557879
Pseudodiploria201052,0.0781093395891278
Pseudodiploria201053,0.0817043024826245
Pseudodiploria201054,0.0514505652101451
Pseudodiploria201055,0.362538011971117
Pseudodiploria201058,0.166738179044999
Pseudodiploria201059,0.384370617577487
Pseudodiploria201060,0.0924146708091686
Pseudodiploria201061,-0.0228810321846523
Pseudodiploria201062,-0.0513050064663257
Pseudodiploria201063,-0.0474518282230175
Pseudodiploria201066,0.202799801633538
Pseudodiploria201067,0.51183270035581
Pseudodiploria201069,0.155294454006065
Pseudodiploria201072,-0.00887057842557879
Pseudodiploria201073,-0.00506029010511641
Pseudodiploria201077,-0.0567820447167692
Pseudodiploria201079,-0.206417056711054
Pseudodiploria201080,0.261704256810273
Pseudodiploria201081,0.0939085417173678
Pseudodiploria201084,0.32024986738169
Pseudodiploria201085,-0.0228810321846523
Pseudodiploria201086,-0.00206879341432083
Pseudodiploria201088,0.0155008848908606
Pseudodiploria201089,0.123478585231691
Pseudodiploria201091,-0.126835014264632
Pseudodiploria201092,0.112641704592565
Pseudodiploria201093,0.00305857581340404
Pseudodiploria201096,-0.075007522303534
Pseudodiploria201099,1.31506868865199
Pseudodiploria201100,-0.0113242561758816
Pseudodiploria201101,-0.0823334438480355
Pseudodiploria201102,0.0543359526864829
Pseudodiploria201103,0.180960064525393
Pseudodiploria201104,-0.0142288210346364
Pseudodiploria201105,-0.0309835033499481
Pseudodiploria201107,-0.0732425359818542
Pseudodiploria201108,0.170961340652293
Pseudodiploria201109,-0.0127326110625214
Pseudodiploria201110,-0.227584038918783
Pseudodiploria201111,0.124975570128776
Pseudodiploria201113,-0.00708040686669002
Pseudodiploria201114,0.0586814332799396
Pseudodiploria201115,-0.158139510195555
Pseudodiploria201116,0.0416565018479693
Pseudodiploria201117,-0.592559190183316
Pseudodiploria201118,0.206452680881308
Pseudodiploria201119,-0.0308126238931732
Pseudodiploria201120,0.00528865271431855
Pseudodiploria201121,0.00752070592628983
Pseudodiploria201122,0.0763211069229897
Pseudodiploria201123,0.0704857852367197
Pseudodiploria201124,0.0578021169835631
Pseudodiploria201125,0.520646283831049
Pseudodiploria201126,-0.0535731862703895
Pseudodiploria201127,0.00796986052158953
Pseudodiploria201128,0.0571709053794902
Pseudodiploria201129,-0.018945603640231
Pseudodiploria201131,0.176651864215796
Pseudodiploria201132,0.115311735532415
Pseudodiploria201134,0.0626028425803527
Pseudodiploria201135,-0.000906905741636383
Pseudodiploria201136,0.464878036020616
Pseudodiploria201137,-0.0360283858511448
Pseudodiploria201138,0.0548765992265669
Pseudodiploria201140,0.0330837659048868
Pseudodiploria201141,0.230521369107019
Pseudodiploria201142,-0.0441556256117559
Pseudodiploria201143,0.0330837659048868
Pseudodiploria201144,0.0906490328864959
Pseudodiploria201145,-0.0147574242529767
Pseudodiploria201147,0.144152718959169
Pseudodiploria201148,-0.59604856976398
Pseudodiploria201149,-0.00752070592628983
Pseudodiploria201150,-0.0443455763697771
Pseudodiploria201151,-0.149830071881728
Pseudodiploria201152,0.165728085784186
Pseudodiploria201156,0.103606455754447
Pseudodiploria201157,-0.468184177638085
Pseudodiploria201158,0.0378418692708781
Pseudodiploria201159,0.409628973196885
Pseudodiploria201160,-0.0770009708272869
Pseudodiploria201161,0.172531349219859
Pseudodiploria201162,0.0107258645202738
Pseudodiploria201163,0.480514580618527
Pseudodiploria201165,-0.0155008848908606
Pseudodiploria201166,-0.0443979552178925
Pseudodiploria201168,0.0655023352168864
Pseudodiploria201169,0.127843033394566
Pseudodiploria201171,-0.0388524889531566
Pseudodiploria201172,0.0520373403286872
Pseudodiploria201173,0.116549529126389
Pseudodiploria201174,0.281706967850093
Pseudodiploria201175,0.116551527426381
Pseudodiploria201176,0.00591098215963683
Pseudodiploria201178,-0.194471589864658
Pseudodiploria201180,-0.197009148565958
Pseudodiploria201181,-0.0267076200181193
Pseudodiploria201182,0.441830556022771
Pseudodiploria201183,0.0515635016460096
Pseudodiploria201184,0.355945572228242
Pseudodiploria201186,0.115453009572258
Pseudodiploria201187,0.212447961427275
Pseudodiploria201188,-0.182375333158728
Pseudodiploria201190,0.121144270443071
Pseudodiploria201191,-0.0603004910554191
Pseudodiploria201192,0.134007090402419
Pseudodiploria201193,0.0299518510710296
Pseudodiploria201194,-0.042983299459232
Pseudodiploria201195,0.00602262609631687
Pseudodiploria201197,-0.0986962767166591
Pseudodiploria201198,0.247837143439911
Pseudodiploria201199,-0.0206123499764872
Pseudodiploria201200,-0.018771711287965
Pseudodiploria201202,0.0569740844958047
Pseudodiploria201203,-0.203184855282897
Pseudodiploria201204,0.0430214295963003
Pseudodiploria201205,-0.00752070592628983
Pseudodiploria201206,0.00212747895569464
Pseudodiploria201207,-0.00752070592628983
Pseudodiploria201208,0.00752070592628983
Pseudodiploria201210,-0.00752070592628983
Pseudodiploria201212,-0.153390219681532
Pseudodiploria201214,0.00887057842557879
Pseudodiploria201216,-0.188955762139029
Pseudodiploria201218,0.00887057842557879
Pseudodiploria201219,0.00798203736345584
Pseudodiploria201220,-0.0699458212289081
Pseudodiploria201221,0.00212747895569464
Pseudodiploria201225,0.00782575024261055
Pseudodiploria201226,0.00708040686669002
Pseudodiploria201229,-0.0554949745242309
Pseudodiploria201230,-0.167004100910315
Pseudodiploria201231,-0.00305857581340404
Pseudodiploria201232,0.762653333225985
Pseudodiploria201233,0.00787907273911162
Pseudodiploria201234,-0.00455759716782039
Pseudodiploria201235,-0.00667413702969058
Pseudodiploria201236,-0.0938646388375708
Pseudodiploria201237,0.205969981717763
Pseudodiploria201238,-0.00602262609631687
Pseudodiploria201240,-0.0586814332799396
Pseudodiploria201241,0.00873845348865559
Pseudodiploria201242,0.00601783339266792
Pseudodiploria201243,0.230521369107019
Pseudodiploria201244,0.115829219387599
Pseudodiploria201245,-0.0244351718134054
Pseudodiploria201249,0.0141808549677407
Pseudodiploria201250,0.0155008848908606
Pseudodiploria201252,-0.10901492881863
Pseudodiploria201254,-0.0018205355419667
Pseudodiploria201255,0.029216184800213
Pseudodiploria201256,-0.181575235931979
Pseudodiploria201257,0.0325155896716752
Pseudodiploria201258,0.25519532211631
Pseudodiploria201260,-0.101527677771297
Pseudodiploria201261,0.00492962319940056
Pseudodiploria201262,-0.069795823158703
Pseudodiploria201263,0.0314201550253276
Pseudodiploria201264,-0.173709184482145
Pseudodiploria201265,0.0238948543604888
Pseudodiploria201269,0.621669480919163
Pseudodiploria201272,-0.0229171369692217
Pseudodiploria201273,0.0699589824709768
Pseudodiploria201274,0.582163627667009
Pseudodiploria201276,0.0242684827958791
Pseudodiploria201277,0.17095746248947
Pseudodiploria201278,0.0456985762646337
Pseudodiploria201279,0.0064515674485804
Pseudodiploria201282,0.0388524889531566
Pseudodiploria201283,-0.0464072743266316
Pseudodiploria201284,0.0383108389965296
Pseudodiploria201287,-0.0388524889531566
Pseudodiploria201289,0.0648034261708774
Pseudodiploria201291,0.140852463364826
Pseudodiploria201295,-0.052286015960803
Pseudodiploria201296,-0.042371238439122
Pseudodiploria201297,0.0380132351961059
Pseudodiploria201298,0.0363869484973127
Pseudodiploria201299,-0.0139329875526888
Pseudodiploria201300,0.0172801063780799
Pseudodiploria201301,0.133331424083498
Pseudodiploria201302,-0.00999133167041006
Pseudodiploria201303,0.353670876030874
Pseudodiploria201304,0.193358688867107
Pseudodiploria201305,-0.00286338823494678
Pseudodiploria201306,-0.175306217165756
Pseudodiploria201308,0.105255273333736
Pseudodiploria201310,-0.0736453457515035
Pseudodiploria201311,0.110894506824272
Pseudodiploria201313,0.111762404697835
Pseudodiploria201314,0.284808341672251
Pseudodiploria201316,0.0515140866605981
Pseudodiploria201317,-0.0772182447554729
Pseudodiploria201318,-0.00787907273911162
Pseudodiploria201319,-0.0802341089108589
Pseudodiploria201320,0.182375333158728
Pseudodiploria201321,0.0422462499033459
Pseudodiploria201324,-0.00216129554340642
Pseudodiploria201326,-0.0675138825620375
Pseudodiploria201328,-0.0181813426435269
Pseudodiploria201329,0.0421629013017913
Pseudodiploria201330,0.0072044161971498
Pseudodiploria201334,-0.0932239612971331
Pseudodiploria201339,0.131053443301528
Pseudodiploria201341,-0.215838079272981
Pseudodiploria201342,0.174464313972048
Pseudodiploria201343,-0.276795664448246
Pseudodiploria201344,0.375649800102958
Pseudodiploria201347,0.0128065421028733
Pseudodiploria201348,0.216827179399129
Pseudodiploria201349,0.0387217029694685
Pseudodiploria201351,0.0360410597649232
Pseudodiploria201352,0.329987831752328
Pseudodiploria201355,-0.024688394966228
Pseudodiploria201357,-0.0626028425803527
Pseudodiploria201360,-0.213094286810091
Pseudodiploria201362,0.0629233139443061
Pseudodiploria201363,0.0363869484973127
Pseudodiploria201364,0.173298203746362
Pseudodiploria201365,0.0425346315888349
Pseudodiploria201366,0.0416956868145454
Pseudodiploria201367,0.173727586527039
Pseudodiploria201368,-0.138999485559589
Pseudodiploria201369,0.553822809342081
Pseudodiploria201370,0.0329876847562911
Pseudodiploria201371,0.0665236267356213
Pseudodiploria201373,-0.0515140866605981
Pseudodiploria201374,-0.068735945882869
Pseudodiploria201375,0.0919421121171571
Pseudodiploria201377,-0.0360410597649232
Pseudodiploria201379,-0.00150084064563322
Pseudodiploria201380,0.0907358927552803
Pseudodiploria201381,0.138025951708272
Pseudodiploria201382,0.109187623762831
Pseudodiploria201383,-0.389959519710572
Pseudodiploria201384,-0.182375333158728
Pseudodiploria201386,0.0228810321846523
Pseudodiploria201387,-0.142473258683416
Pseudodiploria201388,-0.51269257671462
Pseudodiploria201390,0.0149063226058844
Pseudodiploria201395,0.206417056711054
Pseudodiploria201399,-0.0484011761577907
Pseudodiploria201400,0.508028941094072
Pseudodiploria201403,-0.00450919350415806
Pseudodiploria201406,-0.0354338266581381
Pseudodiploria201407,-0.230521369107019
Pseudodiploria201409,-0.173488580936662
Pseudodiploria201410,0.277094853208312
Pseudodiploria201411,-0.00752070592628983
Pseudodiploria201412,-0.00259909752696102
Pseudodiploria201413,0.0196506756382033
Pseudodiploria201414,0.00757843014938539
Pseudodiploria201417,0.113871094327848
Pseudodiploria201418,0.00752070592628983
Pseudodiploria201419,0.0894573739645299
Pseudodiploria201420,-0.0345451994674642
Pseudodiploria201421,-0.0470900392121482
Pseudodiploria201422,-0.0484011761577907
Pseudodiploria201423,-0.515632928998692
Pseudodiploria201424,0.0665144609924719
Pseudodiploria201425,0.00498564095780433
Pseudodiploria201427,-0.0503846406604819
Pseudodiploria201429,0.112584701248439
Pseudodiploria201432,-0.12679622167885
Pseudodiploria201433,0.00212747895569464
Pseudodiploria201434,0.0826904216282726
Pseudodiploria201435,0.194181056883482
Pseudodiploria201436,0.512280813423738
Pseudodiploria201437,-1.16700627546845
Pseudodiploria201440,0.028704404766416
Pseudodiploria201441,0.784506426715722
Pseudodiploria201442,-0.0360410597649232
Pseudodiploria201443,-0.0160805984555542
Pseudodiploria201444,-0.0109466942752514
Pseudodiploria201448,-0.00528865271431855
Pseudodiploria201449,0.200134702478709
Pseudodiploria201450,-0.0623077805325267
Pseudodiploria201451,0.293218333066338
Pseudodiploria201453,0.0560282895867712
Pseudodiploria201454,0.339019115415748
Pseudodiploria201455,0.0113664418243331
Pseudodiploria201456,0.145053726596184
Pseudodiploria201457,0.000318062360751812
Pseudodiploria201458,-0.0416565018479693
Pseudodiploria201459,-0.517290252212343
Pseudodiploria201462,-0.0406792655363461
Pseudodiploria201463,0.00798203736345584
Pseudodiploria201464,-0.278292335355348
Pseudodiploria201466,0.0236524432716372
Pseudodiploria201470,-0.0250746417347167
Pseudodiploria201472,-0.00609125227080745
Pseudodiploria201473,-0.00126855768772008
Pseudodiploria201474,0.169380954191738
Pseudodiploria201475,-0.00798203736345584
Pseudodiploria201477,0.0251560844383766
Pseudodiploria201479,0.00782575024261055
Pseudodiploria201480,-0.115453009572258
Pseudodiploria201481,0.0890166192200796
Pseudodiploria201483,0.140544546701522
Pseudodiploria201484,0.0227602827287437
Pseudodiploria201485,0.0446813043164809
Pseudodiploria201487,-0.0308324102543508
Pseudodiploria201488,0.175223201486934
Pseudodiploria201491,-0.0166641142059894
Pseudodiploria201492,-0.00490403873729576
Pseudodiploria201494,0.0768841339447104
Pseudodiploria201495,0.0990223665065094
Pseudodiploria201500,0.0832554133773494
Pseudodiploria201501,0.159827893526555
Pseudodiploria201502,0.0378323452122705
Pseudodiploria201503,-0.0232038926102595
Pseudodiploria201504,0.621669480919163
Pseudodiploria201505,0.0466615863061294
Pseudodiploria201506,-0.0234442206192344
Pseudodiploria201507,-0.0172801063780799
Pseudodiploria201508,-0.105487249359108
Pseudodiploria201509,0.220363818153541
Pseudodiploria201513,-0.36356646026996
Pseudodiploria201514,0.00672938386041195
Pseudodiploria201515,-0.206417056711054
Pseudodiploria201516,0.103801737702381
Pseudodiploria201517,0.0803106741710958
Pseudodiploria201520,0.227062985752272
Pseudodiploria201521,-0.02096402750002
Pseudodiploria201522,0.0233285931839279
Pseudodiploria201523,-0.0898842258653315
Pseudodiploria201524,-0.106229844335489
Pseudodiploria201525,-0.0232038926102595
Pseudodiploria201526,0.119667970909608
Pseudodiploria201527,-0.0236524432716372
Pseudodiploria201529,-0.068494176800603
Pseudodiploria201530,0.530586260203535
Pseudodiploria201532,1.0772908481853
Pseudodiploria201533,-0.360711022933151
Pseudodiploria201534,0.0267076200181193
Pseudodiploria201536,-0.0388524889531566
Pseudodiploria201539,-0.00985575228013465
Pseudodiploria201540,0.0543359526864829
Pseudodiploria201542,0.258476143993594
Pseudodiploria201543,-0.426452130486694
Pseudodiploria201544,-0.0265334997248099
Pseudodiploria201545,-0.0775353033803793
Pseudodiploria201547,-0.0216496880452836
Pseudodiploria201548,0.0388524889531566
Pseudodiploria201549,0.0932239612971331
Pseudodiploria201551,-0.0418623527504418
Pseudodiploria201552,0.386442562465707
Pseudodiploria201553,-0.00887057842557879
Pseudodiploria201554,0.0128065421028733
Pseudodiploria201555,0.268862491992733
Pseudodiploria201556,0.292980811033979
Pseudodiploria201558,0.119957327762775
Pseudodiploria201559,0.00147262478851384
Pseudodiploria201560,0.477114198889799
Pseudodiploria201562,-0.165464751147174
Pseudodiploria201563,0.0135711312840329
Pseudodiploria201564,-0.0362729670446441
Pseudodiploria201565,0.156219997545398
Pseudodiploria201566,-0.257761192623984
Pseudodiploria201567,0.212447961427275
Pseudodiploria201569,0.378185042778958
Pseudodiploria201570,-0.0813597975032887
Pseudodiploria201571,-0.0112179051449366
Pseudodiploria201575,-0.225826874489859
Pseudodiploria201576,-0.105487249359108
Pseudodiploria201578,-0.0378323452122705
Pseudodiploria201580,-0.176651864215796
Pseudodiploria201581,-0.0182856789424413
Pseudodiploria201582,-0.0217048141592268
Pseudodiploria201583,0.0559951846512741
Pseudodiploria201585,0.0280556444994421
Pseudodiploria201586,0.0216263501939578
Pseudodiploria201587,0.0206216987422484
Pseudodiploria201588,0.0213116023540458
Pseudodiploria201589,-0.084903130776756
Pseudodiploria201590,-0.0843353423824519
Pseudodiploria201591,-0.0491353327930848
Pseudodiploria201592,-0.234173199806499
Pseudodiploria201593,-0.00401815682185019
Pseudodiploria201594,0.332936007357343
Pseudodiploria201596,0.12679622167885
Pseudodiploria201598,0.00867980296142241
Pseudodiploria201599,0.292808238057622
Pseudodiploria201601,-0.0242684827958791
Pseudodiploria201602,-0.0491381021219739
Pseudodiploria201603,0.029216184800213
Pseudodiploria201605,0.218561974182051
Pseudodiploria201607,0.210068673060031
Pseudodiploria201609,0.0969713025106559
Pseudodiploria201612,-0.00251296865381634
Pseudodiploria201613,-0.0360525825070106
Pseudodiploria201614,0.0380132351961059
Pseudodiploria201616,-0.251337140506746
Pseudodiploria201617,0.107691703350344
Pseudodiploria201619,-0.0064515674485804
Pseudodiploria201621,-0.152245001888393
Pseudodiploria201623,-0.345950794431334
Pseudodiploria201624,0.0803106741710958
Pseudodiploria201625,-0.0351516157598553
Pseudodiploria201626,0.0332769164331739
Pseudodiploria201627,0.289094575993466
Pseudodiploria201628,0.00752070592628983
Pseudodiploria201629,0.0474190908279118
Pseudodiploria201630,0.36356646026996
Pseudodiploria201631,0.134007090402419
Pseudodiploria201632,0.00234645157803602
Pseudodiploria201635,-0.182942550393996
Pseudodiploria201636,-0.0457992245945119
Pseudodiploria201639,-0.175870120359592
Pseudodiploria201640,0.05015437695734
Pseudodiploria201641,0.106229844335489
Pseudodiploria201642,-0.0378323452122705
Pseudodiploria201643,0.0771688868557256
Pseudodiploria201644,-0.0104755202075465
Pseudodiploria201648,-0.00477445761108159
Pseudodiploria201649,-0.215838079272981
Pseudodiploria201650,0.00805523398647146
Pseudodiploria201652,0.0253417816387129
Pseudodiploria201654,-0.0383108389965296
Pseudodiploria201655,0.00448954283607219
Pseudodiploria201658,0.28358581597889
Pseudodiploria201659,0.136636059394983
Pseudodiploria20166,0.102278389028816
Pseudodiploria201660,0.0267076200181193
Pseudodiploria201662,-0.05015437695734
Pseudodiploria201663,0.697020738164318
Pseudodiploria201664,0.0507157735592583
Pseudodiploria201665,0.698034909853281
Pseudodiploria201666,-0.0439925827993645
Pseudodiploria201667,-0.680593754878843
Pseudodiploria201668,0.220910200471068
Pseudodiploria201670,-0.179189143757601
Pseudodiploria201673,-0.0378323452122705
Pseudodiploria201674,0.0323501262088462
Pseudodiploria201675,0.0383108389965296
Pseudodiploria201676,0.0378323452122705
Pseudodiploria201677,0.156968152761801
Pseudodiploria201678,-0.168288103256413
Pseudodiploria201679,-0.200942292970001
Pseudodiploria201680,-0.174566733655717
Pseudodiploria201681,-0.00280164857429363
Pseudodiploria201682,0.0180719156020383
Pseudodiploria201684,0.0538800316153713
Pseudodiploria201685,-0.00401815682185019
Pseudodiploria201686,0.0756377884358011
Pseudodiploria201688,-0.0338178516225998
Pseudodiploria201690,0.0312062104283178
Pseudodiploria201691,-0.0175168391425188
Pseudodiploria201692,-0.0360410597649232
Pseudodiploria201693,-0.0438731584657658
Pseudodiploria201694,-0.00757377908428382
Pseudodiploria201695,0.0132081293824519
Pseudodiploria201696,-0.0659877567074604
Pseudodiploria201698,0.214635109427044
Pseudodiploria201699,0.176630645367563
Pseudodiploria201700,0.00327265119061136
Pseudodiploria201701,-0.361288556068208
Pseudodiploria201703,0.0365596605090636
Pseudodiploria201705,0.00454533777968949
Pseudodiploria201706,-0.28358581597889
Pseudodiploria201707,0.176651864215796
Pseudodiploria201708,0.00752070592628983
Pseudodiploria201709,-0.116322888611946
Pseudodiploria201710,0.366721453993648
Pseudodiploria201711,-0.119667970909608
Pseudodiploria201712,0.18997971056176
Pseudodiploria201713,-0.328174968715593
Pseudodiploria201714,-0.206452680881308
Pseudodiploria201715,0.54348576009695
Pseudodiploria201716,0.10901492881863
Pseudodiploria201718,-0.0368065958206964
Pseudodiploria201719,0.00163802745848834
Pseudodiploria201722,-0.28358581597889
Pseudodiploria201723,-0.290357765936049
Pseudodiploria201724,-0.0607406253705033
Pseudodiploria201725,-0.0470900392121482
Pseudodiploria201726,0.152245001888393
Pseudodiploria201727,-0.054786695813094
Pseudodiploria201728,0.0674949122764055
Pseudodiploria201729,-0.0939085417173678
Pseudodiploria201730,0.310298766590114
Pseudodiploria201731,0.235583277894481
Pseudodiploria201732,-0.0887148598888314
Pseudodiploria201735,-0.170964556223876
Pseudodiploria201736,0.0152903917866385
Pseudodiploria201737,0.141512079116343
Pseudodiploria201739,0.0765741553685619
Pseudodiploria201740,0.0406792655363461
Pseudodiploria201742,0.022961342763641
Pseudodiploria201745,0.118464944051663
Pseudodiploria201746,-0.0957396508883558
Pseudodiploria201747,0.386442562465707
Pseudodiploria201748,0.0843353423824519
Pseudodiploria201749,-0.0937538652154178
Pseudodiploria201750,0.0119433755140726
Pseudodiploria201751,0.17379141268057
Pseudodiploria201752,-0.461203660492472
Pseudodiploria201753,-0.114458589980715
Pseudodiploria201754,0.0936794438119995
Pseudodiploria201755,-0.00254218904717678
Pseudodiploria201757,-0.0354128839512753
Pseudodiploria201758,-0.0952797022530706
Pseudodiploria201759,-0.0474190908279118
Pseudodiploria201760,-0.176651864215796
Pseudodiploria201763,-0.0427422571584745
Pseudodiploria201764,-0.0196296786496935
Pseudodiploria201766,-0.369234314835038
Pseudodiploria201768,0.0309835033499481
Pseudodiploria201770,0.274085407785
Pseudodiploria201771,0.0736453457515035
Pseudodiploria201772,0.0907358927552803
Pseudodiploria201773,0.029216184800213
Pseudodiploria201775,0.382497691784273
Pseudodiploria201776,0.687075301927056
Pseudodiploria201780,-0.0824729825666632
Pseudodiploria201782,-0.201017493653393
Pseudodiploria201783,-0.0064515674485804
Pseudodiploria201784,0.200576950116416
Pseudodiploria201786,0.324037079532565
Pseudodiploria201789,-0.0595107276228227
Pseudodiploria201790,0.451110494755233
Pseudodiploria201791,-0.0199399861125843
Pseudodiploria201793,0.161119893505561
Pseudodiploria201794,0.00752070592628983
Pseudodiploria201795,0.0474190908279118
Pseudodiploria201796,-0.0843353423824519
Pseudodiploria201799,0.046336705092564
Pseudodiploria201802,-0.199661998918551
Pseudodiploria201805,0.0285081471867819
Pseudodiploria201806,-0.190256388737898
Pseudodiploria201807,-0.475702595447728
Pseudodiploria201808,0.601108055905012
Pseudodiploria201809,0.173298203746362
Pseudodiploria201810,0.361250975950059
Pseudodiploria201811,-0.0501401255965748
Pseudodiploria201812,0.199255493565111
Pseudodiploria201813,-0.224547408107713
Pseudodiploria201814,-0.0310104581436507
Pseudodiploria201815,0.187725654257864
Pseudodiploria201816,0.293218333066338
Pseudodiploria201817,0.0249027998155114
Pseudodiploria201818,-0.135647102210625
Pseudodiploria201820,-0.156219997545398
Pseudodiploria201821,-0.177797685553904
Pseudodiploria201822,-1.26029470320969
Pseudodiploria201823,0.00490403873729576
Pseudodiploria201825,-0.00752070592628983
Pseudodiploria201826,-0.167004100910315
Pseudodiploria201829,-0.612121214540798
Pseudodiploria201830,0.014771991148648
Pseudodiploria201831,0.212447961427275
Pseudodiploria201832,0.449572475177973
Pseudodiploria201835,-0.0552218449000678
Pseudodiploria201837,0.0938646388375708
Pseudodiploria201838,0.166595001313353
Pseudodiploria201839,0.0396375526596921
Pseudodiploria201840,-0.118203059258092
Pseudodiploria201841,0.0723236648257513
Pseudodiploria201842,0.0918689153572493
Pseudodiploria201843,0.103501418928206
Pseudodiploria201846,-0.00488792942542983
Pseudodiploria201848,0.149882172213734
Pseudodiploria201849,0.0425346315888349
Pseudodiploria201851,-0.202827344509276
Pseudodiploria201853,0.0676975938647855
Pseudodiploria201854,-0.0824729825666632
Pseudodiploria201858,-1.96390730350156
Pseudodiploria201859,-0.0335383957797148
Pseudodiploria201860,-0.0393464129388693
Pseudodiploria201861,-0.0536675087390578
Pseudodiploria201862,-0.0887148598888314
Pseudodiploria201864,0.0646679538327472
Pseudodiploria201865,0.0152136949901382
Pseudodiploria201867,-0.0359980008461447
Pseudodiploria201868,-0.018945603640231
Pseudodiploria201871,0.463208351231226
Pseudodiploria201872,-0.00528865271431855
Pseudodiploria201873,-0.0153856901009239
Pseudodiploria201875,-0.0406792655363461
Pseudodiploria201876,0.326075742117936
Pseudodiploria201878,-0.0946390349415959
Pseudodiploria201879,-0.05015437695734
Pseudodiploria201880,0.0388524889531566
Pseudodiploria201882,-0.0828766701422673
Pseudodiploria201886,-0.114742670184194
Pseudodiploria201888,0.178606519993797
Pseudodiploria201889,-0.118293720189675
Pseudodiploria201890,0.0308813136016968
Pseudodiploria201891,0.313515870399348
Pseudodiploria201892,-0.0109143695620943
Pseudodiploria201893,-0.196881539285363
Pseudodiploria201894,0.00150084064563322
Pseudodiploria201895,0.0267076200181193
Pseudodiploria201896,0.0127326110625214
Pseudodiploria201898,-0.0132735204505145
Pseudodiploria201900,-0.0599154076776022
Pseudodiploria201901,0.0857383241513508
Pseudodiploria201906,-0.0835144789112222
Pseudodiploria201908,-0.377198719189692
Pseudodiploria201909,-0.0466615863061294
Pseudodiploria201912,0.0818235311802466
Pseudodiploria201913,-0.0750682162741298
Pseudodiploria201915,0.010615962086317
Pseudodiploria201916,0.0170805435282476
Pseudodiploria201917,0.225112246829203
Pseudodiploria201918,-0.145606640917513
Pseudodiploria201919,0.277524775911429
Pseudodiploria201920,0.0979975545650836
Pseudodiploria201922,-0.0042622578355091
Pseudodiploria201923,-0.0388524889531566
Pseudodiploria201924,-0.00763875021478543
Pseudodiploria201926,0.0279565698789796
Pseudodiploria201927,0.0400052778979085
Pseudodiploria201928,-0.0132892528508793
Pseudodiploria201929,-0.0363869484973127
Pseudodiploria201930,0.0018205355419667
Pseudodiploria201933,0.592097470194656
Pseudodiploria201934,-0.629643599660837
Pseudodiploria201936,-0.0674471106881622
Pseudodiploria201939,-0.0274227065335416
Pseudodiploria201942,0.0498596767144571
Pseudodiploria201943,0.021857615403256
Pseudodiploria201944,0.176634176123096
Pseudodiploria201945,0.247474638448771
Pseudodiploria201946,-0.0302463715928768
Pseudodiploria201948,0.328376148782194
Pseudodiploria201950,-0.0267076200181193
Pseudodiploria201951,-0.0586814332799396
Pseudodiploria201953,-0.0826904216282726
Pseudodiploria201955,-0.293161888638773
Pseudodiploria201956,0.0216496880452836
Pseudodiploria201957,0.0447993645005746
Pseudodiploria201960,0.0064515674485804
Pseudodiploria201961,0.172318010764394
Pseudodiploria201962,0.121975744014505
Pseudodiploria201964,-0.0936794438119995
Pseudodiploria201966,0.035961102075781
Pseudodiploria201967,0.465258651915898
Pseudodiploria201968,-0.166738179044999
Pseudodiploria201969,0.165728085784186
Pseudodiploria201970,-0.0484011761577907
Pseudodiploria201971,-0.0378323452122705
Pseudodiploria201972,0.0388801008064594
Pseudodiploria201973,0.0967904632115793
Pseudodiploria201974,0.0251809822549863
Pseudodiploria201975,-0.169508966302282
Pseudodiploria201976,-0.0603004910554191
Pseudodiploria201977,0.0249027998155114
Pseudodiploria201979,0.293161888638773
Pseudodiploria201980,-0.299806559197827
Pseudodiploria201981,0.039502677533701
Pseudodiploria201982,-0.0749543679248248
Pseudodiploria201983,0.0932239612971331
Pseudodiploria201984,0.395386362052461
Pseudodiploria201986,-0.0908812335766666
Pseudodiploria201987,0.468378297248796
Pseudodiploria201988,-0.360711022933151
Pseudodiploria201989,-0.0707394449511991
Pseudodiploria201992,0.141928781920222
Pseudodiploria201993,-0.00591098215963683
Pseudodiploria201995,-0.427009412996614
Pseudodiploria201996,0.00760419114014307
Pseudodiploria201997,-0.0330837659048868
Pseudodiploria201998,0.0355118353911269
Pseudodiploria201999,0.353670876030874
Pseudodiploria202000,-0.140407231145098
Pseudodiploria202001,-0.115453009572258
Pseudodiploria202003,-0.0109889624994676
Pseudodiploria202005,-0.00504543176228622
Pseudodiploria202006,0.0515635016460096
Pseudodiploria202008,-0.0803106741710958
Pseudodiploria202010,0.425005393684687
Pseudodiploria202012,-0.313515870399348
Pseudodiploria202013,-0.000906905741636383
Pseudodiploria202014,0.179018087570294
Pseudodiploria202021,0.188700481516
Pseudodiploria202022,-0.0170805435282476
Pseudodiploria202024,-0.0540347088651208
Pseudodiploria202025,-0.0926023590634774
Pseudodiploria202029,0.167022272260546
Pseudodiploria202030,-0.018945603640231
Pseudodiploria202031,0.0200981216376129
Pseudodiploria202033,0.0515140866605981
Pseudodiploria202034,0.00672938386041195
Pseudodiploria202037,-0.116927150586078
Pseudodiploria202039,0.154355074567635
Pseudodiploria202040,-0.118819772581135
Pseudodiploria202041,-0.0144465125138306
Pseudodiploria202045,-0.0265334997248099
Pseudodiploria202047,-0.323402558581864
Pseudodiploria202051,0.139829657833203
Pseudodiploria202052,-0.00305857581340404
Pseudodiploria202053,0.0393688701411294
Pseudodiploria202054,-0.258476143993594
Pseudodiploria202056,0.0578842663062
Pseudodiploria202057,0.202799801633538
Pseudodiploria202059,0.0155008848908606
Pseudodiploria202060,-0.0113664418243331
Pseudodiploria202061,0.119614583529747
Pseudodiploria202062,-0.00752070592628983
Pseudodiploria202063,0.0404374951137951
Pseudodiploria202064,0.00166938260831778
Pseudodiploria202065,-0.0109143695620943
Pseudodiploria202068,-0.0826904216282726
Pseudodiploria202069,0.261661769250597
Pseudodiploria202070,-0.362918535564814
Pseudodiploria202072,0.174566733655717
Pseudodiploria202073,-0.0624978577576575
Pseudodiploria202074,-0.238952614961614
Pseudodiploria202075,-0.00259145699611951
Pseudodiploria202077,0.252809606289538
Pseudodiploria202078,0.000906905741636383
Pseudodiploria202080,-0.157406818138819
Pseudodiploria202083,-0.0453166538593719
Pseudodiploria202084,0.00999133167041006
Pseudodiploria202085,0.393479873960536
Pseudodiploria202086,-0.0543359526864829
Pseudodiploria202087,0.00887057842557879
Pseudodiploria202088,-0.056382850593568
Pseudodiploria202091,0.180136467476209
Pseudodiploria202092,-0.453523644625186
Pseudodiploria202093,0.0866921545792062
Pseudodiploria202095,-0.285502196327008
Pseudodiploria202098,0.0737895521471567
Pseudodiploria202099,0.193358688867107
Pseudodiploria202100,-0.00654520237653428
Pseudodiploria202101,-0.292325587827797
Pseudodiploria202105,-0.223914633420628
Pseudodiploria202106,0.054786695813094
Pseudodiploria202107,-0.654153118819102
Pseudodiploria202108,0.00199210458997077
Pseudodiploria202109,0.203184855282897
Pseudodiploria202111,0.01739941672376
Pseudodiploria202113,-0.00985575228013465
Pseudodiploria202115,-0.0900040722757303
Pseudodiploria202116,-0.25811650926654
Pseudodiploria202117,0.261704256810273
Pseudodiploria202118,-0.197009148565958
Pseudodiploria202120,0.00220662646542392
Pseudodiploria202121,0.0459963769988345
Pseudodiploria202124,-0.108768461299844
Pseudodiploria202125,0.0724492563672162
Pseudodiploria202126,0.0669480077541218
Pseudodiploria202127,-0.0061207587302518
Pseudodiploria202128,-0.0416565018479693
Pseudodiploria202129,-0.13165682895331
Pseudodiploria202130,0.177797685553904
Pseudodiploria202133,-1.17235224081451
Pseudodiploria202135,-0.0398790822661408
Pseudodiploria202137,0.123593619584765
Pseudodiploria202138,0.108843304853644
Pseudodiploria202139,0.173318452578436
Pseudodiploria202140,-0.0166641142059894
Pseudodiploria202142,0.0667723894297976
Pseudodiploria202143,0.1579316022078
Pseudodiploria202144,-0.0313901299067398
Pseudodiploria202146,0.0776149599000192
Pseudodiploria202147,0.10901492881863
Pseudodiploria202148,0.0939085417173678
Pseudodiploria202149,-0.357850013174943
Pseudodiploria202150,0.102455820135679
Pseudodiploria202151,0.0488738456325959
Pseudodiploria202152,-0.0440307390409587
Pseudodiploria202153,0.197009148565958
Pseudodiploria202154,-0.121779156776975
Pseudodiploria202155,0.010615962086317
Pseudodiploria202156,-0.139731547020529
Pseudodiploria202159,-0.00798203736345584
Pseudodiploria202160,-0.449842739967273
Pseudodiploria202161,0.00115458063990725
Pseudodiploria202162,-0.252773270606782
Pseudodiploria202163,0.352816722670299
Pseudodiploria202164,0.360150673193909
Pseudodiploria202166,-0.172021189304938
Pseudodiploria202168,-0.907827853064938
Pseudodiploria202169,-0.000885316585981713
Pseudodiploria202171,0.0430214295963003
Pseudodiploria202173,-0.118464944051663
Pseudodiploria202176,0.0484011761577907
Pseudodiploria202177,-0.141196123315813
Pseudodiploria202178,-0.130442570415461
Pseudodiploria202180,0.00887057842557879
Pseudodiploria202182,0.105332720459352
Pseudodiploria202183,0.0153856901009239
Pseudodiploria202185,0.813156439335197
Pseudodiploria202186,0.385449565237555
Pseudodiploria202187,0.180136467476209
Pseudodiploria202188,-0.0196296786496935
Pseudodiploria202189,0.219456391397296
Pseudodiploria202190,-0.0100527836102448
Pseudodiploria202191,0.182375333158728
Pseudodiploria202192,0.0331533515983598
Pseudodiploria202193,0.13542578668654
Pseudodiploria202194,0.00464602739414049
Pseudodiploria202195,1.4477114688472
Pseudodiploria202196,-0.538963726370533
Pseudodiploria202197,0.276795664448246
Pseudodiploria202198,-0.0644626863890871
Pseudodiploria202200,-0.477057959586373
Pseudodiploria202201,-0.00219639635888949
Pseudodiploria202202,-0.0117489015074294
Pseudodiploria202203,0.094207551851755
Pseudodiploria202204,0.00528865271431855
Pseudodiploria202206,-0.0105254000113502
Pseudodiploria202207,0.0824729825666632
Pseudodiploria202208,-0.0514780506734524
Pseudodiploria202209,-0.00752070592628983
Pseudodiploria202211,0.0721179957318664
Pseudodiploria202212,0.0908893842835136
Pseudodiploria202213,-0.175135246117648
Pseudodiploria202214,-0.353670876030874
Pseudodiploria202215,0.0539984190905284
Pseudodiploria202216,0.00752070592628983
Pseudodiploria202218,-0.0554949745242309
Pseudodiploria202219,0.0569740844958047
Pseudodiploria202220,0.0474190908279118
Pseudodiploria202221,0.0629233139443061
Pseudodiploria202222,0.142009287061362
Pseudodiploria202223,-0.068494176800603
Pseudodiploria202224,0.00603223344394036
Pseudodiploria202225,0.658171707906808
Pseudodiploria202226,-0.0918334631404722
Pseudodiploria202227,0.0939085417173678
Pseudodiploria202228,0.021992487632497
Pseudodiploria202229,-0.0378323452122705
Pseudodiploria202230,-0.0378323452122705
Pseudodiploria202231,-0.0388524889531566
Pseudodiploria202232,0.103566949628369
Pseudodiploria202233,-0.107271972101072
Pseudodiploria202234,-0.0644626863890871
Pseudodiploria202235,0.383179104199012
Pseudodiploria202236,-0.00369741668472315
Pseudodiploria202237,0.196214550481321
Pseudodiploria202238,0.0543359526864829
Pseudodiploria202239,0.0629233139443061
Pseudodiploria202240,-0.247837143439911
Pseudodiploria202241,-0.0245349558156121
Pseudodiploria202242,-0.035961102075781
Pseudodiploria202243,-0.00602262609631687
Pseudodiploria202244,0.352816722670299
Pseudodiploria202245,0.0753449958098662
Pseudodiploria202246,0.0112179051449366
Pseudodiploria202247,0.0428480215488344
Pseudodiploria202248,-0.000801662118957428
Pseudodiploria202249,0.111422637988982
Pseudodiploria202250,-0.401046229217291
Pseudodiploria202252,-0.0934844686756266
Pseudodiploria202253,-0.0932239612971331
Pseudodiploria202255,-0.125355496188218
Pseudodiploria202256,0.0378396525586554
Pseudodiploria202257,-0.0305252162938733
Pseudodiploria202259,0.254358103632166
Pseudodiploria202263,-0.361570725371471
Pseudodiploria202264,-0.192885799698705
Pseudodiploria202266,-0.0760179157114923
Pseudodiploria202268,0.0747360910296186
Pseudodiploria202269,0.0906258383324942
Pseudodiploria202271,0.299806559197827
Pseudodiploria202272,0.00752070592628983
Pseudodiploria202273,0.101527677771297
Pseudodiploria202274,0.606401839854101
Pseudodiploria202277,0.40283867528761
Pseudodiploria202278,0.175135246117648
Pseudodiploria202279,-0.136999297853957
Pseudodiploria202280,0.00960669693998645
Pseudodiploria202281,-0.0274111701378118
Pseudodiploria202282,0.0644970730797319
Pseudodiploria202284,0.12679622167885
Pseudodiploria202285,0.112429975988484
Pseudodiploria202286,-0.00286338823494678
Pseudodiploria202287,0.158402629056949
Pseudodiploria202288,0.0704857852367197
Pseudodiploria202289,0.17095746248947
Pseudodiploria202290,-0.0200981216376129
Pseudodiploria202291,0.15290178934439
Pseudodiploria202292,-0.355945572228242
Pseudodiploria202293,-0.0726328609992216
Pseudodiploria202295,-0.104762100134277
Pseudodiploria202296,-0.179018087570294
Pseudodiploria202298,0.263556824685005
Pseudodiploria202299,-0.129983904906715
Pseudodiploria202300,-0.0638201434800396
Pseudodiploria202302,0.0435538479847681
Pseudodiploria202303,0.261704256810273
Pseudodiploria202304,0.0265334997248099
Pseudodiploria202306,0.0266026455425396
Pseudodiploria202307,0.147256730702221
Pseudodiploria202308,0.233967771180924
Pseudodiploria202309,-0.0981478921732105
Pseudodiploria202310,-0.0072044161971498
Pseudodiploria202311,0.0384658805310145
Pseudodiploria202313,0.199255493565111
Pseudodiploria202314,-0.0870137876690233
Pseudodiploria202315,0.00220662646542392
Pseudodiploria202319,-0.366358907178529
Pseudodiploria202320,0.310298766590114
Pseudodiploria202322,-0.0599154076776022
Pseudodiploria202323,0.0412596329907452
Pseudodiploria202324,0.0750262285730564
Pseudodiploria202326,-0.438984998558012
Pseudodiploria202328,0.00731908876194208
Pseudodiploria202329,0.132060633698869
Pseudodiploria202331,0.135245819444266
Pseudodiploria202332,0.0265334997248099
Pseudodiploria202333,0.133415667087003
Pseudodiploria202334,0.172021189304938
Pseudodiploria202335,-0.00985575228013465
Pseudodiploria202336,0.00760419114014307
Pseudodiploria202338,0.0506831300934327
Pseudodiploria202339,-0.0761578376114728
Pseudodiploria202340,-3.35866669822719
Pseudodiploria202342,0.0104755202075465
Pseudodiploria202343,0.687075301927056
Pseudodiploria202344,0.000801662118957428
Pseudodiploria202345,-0.00633718335556019
Pseudodiploria202346,0.0402503784079464
Pseudodiploria202347,0.0656060792760945
Pseudodiploria202348,-0.182942550393996
Pseudodiploria202349,-0.538386824063258
Pseudodiploria202350,0.171266579276141
Pseudodiploria202351,-0.0807392277543854
Pseudodiploria202354,0.0284310932454733
Pseudodiploria202355,0.12679622167885
Pseudodiploria202359,-0.0406792655363461
Pseudodiploria202360,-0.0366433556659976
Pseudodiploria202361,-0.449842739967273
Pseudodiploria202363,0.0715195228815361
Pseudodiploria202364,0.239037395295322
Pseudodiploria202367,-0.0379593759076267
Pseudodiploria202368,-0.251274121029147
Pseudodiploria202369,-0.0533896186156034
Pseudodiploria202370,-0.0235055354055211
Pseudodiploria202371,-0.0314201550253276
Pseudodiploria202372,-0.197009148565958
Pseudodiploria202373,0.0629712670662687
Pseudodiploria202374,0.105891660129973
Pseudodiploria202375,0.166738179044999
Pseudodiploria202376,-0.0409841857022498
Pseudodiploria202377,0.299806559197827
Pseudodiploria202378,0.0536675087390578
Pseudodiploria202379,0.0351516157598553
Pseudodiploria202380,0.200942292970001
Pseudodiploria202381,-0.488556642473658
Pseudodiploria202382,0.0456385699132763
Pseudodiploria202383,-0.00369741668472315
Pseudodiploria202384,0.101106031683531
Pseudodiploria202385,-0.210702458489006
Pseudodiploria202386,-0.0793648577420875
Pseudodiploria202387,-0.000906905741636383
Pseudodiploria202388,0.0064515674485804
Pseudodiploria202389,-0.312397312678251
Pseudodiploria202390,0.0235055354055211
Pseudodiploria202392,-0.465258651915898
Pseudodiploria202393,0.044970970476164
Pseudodiploria202394,0.976959613878399
Pseudodiploria202395,0.105431396096137
Pseudodiploria202396,-0.0474190908279118
Pseudodiploria202397,-0.129983904906715
Pseudodiploria202399,0.522407004019571
Pseudodiploria202400,-0.0382876066511267
Pseudodiploria202402,-0.107495303027392
Pseudodiploria202403,0.124845726532647
Pseudodiploria202404,-0.0446813043164809
Pseudodiploria202406,-0.778593640315302
Pseudodiploria202407,-0.0378323452122705
Pseudodiploria202408,-0.0190866029545538
Pseudodiploria202411,0.166738179044999
Pseudodiploria202412,0.698034909853281
Pseudodiploria202416,0.0757306837059309
Pseudodiploria202418,-0.0267076200181193
Pseudodiploria202420,-0.0236752001246892
Pseudodiploria202422,0.0416565018479693
Pseudodiploria202423,0.0775353033803793
Pseudodiploria202424,0.158351118294539
Pseudodiploria202425,-0.0747901570253395
Pseudodiploria202426,0.274622280085846
Pseudodiploria202428,-0.0152903917866385
Pseudodiploria202429,0.21605873794931
Pseudodiploria202430,0.0305252162938733
Pseudodiploria202431,0.118464944051663
Pseudodiploria202434,-0.018945603640231
Pseudodiploria202435,-2.28489527712721
Pseudodiploria202437,-0.000960148118652156
Pseudodiploria202439,0.220363818153541
Pseudodiploria202441,0.132060633698869
Pseudodiploria202443,-0.0605372936169837
Pseudodiploria202445,-0.12679622167885
Pseudodiploria202447,0.698034909853281
Pseudodiploria202448,0.0170805435282476
Pseudodiploria202449,0.306614933635214
Pseudodiploria202450,0.0665144609924719
Pseudodiploria202452,0.300545000322291
Pseudodiploria202456,-0.124528576024636
Pseudodiploria202457,0.22155031393928
Pseudodiploria202458,-0.432345959890216
Pseudodiploria202459,-0.37291820396381
Pseudodiploria202460,-0.239920020462924
Pseudodiploria202461,-0.0464345883316627
Pseudodiploria202462,-0.142473258683416
Pseudodiploria202463,-0.170964556223876
Pseudodiploria202464,-0.595945531307589
Pseudodiploria202465,0.300545000322291
Pseudodiploria202466,0.018945603640231
Pseudodiploria202467,0.141466365262756
Pseudodiploria202468,0.299211716226015
Pseudodiploria202470,-0.0128065421028733
Pseudodiploria202471,-0.118879806771617
Pseudodiploria202473,0.114458589980715
Pseudodiploria202474,-0.0609155419451495
Pseudodiploria202475,-0.188866149245849
Pseudodiploria202478,0.00303112152210068
Pseudodiploria202479,0.0675138825620375
Pseudodiploria202480,-0.134007090402419
Pseudodiploria202481,-0.101873103148277
Pseudodiploria202485,-0.169707322969358
Pseudodiploria202486,0.315682482723634
Pseudodiploria202487,0.0211665754106414
Pseudodiploria202488,-0.0524745044947183
Pseudodiploria202489,-0.0132081293824519
Pseudodiploria202491,0.0489645575809616
Pseudodiploria202492,1.11863430554935
Pseudodiploria202495,0.00283322773344166
Pseudodiploria202496,-0.128461106305692
Pseudodiploria202497,0.0426094845789043
Pseudodiploria202498,0.220363818153541
Pseudodiploria202500,0.0976242053488848
Pseudodiploria202502,0.0726812745359336
Pseudodiploria202504,-0.245139100327393
Pseudodiploria202505,0.16900772355619
Pseudodiploria202506,0.441830556022771
Pseudodiploria202507,0.0354338266581381
Pseudodiploria202508,0.0796305238777171
Pseudodiploria202509,0.04654042121942
Pseudodiploria202510,0.546289671202525
Pseudodiploria202512,0.257761192623984
Pseudodiploria202515,0.351734990588488
Pseudodiploria202516,-0.360711022933151
Pseudodiploria202518,0.321323151912633
Pseudodiploria202520,0.592950227733242
Pseudodiploria202521,-0.134232241918278
Pseudodiploria202522,0.0533217526500546
Pseudodiploria202523,0.108768461299844
Pseudodiploria202525,0.0245821636728528
Pseudodiploria202526,-0.0122310568171306
Pseudodiploria202529,-0.0538752787934436
Pseudodiploria202530,0.00752070592628983
Pseudodiploria202531,-0.0939085417173678
Pseudodiploria202533,0.000393351994025862
Pseudodiploria202535,0.0661174933570277
Pseudodiploria202536,0.35909070715733
Pseudodiploria202537,0.488487677112702
Pseudodiploria202538,-0.0216598827017362
Pseudodiploria202539,0.00303112152210068
Pseudodiploria202540,0.217813888674148
Pseudodiploria202541,-0.090499830148783
Pseudodiploria202543,-0.0100527836102448
Pseudodiploria202544,0.195044097651669
Pseudodiploria202545,0.158351118294539
Pseudodiploria202546,0.137493226596158
Pseudodiploria202547,-0.138401186808937
Pseudodiploria202548,-0.378380208853543
Pseudodiploria202549,0.0949886102792779
Pseudodiploria202550,0.0206123499764872
Pseudodiploria202551,0.0496519591419775
Pseudodiploria202552,-0.0366433556659976
Pseudodiploria202554,0.0284622203488683
Pseudodiploria202556,0.0133748999095633
Pseudodiploria202557,0.449572475177973
Pseudodiploria202558,0.236318526263183
Pseudodiploria202559,-0.0209264186595689
Pseudodiploria202560,0.180136467476209
Pseudodiploria202561,0.0190866029545538
Pseudodiploria202562,0.0514780506734524
Pseudodiploria202563,0.00996692749478695
Pseudodiploria202564,0.235518285791068
Pseudodiploria202566,0.203919950593975
Pseudodiploria202567,0.00798203736345584
Pseudodiploria202568,0.223914633420628
Pseudodiploria202569,-0.0232143922337285
Pseudodiploria202570,-0.0366433556659976
Pseudodiploria202571,-0.240142008668997
Pseudodiploria202572,-0.167676854876062
Pseudodiploria202573,-0.50861713859157
Pseudodiploria202574,0.00460445094605495
Pseudodiploria202575,-0.010615962086317
Pseudodiploria202576,0.230521369107019
Pseudodiploria202577,0.206452680881308
Pseudodiploria202578,-0.00858038187885665
Pseudodiploria202579,0.0267076200181193
Pseudodiploria202580,-0.168526428777475
Pseudodiploria202581,-0.379477488573337
Pseudodiploria202582,0.465258651915898
Pseudodiploria202583,-0.114742670184194
Pseudodiploria202584,0.149882172213734
Pseudodiploria202585,-0.0579898427485898
Pseudodiploria202586,0.00752070592628983
Pseudodiploria202588,0.00960669693998645
Pseudodiploria202589,0.252571717116378
Pseudodiploria202590,-0.154166650749067
Pseudodiploria202591,-0.340149258023937
Pseudodiploria202592,-0.0516213150465251
Pseudodiploria202594,-0.0803106741710958
Pseudodiploria202597,-0.000906905741636383
Pseudodiploria202598,0.0803106741710958
Pseudodiploria202600,0.0310104581436507
Pseudodiploria202601,-0.125463362271118
Pseudodiploria202605,0.0677999500860906
Pseudodiploria202606,-0.180960064525393
Pseudodiploria202608,0.129983904906715
Pseudodiploria202610,0.00979971828149881
Pseudodiploria202611,-0.0567820447167692
Pseudodiploria202613,0.12679622167885
Pseudodiploria202614,0.0170805435282476
Pseudodiploria202615,-0.0072044161971498
Pseudodiploria202616,0.0932239612971331
Pseudodiploria202617,-0.218274039825144
Pseudodiploria202618,0.401318111017106
Pseudodiploria202620,-0.361288556068208
Pseudodiploria202622,0.0704857852367197
Pseudodiploria202623,-0.176365202614426
Pseudodiploria202624,0.157366019388201
Pseudodiploria202625,0.0441365895209054
Pseudodiploria202626,0.488487677112702
Pseudodiploria202628,0.014771991148648
Pseudodiploria202629,0.0976741958051444
Pseudodiploria202630,0.115453009572258
Pseudodiploria202631,-0.133331424083498
Pseudodiploria202633,-0.0506139385522756
Pseudodiploria202636,0.0303511913006011
Pseudodiploria202637,0.00708040686669002
Pseudodiploria202638,0.0474190908279118
Pseudodiploria202639,0.235280702547794
Pseudodiploria202641,-0.0306921275187215
Pseudodiploria202642,0.0196178349490264
Pseudodiploria202644,-0.515806364528654
Pseudodiploria202645,-0.0648034261708774
Pseudodiploria202646,-0.199255493565111
Pseudodiploria202648,-0.0306558594668759
Pseudodiploria202649,-0.0520373403286872
Pseudodiploria202650,-0.139000593597108
Pseudodiploria202651,0.115453009572258
Pseudodiploria202652,0.324563397791703
Pseudodiploria202653,-0.388671691016548
Pseudodiploria202654,-0.0122310568171306
Pseudodiploria202656,-0.00672938386041195
Pseudodiploria202658,-0.0726858417986889
Pseudodiploria202659,-0.0315524364500458
Pseudodiploria202661,-0.0336960900798031
Pseudodiploria202662,-0.0368941357962674
Pseudodiploria202663,-0.0586814332799396
Pseudodiploria202664,-0.00602262609631687
Pseudodiploria202665,-0.119952086912682
Pseudodiploria202666,1.13903941377525
Pseudodiploria202667,0.0134629105566343
Pseudodiploria202668,-0.0018205355419667
Pseudodiploria202670,-0.220719149719096
Pseudodiploria202671,0.0708518074342406
Pseudodiploria202672,0.0466615863061294
Pseudodiploria202673,-0.0166641142059894
Pseudodiploria202674,0.0381957704173546
Pseudodiploria202675,0.0789856513622438
Pseudodiploria202677,-0.127786056168038
Pseudodiploria202680,0.0223693406384226
Pseudodiploria202682,0.0278081346076524
Pseudodiploria202683,0.55022397963541
Pseudodiploria202684,0.253663236345256
Pseudodiploria202685,-0.0128065421028733
Pseudodiploria202686,-0.225112246829203
Pseudodiploria202688,0.160621903783421
Pseudodiploria202689,0.180960064525393
Pseudodiploria202690,-0.0267076200181193
Pseudodiploria202692,0.490702807935677
Pseudodiploria202693,0.551926735307432
Pseudodiploria202694,-0.36356646026996
Pseudodiploria202695,0.405243214793084
Pseudodiploria202696,-0.0474587552994343
Pseudodiploria202697,-0.0112179051449366
Pseudodiploria202698,-0.0781966069938534
Pseudodiploria202699,0.155202623511094
Pseudodiploria202700,0.165417668571572
Pseudodiploria202701,-0.0653775611526655
Pseudodiploria202702,0.00259909752696102
Pseudodiploria202704,-0.0228810321846523
Pseudodiploria202706,0.179376552827897
Pseudodiploria202707,0.0445140437775376
Pseudodiploria202708,0.0360410597649232
Pseudodiploria202710,0.241848168922752
Pseudodiploria202712,0.0122310568171306
Pseudodiploria202713,-0.00752070592628983
Pseudodiploria202714,0.154831642597651
Pseudodiploria202715,0.0310466991219679
Pseudodiploria202716,0.0954537410775285
Pseudodiploria202718,-0.362918535564814
Pseudodiploria202719,0.0939085417173678
Pseudodiploria202720,0.0763211069229897
Pseudodiploria202721,-0.0726125579484285
Pseudodiploria202722,-0.0436393190118737
Pseudodiploria202723,0.468378297248796
Pseudodiploria202724,0.167948488881502
Pseudodiploria202725,-0.0309835033499481
Pseudodiploria202726,-0.022961342763641
Pseudodiploria202727,-0.00239800002855443
Pseudodiploria202729,-0.942432401752538
Pseudodiploria202730,0.0761183602513037
Pseudodiploria202731,0.106229844335489
Pseudodiploria202733,0.258476143993594
Pseudodiploria202734,-0.0915692301865226
Pseudodiploria202735,0.00280164857429363
Pseudodiploria202737,0.0570497192364787
Pseudodiploria202738,0.146958963229594
Pseudodiploria202739,-0.00885894532179681
Pseudodiploria202740,0.0747360910296186
Pseudodiploria202741,0.0543359526864829
Pseudodiploria202742,0.166595001313353
Pseudodiploria202743,-0.179912427164272
Pseudodiploria202744,0.804957132342115
Pseudodiploria202745,0.0940672421669654
Pseudodiploria202747,-0.0716594841290279
Pseudodiploria202748,-0.123478585231691
Pseudodiploria202749,0.120122974462314
Pseudodiploria202751,-0.37605735187462
Pseudodiploria202752,-0.135647102210625
Pseudodiploria202754,-0.0336692091902749
Pseudodiploria202755,-0.00506029010511641
Pseudodiploria202756,0.169206030745531
Pseudodiploria202757,0.0793951304523601
Pseudodiploria202758,-0.0366433556659976
Pseudodiploria202759,0.103491446715252
Pseudodiploria202760,0.0599154076776022
Pseudodiploria202762,-0.0152903917866385
Pseudodiploria202763,1.83332733790944
Pseudodiploria202764,-0.0042622578355091
Pseudodiploria202765,0.645823087644559
Pseudodiploria202766,1.18090374858451
Pseudodiploria202767,0.0456946591982638
Pseudodiploria202768,-0.00985575228013465
Pseudodiploria202769,-0.0586814332799396
Pseudodiploria202770,-0.210675507220653
Pseudodiploria202771,0.210026136262992
Pseudodiploria202772,0.0644626863890871
Pseudodiploria202773,-0.258595410463663
Pseudodiploria202774,0.0363869484973127
Pseudodiploria202775,0.0470900392121482
Pseudodiploria202776,0.116150173706317
Pseudodiploria202777,0.0417288850703859
Pseudodiploria202778,0.109820656345185
Pseudodiploria202779,0.272345057454101
Pseudodiploria202780,0.0792264377382531
Pseudodiploria202781,0.0534150473915519
Pseudodiploria202782,-0.318715952877648
Pseudodiploria202783,-0.419660959851961
Pseudodiploria202784,0.281320754896029
Pseudodiploria202785,-0.241277315545875
Pseudodiploria202786,0.0824729825666632
Pseudodiploria202788,0.220363818153541
Pseudodiploria202789,-0.299211716226015
Pseudodiploria202791,-0.122896086091804
Pseudodiploria202792,-0.330465709450048
Pseudodiploria202793,0.0357338980455247
Pseudodiploria202797,-0.00303112152210068
Pseudodiploria202799,0.00528865271431855
Pseudodiploria202802,0.0107258645202738
Pseudodiploria202803,-0.299211716226015
Pseudodiploria202804,-0.00493906845320342
Pseudodiploria202805,0.204950364908108
Pseudodiploria202806,-0.15091825408934
Pseudodiploria202807,-0.0132081293824519
Pseudodiploria202808,0.228525065847049
Pseudodiploria202809,-0.00176471023644827
Pseudodiploria202810,-0.0694352906352457
Pseudodiploria202811,0.00116229498903307
Pseudodiploria202812,0.307049129836068
Pseudodiploria202813,0.0204262786567883
Pseudodiploria202814,-0.00212747895569464
Pseudodiploria202816,-0.207617409627905
Pseudodiploria202817,-0.114742670184194
Pseudodiploria202818,0.687075301927056
Pseudodiploria202819,-0.0462826608530054
Pseudodiploria202820,0.0310466991219679
Pseudodiploria202822,0.0595287719743733
Pseudodiploria202824,0.384370617577487
Pseudodiploria202825,0.200134702478709
Pseudodiploria202826,-0.179189143757601
Pseudodiploria202828,0.044970970476164
Pseudodiploria202829,-0.00867980296142241
Pseudodiploria202830,-0.0217048141592268
Pseudodiploria202831,0.0763211069229897
Pseudodiploria202832,-0.0753449958098662
Pseudodiploria202833,-0.153937121398159
Pseudodiploria202834,0.0172430971129502
Pseudodiploria202835,0.0563357407914688
Pseudodiploria202836,0.0456985762646337
Pseudodiploria202839,-0.0606055980949982
Pseudodiploria202840,0.0198717690600349
Pseudodiploria202841,0.0512938977334132
Pseudodiploria202842,0.387707558862992
Pseudodiploria202843,0.180960064525393
Pseudodiploria202845,0.00192608725993893
Pseudodiploria202846,0.485726561763576
Pseudodiploria202847,-0.00999133167041006
Pseudodiploria202848,0.0770959758052612
Pseudodiploria202849,0.00999133167041006
Pseudodiploria202852,0.536452050062942
Pseudodiploria202853,-0.103801737702381
Pseudodiploria202856,-0.0134629105566343
Pseudodiploria202857,-0.292372393640797
Pseudodiploria202858,-0.0200981216376129
Pseudodiploria202859,-0.057499952930486
Pseudodiploria202862,0.00378286942933891
Pseudodiploria202863,0.113871094327848
Pseudodiploria202864,0.231894794306648
Pseudodiploria202866,0.0238948543604888
Pseudodiploria202867,-0.186774938120177
Pseudodiploria202869,0.0496364292036091
Pseudodiploria202870,0.0533896186156034
Pseudodiploria202873,-0.0418695108178824
Pseudodiploria202874,-0.211223605828486
Pseudodiploria202875,-0.13814090351919
Pseudodiploria202877,-0.079336957143971
Pseudodiploria202878,0.00303112152210068
Pseudodiploria202879,0.038795081228185
Pseudodiploria202881,0.329654661379721
Pseudodiploria202882,0.183091141039088
Pseudodiploria202883,0.608871948195711
Pseudodiploria202886,-0.0137195671248525
Pseudodiploria202889,-0.0452610327931926
Pseudodiploria202890,0.183546873042974
Pseudodiploria202891,0.107495303027392
Pseudodiploria202892,-0.00562060052062581
Pseudodiploria202893,-0.135245819444266
Pseudodiploria202894,0.0926023590634774
Pseudodiploria202895,0.315867020535199
Pseudodiploria202896,-0.0512768107164224
Pseudodiploria202897,-0.0565030399220348
Pseudodiploria202898,0.0100448078398533
Pseudodiploria202899,-0.169508966302282
Pseudodiploria202900,-0.0872637659921134
Pseudodiploria202901,-0.0681392261896656
Pseudodiploria202902,-0.0843353423824519
Pseudodiploria202903,-0.102257581242178
Pseudodiploria202905,0.221144903606114
Pseudodiploria202906,0.0152903917866385
Pseudodiploria202907,0.0533896186156034
Pseudodiploria202908,0.0152136949901382
Pseudodiploria202909,0.0826904216282726
Pseudodiploria202910,0.00212747895569464
Pseudodiploria202911,-0.000906905741636383
Pseudodiploria202912,-0.0586515619189529
Pseudodiploria202915,-0.0803106741710958
Pseudodiploria202916,0.156317794290164
Pseudodiploria202918,-0.00887057842557879
Pseudodiploria202919,-0.0717473111222428
Pseudodiploria202920,-0.0847982573934613
Pseudodiploria202921,0.0366433556659976
Pseudodiploria202922,0.147498506998019
Pseudodiploria202923,0.0753449958098662
Pseudodiploria202924,0.0993256791298885
Pseudodiploria202925,0.148265391473791
Pseudodiploria202927,0.046336705092564
Pseudodiploria202929,0.00166938260831778
Pseudodiploria202930,0.0638053095728584
Pseudodiploria202931,0.149882172213734
Pseudodiploria202932,-0.00259383844789118
Pseudodiploria202934,0.497679813719705
Pseudodiploria202935,-0.114057919224831
Pseudodiploria202938,-0.00158700661383785
Pseudodiploria202939,0.0105254000113502
Pseudodiploria202940,0.0453166538593719
Pseudodiploria202941,0.0348547361167997
Pseudodiploria202943,0.225212447190218
Pseudodiploria202944,0.215838079272981
Pseudodiploria202945,0.00766449848869811
Pseudodiploria202946,-0.0309835033499481
Pseudodiploria202947,0.00303112152210068
Pseudodiploria202949,-0.00752070592628983
Pseudodiploria202950,0.0554949745242309
Pseudodiploria202951,0.060405244121963
Pseudodiploria202953,0.101453880159257
Pseudodiploria202954,0.0388524889531566
Pseudodiploria202955,-0.062326335962044
Pseudodiploria202957,-0.0100527836102448
Pseudodiploria202960,0.02096402750002
Pseudodiploria202962,-2.35141954617557
Pseudodiploria202964,0.0931144828500603
Pseudodiploria202965,-0.118753589125365
Pseudodiploria202967,-0.197203543255934
Pseudodiploria202969,0.0763850680549632
Pseudodiploria202970,0.522407004019571
Pseudodiploria202971,-0.239950867966245
Pseudodiploria202972,0.00985575228013465
Pseudodiploria202973,-0.310298766590114
Pseudodiploria202977,-0.0762368261602304
Pseudodiploria202978,0.0333889088723173
Pseudodiploria202979,-0.206452680881308
Pseudodiploria202981,0.0433551013360765
Pseudodiploria202982,0.0305252162938733
Pseudodiploria202983,-0.0257767688572839
Pseudodiploria202985,0.284380213404278
Pseudodiploria202986,0.0629712670662687
Pseudodiploria202987,0.129906941344188
Pseudodiploria202988,0.0515635016460096
Pseudodiploria202989,-0.0354283631419961
Pseudodiploria202991,0.0232038926102595
Pseudodiploria202992,0.0147574242529767
Pseudodiploria202993,0.316943580592149
Pseudodiploria202994,-0.00999133167041006
Pseudodiploria202995,-0.0267076200181193
Pseudodiploria202998,0.167004100910315
Pseudodiploria202999,-0.116725727367525
Pseudodiploria203000,0.0446813043164809
Pseudodiploria203001,0.074902770616323
Pseudodiploria203002,-0.231887578055366
Pseudodiploria203003,0.25519532211631
Pseudodiploria203004,0.319428515759534
Pseudodiploria203006,0.465258651915898
Pseudodiploria203007,0.293161888638773
Pseudodiploria203008,0.331088006461546
Pseudodiploria203009,0.10320596097135
Pseudodiploria203011,-0.00999133167041006
Pseudodiploria203012,0.101951828404083
Pseudodiploria203013,-0.172251964558848
Pseudodiploria203014,0.776730318365049
Pseudodiploria203016,-0.274888710591161
Pseudodiploria203017,0.121509281196828
Pseudodiploria203019,-0.0142288210346364
Pseudodiploria203020,0.0801457614747138
Pseudodiploria203021,0.430897749580484
Pseudodiploria203023,0.0933635509176738
Pseudodiploria203024,-1.32934020297165
Pseudodiploria203026,0.00633718335556019
Pseudodiploria203027,-0.0887148598888314
Pseudodiploria203029,1.1729645305061
Pseudodiploria203030,0.0972450616914985
Pseudodiploria203032,0.200560307059481
Pseudodiploria203035,0.119667970909608
Pseudodiploria203036,0.602769581579339
Pseudodiploria203037,-0.0267076200181193
Pseudodiploria203040,0.263152246735737
Pseudodiploria203042,-0.304648122358706
Pseudodiploria203044,-0.0586814332799396
Pseudodiploria203045,-0.0763211069229897
Pseudodiploria203046,-0.0648034261708774
Pseudodiploria203048,0.0474587552994343
Pseudodiploria203049,-0.152128566529619
Pseudodiploria203050,-0.0578842663062
Pseudodiploria203051,-0.0260591287877922
Pseudodiploria203052,0.0132735204505145
Pseudodiploria203053,0.200805890181125
Pseudodiploria203054,-0.0128009954457348
Pseudodiploria203055,-0.205969981717763
Pseudodiploria203056,0.00887057842557879
Pseudodiploria203058,-0.0305252162938733
Pseudodiploria203059,0.215838079272981
Pseudodiploria203060,-0.111422637988982
Pseudodiploria203061,-0.0249027998155114
Pseudodiploria203062,0.250577035026978
Pseudodiploria203065,-0.0444018143373976
Pseudodiploria203066,0.114891205547789
Pseudodiploria203067,0.0776149599000192
Pseudodiploria203068,0.257761192623984
Pseudodiploria203069,-0.0466864333232595
Pseudodiploria203070,0.0349609699175601
Pseudodiploria203072,-0.522407004019571
Pseudodiploria203073,0.00998952001284284
Pseudodiploria203074,-0.0629712670662687
Pseudodiploria203075,-0.175440260734435
Pseudodiploria203077,0.0536675087390578
Pseudodiploria203078,-0.00989424994089028
Pseudodiploria203081,-0.148231529643712
Pseudodiploria203082,0.350253382914798
Pseudodiploria203083,0.215838079272981
Pseudodiploria203085,0.0325155896716752
Pseudodiploria203088,-0.0228810321846523
Pseudodiploria203089,-0.0466615863061294
Pseudodiploria203090,0.0656060792760945
Pseudodiploria203091,-0.267490143348514
Pseudodiploria203092,0.148265391473791
Pseudodiploria203094,0.044970970476164
Pseudodiploria203096,0.638808403476484
Pseudodiploria203097,0.0810378829563655
Pseudodiploria203098,0.133392281270482
Pseudodiploria203099,-0.00752070592628983
Pseudodiploria203101,0.075007522303534
Pseudodiploria203102,-0.0695902780918787
Pseudodiploria203103,0.0634924940292385
Pseudodiploria203104,-0.0332403435705847
Pseudodiploria203105,0.183546873042974
Pseudodiploria203106,-0.0674471106881622
Pseudodiploria203107,-0.00460445094605495
Pseudodiploria203108,-0.107495303027392
Pseudodiploria203109,-0.0843353423824519
Pseudodiploria203110,-0.0824729825666632
Pseudodiploria203111,0.366331291552752
Pseudodiploria203112,0.0349544211649132
Pseudodiploria203113,-0.0309835033499481
Pseudodiploria203115,0.0379206077487898
Pseudodiploria203117,0.0446813043164809
Pseudodiploria203118,-0.146958963229594
Pseudodiploria203119,0.0322791693603123
Pseudodiploria203121,0.481893755542461
Pseudodiploria203122,0.182375333158728
Pseudodiploria203123,-0.00752070592628983
Pseudodiploria203124,-0.313515870399348
Pseudodiploria203126,-0.139658345938927
Pseudodiploria203128,-0.0122310568171306
Pseudodiploria203129,-0.57870314713691
Pseudodiploria203131,0.0164125108924786
Pseudodiploria203132,-1.8322277805689
Pseudodiploria203133,-0.0484011761577907
Pseudodiploria203134,-0.00910270206065815
Pseudodiploria203135,-0.0306921275187215
Pseudodiploria203137,0.00449088520676423
Pseudodiploria203138,-0.026816437407241
Pseudodiploria203139,0.173709184482145
Pseudodiploria203140,0.351532391033011
Pseudodiploria203141,0.131661193189697
Pseudodiploria203142,-0.00752070592628983
Pseudodiploria203144,0.0567820447167692
Pseudodiploria203145,0.0190866029545538
Pseudodiploria203146,0.19969537758115
Pseudodiploria203147,0.124093005204587
Pseudodiploria203148,-0.0200981216376129
Pseudodiploria203149,-0.0609155419451495
Pseudodiploria203150,0.102257581242178
Pseudodiploria203154,0.0744631008353718
Pseudodiploria203155,-0.139360692009782
Pseudodiploria203156,-0.245806956186041
Pseudodiploria203157,-0.050627688965672
Pseudodiploria203160,-0.201572654868182
Pseudodiploria203161,0.183316496187011
Pseudodiploria203164,0.192113939298178
Pseudodiploria203167,0.0364562248235531
Pseudodiploria203168,-0.0217488475683682
Pseudodiploria203170,-0.172312131278185
Pseudodiploria203171,0.0772866694706953
Pseudodiploria203172,0.102257581242178
Pseudodiploria203173,-2.79038109557509
Pseudodiploria203174,0.0608091341806629
Pseudodiploria203175,-0.0430214295963003
Pseudodiploria203178,0.00212747895569464
Pseudodiploria203180,0.0729057696048306
Pseudodiploria203181,0.127770284724866
Pseudodiploria203182,-0.89953801275352
Pseudodiploria203184,-0.0376888909483633
Pseudodiploria203185,0.00116229498903307
Pseudodiploria203186,0.115453009572258
Pseudodiploria203187,1.47406742059973
Pseudodiploria203189,0.0245349558156121
Pseudodiploria203190,0.135647102210625
Pseudodiploria203191,-0.00752070592628983
Pseudodiploria203193,0.0584510877241475
Pseudodiploria203194,-0.0139449886962496
Pseudodiploria203196,-0.211369463472415
Pseudodiploria203197,-0.00150084064563322
Pseudodiploria203198,0.0170805435282476
Pseudodiploria203200,-1.56007198087927
Pseudodiploria203202,0.243209907829441
Pseudodiploria203204,-0.00455759716782039
Pseudodiploria203205,-0.118464944051663
Pseudodiploria203206,0.0695656235485358
Pseudodiploria203207,0.0364317673331057
Pseudodiploria203208,0.0586814332799396
Pseudodiploria203210,0.227062985752272
Pseudodiploria203211,-0.307049129836068
Pseudodiploria203212,-0.163733296617289
Pseudodiploria203213,0.00633718335556019
Pseudodiploria203214,-0.00669490282341408
Pseudodiploria203215,0.105872604728348
Pseudodiploria203217,-0.0235156723628869
Pseudodiploria203218,0.134007090402419
Pseudodiploria203219,-0.139478885297567
Pseudodiploria203220,0.169508966302282
Pseudodiploria203222,-0.0244616396980724
Pseudodiploria203223,-0.661156788333819
Pseudodiploria203224,0.107495303027392
Pseudodiploria203225,0.0464072743266316
Pseudodiploria203227,-0.0570121724632558
Pseudodiploria203230,0.112559285679048
Pseudodiploria203231,0.0887148598888314
Pseudodiploria203232,-0.00259383844789118
Pseudodiploria203237,0.107495303027392
Pseudodiploria203238,-0.0456217790001467
Pseudodiploria203239,0.0939085417173678
Pseudodiploria203240,0.00752070592628983
Pseudodiploria203241,-0.158402629056949
Pseudodiploria203243,-0.130311234414672
Pseudodiploria203244,-0.0211665754106414
Pseudodiploria203245,0.0534150473915519
Pseudodiploria203246,0.0785798817380794
Pseudodiploria203247,0.00206879341432083
Pseudodiploria203248,0.00283322773344166
Pseudodiploria203250,-0.0866508920391201
Pseudodiploria203252,-0.0314600194330868
Pseudodiploria203253,-0.0558269436064846
Pseudodiploria203254,-0.395386362052461
Pseudodiploria203255,-0.0452610327931926
Pseudodiploria203256,0.0227602827287437
Pseudodiploria203257,0.0424529188818521
Pseudodiploria203258,0.0263129851784473
Pseudodiploria203259,-0.0837314369209341
Pseudodiploria203260,0.0183941509553473
Pseudodiploria203263,-0.183426760149356
Pseudodiploria203265,-0.0748871210882699
Pseudodiploria203267,0.0112179051449366
Pseudodiploria203269,0.167948488881502
Pseudodiploria203270,0.0624994866976959
Pseudodiploria203272,-0.0235055354055211
Pseudodiploria203273,-0.00985575228013465
Pseudodiploria203275,-0.0349609699175601
Pseudodiploria203276,0.17095746248947
Pseudodiploria203277,0.0107258645202738
Pseudodiploria203278,0.0918334631404722
Pseudodiploria203279,0.149553133385637
Pseudodiploria203280,-0.014240042455441
Pseudodiploria203281,0.116608744679636
Pseudodiploria203282,0.228525065847049
Pseudodiploria203283,0.415525168617854
Pseudodiploria203285,0.81664835081094
Pseudodiploria203286,-0.477114198889799
Pseudodiploria203287,-0.0152903917866385
Pseudodiploria203288,-0.000906905741636383
Pseudodiploria203289,-0.0613881675094081
Pseudodiploria203290,-0.00829015913475163
Pseudodiploria203291,0.0251809822549863
Pseudodiploria203292,-0.488487677112702
Pseudodiploria203296,0.129983904906715
Pseudodiploria203298,0.0787559166242483
Pseudodiploria203299,0.0555981926505917
Pseudodiploria203301,-0.00319285811366768
Pseudodiploria203303,-0.105140068033031
Pseudodiploria203304,-0.0512938977334132
Pseudodiploria203305,-0.158767537370223
Pseudodiploria203306,-0.149882172213734
Pseudodiploria203308,0.0107258645202738
Pseudodiploria203310,-0.0816379959064611
Pseudodiploria203312,0.00752070592628983
Pseudodiploria203313,-0.138154826432109
Pseudodiploria203314,-0.0586814332799396
Pseudodiploria203316,-0.0569454929425724
Pseudodiploria203319,-0.34826476906764
Pseudodiploria203320,0.0767989350765377
Pseudodiploria203321,0.00220662646542392
Pseudodiploria203322,0.00206879341432083
Pseudodiploria203323,-0.112012082473997
Pseudodiploria203324,-0.0550334417801263
Pseudodiploria203325,-0.2545309590332
Pseudodiploria203326,0.0776149599000192
Pseudodiploria203327,-0.163733296617289
Pseudodiploria203328,0.0919555878916858
Pseudodiploria203329,-0.0426105091836971
Pseudodiploria203331,-0.142473258683416
Pseudodiploria203332,0.0163231984243335
Pseudodiploria203333,0.337784041806803
Pseudodiploria203335,-0.37291820396381
Pseudodiploria203336,0.0378323452122705
Pseudodiploria203338,-0.0474190908279118
Pseudodiploria203339,0.114458589980715
Pseudodiploria203340,0.0595287719743733
Pseudodiploria203341,0.308145421873403
Pseudodiploria203342,-0.15151371492445
Pseudodiploria203343,0.133263610171097
Pseudodiploria203344,-0.0555981926505917
Pseudodiploria203345,0.375692576917067
Pseudodiploria203346,0.068494176800603
Pseudodiploria203347,0.0628764829499426
Pseudodiploria203350,0.0703342171220395
Pseudodiploria203351,0.205956030847809
Pseudodiploria203352,0.0781966069938534
Pseudodiploria203354,-0.0624978577576575
Pseudodiploria203355,0.0166641142059894
Pseudodiploria203358,0.202799801633538
Pseudodiploria203359,-0.782916089654426
Pseudodiploria203361,0.0868335106979527
Pseudodiploria203362,0.0228810321846523
Pseudodiploria203363,-0.326002118114555
Pseudodiploria203364,-0.297192214884278
Pseudodiploria203365,0.0166641142059894
Pseudodiploria203368,0.069795823158703
Pseudodiploria203369,-0.0586814332799396
Pseudodiploria203370,0.704374188080226
Pseudodiploria203371,0.0971641955374569
Pseudodiploria203372,-0.0796897862086082
Pseudodiploria203373,0.366208276770559
Pseudodiploria203374,0.567937953020149
Pseudodiploria203375,0.0127096792715235
Pseudodiploria203376,0.0903032413396372
Pseudodiploria203379,0.0693802233079306
Pseudodiploria203381,0.00259383844789118
Pseudodiploria203382,0.0764636797055581
Pseudodiploria203383,0.115453009572258
Pseudodiploria203384,0.068494176800603
Pseudodiploria203385,0.0182856789424413
Pseudodiploria203386,-0.0406792655363461
Pseudodiploria203387,-0.355670440493477
Pseudodiploria203388,0.100388183040797
Pseudodiploria203389,0.0853159051976001
Pseudodiploria203390,-0.118464944051663
Pseudodiploria203391,0.111797797916422
Pseudodiploria203393,0.687075301927056
Pseudodiploria203394,-0.380597331952056
Pseudodiploria203395,0.0586814332799396
Pseudodiploria203397,-0.228780858173482
Pseudodiploria203398,-0.00414584413828873
Pseudodiploria203399,0.0380132351961059
Pseudodiploria203400,0.074902770616323
Pseudodiploria203401,-0.0515140866605981
Pseudodiploria203402,-0.00506029010511641
Pseudodiploria203404,-0.170244542448907
Pseudodiploria203405,-0.0127096792715235
Pseudodiploria203406,-0.000648285391053872
Pseudodiploria203407,-0.105255273333736
Pseudodiploria203408,-0.0170805435282476
Pseudodiploria203409,0.0127326110625214
Pseudodiploria203410,-0.183141885608838
Pseudodiploria203411,-0.00887057842557879
Pseudodiploria203413,0.0229171369692217
Pseudodiploria203414,-0.0218847736316916
Pseudodiploria203415,0.0416565018479693
Pseudodiploria203416,-0.153179095184884
Pseudodiploria203418,-0.441830556022771
Pseudodiploria203419,0.00787907273911162
Pseudodiploria203420,0.193358688867107
Pseudodiploria203421,0.154355074567635
Pseudodiploria203422,0.260762993697447
Pseudodiploria203423,0.278225622310751
Pseudodiploria203429,0.0177255841891697
Pseudodiploria203430,0.0489645575809616
Pseudodiploria203431,0.0906490328864959
Pseudodiploria203432,0.0110355989006347
Pseudodiploria203433,-0.114742670184194
Pseudodiploria203434,0.08936022587086
Pseudodiploria203435,-0.0456985762646337
Pseudodiploria203436,-0.139731547020529
Pseudodiploria203437,-0.229604399757527
Pseudodiploria203438,-0.468248411113312
Pseudodiploria203439,-0.0586814332799396
Pseudodiploria203441,-0.00339749575644466
Pseudodiploria203443,-0.0112179051449366
Pseudodiploria203444,0.0474190908279118
Pseudodiploria203445,-0.120941982981933
Pseudodiploria203447,-0.0064515674485804
Pseudodiploria203448,0.0628764829499426
Pseudodiploria203449,0.0939336989981227
Pseudodiploria203451,-0.0498018934963032
Pseudodiploria203452,0.0435538479847681
Pseudodiploria203454,0.038795081228185
Pseudodiploria203455,0.366358907178529
Pseudodiploria203456,-0.312635789338237
Pseudodiploria203458,0.00108284017322824
Pseudodiploria203459,-0.228525065847049
Pseudodiploria203460,0.178410045155115
Pseudodiploria203461,0.00949268499035799
Pseudodiploria203463,-0.035961102075781
Pseudodiploria203465,-0.17692450540613
Pseudodiploria203466,0.0242684827958791
Pseudodiploria203467,0.0282687564155041
Pseudodiploria203468,-0.042983299459232
Pseudodiploria203470,0.00752839800389825
Pseudodiploria203471,-0.0331533515983598
Pseudodiploria203473,-0.0249027998155114
Pseudodiploria203474,-0.146185611840187
Pseudodiploria203477,0.133013113243064
Pseudodiploria203480,-0.0228810321846523
Pseudodiploria203481,0.010615962086317
Pseudodiploria203483,0.165567903259818
Pseudodiploria203485,-0.142473258683416
Pseudodiploria203486,0.09023374888302
Pseudodiploria203488,-0.0426094845789043
Pseudodiploria203490,0.0952797022530706
Pseudodiploria203491,0.0314201550253276
Pseudodiploria203493,0.630187608869447
Pseudodiploria203494,0.154355074567635
Pseudodiploria203495,-0.0182856789424413
Pseudodiploria203496,0.0624978577576575
Pseudodiploria203497,0.880613103397184
Pseudodiploria203498,0.0446813043164809
Pseudodiploria203499,-0.10849318068978
Pseudodiploria203500,-0.12679622167885
Pseudodiploria203501,0.12679622167885
Pseudodiploria203502,-0.375649800102958
Pseudodiploria203503,-0.0753449958098662
Pseudodiploria203504,-0.0152136949901382
Pseudodiploria203507,0.0599154076776022
Pseudodiploria203508,1.30885413266423
Pseudodiploria203509,0.104163742286449
Pseudodiploria203510,-0.0656060792760945
Pseudodiploria203511,-0.661685426469543
Pseudodiploria203514,-0.0799287934047502
Pseudodiploria203515,0.166329091051919
Pseudodiploria203516,0.0384984176960937
Pseudodiploria203517,0.00145375083177721
Pseudodiploria203519,0.0249027998155114
Pseudodiploria203520,0.00629984046800255
Pseudodiploria203521,0.0442608727706354
Pseudodiploria203522,0.0524886641166207
Pseudodiploria203523,0.0390092250199808
Pseudodiploria203525,0.252694334307014
Pseudodiploria203526,0.375692576917067
Pseudodiploria203528,-0.293161888638773
Pseudodiploria203529,-0.712866105752372
Pseudodiploria203530,0.0533217526500546
Pseudodiploria203532,0.173709184482145
Pseudodiploria203533,-0.0763476683561462
Pseudodiploria203536,-0.0217048141592268
Pseudodiploria203537,0.839218115908319
Pseudodiploria203538,0.0206123499764872
Pseudodiploria203539,-0.147551349710754
Pseudodiploria203540,-0.0674670839824284
Pseudodiploria203541,0.0926023590634774
Pseudodiploria203542,-0.0453166538593719
Pseudodiploria203543,0.0520373403286872
Pseudodiploria203544,-0.0438731584657658
Pseudodiploria203545,-0.00340403769378469
Pseudodiploria203546,0.352139681739615
Pseudodiploria203547,0.274085407785
Pseudodiploria203548,0.194471589864658
Pseudodiploria203549,-0.0100527836102448
Pseudodiploria203550,0.0718610560577619
Pseudodiploria203551,0.17748034165228
Pseudodiploria203553,-0.00867980296142241
Pseudodiploria203554,0.0267076200181193
Pseudodiploria203555,-0.22155031393928
Pseudodiploria203556,-0.00212747895569464
Pseudodiploria203557,-0.0242574865181212
Pseudodiploria203558,0.0206216987422484
Pseudodiploria203560,-0.00887057842557879
Pseudodiploria203561,0.035961102075781
Pseudodiploria203562,-0.00395632999233897
Pseudodiploria203564,0.3794565633117
Pseudodiploria203565,-0.161957533374491
Pseudodiploria203567,-0.310298766590114
Pseudodiploria203568,0.239920020462924
Pseudodiploria203569,0.0109143695620943
Pseudodiploria203570,0.0516213150465251
Pseudodiploria203571,-0.00760419114014307
Pseudodiploria203572,0.0972450616914985
Pseudodiploria203573,-0.0446813043164809
Pseudodiploria203574,0.0474190908279118
Pseudodiploria203577,-0.177054716565009
Pseudodiploria203578,-0.00661045926228821
Pseudodiploria203579,-0.00887057842557879
Pseudodiploria203580,-0.0267076200181193
Pseudodiploria203581,0.0839186001135885
Pseudodiploria203582,-0.0455272150665744
Pseudodiploria203583,-0.220363818153541
Pseudodiploria203584,-0.0707511089998469
Pseudodiploria203585,0.0438731584657658
Pseudodiploria203586,-0.0555856839714888
Pseudodiploria203587,-0.0508056284544937
Pseudodiploria203589,-0.522407004019571
Pseudodiploria203590,1.30885413266423
Pseudodiploria203591,0.212286062535423
Pseudodiploria203593,0.0147524815458321
Pseudodiploria203594,-0.0268579029074487
Pseudodiploria203595,0.0178721810755594
Pseudodiploria203597,0.0127326110625214
Pseudodiploria203598,0.0234442206192344
Pseudodiploria203599,-0.0436393190118737
Pseudodiploria203600,-1.15482910019372
Pseudodiploria203601,0.104163742286449
Pseudodiploria203602,0.0657333782194704
Pseudodiploria203603,0.118464944051663
Pseudodiploria203604,-0.00116229498903307
Pseudodiploria203605,0.0206216987422484
Pseudodiploria203606,0.0249027998155114
Pseudodiploria203607,-0.0932239612971331
Pseudodiploria203608,0.00985575228013465
Pseudodiploria203609,0.0639053552060063
Pseudodiploria203610,0.0571709053794902
Pseudodiploria203611,0.00887057842557879
Pseudodiploria203612,-0.242769567645366
Pseudodiploria203613,0.246137265912091
Pseudodiploria203616,-0.206103178882449
Pseudodiploria203617,0.225112246829203
Pseudodiploria203618,-0.0236524432716372
Pseudodiploria203619,0.00528865271431855
Pseudodiploria203620,-0.0110403249681458
Pseudodiploria203622,-0.0064515674485804
Pseudodiploria203623,0.00857704219142851
Pseudodiploria203625,0.184829737723799
Pseudodiploria203626,0.0182253586348746
Pseudodiploria203627,0.0626664482686535
Pseudodiploria203628,-0.079336957143971
Pseudodiploria203629,0.12679622167885
Pseudodiploria203630,-0.305728100878398
Pseudodiploria203632,-0.0474190908279118
Pseudodiploria203633,-0.00903990588419331
Pseudodiploria203634,0.200134702478709
Pseudodiploria203635,0.0115188626913002
Pseudodiploria203636,0.0474190908279118
Pseudodiploria203637,0.169508966302282
Pseudodiploria203638,0.114742670184194
Pseudodiploria203640,-0.203919950593975
Pseudodiploria203642,-0.0360410597649232
Pseudodiploria203644,-0.0595107276228227
Pseudodiploria203645,-0.016684257144296
Pseudodiploria203646,0.0586814332799396
Pseudodiploria203647,0.0674471106881622
Pseudodiploria203649,0.00633718335556019
Pseudodiploria203650,-0.0503229980254534
Pseudodiploria203651,0.0310104581436507
Pseudodiploria203652,-0.0877263180779231
Pseudodiploria203653,-0.351264611972902
Pseudodiploria203654,-0.0128065421028733
Pseudodiploria203655,0.00305857581340404
Pseudodiploria203656,-0.0803106741710958
Pseudodiploria203658,0.01349853828845
Pseudodiploria203659,0.103491446715252
Pseudodiploria203660,0.00667413702969058
Pseudodiploria203661,0.00757843014938539
Pseudodiploria203662,0.0278081346076524
Pseudodiploria203663,-0.0328440684013501
Pseudodiploria203665,0.0801457614747138
Pseudodiploria203667,-0.00220662646542392
Pseudodiploria203668,-0.182375333158728
Pseudodiploria203669,0.0513050064663257
Pseudodiploria203670,0.0710359385872257
Pseudodiploria203671,0.0773021501051254
Pseudodiploria203672,-0.199661998918551
Pseudodiploria203673,0.355945572228242
Pseudodiploria203674,-0.142473258683416
Pseudodiploria203675,0.0952797022530706
Pseudodiploria203677,-0.0887148598888314
Pseudodiploria203679,0.310298766590114
Pseudodiploria203680,0.0484011761577907
Pseudodiploria203681,0.180205665764888
Pseudodiploria203683,-0.00867980296142241
Pseudodiploria203684,0.480299469994118
Pseudodiploria203685,0.0142288210346364
Pseudodiploria203686,-0.0135335884790646
Pseudodiploria203687,0.0443812379601306
Pseudodiploria203688,0.179912427164272
Pseudodiploria203689,-0.252694334307014
Pseudodiploria203690,-0.105632171959387
Pseudodiploria203692,-0.366721453993648
Pseudodiploria203696,0.0512938977334132
Pseudodiploria203697,0.106229844335489
Pseudodiploria203699,-0.105315618068071
Pseudodiploria203700,0.266511084622212
Pseudodiploria203701,0.0315524364500458
Pseudodiploria203703,-0.154357239996971
Pseudodiploria203704,0.00609125227080745
Pseudodiploria203705,-0.182375333158728
Pseudodiploria203706,0.0954537410775285
Pseudodiploria203707,-0.27192421541129
Pseudodiploria203708,-0.024688394966228
Pseudodiploria203709,-0.00752070592628983
Pseudodiploria203710,0.135263437080419
Pseudodiploria203711,0.127035259580983
Pseudodiploria203712,0.0185221039299745
Pseudodiploria203713,0.431055880970352
Pseudodiploria203714,0.0544562066208369
Pseudodiploria203715,0.0360410597649232
Pseudodiploria203716,0.00303112152210068
Pseudodiploria203719,0.42621128085709
Pseudodiploria203720,0.00788157032292564
Pseudodiploria203722,-1.37137633619471
Pseudodiploria203725,-0.126303731907194
Pseudodiploria203726,0.00454533777968949
Pseudodiploria203727,-0.0708949463403892
Pseudodiploria203728,-0.0117489015074294
Pseudodiploria203729,0.0783321167419929
Pseudodiploria203730,-0.0279834525380002
Pseudodiploria203731,0.28358581597889
Pseudodiploria203732,0.152152009442334
Pseudodiploria203733,-0.183263906572954
Pseudodiploria203735,0.0112179051449366
Pseudodiploria203736,0.201361459508497
Pseudodiploria203737,0.802898566720285
Pseudodiploria203738,0.522665279776342
Pseudodiploria203739,-0.115453009572258
Pseudodiploria203740,-0.00887057842557879
Pseudodiploria203741,0.246143056526095
Pseudodiploria203742,-0.00212747895569464
Pseudodiploria203743,0.114742670184194
Pseudodiploria203744,0.0565030399220348
Pseudodiploria203746,0.0170357082399767
Pseudodiploria203747,-0.0196296786496935
Pseudodiploria203748,-0.0145490282755426
Pseudodiploria203749,0.0515140866605981
Pseudodiploria203750,0.154166650749067
Pseudodiploria203753,0.0515635016460096
Pseudodiploria203754,-0.0122310568171306
Pseudodiploria203755,0.0112179051449366
Pseudodiploria203756,0.194423567728994
Pseudodiploria203757,-0.0225471216027452
Pseudodiploria203758,-0.0750682162741298
Pseudodiploria203759,0.261704256810273
Pseudodiploria203762,-0.0258707231258094
Pseudodiploria203764,0.0560125984078261
Pseudodiploria203765,0.178410045155115
Pseudodiploria203766,-0.0880188036543594
Pseudodiploria203769,-0.0456985762646337
Pseudodiploria203771,0.018945603640231
Pseudodiploria203772,0.167004100910315
Pseudodiploria203773,0.351071132897199
Pseudodiploria203775,0.127843033394566
Pseudodiploria203776,0.342915890227265
Pseudodiploria203777,0.0474190908279118
Pseudodiploria203778,-0.0454462229485567
Pseudodiploria203779,0.00708040686669002
Pseudodiploria203781,0.441830556022771
Pseudodiploria203783,-0.172021189304938
Pseudodiploria203787,-0.441034041350119
Pseudodiploria203788,0.0924146708091686
Pseudodiploria203789,0.119165379621059
Pseudodiploria203790,0.170244542448907
Pseudodiploria203792,0.0939085417173678
Pseudodiploria203793,0.00455759716782039
Pseudodiploria203794,0.0581856303485468
Pseudodiploria203795,0.0235156723628869
Pseudodiploria203796,0.0204262786567883
Pseudodiploria203797,0.0213304364996912
Pseudodiploria203798,-0.332343080188843
Pseudodiploria203799,0.0629712670662687
Pseudodiploria203801,0.156701926145463
Pseudodiploria203802,0.267490143348514
Pseudodiploria203803,0.0857383241513508
Pseudodiploria203804,-0.0345451994674642
Pseudodiploria203805,0.558908740861006
Pseudodiploria203806,0.0753449958098662
Pseudodiploria203807,0.278292335355348
Pseudodiploria203808,0.00408465635433299
Pseudodiploria203809,0.125463362271118
Pseudodiploria203810,-0.0636485716766023
Pseudodiploria203811,0.0116912759073566
Pseudodiploria203812,-0.140898569027645
Pseudodiploria203813,0.389959519710572
Pseudodiploria203814,0.225212447190218
Pseudodiploria203815,-0.47778428401087
Pseudodiploria203816,0.0456758112691781
Pseudodiploria203817,0.243174177296729
Pseudodiploria203818,-0.254923471749136
Pseudodiploria203819,0.0563876924282094
Pseudodiploria203820,-0.100277152981103
Pseudodiploria203822,-0.318501896926458
Pseudodiploria203823,0.049891849128759
Pseudodiploria203824,0.545790635164983
Pseudodiploria203825,-0.0384658805310145
Pseudodiploria203827,0.0718949133327151
Pseudodiploria203828,-0.0757306837059309
Pseudodiploria203829,-0.12893967486667
Pseudodiploria203830,-0.0171772050577406
Pseudodiploria203832,0.0698173512389585
Pseudodiploria203833,-0.0506139385522756
Pseudodiploria203835,-0.0101572546229674
Pseudodiploria203837,0.107271972101072
Pseudodiploria203838,0.123852467722694
Pseudodiploria203840,0.0105254000113502
Pseudodiploria203842,-0.0169899385639242
Pseudodiploria203843,0.00150084064563322
Pseudodiploria203845,-0.014771991148648
Pseudodiploria203846,0.220910200471068
Pseudodiploria203849,0.117171783401407
Pseudodiploria203850,-0.0776149599000192
Pseudodiploria203852,0.00737557857490407
Pseudodiploria203853,0.215838079272981
Pseudodiploria203854,-0.0409841857022498
Pseudodiploria203855,-0.143172766558829
Pseudodiploria203856,0.12687203562624
Pseudodiploria203857,0.163733296617289
Pseudodiploria203859,0.258364900613816
Pseudodiploria203860,0.118879806771617
Pseudodiploria203861,0.229924325340898
Pseudodiploria203863,0.0228810321846523
Pseudodiploria203865,0.079501777321835
Pseudodiploria203866,0.12679622167885
Pseudodiploria203867,0.366358907178529
Pseudodiploria203868,-0.142473258683416
Pseudodiploria203869,0.36356646026996
Pseudodiploria203871,0.0298934098793998
Pseudodiploria203873,-0.0559951846512741
Pseudodiploria203874,-0.203786887982412
Pseudodiploria203875,-0.0151509587010034
Pseudodiploria203876,-0.175150991721996
Pseudodiploria203877,0.149830071881728
Pseudodiploria203878,-0.0773021501051254
Pseudodiploria203879,-0.382497691784273
Pseudodiploria203880,1.28627317237131
Pseudodiploria203881,-0.054786695813094
Pseudodiploria203882,-0.119165379621059
Pseudodiploria203884,-0.0986962767166591
Pseudodiploria203885,-0.0498596767144571
Pseudodiploria203886,0.179912427164272
Pseudodiploria203887,-0.137493226596158
Pseudodiploria203888,0.0310466991219679
Pseudodiploria203889,0.0887148598888314
Pseudodiploria203890,0.0765741553685619
Pseudodiploria203892,-0.0498596767144571
Pseudodiploria203893,0.207480145575586
Pseudodiploria203894,-0.103801737702381
Pseudodiploria203896,0.086140211821001
Pseudodiploria203897,-0.0757306837059309
Pseudodiploria203899,-0.073312399762339
Pseudodiploria203900,0.224547408107713
Pseudodiploria203901,-0.0563248772678264
Pseudodiploria203902,0.459720097875844
Pseudodiploria203904,-0.0421980122868099
Pseudodiploria203907,0.0721179957318664
Pseudodiploria203909,0.068735945882869
Pseudodiploria203910,0.173298203746362
Pseudodiploria203911,-0.0315524364500458
Pseudodiploria203912,0.113740649301514
Pseudodiploria203913,-0.0235055354055211
Pseudodiploria203914,-0.154355074567635
Pseudodiploria203915,0.175870120359592
Pseudodiploria203916,0.0309143186722524
Pseudodiploria203917,-0.342915890227265
Pseudodiploria203918,0.0726125579484285
Pseudodiploria203919,0.0572131611929525
Pseudodiploria203920,0.404933417964261
Pseudodiploria203922,0.153179095184884
Pseudodiploria203924,0.0068532999493378
Pseudodiploria203925,-0.0911689864679123
Pseudodiploria203926,-0.0395842597894496
Pseudodiploria203927,0.0133121207424106
Pseudodiploria203928,-0.00757377908428382
Pseudodiploria203929,-0.0676508658662351
Pseudodiploria203932,0.0236524432716372
Pseudodiploria203933,0.0107258645202738
Pseudodiploria203934,0.0265334997248099
Pseudodiploria203936,-0.00175171498295755
Pseudodiploria203937,0.0704857852367197
Pseudodiploria203938,0.239950867966245
Pseudodiploria203940,0.0417216254901865
Pseudodiploria203941,-0.0242684827958791
Pseudodiploria203942,0.219708553140657
Pseudodiploria203943,-0.172318010764394
Pseudodiploria203944,0.383858027489241
Pseudodiploria203945,0.142473258683416
Pseudodiploria203947,0.40725973762747
Pseudodiploria203948,0.0785798817380794
Pseudodiploria203949,0.0268579029074487
Pseudodiploria203950,-0.122791586587212
Pseudodiploria203951,-0.00259383844789118
Pseudodiploria203953,-2.04144024204126
Pseudodiploria203955,-0.00570804446757688
Pseudodiploria203956,0.0709598342660762
Pseudodiploria203957,-0.0147574242529767
Pseudodiploria203960,-0.0386762166294499
Pseudodiploria203961,-0.0225471216027452
Pseudodiploria203962,0.00150084064563322
Pseudodiploria203963,0.243989663929935
Pseudodiploria203965,0.024688394966228
Pseudodiploria203966,0.0674471106881622
Pseudodiploria203967,0.101571916432138
Pseudodiploria203968,0.0570121724632558
Pseudodiploria203969,0.0515635016460096
Pseudodiploria203970,-0.0506139385522756
Pseudodiploria203972,-0.125560595752456
Pseudodiploria203973,0.206452680881308
Pseudodiploria203974,0.0378323452122705
Pseudodiploria203975,0.0128065421028733
Pseudodiploria203979,0.00910270206065815
Pseudodiploria203980,0.115311735532415
Pseudodiploria203981,-0.0799287934047502
Pseudodiploria203982,-0.0229171369692217
Pseudodiploria203983,-0.0964539865075501
Pseudodiploria203984,-0.0562030440887758
Pseudodiploria203985,-0.166816714040425
Pseudodiploria203989,0.451110494755233
Pseudodiploria203990,-0.0669480077541218
Pseudodiploria203991,0.0365874921432617
Pseudodiploria203992,0.0503229980254534
Pseudodiploria203993,-0.101286625286608
Pseudodiploria203995,0.0241437766510529
Pseudodiploria203996,-0.0101572546229674
Pseudodiploria203997,-0.000857782728764128
Pseudodiploria203998,0.068346235215476
Pseudodiploria203999,0.17080742949509
Pseudodiploria204000,0.107271972101072
Pseudodiploria204001,-0.0843353423824519
Pseudodiploria204003,-0.0524745044947183
Pseudodiploria204004,-0.0540347088651208
Pseudodiploria204005,0.131661193189697
Pseudodiploria204006,0.0466864333232595
Pseudodiploria204007,-0.0826904216282726
Pseudodiploria204008,0.0328440684013501
Pseudodiploria204009,-0.130658934486321
Pseudodiploria204010,0.105315618068071
Pseudodiploria204011,0.00212747895569464
Pseudodiploria204012,0.145424116935276
Pseudodiploria204016,0.0228810321846523
Pseudodiploria204017,0.267490143348514
Pseudodiploria204018,-0.0567449260889997
Pseudodiploria204019,-0.19481379277978
Pseudodiploria204020,-0.239037395295322
Pseudodiploria204021,0.0306558594668759
Pseudodiploria204024,-0.0938646388375708
Pseudodiploria204025,0.101873103148277
Pseudodiploria204026,-0.0354128839512753
Pseudodiploria204027,0.00407876965835764
Pseudodiploria204028,0.135594074296238
Pseudodiploria204029,0.289094575993466
Pseudodiploria204030,0.166816714040425
Pseudodiploria204031,-0.106229844335489
Pseudodiploria204032,0.0378323452122705
Pseudodiploria204033,-0.0456985762646337
Pseudodiploria204034,0.107198398827279
Pseudodiploria204036,0.0305252162938733
Pseudodiploria204039,0.438984998558012
Pseudodiploria204040,0.310298766590114
Pseudodiploria204041,0.00528865271431855
Pseudodiploria204042,0.169133478425328
Pseudodiploria204043,-0.0105254000113502
Pseudodiploria204044,1.32934020297165
Pseudodiploria204045,-0.0561347725849209
Pseudodiploria204046,0.0830214401593663
Pseudodiploria204047,0.176733218455969
Pseudodiploria204048,0.0458169246722198
Pseudodiploria204049,0.0942177466077004
Pseudodiploria204050,0.00116229498903307
Pseudodiploria204051,0.200805890181125
Pseudodiploria204052,0.0963246589542052
Pseudodiploria204053,0.0538752787934436
Pseudodiploria204054,0.115829219387599
Pseudodiploria204056,0.132437145080829
Pseudodiploria204059,0.0599154076776022
Pseudodiploria204060,0.427444445804285
Pseudodiploria204061,0.243209907829441
Pseudodiploria204064,-0.389959519710572
Pseudodiploria204066,0.0027216740068393
Pseudodiploria204067,0.0474190908279118
Pseudodiploria204068,0.0120747521745916
Pseudodiploria204071,0.00851542474372167
Pseudodiploria204072,0.685396137385078
Pseudodiploria204074,-0.189509138949771
Pseudodiploria204075,-0.0575127135110012
Pseudodiploria204077,0.205956030847809
Pseudodiploria204078,0.0096333332182123
Pseudodiploria204080,0.149882172213734
Pseudodiploria204081,-0.111380988292737
Pseudodiploria204083,-0.199089706108367
Pseudodiploria204084,-0.142760050282657
Pseudodiploria204085,-0.192240080350052
Pseudodiploria204086,0.200998921049476
Pseudodiploria204088,0.340861259084722
Pseudodiploria204090,-0.0274111701378118
Pseudodiploria204091,0.0623101490842051
Pseudodiploria204093,0.0388524889531566
Pseudodiploria204094,0.740215811124453
Pseudodiploria204095,0.0380132351961059
Pseudodiploria204098,-0.0428480215488344
Pseudodiploria204099,-0.15867020604801
Pseudodiploria204100,0.299211716226015
Pseudodiploria204101,0.00880870929265075
Pseudodiploria204102,-0.033823436566039
Pseudodiploria204103,0.12893967486667
Pseudodiploria204104,0.0718610560577619
Pseudodiploria204106,-0.0535135780465158
Pseudodiploria204107,0.018945603640231
Pseudodiploria204108,-0.0305252162938733
Pseudodiploria204110,0.0252653212315006
Pseudodiploria204111,0.449572475177973
Pseudodiploria204112,0.564837713453326
Pseudodiploria204113,0.0225471216027452
Pseudodiploria204117,-0.0406792655363461
Pseudodiploria204118,0.180616039387808
Pseudodiploria204119,-0.0498596767144571
Pseudodiploria204120,-0.0676391650393669
Pseudodiploria204121,-0.0498596767144571
Pseudodiploria204123,0.382497691784273
Pseudodiploria204126,0.0847286104065176
Pseudodiploria204128,0.05858910039354
Pseudodiploria204129,0.0086626098854053
Pseudodiploria204131,-0.292637588052115
Pseudodiploria204132,0.0555981926505917
Pseudodiploria204133,0.00792440442128649
Pseudodiploria204134,-0.105712954626844
Pseudodiploria204135,0.0314201550253276
Pseudodiploria204136,-0.00985575228013465
Pseudodiploria204137,-0.0655023352168864
Pseudodiploria204138,0.00310466777466041
Pseudodiploria204139,-0.00760419114014307
Pseudodiploria204141,0.220370933333543
Pseudodiploria204142,-0.446731868433461
Pseudodiploria204144,0.166329091051919
Pseudodiploria204146,0.32431090940684
Pseudodiploria204147,0.0315794397593316
Pseudodiploria204148,0.0963246589542052
Pseudodiploria204150,1.35092807996319
Pseudodiploria204151,0.326075742117936
Pseudodiploria204152,-0.029216184800213
Pseudodiploria204153,-0.0715024265285128
Pseudodiploria204154,-0.068735945882869
Pseudodiploria204155,0.133331424083498
Pseudodiploria204156,-0.156543042317317
Pseudodiploria204157,0.119614583529747
Pseudodiploria204158,0.27192459392778
Pseudodiploria204159,0.00708040686669002
Pseudodiploria204161,0.355945572228242
Pseudodiploria204162,0.00303112152210068
Pseudodiploria204163,-0.126670871867323
Pseudodiploria204165,-0.00528865271431855
Pseudodiploria204166,0.337784041806803
Pseudodiploria204167,0.590822155629131
Pseudodiploria204168,0.00757843014938539
Pseudodiploria204169,0.0536675087390578
Pseudodiploria204170,0.0267076200181193
Pseudodiploria204172,0.12473061322903
Pseudodiploria204173,0.00395632999233897
Pseudodiploria204174,0.00681591066983074
Pseudodiploria204175,0.0072044161971498
Pseudodiploria204177,-0.0470748662812882
Pseudodiploria204178,-0.0634368351036107
Pseudodiploria204179,0.00752070592628983
Pseudodiploria204180,-0.0967145474517059
Pseudodiploria204181,-0.0579898427485898
Pseudodiploria204182,-0.00782575024261055
Pseudodiploria204183,0.831628763770757
Pseudodiploria204184,1.35951488693316
Pseudodiploria204185,0.0113664418243331
Pseudodiploria204188,0.0258707231258094
Pseudodiploria204189,0.310298766590114
Pseudodiploria204192,-0.481893755542461
Pseudodiploria204194,0.376858834101937
Pseudodiploria204195,0.257761192623984
Pseudodiploria204196,0.0196838080312069
Pseudodiploria204197,-0.209143016920446
Pseudodiploria204199,0.313496959426532
Pseudodiploria204200,0.488487677112702
Pseudodiploria204201,0.0963082445861326
Pseudodiploria204202,0.123852467722694
Pseudodiploria204204,-0.166595001313353
Pseudodiploria204206,-0.641806665514878
Pseudodiploria204207,-0.181853859950096
Pseudodiploria204208,-0.0393464129388693
Pseudodiploria204209,0.687075301927056
Pseudodiploria204210,0.231894794306648
Pseudodiploria204212,0.0488289805844174
Pseudodiploria204213,-0.00402446899733638
Pseudodiploria204215,-0.533453342330799
Pseudodiploria204217,0.118777838425892
Pseudodiploria204218,-0.0216496880452836
Pseudodiploria204219,-0.672445361097508
Pseudodiploria204220,0.0932239612971331
Pseudodiploria204221,-0.0493691343594092
Pseudodiploria204222,0.346997265548655
Pseudodiploria204223,-0.172251964558848
Pseudodiploria204224,0.083260590803609
Pseudodiploria204228,0.332212130586532
Pseudodiploria204229,-0.0770249586114762
Pseudodiploria204230,0.023981165178047
Pseudodiploria204231,-0.00382298333539813
Pseudodiploria204232,-0.0118150891995402
Pseudodiploria204233,0.0626664482686535
Pseudodiploria204235,-0.0707511089998469
Pseudodiploria204236,-0.340861259084722
Pseudodiploria204239,-0.0570697668742193
Pseudodiploria204240,-0.00402446899733638
Pseudodiploria204241,-0.0332403435705847
Pseudodiploria204242,0.0586814332799396
Pseudodiploria204243,0.116551527426381
Pseudodiploria204244,0.150552263319976
Pseudodiploria204245,0.0290100109638088
Pseudodiploria204247,-0.0422462499033459
Pseudodiploria204248,0.147744460858052
Pseudodiploria204250,0.00244424302669912
Pseudodiploria204251,-0.606401839854101
Pseudodiploria204253,0.0607406253705033
Pseudodiploria204254,0.138154826432109
Pseudodiploria204255,-0.0466615863061294
Pseudodiploria204257,0.0206123499764872
Pseudodiploria204258,0.0365487390477203
Pseudodiploria204259,-0.0333889088723173
Pseudodiploria204260,0.0418695108178824
Pseudodiploria204263,-0.0749543679248248
Pseudodiploria204265,-0.0986962767166591
Pseudodiploria204266,-0.0388524889531566
Pseudodiploria204267,0.390085365825607
Pseudodiploria204269,-0.0864777559574497
Pseudodiploria204270,-0.103801737702381
Pseudodiploria204271,-0.0927460019798121
Pseudodiploria204272,-0.152125277116678
Pseudodiploria204273,-0.0823334438480355
Pseudodiploria204274,0.0388801008064594
Pseudodiploria204275,0.00460445094605495
Pseudodiploria204276,0.0250847280178852
Pseudodiploria204277,0.0672018472003943
Pseudodiploria204279,0.221078912546854
Pseudodiploria204280,0.00752070592628983
Pseudodiploria204282,0.178606519993797
Pseudodiploria204283,0.0777962479898918
Pseudodiploria204284,0.00212747895569464
Pseudodiploria204285,0.0145490282755426
Pseudodiploria204287,0.0972450616914985
Pseudodiploria204288,1.75013517634996
Pseudodiploria204289,0.0466615863061294
Pseudodiploria204290,-0.0113664418243331
Pseudodiploria204291,0.00887057842557879
Pseudodiploria204295,-0.211177948901828
Pseudodiploria204298,-0.0833134040511806
Pseudodiploria204299,0.00212747895569464
Pseudodiploria204300,0.461683160157618
Pseudodiploria204302,-0.0595287719743733
Pseudodiploria204304,0.068494176800603
Pseudodiploria204305,0.133331424083498
Pseudodiploria204306,-0.0773241038153821
Pseudodiploria204307,0.0098249270901827
Pseudodiploria204308,0.15882884495956
Pseudodiploria204310,0.00385793751406371
Pseudodiploria204311,0.353670876030874
Pseudodiploria204313,0.176651864215796
Pseudodiploria204316,-0.340861259084722
Pseudodiploria204317,0.280634291041099
Pseudodiploria204318,0.00163802745848834
Pseudodiploria204319,-0.0379593759076267
Pseudodiploria204320,-0.167665895403338
Pseudodiploria204327,-0.238801912806474
Pseudodiploria204328,-0.0626259835096685
Pseudodiploria204329,-0.00310281284535457
Pseudodiploria204330,0.0200981216376129
Pseudodiploria204331,-0.010615962086317
Pseudodiploria204332,-0.0776874873527704
Pseudodiploria204333,-0.00104472527286809
Pseudodiploria204334,-0.131661193189697
Pseudodiploria204335,-0.0294559680400094
Pseudodiploria204336,0.0723123757670079
Pseudodiploria204337,-0.0516213150465251
Pseudodiploria204340,-0.0132081293824519
Pseudodiploria204341,-0.0952797022530706
Pseudodiploria204342,0.0170805435282476
Pseudodiploria204344,-0.0046450712710828
Pseudodiploria204345,-0.0253417816387129
Pseudodiploria204346,-0.212447961427275
Pseudodiploria204347,-0.293218333066338
Pseudodiploria204348,0.148078195552432
Pseudodiploria204349,0.0897538862516614
Pseudodiploria204350,0.0308324102543508
Pseudodiploria204351,-0.173488580936662
Pseudodiploria204354,-0.199103982005857
Pseudodiploria204355,0.00465364134155797
Pseudodiploria204356,0.0803106741710958
Pseudodiploria204357,0.145530610166608
Pseudodiploria204358,-0.133663889977605
Pseudodiploria204359,-0.053761097883355
Pseudodiploria204361,0.23866879805583
Pseudodiploria204362,-0.133047007306172
Pseudodiploria204363,-0.154257148596633
Pseudodiploria204364,-0.0656060792760945
Pseudodiploria204365,-0.107495303027392
Pseudodiploria204366,0.203919950593975
Pseudodiploria204367,0.0284202702802982
Pseudodiploria204368,-0.207617409627905
Pseudodiploria204369,0.388036331189849
Pseudodiploria204370,-0.366099009238711
Pseudodiploria204371,-0.0515635016460096
Pseudodiploria204372,0.421966092376517
Pseudodiploria204373,0.139731547020529
Pseudodiploria204374,0.0446813043164809
Pseudodiploria204376,1.32934020297165
Pseudodiploria204377,-0.0173163340883263
Pseudodiploria204378,-0.0862683073673374
Pseudodiploria204379,-0.0299771807609095
Pseudodiploria204380,0.020608594979212
Pseudodiploria204382,0.286752624516101
Pseudodiploria204384,0.0113664418243331
Pseudodiploria204385,-0.0871838123786326
Pseudodiploria204386,-0.0918334631404722
Pseudodiploria204387,0.294783842677965
Pseudodiploria204388,-0.328174968715593
Pseudodiploria204389,0.127843033394566
Pseudodiploria204390,0.0107258645202738
Pseudodiploria204391,-0.331871832972439
Pseudodiploria204395,-0.289094575993466
Pseudodiploria204396,0.0753449958098662
Pseudodiploria204397,-0.175135246117648
Pseudodiploria204398,-0.219708553140657
Pseudodiploria204399,-0.0464072743266316
Pseudodiploria204400,0.162197119850699
Pseudodiploria204402,-0.106229844335489
Pseudodiploria204404,0.17958692033913
Pseudodiploria204405,0.158402629056949
Pseudodiploria204406,0.0503229980254534
Pseudodiploria204407,0.0588742924519235
Pseudodiploria204409,-0.149160123247556
Pseudodiploria204412,0.130626892759582
Pseudodiploria204413,0.109110609395792
Pseudodiploria204414,-0.00782575024261055
Pseudodiploria204415,0.01349853828845
Pseudodiploria204418,-0.115453009572258
Pseudodiploria204419,0.0793951304523601
Pseudodiploria204420,-0.227062985752272
Pseudodiploria204421,-0.29556869057304
Pseudodiploria204422,0.00752070592628983
Pseudodiploria204423,-0.0581704800113303
Pseudodiploria204424,0.0878151740646174
Pseudodiploria204425,0.0196296786496935
Pseudodiploria204430,-0.0201526303717049
Pseudodiploria204431,0.15882884495956
Pseudodiploria204432,0.0932239612971331
Pseudodiploria204433,-0.0897974063738913
Pseudodiploria204434,-0.438480309757835
Pseudodiploria204435,-0.0579898427485898
Pseudodiploria204436,0.0609155419451495
Pseudodiploria204437,-0.109044602382913
Pseudodiploria204438,-0.0338178516225998
Pseudodiploria204440,-0.0378323452122705
Pseudodiploria204441,0.0132081293824519
Pseudodiploria204442,0.0565030399220348
Pseudodiploria204443,-0.293161888638773
Pseudodiploria204444,0.951957260405259
Pseudodiploria204446,1.62077136196482
Pseudodiploria204447,-0.641528486491718
Pseudodiploria204448,0.0340872434226669
Pseudodiploria204449,-0.0430708797995242
Pseudodiploria204452,0.312658556160582
Pseudodiploria204455,0.0656060792760945
Pseudodiploria204457,0.0360841070543021
Pseudodiploria204458,-0.0104694011382588
Pseudodiploria204459,-0.00708040686669002
Pseudodiploria204460,0.13210302774772
Pseudodiploria204461,0.0305252162938733
Pseudodiploria204462,0.0265334997248099
Pseudodiploria204464,0.0799287934047502
Pseudodiploria204468,0.0120129130357495
Pseudodiploria204469,0.101162141722685
Pseudodiploria204470,-0.492986822330129
Pseudodiploria204472,0.533453342330799
Pseudodiploria204473,0.0305252162938733
Pseudodiploria204474,0.169133478425328
Pseudodiploria204476,-0.00310466777466041
Pseudodiploria204477,0.116886135373976
Pseudodiploria204481,-0.641528486491718
Pseudodiploria204483,-0.016684257144296
Pseudodiploria204484,0.00673812813508918
Pseudodiploria204485,-0.0843353423824519
Pseudodiploria204486,-0.00303112152210068
Pseudodiploria204488,-0.0461675933286025
Pseudodiploria204490,0.00506029010511641
Pseudodiploria204491,0.252773270606782
Pseudodiploria204492,-0.201361459508497
Pseudodiploria204493,0.206103178882449
Pseudodiploria204495,0.00887057842557879
Pseudodiploria204496,0.0794725666297273
Pseudodiploria204497,0.387707558862992
Pseudodiploria204498,0.261704256810273
Pseudodiploria204499,0.0741239565962267
Pseudodiploria204500,0.0533896186156034
Pseudodiploria204501,-0.00175171498295755
Pseudodiploria204502,-0.00303112152210068
Pseudodiploria204503,0.453523644625186
Pseudodiploria204504,0.0152136949901382
Pseudodiploria204505,0.0346961488600694
Pseudodiploria204506,0.0763211069229897
Pseudodiploria204507,0.107417389111584
Pseudodiploria204508,0.0345451994674642
Pseudodiploria204509,-0.137096576282437
Pseudodiploria204510,-0.0975578028435609
Pseudodiploria204511,0.00166938260831778
Pseudodiploria204512,-0.0723123757670079
Pseudodiploria204513,0.922665841742052
Pseudodiploria204514,0.0386762166294499
Pseudodiploria204515,0.0148254718371882
Pseudodiploria204516,-0.706073187512559
Pseudodiploria204517,0.226577120933776
Pseudodiploria204519,0.0775353033803793
Pseudodiploria204520,0.00575169108040814
Pseudodiploria204523,-0.197509050280191
Pseudodiploria204525,0.0569740844958047
Pseudodiploria204526,0.0579898427485898
Pseudodiploria204527,-0.286752624516101
Pseudodiploria204528,-0.0786242048764143
Pseudodiploria204529,-0.382497691784273
Pseudodiploria204530,-0.15833287842132
Pseudodiploria204531,-0.0824729825666632
Pseudodiploria204533,0.0569740844958047
Pseudodiploria204534,-1.00385923627439
Pseudodiploria204535,0.299211716226015
Pseudodiploria204536,0.00145375083177721
Pseudodiploria204537,0.0609155419451495
Pseudodiploria204540,0.0366433556659976
Pseudodiploria204541,0.413220922359326
Pseudodiploria204542,0.203184855282897
Pseudodiploria204545,-0.0624978577576575
Pseudodiploria204547,0.08936022587086
Pseudodiploria204549,0.00286338823494678
Pseudodiploria204550,-0.098066159992378
Pseudodiploria204552,0.402223981027073
Pseudodiploria204553,0.194471589864658
Pseudodiploria204554,-0.0142288210346364
Pseudodiploria204555,0.0228810321846523
Pseudodiploria204556,2.08501588372358
Pseudodiploria204557,0.135245819444266
Pseudodiploria204559,-0.00942747597517805
Pseudodiploria204560,0.0127326110625214
Pseudodiploria204562,-0.0560282895867712
Pseudodiploria204563,0.135070778454368
Pseudodiploria204564,0.328174968715593
Pseudodiploria204565,0.044970970476164
Pseudodiploria204566,-0.114080376585084
Pseudodiploria204567,0.0128723742643494
Pseudodiploria204569,0.776730318365049
Pseudodiploria204570,-0.0109143695620943
Pseudodiploria204571,-0.208519531508714
Pseudodiploria204572,1.07961516834254
Pseudodiploria204573,-0.533453342330799
Pseudodiploria204574,0.299408002208238
Pseudodiploria204577,0.142473258683416
Pseudodiploria204579,0.187725654257864
Pseudodiploria204580,0.0817518085919977
Pseudodiploria204581,-0.366358907178529
Pseudodiploria204582,-0.219561135604733
Pseudodiploria204583,0.417070839063485
Pseudodiploria204586,0.0781443804461906
Pseudodiploria204587,-0.136999297853957
Pseudodiploria204588,0.0629233139443061
Pseudodiploria204589,-0.02057941079348
Pseudodiploria204590,-0.225112246829203
Pseudodiploria204591,-0.010615962086317
Pseudodiploria204594,0.0113664418243331
Pseudodiploria204595,-0.424618175738059
Pseudodiploria204596,-0.179110454353377
Pseudodiploria204597,0.116551527426381
Pseudodiploria204599,0.712866105752372
Pseudodiploria204602,-0.220363818153541
Pseudodiploria204603,-0.00851542474372167
Pseudodiploria204604,0.0515635016460096
Pseudodiploria204605,0.00887057842557879
Pseudodiploria204606,-0.0404633690330883
Pseudodiploria204607,-0.0599154076776022
Pseudodiploria204608,0.0121947159280265
Pseudodiploria204609,-0.212334197556592
Pseudodiploria204613,0.010615962086317
Pseudodiploria204615,0.192644934127405
Pseudodiploria204616,0.157209542166612
Pseudodiploria204618,0.0251809822549863
Pseudodiploria204619,-0.156219997545398
Pseudodiploria204620,-0.0656060792760945
Pseudodiploria204622,0.211223605828486
Pseudodiploria204623,-0.450637911371131
Pseudodiploria204624,-0.247858448950738
Pseudodiploria204625,0.0491353327930848
Pseudodiploria204626,-0.278693163816484
Pseudodiploria204627,0.0413877573250637
Pseudodiploria204628,0.168056392187862
Pseudodiploria204629,0.0378323452122705
Pseudodiploria204631,-0.0586515619189529
Pseudodiploria204632,-0.00757843014938539
Pseudodiploria204633,-0.000476598164756263
Pseudodiploria204634,0.0145490282755426
Pseudodiploria204635,0.105828436575666
Pseudodiploria204636,0.0249027998155114
Pseudodiploria204637,0.0773021501051254
Pseudodiploria204638,-0.109131812000215
Pseudodiploria204639,-0.0186880829209311
Pseudodiploria204640,0.299211716226015
Pseudodiploria204641,-0.162749055227973
Pseudodiploria204642,0.0611417239176318
Pseudodiploria204643,0.0489645575809616
Pseudodiploria204645,0.0554173536362916
Pseudodiploria204647,0.00829015913475163
Pseudodiploria204648,0.0246725648902367
Pseudodiploria204649,-0.131053443301528
Pseudodiploria204650,0.0536675087390578
Pseudodiploria204651,-0.0348547361167997
Pseudodiploria204652,0.0018205355419667
Pseudodiploria204653,-0.0681392261896656
Pseudodiploria204654,0.15833287842132
Pseudodiploria204655,0.204950364908108
Pseudodiploria204656,-0.238801912806474
Pseudodiploria204657,-0.146185611840187
Pseudodiploria204658,-0.00869058872812566
Pseudodiploria204659,-0.0228810321846523
Pseudodiploria204661,-0.0113664418243331
Pseudodiploria204662,0.00464602739414049
Pseudodiploria204663,0.202799801633538
Pseudodiploria204664,-0.0164125108924786
Pseudodiploria204665,0.215838079272981
Pseudodiploria204667,0.28585545055649
Pseudodiploria204668,-0.054786695813094
Pseudodiploria204669,-0.156133680134706
Pseudodiploria204670,0.220370933333543
Pseudodiploria204671,-0.171760022707533
Pseudodiploria204672,0.0843353423824519
Pseudodiploria204673,-0.0763476683561462
Pseudodiploria204675,-0.0170805435282476
Pseudodiploria204676,0.0360841070543021
Pseudodiploria204681,-0.18193160484235
Pseudodiploria204683,-0.0536675087390578
Pseudodiploria204684,-0.00887057842557879
Pseudodiploria204685,0.173488580936662
Pseudodiploria204687,0.00916879395699909
Pseudodiploria204688,0.375692576917067
Pseudodiploria204689,0.018945603640231
Pseudodiploria204690,-0.000318062360751812
Pseudodiploria204691,-0.34826476906764
Pseudodiploria204692,0.778593640315302
Pseudodiploria204693,-0.122367422764384
Pseudodiploria204694,-0.11390166887851
Pseudodiploria204695,0.177054716565009
Pseudodiploria204696,-0.0235055354055211
Pseudodiploria204697,-0.431055880970352
Pseudodiploria204699,0.389959519710572
Pseudodiploria204700,-0.055951985509345
Pseudodiploria204701,0.00851542474372167
Pseudodiploria204702,-0.0305252162938733
Pseudodiploria204704,-0.198947385096198
Pseudodiploria204705,-0.234258482995768
Pseudodiploria204706,0.127843033394566
Pseudodiploria204707,-0.0946223323886317
Pseudodiploria204708,-0.00895917356983341
Pseudodiploria204709,-0.261704256810273
Pseudodiploria204710,0.0543359526864829
Pseudodiploria204711,0.121779156776975
Pseudodiploria204712,0.166404941350945
Pseudodiploria204715,0.188491978646243
Pseudodiploria204716,-0.0703342171220395
Pseudodiploria204717,0.054786695813094
Pseudodiploria204718,-0.079336957143971
Pseudodiploria204719,-0.0533896186156034
Pseudodiploria204721,0.351532391033011
Pseudodiploria204722,0.608871948195711
Pseudodiploria204723,0.0342881572610768
Pseudodiploria204724,-0.0233285931839279
Pseudodiploria204726,-0.252773270606782
Pseudodiploria204727,0.98857432960188
Pseudodiploria204728,-0.00848967965212691
Pseudodiploria204729,0.0579898427485898
Pseudodiploria204730,-0.177054716565009
Pseudodiploria204731,0.044970970476164
Pseudodiploria204732,0.293161888638773
Pseudodiploria204733,0.601108055905012
Pseudodiploria204734,0.247837143439911
Pseudodiploria204735,-0.163989353140258
Pseudodiploria204736,0.0629233139443061
Pseudodiploria204737,-0.0571709053794902
Pseudodiploria204738,-0.0704857852367197
Pseudodiploria204739,0.0425346315888349
Pseudodiploria204740,-0.0112179051449366
Pseudodiploria204741,-0.146185611840187
Pseudodiploria204742,-0.0817518085919977
Pseudodiploria204743,-0.12679622167885
Pseudodiploria204744,0.403445868755303
Pseudodiploria204745,-0.00135557974001646
Pseudodiploria204746,0.590244141203894
Pseudodiploria204747,0.0470540642810589
Pseudodiploria204748,0.0142288210346364
Pseudodiploria204749,-0.0215283051809636
Pseudodiploria204750,-0.110370110851679
Pseudodiploria204751,0.204536651722968
Pseudodiploria204752,-0.0966786835318229
Pseudodiploria204753,0.0306921275187215
Pseudodiploria204754,0.025410483476661
Pseudodiploria204755,-0.119952086912682
Pseudodiploria204756,0.166595001313353
Pseudodiploria204758,-0.053761097883355
Pseudodiploria204759,0.00708040686669002
Pseudodiploria204760,0.672445361097508
Pseudodiploria204761,0.351734990588488
Pseudodiploria204762,-0.0064160549159639
Pseudodiploria204763,-0.0624978577576575
Pseudodiploria204764,-0.146958963229594
Pseudodiploria204765,-0.181853859950096
Pseudodiploria204767,0.0486159912585585
Pseudodiploria204768,0.360711022933151
Pseudodiploria204769,-0.0175903607895179
Pseudodiploria204770,0.110894506824272
Pseudodiploria204771,0.307049129836068
Pseudodiploria204772,-0.152152009442334
Pseudodiploria204773,-0.200849720875987
Pseudodiploria204774,0.186977525295109
Pseudodiploria204775,0.34826476906764
Pseudodiploria204776,-0.0764636797055581
Pseudodiploria204777,0.631644568538264
Pseudodiploria204778,-0.118464944051663
Pseudodiploria204779,0.364333089984997
Pseudodiploria204780,0.243209907829441
Pseudodiploria204781,0.00629984046800255
Pseudodiploria204783,0.325503518522735
Pseudodiploria204784,0.307049129836068
Pseudodiploria204785,0.016684257144296
Pseudodiploria204787,0.0464345883316627
Pseudodiploria204788,-0.0422462499033459
Pseudodiploria204789,0.252809606289538
Pseudodiploria204790,0.0393464129388693
Pseudodiploria204791,-0.0538752787934436
Pseudodiploria204792,0.0472234365621794
Pseudodiploria204793,-0.0128009954457348
Pseudodiploria204794,0.018945603640231
Pseudodiploria204795,0.140898569027645
Pseudodiploria204796,0.133263610171097
Pseudodiploria204797,0.755136694984862
Pseudodiploria204798,0.12679622167885
Pseudodiploria204799,0.252694334307014
Pseudodiploria204800,0.00528865271431855
Pseudodiploria204801,0.0453166538593719
Pseudodiploria204802,-0.0148254718371882
Pseudodiploria204803,-0.0436393190118737
Pseudodiploria204804,0.216827179399129
Pseudodiploria204805,-0.0213304364996912
Pseudodiploria204807,-0.188297221325071
Pseudodiploria204808,0.167315130881162
Pseudodiploria204809,-0.0285081471867819
Pseudodiploria204810,0.0206216987422484
Pseudodiploria204811,0.0292256320015217
Pseudodiploria204812,0.0828766701422673
Pseudodiploria204813,-0.0370375456838955
Pseudodiploria204814,-0.0119222058796638
Pseudodiploria204815,-0.0868335106979527
Pseudodiploria204816,-0.0182741347087188
Pseudodiploria204818,-0.235989961141615
Pseudodiploria204819,0.37205368289197
Pseudodiploria204820,-0.166595001313353
Pseudodiploria204821,-0.030377925550844
Pseudodiploria204822,0.00903990588419331
Pseudodiploria204823,0.533089388211407
Pseudodiploria204827,0.243209907829441
Pseudodiploria204828,-0.0252653212315006
Pseudodiploria204829,-0.235174318777973
Pseudodiploria204830,-0.118791394633366
Pseudodiploria204831,-0.0182856789424413
Pseudodiploria204832,0.215838079272981
Pseudodiploria204833,-0.0939085417173678
Pseudodiploria204834,0.413220922359326
Pseudodiploria204835,-0.0250847280178852
Pseudodiploria204836,0.00757843014938539
Pseudodiploria204837,0.00528865271431855
Pseudodiploria204838,0.0119433755140726
Pseudodiploria204840,0.123852467722694
Pseudodiploria204841,-0.069795823158703
Pseudodiploria204842,0.115453009572258
Pseudodiploria204843,0.123550729838591
Pseudodiploria204844,0.15833287842132
Pseudodiploria204845,0.0857590950063657
Pseudodiploria204846,-0.0963246589542052
Pseudodiploria204847,0.114458589980715
Pseudodiploria204848,0.0456985762646337
Pseudodiploria204849,-0.623193833054017
Pseudodiploria204850,0.0659877567074604
Pseudodiploria204852,-0.12679622167885
Pseudodiploria204853,-0.0164235251322511
Pseudodiploria204854,-0.0209264186595689
Pseudodiploria204855,0.205969981717763
Pseudodiploria204856,0.334279408215389
Pseudodiploria204857,0.0555981926505917
Pseudodiploria204858,0.888710312478897
Pseudodiploria204859,-0.020608594979212
Pseudodiploria204860,0.285502196327008
Pseudodiploria204861,0.158402629056949
Pseudodiploria204862,0.0824729825666632
Pseudodiploria204863,0.281428500387441
Pseudodiploria204864,0.431055880970352
Pseudodiploria204866,-0.000214237304730756
Pseudodiploria204868,-0.0554829501428077
Pseudodiploria204869,0.0791786194415493
Pseudodiploria204870,0.0116912759073566
Pseudodiploria204872,0.141928781920222
Pseudodiploria204873,0.0251720999920586
Pseudodiploria204874,0.130442570415461
Pseudodiploria204876,0.092198305918271
Pseudodiploria204878,0.0372255160163166
Pseudodiploria204879,0.05015437695734
Pseudodiploria204882,-0.672445361097508
Pseudodiploria204883,0.146374150113109
Pseudodiploria204884,0.0813597975032887
Pseudodiploria204885,0.252773270606782
Pseudodiploria204886,0.00319285811366768
Pseudodiploria204887,0.438984998558012
Pseudodiploria204888,0.0794542700065771
Pseudodiploria204889,0.0064515674485804
Pseudodiploria204890,0.594918022040958
Pseudodiploria204891,-0.0583297927224579
Pseudodiploria204892,0.00811698588640245
Pseudodiploria204893,-0.12473061322903
Pseudodiploria204895,0.136999297853957
Pseudodiploria204897,-0.0305252162938733
Pseudodiploria204898,0.0127326110625214
Pseudodiploria204899,-0.035465218850857
Pseudodiploria204900,-0.0484011761577907
Pseudodiploria204901,-0.115934792096311
Pseudodiploria204902,0.569607511743632
Pseudodiploria204903,-0.0289738413447608
Pseudodiploria204905,0.0113664418243331
Pseudodiploria204906,0.0271180953047986
Pseudodiploria204908,-0.606401839854101
Pseudodiploria204909,-0.569607511743632
Pseudodiploria204910,0.24974389367285
Pseudodiploria204911,0.193358688867107
Pseudodiploria204912,-0.0484011761577907
Pseudodiploria204913,-0.166404941350945
Pseudodiploria204914,0.0265334997248099
Pseudodiploria204915,-0.00985575228013465
Pseudodiploria204916,0.0918334631404722
Pseudodiploria204917,-0.183546873042974
Pseudodiploria204919,0.103491446715252
Pseudodiploria204920,-0.138451917481332
Pseudodiploria204921,-0.0144465125138306
Pseudodiploria204922,-0.0943435049995145
Pseudodiploria204923,0.0906490328864959
Pseudodiploria204924,0.0684372301521052
Pseudodiploria204925,0.466824884271455
Pseudodiploria204929,0.296987591248989
Pseudodiploria204930,0.0536675087390578
Pseudodiploria204932,0.0228810321846523
Pseudodiploria204933,-0.0793951304523601
Pseudodiploria204934,-0.000906905741636383
Pseudodiploria204935,0.15342157296004
Pseudodiploria204936,-0.389959519710572
Pseudodiploria204937,-0.00975523343160469
Pseudodiploria204938,0.0939336989981227
Pseudodiploria204940,0.116322888611946
Pseudodiploria204941,-0.352816722670299
Pseudodiploria204943,-0.112641704592565
Pseudodiploria204944,-0.05015437695734
Pseudodiploria204945,-0.229924325340898
Pseudodiploria204947,0.127035259580983
Pseudodiploria204948,-0.0260591287877922
Pseudodiploria204949,-0.0388524889531566
Pseudodiploria204950,-0.175150991721996
Pseudodiploria204951,-0.282947942465085
Pseudodiploria204952,-0.0885970994924407
Pseudodiploria204953,-0.601108055905012
Pseudodiploria204954,0.326002118114555
Pseudodiploria204955,-0.183546873042974
Pseudodiploria204957,-0.382497691784273
Pseudodiploria204958,0.175223201486934
Pseudodiploria204959,-0.208519531508714
Pseudodiploria204961,0.0513050064663257
Pseudodiploria204962,-0.00220662646542392
Pseudodiploria204963,-0.175870120359592
Pseudodiploria204964,-0.108768461299844
Pseudodiploria204965,-0.0609155419451495
Pseudodiploria204967,0.125165231760402
Pseudodiploria204968,-0.00829015913475163
Pseudodiploria204969,0.0461208029156994
Pseudodiploria204970,0.291629174026928
Pseudodiploria204971,0.0516213150465251
Pseudodiploria204974,-0.20944576126799
Pseudodiploria204975,-0.199190431163422
Pseudodiploria204977,-0.0570697668742193
Pseudodiploria204979,0.205969981717763
Pseudodiploria204980,-0.310298766590114
Pseudodiploria204981,0.00999133167041006
Pseudodiploria204982,0.0629712670662687
Pseudodiploria204983,0.0124745215681983
Pseudodiploria204984,-0.163892658930829
Pseudodiploria204985,-0.00145375083177721
Pseudodiploria204986,0.00135557974001646
Pseudodiploria204987,-0.00443670744406629
Pseudodiploria204988,0.813156439335197
Pseudodiploria204989,0.101527677771297
Pseudodiploria204990,-0.18045724210079
Pseudodiploria204991,0.261704256810273
Pseudodiploria204994,0.0251809822549863
Pseudodiploria204995,-0.35909070715733
Pseudodiploria204997,0.00798203736345584
Pseudodiploria204998,0.352816722670299
Pseudodiploria204999,0.103566949628369
Pseudodiploria205000,-0.0153856901009239
Pseudodiploria205001,1.59756896294814
Pseudodiploria205002,0.0868335106979527
Pseudodiploria205004,-0.281094811069032
Pseudodiploria205005,0.177054716565009
Pseudodiploria205006,0.204950364908108
Pseudodiploria205007,0.192885799698705
Pseudodiploria205008,-0.00319285811366768
Pseudodiploria205009,0.954717218339366
Pseudodiploria205010,-0.501480545211884
Pseudodiploria205011,0.00150084064563322
Pseudodiploria205012,0.438480309757835
Pseudodiploria205013,0.252694334307014
Pseudodiploria205015,0.0128065421028733
Pseudodiploria205016,0.179110454353377
Pseudodiploria205017,0.0209264186595689
Pseudodiploria205018,-0.191990415814967
Pseudodiploria205019,0.0458628906052394
Pseudodiploria205020,-0.0430214295963003
Pseudodiploria205021,0.427444445804285
Pseudodiploria205022,-0.178350574162633
Pseudodiploria205023,0.0972450616914985
Pseudodiploria205024,-0.0569740844958047
Pseudodiploria205025,0.0970327081567912
Pseudodiploria205026,0.0533896186156034
Pseudodiploria205029,0.0258281312591561
Pseudodiploria205030,0.0100527836102448
Pseudodiploria205032,-0.02096402750002
Pseudodiploria205033,0.652884102690345
Pseudodiploria205034,0.135647102210625
Pseudodiploria205035,-0.197009148565958
Pseudodiploria205036,0.211177948901828
Pseudodiploria205037,0.0152136949901382
Pseudodiploria205038,0.00259145699611951
Pseudodiploria205039,-0.179189143757601
Pseudodiploria205040,0.553822809342081
Pseudodiploria205041,0.126990448332212
Pseudodiploria205042,0.128461106305692
Pseudodiploria205043,0.142473258683416
Pseudodiploria205044,-0.566888644827567
Pseudodiploria205045,-0.105477144359627
Pseudodiploria205046,-0.200560307059481
Pseudodiploria205047,-0.0512938977334132
Pseudodiploria205048,0.468248411113312
Pseudodiploria205049,-0.266723216318418
Pseudodiploria205050,0.0415335060892128
Pseudodiploria205051,0.00201533232044185
Pseudodiploria205052,0.0817518085919977
Pseudodiploria205053,-0.0360410597649232
Pseudodiploria205054,0.101873103148277
Pseudodiploria205055,0.203919950593975
Pseudodiploria205057,-0.0294559680400094
Pseudodiploria205058,-0.00580100167915639
Pseudodiploria205059,0.0657643436538348
Pseudodiploria205060,-0.140544546701522
Pseudodiploria205061,-0.0316981022432377
Pseudodiploria205062,0.258595410463663
Pseudodiploria205063,-0.175870120359592
Pseudodiploria205064,0.0395367229852093
Pseudodiploria205065,-0.140723065864038
Pseudodiploria205066,-0.166595001313353
Pseudodiploria205067,0.0177746559089545
Pseudodiploria205068,0.366331291552752
Pseudodiploria205070,-0.117949153447969
Pseudodiploria205071,-0.170964556223876
Pseudodiploria205073,0.212334197556592
Pseudodiploria205074,0.0235144895486065
Pseudodiploria205076,-0.0583297927224579
Pseudodiploria205077,0.000906905741636383
Pseudodiploria205078,-0.0430214295963003
Pseudodiploria205080,0.0707394449511991
Pseudodiploria205081,0.129906941344188
Pseudodiploria205082,0.0683179905914812
Pseudodiploria205083,0.136288453750417
Pseudodiploria205084,0.0551573824541316
Pseudodiploria205085,0.00455174300056445
Pseudodiploria205086,0.0370375456838955
Pseudodiploria205087,-0.515806364528654
Pseudodiploria205088,-0.0182856789424413
Pseudodiploria205089,0.698034909853281
Pseudodiploria205090,0.0360410597649232
Pseudodiploria205091,0.118464944051663
Pseudodiploria205092,-0.0936794438119995
Pseudodiploria205093,0.00206879341432083
Pseudodiploria205094,-0.000830259094999953
Pseudodiploria205097,2.25803772139959
Pseudodiploria205099,0.267490143348514
Pseudodiploria205100,-0.0120747521745916
Pseudodiploria205101,0.00985575228013465
Pseudodiploria205102,0.0131091372359897
Pseudodiploria205103,-0.171041269157051
Pseudodiploria205104,-0.564384208466034
Pseudodiploria205105,-0.0130669697018538
Pseudodiploria205106,0.163989353140258
Pseudodiploria205107,0.0309835033499481
Pseudodiploria205108,0.356459008387272
Pseudodiploria205109,0.353670876030874
Pseudodiploria205110,0.044577397149081
Pseudodiploria205111,0.480299469994118
Pseudodiploria205112,0.112730616060476
Pseudodiploria205113,0.206417056711054
Pseudodiploria205115,0.193358688867107
Pseudodiploria205116,-0.0100527836102448
Pseudodiploria205117,-0.15882884495956
Pseudodiploria205118,0.733449974528596
Pseudodiploria205120,-0.252639762875408
Pseudodiploria205121,-0.00333500572710229
Pseudodiploria205122,-0.0130639361804647
Pseudodiploria205123,-0.00601783339266792
Pseudodiploria205124,-0.0190866029545538
Pseudodiploria205125,0.325713910968173
Pseudodiploria205126,-0.129983904906715
Pseudodiploria205128,0.0348547361167997
Pseudodiploria205129,0.00752070592628983
Pseudodiploria205130,-0.182375333158728
Pseudodiploria205131,0.0228810321846523
Pseudodiploria205134,0.318501896926458
Pseudodiploria205136,0.0586443539731641
Pseudodiploria205137,0.0644626863890871
Pseudodiploria205138,0.0127326110625214
Pseudodiploria205139,0.0346235231275491
Pseudodiploria205140,0.0803106741710958
Pseudodiploria205141,-0.202799801633538
Pseudodiploria205142,0.016684257144296
Pseudodiploria205143,-0.149198928036606
Pseudodiploria205144,-0.0096727111665189
Pseudodiploria205146,0.00949268499035799
Pseudodiploria205147,0.00720833925496074
Pseudodiploria205148,-0.00752070592628983
Pseudodiploria205149,-0.0345451994674642
Pseudodiploria205151,-0.0753449958098662
Pseudodiploria205152,0.187517135416937
Pseudodiploria205153,0.313515870399348
Pseudodiploria205154,0.0351516157598553
Pseudodiploria205156,-0.155769245094695
Pseudodiploria205157,-0.0796305238777171
Pseudodiploria205158,-0.00985575228013465
Pseudodiploria205159,0.0793951304523601
Pseudodiploria205160,-0.0570121724632558
Pseudodiploria205162,0.0934844686756266
Pseudodiploria205163,0.0882151063857238
Pseudodiploria205164,-0.037059190688035
Pseudodiploria205165,0.0105254000113502
Pseudodiploria205166,0.00259383844789118
Pseudodiploria205167,0.20944576126799
Pseudodiploria205168,0.00498564095780433
Pseudodiploria205169,0.1589736053857
Pseudodiploria205170,0.0586443539731641
Pseudodiploria205171,0.17080742949509
Pseudodiploria205172,0.0474190908279118
Pseudodiploria205173,0.299211716226015
Pseudodiploria205174,0.110381969352973
Pseudodiploria205176,-0.0128065421028733
Pseudodiploria205177,-0.109044602382913
Pseudodiploria205178,0.25976477836994
Pseudodiploria205179,-0.0064515674485804
Pseudodiploria205180,0.362918535564814
Pseudodiploria205182,-0.0206216987422484
Pseudodiploria205183,-0.0142288210346364
Pseudodiploria205184,-0.0571709053794902
Pseudodiploria205186,-0.0365487390477203
Pseudodiploria205187,0.182225828711215
Pseudodiploria205188,-0.118464944051663
Pseudodiploria205189,-0.00166938260831778
Pseudodiploria205191,0.490461068706038
Pseudodiploria205192,0.386461899435712
Pseudodiploria205193,0.427571445495847
Pseudodiploria205194,-0.0372255160163166
Pseudodiploria205195,0.261704256810273
Pseudodiploria205196,-0.00410157440951573
Pseudodiploria205197,0.150000228420742
Pseudodiploria205198,-0.0864777559574497
Pseudodiploria205200,0.0257767688572839
Pseudodiploria205201,0.010615962086317
Pseudodiploria205202,0.0639053552060063
Pseudodiploria205203,0.0249027998155114
Pseudodiploria205204,0.116751463659221
Pseudodiploria205205,-0.0181813426435269
Pseudodiploria205206,-0.0200981216376129
Pseudodiploria205208,0.123945895856693
Pseudodiploria205209,0.667791893089744
Pseudodiploria205210,-0.0294559680400094
Pseudodiploria205211,0.158587505669279
Pseudodiploria205212,-0.109110609395792
Pseudodiploria205213,0.00867980296142241
Pseudodiploria205215,0.389959519710572
Pseudodiploria205216,0.0228810321846523
Pseudodiploria205217,0.112966819425073
Pseudodiploria205218,0.00708040686669002
Pseudodiploria205219,-0.0170805435282476
Pseudodiploria205220,0.0378323452122705
Pseudodiploria205221,0.068494176800603
Pseudodiploria205222,0.182375333158728
Pseudodiploria205223,-0.00108284017322824
Pseudodiploria205224,0.00805523398647146
Pseudodiploria205225,-1.18064213466131
Pseudodiploria205226,-0.0122310568171306
Pseudodiploria205227,0.281558729779398
Pseudodiploria205228,-0.0473645438990659
Pseudodiploria205229,-0.00752070592628983
Pseudodiploria205230,-0.00951767745558288
Pseudodiploria205231,-0.0530582866011843
Pseudodiploria205232,0.00985575228013465
Pseudodiploria205233,-0.0952797022530706
Pseudodiploria205234,0.216806240779374
Pseudodiploria205235,-0.0991983645727115
Pseudodiploria205237,-0.00984814230989525
Pseudodiploria205238,0.582754903483613
Pseudodiploria205239,0.13542578668654
Pseudodiploria205240,-0.0671383507623098
Pseudodiploria205241,0.0835144789112222
Pseudodiploria205242,0.198736988799934
Pseudodiploria205243,0.331871832972439
Pseudodiploria205244,0.522665279776342
Pseudodiploria205245,-0.114102741320132
Pseudodiploria205246,0.00220662646542392
Pseudodiploria205247,0.0381957704173546
Pseudodiploria205248,-0.0104755202075465
Pseudodiploria205250,0.0309835033499481
Pseudodiploria205252,0.199255493565111
Pseudodiploria205253,0.000906905741636383
Pseudodiploria205254,0.0388524889531566
Pseudodiploria205255,0.238952614961614
Pseudodiploria205256,-0.00985575228013465
Pseudodiploria205257,-0.0170805435282476
Pseudodiploria205258,-0.0373676501072798
Pseudodiploria205259,0.00375519924096099
Pseudodiploria205260,-0.00752070592628983
Pseudodiploria205261,-0.0514505652101451
Pseudodiploria205262,0.133392363109506
Pseudodiploria205263,0.430897749580484
Pseudodiploria205264,0.67002176397718
Pseudodiploria205265,-0.0726125579484285
Pseudodiploria205266,0.105712954626844
Pseudodiploria205267,0.0331533515983598
Pseudodiploria205268,0.531836569835082
Pseudodiploria205269,0.0127326110625214
Pseudodiploria205270,-0.000906905741636383
Pseudodiploria205272,0.219708553140657
Pseudodiploria205273,0.137493226596158
Pseudodiploria205274,0.0190866029545538
Pseudodiploria205275,0.325503518522735
Pseudodiploria205276,-0.0172430971129502
Pseudodiploria205277,0.0393464129388693
Pseudodiploria205278,0.125165231760402
Pseudodiploria205279,0.10777766647629
Pseudodiploria205280,-0.106229844335489
Pseudodiploria205281,0.284380213404278
Pseudodiploria205282,-0.467619051855833
Pseudodiploria205283,0.226577120933776
Pseudodiploria205284,-0.268627398602992
Pseudodiploria205285,-0.00460445094605495
Pseudodiploria205286,-0.0932239612971331
Pseudodiploria205287,-0.00752070592628983
Pseudodiploria205288,0.375692576917067
Pseudodiploria205289,-0.0816759205608729
Pseudodiploria205290,0.0134629105566343
Pseudodiploria205291,0.0491381021219739
Pseudodiploria205292,0.175870120359592
Pseudodiploria205293,1.30530197849643
Pseudodiploria205294,-0.133107046891853
Pseudodiploria205295,-0.0211665754106414
Pseudodiploria205296,-0.0307386535386753
Pseudodiploria205297,0.0134629105566343
Pseudodiploria205298,0.0753449958098662
Pseudodiploria205299,0.281094811069032
Pseudodiploria205300,0.0824729825666632
Pseudodiploria205301,0.0197232850744253
Pseudodiploria205302,-0.0670780207577926
Pseudodiploria205304,0.293218333066338
Pseudodiploria205305,-0.0104300993340689
Pseudodiploria205306,0.330209739588202
Pseudodiploria205307,0.0365874921432617
Pseudodiploria205308,0.0839186001135885
Pseudodiploria205309,-0.0618418173375305
Pseudodiploria205310,0.0675138825620375
Pseudodiploria205311,0.0578822171464789
Pseudodiploria205312,-0.0236524432716372
Pseudodiploria205313,-0.0368772729737832
Pseudodiploria205314,0.0498596767144571
Pseudodiploria205315,-0.0316981022432377
Pseudodiploria205316,0.47778428401087
Pseudodiploria205317,0.0113287034840127
Pseudodiploria205318,-0.180136467476209
Pseudodiploria205319,-0.101873103148277
Pseudodiploria205320,-0.0976242053488848
Pseudodiploria205321,0.169380954191738
Pseudodiploria205322,-0.118791394633366
Pseudodiploria205323,-0.203184855282897
Pseudodiploria205324,0.0462741839703706
Pseudodiploria205325,-0.0115607120759399
Pseudodiploria205326,0.0305252162938733
Pseudodiploria205327,0.148078195552432
Pseudodiploria205328,1.07769792401088
Pseudodiploria205329,0.59199687635912
Pseudodiploria205330,0.197009148565958
Pseudodiploria205331,0.302070787212758
Pseudodiploria205332,-0.0936062843288432
Pseudodiploria205333,0.0586814332799396
Pseudodiploria205334,-0.0366433556659976
Pseudodiploria205336,0.180317030997147
Pseudodiploria205337,0.120341366815094
Pseudodiploria205338,0.020608594979212
Pseudodiploria205339,0.010615962086317
Pseudodiploria205340,0.0562030440887758
Pseudodiploria205342,0.10112822647597
Pseudodiploria205343,0.162627351258695
Pseudodiploria205344,-0.0225471216027452
Pseudodiploria205345,0.0543359526864829
Pseudodiploria205346,0.477057959586373
Pseudodiploria205347,0.131661193189697
Pseudodiploria205348,0.0182856789424413
Pseudodiploria205349,0.118464944051663
Pseudodiploria205350,0.0235055354055211
Pseudodiploria205351,0.00788157032292564
Pseudodiploria205352,-0.0098249270901827
Pseudodiploria205353,-0.0524018479255341
Pseudodiploria205354,0.608871948195711
Pseudodiploria205355,0.0474587552994343
Pseudodiploria205356,-0.0388524889531566
Pseudodiploria205357,-0.149882172213734
Pseudodiploria205358,-0.0794947690730128
Pseudodiploria205359,0.178606519993797
Pseudodiploria205360,0.0824729825666632
Pseudodiploria205361,-0.0303691210662817
Pseudodiploria205362,-0.0936794438119995
Pseudodiploria205363,0.0959105390387762
Pseudodiploria205365,0.0498596767144571
Pseudodiploria205366,-0.158402629056949
Pseudodiploria205367,0.0586443539731641
Pseudodiploria205368,-0.241848168922752
Pseudodiploria205369,0.193358688867107
Pseudodiploria205370,0.175870120359592
Pseudodiploria205371,-0.0380132351961059
Pseudodiploria205372,-0.0803816105868937
Pseudodiploria205374,-0.00464602739414049
Pseudodiploria205375,0.0096727111665189
Pseudodiploria205376,-0.362918535564814
Pseudodiploria205377,0.135594074296238
Pseudodiploria205378,-0.0299771807609095
Pseudodiploria205379,-0.107271972101072
Pseudodiploria205380,0.185883596863383
Pseudodiploria205381,-0.0793951304523601
Pseudodiploria205382,0.37205368289197
Pseudodiploria205383,-0.601108055905012
Pseudodiploria205384,0.226097162834866
Pseudodiploria205385,0.258476143993594
Pseudodiploria205386,-0.00283322773344166
Pseudodiploria205387,0.0128065421028733
Pseudodiploria205389,-0.0776149599000192
Pseudodiploria205390,0.124012066144799
Pseudodiploria205392,0.036058434987291
Pseudodiploria205393,-0.0446813043164809
Pseudodiploria205394,-0.100253328065153
Pseudodiploria205395,1.03896307847389
Pseudodiploria205396,0.0624978577576575
Pseudodiploria205397,0.0972450616914985
Pseudodiploria205398,0.00116229498903307
Pseudodiploria205399,0.0137195671248525
Pseudodiploria205400,-0.332936007357343
Pseudodiploria205401,0.150348921517702
Pseudodiploria205402,0.155094476631733
Pseudodiploria205403,-0.00245869215036901
Pseudodiploria205404,-0.0717473111222428
Pseudodiploria205405,0.169813135243214
Pseudodiploria205406,-0.220906573407394
Pseudodiploria205407,-0.0140262939776633
Pseudodiploria205408,-0.0569740844958047
Pseudodiploria205409,0.00609125227080745
Pseudodiploria20541,0.135647102210625
Pseudodiploria205410,0.466824884271455
Pseudodiploria205411,0.15151371492445
Pseudodiploria205412,0.149882172213734
Pseudodiploria205413,0.173298203746362
Pseudodiploria205414,0.362538011971117
Pseudodiploria205415,0.0200743343716562
Pseudodiploria205416,-0.000393351994025862
Pseudodiploria205417,0.291209920022301
Pseudodiploria205418,0.129906941344188
Pseudodiploria205419,-0.0461208029156994
Pseudodiploria205420,-0.0222592766096866
Pseudodiploria205421,0.0127326110625214
Pseudodiploria205422,0.221078912546854
Pseudodiploria205423,0.118432857006476
Pseudodiploria205424,0.0889756864268455
Pseudodiploria205425,-0.00401815682185019
Pseudodiploria205426,0.824872097644826
Pseudodiploria205427,-0.0446813043164809
Pseudodiploria205428,-0.0458628906052394
Pseudodiploria205429,-0.672445361097508
Pseudodiploria205430,0.142473258683416
Pseudodiploria205431,-0.00993152371219423
Pseudodiploria205432,0.120067056156881
Pseudodiploria205433,-0.00999133167041006
Pseudodiploria205434,0.000906905741636383
Pseudodiploria205435,0.116322888611946
Pseudodiploria205436,0.0190866029545538
Pseudodiploria205437,0.176642679307238
Pseudodiploria205438,0.0196296786496935
Pseudodiploria205439,0.170964556223876
Pseudodiploria205440,-0.055951985509345
Pseudodiploria205441,-0.0520373403286872
Pseudodiploria205442,-0.0856741200635231
Pseudodiploria205443,0.154257148596633
Pseudodiploria205444,0.079336957143971
Pseudodiploria205445,0.530586260203535
Pseudodiploria205446,0.0200981216376129
Pseudodiploria205447,0.0887148598888314
Pseudodiploria205448,0.0804226174757357
Pseudodiploria205449,-0.0746574059744219
Pseudodiploria205450,-0.197372851605056
Pseudodiploria205452,-0.103566949628369
Pseudodiploria205453,0.352816722670299
Pseudodiploria205454,-0.0360410597649232
Pseudodiploria205455,0.295483860612966
Pseudodiploria205456,0.0474190908279118
Pseudodiploria205457,-0.301001039416491
Pseudodiploria205458,-0.00448954283607219
Pseudodiploria205459,0.0365997574154289
Pseudodiploria205460,-0.00460445094605495
Pseudodiploria205461,0.0203808192965225
Pseudodiploria205462,-0.311799138047474
Pseudodiploria205463,0.0173163340883263
Pseudodiploria205464,-0.208519531508714
Pseudodiploria205465,0.0122310568171306
Pseudodiploria205466,-0.0385895248141717
Pseudodiploria205467,0.23634467735086
Pseudodiploria205468,0.204536651722968
Pseudodiploria205469,-0.0134103613476441
Pseudodiploria205470,0.709994866825098
Pseudodiploria205471,0.606401839854101
Pseudodiploria205472,0.103501418928206
Pseudodiploria205474,0.12679622167885
Pseudodiploria205475,0.00340403769378469
Pseudodiploria205476,0.00155698046984695
Pseudodiploria205477,0.0113664418243331
Pseudodiploria205478,0.00176471023644827
Pseudodiploria205479,-0.121144270443071
Pseudodiploria205480,0.000906905741636383
Pseudodiploria205481,0.204950364908108
Pseudodiploria205482,0.0550334417801263
Pseudodiploria205483,0.0281489781595517
Pseudodiploria205484,0.11717807846669
Pseudodiploria205485,-0.0704857852367197
Pseudodiploria205486,0.182375333158728
Pseudodiploria205487,-0.0613637553269769
Pseudodiploria205488,-0.147978065485745
Pseudodiploria205489,0.0529356070495291
Pseudodiploria205490,-0.00633718335556019
Pseudodiploria205491,-0.210811941584655
Pseudodiploria205492,0.0200981216376129
Pseudodiploria205493,0.024688394966228
Pseudodiploria205494,0.621517881538902
Pseudodiploria205495,-0.0430214295963003
Pseudodiploria205496,0.137167704167093
Pseudodiploria205497,-0.0251809822549863
Pseudodiploria205498,-0.00601783339266792
Pseudodiploria205499,0.000805218249167601
Pseudodiploria205500,0.356379964660828
Pseudodiploria205501,-0.00731908876194208
Pseudodiploria205502,-0.0843353423824519
Pseudodiploria205503,0.0531771834880234
Pseudodiploria205504,0.0418695108178824
Pseudodiploria205505,0.197745551504638
Pseudodiploria205506,0.12679622167885
Pseudodiploria205507,0.0250462939344542
Pseudodiploria205508,-0.0515140866605981
Pseudodiploria205509,0.125657172329744
Pseudodiploria205510,-0.0166641142059894
Pseudodiploria205511,-0.477114198889799
Pseudodiploria205512,0.15882884495956
Pseudodiploria205513,1.4296383969277
Pseudodiploria205514,0.127035259580983
Pseudodiploria205515,-0.00448954283607219
Pseudodiploria205516,0.00752070592628983
Pseudodiploria205517,0.530586260203535
Pseudodiploria205518,0.363436130529689
Pseudodiploria205519,0.217160733442194
Pseudodiploria205520,0.704374188080226
Pseudodiploria205521,0.0753449958098662
Pseudodiploria205522,0.540403927770138
Pseudodiploria205523,-0.0524743753114392
Pseudodiploria205524,0.0760179157114923
Pseudodiploria205525,-0.0807831266266936
Pseudodiploria205526,0.0868335106979527
Pseudodiploria205527,0.890958103257502
Pseudodiploria205528,0.0360410597649232
Pseudodiploria205529,-0.0299776531509656
Pseudodiploria205530,0.296976567223224
Pseudodiploria205531,0.00135557974001646
Pseudodiploria205532,-0.0228810321846523
Pseudodiploria205533,0.307583878480404
Pseudodiploria205534,0.156219997545398
Pseudodiploria205535,0.206452680881308
Pseudodiploria205536,0.139867066901955
Pseudodiploria205537,-0.0306921275187215
Pseudodiploria205538,-0.438984998558012
Pseudodiploria205539,0.547937681204301
Pseudodiploria205540,-0.621669480919163
Pseudodiploria205541,0.0963246589542052
Pseudodiploria205542,-0.0177746559089545
Pseudodiploria205543,0.101162141722685
Pseudodiploria205544,0.461396697131977
Pseudodiploria205545,0.0908812335766666
Pseudodiploria205546,0.018945603640231
Pseudodiploria205547,0.0242684827958791
Pseudodiploria205549,-0.00566797336955692
Pseudodiploria205550,-0.0309143186722524
Pseudodiploria205551,0.175870120359592
Pseudodiploria205552,0.0550655769754862
Pseudodiploria205553,0.351238502502723
Pseudodiploria205554,0.00937979121976445
Pseudodiploria205555,0.0768816661231725
Pseudodiploria205556,-0.188297221325071
Pseudodiploria205557,0.813156439335197
Pseudodiploria205558,0.0609155419451495
Pseudodiploria205559,0.101162141722685
Pseudodiploria205560,0.100388183040797
Pseudodiploria205561,0.0152136949901382
Pseudodiploria205562,0.0857383241513508
Pseudodiploria205563,0.00562223268542358
Pseudodiploria205564,0.0445668785154165
Pseudodiploria205565,0.453367188220361
Pseudodiploria205566,0.317788239156078
Pseudodiploria205567,0.130277642362444
Pseudodiploria205568,0.00752070592628983
Pseudodiploria205569,-0.129152118519046
Pseudodiploria205570,0.227001792866885
Pseudodiploria205571,-0.0952797022530706
Pseudodiploria205572,-0.0127096792715235
Pseudodiploria205573,0.329654661379721
Pseudodiploria205574,0.0428480215488344
Pseudodiploria205575,0.465258651915898
Pseudodiploria20727,0.185070042210727
Pseudodiploria20736,0.0169320533544394
Pseudodiploria21091,0.0578842663062
Pseudodiploria212375,0.0379838652474427
Pseudodiploria213373,0.0939336989981227
Pseudodiploria214270,-1.16700627546845
Pseudodiploria215462,-0.0228810321846523
Pseudodiploria21592,0.0122310568171306
Pseudodiploria21626,0.0951921541713237
Pseudodiploria216854,0.0513359223175875
Pseudodiploria219147,0.0105254000113502
Pseudodiploria22050,-0.183939221337479
Pseudodiploria222347,-0.142272742359614
Pseudodiploria22562,-0.0203393960048497
Pseudodiploria22727,-0.0639053552060063
Pseudodiploria22818,-0.124975570128776
Pseudodiploria22924,0.00465364134155797
Pseudodiploria229953,-0.540383890693878
Pseudodiploria232031,0.00402446899733638
Pseudodiploria233980,-0.0027216740068393
Pseudodiploria234131,0.0109584347606963
Pseudodiploria234480,-0.118777838425892
Pseudodiploria234626,0.0267307365344115
Pseudodiploria23589,0.281094811069032
Pseudodiploria236055,0.00782575024261055
Pseudodiploria238978,-0.168134789308555
Pseudodiploria244456,0.0512938977334132
Pseudodiploria244539,-0.0761183602513037
Pseudodiploria245929,0.54348576009695
Pseudodiploria246332,0.0264686535051189
Pseudodiploria247421,-0.00493906845320342
Pseudodiploria24939,-0.135647102210625
Pseudodiploria249717,0.318501896926458
Pseudodiploria250624,0.500080104888522
Pseudodiploria251329,-0.0559951846512741
Pseudodiploria251786,-0.180960064525393
Pseudodiploria252869,-0.515806364528654
Pseudodiploria25499,0.183546873042974
Pseudodiploria26035,0.0768841339447104
Pseudodiploria26211,-0.0908812335766666
Pseudodiploria263582,0.403445868755303
Pseudodiploria263983,0.147978065485745
Pseudodiploria264033,0.569607511743632
Pseudodiploria264345,0.166795524119987
Pseudodiploria264476,0.658234462073792
Pseudodiploria266972,0.0305252162938733
Pseudodiploria267186,1.51276879069525
Pseudodiploria270243,0.0868335106979527
Pseudodiploria271325,0.053761097883355
Pseudodiploria273216,-0.0249027998155114
Pseudodiploria276884,-0.0174010261544528
Pseudodiploria279832,-0.173709184482145
Pseudodiploria281665,-0.544533418545652
Pseudodiploria283855,-0.0629233139443061
Pseudodiploria28432,-0.0377633284405683
Pseudodiploria284379,-0.0378323452122705
Pseudodiploria287196,-0.00798203736345584
Pseudodiploria287824,-0.0757306837059309
Pseudodiploria28803,-0.867967751628203
Pseudodiploria29032,-0.139478885297567
Pseudodiploria29238,-0.144096453167478
Pseudodiploria293394,-0.2589602859124
Pseudodiploria299687,0.0122310568171306
Pseudodiploria30264,-0.0105254000113502
Pseudodiploria30316,0.0279369994032745
Pseudodiploria304480,0.111561871492882
Pseudodiploria30721,-0.00460445094605495
Pseudodiploria307406,-0.0579898427485898
Pseudodiploria307949,-0.0322148406289241
Pseudodiploria308557,-0.0829837732921241
Pseudodiploria309003,0.123852467722694
Pseudodiploria310053,0.318501896926458
Pseudodiploria312354,0.0835144789112222
Pseudodiploria31760,-0.0599154076776022
Pseudodiploria319325,-0.196214550481321
Pseudodiploria32329,-0.0536925190380824
Pseudodiploria323387,0.243209907829441
Pseudodiploria326217,0.296987591248989
Pseudodiploria326492,0.351264611972902
Pseudodiploria32751,0.656165205290721
Pseudodiploria327719,0.0941589132260883
Pseudodiploria328981,0.25519532211631
Pseudodiploria331839,0.00885894532179681
Pseudodiploria33256,-0.010615962086317
Pseudodiploria332636,-0.567326045239948
Pseudodiploria333170,0.415711462027538
Pseudodiploria334777,0.0715024265285128
Pseudodiploria335280,-0.183546873042974
Pseudodiploria335428,-0.0433551013360765
Pseudodiploria335842,-0.0503229980254534
Pseudodiploria336430,-0.520264727471349
Pseudodiploria34037,0.00566797336955692
Pseudodiploria341077,-0.0772866694706953
Pseudodiploria34205,-0.0575896476922196
Pseudodiploria34222,-0.0112179051449366
Pseudodiploria342959,-0.00175171498295755
Pseudodiploria34479,-0.00609125227080745
Pseudodiploria34681,0.155560990066434
Pseudodiploria348436,0.00544398482047761
Pseudodiploria350992,0.891856809349454
Pseudodiploria35284,-0.02096402750002
Pseudodiploria353617,0.0267076200181193
Pseudodiploria35591,0.54348576009695
Pseudodiploria35625,-0.149882172213734
Pseudodiploria356374,-0.11237006751695
Pseudodiploria356459,0.332936007357343
Pseudodiploria357568,-0.0471128317120393
Pseudodiploria361051,-0.138957802081253
Pseudodiploria36132,0.621669480919163
Pseudodiploria361420,0.00303112152210068
Pseudodiploria361513,-0.382497691784273
Pseudodiploria361831,-0.0161245280359211
Pseudodiploria36217,0.0456385699132763
Pseudodiploria36587,-0.105315618068071
Pseudodiploria368413,0.0305252162938733
Pseudodiploria369843,0.697020738164318
Pseudodiploria370373,-0.0569740844958047
Pseudodiploria371390,-0.207973893009886
Pseudodiploria371782,0.558217484934582
Pseudodiploria372185,-0.0491353327930848
Pseudodiploria37249,-0.500080104888522
Pseudodiploria373175,-0.32024986738169
Pseudodiploria375084,0.0648034261708774
Pseudodiploria375114,-0.204950364908108
Pseudodiploria375694,-0.068494176800603
Pseudodiploria37673,-0.0175687477501836
Pseudodiploria37797,0.0145490282755426
Pseudodiploria3786,0.122791586587212
Pseudodiploria381675,0.888710312478897
Pseudodiploria382883,0.343097064972705
Pseudodiploria38525,0.0216496880452836
Pseudodiploria38534,0.293161888638773
Pseudodiploria386198,-0.0838104773929043
Pseudodiploria386221,-0.0152386276587438
Pseudodiploria387785,-0.0501004837903018
Pseudodiploria38911,0.0560577856892344
Pseudodiploria39521,0.132551192471879
Pseudodiploria397183,0.134007090402419
Pseudodiploria397291,-0.0251720999920586
Pseudodiploria39730,-0.127781313300471
Pseudodiploria398600,-0.441830556022771
Pseudodiploria399232,-0.0383108389965296
Pseudodiploria400924,-0.0796305238777171
Pseudodiploria40559,-1.29481983406067
Pseudodiploria405770,-0.353696875573716
Pseudodiploria406784,0.133331424083498
Pseudodiploria409655,-0.0265334997248099
Pseudodiploria409797,-0.0797074431114521
Pseudodiploria410650,0.0292256320015217
Pseudodiploria411222,-0.0142983996329851
Pseudodiploria4115,-0.11390166887851
Pseudodiploria411926,-0.0388524889531566
Pseudodiploria41380,0.0390092250199808
Pseudodiploria413827,-0.00212747895569464
Pseudodiploria41413,0.0390092250199808
Pseudodiploria41532,0.0665236267356213
Pseudodiploria416553,-0.0314600194330868
Pseudodiploria416636,0.0267076200181193
Pseudodiploria418101,-0.0182253586348746
Pseudodiploria42675,-0.293161888638773
Pseudodiploria43500,0.000830259094999953
Pseudodiploria4400,-0.0768229406557132
Pseudodiploria44593,-1.05899040059553
Pseudodiploria44698,-0.122938489295623
Pseudodiploria44813,0.23912328284483
Pseudodiploria46077,0.573595099133252
Pseudodiploria46207,-0.221120086772347
Pseudodiploria46525,-0.0225471216027452
Pseudodiploria46675,0.0203651955720433
Pseudodiploria47067,0.643771572021089
Pseudodiploria48586,0.331871832972439
Pseudodiploria4919,0.0726125579484285
Pseudodiploria51011,-0.200849720875987
Pseudodiploria51935,0.0033251761410974
Pseudodiploria5202,0.183316496187011
Pseudodiploria52249,-0.000801662118957428
Pseudodiploria53773,0.258476143993594
Pseudodiploria54417,0.42677453897588
Pseudodiploria54727,0.040703403326437
Pseudodiploria55302,-0.0513359223175875
Pseudodiploria55315,-0.0494233646855101
Pseudodiploria55828,-0.292987090783977
Pseudodiploria56223,0.114742670184194
Pseudodiploria56372,0.0799287934047502
Pseudodiploria56411,0.0474190908279118
Pseudodiploria56418,-0.0890166192200796
Pseudodiploria56496,0.00602262609631687
Pseudodiploria56532,-0.477114198889799
Pseudodiploria56593,0.0135335884790646
Pseudodiploria56622,-0.0033251761410974
Pseudodiploria56690,0.458621055292776
Pseudodiploria57229,-0.0456985762646337
Pseudodiploria57413,-0.167749454729045
Pseudodiploria57633,0.160479055345267
Pseudodiploria57800,0.840343919530202
Pseudodiploria58156,-0.0360410597649232
Pseudodiploria58247,-0.182375333158728
Pseudodiploria58478,-0.137975504118671
Pseudodiploria58677,-0.0350028441390106
Pseudodiploria5871,-0.0939336989981227
Pseudodiploria58856,-0.0122310568171306
Pseudodiploria59004,-0.32024986738169
Pseudodiploria59109,0.018945603640231
Pseudodiploria59469,0.133047007306172
Pseudodiploria59748,0.0386762166294499
Pseudodiploria59922,-0.382395668422845
Pseudodiploria60125,0.393479873960536
Pseudodiploria60163,0.178410045155115
Pseudodiploria60243,0.157366019388201
Pseudodiploria6026,1.651153176622
Pseudodiploria60451,-0.0595124810553853
Pseudodiploria60543,0.136999297853957
Pseudodiploria60712,0.159827893526555
Pseudodiploria60744,0.122771124039846
Pseudodiploria60843,0.0609131345027202
Pseudodiploria60855,0.136965868136308
Pseudodiploria61034,0.0524743753114392
Pseudodiploria61129,0.00135557974001646
Pseudodiploria61580,0.261704256810273
Pseudodiploria62234,-0.265043007707697
Pseudodiploria62304,0.0425519026005553
Pseudodiploria62723,0.149658603193823
Pseudodiploria62818,-0.26112314620188
Pseudodiploria63028,0.0267076200181193
Pseudodiploria63031,-0.0363869484973127
Pseudodiploria63211,0.0781093395891278
Pseudodiploria63413,-0.200560307059481
Pseudodiploria63621,-0.0481086382594035
Pseudodiploria63717,-2.23058075536502
Pseudodiploria63792,-1.00124577574967
Pseudodiploria64020,0.417893241035018
Pseudodiploria64249,0.0650183902533435
Pseudodiploria64254,-0.0939085417173678
Pseudodiploria64345,0.319184251337482
Pseudodiploria64447,-0.0538752787934436
Pseudodiploria64577,-0.441830556022771
Pseudodiploria6462,0.0967904632115793
Pseudodiploria64782,0.0195828533545657
Pseudodiploria64997,0.25875197876912
Pseudodiploria65066,-0.00805523398647146
Pseudodiploria65094,0.227001792866885
Pseudodiploria65113,-0.00116229498903307
Pseudodiploria65240,0.0817518085919977
Pseudodiploria65268,0.0122310568171306
Pseudodiploria65299,0.0744631008353718
Pseudodiploria65570,-0.0513050064663257
Pseudodiploria65684,-0.00522771163032922
Pseudodiploria65766,0.0516213150465251
Pseudodiploria65855,-0.0626259835096685
Pseudodiploria65906,0.123749331392629
Pseudodiploria65957,1.09836441659463
Pseudodiploria66019,0.142473258683416
Pseudodiploria66163,-0.0145490282755426
Pseudodiploria6621,0.0306921275187215
Pseudodiploria66327,0.00798203736345584
Pseudodiploria66540,0.054786695813094
Pseudodiploria66544,0.328174968715593
Pseudodiploria66571,0.0144278460955526
Pseudodiploria66583,-0.0160805984555542
Pseudodiploria66688,0.296987591248989
Pseudodiploria66723,-0.352816722670299
Pseudodiploria66779,0.431055880970352
Pseudodiploria66983,0.149882172213734
Pseudodiploria67035,0.0228810321846523
Pseudodiploria67058,0.0897538862516614
Pseudodiploria6707,-0.146185611840187
Pseudodiploria67127,1.24844604763665
Pseudodiploria67193,-0.192113939298178
Pseudodiploria67275,-0.303308852519184
Pseudodiploria67309,-0.245806956186041
Pseudodiploria67436,-1.74490661554539
Pseudodiploria67488,-0.16844836031636
Pseudodiploria6753,-0.203184855282897
Pseudodiploria67714,-0.178410045155115
Pseudodiploria67717,-2.4921014649751
Pseudodiploria67733,0.0779952940563034
Pseudodiploria67814,0.387707558862992
Pseudodiploria68007,0.0492127049806734
Pseudodiploria68068,-0.0450244151411162
Pseudodiploria68113,0.00303112152210068
Pseudodiploria68168,-0.200849720875987
Pseudodiploria68281,-0.140723065864038
Pseudodiploria68288,0.0579898427485898
Pseudodiploria68411,0.0513050064663257
Pseudodiploria68911,0.00150084064563322
Pseudodiploria69085,0.0381957704173546
Pseudodiploria69481,-0.0378323452122705
Pseudodiploria69636,0.109110609395792
Pseudodiploria69670,-0.366358907178529
Pseudodiploria69718,-0.0250847280178852
Pseudodiploria69948,0.0669480077541218
Pseudodiploria69958,-0.15833287842132
Pseudodiploria70234,0.173709184482145
Pseudodiploria70580,0.0228810321846523
Pseudodiploria70903,-0.357850013174943
Pseudodiploria71324,0.302719971868338
Pseudodiploria71456,-0.000960148118652156
Pseudodiploria71545,-0.168420745633323
Pseudodiploria71567,-0.135647102210625
Pseudodiploria71695,0.068494176800603
Pseudodiploria71757,0.304648122358706
Pseudodiploria71842,-0.0134014910069252
Pseudodiploria72136,-0.0826904216282726
Pseudodiploria72144,0.00402446899733638
Pseudodiploria72189,-0.00985575228013465
Pseudodiploria72207,-0.0560577856892344
Pseudodiploria72249,0.166123276432685
Pseudodiploria72306,-0.0543359526864829
Pseudodiploria72367,-0.601108055905012
Pseudodiploria72471,0.00293321269522687
Pseudodiploria72652,0.0726809997176615
Pseudodiploria72679,0.0586814332799396
Pseudodiploria72697,0.0119433755140726
Pseudodiploria72826,-0.0871335912478651
Pseudodiploria72881,-0.000906905741636383
Pseudodiploria73014,0.0742870528323431
Pseudodiploria73083,-0.0388524889531566
Pseudodiploria73198,0.386442562465707
Pseudodiploria73382,0.105712954626844
Pseudodiploria73624,-0.0374611247849841
Pseudodiploria73864,-0.313515870399348
Pseudodiploria73891,-0.0975578028435609
Pseudodiploria74022,0.0830214401593663
Pseudodiploria74026,-0.0898428032159118
Pseudodiploria74161,0.100882876515047
Pseudodiploria74238,-0.0870137876690233
Pseudodiploria74294,0.0363869484973127
Pseudodiploria74414,-0.0314869001051083
Pseudodiploria74516,0.128138712893503
Pseudodiploria74531,0.155560990066434
Pseudodiploria74815,-0.17710298244099
Pseudodiploria74892,0.426452130486694
Pseudodiploria74904,-0.221662714828637
Pseudodiploria74978,-0.284962295858417
Pseudodiploria75094,-0.0238242830853124
Pseudodiploria75288,-0.687075301927056
Pseudodiploria75507,-0.0165694951473312
Pseudodiploria7553,-0.0636485716766023
Pseudodiploria75603,-0.658024817893654
Pseudodiploria75610,1.09731915193083
Pseudodiploria75812,0.0555981926505917
Pseudodiploria75839,-0.00811698588640245
Pseudodiploria76066,-0.776730318365049
Pseudodiploria76144,-0.0481715955176739
Pseudodiploria76164,-0.386442562465707
Pseudodiploria76426,-0.0127900856229228
Pseudodiploria76464,0.458621055292776
Pseudodiploria76518,-0.183091141039088
Pseudodiploria76557,-0.046336705092564
Pseudodiploria76749,0.0446813043164809
Pseudodiploria76789,0.413220922359326
Pseudodiploria76855,-0.175870120359592
Pseudodiploria76858,0.0796305238777171
Pseudodiploria76976,-0.0803106741710958
Pseudodiploria77160,0.0182253586348746
Pseudodiploria77300,0.0764636797055581
Pseudodiploria77303,0.0671383507623098
Pseudodiploria77367,0.00782575024261055
Pseudodiploria77504,-0.0497072970391567
Pseudodiploria77522,-0.00506029010511641
Pseudodiploria77559,-0.0225433368989467
Pseudodiploria77585,0.0406792655363461
Pseudodiploria78507,-0.0154255109839881
Pseudodiploria78729,-0.0470772380527996
Pseudodiploria78732,0.369234314835038
Pseudodiploria78835,-0.386461899435712
Pseudodiploria78860,-0.201361459508497
Pseudodiploria78952,0.6935980079687
Pseudodiploria79185,-0.0238533983049501
Pseudodiploria79189,0.645186833235603
Pseudodiploria79380,0.219561135604733
Pseudodiploria79481,-0.0695656235485358
Pseudodiploria79561,0.0225471216027452
Pseudodiploria79606,-0.180960064525393
Pseudodiploria79837,0.257761192623984
Pseudodiploria79880,0.0699589824709768
Pseudodiploria80124,-0.0172430971129502
Pseudodiploria8016,0.0203225082211775
Pseudodiploria80228,0.156133680134706
Pseudodiploria80350,0.0695902780918787
Pseudodiploria8037,-0.329215914023366
Pseudodiploria80425,0.0399627259855849
Pseudodiploria80508,0.105255273333736
Pseudodiploria80831,-0.0503846406604819
Pseudodiploria80880,-0.00166938260831778
Pseudodiploria80906,0.00104472527286809
Pseudodiploria8103,-0.117866897908808
Pseudodiploria81085,-0.0569454929425724
Pseudodiploria81979,-0.252773270606782
Pseudodiploria82470,0.120341366815094
Pseudodiploria82579,0.0514868285550248
Pseudodiploria82612,0.0721179957318664
Pseudodiploria82689,0.0098249270901827
Pseudodiploria83015,0.0560125984078261
Pseudodiploria83045,-0.0261407154315646
Pseudodiploria83077,-0.170964556223876
Pseudodiploria83362,-0.54945728862367
Pseudodiploria83397,0.987223128737428
Pseudodiploria83439,-0.136636059394983
Pseudodiploria83478,0.00708040686669002
Pseudodiploria83483,0.353696875573716
Pseudodiploria83515,0.345209042008937
Pseudodiploria83773,-0.382497691784273
Pseudodiploria83788,-0.00176471023644827
Pseudodiploria83929,0.0386762166294499
Pseudodiploria83945,0.132508702053249
Pseudodiploria84093,0.37291820396381
Pseudodiploria84348,-0.0609155419451495
Pseudodiploria8435,0.0847286104065176
Pseudodiploria84375,0.0456985762646337
Pseudodiploria84433,-0.0119433755140726
Pseudodiploria84521,0.314616600386443
Pseudodiploria84583,0.49594591118308
Pseudodiploria84650,0.163299760948644
Pseudodiploria84800,-0.00718293777132831
Pseudodiploria84865,1.05059878743546
Pseudodiploria84919,0.103360816175429
Pseudodiploria84923,-0.264759987023492
Pseudodiploria85148,0.134047534847026
Pseudodiploria85306,0.0512938977334132
Pseudodiploria85345,0.0313631021357842
Pseudodiploria85536,0.0120028690497059
Pseudodiploria85660,0.382497691784273
Pseudodiploria85917,-0.0196296786496935
Pseudodiploria85920,0.142473258683416
Pseudodiploria86006,0.12679622167885
Pseudodiploria86081,0.158270047338869
Pseudodiploria86112,0.457109404659658
Pseudodiploria86128,0.0319292089533915
Pseudodiploria86542,-0.205956030847809
Pseudodiploria86631,0.0498596767144571
Pseudodiploria86697,-0.243209907829441
Pseudodiploria86736,0.0488738456325959
Pseudodiploria86881,0.59199687635912
Pseudodiploria86945,-0.0810378829563655
Pseudodiploria8695,0.0703401569037314
Pseudodiploria86956,0.00752070592628983
Pseudodiploria86968,0.457891888219477
Pseudodiploria87002,0.0550334417801263
Pseudodiploria87053,0.706341470040502
Pseudodiploria87219,0.345704654110764
Pseudodiploria87276,-0.0512539908750511
Pseudodiploria87282,0.0351516157598553
Pseudodiploria87352,-0.0422462499033459
Pseudodiploria87365,0.375692576917067
Pseudodiploria87445,0.126835014264632
Pseudodiploria87487,0.23534009186048
Pseudodiploria87697,0.0153216451366823
Pseudodiploria87774,-0.0154255109839881
Pseudodiploria87804,-0.0126954814778938
Pseudodiploria87990,-0.112641704592565
Pseudodiploria88035,-0.22404743705969
Pseudodiploria88074,0.118255492890669
Pseudodiploria88127,0.156219997545398
Pseudodiploria88200,-0.0946223323886317
Pseudodiploria88202,-0.134007090402419
Pseudodiploria88205,0.128173389005198
Pseudodiploria88315,0.0182856789424413
Pseudodiploria88473,-0.00633718335556019
Pseudodiploria88496,-0.0122310568171306
Pseudodiploria88536,0.0823334438480355
Pseudodiploria88573,-0.0803106741710958
Pseudodiploria88682,-0.310987271352205
Pseudodiploria88738,0.200134702478709
Pseudodiploria88918,-0.10901492881863
Pseudodiploria88932,0.201361459508497
Pseudodiploria88951,0.0474190908279118
Pseudodiploria89031,-0.055951985509345
Pseudodiploria89066,1.1650132972521
Pseudodiploria89412,0.443171513613755
Pseudodiploria89525,0.13542578668654
Pseudodiploria89677,-0.0118150891995402
Pseudodiploria89803,1.00124577574967
Pseudodiploria89810,-0.313415738532296
Pseudodiploria89849,0.239115458491367
Pseudodiploria89890,0.114721658638104
Pseudodiploria89927,0.140256304268261
Pseudodiploria89956,-0.115311735532415
Pseudodiploria90125,-0.200781485003451
Pseudodiploria90132,0.227317025479897
Pseudodiploria90141,-0.243209907829441
Pseudodiploria90155,-0.00562060052062581
Pseudodiploria90187,0.0474190908279118
Pseudodiploria90311,0.0517687941334423
Pseudodiploria90364,0.131661193189697
Pseudodiploria90429,0.0555981926505917
Pseudodiploria90460,0.0781966069938534
Pseudodiploria90464,-0.0217048141592268
Pseudodiploria90486,-0.0859430221705029
Pseudodiploria90594,-0.405446349460759
Pseudodiploria90735,-0.160694460684337
Pseudodiploria90846,-0.102342303708831
Pseudodiploria90861,-0.00166938260831778
Pseudodiploria90874,-0.0388524889531566
Pseudodiploria90914,0.0939085417173678
Pseudodiploria91075,0.250577035026978
Pseudodiploria91090,0.0586814332799396
Pseudodiploria91130,-0.020608594979212
Pseudodiploria91199,0.0018205355419667
Pseudodiploria91227,-0.100388183040797
Pseudodiploria91252,-0.0725702622251529
Pseudodiploria91406,-0.215838079272981
Pseudodiploria91422,-0.0932239612971331
Pseudodiploria91437,0.0268579029074487
Pseudodiploria91533,0.0305252162938733
Pseudodiploria91604,-0.0216496880452836
Pseudodiploria91715,0.0730645662000136
Pseudodiploria91718,-0.0515140866605981
Pseudodiploria91753,-0.210811941584655
Pseudodiploria91825,0.0536675087390578
Pseudodiploria9193,0.977468314534455
Pseudodiploria92287,-0.0228810321846523
Pseudodiploria923,-0.118753589125365
Pseudodiploria92399,0.00251210268695734
Pseudodiploria92419,-0.0371691305137451
Pseudodiploria92534,0.0305252162938733
Pseudodiploria92651,-0.0251809822549863
Pseudodiploria92817,0.00201533232044185
Pseudodiploria93195,0.0529599211977148
Pseudodiploria93260,-0.025827901639413
Pseudodiploria93319,0.183546873042974
Pseudodiploria93361,-0.522932313458967
Pseudodiploria93435,0.461683160157618
Pseudodiploria93499,0.255623875114725
Pseudodiploria93531,0.00445726475158163
Pseudodiploria93551,0.00867980296142241
Pseudodiploria93553,0.0676975938647855
Pseudodiploria93648,0.101951828404083
Pseudodiploria93691,-0.00794795667780054
Pseudodiploria93757,0.0479875685228901
Pseudodiploria93758,0.0145490282755426
Pseudodiploria93819,-5.07751480510519
Pseudodiploria93826,-0.0113664418243331
Pseudodiploria93848,0.0123739815678352
Pseudodiploria93885,0.00910270206065815
Pseudodiploria93906,0.0292029881990653
Pseudodiploria93921,-0.000906905741636383
Pseudodiploria9408,-0.0991983645727115
Pseudodiploria94108,0.000906905741636383
Pseudodiploria94158,0.0695902780918787
Pseudodiploria94370,0.0298934098793998
Pseudodiploria94414,-0.0830639110224642
Pseudodiploria94416,0.0676975938647855
Pseudodiploria94476,0.633844749413241
Pseudodiploria94559,0.0939085417173678
Pseudodiploria94570,0.0387157604101376
Pseudodiploria94605,0.0824729825666632
Pseudodiploria94657,-0.0657643436538348
Pseudodiploria94680,-0.035961102075781
Pseudodiploria94759,0.267727649965258
Pseudodiploria94815,-0.215838079272981
Pseudodiploria95126,0.0142288210346364
Pseudodiploria95241,0.199089706108367
Pseudodiploria95284,-0.0170805435282476
Pseudodiploria95529,0.275155112441625
Pseudodiploria95541,0.00798203736345584
Pseudodiploria95545,-0.0595107276228227
Pseudodiploria95668,0.773835471840286
Pseudodiploria95701,-0.355945572228242
Pseudodiploria95707,-0.32024986738169
Pseudodiploria95872,0.840343919530202
Pseudodiploria96045,-0.401318111017106
Pseudodiploria96103,-0.0177746559089545
Pseudodiploria96305,0.486105454778308
Pseudodiploria96342,-0.0112179051449366
Pseudodiploria96456,0.263556824685005
Pseudodiploria96519,-0.0267770304675005
Pseudodiploria96554,0.0838104773929043
Pseudodiploria96573,-0.231887578055366
Pseudodiploria96611,-0.014771991148648
Pseudodiploria96644,0.153545419940487
Pseudodiploria96656,-0.563981193884711
Pseudodiploria96710,-0.166738179044999
Pseudodiploria96854,-0.324563397791703
Pseudodiploria96886,0.119614583529747
Pseudodiploria96903,-0.128138712893503
Pseudodiploria96966,0.0524745044947183
Pseudodiploria97146,-0.0484011761577907
Pseudodiploria97289,0.0448011344761094
Pseudodiploria97310,0.068494176800603
Pseudodiploria97420,0.0570121724632558
Pseudodiploria97723,-0.0418623527504418
Pseudodiploria97764,0.200781485003451
Pseudodiploria97776,-0.123930663311082
Pseudodiploria97796,0.204950364908108
Pseudodiploria97895,0.0816457395601214
Pseudodiploria97937,-0.0563357407914688
Pseudodiploria97995,0.352230755068024
Pseudodiploria98008,0.00766449848869811
Pseudodiploria98046,0.00283322773344166
Pseudodiploria98049,-0.00187029333003072
Pseudodiploria98081,0.498687729631404
Pseudodiploria98085,-0.0366433556659976
Pseudodiploria98087,-0.0373676501072798
Pseudodiploria98173,0.0051625648864808
Pseudodiploria98255,0.0971641955374569
Pseudodiploria98386,-0.0234442206192344
Pseudodiploria98427,0.128461106305692
Pseudodiploria98466,0.212447961427275
Pseudodiploria98478,0.138850262369175
Pseudodiploria98546,0.0133748999095633
Pseudodiploria98643,0.166329091051919
Pseudodiploria98663,0.0946159178829006
Pseudodiploria98801,0.355945572228242
Pseudodiploria98809,0.0942177466077004
Pseudodiploria98909,1.17235224081451
Pseudodiploria98936,0.178410045155115
Pseudodiploria99002,-0.00887057842557879
Pseudodiploria99058,-0.49165687226924
Pseudodiploria99111,-0.0587397498474649
Pseudodiploria99279,0.0315524364500458
Pseudodiploria99294,0.0416565018479693
Pseudodiploria99428,0.17283498278918
Pseudodiploria99465,0.415525168617854
Pseudodiploria99598,0.0530582866011843
Pseudodiploria99599,-0.178606519993797
Pseudodiploria99627,-0.356379964660828
Pseudodiploria99899,-0.0381957704173546
Pseudodiploria99944,-0.140865293404101
