gene,lfc
Symbiodinium10001,0.320744408932222
Symbiodinium10007,0.058705233632128
Symbiodinium10020,0.267722209113634
Symbiodinium10029,0.301650337729033
Symbiodinium10030,-0.0631753063781685
Symbiodinium10032,0.0947821715188576
Symbiodinium10039,0.409534467533918
Symbiodinium10047,0.265387843136101
Symbiodinium10050,-0.165922793643824
Symbiodinium10066,-0.0362710209025017
Symbiodinium10074,0.0567433065406922
Symbiodinium10075,0.0891030322087511
Symbiodinium10087,-0.0994305840580053
Symbiodinium10090,0.301139931358198
Symbiodinium10093,-0.0622554352656653
Symbiodinium10095,0.365949734358242
Symbiodinium10107,0.13294485278087
Symbiodinium10120,-0.061127150526415
Symbiodinium10129,0.11007311413672
Symbiodinium10135,0.245538105451796
Symbiodinium10139,0.0381432851545155
Symbiodinium10143,0.116959045356284
Symbiodinium10145,-0.284704654677196
Symbiodinium10154,0.140111584869032
Symbiodinium10158,-0.148478320013459
Symbiodinium10159,0.116542918086779
Symbiodinium10160,0.292878529240988
Symbiodinium10181,-0.214680130649486
Symbiodinium10186,-0.0185432546560339
Symbiodinium10196,0.195266985438928
Symbiodinium10197,0.318442451070205
Symbiodinium10199,-0.0795082189923741
Symbiodinium10202,0.108267869680206
Symbiodinium10203,-0.020718224083098
Symbiodinium10222,0.405559108992517
Symbiodinium10227,-0.097078855686071
Symbiodinium10233,-0.0177349583029794
Symbiodinium10234,-0.65317376591393
Symbiodinium10247,-0.205390294498883
Symbiodinium10254,0.190475871451901
Symbiodinium10256,0.00918461919538663
Symbiodinium10273,-0.0148787233594469
Symbiodinium10302,-0.105267108548024
Symbiodinium10308,-0.0733214091204613
Symbiodinium10313,-0.389141346281591
Symbiodinium10318,-0.093163448170283
Symbiodinium10328,0.601701345692938
Symbiodinium10329,-0.192920617291658
Symbiodinium10349,-0.279139421606788
Symbiodinium10350,0.157248680294911
Symbiodinium10354,-0.695652412427573
Symbiodinium10357,0.195548497908077
Symbiodinium10358,-0.20081117741235
Symbiodinium10360,0.129360633792356
Symbiodinium10363,-0.158366792721328
Symbiodinium10385,0.335787486770557
Symbiodinium10386,0.142666557569509
Symbiodinium10391,0.0930217973451337
Symbiodinium10394,0.299552367202373
Symbiodinium10399,-0.314123088001713
Symbiodinium10403,-0.175268593153285
Symbiodinium10405,0.0948005620335311
Symbiodinium10410,-0.19411066149031
Symbiodinium10411,0.0553670814210868
Symbiodinium10412,-0.302360821672372
Symbiodinium10415,0.100320108509615
Symbiodinium10421,-0.171794001063707
Symbiodinium10423,0.124615845864344
Symbiodinium10426,0.0477357744272106
Symbiodinium10428,-0.0060452904754302
Symbiodinium10430,-0.0944336646748301
Symbiodinium10437,0.206337420775591
Symbiodinium10438,0.42876918417861
Symbiodinium10453,-0.402961829497841
Symbiodinium10458,-0.114603950930674
Symbiodinium10463,0.179586152873191
Symbiodinium10467,-0.145437121780147
Symbiodinium10468,0.0137923709824814
Symbiodinium10478,0.263847164747614
Symbiodinium10482,-0.264862466484842
Symbiodinium10497,0.0341237001192585
Symbiodinium10509,0.159911002467275
Symbiodinium10513,-0.374348714702217
Symbiodinium10516,0.529510267979923
Symbiodinium10521,-0.0078155872975403
Symbiodinium10529,-0.570377062269536
Symbiodinium10538,0.0438374689317815
Symbiodinium10547,0.1691699150616
Symbiodinium10549,-0.108766724910212
Symbiodinium10550,-0.304040667571642
Symbiodinium10553,0.0407100372270855
Symbiodinium10556,-0.152691378050728
Symbiodinium10560,-0.145429525968915
Symbiodinium10570,-0.30510534627949
Symbiodinium10572,0.0248390014733256
Symbiodinium10579,0.0491880570549758
Symbiodinium10585,0.285860821852072
Symbiodinium10588,-0.164488455971101
Symbiodinium10589,-0.289690037987976
Symbiodinium10594,0.0331456324371034
Symbiodinium10600,-0.589055463103048
Symbiodinium10608,-0.0167156453589223
Symbiodinium10628,0.102204134875631
Symbiodinium10634,0.350693531384238
Symbiodinium10645,0.303943011362442
Symbiodinium10655,-0.198621245369421
Symbiodinium10660,-0.20705008457734
Symbiodinium10664,0.1257190856827
Symbiodinium10665,0.252245802843766
Symbiodinium10670,-0.440157964001791
Symbiodinium10688,-0.137838927905707
Symbiodinium10691,0.233130525530464
Symbiodinium10702,0.481995138418708
Symbiodinium10703,0.0700306904205525
Symbiodinium10706,-0.583357367230416
Symbiodinium10708,0.192971050640638
Symbiodinium10716,0.327171188130867
Symbiodinium10725,-0.337164811061783
Symbiodinium10740,0.183787081136484
Symbiodinium10745,0.0120471461721879
Symbiodinium10748,-0.328426049006839
Symbiodinium10750,0.0287544660794956
Symbiodinium10751,-0.354420401300105
Symbiodinium10752,-0.377957081154562
Symbiodinium10755,0.198510219699745
Symbiodinium10772,0.0414930354363685
Symbiodinium10773,-0.0292849702148235
Symbiodinium10778,-0.128491061994982
Symbiodinium10790,0.0783426976443803
Symbiodinium10795,0.0350978142660555
Symbiodinium10801,-0.395732492000072
Symbiodinium10802,-0.0654929780027387
Symbiodinium10804,0.259215381710812
Symbiodinium10806,0.674973306781472
Symbiodinium10812,-0.252334832785062
Symbiodinium10814,-0.365705119345832
Symbiodinium10822,-0.444724211327119
Symbiodinium10828,-0.224369490426769
Symbiodinium10832,0.157442236122863
Symbiodinium10839,0.372242015167837
Symbiodinium10844,-0.448329552688274
Symbiodinium10849,0.14423681336957
Symbiodinium10859,-0.0739399733549578
Symbiodinium10862,0.174371928492965
Symbiodinium10866,0.163194882690433
Symbiodinium10871,-0.0708081814653575
Symbiodinium10876,0.277808296242148
Symbiodinium10882,0.0950623121330891
Symbiodinium10887,-0.246237102088146
Symbiodinium10891,-0.201744234424986
Symbiodinium10896,-0.429918599016904
Symbiodinium10897,-0.549528898403087
Symbiodinium10901,0.169723579056753
Symbiodinium10903,0.120602820000947
Symbiodinium10906,-0.235931879657525
Symbiodinium10909,-0.12084211229525
Symbiodinium10912,0.133511842930032
Symbiodinium1092,-0.248830753997777
Symbiodinium10922,-0.372566546768179
Symbiodinium10926,0.057934568430152
Symbiodinium10929,0.372257325914102
Symbiodinium10943,0.0270889120819561
Symbiodinium10969,0.036798631697174
Symbiodinium10976,0.156412323883626
Symbiodinium10980,0.107462133630616
Symbiodinium10987,-0.0911538328659322
Symbiodinium10988,0.0498883119441353
Symbiodinium10998,-0.410020965044826
Symbiodinium11002,-0.175207485069685
Symbiodinium11005,0.204192344882718
Symbiodinium11009,0.75343765159797
Symbiodinium11014,0.208547694914461
Symbiodinium11016,0.0814884811406154
Symbiodinium11019,0.0941959200504738
Symbiodinium11029,-0.458862636651138
Symbiodinium11032,-0.106096521398167
Symbiodinium11064,0.0991508726368789
Symbiodinium11065,-0.256974449651465
Symbiodinium11067,0.274129214578215
Symbiodinium11069,0.21209552767453
Symbiodinium11081,0.185342486853738
Symbiodinium11098,-0.0348847867323551
Symbiodinium11099,-0.363359985471459
Symbiodinium11106,-0.254162373126396
Symbiodinium11122,0.0898326209247036
Symbiodinium11127,-0.0922806533419877
Symbiodinium11133,0.512820263779354
Symbiodinium11146,0.353609800533877
Symbiodinium11151,-0.0364676773617199
Symbiodinium11164,-0.0193754553230675
Symbiodinium11177,0.34866370999226
Symbiodinium11188,0.688542796210656
Symbiodinium11193,-0.162904708760605
Symbiodinium11205,0.0727651440196973
Symbiodinium11215,0.263470365208578
Symbiodinium11217,-0.392212191217893
Symbiodinium11220,0.0902265960426258
Symbiodinium11224,0.0670845884805732
Symbiodinium11229,0.718182257336344
Symbiodinium11231,0.107302240298467
Symbiodinium11234,-0.0266389408484939
Symbiodinium11239,0.0943357782644324
Symbiodinium11249,-0.128552711320253
Symbiodinium11261,-0.100355596023534
Symbiodinium11265,0.167336316924674
Symbiodinium11270,-0.0135056445627222
Symbiodinium11287,0.239981910051106
Symbiodinium11292,0.276476372916456
Symbiodinium11302,0.0482505294918337
Symbiodinium11308,0.146521147039531
Symbiodinium11315,-0.0731791390119135
Symbiodinium11319,-0.114343990100234
Symbiodinium11321,-0.352134581700545
Symbiodinium11324,-0.197274844461898
Symbiodinium11327,0.140841925957068
Symbiodinium11337,0.162344668284574
Symbiodinium11344,-0.0649902275221051
Symbiodinium11346,0.224495080971534
Symbiodinium11353,0.348918607664947
Symbiodinium11359,1.00892258595958
Symbiodinium11365,0.861991814624258
Symbiodinium11367,0.546175958741899
Symbiodinium11369,0.0279470094491261
Symbiodinium11372,0.40246306675856
Symbiodinium11374,-0.476835751618992
Symbiodinium11382,0.193770897163303
Symbiodinium11389,-0.00320855636885511
Symbiodinium11391,0.122482801013001
Symbiodinium11396,0.0345508822961015
Symbiodinium11402,-0.264796032759284
Symbiodinium11407,-0.143024145623561
Symbiodinium11412,-0.339237131560539
Symbiodinium11420,0.0594940907215482
Symbiodinium11426,-0.107254252299128
Symbiodinium11433,0.15378724909924
Symbiodinium11444,0.282581540002196
Symbiodinium11451,0.0543672621835717
Symbiodinium11457,0.0196885734666104
Symbiodinium11462,-0.101592253977166
Symbiodinium11470,0.535479996342932
Symbiodinium11475,-0.0926478055078527
Symbiodinium11476,0.0637660519776687
Symbiodinium11482,0.190351390715246
Symbiodinium11488,0.00232331340908488
Symbiodinium11490,-0.170934149258945
Symbiodinium11491,0.475910511306296
Symbiodinium11515,-0.116465023437395
Symbiodinium11522,0.125391877367083
Symbiodinium11529,0.0128020214389002
Symbiodinium11534,-0.677641883467063
Symbiodinium11540,0.286760405800916
Symbiodinium11550,-0.155669639696096
Symbiodinium11553,-0.00530804811688893
Symbiodinium11558,0.110175803319336
Symbiodinium11561,0.0695076869486841
Symbiodinium11581,0.451205545762171
Symbiodinium11582,-0.478818811086733
Symbiodinium11586,-0.0904931121996879
Symbiodinium11587,-0.133360007813141
Symbiodinium11590,0.462982294275033
Symbiodinium11592,0.711422718442587
Symbiodinium11594,-0.451160999995882
Symbiodinium11597,0.20498613557098
Symbiodinium11599,0.337162848978104
Symbiodinium11602,-0.0137640330051654
Symbiodinium11604,0.253436021304236
Symbiodinium11621,0.182236022796292
Symbiodinium11623,0.501148219620304
Symbiodinium11638,0.340844905602167
Symbiodinium11645,-0.187423788210792
Symbiodinium11649,-0.220853440441153
Symbiodinium11654,0.425531781890457
Symbiodinium11660,0.270655972414573
Symbiodinium11667,-0.349998286050075
Symbiodinium11669,-0.0171497760246569
Symbiodinium11670,-0.0556468101658044
Symbiodinium11673,0.84655193219107
Symbiodinium11678,0.766263546844846
Symbiodinium11683,0.501334218123333
Symbiodinium11687,-0.173948531005669
Symbiodinium11699,0.270346357770674
Symbiodinium11700,-0.00932735555408769
Symbiodinium11703,0.359932005495379
Symbiodinium11704,-0.341378097524464
Symbiodinium11719,-0.105338916625309
Symbiodinium11720,-0.200296899767115
Symbiodinium11722,0.26247482923146
Symbiodinium11724,-0.221130460401575
Symbiodinium11728,0.321137380508958
Symbiodinium11734,0.330118102366533
Symbiodinium11738,-0.204700754882511
Symbiodinium11739,-0.0584335205635393
Symbiodinium11740,-0.0160727743946442
Symbiodinium11741,0.409554235142683
Symbiodinium11743,0.263134439886798
Symbiodinium11750,0.131467919000606
Symbiodinium11752,0.510520465760439
Symbiodinium11765,0.147099128619172
Symbiodinium11781,0.277433287342536
Symbiodinium11785,-0.289438061104491
Symbiodinium11791,0.233499083089646
Symbiodinium11795,-0.0856910883203721
Symbiodinium11809,0.0883706074023007
Symbiodinium11817,-0.0595702600538071
Symbiodinium11821,-0.213902602236797
Symbiodinium11827,0.190615938447376
Symbiodinium11835,-0.418011649550354
Symbiodinium11837,0.486926243026363
Symbiodinium11839,-0.262919534507058
Symbiodinium11840,-0.142236303865829
Symbiodinium11848,0.990367021957447
Symbiodinium11850,0.17718436365161
Symbiodinium11854,0.0550328395172947
Symbiodinium11857,-0.0983656168293327
Symbiodinium11861,-0.09657168565637
Symbiodinium11863,-0.0777135510882329
Symbiodinium11874,0.253670592362004
Symbiodinium11876,0.990316879498091
Symbiodinium11883,-0.441321059038033
Symbiodinium11885,0.114830570065739
Symbiodinium11895,-0.163899222047008
Symbiodinium11904,-0.0198136886133326
Symbiodinium11908,0.312435133298095
Symbiodinium11909,-0.174098604509762
Symbiodinium11910,0.219297875597329
Symbiodinium11915,0.242471546483164
Symbiodinium11916,-0.121143956857441
Symbiodinium11921,0.315848522908366
Symbiodinium11926,-0.0241183523571089
Symbiodinium11942,0.113959271847098
Symbiodinium11966,-0.102728604979366
Symbiodinium11967,-0.129424993349444
Symbiodinium11972,1.24524217852492
Symbiodinium11974,0.617413105906534
Symbiodinium12001,-0.166020361967227
Symbiodinium12006,-0.213272976442685
Symbiodinium12007,0.43989502521316
Symbiodinium12029,-0.414850552671591
Symbiodinium12030,0.666272714369216
Symbiodinium12032,0.000884518476380983
Symbiodinium12041,0.0337301959799735
Symbiodinium12053,0.0959443656045945
Symbiodinium12062,0.19060930587388
Symbiodinium12064,-0.401553006054021
Symbiodinium12071,0.00987823743190581
Symbiodinium12077,0.0989972324006658
Symbiodinium12089,-0.302536510610603
Symbiodinium12090,-0.752110896702187
Symbiodinium12103,0.0581297923011198
Symbiodinium12109,0.0834761415849227
Symbiodinium12111,0.263836964927153
Symbiodinium12116,0.20152851107503
Symbiodinium12118,0.0822895534215668
Symbiodinium12120,-0.505563953516777
Symbiodinium12123,-0.0825020631122931
Symbiodinium12128,-0.048514829605863
Symbiodinium12133,-0.134750255434104
Symbiodinium12142,-0.0931673472432066
Symbiodinium12148,0.858123820374867
Symbiodinium12151,-0.28495839497762
Symbiodinium12152,0.552387171485056
Symbiodinium12176,0.279511740573564
Symbiodinium12180,0.380961986074284
Symbiodinium12183,-0.202233448214424
Symbiodinium12185,0.46064861584637
Symbiodinium12187,-0.405858232833949
Symbiodinium12191,-0.085581514232629
Symbiodinium12192,-0.342341512482548
Symbiodinium12201,0.791432293377937
Symbiodinium12207,-0.254449539600108
Symbiodinium12209,-0.182920293830052
Symbiodinium12240,-0.116963416546938
Symbiodinium12244,-0.25558826834998
Symbiodinium12249,0.0840719491204867
Symbiodinium12254,-0.619040118034682
Symbiodinium12255,0.350115788901603
Symbiodinium12259,0.445200200799715
Symbiodinium12273,-0.101795895085332
Symbiodinium12279,-0.113838585424213
Symbiodinium12280,-0.0642644041390999
Symbiodinium12290,0.0427997829962142
Symbiodinium12296,-0.368419153501985
Symbiodinium12311,-0.0347820875701826
Symbiodinium12324,0.0267141848769361
Symbiodinium12329,0.0575738415035313
Symbiodinium12330,-0.209933839649082
Symbiodinium12345,0.0387976767783584
Symbiodinium12346,-0.253227524164851
Symbiodinium12358,-0.150537160839826
Symbiodinium12377,0.205302223140984
Symbiodinium12379,-0.192983588727754
Symbiodinium12386,0.204953857975174
Symbiodinium12392,0.401122169087993
Symbiodinium12395,0.20919110954835
Symbiodinium12401,-0.0710652515027019
Symbiodinium12404,-0.031367851401716
Symbiodinium12414,-0.0751414007433245
Symbiodinium12415,0.347867609507601
Symbiodinium12428,-0.256999532340152
Symbiodinium12431,0.135635650542175
Symbiodinium12434,0.0401755350417965
Symbiodinium12442,0.41939139556266
Symbiodinium12466,-0.000517424062215328
Symbiodinium12469,0.627037066509435
Symbiodinium12473,0.610135032714608
Symbiodinium12475,-0.00551985346513962
Symbiodinium12479,0.149767913085025
Symbiodinium12481,0.023363245448558
Symbiodinium12484,0.131808352284878
Symbiodinium12487,-0.344427009016482
Symbiodinium12488,0.135745961613741
Symbiodinium12492,0.129901888750995
Symbiodinium12506,0.16643633586192
Symbiodinium12522,-0.270694991034621
Symbiodinium12529,0.0892152063042712
Symbiodinium12532,-0.163771745502798
Symbiodinium12537,0.382226595976047
Symbiodinium12542,0.0305683772826171
Symbiodinium12550,-0.0582674656995835
Symbiodinium12554,0.283834604448125
Symbiodinium12566,-0.426588330716932
Symbiodinium12583,0.307321500079773
Symbiodinium12596,0.382299510787862
Symbiodinium12598,0.604675086761849
Symbiodinium12600,0.105186476799461
Symbiodinium12605,0.00507413537174502
Symbiodinium12608,-0.115975520706528
Symbiodinium12621,-0.276950477168926
Symbiodinium12635,-0.15344786946048
Symbiodinium12646,0.297907018017857
Symbiodinium12650,0.336569717674089
Symbiodinium12663,-0.12811749877556
Symbiodinium12672,0.323695768440802
Symbiodinium12679,-0.063911972692306
Symbiodinium12687,0.087009478131479
Symbiodinium12689,0.0457395855778511
Symbiodinium12710,-0.18523205395159
Symbiodinium12714,0.107132975628671
Symbiodinium12717,-0.138988153948463
Symbiodinium12722,-0.279267168375726
Symbiodinium12725,0.120073202128866
Symbiodinium12733,0.108994868967593
Symbiodinium12736,-0.435707907341682
Symbiodinium12754,0.66974012032543
Symbiodinium12771,0.0602325031579425
Symbiodinium12779,0.00981968319394762
Symbiodinium12799,-0.207712396505095
Symbiodinium12805,-0.268776812773229
Symbiodinium12817,-0.112989857727493
Symbiodinium12822,-0.208657156818577
Symbiodinium12825,0.0979314834105277
Symbiodinium12830,-0.238280605745688
Symbiodinium12837,0.0697300541106171
Symbiodinium12844,0.162258915008497
Symbiodinium12849,-0.0009960585850742
Symbiodinium12863,0.593286067303127
Symbiodinium12873,0.236167379322332
Symbiodinium12875,-0.154242484260578
Symbiodinium12887,-0.0741274190549982
Symbiodinium12888,-0.0095539595599706
Symbiodinium12891,0.417334065506131
Symbiodinium12897,0.489244539562314
Symbiodinium12900,-0.311300144315953
Symbiodinium12902,-0.193825450385176
Symbiodinium12911,-0.390836100126418
Symbiodinium12927,0.107436579303254
Symbiodinium12929,-0.27726006366974
Symbiodinium12932,0.180027930792935
Symbiodinium12944,0.173637006834337
Symbiodinium12951,0.0291412522284888
Symbiodinium12956,-0.172937007217562
Symbiodinium12959,0.156979307280818
Symbiodinium12960,0.0361311658448534
Symbiodinium12965,0.095197454386269
Symbiodinium12978,-0.0168719305147181
Symbiodinium12982,0.0426900640651314
Symbiodinium12986,0.0979961612266302
Symbiodinium12989,-0.104714923280881
Symbiodinium12990,-0.164295830109095
Symbiodinium12993,0.020342084436852
Symbiodinium13003,0.101750202402332
Symbiodinium13006,0.535054037379533
Symbiodinium13011,0.223881939873528
Symbiodinium13024,-0.0695296495346064
Symbiodinium13036,-0.043193376119517
Symbiodinium13037,0.294873639735084
Symbiodinium13038,-0.0306756232046063
Symbiodinium13058,0.304171701007787
Symbiodinium13059,0.0364133241265712
Symbiodinium13080,-0.106257403107754
Symbiodinium13083,0.26411328246542
Symbiodinium13089,0.147507870156986
Symbiodinium13097,-0.00425923309682983
Symbiodinium13104,-0.445698638059664
Symbiodinium13113,0.124117877970669
Symbiodinium13115,-0.324839358874593
Symbiodinium13118,0.298122814414249
Symbiodinium13156,-0.0377570667755804
Symbiodinium13191,0.4078487692768
Symbiodinium13195,-0.0956200073631519
Symbiodinium13224,0.581018200944363
Symbiodinium13230,0.438129610002711
Symbiodinium13244,0.5396585378939
Symbiodinium13261,0.131467729421887
Symbiodinium13272,-0.3439715023925
Symbiodinium13281,-0.132716444773484
Symbiodinium13282,0.115668887931472
Symbiodinium13290,0.184804677544909
Symbiodinium13299,0.157645283167785
Symbiodinium13301,-0.200814096536269
Symbiodinium13311,-0.141312258403557
Symbiodinium13324,-0.11671568898649
Symbiodinium13325,-0.176846018864011
Symbiodinium13331,-0.114950776716997
Symbiodinium13332,0.462598553379799
Symbiodinium13356,-0.0446608488624018
Symbiodinium13359,0.127888707380568
Symbiodinium13373,0.0795469520769962
Symbiodinium13380,-0.290316143165776
Symbiodinium13389,0.581586171156275
Symbiodinium13400,-0.476834317291389
Symbiodinium13402,0.23251445942992
Symbiodinium13409,0.0702559886287177
Symbiodinium13419,-0.00252529532956503
Symbiodinium13426,0.0897298415102073
Symbiodinium13433,-0.698163951913155
Symbiodinium13478,-0.37890081560814
Symbiodinium13482,-0.0900950390260267
Symbiodinium13490,0.243779808697349
Symbiodinium13500,0.30077839207146
Symbiodinium13510,-0.298895473804621
Symbiodinium13517,0.117719169405838
Symbiodinium13519,0.636112080550837
Symbiodinium13538,0.0771508752405143
Symbiodinium13543,0.596937097927113
Symbiodinium13556,-0.136339766366727
Symbiodinium13557,-6.41027235519893e-05
Symbiodinium13597,-0.228727011339834
Symbiodinium13608,0.262146922419623
Symbiodinium13615,-0.1043919424837
Symbiodinium13618,-0.575480397443274
Symbiodinium13620,0.367224275488319
Symbiodinium13624,-0.257021239231334
Symbiodinium13625,0.68321358961333
Symbiodinium13691,-0.317253657890084
Symbiodinium13709,0.0110737507747068
Symbiodinium13752,0.0960384009703649
Symbiodinium13755,-0.104353731700303
Symbiodinium13771,-0.45654527422528
Symbiodinium13788,0.35006335956359
Symbiodinium13796,0.135683782209298
Symbiodinium13803,-0.0193926516185883
Symbiodinium13816,-0.0670251480226631
Symbiodinium13826,0.0116212345651421
Symbiodinium13828,0.011817245551121
Symbiodinium13843,-0.12201044217086
Symbiodinium13847,0.186925467143786
Symbiodinium13851,-0.145906885450634
Symbiodinium13859,0.193202504225429
Symbiodinium13886,-0.260816432102647
Symbiodinium13887,0.0444619044959611
Symbiodinium13889,-0.0135129339582146
Symbiodinium13905,0.0918217053202627
Symbiodinium13910,0.0202509430825858
Symbiodinium13942,0.0447551695155535
Symbiodinium13945,0.254505474474206
Symbiodinium13950,0.22890542637045
Symbiodinium13956,0.209576037027837
Symbiodinium13986,0.541648228176237
Symbiodinium13991,0.944115037223991
Symbiodinium13999,-0.0531864172192737
Symbiodinium14012,0.0451104053188105
Symbiodinium14025,-0.765877405672903
Symbiodinium14045,0.0286988427736314
Symbiodinium14049,-0.0681464543548776
Symbiodinium14050,-0.294911571848517
Symbiodinium14059,0.0123467771255662
Symbiodinium14077,0.265224976760599
Symbiodinium14082,0.367253175581037
Symbiodinium14084,0.38785249472998
Symbiodinium14100,-0.194675761294952
Symbiodinium14115,-0.0747796592693917
Symbiodinium14122,0.351077489448918
Symbiodinium14129,0.0602058518347276
Symbiodinium14130,0.613531041894348
Symbiodinium14151,0.846839548867361
Symbiodinium14152,1.71498427489412
Symbiodinium14154,0.094388362240505
Symbiodinium14156,-0.367361214055185
Symbiodinium14160,0.115095282475281
Symbiodinium14167,0.231691887622361
Symbiodinium14171,-0.0869248497695379
Symbiodinium14199,-0.256746266884174
Symbiodinium14201,0.305752459383987
Symbiodinium14205,0.315857388170664
Symbiodinium14206,0.151202716914738
Symbiodinium14210,0.00691928530029161
Symbiodinium14219,0.495245685049731
Symbiodinium14221,-0.392122676814336
Symbiodinium14230,0.623925132286864
Symbiodinium14240,-0.066580524994297
Symbiodinium14242,0.102864724968884
Symbiodinium14250,-0.262316223929228
Symbiodinium14267,0.601650249540088
Symbiodinium14268,0.0225998511351822
Symbiodinium14275,-0.260209157126922
Symbiodinium14296,-0.522243141431891
Symbiodinium14308,0.000512031357981189
Symbiodinium14321,0.163206589436547
Symbiodinium14347,0.514826849555426
Symbiodinium14348,-0.285216096671523
Symbiodinium14349,-0.282874802638011
Symbiodinium14353,-0.586522104241442
Symbiodinium14355,0.422040668496018
Symbiodinium14368,0.0308327388487427
Symbiodinium14391,0.0915556369277156
Symbiodinium14394,-0.13596625541266
Symbiodinium14396,0.417605164958609
Symbiodinium14397,0.410368206973263
Symbiodinium14398,0.185870789789771
Symbiodinium14402,-0.0732153937230062
Symbiodinium14420,-0.156167928187573
Symbiodinium14423,-0.242471613930649
Symbiodinium14424,0.082013658513655
Symbiodinium14434,0.260419334505515
Symbiodinium14439,0.10481691891509
Symbiodinium14440,-0.289174837964466
Symbiodinium14443,-0.25277773334065
Symbiodinium14449,0.204652045363965
Symbiodinium14471,-0.0367508648349836
Symbiodinium14475,-0.17711992680995
Symbiodinium14476,0.03837094737473
Symbiodinium14487,0.134276392083281
Symbiodinium14492,0.180036268474508
Symbiodinium14500,0.186570364503858
Symbiodinium14509,0.120261135534922
Symbiodinium14518,0.580254927210061
Symbiodinium14542,-0.175838370209555
Symbiodinium14551,0.235080477290182
Symbiodinium14576,-0.727201728018133
Symbiodinium14579,-0.00996364800360287
Symbiodinium14594,-0.104290214140635
Symbiodinium14597,-0.0136285668615437
Symbiodinium14619,0.187257611433638
Symbiodinium14626,0.224356119847785
Symbiodinium14640,-0.238001163109234
Symbiodinium14645,0.0251512598066406
Symbiodinium14648,0.113327423232874
Symbiodinium14672,0.208477858353808
Symbiodinium14692,0.296381509217246
Symbiodinium14697,0.182334640721118
Symbiodinium14711,0.0328101225471091
Symbiodinium14715,0.00278213714858802
Symbiodinium14716,0.311657265974088
Symbiodinium14749,0.0722735764306032
Symbiodinium14756,0.0910975544816889
Symbiodinium14758,-0.137819825608082
Symbiodinium14763,0.33130456393297
Symbiodinium14786,-0.174797029066713
Symbiodinium14793,-0.0550313868150783
Symbiodinium14801,-0.259807753160349
Symbiodinium14805,0.537708506891933
Symbiodinium14806,0.425534304518358
Symbiodinium14807,-0.137499260755126
Symbiodinium14809,0.327366579443033
Symbiodinium14815,0.0164248138089425
Symbiodinium14817,-0.289477472349626
Symbiodinium14831,0.188711554826415
Symbiodinium14833,-0.217816529592437
Symbiodinium14836,-0.0161243531058195
Symbiodinium14837,0.0444627830438764
Symbiodinium14852,0.230675494821842
Symbiodinium14859,0.0682176246204443
Symbiodinium14870,0.144758024332964
Symbiodinium14873,-0.636747782590212
Symbiodinium14885,0.263358997567271
Symbiodinium14901,0.0903479398006807
Symbiodinium14903,-0.212215915533195
Symbiodinium14905,-0.0825152954447804
Symbiodinium14917,-0.390491823143466
Symbiodinium14919,0.0722452061841117
Symbiodinium14927,0.489346543927267
Symbiodinium14932,-0.0108967280804977
Symbiodinium14938,0.115583939922534
Symbiodinium14942,0.27270435969257
Symbiodinium14954,0.516494448427145
Symbiodinium14967,-0.130777654211517
Symbiodinium14980,-0.116977776939072
Symbiodinium14994,-0.235938063905241
Symbiodinium15011,-0.280080731487442
Symbiodinium15022,0.416956432217342
Symbiodinium15038,-0.0914525920607143
Symbiodinium15055,0.216252883170875
Symbiodinium15058,0.293621725977469
Symbiodinium15069,-0.202016893332362
Symbiodinium15072,-0.191358551423301
Symbiodinium15073,0.114013783545037
Symbiodinium15080,-0.107564155780525
Symbiodinium15087,0.0414100396260265
Symbiodinium15106,0.447981752032793
Symbiodinium15115,-0.0323846911344443
Symbiodinium15128,0.199264425403981
Symbiodinium15130,-0.0663258601076891
Symbiodinium15131,0.151929378678344
Symbiodinium15132,0.735612422501849
Symbiodinium15133,0.218124899985767
Symbiodinium15152,-0.18926179743135
Symbiodinium15154,0.264528380710874
Symbiodinium15156,0.329572328678113
Symbiodinium15160,0.265807330165305
Symbiodinium15161,-0.0503370051031644
Symbiodinium15165,0.199874050985751
Symbiodinium15166,-0.424839899224056
Symbiodinium15170,0.515546560636457
Symbiodinium15213,-0.143577805267183
Symbiodinium15217,0.289855417091995
Symbiodinium15218,0.755420948866798
Symbiodinium15224,-0.171513292613758
Symbiodinium15228,0.579298533617804
Symbiodinium15229,0.0434641494589534
Symbiodinium15233,0.0535777915999037
Symbiodinium15247,-0.105059154490443
Symbiodinium15249,0.636321531298788
Symbiodinium15264,0.168077367243121
Symbiodinium15280,0.618277385507228
Symbiodinium15290,-0.386728801204281
Symbiodinium15297,-0.313663083391373
Symbiodinium15299,-0.0399017161474719
Symbiodinium15306,3.00169105090514
Symbiodinium15328,0.148675009109723
Symbiodinium15331,0.165386599803678
Symbiodinium15336,0.171759441187728
Symbiodinium15342,0.242454450456641
Symbiodinium15347,0.451787348560048
Symbiodinium15360,0.149522503611851
Symbiodinium15365,0.0629545902827452
Symbiodinium15367,-0.19867492716026
Symbiodinium15371,-0.206059339407144
Symbiodinium15393,-0.066242140694034
Symbiodinium15396,-0.0655652670020664
Symbiodinium15398,-0.485509227561909
Symbiodinium15404,-0.15375612445953
Symbiodinium15407,0.118715153708599
Symbiodinium15419,-0.170294039685755
Symbiodinium15423,-0.0117660700257161
Symbiodinium15426,-0.380327484375457
Symbiodinium15434,0.14732495587756
Symbiodinium15438,0.137900427792896
Symbiodinium15449,0.387230136273764
Symbiodinium15459,-0.29268385432015
Symbiodinium15467,0.358437820349631
Symbiodinium15468,0.146870760944505
Symbiodinium15471,0.310428039208506
Symbiodinium15498,0.133555453958012
Symbiodinium15501,0.388122311818353
Symbiodinium15508,0.398332624646099
Symbiodinium15534,0.568300143991454
Symbiodinium15541,0.0641847363142877
Symbiodinium15542,-0.00709073274900635
Symbiodinium15547,-0.103110361038362
Symbiodinium15560,-0.236678569009394
Symbiodinium15571,0.23436954375261
Symbiodinium15573,0.314253310889701
Symbiodinium15580,0.395763445905374
Symbiodinium15589,0.324283817916474
Symbiodinium15596,1.41760883489618
Symbiodinium15601,0.142761072597745
Symbiodinium15614,0.563376352145911
Symbiodinium15620,0.136732272469365
Symbiodinium15639,0.266511655738004
Symbiodinium15644,-0.158400811895816
Symbiodinium15652,0.613106747341917
Symbiodinium15659,0.0426825192465618
Symbiodinium15670,-0.264095599576675
Symbiodinium15671,-0.131445687785218
Symbiodinium15677,0.304855958353914
Symbiodinium15754,0.449448765034516
Symbiodinium15760,0.316928261302989
Symbiodinium15772,-0.097763101594589
Symbiodinium15774,0.312811887619079
Symbiodinium15816,0.397182866682791
Symbiodinium15822,0.310131894455352
Symbiodinium15850,-0.0496177319850273
Symbiodinium15863,-0.193869123891321
Symbiodinium15872,0.141504509208528
Symbiodinium15876,-0.0596875327561457
Symbiodinium15890,0.596115185552398
Symbiodinium15902,0.0301648237846407
Symbiodinium15903,-0.208792952081766
Symbiodinium15905,0.362526703338144
Symbiodinium15907,-0.368309518065207
Symbiodinium15912,0.243982847596052
Symbiodinium15928,0.0112725783344603
Symbiodinium15930,0.0284775557858426
Symbiodinium15944,0.150449672327875
Symbiodinium15948,0.0527663044858574
Symbiodinium15951,0.0842487058998989
Symbiodinium15968,0.353088089940657
Symbiodinium15970,0.148768282443675
Symbiodinium15973,0.0576430568984357
Symbiodinium15987,0.106947411759404
Symbiodinium16026,1.43438202014051
Symbiodinium16096,-0.012021421770884
Symbiodinium16109,-0.25903095051666
Symbiodinium16112,-0.155314395466536
Symbiodinium16155,-0.13359987106827
Symbiodinium16166,-0.0292861083867323
Symbiodinium16179,0.076873204012816
Symbiodinium16181,-0.217917440267562
Symbiodinium16184,0.114453665648643
Symbiodinium16187,0.0939097562584737
Symbiodinium16208,0.079254186864924
Symbiodinium16246,0.277824422272583
Symbiodinium16247,0.288357083697975
Symbiodinium16251,-0.0943108178449949
Symbiodinium16278,0.00294121525205051
Symbiodinium16300,0.651451422910201
Symbiodinium16350,-0.569961230313119
Symbiodinium16355,-0.504374404348284
Symbiodinium16370,0.25487952863696
Symbiodinium16373,0.145671690806389
Symbiodinium16374,0.207127862553362
Symbiodinium16396,0.182358427130185
Symbiodinium16412,-0.113686648300266
Symbiodinium16425,0.278310704626487
Symbiodinium16436,-0.306712467280422
Symbiodinium16438,0.00244565781346071
Symbiodinium16443,0.0702161202383894
Symbiodinium16453,-0.12039331632711
Symbiodinium16457,0.170990521171918
Symbiodinium16465,0.0543752563024669
Symbiodinium16473,-0.0752269488742037
Symbiodinium16482,0.0388513312315501
Symbiodinium16500,0.0206832327684927
Symbiodinium16524,0.0491147465971152
Symbiodinium16525,0.283182696013889
Symbiodinium16533,0.195627919947352
Symbiodinium16541,-0.0879612729844385
Symbiodinium16598,-0.115561716440386
Symbiodinium16606,-0.0361854764397602
Symbiodinium16613,-0.00434728707561044
Symbiodinium16628,-0.0122592976007528
Symbiodinium16629,0.031942396210985
Symbiodinium16639,0.505209943017265
Symbiodinium16664,-0.0324932562570192
Symbiodinium16668,0.297638022255874
Symbiodinium16690,0.0150002612084077
Symbiodinium16711,0.0554808877572704
Symbiodinium16725,0.108342967086991
Symbiodinium16728,-0.0261531027407264
Symbiodinium16745,-0.0355265895235924
Symbiodinium16772,0.599451906615393
Symbiodinium16775,0.137872565137038
Symbiodinium16786,-0.0259754193560046
Symbiodinium16814,-0.268482628269311
Symbiodinium16833,-0.367919392107486
Symbiodinium16840,0.33332179787709
Symbiodinium16860,-0.181577206814673
Symbiodinium16887,0.178276264675955
Symbiodinium16896,-0.385930455170414
Symbiodinium16899,0.415454825919281
Symbiodinium16901,0.0459122621034067
Symbiodinium16911,0.0148970369457831
Symbiodinium16919,0.247551924253749
Symbiodinium16923,0.808489192212881
Symbiodinium16927,0.330078899605914
Symbiodinium16944,-0.0844879188713238
Symbiodinium16968,-0.227924894460284
Symbiodinium16984,0.09517058651293
Symbiodinium17051,-0.149425845321604
Symbiodinium17063,0.0441134562040889
Symbiodinium17064,-0.129361862359533
Symbiodinium17076,0.0785207017124561
Symbiodinium17081,0.0430659661965946
Symbiodinium17083,1.6898409016131
Symbiodinium17099,-0.104819514536746
Symbiodinium17110,1.50713729690982
Symbiodinium17114,-0.0752409578791714
Symbiodinium17136,0.41875522639383
Symbiodinium17145,-0.0256848278178934
Symbiodinium17149,0.526449662214736
Symbiodinium17163,-0.108936028470765
Symbiodinium17172,0.132382005251088
Symbiodinium17175,0.0520060125996327
Symbiodinium17182,-0.0473345570739694
Symbiodinium17204,-0.32649582198974
Symbiodinium17214,0.189480194601743
Symbiodinium17224,0.0807068087229875
Symbiodinium17229,0.0571786617903169
Symbiodinium17255,-0.0300849804783727
Symbiodinium17280,-0.199312889423263
Symbiodinium17301,0.133087418706209
Symbiodinium17305,0.293747520875643
Symbiodinium17308,0.0221101398219182
Symbiodinium17330,-0.216517730878931
Symbiodinium17356,-0.863321102359131
Symbiodinium17361,0.26494842766653
Symbiodinium17369,-0.284211994086335
Symbiodinium17375,-0.314929124648124
Symbiodinium17398,-0.00492760975311042
Symbiodinium17413,0.282498630978623
Symbiodinium17417,-0.0944735683867835
Symbiodinium17418,0.0177709056980529
Symbiodinium17424,-0.0969190786552329
Symbiodinium17426,-0.0343913943991309
Symbiodinium17450,0.322134138249589
Symbiodinium17474,-0.170976795126029
Symbiodinium17492,0.0625409964672805
Symbiodinium17495,-0.126809665881738
Symbiodinium17502,0.118523978638456
Symbiodinium17522,0.260714403201082
Symbiodinium17523,-0.211693130309942
Symbiodinium17526,0.49480983850824
Symbiodinium17531,0.688080551172288
Symbiodinium17559,0.364486926052636
Symbiodinium17565,-0.0577177205675321
Symbiodinium17566,0.0596997989608951
Symbiodinium17570,-0.310247501018978
Symbiodinium17581,0.333802394242768
Symbiodinium17587,0.109250320204589
Symbiodinium17621,-0.309624539262108
Symbiodinium17634,0.469277350742896
Symbiodinium17648,-0.0948731569402413
Symbiodinium17652,0.118392605136239
Symbiodinium17664,-0.0970881395913447
Symbiodinium17679,0.0522776859041182
Symbiodinium17690,-0.142312086981651
Symbiodinium17695,0.207628854497222
Symbiodinium17710,0.114094408957027
Symbiodinium17713,0.596309867654198
Symbiodinium17715,0.603624636591116
Symbiodinium17716,-0.236346548286314
Symbiodinium17729,0.86459587840061
Symbiodinium17734,-0.368745897411582
Symbiodinium17756,0.470321085841776
Symbiodinium17772,0.0829233761743655
Symbiodinium17775,-0.0527424830161922
Symbiodinium17785,-0.0615613165715216
Symbiodinium17792,-0.0236874503152175
Symbiodinium17807,-0.190840586771844
Symbiodinium17813,0.239318658185259
Symbiodinium17816,0.138527966047735
Symbiodinium17832,-0.110825259151972
Symbiodinium17837,-0.000776196431053527
Symbiodinium17847,0.340451789037688
Symbiodinium17850,0.264123176116364
Symbiodinium17858,-0.136368631298477
Symbiodinium17859,-0.394371571995669
Symbiodinium17864,0.326034788344543
Symbiodinium17870,0.217355298032335
Symbiodinium17887,0.0376555735861726
Symbiodinium17895,0.309420571779721
Symbiodinium17897,0.19844378706477
Symbiodinium17902,0.259535004547791
Symbiodinium17929,0.301175794257314
Symbiodinium17947,0.598445303088309
Symbiodinium17955,-0.523393625070409
Symbiodinium17969,0.00219455753485575
Symbiodinium17975,0.389610444676317
Symbiodinium17995,0.155049121341085
Symbiodinium18025,0.195365253140866
Symbiodinium18035,-0.266610209724455
Symbiodinium18040,-0.0191240598855809
Symbiodinium18056,-0.585994998628089
Symbiodinium18064,-0.0969156785881637
Symbiodinium18067,0.21136802315631
Symbiodinium18087,-0.134096929591717
Symbiodinium18088,0.0678572626025265
Symbiodinium18099,-0.251063994481731
Symbiodinium18107,-0.243184549303979
Symbiodinium18121,0.437923426067822
Symbiodinium18132,-0.272072281865783
Symbiodinium18136,0.199680030183332
Symbiodinium18137,-0.100469801314446
Symbiodinium18141,-0.178058575576617
Symbiodinium18152,-0.307481015769928
Symbiodinium18153,-0.016776473257761
Symbiodinium18156,0.531851008915861
Symbiodinium18157,-0.287031721058175
Symbiodinium18160,-0.0145509277582333
Symbiodinium18181,-0.251678882306003
Symbiodinium18188,-0.0137840298173086
Symbiodinium18190,-0.0609703506384793
Symbiodinium18192,-0.0612065634071892
Symbiodinium18200,-0.183683142332662
Symbiodinium18202,-0.383340582445221
Symbiodinium18204,-0.0463968999187837
Symbiodinium18206,0.427951552486196
Symbiodinium18211,0.10246933947215
Symbiodinium18212,0.0226207749240846
Symbiodinium18224,0.186809421711196
Symbiodinium18227,-0.311032727350404
Symbiodinium18242,0.667267113091934
Symbiodinium18248,-0.28088350595724
Symbiodinium18249,-0.28308410102544
Symbiodinium18267,0.198336646320881
Symbiodinium18268,0.0373910163850358
Symbiodinium18275,-0.0525297118021413
Symbiodinium18292,0.152185105871811
Symbiodinium18293,0.0126624828026297
Symbiodinium18294,0.101730358707564
Symbiodinium18298,0.164947740617114
Symbiodinium18300,0.281114259689512
Symbiodinium18327,-0.0505173444045791
Symbiodinium18333,0.259114724393179
Symbiodinium18345,-0.0441587974804472
Symbiodinium18348,-0.0493823217996408
Symbiodinium18352,-0.0512130356674264
Symbiodinium18369,0.0713515505438856
Symbiodinium18372,-0.227687390014533
Symbiodinium18374,0.260335626179654
Symbiodinium18383,-0.485059149342002
Symbiodinium18389,0.309804057116605
Symbiodinium18397,0.773059280959236
Symbiodinium18407,0.165128235187395
Symbiodinium18409,0.0909436489373054
Symbiodinium18414,0.266696824772635
Symbiodinium18439,0.0787794891083386
Symbiodinium18446,-0.256909214069924
Symbiodinium18447,0.239387691780937
Symbiodinium18450,0.101220259177116
Symbiodinium18458,0.451635379403519
Symbiodinium18470,0.0601899207846804
Symbiodinium18483,0.382228318847654
Symbiodinium18494,-0.101351150041537
Symbiodinium18496,0.108309254404409
Symbiodinium18505,0.0596217097026271
Symbiodinium18519,0.339840694548226
Symbiodinium18530,-0.080239828813357
Symbiodinium18535,0.361112335126331
Symbiodinium18538,-0.058035704159477
Symbiodinium18541,0.562706351492334
Symbiodinium18543,0.0337727255649675
Symbiodinium18569,0.138678020302432
Symbiodinium18580,0.0588161844781378
Symbiodinium18612,0.34307221025848
Symbiodinium18614,0.248438696512612
Symbiodinium18617,-0.292281217885471
Symbiodinium18644,0.128048902226858
Symbiodinium18650,0.632440047294413
Symbiodinium18655,0.311874061943612
Symbiodinium18661,0.233270696304523
Symbiodinium18664,-0.543553294693877
Symbiodinium18683,-0.26277507309821
Symbiodinium18691,-0.5120753034888
Symbiodinium18693,-0.0718471809693331
Symbiodinium18695,0.146412858862172
Symbiodinium18697,-0.0966179816845303
Symbiodinium18701,0.536602339128572
Symbiodinium18707,0.075172842259112
Symbiodinium18713,-0.41268053799532
Symbiodinium18717,-0.346408057936823
Symbiodinium18725,0.362287593653426
Symbiodinium18728,0.267373761070833
Symbiodinium18739,-0.172499824040089
Symbiodinium18740,0.232924973745886
Symbiodinium18742,-0.177132788568645
Symbiodinium18761,0.0167795360230859
Symbiodinium18765,-0.0406939322126201
Symbiodinium18778,0.22315891552681
Symbiodinium18783,0.685216723682223
Symbiodinium18793,-0.263668245146717
Symbiodinium18809,0.527880239940895
Symbiodinium18829,0.717550918329799
Symbiodinium18842,0.549101639360463
Symbiodinium18845,-0.0762727088159404
Symbiodinium18858,0.317617829835886
Symbiodinium18877,0.314675824587501
Symbiodinium18892,-0.156582455250948
Symbiodinium18918,0.135571729756095
Symbiodinium18923,0.155356805077005
Symbiodinium18952,-0.101672084010476
Symbiodinium18977,0.532219452989873
Symbiodinium18982,0.365006891814803
Symbiodinium18983,0.146766761920574
Symbiodinium19013,-0.218765789654204
Symbiodinium19014,-0.00167127507696865
Symbiodinium19028,-0.332775543265905
Symbiodinium19029,-0.33481845602249
Symbiodinium19030,0.211928104215978
Symbiodinium19040,-0.170017927733687
Symbiodinium19056,0.0808516892679619
Symbiodinium19058,0.320198495047635
Symbiodinium19059,0.0165820845457861
Symbiodinium19068,-0.205892485205476
Symbiodinium19069,0.174023933939308
Symbiodinium19073,-0.022620434491047
Symbiodinium19081,-0.0477527565786513
Symbiodinium19087,0.209278271046381
Symbiodinium19102,0.0579056411890226
Symbiodinium19108,-0.601905248718521
Symbiodinium19121,0.209016458590123
Symbiodinium19127,-0.0797974425978394
Symbiodinium19157,-0.465870413234519
Symbiodinium19169,-0.0491224138640167
Symbiodinium19170,0.144255584126039
Symbiodinium19175,-0.103722784915746
Symbiodinium19188,0.109317875903537
Symbiodinium19189,-0.505614906881307
Symbiodinium19249,0.110287831776966
Symbiodinium19257,0.243818725616306
Symbiodinium19267,0.443679283337616
Symbiodinium19296,0.116122352467726
Symbiodinium19301,0.0636013400346436
Symbiodinium19305,-0.138735694750985
Symbiodinium19309,0.0437665880836946
Symbiodinium19317,0.173396432743042
Symbiodinium19327,0.0553544794247859
Symbiodinium19331,0.3399020991065
Symbiodinium19335,-0.312986458342482
Symbiodinium19352,-0.0835446647002289
Symbiodinium19362,-0.128565292722676
Symbiodinium19368,-0.0623973468576427
Symbiodinium19373,-0.0701537094632268
Symbiodinium19375,0.150436143096917
Symbiodinium19383,0.310357059678763
Symbiodinium19390,-0.183035291921254
Symbiodinium19391,0.0752761249169552
Symbiodinium19392,0.363891370982279
Symbiodinium19398,-0.0295400630586758
Symbiodinium19400,0.0709886832913177
Symbiodinium19408,-0.0206996966847247
Symbiodinium19409,-0.420407746774275
Symbiodinium19415,-0.236265018439724
Symbiodinium19416,-0.0527105036206411
Symbiodinium19418,-0.00371312525356863
Symbiodinium19419,0.0955854125763458
Symbiodinium19421,0.0805958900128362
Symbiodinium19425,-0.270541090950877
Symbiodinium19430,0.428904023736155
Symbiodinium19435,-0.301422176993321
Symbiodinium19437,0.218144112799869
Symbiodinium19438,0.147196919060126
Symbiodinium19439,-0.089591870009381
Symbiodinium19440,0.0666080574950577
Symbiodinium19443,0.243483652558096
Symbiodinium19445,-0.158747895622685
Symbiodinium19446,0.160536276344638
Symbiodinium19447,-0.170099036949084
Symbiodinium19448,0.248572781847267
Symbiodinium19450,-0.0158250650029409
Symbiodinium19452,0.457753072601767
Symbiodinium19454,0.13661856003759
Symbiodinium19457,-0.0165592831715311
Symbiodinium19462,-0.167959736909946
Symbiodinium19465,0.0723118302804691
Symbiodinium19468,-0.186879748588053
Symbiodinium19476,-0.169148019948157
Symbiodinium19480,0.308545718168855
Symbiodinium19483,0.181150284641553
Symbiodinium19487,0.385973708424354
Symbiodinium19489,0.0676399548982076
Symbiodinium19490,-0.418563881746036
Symbiodinium19492,0.0683739338648575
Symbiodinium19495,-0.186667390784673
Symbiodinium19499,0.0846654549113045
Symbiodinium19500,-0.292866382082807
Symbiodinium19502,0.602239308257571
Symbiodinium19507,0.805861161379503
Symbiodinium19513,-0.384699475897656
Symbiodinium19518,-0.124911087077931
Symbiodinium19519,-0.0787131797792382
Symbiodinium19520,0.0593705925224077
Symbiodinium19521,0.116320420889049
Symbiodinium19522,0.599983724510732
Symbiodinium19524,-0.130091978911189
Symbiodinium19529,0.179632059669789
Symbiodinium19534,0.107658188877328
Symbiodinium19536,-0.543438177925316
Symbiodinium19538,0.0331588115284603
Symbiodinium19543,0.112561445625034
Symbiodinium19545,0.515572084918235
Symbiodinium19547,0.119320470137246
Symbiodinium19550,0.106417226731193
Symbiodinium19553,-0.711690171446478
Symbiodinium19554,0.0975649706782973
Symbiodinium19555,-0.0125906352285742
Symbiodinium19559,0.127105134609097
Symbiodinium19561,0.710084489447372
Symbiodinium19563,0.310690980853592
Symbiodinium19564,0.0600700330354476
Symbiodinium19569,0.444424079080145
Symbiodinium19571,0.428098219220946
Symbiodinium19573,-0.248984760919738
Symbiodinium19576,0.0447611339144274
Symbiodinium19578,0.0102596920130795
Symbiodinium19585,0.196882067343919
Symbiodinium19594,0.381383262803227
Symbiodinium19607,0.360325774607255
Symbiodinium19612,0.220094254479117
Symbiodinium19621,0.336743266476879
Symbiodinium19623,0.775563257813118
Symbiodinium19630,-0.327310880383464
Symbiodinium19678,0.685608569696199
Symbiodinium19688,-0.176148847325433
Symbiodinium19754,0.0705702530209698
Symbiodinium19783,-0.20277163755744
Symbiodinium19786,0.134972256727854
Symbiodinium19791,-0.283489471034092
Symbiodinium19796,0.33846364651175
Symbiodinium19804,-0.155500020243844
Symbiodinium19812,0.183738138811894
Symbiodinium19816,0.284817514272198
Symbiodinium19864,0.15758850483318
Symbiodinium19893,0.439727191647275
Symbiodinium19900,-0.141428930006508
Symbiodinium19916,-0.326600141975039
Symbiodinium19917,-0.284498505670927
Symbiodinium19920,0.854923594274738
Symbiodinium19954,-0.158707798136206
Symbiodinium19962,-0.0413512390444719
Symbiodinium19972,0.461231473639696
Symbiodinium19988,0.547040590629054
Symbiodinium19998,0.375571997568871
Symbiodinium20004,-0.0630974620895123
Symbiodinium20009,0.152039896094284
Symbiodinium20067,0.270084403851614
Symbiodinium20076,0.0400530754049902
Symbiodinium20088,-0.218735143436438
Symbiodinium20099,0.402879544852567
Symbiodinium20109,-1.227649565921
Symbiodinium20113,0.023305341063077
Symbiodinium20115,-0.613945729498894
Symbiodinium20127,-0.187217124167411
Symbiodinium20163,-0.0458294447693932
Symbiodinium20166,-0.114270111947007
Symbiodinium20177,0.357668810129112
Symbiodinium20181,-0.155433403232496
Symbiodinium20182,-0.235666836651855
Symbiodinium20183,0.0862328248716525
Symbiodinium20196,0.372548794643962
Symbiodinium20200,0.195562922861281
Symbiodinium20267,0.140068278522113
Symbiodinium20268,0.0538553144890664
Symbiodinium20279,-0.331937257281016
Symbiodinium20285,-0.010333666107811
Symbiodinium20349,-0.128949342734406
Symbiodinium20372,0.249069126955137
Symbiodinium20376,-0.185146335166822
Symbiodinium20412,0.430250433853516
Symbiodinium20418,0.540722204358709
Symbiodinium20445,1.16471086015555
Symbiodinium20472,-0.455859858909746
Symbiodinium20482,-0.409435457927926
Symbiodinium20519,0.343793226266725
Symbiodinium20539,0.110365554266581
Symbiodinium20545,0.363656218194798
Symbiodinium20546,-0.280066382229007
Symbiodinium20607,0.304958456010658
Symbiodinium20608,-0.467341404928614
Symbiodinium20627,-0.131752545629775
Symbiodinium20661,-0.118835016597047
Symbiodinium20671,-0.0102745987996127
Symbiodinium20683,-0.172784807509344
Symbiodinium20686,0.955259350521129
Symbiodinium20695,0.140561326643259
Symbiodinium20698,-0.0152972583632654
Symbiodinium20701,-0.111479152616023
Symbiodinium20716,-0.565879586720889
Symbiodinium20734,0.21218634257103
Symbiodinium20797,-0.0308314584423335
Symbiodinium20828,0.67929270180447
Symbiodinium20865,0.420157523351772
Symbiodinium20868,0.242782365291509
Symbiodinium20923,0.249735657017543
Symbiodinium20929,0.577048940310444
Symbiodinium20932,0.247527029386477
Symbiodinium20961,-0.514368653339637
Symbiodinium21022,-0.264030491042755
Symbiodinium21024,0.182026995234802
Symbiodinium21028,0.0329576077061835
Symbiodinium21029,0.434113217455854
Symbiodinium21044,0.0762534294964257
Symbiodinium21053,-0.0177089056519843
Symbiodinium21059,-0.198515834128737
Symbiodinium21061,-0.127180754809051
Symbiodinium21067,0.28791479093543
Symbiodinium21068,0.413297753867112
Symbiodinium21070,0.163365901322304
Symbiodinium21074,-0.181836094063619
Symbiodinium21077,0.546547363098563
Symbiodinium21089,0.2642648325851
Symbiodinium21102,0.226905568581845
Symbiodinium21103,-0.173937071184853
Symbiodinium21105,0.374398476209928
Symbiodinium21106,0.399274159324029
Symbiodinium21112,0.382640915052061
Symbiodinium21116,0.296278453259825
Symbiodinium21118,-0.0419106601574874
Symbiodinium21125,0.316837239787094
Symbiodinium21136,0.420049984000391
Symbiodinium21142,0.00802579077250711
Symbiodinium21143,-0.391499227743014
Symbiodinium21148,-0.0152671106967649
Symbiodinium21153,0.113052863915745
Symbiodinium21155,-0.135432125733283
Symbiodinium21158,-0.040487323890271
Symbiodinium2116,1.51124195227395
Symbiodinium21166,0.0211703775575909
Symbiodinium21176,-0.173407396341028
Symbiodinium21195,-0.802942743438492
Symbiodinium21199,0.279189580236661
Symbiodinium21201,-0.152531615281694
Symbiodinium21219,0.0270789567267237
Symbiodinium21222,0.232938941152743
Symbiodinium21227,0.768735543452817
Symbiodinium21232,0.109921569041367
Symbiodinium21233,-0.287955495041763
Symbiodinium21239,0.0486234514121326
Symbiodinium21244,0.129755323989341
Symbiodinium21251,0.0838545425547736
Symbiodinium21254,-0.0543022087900048
Symbiodinium21257,0.161879879136679
Symbiodinium21259,0.356035271742802
Symbiodinium21264,0.311538211358666
Symbiodinium21270,0.189618891368204
Symbiodinium21279,0.142566804123654
Symbiodinium21281,-0.195172020960261
Symbiodinium21283,0.680569155535672
Symbiodinium21304,-0.12571283548964
Symbiodinium21313,0.340424813934519
Symbiodinium21321,-0.454704021949183
Symbiodinium21324,-0.169398716515637
Symbiodinium21326,0.614132784613473
Symbiodinium21333,-0.282760122490924
Symbiodinium21338,0.28784773951195
Symbiodinium21350,0.530963154099738
Symbiodinium21352,-0.192430151165812
Symbiodinium21371,0.425868573203697
Symbiodinium21372,-0.209030946728097
Symbiodinium21373,0.209461606905033
Symbiodinium21378,-0.0602990333813396
Symbiodinium21384,0.0474740493837158
Symbiodinium21397,0.0294213729842017
Symbiodinium21408,-0.286606592142803
Symbiodinium21411,-0.00564481838190142
Symbiodinium21416,0.154537608825562
Symbiodinium21417,0.318107115067148
Symbiodinium21418,-0.0267941638874164
Symbiodinium21427,0.0537542674220576
Symbiodinium21431,0.198374535851802
Symbiodinium21434,0.00317278069949843
Symbiodinium21436,0.228689634211731
Symbiodinium21452,0.0781349970315
Symbiodinium21457,0.202843643481592
Symbiodinium21460,0.0154175555030963
Symbiodinium21461,-0.148376424548409
Symbiodinium21471,0.204790663689088
Symbiodinium21491,-0.0999834705608857
Symbiodinium21499,0.268468600422705
Symbiodinium21500,-0.108623763476772
Symbiodinium21501,0.256821063622806
Symbiodinium21515,0.030546327953772
Symbiodinium21516,0.283466079796412
Symbiodinium21534,0.252643015918239
Symbiodinium21539,-0.0376716509028674
Symbiodinium21540,0.575537232655906
Symbiodinium21541,-0.0384112867219062
Symbiodinium21543,0.0135311700631919
Symbiodinium21546,0.410311187321113
Symbiodinium21550,0.108843062233873
Symbiodinium21555,0.370371189281429
Symbiodinium21556,-0.23681537188647
Symbiodinium21579,-0.0954744522931036
Symbiodinium21582,0.320563994372246
Symbiodinium21585,0.200690148847438
Symbiodinium21587,0.0685455827131916
Symbiodinium21592,0.218798226293089
Symbiodinium21594,0.0810862375088795
Symbiodinium21595,0.072898320963181
Symbiodinium21597,-0.104924293671123
Symbiodinium21601,0.556343294474764
Symbiodinium21612,0.277196138590398
Symbiodinium21614,-0.0645203088856727
Symbiodinium21621,0.142668405768747
Symbiodinium21625,-0.10306976539221
Symbiodinium21627,0.0644863533569713
Symbiodinium21637,0.38860184391016
Symbiodinium21638,0.352615451244183
Symbiodinium21651,-0.0826273027999694
Symbiodinium21654,-0.652907430487526
Symbiodinium21675,0.268965605969063
Symbiodinium21676,0.262743303086619
Symbiodinium21684,0.218916722032366
Symbiodinium21685,0.43532075734361
Symbiodinium21695,0.361674142174099
Symbiodinium21700,-0.203344214312869
Symbiodinium21704,0.109615026752094
Symbiodinium21706,0.411118296030012
Symbiodinium21707,0.147169769504508
Symbiodinium21722,-0.844266404523014
Symbiodinium21736,0.101507522983798
Symbiodinium21784,-0.318505581884146
Symbiodinium21789,0.20692961762952
Symbiodinium21799,0.14673813667055
Symbiodinium21803,0.347444559374086
Symbiodinium21811,0.383231515621151
Symbiodinium21814,0.210468034814676
Symbiodinium21816,-0.131275685119795
Symbiodinium21834,-0.395706279228802
Symbiodinium21835,0.045392790960664
Symbiodinium21844,0.180168995706178
Symbiodinium21847,0.251436358915394
Symbiodinium21852,-0.000760364157502992
Symbiodinium21858,-0.264329517003287
Symbiodinium21873,0.13380122227831
Symbiodinium21878,0.21015335250072
Symbiodinium21879,0.0921535570180736
Symbiodinium21880,0.103074400792253
Symbiodinium21883,-0.135171103674532
Symbiodinium21884,0.375377519316938
Symbiodinium21896,-0.0273713453821819
Symbiodinium21907,-0.0416373856147958
Symbiodinium21908,0.114396761695582
Symbiodinium21915,-0.463247931118799
Symbiodinium21918,0.553284973953215
Symbiodinium21925,0.0866305180179864
Symbiodinium21928,-0.219436770729441
Symbiodinium21948,0.210978767372188
Symbiodinium2197,0.19734070931367
Symbiodinium21973,-0.0309742663239166
Symbiodinium21989,0.140283493663955
Symbiodinium21998,-0.645178826203504
Symbiodinium22002,0.126015605607607
Symbiodinium22011,0.000914102978987191
Symbiodinium22025,0.231948495360658
Symbiodinium22049,0.0650640382619286
Symbiodinium22061,-0.215846390532908
Symbiodinium22072,0.0172544148193398
Symbiodinium22074,0.255137457361356
Symbiodinium22086,0.149576398176375
Symbiodinium22088,0.108711033957364
Symbiodinium22089,0.16064889771598
Symbiodinium22090,-0.0398196330984994
Symbiodinium22099,0.198269080748357
Symbiodinium22106,0.276405331939217
Symbiodinium22111,-0.184011999977927
Symbiodinium22124,0.113883582375889
Symbiodinium22138,-0.346542897384524
Symbiodinium22154,-0.3152812318202
Symbiodinium22156,-0.108819782124534
Symbiodinium22163,-0.0545430815909802
Symbiodinium22165,0.437435335973406
Symbiodinium22175,0.354437370303558
Symbiodinium22183,0.033840136822799
Symbiodinium22193,0.365416704360736
Symbiodinium22196,0.329773635868963
Symbiodinium22232,0.472467468304024
Symbiodinium22236,-0.00219940535325524
Symbiodinium22238,0.283523198187585
Symbiodinium22254,-0.150012666877837
Symbiodinium22255,-0.484474171232503
Symbiodinium22265,-0.226256841516913
Symbiodinium22275,0.147404249750113
Symbiodinium22335,0.194240907968263
Symbiodinium22339,-0.19639756517977
Symbiodinium22346,0.0932129593982375
Symbiodinium22353,-0.0610152472991758
Symbiodinium22359,0.140316991028156
Symbiodinium22377,-0.0304356500366315
Symbiodinium22382,-0.093196987838759
Symbiodinium22389,0.175171224406898
Symbiodinium22391,0.164798589794785
Symbiodinium22394,-0.0345511597292704
Symbiodinium22400,0.0301483743844605
Symbiodinium22405,0.152448296584874
Symbiodinium22407,-0.247309098262876
Symbiodinium22409,0.457568002635248
Symbiodinium22424,-0.0918158654804889
Symbiodinium22448,-0.090103288615273
Symbiodinium22450,0.094810237438395
Symbiodinium22460,-0.04389780332217
Symbiodinium22471,0.00827355840119301
Symbiodinium22474,-0.0283663197746979
Symbiodinium22475,0.375292617380787
Symbiodinium22481,-0.1226413341324
Symbiodinium22487,-0.20594068186547
Symbiodinium22514,-0.20527980327657
Symbiodinium22515,-0.116074751724784
Symbiodinium22548,0.384874953717005
Symbiodinium22549,0.127392688464048
Symbiodinium22565,-0.0493219356352595
Symbiodinium22579,0.119769912768658
Symbiodinium22580,0.392354387522801
Symbiodinium22596,-0.13313956156765
Symbiodinium22626,0.0184746823579535
Symbiodinium22628,-0.190586141636258
Symbiodinium22637,-0.185009040087024
Symbiodinium22662,-0.0345528832834632
Symbiodinium22697,0.0329238722591467
Symbiodinium22698,0.272348739886949
Symbiodinium22706,-0.134752257806438
Symbiodinium22711,0.434776005746119
Symbiodinium22733,-0.211694558704044
Symbiodinium22740,0.285000721027723
Symbiodinium22741,-0.0322752941575537
Symbiodinium22752,0.0896135934780571
Symbiodinium22760,-0.242652541212649
Symbiodinium22767,-0.150952668855003
Symbiodinium22771,-0.176735724754861
Symbiodinium22809,0.195280269467561
Symbiodinium22813,0.0119179531177433
Symbiodinium22822,0.106236292842595
Symbiodinium22832,2.17258724429689
Symbiodinium22843,-0.0252854609985678
Symbiodinium22874,0.0366142883818041
Symbiodinium22880,-0.0707608764182707
Symbiodinium22884,0.0101220964467391
Symbiodinium22888,0.114981671623912
Symbiodinium22895,-0.195451049865441
Symbiodinium22903,0.0997091420145977
Symbiodinium22924,-0.0730401202405499
Symbiodinium22929,0.0782577797023703
Symbiodinium22933,0.775053373016941
Symbiodinium22958,0.129462025379189
Symbiodinium22960,0.142663165642321
Symbiodinium22972,0.454506356257353
Symbiodinium22974,-0.299477784067496
Symbiodinium22978,-0.25696611618614
Symbiodinium22981,0.388179812660758
Symbiodinium22990,0.377443360963475
Symbiodinium22991,0.0365603306983121
Symbiodinium23001,-0.240966320762672
Symbiodinium23004,0.343636305646333
Symbiodinium23009,-0.294108895277441
Symbiodinium23012,0.171175933086445
Symbiodinium23023,0.29337033934157
Symbiodinium23027,0.518884836638118
Symbiodinium23045,-0.160101245199828
Symbiodinium23051,-0.117672327085941
Symbiodinium23056,0.282196014957426
Symbiodinium23069,0.0195024222611678
Symbiodinium23070,0.305987755834791
Symbiodinium23085,-0.211169558468788
Symbiodinium23094,0.136511097165608
Symbiodinium23102,0.333618661207389
Symbiodinium23105,0.0961541639901303
Symbiodinium23112,-0.309289814556641
Symbiodinium23115,0.567794560645062
Symbiodinium23117,0.382443037557794
Symbiodinium23127,0.572473469580549
Symbiodinium23133,0.0465702660210894
Symbiodinium23136,-0.205043542847679
Symbiodinium23139,0.038501921307191
Symbiodinium23149,-0.126134829391704
Symbiodinium23167,0.177386551381967
Symbiodinium23168,-0.480841876319776
Symbiodinium23178,0.34040682396686
Symbiodinium23187,-0.149644177777907
Symbiodinium23191,0.173205116170941
Symbiodinium23192,0.446720778611574
Symbiodinium23193,-0.0922139951169446
Symbiodinium23197,-0.289914576165313
Symbiodinium23203,0.150186061258611
Symbiodinium23207,-0.216358386742044
Symbiodinium23210,0.199605189353272
Symbiodinium23212,-0.039040395276041
Symbiodinium23214,0.507610277830157
Symbiodinium23222,0.159655642604238
Symbiodinium23225,0.0846316571319927
Symbiodinium23228,0.368879536151837
Symbiodinium23230,-0.129677321574919
Symbiodinium23232,0.0767237072448975
Symbiodinium23238,0.0532754596965435
Symbiodinium23239,0.169306601784562
Symbiodinium23246,-0.00403300323032235
Symbiodinium23248,-0.435035674007341
Symbiodinium23258,-0.0228887726215827
Symbiodinium23260,0.254496300062645
Symbiodinium23262,0.00570720235463981
Symbiodinium23264,-0.271924383826582
Symbiodinium23265,-0.453741473088007
Symbiodinium23268,0.555189878766814
Symbiodinium23273,0.127716808789713
Symbiodinium23275,0.0831180405807301
Symbiodinium23277,-0.302132815167044
Symbiodinium23278,0.21181684690946
Symbiodinium23280,0.217578668710943
Symbiodinium23281,-0.0524365487235943
Symbiodinium23286,-0.0702335896975514
Symbiodinium23287,-0.0509505707357579
Symbiodinium23289,0.12714055309591
Symbiodinium23290,0.0423503988696386
Symbiodinium23292,0.0767507126698983
Symbiodinium23294,0.120158636382978
Symbiodinium23295,0.153517041577341
Symbiodinium23296,0.0828623365532962
Symbiodinium23300,0.114004750326782
Symbiodinium23304,0.134142353178048
Symbiodinium23305,0.269649327043796
Symbiodinium23311,0.0435798565275769
Symbiodinium23316,0.347390888541094
Symbiodinium23319,0.366418571034427
Symbiodinium23323,0.175810123614869
Symbiodinium23328,0.179501551607781
Symbiodinium23329,0.359131550935071
Symbiodinium23330,0.140531233186967
Symbiodinium23331,0.0398718368317328
Symbiodinium23335,0.182986455145853
Symbiodinium23339,0.402264752144325
Symbiodinium23340,0.16006640932144
Symbiodinium23346,-0.420276485558787
Symbiodinium23351,0.311193163940737
Symbiodinium23353,0.254829009030695
Symbiodinium23355,0.0693612686402058
Symbiodinium23358,-0.109842612990448
Symbiodinium23364,0.252433843767933
Symbiodinium23366,0.344685313992695
Symbiodinium23367,0.247431661326578
Symbiodinium23368,0.283614021301865
Symbiodinium23376,-0.106835752052949
Symbiodinium23379,0.134648277205888
Symbiodinium23381,0.237290301793395
Symbiodinium23384,0.0812341112559209
Symbiodinium23385,0.148747106250518
Symbiodinium23386,-0.202326535939231
Symbiodinium23388,-0.154905556944225
Symbiodinium23389,0.280884692503616
Symbiodinium23399,-0.0039417289322016
Symbiodinium23401,0.194967504782365
Symbiodinium23403,0.0122398284278997
Symbiodinium23404,0.0377693964438744
Symbiodinium23407,0.24455839050049
Symbiodinium23409,-0.00503261935389514
Symbiodinium23410,0.31549198524284
Symbiodinium23414,-0.0299191643511538
Symbiodinium23418,0.313367249459373
Symbiodinium23419,0.348110396461989
Symbiodinium23420,-0.195241136692784
Symbiodinium23422,-0.123991366146247
Symbiodinium23434,0.0513918671373111
Symbiodinium23437,-0.21315853702385
Symbiodinium23441,0.032924631187447
Symbiodinium23446,0.22869424983233
Symbiodinium23451,0.181135174074313
Symbiodinium23453,0.311240161906888
Symbiodinium23456,0.296064117358869
Symbiodinium23463,-0.390183799782972
Symbiodinium23466,-0.051846687382381
Symbiodinium23470,0.228567214381634
Symbiodinium23473,0.313877264711823
Symbiodinium23481,0.00771280680079209
Symbiodinium23490,-0.0730413909105775
Symbiodinium23493,0.00993327956517075
Symbiodinium23494,-0.182526047320718
Symbiodinium23501,0.650543970976914
Symbiodinium23503,0.0931309743244375
Symbiodinium23510,0.550027443926762
Symbiodinium23512,-0.161016377811642
Symbiodinium23525,0.0465421262144973
Symbiodinium23527,0.0547616040571619
Symbiodinium23540,0.102371927875519
Symbiodinium23562,-0.108860852072291
Symbiodinium23563,1.77130812410064
Symbiodinium23566,-0.52686353746
Symbiodinium23570,-0.0766005063202191
Symbiodinium23583,-0.0594265225387337
Symbiodinium23616,0.317700925578903
Symbiodinium23647,0.0288411672992268
Symbiodinium23649,0.240438649054547
Symbiodinium23654,-0.0750962500181999
Symbiodinium23656,-0.18832513185126
Symbiodinium23678,0.0675229100031886
Symbiodinium23684,0.143403205253165
Symbiodinium23686,-0.038224604522773
Symbiodinium23696,-0.104631618958692
Symbiodinium23699,-0.111886039688701
Symbiodinium23708,0.393420490774171
Symbiodinium23718,0.713176068296363
Symbiodinium23723,0.674415901010856
Symbiodinium23724,-0.135740197900763
Symbiodinium23730,0.124794125415531
Symbiodinium23736,-0.0791744983499123
Symbiodinium23738,-0.257080749368865
Symbiodinium23746,-0.147623365851408
Symbiodinium23749,-0.213862126448112
Symbiodinium23751,0.0264140146719814
Symbiodinium23754,-0.177690862122904
Symbiodinium23759,-0.111505596217542
Symbiodinium23760,0.104061478426773
Symbiodinium23763,0.253103663851105
Symbiodinium23770,0.0806886063382997
Symbiodinium23772,0.42352591971392
Symbiodinium23774,-0.334141622681013
Symbiodinium23775,0.0926113677781431
Symbiodinium23779,-0.0476098699263689
Symbiodinium23782,-0.325482143961132
Symbiodinium23784,-0.0890541411974024
Symbiodinium23785,0.163062957822479
Symbiodinium23789,-0.370724758478188
Symbiodinium23792,-0.0951711896606268
Symbiodinium23794,0.122377216048072
Symbiodinium23796,0.0641067118442827
Symbiodinium23800,0.126513815151313
Symbiodinium23810,0.0949876059918122
Symbiodinium23837,0.028928192169066
Symbiodinium23847,-0.0217967601657096
Symbiodinium23856,0.162134514920413
Symbiodinium23858,0.279625492142971
Symbiodinium23859,0.0838225743489227
Symbiodinium23863,0.157288012889832
Symbiodinium23883,0.11449757144777
Symbiodinium23888,0.0621477537919316
Symbiodinium23895,-0.0503877642572914
Symbiodinium23900,0.0608373571298818
Symbiodinium23901,0.260650867976796
Symbiodinium23921,-0.12292327542143
Symbiodinium23922,0.694804121149307
Symbiodinium23923,-0.178447417937961
Symbiodinium23925,0.0294763696752166
Symbiodinium23928,-0.357483928555389
Symbiodinium23932,-0.671090453935483
Symbiodinium23947,-0.117044523202133
Symbiodinium23950,-0.0768988731218333
Symbiodinium23958,0.00417082573664311
Symbiodinium23966,0.0096477472299865
Symbiodinium23974,0.152892257260549
Symbiodinium23975,0.246843158753139
Symbiodinium23987,-0.0477935760068212
Symbiodinium23990,0.212978565665828
Symbiodinium23991,0.310437900669067
Symbiodinium23992,-0.0545109043258139
Symbiodinium23993,-0.0616908466504207
Symbiodinium24004,-0.367811984623638
Symbiodinium24008,0.329805252181639
Symbiodinium24015,-0.00471219010356074
Symbiodinium24018,0.352937597394197
Symbiodinium24036,-0.0960656860869157
Symbiodinium24049,-0.0378583619454153
Symbiodinium24056,0.35529794385576
Symbiodinium24057,0.117628033718839
Symbiodinium24058,0.190252826360196
Symbiodinium24061,-0.0156968126485767
Symbiodinium24062,0.112143887984217
Symbiodinium24069,-0.207179034218872
Symbiodinium24086,-0.256682510393909
Symbiodinium24090,-0.114954775791355
Symbiodinium24091,0.159286407281972
Symbiodinium24092,-0.0970731603379227
Symbiodinium24096,0.302130800355699
Symbiodinium24100,-1.00058104759016
Symbiodinium24102,-0.0785928256953884
Symbiodinium24112,0.195677118443407
Symbiodinium24131,0.123929522710838
Symbiodinium24137,0.0675600389148818
Symbiodinium24141,-0.160565456687272
Symbiodinium24145,0.899406590044091
Symbiodinium24149,-0.00923869077453085
Symbiodinium24150,-0.477094497981266
Symbiodinium24172,0.0608518524142415
Symbiodinium24173,-0.0282307473840436
Symbiodinium24175,0.307985072147067
Symbiodinium24182,-0.116775284484966
Symbiodinium24184,0.326656483247495
Symbiodinium24185,0.18810560601614
Symbiodinium24192,0.415757031220716
Symbiodinium24202,0.0510918167348371
Symbiodinium24204,0.313557835970567
Symbiodinium24218,-0.178462461431124
Symbiodinium24225,0.00320028696270717
Symbiodinium24234,0.406558330083821
Symbiodinium24238,-0.0659652780079983
Symbiodinium24241,-0.294599663152343
Symbiodinium24247,-0.073436451634287
Symbiodinium24250,0.394091064822653
Symbiodinium24254,-0.130995648756528
Symbiodinium24266,0.087396163449651
Symbiodinium24278,-0.0841772475901187
Symbiodinium24294,0.1171026048464
Symbiodinium24298,1.19744889705571
Symbiodinium24305,-0.381701265476822
Symbiodinium24307,0.212413256710208
Symbiodinium24314,0.0972217613639697
Symbiodinium24329,0.265232530671413
Symbiodinium24340,-0.258764914765057
Symbiodinium24346,0.4601714473154
Symbiodinium24354,0.0248596425011969
Symbiodinium24355,0.167713106810882
Symbiodinium24357,0.170200497004249
Symbiodinium24367,-0.314134457303539
Symbiodinium24372,0.0379282420753541
Symbiodinium24408,-0.0106131934615292
Symbiodinium24409,-0.051326292732193
Symbiodinium24411,0.0345979355122298
Symbiodinium24432,0.286081295396597
Symbiodinium24440,-0.0404237237538531
Symbiodinium24442,0.0174931768110782
Symbiodinium24460,0.0432144240335348
Symbiodinium24466,0.292650120017336
Symbiodinium24467,-0.288847240207276
Symbiodinium24469,0.0838032124512919
Symbiodinium24474,0.189735804031463
Symbiodinium24484,0.509372664661328
Symbiodinium24489,-0.53800668468615
Symbiodinium24497,0.137779963661642
Symbiodinium24500,0.467569316109116
Symbiodinium24502,-0.234689873585104
Symbiodinium24513,-0.00829121489980051
Symbiodinium24525,0.19870794023112
Symbiodinium24543,0.238655618939982
Symbiodinium24553,-0.187282969366035
Symbiodinium24555,-0.0980865481773372
Symbiodinium24576,0.00433970720226697
Symbiodinium24579,-0.0183653176416578
Symbiodinium24580,0.0121813741458876
Symbiodinium24581,0.104169235622853
Symbiodinium24583,-0.0550588668365604
Symbiodinium24584,0.841263235779988
Symbiodinium24587,-0.00270117507562006
Symbiodinium24591,-0.444250093978004
Symbiodinium24592,2.44086349696369
Symbiodinium24595,0.064396675006019
Symbiodinium24597,0.010501480367622
Symbiodinium24607,0.224007580593626
Symbiodinium24617,-0.199567975664035
Symbiodinium24620,0.082453259714082
Symbiodinium24622,0.293478236680855
Symbiodinium24623,-0.0544737716956718
Symbiodinium24628,0.562271268951654
Symbiodinium24629,0.0366440067514473
Symbiodinium24633,0.0292632862576321
Symbiodinium24634,0.152535780765632
Symbiodinium24643,-0.100810471652345
Symbiodinium24648,-0.765246601726276
Symbiodinium24649,-0.0357181569254551
Symbiodinium24658,0.247576664416266
Symbiodinium24666,0.0160921251251027
Symbiodinium24669,0.13307849428524
Symbiodinium24680,0.00950746110014669
Symbiodinium24683,-0.105117438625315
Symbiodinium24685,0.279741690587119
Symbiodinium24691,0.436022056674307
Symbiodinium24692,0.0961741069407515
Symbiodinium24695,0.0682946727205203
Symbiodinium24699,0.19028744405152
Symbiodinium24707,0.11804989425521
Symbiodinium24711,-0.143774952701728
Symbiodinium24714,0.0440370577194294
Symbiodinium24720,0.194139144175265
Symbiodinium24725,0.417895176087128
Symbiodinium24736,0.0610756935287271
Symbiodinium24737,-0.0174022870640671
Symbiodinium24742,0.0525640826095833
Symbiodinium24745,-0.02631743920768
Symbiodinium24746,-0.193453325892927
Symbiodinium24755,-0.0494205813534189
Symbiodinium24759,0.314391432996487
Symbiodinium24760,-0.220888252298079
Symbiodinium24764,-0.0575937819081202
Symbiodinium24767,-0.0971913543980658
Symbiodinium24768,0.162902047842764
Symbiodinium24771,0.243725765929949
Symbiodinium24775,-0.13470421285834
Symbiodinium24776,-0.310070568214194
Symbiodinium24779,-0.29855257234322
Symbiodinium24781,-0.157721657840305
Symbiodinium24783,0.517062037492337
Symbiodinium24786,0.0992377058048488
Symbiodinium24788,-0.0108918212575592
Symbiodinium24793,0.116560139472879
Symbiodinium24801,-0.0758656685345093
Symbiodinium24807,0.381104309586216
Symbiodinium24814,0.29008180964714
Symbiodinium24816,-0.456801285577292
Symbiodinium24831,-0.515956139702245
Symbiodinium24832,0.506856553873644
Symbiodinium24837,-0.137036737832924
Symbiodinium24840,0.337998827801105
Symbiodinium24845,0.101919027574823
Symbiodinium24846,0.0803445306661305
Symbiodinium24855,0.294101468008211
Symbiodinium24866,-0.277414061831988
Symbiodinium24868,-0.0466199571552636
Symbiodinium24870,0.307835001092074
Symbiodinium24874,0.11048663833767
Symbiodinium24882,0.521944503484031
Symbiodinium24886,0.55041419025318
Symbiodinium24890,0.160023538042663
Symbiodinium24895,0.269023590363428
Symbiodinium24897,-0.218790787563682
Symbiodinium24899,-0.3849629578028
Symbiodinium24918,-0.0905969868511308
Symbiodinium24923,0.0768525168372999
Symbiodinium24929,0.101725837632005
Symbiodinium24935,-0.263090423721476
Symbiodinium24939,-0.0877380882072164
Symbiodinium24945,0.446893474558043
Symbiodinium24948,0.0322815536290854
Symbiodinium24950,0.58210802081296
Symbiodinium24953,0.145741978687987
Symbiodinium24973,-0.230058721908408
Symbiodinium24975,0.0105088755934088
Symbiodinium24977,-0.0367155728731397
Symbiodinium24983,-0.116019508568013
Symbiodinium24988,0.359034244973337
Symbiodinium24989,0.0572601998006225
Symbiodinium24991,-0.223814954874689
Symbiodinium24998,-0.0550143184893617
Symbiodinium25003,0.334595688494572
Symbiodinium25010,0.366037386301918
Symbiodinium25011,0.634036706978167
Symbiodinium25013,0.352920927964971
Symbiodinium25049,0.27855725158214
Symbiodinium25052,-0.0882044093765302
Symbiodinium25054,0.19989395479455
Symbiodinium25056,-0.309601477379148
Symbiodinium25063,-0.0880678255649971
Symbiodinium25082,-0.030584947476821
Symbiodinium25098,0.263113062104769
Symbiodinium25101,0.551353108027597
Symbiodinium25102,-0.0678157493826209
Symbiodinium25106,0.345026960264452
Symbiodinium25112,0.0871468768767804
Symbiodinium25123,-0.072984018533614
Symbiodinium25126,0.159838070151186
Symbiodinium25128,0.200595007995675
Symbiodinium25133,-0.671405132777584
Symbiodinium25136,-0.231962380046635
Symbiodinium25138,0.135826603384606
Symbiodinium25142,0.0636748880817925
Symbiodinium25152,0.285135103543938
Symbiodinium25153,0.311981865144616
Symbiodinium25157,-0.0565112899358126
Symbiodinium25172,-0.0158029942441719
Symbiodinium25176,0.0253862280429495
Symbiodinium25177,-0.103103673829108
Symbiodinium25186,0.386925234472166
Symbiodinium25189,0.0461520864049055
Symbiodinium25192,-0.0708965430988317
Symbiodinium25198,-0.177131547255975
Symbiodinium25206,-0.0422727443717276
Symbiodinium25210,0.392057811306416
Symbiodinium25212,0.171625973243629
Symbiodinium25215,0.0230662785608569
Symbiodinium25220,-0.560899072682341
Symbiodinium25222,0.39873696789472
Symbiodinium25225,0.0788853112686473
Symbiodinium25226,0.219233536794628
Symbiodinium25228,-0.485259674646419
Symbiodinium25237,0.372870341991969
Symbiodinium25238,-0.169646148717906
Symbiodinium25244,-0.078942147192082
Symbiodinium25248,0.29168389217182
Symbiodinium25257,-0.0484478304216341
Symbiodinium25258,-0.0212970690378733
Symbiodinium25262,0.12418169017873
Symbiodinium25263,0.388964250745186
Symbiodinium25268,-0.799545127269741
Symbiodinium25271,-0.0321292152805912
Symbiodinium25281,0.169099881770363
Symbiodinium25285,0.556222125532308
Symbiodinium25286,-1.32391433330898
Symbiodinium25289,0.0840201239587741
Symbiodinium25294,0.0319914640921321
Symbiodinium25307,-0.379958490311738
Symbiodinium25308,0.30111418557278
Symbiodinium25317,0.220460820347674
Symbiodinium25320,-0.258173300347438
Symbiodinium25329,0.0821340346959937
Symbiodinium25337,0.021880056851222
Symbiodinium25338,-0.107826530963485
Symbiodinium25339,0.204881011240737
Symbiodinium25343,-0.0916069653553471
Symbiodinium25345,0.0676069441098003
Symbiodinium25350,-0.177193826617539
Symbiodinium25351,0.180446663266399
Symbiodinium25353,0.299723507535248
Symbiodinium25356,0.122786277583395
Symbiodinium25359,-0.0108054282032449
Symbiodinium25361,0.113123300114599
Symbiodinium25379,0.466787073408459
Symbiodinium25384,0.42325937615194
Symbiodinium25386,0.0381199314094061
Symbiodinium25401,0.392093689124238
Symbiodinium25407,0.172611411391098
Symbiodinium25422,0.0341472520042721
Symbiodinium25424,0.238144905322517
Symbiodinium25431,-0.344769304035097
Symbiodinium25434,-0.233349757647068
Symbiodinium25436,0.409925020419358
Symbiodinium25452,0.197106948458575
Symbiodinium25455,-0.116279552505124
Symbiodinium25467,0.202385319490045
Symbiodinium25471,-0.228656729017045
Symbiodinium25473,-0.100462224649235
Symbiodinium25475,0.297795162021086
Symbiodinium25476,0.0390817584474295
Symbiodinium25479,0.00433900689343848
Symbiodinium25480,-0.002488800979129
Symbiodinium25481,0.243215739688426
Symbiodinium25489,0.220543769663126
Symbiodinium25490,0.186494579831201
Symbiodinium25495,-0.162636356945087
Symbiodinium25508,0.395626518235432
Symbiodinium25510,0.332941555520868
Symbiodinium25515,-0.149001873531852
Symbiodinium25519,-0.104026097172906
Symbiodinium25522,0.114684607446553
Symbiodinium25523,-0.0243435219152022
Symbiodinium25526,0.0417100088950535
Symbiodinium25528,-0.0964183601477085
Symbiodinium25530,-0.231141907974792
Symbiodinium25531,0.0629859946714135
Symbiodinium25535,0.0891164297856931
Symbiodinium25538,0.34399697863553
Symbiodinium25539,-0.255294361977347
Symbiodinium25540,-0.196537804135442
Symbiodinium25552,0.000571603169758278
Symbiodinium25564,0.477974208779418
Symbiodinium25568,0.135757649900107
Symbiodinium25569,-0.0248548092528232
Symbiodinium25572,-0.0386676481199989
Symbiodinium25574,0.177016861904534
Symbiodinium25577,0.204989408363698
Symbiodinium25579,-0.105163006916271
Symbiodinium25584,0.153847370845787
Symbiodinium25586,0.147750475667496
Symbiodinium25588,-0.0415065003310973
Symbiodinium25589,0.153275725286453
Symbiodinium25591,-0.0396495833826924
Symbiodinium25597,-0.153615064927217
Symbiodinium25600,0.264327229346862
Symbiodinium25602,1.61929712182739e-05
Symbiodinium25606,0.262640266485128
Symbiodinium25613,0.34902546514575
Symbiodinium25614,0.0712604108370524
Symbiodinium25615,0.0256834605533993
Symbiodinium25616,-0.0495683529608871
Symbiodinium25618,0.275459766964193
Symbiodinium25620,-0.0165867174335538
Symbiodinium25621,0.180694234851531
Symbiodinium25630,0.249400697628414
Symbiodinium25636,0.191006152921764
Symbiodinium25642,0.0994469604112654
Symbiodinium25644,0.477348857912402
Symbiodinium25646,0.191566235311163
Symbiodinium25650,-0.265128367462221
Symbiodinium25652,-0.0807442665602206
Symbiodinium25656,0.122809280059226
Symbiodinium25660,0.179804062665296
Symbiodinium25678,-0.255153308488993
Symbiodinium25687,0.16967182949014
Symbiodinium25689,-0.11256800023537
Symbiodinium25690,0.241799885296269
Symbiodinium25692,0.366043064757817
Symbiodinium25704,-0.156574152474506
Symbiodinium25708,-0.208224027058845
Symbiodinium25710,-0.296394012171012
Symbiodinium25712,-0.078524705155949
Symbiodinium25717,0.0661611385463164
Symbiodinium25723,0.363167293050517
Symbiodinium25725,0.0703028212419353
Symbiodinium25739,-0.159302923942203
Symbiodinium25742,0.187146914525642
Symbiodinium25748,-0.0677974029925577
Symbiodinium25750,-0.0242582633020605
Symbiodinium25772,-0.194902236539042
Symbiodinium25773,-0.0139163793927011
Symbiodinium25775,-0.240813404278998
Symbiodinium25781,0.102854458897327
Symbiodinium25787,0.0164405831015593
Symbiodinium25789,0.0117310182233686
Symbiodinium25792,-0.196438188183141
Symbiodinium25794,-0.147190322632597
Symbiodinium25795,0.107541722245873
Symbiodinium25799,0.474475668771343
Symbiodinium25800,0.0656377482370248
Symbiodinium25802,-0.0140666203458452
Symbiodinium25805,0.263857578549163
Symbiodinium25816,-0.472515196449861
Symbiodinium25819,-0.0295367384566263
Symbiodinium25820,0.24169009885997
Symbiodinium25821,-0.0328039240588617
Symbiodinium25824,0.174441489401271
Symbiodinium25827,0.553577454702535
Symbiodinium25831,-0.315345543640425
Symbiodinium25837,0.179593808522022
Symbiodinium25846,-0.182355796129548
Symbiodinium25847,-0.207576362465145
Symbiodinium25848,0.4261584006302
Symbiodinium25849,-0.282168807342615
Symbiodinium25851,0.511560092357856
Symbiodinium25852,0.0935035325931242
Symbiodinium25859,-0.020768464694293
Symbiodinium25869,0.240786651597667
Symbiodinium25875,-0.110087434338549
Symbiodinium25882,0.726063204931239
Symbiodinium25886,0.216072326278113
Symbiodinium25897,0.438447994185083
Symbiodinium25901,-0.155546590712082
Symbiodinium25903,-0.270399534548709
Symbiodinium25905,-0.056437414161748
Symbiodinium25908,0.232811001139402
Symbiodinium25914,0.147593858727368
Symbiodinium25920,0.133651474590107
Symbiodinium25923,0.0652458718401336
Symbiodinium25928,-0.0619697858358745
Symbiodinium25929,-0.196295288575237
Symbiodinium25932,0.200855411650793
Symbiodinium25936,-0.396739320703085
Symbiodinium25938,0.203219766564565
Symbiodinium25939,0.26849178941004
Symbiodinium25941,0.991621921130201
Symbiodinium25945,0.157918546863831
Symbiodinium25951,0.418715109202679
Symbiodinium25963,0.121473080860629
Symbiodinium25965,-0.00854177935895114
Symbiodinium25967,0.0679584679692201
Symbiodinium25986,-0.0792441545126937
Symbiodinium25987,-0.15496046809647
Symbiodinium25992,-0.164034432509494
Symbiodinium25996,-0.74951474256118
Symbiodinium25997,-0.118363698508739
Symbiodinium26001,0.0736074000425131
Symbiodinium26003,0.12436419971414
Symbiodinium26004,0.369759770787394
Symbiodinium26005,0.0835248360011836
Symbiodinium26006,0.573338493748214
Symbiodinium26012,0.409026225122317
Symbiodinium26013,-0.213461226939521
Symbiodinium26014,0.312857622495153
Symbiodinium26018,0.231644889864114
Symbiodinium26019,1.13094755250141
Symbiodinium26020,0.464147066387398
Symbiodinium26021,0.491869309676448
Symbiodinium26025,0.0499714078005861
Symbiodinium26027,-0.0611041315986092
Symbiodinium26028,0.074770514918519
Symbiodinium26030,0.0398130950356541
Symbiodinium26033,0.41456362158141
Symbiodinium26035,0.0399187845806734
Symbiodinium26037,0.095245972942458
Symbiodinium26042,0.297921285115616
Symbiodinium26044,0.515968160617088
Symbiodinium26045,-0.0623885512836807
Symbiodinium26055,-0.0481233589471516
Symbiodinium26056,-0.0736402500696578
Symbiodinium26059,0.480955648859413
Symbiodinium26070,-0.145491124113389
Symbiodinium26072,0.0379383827299843
Symbiodinium26080,-0.195156724293041
Symbiodinium26082,0.0620728021231315
Symbiodinium26091,0.277429927000526
Symbiodinium26093,-0.023406171362065
Symbiodinium26095,0.13115189325751
Symbiodinium26097,0.00971899186757133
Symbiodinium26101,-0.0832335893234185
Symbiodinium26104,0.222833974414309
Symbiodinium26107,-0.0191275279869489
Symbiodinium26109,-0.0652525307396925
Symbiodinium26114,0.319953310612765
Symbiodinium26115,0.317789197498568
Symbiodinium26116,0.144940842834776
Symbiodinium26118,-0.0197818293048129
Symbiodinium26119,0.240263887515592
Symbiodinium26125,-0.127490807438138
Symbiodinium26127,0.372763009036537
Symbiodinium26131,-0.55599604762998
Symbiodinium26133,0.186007898846291
Symbiodinium26134,-0.158920345484276
Symbiodinium26136,0.0570325654173393
Symbiodinium26137,0.0925028595843407
Symbiodinium26142,-0.169317852663015
Symbiodinium26145,-0.00841024412571796
Symbiodinium26146,-0.202355367402378
Symbiodinium26147,-0.049830361883958
Symbiodinium26151,0.335439808496961
Symbiodinium26153,0.65085763635643
Symbiodinium26156,-0.0701069014802952
Symbiodinium26157,0.0499134494957758
Symbiodinium26160,-0.245198964322631
Symbiodinium26162,-0.0443182476289072
Symbiodinium26163,0.028101834412317
Symbiodinium26165,0.27107682682394
Symbiodinium26166,-0.190796112059434
Symbiodinium26174,-0.289641712250649
Symbiodinium26180,-0.0447947504017414
Symbiodinium26182,0.235490101786537
Symbiodinium26190,-0.29317842850135
Symbiodinium26193,0.87069446710587
Symbiodinium26195,0.0916077348261206
Symbiodinium26199,-0.0975114880340246
Symbiodinium26201,0.0572832208335718
Symbiodinium26202,-0.160555265176317
Symbiodinium26205,-0.192095659201087
Symbiodinium26206,0.193785693720348
Symbiodinium26212,0.209591267072506
Symbiodinium26215,0.0394410958693429
Symbiodinium26224,-0.0777932501969327
Symbiodinium26228,-0.089887408220199
Symbiodinium26230,0.0135568224005573
Symbiodinium26236,-0.124589247901114
Symbiodinium26239,-0.391657348400174
Symbiodinium26240,0.218417565555665
Symbiodinium26243,-0.210211162672434
Symbiodinium26245,0.0601689659626816
Symbiodinium26252,0.244630512481028
Symbiodinium26255,0.0815149441097941
Symbiodinium26256,0.304251211282343
Symbiodinium26258,0.200484493816974
Symbiodinium26262,0.0976778608502896
Symbiodinium26264,0.193599250177503
Symbiodinium26266,-0.271085581095598
Symbiodinium26267,-0.108500437869275
Symbiodinium26276,-0.028732066864416
Symbiodinium26278,0.0979726531666795
Symbiodinium26279,-0.315794590032275
Symbiodinium26285,0.195521796776998
Symbiodinium26290,0.264218410746391
Symbiodinium26292,0.0057240562342024
Symbiodinium26301,-0.013681812108181
Symbiodinium26302,0.382816940123815
Symbiodinium26303,0.0941278758373622
Symbiodinium26304,-0.0661468404774653
Symbiodinium26307,0.346569047484557
Symbiodinium26309,0.2494674585096
Symbiodinium26313,-0.272003228632579
Symbiodinium26315,-0.187774879484349
Symbiodinium26323,0.204287855993124
Symbiodinium26325,0.0190650589407329
Symbiodinium26326,-0.143162280446448
Symbiodinium26331,-0.523138142517182
Symbiodinium26332,0.278917343153164
Symbiodinium26334,-0.403390280970091
Symbiodinium26336,0.390589880228065
Symbiodinium26337,0.00266275223710212
Symbiodinium26341,0.21847318099785
Symbiodinium26344,-0.312191088911957
Symbiodinium26347,-0.06881626357694
Symbiodinium26349,0.226336519142802
Symbiodinium26350,0.201910542711099
Symbiodinium26368,-0.0804663991329123
Symbiodinium26375,0.16685783254924
Symbiodinium26377,-0.0472842270131603
Symbiodinium26378,-0.0953592377554867
Symbiodinium26380,0.0459417964985239
Symbiodinium26383,0.526105076853932
Symbiodinium26385,0.0893943386605104
Symbiodinium26391,0.102058187544303
Symbiodinium26394,0.138097110553246
Symbiodinium26399,0.119420196736127
Symbiodinium26400,-0.152789770168554
Symbiodinium26401,0.311118193345469
Symbiodinium26402,-0.273527065324058
Symbiodinium26403,0.374977718360431
Symbiodinium26406,-0.135887580784655
Symbiodinium26416,0.0523549426684942
Symbiodinium26417,-0.0518694477580418
Symbiodinium26418,0.267984523915592
Symbiodinium26419,0.192249737599994
Symbiodinium26423,0.00058696290306581
Symbiodinium26426,0.304929078138387
Symbiodinium26429,0.116289416092055
Symbiodinium26430,-0.0638063709020409
Symbiodinium26435,-0.15191042275527
Symbiodinium26437,0.443632470753495
Symbiodinium26442,0.0741543647640769
Symbiodinium26448,0.0370832455490551
Symbiodinium26454,0.093657344841345
Symbiodinium26455,0.230950652891189
Symbiodinium26457,-0.0712627955530769
Symbiodinium26459,0.241615842694025
Symbiodinium26461,0.147432925733371
Symbiodinium26467,0.169833286822764
Symbiodinium26469,-0.405891693221185
Symbiodinium26470,-0.0114167302617871
Symbiodinium26475,-0.0468396458638935
Symbiodinium26477,0.171677626242188
Symbiodinium26478,0.413090541055989
Symbiodinium26480,0.172549519020362
Symbiodinium26481,-0.049641894501669
Symbiodinium26486,0.0241199973336109
Symbiodinium26490,0.220108510718991
Symbiodinium26494,0.0988398839646551
Symbiodinium26497,0.0464943415856682
Symbiodinium26498,0.0172582382111571
Symbiodinium26502,-0.0967766677059753
Symbiodinium26503,-0.0371038729477497
Symbiodinium26505,0.104812956650913
Symbiodinium26509,-0.0425114907701538
Symbiodinium26512,-0.182158512818528
Symbiodinium26514,0.101086666798845
Symbiodinium26515,-0.0841395311446166
Symbiodinium26517,0.122843161733116
Symbiodinium26522,0.336944758633427
Symbiodinium26526,0.21852579819694
Symbiodinium26527,-0.0972165768738978
Symbiodinium26533,-0.0948228686820342
Symbiodinium26539,0.853038032821843
Symbiodinium26540,0.0506843571520912
Symbiodinium26541,0.15942964085277
Symbiodinium26542,0.373635103263545
Symbiodinium26545,0.0712644803362743
Symbiodinium26549,0.275958104426641
Symbiodinium26554,0.23003413591248
Symbiodinium26555,-0.128872123339796
Symbiodinium26556,-0.223884003314054
Symbiodinium26558,0.044659184532736
Symbiodinium26562,0.00930928725492936
Symbiodinium26563,0.338350235072483
Symbiodinium26566,-0.150253080325592
Symbiodinium26567,0.219839235207379
Symbiodinium26570,-0.0536839281636495
Symbiodinium26574,-0.000221299520030897
Symbiodinium26587,-0.166750117540455
Symbiodinium26590,-0.250165270927616
Symbiodinium26591,0.222691090730253
Symbiodinium26593,0.0226481851906212
Symbiodinium26595,-0.0691147756497093
Symbiodinium26596,0.195651528270994
Symbiodinium26598,-0.579822141046499
Symbiodinium26600,0.0514656186218075
Symbiodinium26601,0.015726049116965
Symbiodinium26606,-0.390428047054356
Symbiodinium26608,0.357363101553432
Symbiodinium26612,0.344779948925502
Symbiodinium26613,-0.0629865232223605
Symbiodinium26616,0.349575000612675
Symbiodinium26619,0.336035055392843
Symbiodinium26624,0.248048337643156
Symbiodinium26626,0.0831891220316695
Symbiodinium26630,0.385780589306701
Symbiodinium26631,0.220365889667599
Symbiodinium26634,0.0691899941948353
Symbiodinium26635,0.0924685694575771
Symbiodinium26638,-0.201477012442171
Symbiodinium26639,-0.175767018263523
Symbiodinium26642,0.191119515781811
Symbiodinium26644,0.311146395786423
Symbiodinium26646,-0.0910000118925159
Symbiodinium26648,0.418258985341749
Symbiodinium26649,0.0457941411966209
Symbiodinium26651,0.214965300457997
Symbiodinium26652,0.144745434625104
Symbiodinium26653,-0.0930240522778935
Symbiodinium26655,-0.0702000945771525
Symbiodinium26656,-0.0499057602308191
Symbiodinium26657,0.102613253209281
Symbiodinium26658,0.0712492065858817
Symbiodinium26664,-0.125797502426771
Symbiodinium26665,0.273412554515779
Symbiodinium26666,0.0381162016725674
Symbiodinium26670,0.470589416195452
Symbiodinium26671,0.340050105814633
Symbiodinium26672,0.0525024834455213
Symbiodinium26674,0.227098698405646
Symbiodinium26675,0.189429823534716
Symbiodinium26677,0.0587053781519348
Symbiodinium26680,0.556269808550579
Symbiodinium26681,-0.0633124167709063
Symbiodinium26684,0.0528316537845847
Symbiodinium26685,0.0831692857124151
Symbiodinium26689,-0.542714707214911
Symbiodinium26690,-0.0211889201264394
Symbiodinium26691,0.11598333188874
Symbiodinium26692,0.0810598592952616
Symbiodinium26693,-0.112281844520733
Symbiodinium26694,0.0955789724008093
Symbiodinium26699,0.0709209548328391
Symbiodinium26700,0.13486721288868
Symbiodinium26701,0.0966180792095821
Symbiodinium26704,0.0648825682876667
Symbiodinium26707,-0.13708145069634
Symbiodinium26708,-0.0569599981137662
Symbiodinium26712,0.00902260386668507
Symbiodinium26715,-0.130120311712023
Symbiodinium26716,0.00198911199534101
Symbiodinium26717,-0.0149421608140228
Symbiodinium26720,0.0718115653932958
Symbiodinium26721,-0.0706859094571397
Symbiodinium26722,0.311465699279068
Symbiodinium26725,-0.0426003537560546
Symbiodinium26727,-0.000215886347579415
Symbiodinium26729,-0.166147141046912
Symbiodinium26731,-0.219465411764927
Symbiodinium26733,0.118857763932406
Symbiodinium26735,-0.0912630306132968
Symbiodinium26737,0.0923084597402478
Symbiodinium26738,0.311764067349766
Symbiodinium26739,0.243268363424475
Symbiodinium26744,0.351745337601925
Symbiodinium26747,0.1806010935046
Symbiodinium26748,0.0348082962369266
Symbiodinium26749,-0.746045293320662
Symbiodinium26750,0.913522183382507
Symbiodinium26757,-0.211172253965821
Symbiodinium26758,0.158393305415032
Symbiodinium26759,0.198886707393039
Symbiodinium26760,-0.146087249410386
Symbiodinium26761,0.229525583862501
Symbiodinium26766,-0.013869068580762
Symbiodinium26769,0.0283188267619512
Symbiodinium26770,0.113875471746842
Symbiodinium26771,0.79074902711679
Symbiodinium26772,0.200789292459187
Symbiodinium26773,0.173679009061196
Symbiodinium26774,-0.346393095425707
Symbiodinium26779,-0.189099783878088
Symbiodinium26780,0.153117843773577
Symbiodinium26783,0.370375841712446
Symbiodinium26786,0.343101459918174
Symbiodinium26787,0.255484940447568
Symbiodinium26790,0.537382912831466
Symbiodinium26791,-0.0702863896038933
Symbiodinium26792,0.396614334478447
Symbiodinium26793,0.265546345584295
Symbiodinium26794,0.230998826178873
Symbiodinium26795,0.179985955162748
Symbiodinium26798,0.526520930575605
Symbiodinium26799,0.14422414406134
Symbiodinium26803,0.0679715994075287
Symbiodinium26804,-0.0913628401257379
Symbiodinium26805,-0.279508149612358
Symbiodinium26806,-0.032557432987617
Symbiodinium26807,0.259670620634843
Symbiodinium26812,-0.218509413109885
Symbiodinium26814,0.0253953703444257
Symbiodinium26817,-0.159721983583695
Symbiodinium26824,0.00758463090093142
Symbiodinium26827,-0.0978546649744845
Symbiodinium26828,0.0955097716453238
Symbiodinium26830,-0.0833117278506164
Symbiodinium26831,0.0909397284820445
Symbiodinium26832,-0.0991365004673099
Symbiodinium26833,0.408033993543235
Symbiodinium26836,0.408369657857792
Symbiodinium26838,0.0467948511662247
Symbiodinium26840,0.102626458103619
Symbiodinium26844,-0.139816836498686
Symbiodinium26852,-0.238479444142387
Symbiodinium26854,0.320947724104149
Symbiodinium26855,0.251539347792716
Symbiodinium26856,0.0435145504768688
Symbiodinium26857,-0.10004928760554
Symbiodinium26858,0.172850204299101
Symbiodinium26859,0.0883741782675872
Symbiodinium26864,-0.308543735705293
Symbiodinium26866,-0.222226918527615
Symbiodinium26868,0.00043291800966976
Symbiodinium26871,0.381770759626736
Symbiodinium26872,0.105775487603769
Symbiodinium26874,0.0548705181185168
Symbiodinium26875,-0.132264904500923
Symbiodinium26876,0.126057022229609
Symbiodinium26887,-0.0817531444214852
Symbiodinium26888,-0.306335087740125
Symbiodinium26889,0.158557188353025
Symbiodinium26890,-0.380003098340993
Symbiodinium26893,-0.0465936686299162
Symbiodinium26894,0.175464867085592
Symbiodinium26896,0.314553570908202
Symbiodinium26898,-0.12059063815785
Symbiodinium26900,0.00141118121236898
Symbiodinium26901,0.0119279878668497
Symbiodinium26902,0.0133709581955517
Symbiodinium26903,0.0766960337680146
Symbiodinium26906,-0.0924766228856625
Symbiodinium26908,0.0950740005355273
Symbiodinium26911,-0.0023610774873269
Symbiodinium26913,0.261193051686874
Symbiodinium26914,0.292680294261956
Symbiodinium26917,0.534027800835261
Symbiodinium26919,0.12087096264646
Symbiodinium26920,0.245074419288534
Symbiodinium26921,0.152160292894748
Symbiodinium26923,0.0563863615354025
Symbiodinium26925,-0.0359515792847768
Symbiodinium26929,0.0684840114440166
Symbiodinium26931,-0.299534720297182
Symbiodinium26932,0.100830520475169
Symbiodinium26933,0.574959328935507
Symbiodinium26935,0.374894525999218
Symbiodinium26936,-1.30521152681849
Symbiodinium26937,0.352240119197441
Symbiodinium26943,0.346871478840241
Symbiodinium26944,0.00187911992785904
Symbiodinium26948,0.00686512635924262
Symbiodinium26949,-0.155159818942541
Symbiodinium26952,0.0215037804076848
Symbiodinium26953,-0.0561557540533574
Symbiodinium26955,0.0539487916476171
Symbiodinium26956,-0.0555871967847044
Symbiodinium26958,0.130438413132136
Symbiodinium26963,0.0416576121571075
Symbiodinium26965,0.414755155741674
Symbiodinium26967,0.108726085038525
Symbiodinium26969,-0.192978063432844
Symbiodinium26971,0.478543069988291
Symbiodinium26973,0.00390213606804689
Symbiodinium26975,-0.0240820557107178
Symbiodinium26976,0.153905724456322
Symbiodinium26977,0.0646859824810215
Symbiodinium26979,-0.226585992728554
Symbiodinium26980,0.0932730304208639
Symbiodinium26982,-0.111247347452593
Symbiodinium26986,0.143561092882746
Symbiodinium26987,0.527392155092532
Symbiodinium26989,0.319449649951703
Symbiodinium26991,-0.22225899263973
Symbiodinium26993,-0.683550576970426
Symbiodinium26994,0.101996732178214
Symbiodinium26998,0.068116368942231
Symbiodinium26999,-0.0219889881671874
Symbiodinium27001,-0.103392054643841
Symbiodinium27002,-0.10487420068716
Symbiodinium27004,-0.172931067397684
Symbiodinium27005,-0.241609847793313
Symbiodinium27006,0.412979072233697
Symbiodinium27009,-0.304524859557811
Symbiodinium27010,0.0267395507638719
Symbiodinium27011,0.0844323570943329
Symbiodinium27015,0.316700718623709
Symbiodinium27018,0.50561897843947
Symbiodinium27020,0.0752088056001678
Symbiodinium27021,0.226421524876071
Symbiodinium27022,0.0810769990528787
Symbiodinium27023,-0.326031113919109
Symbiodinium27028,-0.401476431795397
Symbiodinium27030,-0.0289708650814958
Symbiodinium27031,-0.00944833360378879
Symbiodinium27032,0.0254964626420464
Symbiodinium27035,0.0727762491302458
Symbiodinium27038,-0.0493244747762404
Symbiodinium27039,-0.00245860706987322
Symbiodinium27040,0.19981247911308
Symbiodinium27042,-0.319119912267891
Symbiodinium27043,0.0382235090070911
Symbiodinium27045,0.170143292989275
Symbiodinium27047,0.0503428217339841
Symbiodinium27048,0.156696875487133
Symbiodinium27049,0.166516165550946
Symbiodinium27050,0.00748368713994334
Symbiodinium27051,0.173283256255603
Symbiodinium27052,0.205513673349127
Symbiodinium27053,-0.0665083585165047
Symbiodinium27054,-0.130197610706718
Symbiodinium27056,1.29966699776719
Symbiodinium27057,0.371539310417126
Symbiodinium27058,-0.00683451958108481
Symbiodinium27059,0.959078212828748
Symbiodinium27060,0.354668041359067
Symbiodinium27061,0.129785111591332
Symbiodinium27062,-0.279424297250923
Symbiodinium27063,-0.0825504507346055
Symbiodinium27065,0.23753856878363
Symbiodinium27066,0.138723243135006
Symbiodinium27067,0.0283406679999538
Symbiodinium27069,0.340574554342646
Symbiodinium27078,-0.122240893546358
Symbiodinium27079,0.362420559332128
Symbiodinium27080,-0.0225358029932263
Symbiodinium27083,0.477653494603289
Symbiodinium27084,0.111092783782979
Symbiodinium27089,-0.0838258047499602
Symbiodinium27090,0.352056670294774
Symbiodinium27091,0.251329529338452
Symbiodinium27092,-0.290946094032278
Symbiodinium27093,-0.0662260586716795
Symbiodinium27096,0.211201827491455
Symbiodinium27098,0.0460166729263434
Symbiodinium27100,0.232501343646039
Symbiodinium27102,0.000243116960239952
Symbiodinium27103,-0.396349155365322
Symbiodinium27104,0.0752016499040181
Symbiodinium27105,0.106827114645527
Symbiodinium27106,0.166050862607226
Symbiodinium27107,0.1391579167223
Symbiodinium27108,-0.0697639556200337
Symbiodinium27113,-0.490386566588991
Symbiodinium27114,-0.0423302097957779
Symbiodinium27115,-0.202799477618082
Symbiodinium27118,0.222113104776279
Symbiodinium27119,-0.0763980185257677
Symbiodinium27120,-0.126565945610373
Symbiodinium27121,0.196471029005447
Symbiodinium27124,0.390637420311213
Symbiodinium27128,0.0152024012809257
Symbiodinium27135,-0.0700481722895741
Symbiodinium27137,0.108738875453587
Symbiodinium27138,0.42325544269673
Symbiodinium27141,-0.0556539150674808
Symbiodinium27142,0.558798288828179
Symbiodinium27146,0.130317615137131
Symbiodinium27147,0.121348219166613
Symbiodinium27148,0.283873826170401
Symbiodinium27153,0.146058386655577
Symbiodinium27157,0.222323884668159
Symbiodinium27158,0.155448983278321
Symbiodinium27162,0.161651899781547
Symbiodinium27163,0.0063255340313331
Symbiodinium27164,-0.0953830485383555
Symbiodinium27166,-0.110688035923579
Symbiodinium27167,0.29377658826114
Symbiodinium27168,-0.0943825724005921
Symbiodinium27169,-0.130226479503204
Symbiodinium27170,-0.82964090989702
Symbiodinium27173,-0.219934180353801
Symbiodinium27176,0.0877175926336388
Symbiodinium27177,0.00965763716586981
Symbiodinium27178,-0.0222492372667232
Symbiodinium27180,-0.199380446808285
Symbiodinium27181,0.16543805324737
Symbiodinium27182,0.0669987446470625
Symbiodinium27183,-0.0482556554196422
Symbiodinium27185,0.158657613827066
Symbiodinium27187,-0.106742562828699
Symbiodinium27188,-0.0731534903907141
Symbiodinium27191,-0.0743427366299547
Symbiodinium27195,0.953039623968817
Symbiodinium27196,-0.28384117577338
Symbiodinium27198,0.308719552772601
Symbiodinium27202,0.536798283205278
Symbiodinium27203,-0.0558829019443383
Symbiodinium27204,-0.30108544339634
Symbiodinium27205,-0.0519864248413411
Symbiodinium27208,0.402437567233931
Symbiodinium27209,-0.301407009126628
Symbiodinium27211,0.0846625756523648
Symbiodinium27215,0.0667027221090541
Symbiodinium27217,0.152596812552994
Symbiodinium27218,-0.0678655219138599
Symbiodinium27221,0.00391700764696057
Symbiodinium27222,-0.0132278689407149
Symbiodinium27223,-0.364549891033202
Symbiodinium27225,0.262562497665848
Symbiodinium27226,-0.0495144299402189
Symbiodinium27228,0.327239130187379
Symbiodinium27229,0.2491290985061
Symbiodinium27231,-0.00550108786419914
Symbiodinium27233,0.0357799223932318
Symbiodinium27235,0.404014064866867
Symbiodinium27238,0.255201768988945
Symbiodinium27240,-0.099546363383428
Symbiodinium27241,-0.165873949804594
Symbiodinium27242,0.203181922346328
Symbiodinium27243,0.211363415570628
Symbiodinium27244,0.0224470575308323
Symbiodinium27245,0.353719975878232
Symbiodinium27247,-0.30588577071141
Symbiodinium27248,-0.0198736531354807
Symbiodinium27251,-0.0419496305991447
Symbiodinium27252,0.0351977754457371
Symbiodinium27258,-0.228067979268605
Symbiodinium27259,0.162242660791854
Symbiodinium27260,0.0651016413683023
Symbiodinium27261,0.0468449110062781
Symbiodinium27262,0.131409639951448
Symbiodinium27263,-0.269718975380807
Symbiodinium27264,0.619424880806417
Symbiodinium27266,0.0932414973540718
Symbiodinium27270,0.130454598775224
Symbiodinium27271,-0.0254270779361965
Symbiodinium27272,-0.0054047560590905
Symbiodinium27275,-0.222357764985803
Symbiodinium27276,0.149722100989488
Symbiodinium27277,0.0422018868371849
Symbiodinium27278,-0.0508633575131676
Symbiodinium27279,0.0171856729092275
Symbiodinium27280,0.160683231373395
Symbiodinium27281,0.393979160226453
Symbiodinium27282,0.00589552634021178
Symbiodinium27286,0.0849673669189808
Symbiodinium27287,-0.136173643541886
Symbiodinium27288,-0.286645563575253
Symbiodinium27289,-0.147192112691539
Symbiodinium27290,0.0152414238290232
Symbiodinium27291,0.00515191348283105
Symbiodinium27293,0.981457947435781
Symbiodinium27295,0.734558522778349
Symbiodinium27296,0.304589149967691
Symbiodinium27297,-0.101467002237108
Symbiodinium27298,0.1461047703524
Symbiodinium27299,-0.164209316703544
Symbiodinium27300,0.295483954567114
Symbiodinium27301,0.136967955390584
Symbiodinium27304,0.445966479986489
Symbiodinium27306,0.147955006901403
Symbiodinium27308,0.125244444868727
Symbiodinium27309,0.254078558424026
Symbiodinium27313,-0.112402110187452
Symbiodinium27315,0.439693174927877
Symbiodinium27317,0.163727912462496
Symbiodinium27319,-0.000109081973663232
Symbiodinium27320,0.536497611442576
Symbiodinium27321,0.000531430245321176
Symbiodinium27322,0.0895712360490132
Symbiodinium27323,0.0805555407329498
Symbiodinium27324,-0.0550376442115875
Symbiodinium27325,-0.0296150491657446
Symbiodinium27327,-0.218010786983862
Symbiodinium27329,0.241794057415487
Symbiodinium27332,0.0535438204324586
Symbiodinium27333,0.15128821603015
Symbiodinium27334,-0.0938814636910939
Symbiodinium27336,0.095733509511731
Symbiodinium27337,-0.0771261679763779
Symbiodinium27344,0.405309499503699
Symbiodinium27345,-0.135564986300036
Symbiodinium27347,0.307525754692426
Symbiodinium27348,0.0998148143576953
Symbiodinium27350,-0.928942426546246
Symbiodinium27351,0.411067968260717
Symbiodinium27354,0.235425939643821
Symbiodinium27357,-0.0771359492038351
Symbiodinium27358,-0.0217688811114809
Symbiodinium27363,0.0190872617744124
Symbiodinium27365,-0.0592081405205129
Symbiodinium27371,0.00971934474685597
Symbiodinium27372,-0.331026593892574
Symbiodinium27374,0.0630377825350639
Symbiodinium27376,-0.100014990217679
Symbiodinium27377,0.216039908190767
Symbiodinium27383,-0.0915138579725383
Symbiodinium27384,0.404510308070274
Symbiodinium27386,-0.259803626179697
Symbiodinium27387,0.0270897763598578
Symbiodinium27390,-0.0731631152991875
Symbiodinium27393,-0.000438102167342593
Symbiodinium27394,0.222130446750133
Symbiodinium27395,-0.152421836647612
Symbiodinium27396,-0.119120838029698
Symbiodinium27397,-0.0953576588866693
Symbiodinium27398,0.0498048478715689
Symbiodinium27399,0.306547531381893
Symbiodinium27400,-0.0732556399149068
Symbiodinium27404,-0.113846316886516
Symbiodinium27405,0.0202433779200192
Symbiodinium27406,0.201080679351624
Symbiodinium27407,0.0133675841716723
Symbiodinium27409,-0.0149712229328884
Symbiodinium27410,-0.052686853508105
Symbiodinium27411,-0.24676832195421
Symbiodinium27414,0.366629358974507
Symbiodinium27416,-0.219874226519386
Symbiodinium27420,0.144563023908779
Symbiodinium27421,0.216326663758693
Symbiodinium27427,0.110586594482132
Symbiodinium27429,0.302680425505419
Symbiodinium27431,-0.119372782799309
Symbiodinium27432,0.085587663446041
Symbiodinium27434,0.016330082567447
Symbiodinium27436,0.0441538826695573
Symbiodinium27438,-0.0473628157151649
Symbiodinium27440,-0.254059464580589
Symbiodinium27441,-0.0639283408194704
Symbiodinium27444,-0.022113698722422
Symbiodinium27446,-0.0545534665397293
Symbiodinium27447,-0.301765574100134
Symbiodinium27449,-0.0310521462289012
Symbiodinium27451,0.087818717802956
Symbiodinium27453,0.372947336693253
Symbiodinium27455,0.239409304918555
Symbiodinium27456,-0.151259346258339
Symbiodinium27457,0.27476206463088
Symbiodinium27458,0.00055742860212883
Symbiodinium27461,0.209490307526316
Symbiodinium27463,0.0294442112981819
Symbiodinium27464,0.00525053496054109
Symbiodinium27465,0.470890126331666
Symbiodinium27466,-0.0323860890769596
Symbiodinium27467,0.227116415392346
Symbiodinium27469,-0.13854709380886
Symbiodinium27470,-0.0748130615018225
Symbiodinium27471,0.219880624760131
Symbiodinium27473,0.0446700799291122
Symbiodinium27474,-0.0277348623990934
Symbiodinium27475,-0.0294816324387331
Symbiodinium27478,0.21293712900407
Symbiodinium27480,0.00378544583448538
Symbiodinium27481,0.132963758976491
Symbiodinium27483,0.189248228491843
Symbiodinium27484,0.0498497626293832
Symbiodinium27485,0.61164388812687
Symbiodinium27487,0.00500770623608465
Symbiodinium27488,-0.0167167938935337
Symbiodinium27490,0.285590635505888
Symbiodinium27495,0.229782060132155
Symbiodinium27499,0.0958689134437802
Symbiodinium27501,-0.0122486925220996
Symbiodinium27503,0.00450374044351055
Symbiodinium27504,0.0342732872175991
Symbiodinium27505,-0.149448167137334
Symbiodinium27506,-0.192865308254596
Symbiodinium27508,0.335640067639271
Symbiodinium27509,0.0234718161776278
Symbiodinium27511,-0.147455312985299
Symbiodinium27513,0.500487669271888
Symbiodinium27514,-0.0290748796919135
Symbiodinium27516,-0.125738648539869
Symbiodinium27517,0.098028952837802
Symbiodinium27518,-0.0502663318339706
Symbiodinium27519,0.343826082150497
Symbiodinium27520,0.192797450792541
Symbiodinium27521,0.166710867570034
Symbiodinium27522,-0.158225281685184
Symbiodinium27523,-0.153499472345155
Symbiodinium27524,0.0108510055674074
Symbiodinium27527,0.0928855267626842
Symbiodinium27530,0.210160099261079
Symbiodinium27531,-0.133005186908829
Symbiodinium27532,0.11678722894172
Symbiodinium27535,-0.045626399822094
Symbiodinium27540,-0.176088693516053
Symbiodinium27542,0.0436767732297411
Symbiodinium27543,0.0123712975559307
Symbiodinium27546,0.368818388743105
Symbiodinium27548,-0.0433656125966346
Symbiodinium27549,0.293189809999965
Symbiodinium27552,0.0155924823390929
Symbiodinium27553,0.751435881269404
Symbiodinium27555,-0.549352399192953
Symbiodinium27557,-0.248746750787973
Symbiodinium27559,0.11156806037444
Symbiodinium27561,0.500931367129402
Symbiodinium27562,-0.072874076740112
Symbiodinium27567,-0.0317322902254322
Symbiodinium27568,0.0179852991457331
Symbiodinium27569,-0.454248485956154
Symbiodinium27570,0.33462079921091
Symbiodinium27574,0.00511707332552201
Symbiodinium27575,0.344843882556143
Symbiodinium27579,0.0535111179095239
Symbiodinium27580,-0.0270088301586431
Symbiodinium27586,-0.22792567438593
Symbiodinium27588,-0.114932021940164
Symbiodinium27589,-0.133381356759319
Symbiodinium27590,0.109894846800277
Symbiodinium27592,-0.252059708726408
Symbiodinium27593,-0.212077191585828
Symbiodinium27597,0.0796875818710087
Symbiodinium27599,-0.249536146696515
Symbiodinium27605,-0.0851375589296754
Symbiodinium27607,0.019084690421744
Symbiodinium27613,0.158296995640569
Symbiodinium27616,0.167980654464831
Symbiodinium27620,-0.359585426788575
Symbiodinium27622,0.121190227628172
Symbiodinium27625,0.184193314979576
Symbiodinium27628,0.407521146031801
Symbiodinium27630,-0.100295808810276
Symbiodinium27631,0.0429394725624552
Symbiodinium27634,0.0548480871262655
Symbiodinium27638,0.0582640060912001
Symbiodinium27642,-0.119303508852159
Symbiodinium27643,-0.0386810091792995
Symbiodinium27644,-0.108661484191505
Symbiodinium27649,0.269564166515476
Symbiodinium27650,-0.175447326547402
Symbiodinium27651,0.239842671828258
Symbiodinium27653,-0.0305002177966738
Symbiodinium27662,-0.0737407295554748
Symbiodinium27667,-0.101736508914312
Symbiodinium27668,-0.160591467648964
Symbiodinium27669,-0.108539769858686
Symbiodinium27672,-0.275372547617717
Symbiodinium27674,-0.109930817892916
Symbiodinium27675,-0.495611500847383
Symbiodinium27676,-0.192960876451712
Symbiodinium27678,-0.0519827329080414
Symbiodinium27680,-0.300511698421268
Symbiodinium27681,-0.0978046816974638
Symbiodinium27682,-0.0999760548880904
Symbiodinium27683,0.415813886453508
Symbiodinium27686,0.0334737231420794
Symbiodinium27690,0.0571601254901528
Symbiodinium27691,0.030018268717395
Symbiodinium27694,-0.138951619140105
Symbiodinium27695,-0.205909509002318
Symbiodinium27696,-0.104236529124119
Symbiodinium27697,-0.63024786860949
Symbiodinium27700,-0.223004984817349
Symbiodinium27703,-0.0568740321401212
Symbiodinium27704,0.047226693161737
Symbiodinium27706,0.221566672096486
Symbiodinium27707,-0.293502630869497
Symbiodinium27709,-0.012006900771022
Symbiodinium27710,-0.0142527280944598
Symbiodinium27711,-0.0208385037355435
Symbiodinium27713,0.118023997826459
Symbiodinium27714,-0.0755880455921825
Symbiodinium27718,-0.251015639523193
Symbiodinium27720,0.370421262067915
Symbiodinium27721,0.23420554315668
Symbiodinium27722,-0.0116350005346808
Symbiodinium27723,0.308836741058176
Symbiodinium27725,0.11417911583983
Symbiodinium27726,-0.490474568109445
Symbiodinium27727,0.440511665782047
Symbiodinium27730,0.385425546006089
Symbiodinium27731,-0.266371813997975
Symbiodinium27732,0.360682586274292
Symbiodinium27733,-0.187856320673523
Symbiodinium27734,-0.169623978671147
Symbiodinium27735,0.17253283520764
Symbiodinium27736,0.0529690767145936
Symbiodinium27737,0.306174478614413
Symbiodinium27738,0.107230081149127
Symbiodinium27739,-0.364634359065391
Symbiodinium27745,0.177365150771457
Symbiodinium27751,0.197512774057809
Symbiodinium27752,-0.270335637097156
Symbiodinium27754,-0.00151835856147992
Symbiodinium27756,-0.0856133889217777
Symbiodinium27761,0.158842185345308
Symbiodinium27763,0.359701481531334
Symbiodinium27764,-0.421619971777366
Symbiodinium27768,-0.0284800580237637
Symbiodinium27772,0.0427128047300698
Symbiodinium27775,-0.239344798918219
Symbiodinium27778,-0.0979260965121799
Symbiodinium27779,0.858649485029173
Symbiodinium27780,-0.255028318413593
Symbiodinium27782,0.123320801192237
Symbiodinium27784,-0.0808645928845643
Symbiodinium27788,-0.473908532637486
Symbiodinium27791,0.0873347486309859
Symbiodinium27792,0.287731984861609
Symbiodinium27794,0.110286003490064
Symbiodinium27795,0.429644359377421
Symbiodinium27798,-0.0701931856046784
Symbiodinium27799,0.0420922477612961
Symbiodinium27800,0.0651174967820004
Symbiodinium27803,-0.151734980410271
Symbiodinium27806,0.129477789178628
Symbiodinium27808,0.00311524538121369
Symbiodinium27812,-0.256783864502019
Symbiodinium27814,-0.175157077104756
Symbiodinium27816,-0.0389436344061407
Symbiodinium27817,-0.105514324929494
Symbiodinium27818,-0.0132168496143831
Symbiodinium27820,0.139614711837021
Symbiodinium27822,0.0487026109338561
Symbiodinium27823,-0.00315054903277513
Symbiodinium27824,-0.102355121753383
Symbiodinium27827,0.0375825205151744
Symbiodinium27832,-0.0764240549959327
Symbiodinium27837,0.11557813225649
Symbiodinium27839,0.209680093301809
Symbiodinium27841,0.120400646387203
Symbiodinium27842,-0.0244932629616165
Symbiodinium27845,0.181247879102537
Symbiodinium27847,0.0954969585295661
Symbiodinium27848,-0.0111789715725632
Symbiodinium27849,-0.0365880891196411
Symbiodinium27858,0.104705589478607
Symbiodinium27861,0.00573410816316115
Symbiodinium27863,-0.0989034662334651
Symbiodinium27865,-0.0584193772966822
Symbiodinium27867,-0.031973455072744
Symbiodinium27869,0.117840652480227
Symbiodinium27879,-0.377649973416439
Symbiodinium27880,0.124409526557627
Symbiodinium27882,-0.10706815975804
Symbiodinium27887,0.0812877984173699
Symbiodinium27890,-0.679378571055996
Symbiodinium27893,-0.117780620080368
Symbiodinium27894,0.0927920836702499
Symbiodinium27900,0.0136267700905429
Symbiodinium27902,-0.152697333114965
Symbiodinium27904,-0.251065085786862
Symbiodinium27905,0.0370489836734153
Symbiodinium27906,0.0769912759528164
Symbiodinium27907,0.000469915068965393
Symbiodinium27908,0.48534275172967
Symbiodinium27909,0.0483955736867211
Symbiodinium27911,-0.153249734435968
Symbiodinium27914,-0.0774371790681704
Symbiodinium27915,0.255791952579353
Symbiodinium27917,-0.0766790165663084
Symbiodinium27920,0.131833467074089
Symbiodinium27924,-0.051444273922739
Symbiodinium27927,-0.0757481966239014
Symbiodinium27936,-0.263857584913445
Symbiodinium27940,-0.0575237548789951
Symbiodinium27942,-0.137668343939905
Symbiodinium27944,-0.163836633675616
Symbiodinium27946,-0.101300525637768
Symbiodinium27947,-0.0325503243175579
Symbiodinium27952,-0.0905720102624632
Symbiodinium27957,0.285693519100074
Symbiodinium27959,-0.0299636544796333
Symbiodinium27960,-0.193749249465234
Symbiodinium27962,-0.228000465370772
Symbiodinium27964,-0.19447653639272
Symbiodinium27966,-0.0228721354124778
Symbiodinium27970,0.0434476874731469
Symbiodinium27971,0.118578569206066
Symbiodinium27978,-0.0660900383297397
Symbiodinium27982,0.0570510042590347
Symbiodinium27988,-0.0937285008161978
Symbiodinium27989,-0.246950783564678
Symbiodinium27990,-0.201846077996253
Symbiodinium27994,0.263404356893807
Symbiodinium27996,0.130215975457316
Symbiodinium27997,-0.0592004889848662
Symbiodinium27998,-0.0642723743711834
Symbiodinium27999,-0.0721936591961301
Symbiodinium28002,-0.314010895656139
Symbiodinium28005,-0.0846784775646049
Symbiodinium28007,-0.0301642779820916
Symbiodinium28014,-0.173395256858857
Symbiodinium28017,0.0812342696354598
Symbiodinium28021,0.150314031631225
Symbiodinium28024,-0.102413280007726
Symbiodinium28026,0.279993740142731
Symbiodinium28028,-0.226788612815578
Symbiodinium28031,-0.192210347486202
Symbiodinium28032,0.262804175335533
Symbiodinium28035,0.251838087198368
Symbiodinium28036,0.163734162593489
Symbiodinium28042,0.0216442180854684
Symbiodinium28045,-0.0520022035763389
Symbiodinium28047,0.241042365064675
Symbiodinium28048,-0.101985515673488
Symbiodinium28049,-0.0721705319098819
Symbiodinium28050,-0.0531771226851883
Symbiodinium28051,0.111480952696924
Symbiodinium28053,-0.0694523070326023
Symbiodinium28055,0.32616168506776
Symbiodinium28057,0.087948056577373
Symbiodinium28058,-0.0885777563199755
Symbiodinium28059,0.106954397140414
Symbiodinium28061,-0.134253573453857
Symbiodinium28062,0.27431627598354
Symbiodinium28063,0.263453292419379
Symbiodinium28064,-0.232517612421076
Symbiodinium28067,0.146992577959672
Symbiodinium28070,-0.0626665610279919
Symbiodinium28071,-0.0553783969196717
Symbiodinium28077,-0.188285417169087
Symbiodinium28078,0.131055691352832
Symbiodinium28079,-0.172344092662178
Symbiodinium28082,-0.212580932767692
Symbiodinium28086,-0.0679162387620288
Symbiodinium28089,0.224148682787317
Symbiodinium28091,0.0355497930078524
Symbiodinium28092,-0.0757437749064483
Symbiodinium28094,-0.090591629032423
Symbiodinium28096,0.0422246314319969
Symbiodinium28097,-0.354335217740549
Symbiodinium28100,-0.00620005239320376
Symbiodinium28102,0.328674087866137
Symbiodinium28103,0.130949605747662
Symbiodinium28105,-0.177528383503472
Symbiodinium28107,0.229573535508126
Symbiodinium28111,0.00882744499560271
Symbiodinium28113,0.120070043972798
Symbiodinium28116,0.0894486133908512
Symbiodinium28117,0.0969567949760582
Symbiodinium28120,-0.120331121694519
Symbiodinium28121,-0.0992514336332432
Symbiodinium28123,0.150073907461179
Symbiodinium28124,-0.338935631470597
Symbiodinium28128,-0.162436893140457
Symbiodinium28131,0.0403024427971618
Symbiodinium28132,-0.0791417517270114
Symbiodinium28133,0.0641448563242205
Symbiodinium28138,0.301511145221569
Symbiodinium28141,0.310770580991575
Symbiodinium28143,-0.14316756622004
Symbiodinium28144,0.308835698447745
Symbiodinium28146,-0.204227434604865
Symbiodinium28147,0.768044618182931
Symbiodinium28150,-0.244972661317426
Symbiodinium28154,0.147934702327555
Symbiodinium28157,0.00205935062605587
Symbiodinium28161,-0.271571696838202
Symbiodinium28162,-0.742445880299336
Symbiodinium28163,0.0714468514250521
Symbiodinium28167,-0.100097760407937
Symbiodinium28169,0.146250156800958
Symbiodinium28173,-0.193740131199743
Symbiodinium28175,0.611588277676584
Symbiodinium28185,0.203919386822373
Symbiodinium28186,-0.549031819742079
Symbiodinium28191,-0.0472865171725393
Symbiodinium28196,-0.181739064249035
Symbiodinium28198,0.326315358819717
Symbiodinium28199,0.0955652271028326
Symbiodinium28201,-0.114118245594204
Symbiodinium28204,-0.10233799993639
Symbiodinium28211,0.450607167012336
Symbiodinium28213,-0.208100200860111
Symbiodinium28214,-0.66744549978642
Symbiodinium28216,-0.427164545522298
Symbiodinium28217,-0.0328957988376368
Symbiodinium28218,0.0873009621625742
Symbiodinium28222,-0.356982528525394
Symbiodinium28223,-0.114718209747984
Symbiodinium28225,-0.0869066881529078
Symbiodinium28228,-0.0641779893270092
Symbiodinium28229,0.0318876015085385
Symbiodinium28230,-0.14483696256044
Symbiodinium28231,0.0124792343895956
Symbiodinium28232,0.127024627965032
Symbiodinium28235,0.266978564433709
Symbiodinium28242,-0.170346094166031
Symbiodinium28243,-0.0741600043748047
Symbiodinium28245,0.110022128914523
Symbiodinium28246,-0.00153854451069175
Symbiodinium28247,0.230570496323873
Symbiodinium28249,0.147458118669925
Symbiodinium28256,-0.0129845887380309
Symbiodinium28257,-0.010712373481521
Symbiodinium28258,0.37304078518115
Symbiodinium28259,-0.0577038793772087
Symbiodinium28260,-0.259140061229586
Symbiodinium28262,-0.0615498096572492
Symbiodinium28264,0.299366752474592
Symbiodinium28266,-0.0472460046888201
Symbiodinium28277,-0.0839790191130632
Symbiodinium28278,0.199498214077652
Symbiodinium28280,0.261637305082125
Symbiodinium28282,-0.264251789555882
Symbiodinium28283,0.059781879014705
Symbiodinium28285,-0.319289116750741
Symbiodinium28286,-0.00375494133455595
Symbiodinium28288,-0.716532267349271
Symbiodinium28290,-0.14626111872146
Symbiodinium28297,0.130612344291375
Symbiodinium28298,-0.0955525522879942
Symbiodinium28301,-0.103187003676685
Symbiodinium28303,0.0396672029229543
Symbiodinium28304,0.130524674264779
Symbiodinium28305,-0.805303969146274
Symbiodinium28306,-0.416404705578419
Symbiodinium28308,0.439912704395913
Symbiodinium28311,0.0489341414572544
Symbiodinium28312,-0.0571012746325501
Symbiodinium28316,-0.0803971423579403
Symbiodinium28320,-0.266411412342546
Symbiodinium28324,-0.203277897737796
Symbiodinium28326,-0.341445033728178
Symbiodinium28331,0.0738845213546426
Symbiodinium28332,-0.375402075617557
Symbiodinium28334,-0.0963217403158528
Symbiodinium28335,0.391040450695279
Symbiodinium28337,-0.138079224606468
Symbiodinium28341,-0.117068148481878
Symbiodinium28348,-0.00501722089035282
Symbiodinium28349,0.0372200508666647
Symbiodinium28350,-0.400991026481506
Symbiodinium28352,-0.423162831225015
Symbiodinium28358,-0.182656717647555
Symbiodinium28359,-0.271096937447474
Symbiodinium28360,0.218038582373126
Symbiodinium28361,0.0453957132075811
Symbiodinium28364,-0.353286991319274
Symbiodinium28365,-0.708739812561523
Symbiodinium28366,-0.0489723382111262
Symbiodinium28370,0.0807960735335532
Symbiodinium28374,-0.149667409854049
Symbiodinium28377,-0.0882258174425945
Symbiodinium28381,-0.04938810529946
Symbiodinium28382,0.15856978797378
Symbiodinium28384,-0.479755340296254
Symbiodinium28386,-0.243841078222745
Symbiodinium28387,0.0259142782266687
Symbiodinium28389,-0.324683447278167
Symbiodinium28394,-0.366280609108338
Symbiodinium28396,0.0498098772740741
Symbiodinium28402,0.282228412363982
Symbiodinium28404,-0.181879662800666
Symbiodinium28407,-0.0363368233575002
Symbiodinium28412,-0.132320315870107
Symbiodinium28420,-0.266516055997141
Symbiodinium28422,0.109582619101954
Symbiodinium28423,-0.160489709055193
Symbiodinium28424,-0.308811327973398
Symbiodinium28425,0.0384763392878792
Symbiodinium28426,0.0713533076857172
Symbiodinium28427,-0.375600782911467
Symbiodinium28429,-0.0349033209832661
Symbiodinium28433,0.189789649431091
Symbiodinium28434,0.105003678700518
Symbiodinium28437,-0.0053321400007853
Symbiodinium28438,0.30479165910238
Symbiodinium28441,0.138578497982347
Symbiodinium28445,-0.398351494360531
Symbiodinium28447,-0.691953685981574
Symbiodinium28457,0.0461821406041703
Symbiodinium28458,0.0350145422379429
Symbiodinium28459,-0.0995883622217456
Symbiodinium28462,-0.346250587704181
Symbiodinium28464,-0.189398134913358
Symbiodinium28467,0.0207236022201949
Symbiodinium28468,0.442883768941364
Symbiodinium28470,-0.0412187686306819
Symbiodinium28473,0.182601205175985
Symbiodinium28476,-0.110107616219311
Symbiodinium28479,0.245760198214753
Symbiodinium28483,-0.0587001748192991
Symbiodinium28485,0.0766385368850872
Symbiodinium28488,-0.112923561825739
Symbiodinium28490,0.046524365588252
Symbiodinium28493,-0.149607941569613
Symbiodinium28494,0.139605684841116
Symbiodinium28495,0.0958952300238353
Symbiodinium28500,0.147397450708124
Symbiodinium28502,-0.172508050261007
Symbiodinium28503,-0.0102194121346202
Symbiodinium28510,-0.586019505193912
Symbiodinium28512,0.0487679581352
Symbiodinium28513,-0.00231128100040964
Symbiodinium28514,-0.0839063558170706
Symbiodinium28518,0.0551849939039855
Symbiodinium28519,-0.155879868981385
Symbiodinium28522,-0.403283150778604
Symbiodinium28524,0.11758173127773
Symbiodinium28530,0.0898990931967684
Symbiodinium28533,-0.344715411940252
Symbiodinium28538,-0.099939187214146
Symbiodinium28540,0.000257271355864988
Symbiodinium28543,0.265127043004523
Symbiodinium28545,0.0756940848009606
Symbiodinium28546,0.405075669623214
Symbiodinium28548,-0.388688570148008
Symbiodinium28551,-0.370234080049855
Symbiodinium28552,0.0758989893196052
Symbiodinium28553,0.0322460079048925
Symbiodinium28556,-0.116381891284759
Symbiodinium28558,0.294415612774463
Symbiodinium28559,-0.247332482918483
Symbiodinium28561,-0.117137521863492
Symbiodinium28563,-0.000889061988523871
Symbiodinium28565,-0.382117867739299
Symbiodinium28567,-0.522584695056861
Symbiodinium28568,0.253743137852659
Symbiodinium28570,0.295479878853686
Symbiodinium28572,-0.0606347481065327
Symbiodinium28577,0.254802061296096
Symbiodinium28579,-0.139663211044731
Symbiodinium28580,-0.0110726764788084
Symbiodinium28584,0.0442780079455919
Symbiodinium28587,0.0321987706765864
Symbiodinium28599,0.188215592502112
Symbiodinium28602,0.141540128012756
Symbiodinium28606,-0.13634565607044
Symbiodinium28611,-0.0415413936470781
Symbiodinium28612,-0.249348048944207
Symbiodinium28613,0.0510159861266201
Symbiodinium28617,-0.0381439808904456
Symbiodinium28621,0.199279627320099
Symbiodinium28627,0.343622474373191
Symbiodinium28629,0.287572002573836
Symbiodinium28634,-0.234704278152067
Symbiodinium28642,-0.190449526997534
Symbiodinium28648,-0.0272650455526055
Symbiodinium28659,0.0589382780849711
Symbiodinium28662,-0.230972075196108
Symbiodinium28664,-0.080198125223583
Symbiodinium28665,0.419387454838154
Symbiodinium28666,0.18277934913679
Symbiodinium28668,-0.0880295022504694
Symbiodinium28670,-0.278291222265263
Symbiodinium28672,-0.0206931705487088
Symbiodinium28673,-0.328541703262073
Symbiodinium28676,-0.0668521778939842
Symbiodinium28680,-0.151939831499165
Symbiodinium28681,-0.0914881792572121
Symbiodinium28682,-0.0316570396081524
Symbiodinium28685,-0.0221054138266115
Symbiodinium28686,-0.0180356802789268
Symbiodinium28691,-0.727496464035895
Symbiodinium28692,-0.21349245072114
Symbiodinium28696,0.115972521569318
Symbiodinium28699,0.32045579043737
Symbiodinium28700,-0.874074798255866
Symbiodinium28701,-0.638393954849455
Symbiodinium28702,0.0731132888462585
Symbiodinium28703,0.0253958616355384
Symbiodinium28710,0.176965458065904
Symbiodinium28711,0.519414454462745
Symbiodinium28712,-0.187212335782508
Symbiodinium28715,-0.0947861200414
Symbiodinium28717,0.0680054007321042
Symbiodinium28718,0.623315410856268
Symbiodinium28721,-0.0152142952721433
Symbiodinium28724,-0.144083889164331
Symbiodinium28726,-0.114614434620073
Symbiodinium28729,-0.343172478332617
Symbiodinium28730,0.0273728683385099
Symbiodinium28732,0.428558685310371
Symbiodinium28736,0.479874580747742
Symbiodinium28741,-0.203094550409876
Symbiodinium28742,-0.289610372631742
Symbiodinium28744,0.0404230025851233
Symbiodinium28747,0.216591378794834
Symbiodinium28751,-0.291337994465149
Symbiodinium28752,0.207149534119731
Symbiodinium28753,-0.0475391065639413
Symbiodinium28754,-0.321083761543002
Symbiodinium28765,0.0951741234038573
Symbiodinium28767,-0.208950806218906
Symbiodinium28770,-0.103068385381114
Symbiodinium28771,0.0395534893869346
Symbiodinium28773,-0.200307430354346
Symbiodinium28775,-0.476228331405527
Symbiodinium28777,0.455153708974525
Symbiodinium28778,-0.0424376246376698
Symbiodinium28781,-0.0554500761713048
Symbiodinium28782,0.0823752477079214
Symbiodinium28784,-0.175955989874513
Symbiodinium28786,0.165962948382296
Symbiodinium28787,0.297219553435442
Symbiodinium28789,0.253538385088127
Symbiodinium28790,-0.172448362697266
Symbiodinium28793,-0.261740273122529
Symbiodinium28794,-0.112027607045724
Symbiodinium28806,-0.192792618045196
Symbiodinium28812,0.140237984031397
Symbiodinium28813,0.302926527444885
Symbiodinium28822,-0.351815329491792
Symbiodinium28824,0.299604448612507
Symbiodinium28825,-0.249131190329579
Symbiodinium28829,0.0413884891965945
Symbiodinium28830,0.116991263178013
Symbiodinium28831,0.345075081714724
Symbiodinium28832,-0.216528020543087
Symbiodinium28839,-0.297808814159559
Symbiodinium28844,-0.0701531678908815
Symbiodinium28845,0.129429804575482
Symbiodinium28847,0.0130524034535223
Symbiodinium28852,0.0896925851154193
Symbiodinium28854,0.0854173296156869
Symbiodinium28856,0.000493950065742555
Symbiodinium28861,-0.118846037022114
Symbiodinium28864,0.277430756470331
Symbiodinium28866,0.312166444867225
Symbiodinium28867,0.324551257554818
Symbiodinium28873,0.031735918031756
Symbiodinium28883,-0.00877628615539582
Symbiodinium28884,-0.0174693237554112
Symbiodinium28885,-0.132714610736159
Symbiodinium28886,-0.217266402808168
Symbiodinium28890,-0.131784302611424
Symbiodinium28892,0.0323989696126274
Symbiodinium28897,-0.0527884232036257
Symbiodinium28903,0.394958615389134
Symbiodinium28907,0.126050836228711
Symbiodinium28908,-0.197111761196805
Symbiodinium28909,0.283814403366503
Symbiodinium28917,0.0729236274695683
Symbiodinium28926,-0.196965029929976
Symbiodinium28933,-0.00409741327496062
Symbiodinium28941,-0.344351013249424
Symbiodinium28942,0.195553097557973
Symbiodinium28943,0.00467648632920304
Symbiodinium28947,-0.0206177954311249
Symbiodinium28956,0.00175270254944024
Symbiodinium28957,-0.0385987342135944
Symbiodinium28958,0.186060201562581
Symbiodinium28967,0.072201428897343
Symbiodinium28969,-0.161756114747133
Symbiodinium28970,-0.10804206924385
Symbiodinium28972,-0.100544275617784
Symbiodinium28978,-0.104715600734409
Symbiodinium28985,-0.091867823241445
Symbiodinium28992,0.0814801902902018
Symbiodinium28998,-0.427384611726316
Symbiodinium28999,0.00752157869099634
Symbiodinium29002,-0.60710564992122
Symbiodinium29004,-0.317931353778636
Symbiodinium29005,-0.293737286546971
Symbiodinium29006,0.410478790468961
Symbiodinium29008,0.128445381321535
Symbiodinium29012,-0.0736212333236102
Symbiodinium29016,-0.288580717442455
Symbiodinium29020,0.0704762460630732
Symbiodinium29027,-0.198692943314714
Symbiodinium29029,-0.0607120880203705
Symbiodinium29030,0.161273554242964
Symbiodinium29031,0.0783275497963547
Symbiodinium29040,0.25201630591883
Symbiodinium29047,-0.0435777871953225
Symbiodinium29048,0.00493139013479138
Symbiodinium29049,-0.102170384171253
Symbiodinium29054,0.0461566463086508
Symbiodinium29057,-0.0285455877377735
Symbiodinium29058,-0.197932981661595
Symbiodinium29059,-0.144900916294316
Symbiodinium29061,-0.138994750225109
Symbiodinium29063,0.109399794938908
Symbiodinium29067,0.158506874410468
Symbiodinium29071,0.251166585212222
Symbiodinium29077,-0.680728948848645
Symbiodinium29081,-0.167178107644557
Symbiodinium29082,-0.0710482398233108
Symbiodinium29083,0.221402488514034
Symbiodinium29088,-0.21556318603714
Symbiodinium29089,0.0584948378802553
Symbiodinium29091,-0.838401502056541
Symbiodinium29094,-0.167727372582778
Symbiodinium29095,-0.0704855165616193
Symbiodinium29097,-0.226950252702551
Symbiodinium29099,-0.0308517592424655
Symbiodinium29105,-0.0971035065174783
Symbiodinium29106,0.0936423788824772
Symbiodinium29115,-0.00785209254051994
Symbiodinium29116,-0.0579308896840714
Symbiodinium29121,-0.114627775587629
Symbiodinium29122,-0.24942179850768
Symbiodinium29126,0.290108392109982
Symbiodinium29127,0.0533847044437014
Symbiodinium29140,0.375927977236952
Symbiodinium29141,-0.0420297506459999
Symbiodinium29154,-0.362066228432984
Symbiodinium29157,-0.0910507120136715
Symbiodinium29158,0.0313213370036213
Symbiodinium29159,0.0820696592230953
Symbiodinium29160,0.114010034543527
Symbiodinium29162,0.184294632767049
Symbiodinium29163,-0.012210697337658
Symbiodinium29165,-0.0333046503798534
Symbiodinium29167,0.0356171967702614
Symbiodinium29168,0.0222433612259631
Symbiodinium29169,0.327553706315721
Symbiodinium29170,0.218975051068434
Symbiodinium29174,-0.0845840473838128
Symbiodinium29176,-0.0988494898659335
Symbiodinium29180,-0.15239119916961
Symbiodinium29182,0.340611292483252
Symbiodinium29184,-0.055531719360943
Symbiodinium29187,0.173514185682199
Symbiodinium29189,-0.32764155799822
Symbiodinium29192,0.58317826994711
Symbiodinium29196,0.413739064233259
Symbiodinium29198,-0.27502563255219
Symbiodinium29204,0.376704234066576
Symbiodinium29205,0.0741482439291624
Symbiodinium29207,-0.0845216022117914
Symbiodinium29209,-0.304193236777755
Symbiodinium29210,-0.115219808122898
Symbiodinium29211,0.159537571974872
Symbiodinium29214,0.233515492729694
Symbiodinium29216,-0.274497056866858
Symbiodinium29222,0.0979777475331304
Symbiodinium29223,0.0053633340514081
Symbiodinium29224,-0.0355419480728393
Symbiodinium29225,0.0733795706663432
Symbiodinium29227,-0.422583502831893
Symbiodinium29230,0.30219225969203
Symbiodinium29232,-0.102036039013492
Symbiodinium29234,-0.00812575501601394
Symbiodinium29235,0.112299923711534
Symbiodinium29236,-0.281094842641829
Symbiodinium29237,0.319834065041303
Symbiodinium29238,-0.407849839313825
Symbiodinium29239,0.0598626124888217
Symbiodinium29243,-0.0142792012932073
Symbiodinium29244,0.263356182123987
Symbiodinium29246,-0.301777726372296
Symbiodinium29247,-0.327479206720982
Symbiodinium29255,-0.0454170214892294
Symbiodinium29257,0.0621965615232249
Symbiodinium29260,-0.178706097005824
Symbiodinium29262,0.29728378066076
Symbiodinium29268,0.100642333749114
Symbiodinium29269,0.0716705150961008
Symbiodinium29270,-0.417716328490269
Symbiodinium29272,-0.0516291754819303
Symbiodinium29274,0.0183164440246013
Symbiodinium29281,-0.0344565838093129
Symbiodinium29282,0.0546464658294065
Symbiodinium29286,-0.0635219302276309
Symbiodinium29288,-0.031044665067611
Symbiodinium29289,0.0283365970718261
Symbiodinium29290,0.433359677690261
Symbiodinium29291,0.0755780663456047
Symbiodinium29292,0.493355222658867
Symbiodinium29295,0.199250806125568
Symbiodinium29297,0.184145764969869
Symbiodinium29302,0.007255331334055
Symbiodinium29306,0.137628704119703
Symbiodinium29310,0.176329069922068
Symbiodinium29312,-0.0676510815889236
Symbiodinium29320,0.269861196463835
Symbiodinium29321,0.151336908736872
Symbiodinium29323,-0.216468416095322
Symbiodinium29327,-0.39620410221013
Symbiodinium29330,0.243093613803489
Symbiodinium29336,-0.192455305186201
Symbiodinium29339,0.207369767883944
Symbiodinium29341,-0.202514294159061
Symbiodinium29343,0.311912742027733
Symbiodinium29346,0.100773542431791
Symbiodinium29350,-0.103280432309386
Symbiodinium29354,-0.0148866624863717
Symbiodinium29356,0.086568300564126
Symbiodinium29358,-0.266573951383893
Symbiodinium29361,-0.305352719026188
Symbiodinium29362,-0.228606947411235
Symbiodinium29365,0.0852885313389038
Symbiodinium29367,-0.0131763456915842
Symbiodinium29370,-0.0129911951794731
Symbiodinium29373,0.0238671325917026
Symbiodinium29377,0.245717260642788
Symbiodinium29379,0.0305439944047444
Symbiodinium29384,-0.0308359335695188
Symbiodinium29386,-0.328566469635419
Symbiodinium29387,-0.0334948635956071
Symbiodinium29391,-0.234239337945709
Symbiodinium29397,0.232979753567189
Symbiodinium29400,-0.275686303802445
Symbiodinium29401,0.116308889311446
Symbiodinium29415,0.203510656489603
Symbiodinium29416,0.229122727803667
Symbiodinium29435,-0.160434932188697
Symbiodinium29443,0.0469672210506355
Symbiodinium29449,-0.035605871022724
Symbiodinium29453,-0.257526775193255
Symbiodinium29458,-0.0384769008107403
Symbiodinium29462,0.23922800188506
Symbiodinium29465,-0.0218846974684558
Symbiodinium29466,0.20972450021277
Symbiodinium29469,0.258283384772961
Symbiodinium29470,-0.25619453712354
Symbiodinium29471,-0.312135452692777
Symbiodinium29474,0.300388126547244
Symbiodinium29477,0.0249914510472773
Symbiodinium29480,0.0517106139765199
Symbiodinium29486,-0.119501347926627
Symbiodinium29491,0.0140305310190325
Symbiodinium29492,0.0778657897868847
Symbiodinium29495,-0.108997488798304
Symbiodinium29500,0.00708033951637525
Symbiodinium29501,-0.636562801666764
Symbiodinium29503,0.241323587986828
Symbiodinium29504,-0.0649378994929933
Symbiodinium29505,-0.427975269389211
Symbiodinium29508,-0.259540286267476
Symbiodinium29513,-0.0493125688906161
Symbiodinium29520,0.437007344473252
Symbiodinium29524,-0.306785881260917
Symbiodinium29525,0.174611930887565
Symbiodinium29527,0.414159934674363
Symbiodinium29528,0.0585156353016227
Symbiodinium29534,-0.147813819949061
Symbiodinium29535,0.221793292319392
Symbiodinium29536,-0.105140512151271
Symbiodinium29537,-0.214417335995668
Symbiodinium29543,0.0586870488285848
Symbiodinium29548,-0.143027665441201
Symbiodinium29550,0.205594460744432
Symbiodinium29551,-0.295920027220177
Symbiodinium29552,0.154282933596333
Symbiodinium29553,-0.0113752125188279
Symbiodinium29555,0.175162805816047
Symbiodinium29557,-0.216948561904831
Symbiodinium29565,-0.114273591928796
Symbiodinium29567,0.0420422611376235
Symbiodinium29569,-0.0519369025708255
Symbiodinium29577,0.15941714373144
Symbiodinium29579,-0.00115056169463374
Symbiodinium29582,-0.149506682089089
Symbiodinium29585,-0.0810769648418628
Symbiodinium29586,-0.0280091583553139
Symbiodinium29588,0.119110540466729
Symbiodinium29589,-0.0773113759084812
Symbiodinium29592,0.0267828852161215
Symbiodinium29593,-0.00512068590785142
Symbiodinium29596,0.135984321019595
Symbiodinium29597,0.381250325867374
Symbiodinium29598,0.0572148810594801
Symbiodinium29603,0.0085639596256404
Symbiodinium29604,0.138333297465536
Symbiodinium29605,0.034849068848567
Symbiodinium29606,0.0269720669456466
Symbiodinium29612,0.18195465167426
Symbiodinium29614,-0.0356038977104573
Symbiodinium29615,-0.0123892381154233
Symbiodinium29616,-0.469586433448987
Symbiodinium29617,-0.00478630870551922
Symbiodinium29618,-1.05526156794884
Symbiodinium29619,-0.0408581062800388
Symbiodinium29621,-0.367915861205324
Symbiodinium29624,0.409276952479666
Symbiodinium29625,-0.00585144515545745
Symbiodinium29630,-0.0239179653145647
Symbiodinium29632,-0.215634434368278
Symbiodinium29634,-0.0967106123535676
Symbiodinium29642,0.046302354400271
Symbiodinium29644,0.0660513839899058
Symbiodinium29645,0.126593557866239
Symbiodinium29646,-0.010178226999291
Symbiodinium29650,0.0339778264832253
Symbiodinium29651,-0.0178008590770827
Symbiodinium29657,-0.139695255960042
Symbiodinium29664,0.129254617755791
Symbiodinium29669,-0.0284627610718754
Symbiodinium29670,-0.207315391786792
Symbiodinium29672,-0.237003670202084
Symbiodinium29673,-0.329073337565815
Symbiodinium29674,-0.0770061102292791
Symbiodinium29675,1.06648374998964
Symbiodinium29676,0.152654126169678
Symbiodinium29677,-0.57510315239304
Symbiodinium29680,-0.281777415242625
Symbiodinium29681,0.341267263378332
Symbiodinium29682,0.314134466755156
Symbiodinium29683,-0.040654596355124
Symbiodinium29686,-0.0760679696391067
Symbiodinium29690,0.0824689031987299
Symbiodinium29693,0.0819089158120687
Symbiodinium29695,0.0287996829604036
Symbiodinium29699,-0.122763430851025
Symbiodinium29704,0.0393873578495801
Symbiodinium29705,0.0961796029098556
Symbiodinium29711,0.320602117650671
Symbiodinium29712,-0.309196549530339
Symbiodinium29716,0.160788722774365
Symbiodinium29720,0.136769577340905
Symbiodinium29727,-0.148742466653366
Symbiodinium29728,-0.00812984272293528
Symbiodinium29753,-0.181158724945266
Symbiodinium29754,-0.201222541568161
Symbiodinium29755,-0.0297596223275793
Symbiodinium29757,-0.0965207085931758
Symbiodinium29760,-0.115488987727036
Symbiodinium29762,-0.18410195860587
Symbiodinium29765,-0.0493201722439589
Symbiodinium29771,-0.0277700209391614
Symbiodinium29772,0.295477415608861
Symbiodinium29774,0.0149909970553869
Symbiodinium29777,0.298240541622863
Symbiodinium29779,0.373643931439942
Symbiodinium29782,0.0310570907971592
Symbiodinium29785,0.0994321972245471
Symbiodinium29791,0.0106645882558264
Symbiodinium29796,-0.0203291980294184
Symbiodinium29799,0.1602595710361
Symbiodinium29804,0.0543315867055645
Symbiodinium29816,0.389333657625956
Symbiodinium29820,0.0897607737371144
Symbiodinium29822,-0.0646989526770682
Symbiodinium29825,-0.237837615357757
Symbiodinium29826,-0.331883575416989
Symbiodinium29829,-0.0675320620645775
Symbiodinium29830,-0.13951283704201
Symbiodinium29831,0.406584518719813
Symbiodinium29832,-0.0667643850556642
Symbiodinium29834,0.0889138285946151
Symbiodinium29835,0.2460682785414
Symbiodinium29837,-0.0713938604213225
Symbiodinium29839,-0.0905272917283679
Symbiodinium29841,0.103828230048195
Symbiodinium29842,0.228526356163389
Symbiodinium29843,0.257939501673058
Symbiodinium29845,-0.139736233929156
Symbiodinium29846,0.13945837405972
Symbiodinium29848,-0.0335779449879036
Symbiodinium29856,0.092452088067557
Symbiodinium29861,-0.414047727944939
Symbiodinium29862,0.0548616503388001
Symbiodinium29863,0.28598779743242
Symbiodinium29869,-0.185670665997798
Symbiodinium29870,-0.213590003402573
Symbiodinium29872,-0.363078436210891
Symbiodinium29877,-0.0569912565801124
Symbiodinium29878,-0.155544187690203
Symbiodinium29886,0.770493880105766
Symbiodinium29890,0.0886220016207912
Symbiodinium29892,0.220282301892208
Symbiodinium29893,0.0995774943452939
Symbiodinium29894,0.0339904131993101
Symbiodinium29896,-0.498327076363931
Symbiodinium29897,-0.4538835953997
Symbiodinium29902,0.299166492933404
Symbiodinium29905,-0.290430379181007
Symbiodinium29906,-0.497309617779054
Symbiodinium29910,-0.00858564205089352
Symbiodinium29914,0.101365575345754
Symbiodinium29921,0.0592649871300261
Symbiodinium29922,-0.393299041620714
Symbiodinium29924,-0.339580787769168
Symbiodinium29926,0.14981203127179
Symbiodinium29928,-0.0763909077278683
Symbiodinium29931,-0.106355597908067
Symbiodinium29941,-0.377807238479328
Symbiodinium29951,0.125447179984224
Symbiodinium29952,-0.0577073228173061
Symbiodinium29953,-0.197539862464117
Symbiodinium29956,0.245126938026326
Symbiodinium29958,0.248390159460234
Symbiodinium29962,0.124723543067834
Symbiodinium29969,0.0502900523882065
Symbiodinium29971,0.00858716062299513
Symbiodinium29977,-0.0384976312357212
Symbiodinium29979,0.142364221847474
Symbiodinium29980,0.230450256643614
Symbiodinium29985,0.0880351965562992
Symbiodinium29986,0.173292368133061
Symbiodinium29987,-0.156624678797723
Symbiodinium29990,0.169946187221723
Symbiodinium29991,0.271311440449956
Symbiodinium29994,0.0572153626836152
Symbiodinium29998,0.127428682213257
Symbiodinium30000,-0.0887319806597575
Symbiodinium30001,-0.0482291054302219
Symbiodinium30002,0.13190747256015
Symbiodinium30003,0.117936310829249
Symbiodinium30011,0.14299842714806
Symbiodinium30016,-0.246461894742531
Symbiodinium30025,0.285816465215396
Symbiodinium30026,0.438773934717662
Symbiodinium30028,-0.19555341531463
Symbiodinium30029,0.155037012655049
Symbiodinium30031,0.324236170369295
Symbiodinium30037,-0.000379910287725295
Symbiodinium30040,-0.0947195551854849
Symbiodinium30045,0.184310896715936
Symbiodinium30048,-0.235128809727709
Symbiodinium30050,0.405901092214555
Symbiodinium30052,-0.208014662726689
Symbiodinium30053,-0.251470232235917
Symbiodinium30054,0.289288141478039
Symbiodinium30059,0.0422738484214669
Symbiodinium30060,0.472922751129023
Symbiodinium30061,0.389525664112515
Symbiodinium30063,-0.199654716486107
Symbiodinium30064,0.401397145942025
Symbiodinium30065,-0.0151633698350996
Symbiodinium30066,0.32579967438589
Symbiodinium30069,-0.0510739329040974
Symbiodinium30070,-0.172543608676802
Symbiodinium30075,0.040594340069164
Symbiodinium30078,-0.134313305102625
Symbiodinium30084,-0.238429479213986
Symbiodinium30085,0.0428249535612087
Symbiodinium30087,-0.135137417789512
Symbiodinium30088,0.0631081175266627
Symbiodinium30089,-0.0619494514442206
Symbiodinium30092,0.00690823775491067
Symbiodinium30094,0.0815837682144176
Symbiodinium30096,0.21105940492834
Symbiodinium30101,0.0658207453629791
Symbiodinium30102,0.375426596637847
Symbiodinium30103,0.000771023700196609
Symbiodinium30104,0.290796466905438
Symbiodinium30105,-0.0128263033264856
Symbiodinium30106,0.112621527749885
Symbiodinium30109,0.344394774968531
Symbiodinium30113,0.0132452158909813
Symbiodinium30118,-0.0354400269797284
Symbiodinium30123,0.155977660578889
Symbiodinium30125,0.0853546480136142
Symbiodinium30127,-0.163644082781888
Symbiodinium30135,0.180712436854839
Symbiodinium30136,-0.033934116700262
Symbiodinium30138,-0.0794731714298983
Symbiodinium30140,0.376089717970019
Symbiodinium30143,-0.00854934612308704
Symbiodinium30144,-0.0505429712168077
Symbiodinium30145,-0.271358185556097
Symbiodinium30150,0.133783103112528
Symbiodinium30158,-0.0927803068892216
Symbiodinium30159,-0.198275513568756
Symbiodinium30161,0.3957737504267
Symbiodinium30163,0.33249541061616
Symbiodinium30164,0.0352624690376942
Symbiodinium30171,-0.0593561904974019
Symbiodinium30176,0.0817242483010764
Symbiodinium30182,-0.211472228905872
Symbiodinium30184,0.0282921985252488
Symbiodinium30185,-0.0861695968288789
Symbiodinium30188,-0.340200353444035
Symbiodinium30191,0.274127907827448
Symbiodinium30196,0.0541815904545283
Symbiodinium30197,-0.00559813873468395
Symbiodinium30199,0.149844614252312
Symbiodinium30208,0.0933614156994574
Symbiodinium30221,-0.0820276327073714
Symbiodinium30223,0.141340774752526
Symbiodinium30224,-0.878097063369163
Symbiodinium30229,0.00332613116215103
Symbiodinium30234,0.121516043184501
Symbiodinium30239,0.155865298149799
Symbiodinium30241,0.0212300077739366
Symbiodinium30247,0.0344308380538202
Symbiodinium30251,-0.283641755715725
Symbiodinium30252,-0.147120529917125
Symbiodinium30258,-0.470793675024774
Symbiodinium30259,0.183493277659894
Symbiodinium30263,-0.122547513734727
Symbiodinium30265,-0.0851014357035361
Symbiodinium30267,0.1508598713806
Symbiodinium30276,-0.220168530029473
Symbiodinium30277,-0.529273205552671
Symbiodinium30278,0.171316510082994
Symbiodinium30280,-0.614056441382879
Symbiodinium30283,0.0136398014037143
Symbiodinium30287,-0.19410737091832
Symbiodinium30288,-0.00818278158529126
Symbiodinium30291,-0.224530488600067
Symbiodinium30298,0.0554904247373096
Symbiodinium30300,0.154786104800064
Symbiodinium30303,-0.0827420532310922
Symbiodinium30305,0.191516380558984
Symbiodinium30309,0.1766463773435
Symbiodinium30312,0.143965425922528
Symbiodinium30319,-0.0557888805418233
Symbiodinium30320,0.101065632934041
Symbiodinium30324,0.191126813612433
Symbiodinium30326,0.202302692963399
Symbiodinium30329,0.374778092897782
Symbiodinium30331,-0.055664699222064
Symbiodinium30335,-0.117978793439521
Symbiodinium30339,-0.125977958580338
Symbiodinium30340,-0.216010173383182
Symbiodinium30341,-1.02133211570907
Symbiodinium30342,-0.113758509715665
Symbiodinium30343,0.0944160607014143
Symbiodinium30353,-0.218265452861853
Symbiodinium30356,-0.132089982420567
Symbiodinium30360,0.0585438974272404
Symbiodinium30365,-0.237610928480137
Symbiodinium30368,-0.37324716072778
Symbiodinium30372,0.342378712319762
Symbiodinium30385,0.244502074330238
Symbiodinium30386,0.321460246350656
Symbiodinium30391,-0.543797550390551
Symbiodinium30392,-0.421747321459401
Symbiodinium30395,-0.157621847751123
Symbiodinium30396,-0.0518011520069026
Symbiodinium30397,0.425612116647788
Symbiodinium30407,-0.0113727110699271
Symbiodinium30408,0.347330217614262
Symbiodinium30410,-0.455682167790014
Symbiodinium30414,-0.355455009304617
Symbiodinium30416,-0.0770861286115398
Symbiodinium30417,-0.23515793851829
Symbiodinium30421,-0.291075106158513
Symbiodinium30431,0.0293164461289592
Symbiodinium30434,-0.166901079436806
Symbiodinium30435,-0.229107588555028
Symbiodinium30438,0.0263276015898972
Symbiodinium30453,0.0763792463085931
Symbiodinium30455,0.204309184466162
Symbiodinium30456,0.0323644606346631
Symbiodinium30459,0.0482969368740746
Symbiodinium30460,-0.107954443046389
Symbiodinium30462,0.354868150812387
Symbiodinium30468,-0.113883847446917
Symbiodinium30471,0.162016866344651
Symbiodinium30473,-0.021664203480267
Symbiodinium30479,-0.0410862785064328
Symbiodinium30481,-0.0786457099142309
Symbiodinium30484,-0.537958066152073
Symbiodinium30485,-0.602170300089201
Symbiodinium30491,0.0468770270741676
Symbiodinium30505,-0.210416551111095
Symbiodinium30507,0.146110403727334
Symbiodinium30508,0.123920281793783
Symbiodinium30509,0.0486681089995037
Symbiodinium30511,-0.0866206478993236
Symbiodinium30513,-0.0504563884992817
Symbiodinium30517,0.00178076363693459
Symbiodinium30518,0.137191530404678
Symbiodinium30520,-0.0462612807763626
Symbiodinium30525,0.0257006411511332
Symbiodinium30530,-0.159801870240751
Symbiodinium30532,-0.335289766085969
Symbiodinium30538,0.165254636083191
Symbiodinium30543,0.0829672117881675
Symbiodinium30546,-0.297536569842506
Symbiodinium30555,0.0721481908557748
Symbiodinium30560,0.432224207577366
Symbiodinium30561,-0.014427459344343
Symbiodinium30564,-0.761289396726282
Symbiodinium30570,-0.180785675930207
Symbiodinium30571,0.232093379691544
Symbiodinium30572,0.385764657126101
Symbiodinium30573,-0.0540153758254195
Symbiodinium30578,-0.000846140000581991
Symbiodinium30579,-0.00284348799294518
Symbiodinium30586,0.222306380168552
Symbiodinium30590,0.25437018876862
Symbiodinium30602,0.49009749889772
Symbiodinium30603,0.0458723640137928
Symbiodinium30604,0.102678260620723
Symbiodinium30607,0.137719929722189
Symbiodinium30611,-0.136380862899413
Symbiodinium30612,0.158420064790343
Symbiodinium30615,0.0342018007556072
Symbiodinium30622,0.559997003774546
Symbiodinium30625,-0.158108500661557
Symbiodinium30626,-0.154152718529556
Symbiodinium30628,0.104355768820278
Symbiodinium30629,0.277415920798175
Symbiodinium30631,-0.0654750422291339
Symbiodinium30637,-0.0528063219969514
Symbiodinium30639,-0.0174818967188123
Symbiodinium30640,0.121612500298048
Symbiodinium30641,-0.313974807264439
Symbiodinium30647,-0.00465309480142688
Symbiodinium30648,-0.0184214899633592
Symbiodinium30649,-0.771254061176819
Symbiodinium30650,-0.127483931476531
Symbiodinium30656,-0.0435516552455515
Symbiodinium30657,0.0408585958460685
Symbiodinium30658,0.157138124149254
Symbiodinium30659,-0.194977315168289
Symbiodinium30666,0.322826171912473
Symbiodinium30667,0.0991503774011505
Symbiodinium30670,0.161255807672695
Symbiodinium30674,-0.238708923022737
Symbiodinium30676,0.0284565526045856
Symbiodinium30680,0.156280107353145
Symbiodinium30681,-0.0259198972977302
Symbiodinium30684,0.0498507091222136
Symbiodinium30685,-0.116071991253038
Symbiodinium30687,0.21830088758854
Symbiodinium30689,-0.172404064752004
Symbiodinium30693,-0.260800239801682
Symbiodinium30694,0.352246295780591
Symbiodinium30695,-0.216983324806739
Symbiodinium30696,-0.105248745948953
Symbiodinium30700,-0.590361075696089
Symbiodinium30703,0.300814398453961
Symbiodinium30706,-0.160602631814534
Symbiodinium30709,0.114858555180701
Symbiodinium30712,-0.275279356611631
Symbiodinium30714,-0.124782096571436
Symbiodinium30716,0.075173000036407
Symbiodinium30717,-0.357496890233872
Symbiodinium30718,-0.103149124865995
Symbiodinium30719,-0.185989691692722
Symbiodinium30727,0.314586892413365
Symbiodinium30728,-0.0539783597086419
Symbiodinium30729,0.151483885229484
Symbiodinium30738,-0.00847009762476072
Symbiodinium30740,0.119730184571321
Symbiodinium30745,-0.250066719557787
Symbiodinium30748,-0.122366605472236
Symbiodinium30750,-0.188506665907943
Symbiodinium30751,0.338313705190174
Symbiodinium30754,-0.524813682789507
Symbiodinium30755,0.311835997049016
Symbiodinium30756,0.213046438210489
Symbiodinium30760,0.268030691894977
Symbiodinium30762,0.0133320058125686
Symbiodinium30763,-0.00646101467215073
Symbiodinium30765,0.0332744235925323
Symbiodinium30767,-0.301620096675057
Symbiodinium30769,-0.378511489774109
Symbiodinium30770,-0.306339369060418
Symbiodinium30772,-0.156870119605587
Symbiodinium30776,-0.355269826599065
Symbiodinium30777,-0.164817172340193
Symbiodinium30784,-0.00268373841908029
Symbiodinium30787,0.16329080035647
Symbiodinium30789,-0.135031118415882
Symbiodinium30791,-0.19380215443775
Symbiodinium30792,0.150017374788805
Symbiodinium30798,0.178180634290946
Symbiodinium30817,-0.000318628461379321
Symbiodinium30819,-0.134156810228444
Symbiodinium30820,0.534042682614812
Symbiodinium30823,0.0471116691164697
Symbiodinium30824,-0.279322238939937
Symbiodinium30830,-0.210519732074418
Symbiodinium30832,-0.00786825603104739
Symbiodinium30833,0.467163619463821
Symbiodinium30836,0.265706345842395
Symbiodinium30838,-0.0322162413396847
Symbiodinium30839,-0.0506710145261421
Symbiodinium30851,-0.014470890998542
Symbiodinium30855,0.0681869617721841
Symbiodinium30856,0.0120953125344646
Symbiodinium30857,-0.0704066359391252
Symbiodinium30865,0.039312327732088
Symbiodinium30866,-0.284072562746714
Symbiodinium30869,0.0857443325684678
Symbiodinium30876,0.240885729312342
Symbiodinium30879,0.438603835209488
Symbiodinium30880,-0.112131013519238
Symbiodinium30883,0.0178441678579028
Symbiodinium30886,-0.1720083292607
Symbiodinium30889,-0.20920580996137
Symbiodinium30890,0.21098448486279
Symbiodinium30891,-0.307489925155581
Symbiodinium30894,0.338119631518362
Symbiodinium30897,0.424784583151154
Symbiodinium30907,0.139801052458293
Symbiodinium30911,0.193237133351615
Symbiodinium30915,-0.0446753598018128
Symbiodinium30919,0.466659651021948
Symbiodinium30921,0.379018959540583
Symbiodinium30928,0.385707682071318
Symbiodinium30929,0.221534041516888
Symbiodinium30931,-0.370731935681894
Symbiodinium30935,-0.486949809874803
Symbiodinium30936,0.155254418807519
Symbiodinium30939,0.058712416149351
Symbiodinium30941,-0.201095661264144
Symbiodinium30943,-0.175965169291845
Symbiodinium30955,-0.401781235449531
Symbiodinium30956,0.197057190873499
Symbiodinium30962,0.092270531466263
Symbiodinium30963,-0.237978817287906
Symbiodinium30964,0.152359401885571
Symbiodinium30971,0.384236118218803
Symbiodinium30978,-0.00552737710458174
Symbiodinium30981,0.226377193536618
Symbiodinium30983,-0.119394511261114
Symbiodinium30987,-0.172605324085211
Symbiodinium30990,0.245391152915069
Symbiodinium30992,-0.0495120173607506
Symbiodinium31003,-0.21692765987758
Symbiodinium31008,0.230808531198324
Symbiodinium31010,0.0365558681223274
Symbiodinium31013,-0.0162360195311601
Symbiodinium31017,-0.31254510100233
Symbiodinium31018,-0.26193877649782
Symbiodinium31020,0.0303794199575206
Symbiodinium31023,0.112814779631238
Symbiodinium31024,0.0730502887554373
Symbiodinium31025,-0.284444670127228
Symbiodinium31029,0.313763371527678
Symbiodinium31036,0.325700381187098
Symbiodinium31037,0.563949886179185
Symbiodinium31041,-0.0404176076884876
Symbiodinium31042,0.0250062266751381
Symbiodinium31043,0.303773942739722
Symbiodinium31045,0.214772681181122
Symbiodinium31046,-0.421329152829603
Symbiodinium31049,-0.472760792583733
Symbiodinium31050,-0.361334354619538
Symbiodinium31051,-0.115596186514801
Symbiodinium31054,-0.0910272535112482
Symbiodinium31059,-0.0186203050530074
Symbiodinium31060,0.170558100169342
Symbiodinium31063,-0.106882143712734
Symbiodinium31069,0.315086412676465
Symbiodinium31070,-0.0705558091527107
Symbiodinium31072,-0.115916282222192
Symbiodinium31074,-0.459046929920502
Symbiodinium31079,0.0347136882369804
Symbiodinium31088,-0.095890616247306
Symbiodinium31093,-0.231672133392324
Symbiodinium31096,0.0133352081276039
Symbiodinium31099,0.0343606756166694
Symbiodinium31100,-0.188367041020431
Symbiodinium31104,-0.236436125229314
Symbiodinium31112,0.252278252017931
Symbiodinium31114,-0.274242686338722
Symbiodinium31116,0.0509209226459504
Symbiodinium31126,0.114757536310215
Symbiodinium31128,-0.161938281669822
Symbiodinium31130,-0.10250724609372
Symbiodinium31131,0.0445996693071597
Symbiodinium31135,0.281435408779896
Symbiodinium31137,0.331386527004912
Symbiodinium31139,-0.174289041261872
Symbiodinium31145,-0.0768339759161612
Symbiodinium31149,-0.236238328310596
Symbiodinium31160,0.00738565701614675
Symbiodinium31164,0.081601422775941
Symbiodinium31165,-0.0294173697235743
Symbiodinium31169,0.154259741158006
Symbiodinium31170,-0.376524866923719
Symbiodinium31176,0.272887498037693
Symbiodinium31178,-0.260461932043072
Symbiodinium31182,0.212905092643853
Symbiodinium31183,-0.117156077786473
Symbiodinium31184,-0.209231294319321
Symbiodinium31196,0.247921949592797
Symbiodinium31197,0.515274081023609
Symbiodinium31200,-0.0591381706470514
Symbiodinium31209,0.0857312636327928
Symbiodinium31210,0.124871143712069
Symbiodinium31213,0.053782655009154
Symbiodinium31214,-0.141888716457514
Symbiodinium31219,-0.791635247543232
Symbiodinium31220,-0.252085065817283
Symbiodinium31222,-0.442709241447075
Symbiodinium31226,-0.172455722533139
Symbiodinium31236,-0.252377462769595
Symbiodinium31242,0.263078803612944
Symbiodinium31243,-0.200683925889328
Symbiodinium31244,-0.147247412035462
Symbiodinium31246,0.163767025008763
Symbiodinium31250,0.121513097910726
Symbiodinium31251,0.28807412390474
Symbiodinium31252,-0.000328538387757595
Symbiodinium31265,-0.230182106450021
Symbiodinium31266,0.0040960291325006
Symbiodinium31268,0.342973316099847
Symbiodinium31269,-0.561238129079395
Symbiodinium31270,0.120617944312474
Symbiodinium31271,0.332127716547564
Symbiodinium31272,0.571790886261449
Symbiodinium31277,0.413705139052291
Symbiodinium31284,0.104612275847427
Symbiodinium31288,-0.288504749576622
Symbiodinium31289,-0.11769506621693
Symbiodinium31290,-0.248306398991423
Symbiodinium31291,0.0660125573625452
Symbiodinium31305,0.0255806685981071
Symbiodinium31311,-0.0235986882653466
Symbiodinium31314,0.0107006587724969
Symbiodinium31315,0.15577082226225
Symbiodinium31316,0.0348223526543215
Symbiodinium31323,0.0078691723269827
Symbiodinium31324,0.0489232692907799
Symbiodinium31326,0.268963746051995
Symbiodinium31327,0.0400835792810925
Symbiodinium31329,-0.417415780464412
Symbiodinium31331,-0.390929117320094
Symbiodinium31334,-0.0243589407918309
Symbiodinium31337,-0.327597377900607
Symbiodinium31338,0.15033860203132
Symbiodinium31339,-0.213075848139298
Symbiodinium31344,-0.259261885376461
Symbiodinium31345,0.419595134285527
Symbiodinium31346,-0.161160193839115
Symbiodinium31350,0.222803943112844
Symbiodinium31354,0.0510185089493135
Symbiodinium31355,0.323926053161805
Symbiodinium31356,0.20338960048389
Symbiodinium31364,-0.174921731729652
Symbiodinium31372,0.0947407425936629
Symbiodinium31373,0.0958865182600254
Symbiodinium31375,-0.285176467349145
Symbiodinium31376,0.129157357109737
Symbiodinium31380,0.0773009582178365
Symbiodinium31381,0.124367304019832
Symbiodinium31386,0.194987032591443
Symbiodinium31397,-0.190413793331943
Symbiodinium31398,-0.0419438295866971
Symbiodinium31402,-0.120223947840438
Symbiodinium31404,0.266656124190265
Symbiodinium31407,-0.0984120391211429
Symbiodinium31408,0.386832674148171
Symbiodinium31411,-0.167487213334316
Symbiodinium31412,0.269006621795514
Symbiodinium31413,-0.106290858456123
Symbiodinium31416,-0.102560874960663
Symbiodinium31424,-0.187078999195461
Symbiodinium31433,-0.107174600000599
Symbiodinium31434,0.333157501839979
Symbiodinium31436,-0.0754612763362213
Symbiodinium31439,-0.519366977245518
Symbiodinium31441,-0.041841846964068
Symbiodinium31446,-0.108553147399481
Symbiodinium31451,0.150774151951923
Symbiodinium31456,0.192018096953925
Symbiodinium31457,0.296668970796437
Symbiodinium31459,0.220804931305218
Symbiodinium31465,0.0177565135879052
Symbiodinium31468,-0.0495589525943491
Symbiodinium31473,-0.131245310477322
Symbiodinium31474,0.354195605119133
Symbiodinium31477,0.284306294302995
Symbiodinium31479,0.0481604381432926
Symbiodinium31481,-0.32069979619905
Symbiodinium31484,-0.291733054051077
Symbiodinium31486,0.108563512498545
Symbiodinium31490,0.164607312896671
Symbiodinium31494,-0.171705164320625
Symbiodinium31504,-0.000697738882915551
Symbiodinium31507,-0.237229520299175
Symbiodinium31509,0.221007620376551
Symbiodinium31510,-0.0400093271530373
Symbiodinium31515,0.083673127891489
Symbiodinium31518,0.296535745320428
Symbiodinium31519,-0.288817034567019
Symbiodinium31521,-0.117420464105718
Symbiodinium31524,0.151104813157349
Symbiodinium31526,0.131236842341978
Symbiodinium31535,0.0592458414897967
Symbiodinium31536,-0.0209992821301772
Symbiodinium31538,0.143500996675589
Symbiodinium31539,0.208691182108302
Symbiodinium31540,-0.274594908901786
Symbiodinium31541,0.227507586425101
Symbiodinium31547,-0.13896569758855
Symbiodinium31552,-0.12432371332587
Symbiodinium31556,0.609452748553074
Symbiodinium31558,0.0270219981464929
Symbiodinium31561,-0.22181723099168
Symbiodinium31563,0.0614500137207576
Symbiodinium31567,-0.22369784842994
Symbiodinium31568,0.0403212781695679
Symbiodinium31572,-0.267366899783369
Symbiodinium31576,0.44306881015623
Symbiodinium31580,-0.145669510394691
Symbiodinium31586,0.234353498211108
Symbiodinium31589,-0.183614348449012
Symbiodinium31596,0.0882601230690215
Symbiodinium31597,-0.150437053869916
Symbiodinium3160,0.770136614374157
Symbiodinium31603,-0.176760516530997
Symbiodinium31605,0.468548972561955
Symbiodinium31613,-0.282398626436918
Symbiodinium31618,0.194962000624905
Symbiodinium31627,-0.0447580026637164
Symbiodinium31631,-0.279133675790179
Symbiodinium31635,-0.388251382030031
Symbiodinium31636,0.235217633015805
Symbiodinium31638,-0.055415725006497
Symbiodinium31640,-0.255838959811728
Symbiodinium31644,-0.0227204228924364
Symbiodinium31645,-0.153775029136771
Symbiodinium31646,-0.470737177215747
Symbiodinium31649,0.0427022842575755
Symbiodinium31652,0.276869737054684
Symbiodinium31653,0.116328716409541
Symbiodinium31657,0.105941690973331
Symbiodinium31662,0.194437597706736
Symbiodinium31663,0.0422629983224763
Symbiodinium31665,-0.845597921429563
Symbiodinium31669,0.172375406308192
Symbiodinium31671,0.0838777264841803
Symbiodinium31673,0.0240578093397574
Symbiodinium31674,0.0741996389773095
Symbiodinium31681,-0.278750333435853
Symbiodinium31687,0.329891219169196
Symbiodinium31688,0.466049904843675
Symbiodinium31691,0.159839146798286
Symbiodinium31692,-0.0924201609748955
Symbiodinium31694,-0.208222197829959
Symbiodinium31696,-0.566500694606213
Symbiodinium31699,0.246024270227843
Symbiodinium31701,-0.304505639495378
Symbiodinium31702,0.111840319369816
Symbiodinium31704,-0.0638294846204415
Symbiodinium31711,-0.0840709892925398
Symbiodinium31722,-0.12865080128898
Symbiodinium31726,0.0206560000483976
Symbiodinium31727,-0.628389939704819
Symbiodinium31730,0.153225222230849
Symbiodinium31732,-0.0106708804657198
Symbiodinium31737,0.369418153364775
Symbiodinium31743,-0.405251885036203
Symbiodinium31748,0.130167421143503
Symbiodinium31749,0.216510812760434
Symbiodinium31752,0.0345259409287376
Symbiodinium31753,-0.319896271479657
Symbiodinium31755,-0.0930249625862093
Symbiodinium31756,0.13775445541978
Symbiodinium31757,0.425486501818402
Symbiodinium31765,0.111438370253653
Symbiodinium31770,-0.00308822608755297
Symbiodinium31773,-0.00014352807677674
Symbiodinium31775,-0.27109285970788
Symbiodinium31776,0.319762588774346
Symbiodinium31780,-0.263777933161498
Symbiodinium31781,-0.109078129492465
Symbiodinium31782,-0.0155385973453752
Symbiodinium31786,-0.430736778048228
Symbiodinium31789,0.0381754408816172
Symbiodinium31790,-0.202531894741296
Symbiodinium31798,0.580807249684009
Symbiodinium31809,-0.123998709110123
Symbiodinium31811,0.0140071445420836
Symbiodinium31812,0.25814925293451
Symbiodinium31813,-0.0764913144728297
Symbiodinium31814,0.0221373956440092
Symbiodinium31815,-0.00768107242258436
Symbiodinium31818,-0.143147383281042
Symbiodinium31825,0.220725695743178
Symbiodinium31826,-0.169868945442184
Symbiodinium31830,-0.00344230214440661
Symbiodinium31835,-0.264336471568204
Symbiodinium31838,0.0979972044653285
Symbiodinium31846,0.279618452454502
Symbiodinium31847,-0.302354716872393
Symbiodinium31848,-0.148925632361141
Symbiodinium31850,0.208296541577822
Symbiodinium31852,-0.309893218566319
Symbiodinium31864,0.161933016414647
Symbiodinium31869,-0.0791845300210533
Symbiodinium31873,0.0683608289278316
Symbiodinium31874,-0.0703877363842764
Symbiodinium31884,-0.335855386730465
Symbiodinium31888,0.0328263600034981
Symbiodinium31890,-0.305385789631675
Symbiodinium31891,-0.058313704363128
Symbiodinium31892,-0.193174033220548
Symbiodinium31896,0.363140392515424
Symbiodinium31898,0.206906354488145
Symbiodinium31900,0.306216393154479
Symbiodinium31905,0.301915744019165
Symbiodinium31909,-0.145114057930138
Symbiodinium31911,-0.155880310292638
Symbiodinium31912,0.531019566871267
Symbiodinium31913,-0.74451866798753
Symbiodinium31914,0.0384467808334803
Symbiodinium31915,-0.112140853342415
Symbiodinium31922,0.0785957445667339
Symbiodinium31929,0.724090565653837
Symbiodinium31935,0.196411917439807
Symbiodinium31936,0.0472387937043538
Symbiodinium31943,-0.233253273392146
Symbiodinium31945,-0.348431000887004
Symbiodinium31947,-0.116295359674802
Symbiodinium31953,-0.0509924240806521
Symbiodinium31954,-0.487123368970485
Symbiodinium31955,0.00585194233252921
Symbiodinium31959,-0.0928382162178472
Symbiodinium31964,0.220556359966614
Symbiodinium31969,-0.316489625346324
Symbiodinium31970,0.0479601252590494
Symbiodinium31971,0.189866278506895
Symbiodinium31976,0.00332442453734595
Symbiodinium31978,-0.000484265058416477
Symbiodinium31981,-0.220507618762504
Symbiodinium31982,-0.0161312809349661
Symbiodinium31985,-0.477076721408953
Symbiodinium31987,-0.412478753980151
Symbiodinium31988,0.0430978584391745
Symbiodinium31990,-0.312513096049197
Symbiodinium31995,-0.241251052904104
Symbiodinium31996,0.105470814152198
Symbiodinium32003,0.0693289994254472
Symbiodinium32004,-0.215277085029761
Symbiodinium32013,0.542483650888866
Symbiodinium32014,-0.37065883202171
Symbiodinium32016,0.0228662370431892
Symbiodinium32017,-0.139333997150018
Symbiodinium32019,-0.133321121235052
Symbiodinium32022,-0.303105078242699
Symbiodinium32024,-0.289685893026908
Symbiodinium32028,-0.0816135941927241
Symbiodinium32029,-0.143537320428566
Symbiodinium32031,-0.173815373189712
Symbiodinium32032,0.144423924067607
Symbiodinium32034,-0.175218563189369
Symbiodinium32035,-0.504498958565127
Symbiodinium32038,0.711872134388557
Symbiodinium32041,0.0161902422999806
Symbiodinium32042,0.257465407258644
Symbiodinium32045,0.478646952795299
Symbiodinium32051,0.19995213303958
Symbiodinium32052,0.383428468186027
Symbiodinium32056,0.181428685901074
Symbiodinium32060,-0.426990248900588
Symbiodinium32063,0.0967441402854698
Symbiodinium32070,-0.118902494707698
Symbiodinium32084,0.653176225816541
Symbiodinium32085,-0.18430739843669
Symbiodinium32086,-0.217675667985887
Symbiodinium32092,-0.119794190507578
Symbiodinium32097,-0.0376344073946588
Symbiodinium32099,-0.738237728451125
Symbiodinium32102,0.129308411321457
Symbiodinium32103,-0.130221089677825
Symbiodinium32110,0.0603912220384742
Symbiodinium32114,0.408236522061799
Symbiodinium32115,-1.37395478327811
Symbiodinium32117,-0.268738902964099
Symbiodinium32118,-0.0968973002850248
Symbiodinium32120,-0.176959138558456
Symbiodinium32122,-0.262515702153195
Symbiodinium32124,-0.479343867083074
Symbiodinium32129,-0.0714463593931252
Symbiodinium32136,0.202817756808228
Symbiodinium32139,0.312420111791546
Symbiodinium32140,0.0270943601118347
Symbiodinium32141,0.0275612876653474
Symbiodinium32151,-0.00415087205289238
Symbiodinium32154,0.223591417743843
Symbiodinium32158,-0.00465623566770624
Symbiodinium32159,0.227884069887884
Symbiodinium32166,-0.100868365258977
Symbiodinium32167,0.395282705783353
Symbiodinium32171,0.052716757613994
Symbiodinium32174,0.317072915608003
Symbiodinium32176,0.23254524092458
Symbiodinium32178,-0.325710058651122
Symbiodinium32179,-0.153276087206851
Symbiodinium32181,0.143973251578494
Symbiodinium32199,0.366656836040357
Symbiodinium32207,0.0993590835366417
Symbiodinium32208,0.129250654956107
Symbiodinium32209,-0.00270112710466293
Symbiodinium32216,-0.257303170925547
Symbiodinium32217,-0.038344798446137
Symbiodinium32228,-0.0374562007523329
Symbiodinium32229,-0.05546801834998
Symbiodinium32231,0.134864003211065
Symbiodinium32233,-0.124559917443749
Symbiodinium32234,0.0725840595544088
Symbiodinium32237,-0.301527905711078
Symbiodinium32239,-0.24066431219678
Symbiodinium32240,-0.0735821507549297
Symbiodinium32241,0.013492268360654
Symbiodinium32243,-0.181050329115308
Symbiodinium32246,0.171091523718647
Symbiodinium32248,-0.227643119943207
Symbiodinium32249,-0.278273047356236
Symbiodinium32257,-0.334898918818133
Symbiodinium32259,-0.0152260638817358
Symbiodinium32260,0.042047536312477
Symbiodinium32264,0.205863494308832
Symbiodinium32267,-0.290271277323162
Symbiodinium32269,0.273753540053253
Symbiodinium32272,0.369898755240089
Symbiodinium32273,-0.00192663487770086
Symbiodinium32279,-0.282376767252846
Symbiodinium32281,0.302951892657191
Symbiodinium32290,0.364679142191918
Symbiodinium32292,0.261714835840367
Symbiodinium32298,0.0820453025612349
Symbiodinium32303,0.164498174799501
Symbiodinium32308,0.122796965112426
Symbiodinium32312,-0.122307131273466
Symbiodinium32314,-0.107648627510959
Symbiodinium32328,-0.238590684794862
Symbiodinium32333,0.225249688237148
Symbiodinium32335,0.0456556134662649
Symbiodinium32337,0.155615837748281
Symbiodinium32342,-0.00350854458692197
Symbiodinium32343,0.122361770072298
Symbiodinium32350,0.109706096244198
Symbiodinium32354,-0.394073140715995
Symbiodinium32356,-0.219480692469335
Symbiodinium32364,0.361221412561606
Symbiodinium32369,-0.0376032381962859
Symbiodinium32371,0.211760532543449
Symbiodinium32374,0.0527319422998354
Symbiodinium32377,-0.0925636122928799
Symbiodinium32384,-0.000648730850469288
Symbiodinium32388,0.415925830545035
Symbiodinium32390,0.0061254942648752
Symbiodinium32393,-0.0985144727331331
Symbiodinium32394,0.169268421746044
Symbiodinium32395,-0.0215265878810175
Symbiodinium32396,-0.403870094503877
Symbiodinium32400,-0.157133737417673
Symbiodinium32401,0.0916374421872031
Symbiodinium32404,-0.13563827417212
Symbiodinium32406,-0.214849666415336
Symbiodinium32407,0.216714103317195
Symbiodinium32411,-0.323547334730791
Symbiodinium32414,0.0897917684947564
Symbiodinium32415,-0.165345988483949
Symbiodinium32422,-0.108666356327784
Symbiodinium32424,0.0322876794146532
Symbiodinium32425,0.298670505261613
Symbiodinium32426,0.186718185415679
Symbiodinium32428,-0.0752798321660315
Symbiodinium32432,0.00103512236555433
Symbiodinium32435,-0.264305829896054
Symbiodinium32436,0.172979614890509
Symbiodinium32438,0.0175946056298559
Symbiodinium32443,0.121806460105087
Symbiodinium32444,-0.134937520274194
Symbiodinium32446,-0.379041795049216
Symbiodinium32449,-0.286072456799824
Symbiodinium32455,0.678539893299932
Symbiodinium32458,0.000695762677222087
Symbiodinium32459,0.0907115809709407
Symbiodinium32462,-0.158987766436561
Symbiodinium32469,0.113669220618511
Symbiodinium3247,0.769631233650501
Symbiodinium32474,0.220243379927775
Symbiodinium32479,0.650351585365495
Symbiodinium32481,0.161398745035266
Symbiodinium32490,-0.333521782625121
Symbiodinium32493,-0.118036492806046
Symbiodinium32494,-0.0317286231569627
Symbiodinium32497,-0.507957760109531
Symbiodinium32505,-0.0408533324553555
Symbiodinium32506,-0.12391396159777
Symbiodinium32515,0.366392859880099
Symbiodinium32519,-0.0494762349419202
Symbiodinium32528,0.0709334814720585
Symbiodinium32532,-0.51392002955058
Symbiodinium32539,0.465871260158456
Symbiodinium32541,0.242170170872835
Symbiodinium32543,0.453211543973683
Symbiodinium32547,-0.0331505533833847
Symbiodinium32550,-0.194329559867999
Symbiodinium32551,0.252118831573149
Symbiodinium32552,0.346580962506181
Symbiodinium32553,-0.134018100081744
Symbiodinium32558,0.41953646336941
Symbiodinium32559,0.0801592348870044
Symbiodinium32574,-0.0910871630259103
Symbiodinium32579,-0.172939581670871
Symbiodinium32582,-0.247230705957403
Symbiodinium32585,0.185308206856362
Symbiodinium32586,-0.0797437608261056
Symbiodinium32588,0.497009644277841
Symbiodinium32591,-0.237968353199392
Symbiodinium32595,-0.0444937685227145
Symbiodinium32601,-0.215656445219439
Symbiodinium32608,0.196057289328102
Symbiodinium32618,0.0630558161250803
Symbiodinium32621,0.171962480549078
Symbiodinium32624,0.0573162135480672
Symbiodinium32629,0.198680076756702
Symbiodinium32630,0.771381372628507
Symbiodinium32632,-0.196230362520559
Symbiodinium32634,0.129614454628238
Symbiodinium32635,-0.250728893404006
Symbiodinium32636,-0.140638937505529
Symbiodinium32663,-0.283126861021192
Symbiodinium32664,0.142024742445185
Symbiodinium32667,0.212918583379481
Symbiodinium32671,0.0552804778584086
Symbiodinium32672,0.152724299779005
Symbiodinium32676,0.0134338327748147
Symbiodinium32679,0.0246137227030838
Symbiodinium32682,-0.104379264315006
Symbiodinium32685,0.517169425268693
Symbiodinium32689,-0.443273757442306
Symbiodinium32692,0.195365720136552
Symbiodinium32694,-0.144715690533399
Symbiodinium32696,-0.175534999344451
Symbiodinium32698,0.0488289686021154
Symbiodinium32700,0.4003717621509
Symbiodinium32704,-0.267173156342805
Symbiodinium32707,0.179169396534282
Symbiodinium32709,0.122390210343046
Symbiodinium32711,0.11575103271753
Symbiodinium32716,0.0748403173337438
Symbiodinium32717,-0.105177702031427
Symbiodinium32719,0.164961240750815
Symbiodinium32723,-0.312958378570953
Symbiodinium32725,0.133047004407545
Symbiodinium32726,-0.627931455756573
Symbiodinium32727,0.557040899628988
Symbiodinium32730,0.0839128326787434
Symbiodinium32738,0.246013610475334
Symbiodinium32741,0.166258034801282
Symbiodinium32743,-0.09897258073852
Symbiodinium32747,-0.37650099456395
Symbiodinium32751,-0.31669749714452
Symbiodinium32754,0.133450936492237
Symbiodinium32755,0.225404920422123
Symbiodinium32756,0.0515956405940986
Symbiodinium32757,-0.0476427301892848
Symbiodinium32761,-0.0379302184911185
Symbiodinium32766,-0.223570735573037
Symbiodinium32767,0.0077589183817273
Symbiodinium32773,0.0614718380019115
Symbiodinium32774,0.0799865446701454
Symbiodinium32776,0.11038034433717
Symbiodinium32781,0.276714655651386
Symbiodinium32790,-0.688923984723901
Symbiodinium32791,0.472719129881473
Symbiodinium32797,-0.00745772105575663
Symbiodinium32799,0.140545050357687
Symbiodinium32801,0.325599677849892
Symbiodinium32807,0.070781059913787
Symbiodinium32809,0.069095943441131
Symbiodinium32810,-0.367145280713917
Symbiodinium32812,0.0800187212964733
Symbiodinium32814,-0.0811288969891109
Symbiodinium32815,-0.219130156399231
Symbiodinium32820,-0.386077309479672
Symbiodinium32825,-0.973817579218597
Symbiodinium32826,-0.568195314847251
Symbiodinium32828,0.263586433216756
Symbiodinium32835,0.311375592478201
Symbiodinium32841,0.0269519216787024
Symbiodinium32859,0.18888934101222
Symbiodinium32860,0.0204816240665818
Symbiodinium32865,-0.0718237712127922
Symbiodinium32869,-0.0646989033206717
Symbiodinium32871,-0.0458579470850094
Symbiodinium32873,0.0386742490351623
Symbiodinium32875,0.0190886575328885
Symbiodinium32881,0.229959851772364
Symbiodinium32882,-0.0520103295064356
Symbiodinium32886,0.397097521250838
Symbiodinium32890,-1.10911790307145
Symbiodinium32892,-0.0291852867516086
Symbiodinium32893,-0.206665518396102
Symbiodinium32895,0.120110266099784
Symbiodinium32899,-0.280944191840866
Symbiodinium32903,-0.22902411965281
Symbiodinium32905,0.296310358249949
Symbiodinium32906,-0.288201367747933
Symbiodinium32907,-0.171851467680559
Symbiodinium32909,0.0325526865928082
Symbiodinium32911,-0.514202299771891
Symbiodinium32914,-0.0303495233057549
Symbiodinium32915,-0.163435287027392
Symbiodinium32921,0.0179937931216032
Symbiodinium32924,0.1385104688418
Symbiodinium32925,-0.198762255024446
Symbiodinium32929,0.150873917396671
Symbiodinium32932,0.2668251477637
Symbiodinium32941,-0.0526130981095766
Symbiodinium32942,0.0306120807809929
Symbiodinium32945,0.281807809270589
Symbiodinium32947,-0.147149045142447
Symbiodinium32950,-0.32023277264016
Symbiodinium32956,-0.00668759982212853
Symbiodinium32960,-0.124640961926784
Symbiodinium32963,0.240211714547621
Symbiodinium32976,-0.0724094696930478
Symbiodinium32978,0.399014411743466
Symbiodinium32979,-0.0226318574532947
Symbiodinium32989,0.143625573897551
Symbiodinium32991,0.348503210750212
Symbiodinium32997,-0.0341918343802746
Symbiodinium33000,-0.157517087287649
Symbiodinium33001,-0.308929465601079
Symbiodinium33003,0.226783375610529
Symbiodinium33013,0.00721964730869403
Symbiodinium33025,0.151877549764128
Symbiodinium33026,-0.190660847700805
Symbiodinium33027,0.00399975743198111
Symbiodinium33030,0.203292944105483
Symbiodinium33031,-0.0530773968746466
Symbiodinium33032,-0.267627014932859
Symbiodinium33038,0.208423617281786
Symbiodinium33042,0.145673171247099
Symbiodinium33043,0.0889347145378077
Symbiodinium33044,-0.250522175505005
Symbiodinium33046,0.103506764174894
Symbiodinium33047,-0.390160003981532
Symbiodinium33049,-0.454694041596041
Symbiodinium33050,0.0603503960160471
Symbiodinium33051,-0.0382358011677723
Symbiodinium33055,0.0548894335686902
Symbiodinium33057,0.303021618335438
Symbiodinium33059,-0.088497918946806
Symbiodinium33062,0.0351236795997208
Symbiodinium33064,-0.0342702889997612
Symbiodinium33067,0.266745842865939
Symbiodinium33070,0.276183137940895
Symbiodinium33073,-0.0184971339501708
Symbiodinium33080,0.37970565013368
Symbiodinium33081,0.0471936709868845
Symbiodinium33091,0.406044823277912
Symbiodinium33093,0.248033363849707
Symbiodinium33097,0.0474590547030916
Symbiodinium33099,-0.264470971334445
Symbiodinium33101,-0.262761566321111
Symbiodinium33102,-0.116722152087281
Symbiodinium33109,-0.486903608013649
Symbiodinium33111,-0.37494903651354
Symbiodinium33117,0.301522592541321
Symbiodinium33122,-0.732186077784188
Symbiodinium33123,0.250171370630079
Symbiodinium33128,0.906720368576161
Symbiodinium33132,-0.159352773715494
Symbiodinium33136,0.117659704028573
Symbiodinium33137,-0.0919705036433223
Symbiodinium33139,0.0411058641572709
Symbiodinium33144,-0.177014261635108
Symbiodinium33146,0.101249835502121
Symbiodinium33147,0.217031779633762
Symbiodinium33148,-0.121436174446293
Symbiodinium33149,0.529511838764116
Symbiodinium33150,0.0198438227225059
Symbiodinium33154,-0.156830199508566
Symbiodinium33156,-0.0328292187721169
Symbiodinium33157,0.0624312934633254
Symbiodinium33158,0.0765128894819138
Symbiodinium33160,-0.103362903145378
Symbiodinium33165,-0.08513649873515
Symbiodinium33167,0.18703773496301
Symbiodinium33168,0.372334271551035
Symbiodinium33171,-0.188631906515072
Symbiodinium33175,0.193066728810546
Symbiodinium33177,0.95589708001934
Symbiodinium33181,0.187201660932739
Symbiodinium33183,0.0241480166246327
Symbiodinium33198,-0.207192419907802
Symbiodinium33199,-0.0953008606661338
Symbiodinium33217,0.123018083155677
Symbiodinium33227,-0.293682848051061
Symbiodinium33229,0.132501903056689
Symbiodinium33239,-0.153686401591608
Symbiodinium33241,0.169317472788317
Symbiodinium33242,0.105644513946047
Symbiodinium33252,-0.446892714319648
Symbiodinium33254,0.195390559111758
Symbiodinium33255,-0.0374270737164665
Symbiodinium33260,-0.155373599862072
Symbiodinium33264,-0.0964163258638788
Symbiodinium33271,-0.136155250787416
Symbiodinium33273,-0.116361139675118
Symbiodinium33278,-0.191073893125598
Symbiodinium33279,-0.695741405611201
Symbiodinium33285,-0.200432649689954
Symbiodinium33295,0.0123038874510564
Symbiodinium33301,-0.136532139039917
Symbiodinium33302,0.0048135514102296
Symbiodinium33303,-0.0396323163437718
Symbiodinium33311,0.130927442877248
Symbiodinium33319,-0.422147186578295
Symbiodinium33324,0.0247303360605626
Symbiodinium33327,0.0557304485533475
Symbiodinium33330,-0.375699181149285
Symbiodinium33332,-0.257180989298796
Symbiodinium33333,-0.0731507293105336
Symbiodinium33339,0.232812650719779
Symbiodinium33342,0.0435257409944672
Symbiodinium33344,-0.183104649082597
Symbiodinium33345,0.293621489959601
Symbiodinium33347,-0.937981198242207
Symbiodinium33348,-0.274398720235839
Symbiodinium33353,0.0099637949257248
Symbiodinium33357,-0.780371539658626
Symbiodinium33358,0.0756578505051951
Symbiodinium33364,-0.649142188893532
Symbiodinium33368,0.149568984499439
Symbiodinium33377,0.032106399511525
Symbiodinium33394,0.0644891350692153
Symbiodinium33397,-0.00161730848328613
Symbiodinium33398,-0.00635416300545836
Symbiodinium33401,-0.146297534311505
Symbiodinium33404,0.357507363141019
Symbiodinium33407,-0.0711172999794156
Symbiodinium33414,0.290264502383324
Symbiodinium33415,-0.262644739400209
Symbiodinium33416,0.120440998210605
Symbiodinium33417,0.284945212322062
Symbiodinium33422,0.0548885051798531
Symbiodinium33425,0.0709974534182745
Symbiodinium33428,-0.0111284303636167
Symbiodinium33429,-0.0573023536168212
Symbiodinium33443,0.0769561197790719
Symbiodinium33445,-0.209300471038949
Symbiodinium33453,0.00367727243785315
Symbiodinium33457,-0.0565904570391917
Symbiodinium33461,0.125867775426958
Symbiodinium33465,0.144673284391461
Symbiodinium33466,-0.120723373421595
Symbiodinium33468,-0.083107344170952
Symbiodinium33469,-0.195526508053502
Symbiodinium33473,0.0424615979552487
Symbiodinium33477,0.238291464455161
Symbiodinium33480,0.0354514519770082
Symbiodinium33486,-0.376608357796167
Symbiodinium33489,0.0714741047022751
Symbiodinium33491,0.518592731385162
Symbiodinium33494,0.157502077915537
Symbiodinium33498,0.379377432351385
Symbiodinium33502,-0.180717340121563
Symbiodinium33503,0.43207929502528
Symbiodinium33504,-0.0832289699003988
Symbiodinium33506,0.390302879972369
Symbiodinium33507,-0.0842387984773442
Symbiodinium33508,0.226442921185765
Symbiodinium33511,0.236111409410527
Symbiodinium33514,-0.176921257282058
Symbiodinium33522,-0.0107807225732977
Symbiodinium33526,0.0115611598892574
Symbiodinium33527,-0.169258561696903
Symbiodinium33532,-0.0721675249435535
Symbiodinium33533,-0.264157352246621
Symbiodinium33546,-0.0365560710208786
Symbiodinium33549,0.165660245579672
Symbiodinium33551,-0.355653235729597
Symbiodinium33552,-0.432539978413606
Symbiodinium33555,0.494085699702689
Symbiodinium33559,-0.216697485433658
Symbiodinium33567,-0.0468288635785453
Symbiodinium33568,-0.00677935028726113
Symbiodinium33575,0.20144368570993
Symbiodinium33577,0.130092942785851
Symbiodinium33581,0.0785791193767523
Symbiodinium33585,0.356920590521464
Symbiodinium33588,-0.239838664837718
Symbiodinium33596,0.0878782394724733
Symbiodinium33597,0.229806620108825
Symbiodinium33600,-0.0639470217756508
Symbiodinium33602,-0.161335434402939
Symbiodinium33604,0.184402554025984
Symbiodinium33606,0.31544776998079
Symbiodinium33609,0.0240617087970573
Symbiodinium33624,-0.266959615309952
Symbiodinium33626,0.0374268701948317
Symbiodinium33629,-0.00359904203221166
Symbiodinium33632,0.0375899936341035
Symbiodinium33634,-0.0278038246083483
Symbiodinium33636,0.0828679875788111
Symbiodinium33637,-0.290967173078031
Symbiodinium33638,-0.156219680177119
Symbiodinium33643,0.110457262726288
Symbiodinium33649,0.1977582499612
Symbiodinium33650,0.169517410633159
Symbiodinium33651,-0.436331687859383
Symbiodinium33652,-0.20159041680464
Symbiodinium33653,0.180609886871737
Symbiodinium33659,-0.0730502074339105
Symbiodinium33661,-0.207053948267533
Symbiodinium33666,0.0795206975200334
Symbiodinium33669,0.529516748119479
Symbiodinium33674,0.398453824052488
Symbiodinium33676,0.0294082510284945
Symbiodinium33680,0.0220879165321637
Symbiodinium33688,-0.00677747404078306
Symbiodinium33690,0.256913032417625
Symbiodinium33691,0.0657975264042723
Symbiodinium33692,0.0361009032032463
Symbiodinium33694,-0.411596352133456
Symbiodinium33697,0.340160705332855
Symbiodinium33707,0.12418691211996
Symbiodinium33708,-0.436511407304286
Symbiodinium33712,0.204165888658946
Symbiodinium33718,0.346750102885342
Symbiodinium33726,-0.418059713270126
Symbiodinium33729,-0.289530791348102
Symbiodinium33739,0.231424539125396
Symbiodinium33740,0.9440958431939
Symbiodinium33743,-0.377474643327109
Symbiodinium33744,-0.552770374979858
Symbiodinium33745,0.201468702207422
Symbiodinium33748,-0.226369527366235
Symbiodinium33752,0.727418264087159
Symbiodinium33755,-0.0649673016337386
Symbiodinium33763,0.0878837148371495
Symbiodinium33764,0.16954278154248
Symbiodinium33768,-0.121037447194487
Symbiodinium33770,-0.158754315498119
Symbiodinium33775,0.230980453343403
Symbiodinium33776,0.156363178382714
Symbiodinium33778,-0.150378953664329
Symbiodinium33786,0.390277334202527
Symbiodinium33787,0.0126474020666264
Symbiodinium33788,0.059490962392117
Symbiodinium33789,-0.0479771589170675
Symbiodinium33794,0.259889202773498
Symbiodinium33799,0.327398365510251
Symbiodinium33802,0.305093563880876
Symbiodinium33804,0.151941074690585
Symbiodinium33806,-0.464755505975249
Symbiodinium33807,0.138442650515511
Symbiodinium33809,-0.0932528832149898
Symbiodinium33812,0.137673615041276
Symbiodinium33815,0.961472607257069
Symbiodinium33816,-0.0836980631072681
Symbiodinium33817,0.335252184293528
Symbiodinium33821,-0.133784631693169
Symbiodinium33823,0.0296933390191023
Symbiodinium33824,0.33906502170666
Symbiodinium33830,0.163721845072643
Symbiodinium33833,0.267700270659671
Symbiodinium33835,-0.355242411393365
Symbiodinium33840,-0.165613189027661
Symbiodinium33842,-0.0936903229073691
Symbiodinium33849,-0.156610754012504
Symbiodinium33850,-0.0383412634181795
Symbiodinium33851,-0.178914737773118
Symbiodinium33862,-0.369381928253036
Symbiodinium33878,0.345577934168233
Symbiodinium33881,0.0855975308732674
Symbiodinium33883,0.185016724991854
Symbiodinium33889,-0.422605067496628
Symbiodinium33890,0.104675179466642
Symbiodinium33892,0.230359542044123
Symbiodinium33893,0.160313215165859
Symbiodinium33894,0.159794344336738
Symbiodinium33895,0.0714093599034469
Symbiodinium33899,0.127096774701853
Symbiodinium33906,-0.410746166165029
Symbiodinium33913,0.345491242700429
Symbiodinium33923,0.0753117524420584
Symbiodinium33928,0.218900281842762
Symbiodinium33930,-0.134441437298517
Symbiodinium33931,0.256464732446052
Symbiodinium33933,-0.0832372068630487
Symbiodinium33935,0.0182811464542914
Symbiodinium33937,0.542190148438591
Symbiodinium33938,-0.0311413125474451
Symbiodinium33939,-0.151594496985057
Symbiodinium33944,-0.214120167893559
Symbiodinium33947,-0.0216036760856066
Symbiodinium33950,0.170709489943084
Symbiodinium33951,-0.00368388750100311
Symbiodinium33954,0.348656782456113
Symbiodinium33959,0.0470220510949478
Symbiodinium33961,0.245200960049237
Symbiodinium33964,0.00945756560450564
Symbiodinium33966,0.175657215658868
Symbiodinium33967,-0.328680295890965
Symbiodinium33970,-0.529920449878083
Symbiodinium33972,0.500544963555027
Symbiodinium33975,0.312522386867164
Symbiodinium33978,-0.253102396573855
Symbiodinium33982,-0.0437490315753984
Symbiodinium33985,0.155303203775787
Symbiodinium33988,0.621956764160276
Symbiodinium33989,0.24948757808952
Symbiodinium33991,-0.0271879260023326
Symbiodinium33995,-0.175653586838276
Symbiodinium33996,0.0336051919090976
Symbiodinium33998,-0.337527318377717
Symbiodinium34001,0.0155112223956983
Symbiodinium34003,0.146533229616841
Symbiodinium34007,-0.125366215417354
Symbiodinium34008,-0.147289546770604
Symbiodinium34010,0.130236975457909
Symbiodinium34013,0.43176807915606
Symbiodinium34016,-0.0465439777981874
Symbiodinium34019,-0.377252577248654
Symbiodinium34020,-0.147734242478185
Symbiodinium34022,-0.00210279497504794
Symbiodinium34024,-0.262245560005474
Symbiodinium34025,0.0287589930525468
Symbiodinium34035,0.230746446945809
Symbiodinium34039,0.0881200958828369
Symbiodinium34043,0.166721058838059
Symbiodinium34046,0.00107925358926494
Symbiodinium34049,-0.167163068505758
Symbiodinium34051,0.0415048479829786
Symbiodinium34054,-0.859618529611108
Symbiodinium34057,-0.00517614133138941
Symbiodinium34058,0.168259314365399
Symbiodinium34064,0.185724947172106
Symbiodinium34068,-0.0404312242335606
Symbiodinium34070,-0.00737575620565282
Symbiodinium34074,0.0878517137971239
Symbiodinium34075,0.330710244479961
Symbiodinium34078,0.306370356295453
Symbiodinium34079,0.362657010640882
Symbiodinium34086,0.0217150507812342
Symbiodinium34095,-0.189849351768362
Symbiodinium34096,0.0788968502689849
Symbiodinium34097,0.148461163703428
Symbiodinium34100,-0.0108708773899543
Symbiodinium34101,-0.0230288904012039
Symbiodinium34103,0.175373364293177
Symbiodinium34105,0.461226161549492
Symbiodinium34109,-0.0883749014442301
Symbiodinium34114,0.246758266161581
Symbiodinium34115,0.188021583435813
Symbiodinium34119,0.103199796697906
Symbiodinium34122,0.320158247819485
Symbiodinium34126,0.127480552819229
Symbiodinium34127,0.645193585685149
Symbiodinium34131,-0.207620159485385
Symbiodinium34136,0.0646708187865749
Symbiodinium34139,-0.0477704681920031
Symbiodinium34145,-0.00741146843445665
Symbiodinium34146,-0.243067382950379
Symbiodinium34148,-0.0861891237160263
Symbiodinium34154,-0.368626768118006
Symbiodinium34156,0.614760713078934
Symbiodinium34160,0.33034674763593
Symbiodinium34167,0.2213696779106
Symbiodinium34169,-0.202905158083067
Symbiodinium34172,-0.455530316069616
Symbiodinium34176,0.167256036608505
Symbiodinium34180,0.200826808724794
Symbiodinium34181,0.423455868246288
Symbiodinium34188,0.542942108710653
Symbiodinium34189,-0.222602267773957
Symbiodinium3419,1.40245452204321
Symbiodinium34191,-0.353914444166857
Symbiodinium34195,0.126454362954954
Symbiodinium34210,0.181456859396634
Symbiodinium34213,0.101715526931878
Symbiodinium34220,0.457532368416455
Symbiodinium34221,-0.181384652893686
Symbiodinium34222,-0.292076789927649
Symbiodinium34223,-0.0941873881995606
Symbiodinium34226,-0.715326811913838
Symbiodinium34227,0.236585136261067
Symbiodinium34233,-0.444318183582637
Symbiodinium34235,0.388749870201436
Symbiodinium34237,0.458164052148622
Symbiodinium34238,-0.171442976274053
Symbiodinium34242,0.0336172874328098
Symbiodinium34246,0.0925652256504247
Symbiodinium34247,0.051883063208179
Symbiodinium34254,-0.279499390794672
Symbiodinium34277,-0.0462214002683864
Symbiodinium34284,-0.0870346291627962
Symbiodinium34297,-0.44979898146375
Symbiodinium34304,-0.0856791821142694
Symbiodinium34307,-0.722218578246811
Symbiodinium34309,-0.060477572780249
Symbiodinium34311,0.24298978627594
Symbiodinium34313,0.0262153940608662
Symbiodinium34323,-0.275873131514559
Symbiodinium34325,0.29015703980862
Symbiodinium34327,-0.411669406954235
Symbiodinium34332,0.112941712207543
Symbiodinium34340,-0.802346523553999
Symbiodinium34341,-0.0237849067676787
Symbiodinium34342,-0.600111757537814
Symbiodinium34343,0.165362223797163
Symbiodinium34347,0.254157509657208
Symbiodinium34349,-0.08633922027966
Symbiodinium34351,-0.185764592666146
Symbiodinium34353,-0.0333242318556013
Symbiodinium34365,-0.261619488063535
Symbiodinium34366,0.11270032715932
Symbiodinium34369,-0.355218432762856
Symbiodinium34373,0.0341223658899764
Symbiodinium34375,0.0670702598515778
Symbiodinium34376,0.0278431227354763
Symbiodinium34384,0.382492273030958
Symbiodinium34385,-0.183049582506259
Symbiodinium34386,-0.238708639098422
Symbiodinium34389,0.293969103664152
Symbiodinium34390,-0.111420663272855
Symbiodinium34397,0.269278036793458
Symbiodinium34401,0.0803135081683877
Symbiodinium34403,-0.056005621014698
Symbiodinium34409,-0.598132802600002
Symbiodinium34418,0.059120679095626
Symbiodinium34422,0.262408253303123
Symbiodinium34425,-0.20153616907924
Symbiodinium34430,0.298561857809618
Symbiodinium34431,-0.169984596450161
Symbiodinium34434,0.0517871493607663
Symbiodinium34435,0.0470974939701638
Symbiodinium34438,-0.24697314854368
Symbiodinium34439,0.00524150296656326
Symbiodinium34440,-0.25075204584372
Symbiodinium34443,-0.879721882408298
Symbiodinium34445,0.322091652586988
Symbiodinium34446,-0.136817839763504
Symbiodinium34449,0.213505763115198
Symbiodinium34452,-0.180277807211678
Symbiodinium34458,-0.29436617829271
Symbiodinium34459,-0.00920851841896333
Symbiodinium34460,0.26442533654263
Symbiodinium34461,0.0520628557909096
Symbiodinium34465,0.275184676985731
Symbiodinium34466,-0.202193129028985
Symbiodinium34470,-0.1985558511161
Symbiodinium34471,0.145121134384682
Symbiodinium34476,0.207852955957031
Symbiodinium34477,0.465061358327288
Symbiodinium34478,-0.0323373860862977
Symbiodinium34480,-0.206668694893031
Symbiodinium34481,0.598767414553605
Symbiodinium34491,-0.209893418318626
Symbiodinium34492,0.19039141397505
Symbiodinium34495,-0.123628295370639
Symbiodinium34498,-0.253656320378244
Symbiodinium34505,-0.103581577796104
Symbiodinium34510,0.275394755644692
Symbiodinium34512,-0.23216767555986
Symbiodinium34515,-0.0985805382731325
Symbiodinium34520,-0.342968815938342
Symbiodinium34522,-0.451845798809982
Symbiodinium34527,-0.144600796210396
Symbiodinium34528,0.137590896287869
Symbiodinium34530,0.148036057566298
Symbiodinium34540,-0.0255327168580416
Symbiodinium34544,-0.159076272524604
Symbiodinium34549,0.227099516565622
Symbiodinium34556,0.175104217548585
Symbiodinium34558,0.104792821107336
Symbiodinium34559,-0.245828558157566
Symbiodinium34562,0.114242927419024
Symbiodinium34568,-0.148611636746513
Symbiodinium34569,0.314315559955566
Symbiodinium34570,-0.468052163880105
Symbiodinium34571,0.151646197729536
Symbiodinium34572,0.157926906023444
Symbiodinium34574,0.0680508003587997
Symbiodinium34576,-0.123335632460109
Symbiodinium34578,-0.0919601034196407
Symbiodinium34579,0.0407228760502629
Symbiodinium34590,-0.226094694720626
Symbiodinium34591,-0.502779654096481
Symbiodinium34594,-0.0565629413536412
Symbiodinium34596,-0.296234211804496
Symbiodinium34602,0.243740235757306
Symbiodinium34603,0.341924400890931
Symbiodinium34605,-0.127031411690068
Symbiodinium34612,0.0882570066631627
Symbiodinium34618,0.232050905369796
Symbiodinium34621,-0.0140664658677903
Symbiodinium34623,0.253422866139053
Symbiodinium34625,-0.146187530172341
Symbiodinium34631,-0.12337716495499
Symbiodinium34633,-0.291317555093789
Symbiodinium34638,-0.616183684843796
Symbiodinium34640,-0.125350578918535
Symbiodinium34642,0.130261840446906
Symbiodinium34644,-0.00532781877993198
Symbiodinium34646,-0.143603036128308
Symbiodinium34651,0.218002833975927
Symbiodinium34660,0.0979706799201266
Symbiodinium34662,-0.77872875754855
Symbiodinium34665,0.0373121534961974
Symbiodinium34666,0.128023092290768
Symbiodinium34667,-0.24490538584107
Symbiodinium34672,-0.073064106494508
Symbiodinium34687,0.156382221819696
Symbiodinium34691,0.519548581590916
Symbiodinium34693,-0.14062498051541
Symbiodinium34694,0.0984217706042841
Symbiodinium34699,-0.333625145892763
Symbiodinium34701,-0.246825143131276
Symbiodinium34703,-0.0690319973936504
Symbiodinium34709,-0.16452085050388
Symbiodinium34713,-0.142359317412752
Symbiodinium34716,-0.042109172005431
Symbiodinium34721,0.471007597824708
Symbiodinium34722,0.152744722077194
Symbiodinium34723,-0.0566778090808233
Symbiodinium34734,-0.221741965530444
Symbiodinium34737,-0.1056351330553
Symbiodinium34738,0.208620152073812
Symbiodinium34740,0.0374841080506305
Symbiodinium34741,-0.00872520789290333
Symbiodinium34744,0.223159285546837
Symbiodinium34745,0.122759137635404
Symbiodinium34754,0.168827602694779
Symbiodinium34756,0.284661647523445
Symbiodinium34758,-0.236736376401571
Symbiodinium34763,0.00374145401722959
Symbiodinium34769,-0.140612541475382
Symbiodinium34779,0.147489521065586
Symbiodinium34783,-0.0208203720383927
Symbiodinium34787,0.308477830401264
Symbiodinium34788,0.141085304015959
Symbiodinium34789,-0.324479820905092
Symbiodinium34791,-0.274439869761504
Symbiodinium34795,0.0265033055763157
Symbiodinium34796,-0.18376229287449
Symbiodinium34799,0.0293246916756689
Symbiodinium34800,-0.297589312070263
Symbiodinium34801,0.0965150298052441
Symbiodinium34803,-0.104035843264509
Symbiodinium34806,-0.301900683306957
Symbiodinium34810,-0.370808256804172
Symbiodinium34811,-0.037918525098104
Symbiodinium34812,0.461975239769483
Symbiodinium34813,0.0832621430210912
Symbiodinium34819,0.00107251052086042
Symbiodinium34826,-0.439154536664058
Symbiodinium34828,0.079260800897013
Symbiodinium34841,0.0243217789395712
Symbiodinium34845,-0.206513156682806
Symbiodinium34849,-0.0886782942727459
Symbiodinium34851,-0.139635798413876
Symbiodinium34857,0.167044766745258
Symbiodinium34859,0.0946215208416252
Symbiodinium34863,0.19989559222422
Symbiodinium34870,0.11420724607693
Symbiodinium34873,0.301679342826702
Symbiodinium34876,0.469261510903367
Symbiodinium34878,0.135613149989605
Symbiodinium34880,-0.177975409129537
Symbiodinium34882,-0.119571420576652
Symbiodinium34883,0.454884584320957
Symbiodinium34886,-0.174808815568452
Symbiodinium34895,-0.0522158482062787
Symbiodinium34896,0.0564634282348572
Symbiodinium34901,0.250567361249899
Symbiodinium34903,-0.303242539821691
Symbiodinium34904,-0.18326290300626
Symbiodinium34908,0.0404308125701667
Symbiodinium34911,0.1580594718869
Symbiodinium34912,0.280383950511577
Symbiodinium34913,-0.274220746074401
Symbiodinium34916,-0.136933143489271
Symbiodinium34917,0.436147202375418
Symbiodinium34919,0.222076190616326
Symbiodinium34934,0.439325156110615
Symbiodinium34938,-0.467942166729434
Symbiodinium34944,0.0315677359770502
Symbiodinium34947,0.292621926165989
Symbiodinium34952,-0.227133225392928
Symbiodinium34955,0.332893238720096
Symbiodinium34958,0.279784829566713
Symbiodinium34959,0.133842080651324
Symbiodinium34961,0.238645141994345
Symbiodinium34962,-0.184411484320778
Symbiodinium34965,-0.0714013813658986
Symbiodinium34966,-0.0795045409759426
Symbiodinium34967,-0.126240031525769
Symbiodinium34968,0.349234555558879
Symbiodinium34970,0.0677065354843745
Symbiodinium34984,-0.130076367598062
Symbiodinium34988,0.0711508039140108
Symbiodinium34991,0.117004322826667
Symbiodinium35006,0.328825895219513
Symbiodinium35019,-0.209645564562396
Symbiodinium35023,0.00398555694374783
Symbiodinium35027,-0.132804400362489
Symbiodinium35038,-0.0334361673362824
Symbiodinium35041,-0.197009939057218
Symbiodinium35042,0.0825119433785642
Symbiodinium35045,-0.294826827721281
Symbiodinium35046,0.0720566707337191
Symbiodinium35047,0.30665803564887
Symbiodinium35048,0.271838786787164
Symbiodinium35052,0.106413016769474
Symbiodinium35053,-0.19663544030863
Symbiodinium35056,-0.0828171168400856
Symbiodinium35060,0.421470745769787
Symbiodinium35061,0.0396956267379358
Symbiodinium35065,-0.163768821197605
Symbiodinium35081,-0.180075848598412
Symbiodinium35089,0.213804335307077
Symbiodinium35090,0.252215295029231
Symbiodinium35094,0.0145051273385532
Symbiodinium35095,-0.0363221916639933
Symbiodinium35101,0.0924367825632122
Symbiodinium35103,-0.425473305048507
Symbiodinium35105,-0.0199139218370589
Symbiodinium35106,-0.00953993285025333
Symbiodinium35108,-0.219414682227564
Symbiodinium35110,0.123955247124718
Symbiodinium35111,-0.0610537242840399
Symbiodinium35113,-0.0239477842545011
Symbiodinium35115,0.168076793394222
Symbiodinium35119,-0.105979443452609
Symbiodinium35127,0.252458475987612
Symbiodinium35128,0.354596191218333
Symbiodinium35133,-0.021046399065013
Symbiodinium35138,-0.050276872619884
Symbiodinium35139,0.20462357914511
Symbiodinium35142,0.0858789714368845
Symbiodinium35153,0.296885051859636
Symbiodinium35154,0.3180353698696
Symbiodinium35162,0.0403149451684335
Symbiodinium35164,0.0858153923781448
Symbiodinium35165,-0.164182309333633
Symbiodinium35172,-0.207753142887921
Symbiodinium35175,-0.181506276850794
Symbiodinium35177,0.359768451350533
Symbiodinium35179,0.112678000804146
Symbiodinium35180,-0.201913473910582
Symbiodinium35189,-0.0276848843557976
Symbiodinium35190,0.0917123143922146
Symbiodinium35192,-0.394156267090123
Symbiodinium35193,-0.18555906373256
Symbiodinium35196,-0.271958957049377
Symbiodinium35206,0.0584122403626877
Symbiodinium35214,0.460949254694381
Symbiodinium35219,-0.0819472079683012
Symbiodinium35222,-0.0220436406619012
Symbiodinium35225,0.0953551354925477
Symbiodinium35229,0.133962394733474
Symbiodinium35235,-0.0450902123883621
Symbiodinium35239,-0.374135264871266
Symbiodinium35241,0.139678689281839
Symbiodinium35246,-0.413509839165554
Symbiodinium35248,-0.0717173903686404
Symbiodinium35262,0.611552988302238
Symbiodinium35263,0.114624280015159
Symbiodinium35265,-0.198288050892047
Symbiodinium35271,-0.207937664676828
Symbiodinium35279,0.464252186013655
Symbiodinium35280,0.139787372202116
Symbiodinium35281,0.267616368313302
Symbiodinium35286,-0.0550586694330069
Symbiodinium35287,-0.0156191038259799
Symbiodinium35289,-0.327947509494821
Symbiodinium35290,0.346279552309001
Symbiodinium35291,-0.246223865207796
Symbiodinium35298,-0.0599471643904794
Symbiodinium35301,0.131167832285172
Symbiodinium35310,-0.106959986288072
Symbiodinium35312,-0.425238807348874
Symbiodinium35314,0.17443505839257
Symbiodinium35315,0.420294173371407
Symbiodinium35316,-0.132541599899886
Symbiodinium35320,-0.35868867319011
Symbiodinium35326,0.150861353576684
Symbiodinium35331,0.355389175431916
Symbiodinium35336,-0.189720006379726
Symbiodinium35338,-0.103888929470985
Symbiodinium35342,-0.239462470487965
Symbiodinium35343,0.0549167922682102
Symbiodinium35346,0.0402538124682936
Symbiodinium35348,0.182213447293951
Symbiodinium35356,0.1425515224686
Symbiodinium35368,-0.263660916644258
Symbiodinium35371,0.15937666465876
Symbiodinium35374,-0.244678799802258
Symbiodinium35376,-0.184394994807447
Symbiodinium35378,-0.0178054850690254
Symbiodinium35379,0.0170857545778372
Symbiodinium35380,0.255330547242917
Symbiodinium35381,0.0757244898611238
Symbiodinium35385,0.00251779841923613
Symbiodinium35387,0.0973849374745444
Symbiodinium35389,-0.107259491570058
Symbiodinium35390,-0.109402644529186
Symbiodinium35391,0.0618027612453606
Symbiodinium35394,0.107970182902815
Symbiodinium35403,-0.48989666253757
Symbiodinium35412,0.0341493735164017
Symbiodinium35416,-0.259159845030098
Symbiodinium35417,0.00303950444867465
Symbiodinium35418,-0.0109632899794678
Symbiodinium35421,-0.0407760208761221
Symbiodinium35423,0.0882532292837811
Symbiodinium35432,-0.125352543947218
Symbiodinium35435,0.208265412152312
Symbiodinium35439,0.299346160335718
Symbiodinium35441,-0.135934748162556
Symbiodinium35442,-0.0508373102965981
Symbiodinium35446,0.209949109307416
Symbiodinium35448,-0.347495041255538
Symbiodinium35449,-0.281184788016649
Symbiodinium35457,-0.499117691258676
Symbiodinium35460,-0.221997645745623
Symbiodinium35468,-0.191432214156681
Symbiodinium35473,-0.308496206847073
Symbiodinium35475,0.177232077643757
Symbiodinium35479,0.188312211662018
Symbiodinium35481,0.0191751881738305
Symbiodinium35483,0.489903353798114
Symbiodinium35494,-0.224867746116874
Symbiodinium35495,-0.336632751071599
Symbiodinium35498,0.419049147169045
Symbiodinium35501,-0.054640782223186
Symbiodinium35507,-0.199041541804424
Symbiodinium35510,-1.23415318738718
Symbiodinium35516,0.246192210961
Symbiodinium35518,-0.136276728603328
Symbiodinium35520,-0.067969645697916
Symbiodinium35523,0.388574244497735
Symbiodinium35529,-0.551952418110551
Symbiodinium35535,-0.0211876770228552
Symbiodinium35536,-0.0708510918967882
Symbiodinium35537,0.0254617691964894
Symbiodinium35543,0.296936785632892
Symbiodinium35546,-0.345676508780041
Symbiodinium35548,-0.0179943306334996
Symbiodinium35550,0.309442365146242
Symbiodinium35551,0.161320381197216
Symbiodinium35555,-0.36420698870715
Symbiodinium35557,0.260023787381029
Symbiodinium35558,0.169618013549252
Symbiodinium35559,0.160792666458494
Symbiodinium35569,0.439655576851649
Symbiodinium35571,-0.131585156956134
Symbiodinium35573,0.14787736972935
Symbiodinium35575,0.263481804586149
Symbiodinium35585,0.166128790403529
Symbiodinium35586,0.132689751395767
Symbiodinium35590,0.408685583730911
Symbiodinium35595,-7.7621585759301e-05
Symbiodinium35597,-0.480559832830673
Symbiodinium35599,-0.0164587087852094
Symbiodinium35605,-0.472952473221687
Symbiodinium35606,-0.154949868502311
Symbiodinium35607,0.11020000314594
Symbiodinium35609,0.234367541836957
Symbiodinium35613,0.368418052171097
Symbiodinium35615,-0.31919617552961
Symbiodinium35617,0.00289520288776812
Symbiodinium35621,0.339605685208271
Symbiodinium35622,-0.360029356957524
Symbiodinium35625,0.0386473173439749
Symbiodinium35627,-0.470324650990917
Symbiodinium35630,0.275330473341168
Symbiodinium35632,-0.0610536967964689
Symbiodinium35633,0.332409288837806
Symbiodinium35636,-0.435240163252161
Symbiodinium35643,0.178355171382186
Symbiodinium35651,0.556213884339394
Symbiodinium35652,0.0314056056696494
Symbiodinium35654,-0.24495069735341
Symbiodinium35656,-0.124732088302697
Symbiodinium35657,0.234145340983225
Symbiodinium35665,-0.261336153037103
Symbiodinium35666,0.492121862340254
Symbiodinium35668,-0.0846911195074458
Symbiodinium35669,-0.150945922878138
Symbiodinium35672,-0.451208131877957
Symbiodinium35673,-0.0251488998143271
Symbiodinium35676,-0.0939760742882292
Symbiodinium35677,0.20140731746616
Symbiodinium35678,0.0546664980213399
Symbiodinium35682,-0.208422663275378
Symbiodinium35685,0.0313584183810634
Symbiodinium35687,0.129342882751546
Symbiodinium35688,-0.0895016813777404
Symbiodinium35689,-0.0560396583233468
Symbiodinium35692,0.360638143725977
Symbiodinium35693,0.0295196777907258
Symbiodinium35697,0.0329451775329205
Symbiodinium35700,0.102518271299565
Symbiodinium35703,0.354867279538113
Symbiodinium35709,0.311750810044698
Symbiodinium35710,0.0192349128404465
Symbiodinium35712,0.281970020759217
Symbiodinium35713,-0.0864315079099496
Symbiodinium35714,0.015770367378264
Symbiodinium35716,0.0209070368046379
Symbiodinium35721,0.0138190977033741
Symbiodinium35722,0.193998845276277
Symbiodinium35730,0.283106311848303
Symbiodinium35731,-0.224510261551411
Symbiodinium35732,0.216657861635227
Symbiodinium35738,0.603030783669908
Symbiodinium35740,-0.51029337380119
Symbiodinium35742,0.141036228642817
Symbiodinium35749,0.173438760044557
Symbiodinium35752,-0.330717627661494
Symbiodinium35761,0.0127744623473891
Symbiodinium35764,-0.297565665206774
Symbiodinium35765,0.179141752009021
Symbiodinium35773,-0.320786074918651
Symbiodinium35776,0.137467126748836
Symbiodinium35779,-0.546237010215478
Symbiodinium35800,-0.0409626096547691
Symbiodinium35802,0.272577687302915
Symbiodinium35808,0.272664110315214
Symbiodinium35813,0.310585279188181
Symbiodinium35822,-0.0333907948290778
Symbiodinium35823,0.0957705751607873
Symbiodinium35826,0.229885559993901
Symbiodinium35828,-0.133347017578717
Symbiodinium35830,0.154748062132914
Symbiodinium35831,-0.270100400305537
Symbiodinium35834,0.0658506497394114
Symbiodinium35835,-0.328262655653896
Symbiodinium35839,0.284909570247593
Symbiodinium35842,0.273705741174729
Symbiodinium35844,-0.0800624827830897
Symbiodinium35857,0.0918068024976443
Symbiodinium35866,0.172705354360965
Symbiodinium35873,0.105611181354956
Symbiodinium35878,-0.0318090992638424
Symbiodinium35881,0.387863094301029
Symbiodinium35885,-0.148539011001096
Symbiodinium35888,0.169972391004347
Symbiodinium35889,-0.103490320226938
Symbiodinium35892,-0.0632823616937156
Symbiodinium35894,0.170436325850654
Symbiodinium35896,0.0935189013375832
Symbiodinium35900,0.185497650438315
Symbiodinium35904,-0.489045574329225
Symbiodinium35907,0.121932488772302
Symbiodinium35909,0.171851648863576
Symbiodinium35912,-0.032528295834367
Symbiodinium35913,0.0445143600254118
Symbiodinium35914,0.100456793037415
Symbiodinium35919,0.0616419129405078
Symbiodinium35920,-0.0642311137610324
Symbiodinium35925,0.0773202964284694
Symbiodinium35932,-0.253476645104544
Symbiodinium35937,0.0125147784305769
Symbiodinium35938,-0.0956615873682706
Symbiodinium35940,0.512528580554484
Symbiodinium35942,-0.570299142906547
Symbiodinium35944,0.436690142832649
Symbiodinium35950,-0.283701228935468
Symbiodinium35951,-0.0570138263431502
Symbiodinium35958,0.0482480987139672
Symbiodinium35959,-0.0331372709889835
Symbiodinium35961,-0.00214024517434018
Symbiodinium35962,-0.295816282297752
Symbiodinium35972,0.3862276822209
Symbiodinium35974,0.0740827852225388
Symbiodinium35975,0.202640791141605
Symbiodinium35978,-0.000629746019418274
Symbiodinium35980,-0.225479200675219
Symbiodinium35981,-0.192938454638561
Symbiodinium35983,0.12437619864195
Symbiodinium35984,0.121039046159693
Symbiodinium35989,-0.0761413659706232
Symbiodinium35996,-0.337523003069127
Symbiodinium36002,-0.225025672289429
Symbiodinium36009,-0.19896380110707
Symbiodinium36013,0.178080742947002
Symbiodinium36017,-0.475897832388178
Symbiodinium36019,0.0751060711345033
Symbiodinium36021,0.682253466675982
Symbiodinium36025,0.171733407397383
Symbiodinium36028,-0.295689232075589
Symbiodinium36035,0.00418462284652148
Symbiodinium36038,0.478633816877688
Symbiodinium36039,0.188085429795848
Symbiodinium36045,0.0749540332763517
Symbiodinium36049,-0.0389938736104099
Symbiodinium36052,-0.101468870105764
Symbiodinium36053,0.204913633831509
Symbiodinium36057,0.000983090283845498
Symbiodinium36058,-0.0451003265978066
Symbiodinium36060,0.103662657933753
Symbiodinium36071,0.291073476428464
Symbiodinium36072,-0.4144443181949
Symbiodinium36074,-0.0222872904709404
Symbiodinium36075,0.361940888947875
Symbiodinium36084,0.0376261526643708
Symbiodinium36091,0.0130053887033013
Symbiodinium36092,-0.426028986659038
Symbiodinium36093,0.0896224813619255
Symbiodinium36096,-0.108331665011516
Symbiodinium36102,0.143502544209892
Symbiodinium36104,-0.0360125465443607
Symbiodinium36108,-0.37511546458579
Symbiodinium36110,0.119635594616759
Symbiodinium36114,0.0707398745523462
Symbiodinium36116,0.793315685949937
Symbiodinium36117,-0.215388188490366
Symbiodinium36123,0.114442033563419
Symbiodinium36124,0.610641498325033
Symbiodinium36125,0.263229278044862
Symbiodinium36126,-0.236867787985047
Symbiodinium36127,0.215743167991367
Symbiodinium36130,0.00532387295291501
Symbiodinium36132,0.403661516287802
Symbiodinium36133,-0.343342006687579
Symbiodinium36136,-0.224636530531404
Symbiodinium36137,0.166498552975403
Symbiodinium36140,-0.291443919330671
Symbiodinium36142,0.270892099792907
Symbiodinium36145,0.0177237410575473
Symbiodinium36152,0.162356270064627
Symbiodinium36153,0.235508667426885
Symbiodinium36163,0.175143218853256
Symbiodinium36171,0.219865095811336
Symbiodinium36173,-0.334908824034997
Symbiodinium36174,-0.0988010245459356
Symbiodinium36175,-0.354650727522467
Symbiodinium36193,0.0727035930440196
Symbiodinium36196,0.0066707773343108
Symbiodinium36203,-0.195705163717576
Symbiodinium36205,0.368017896646123
Symbiodinium36208,0.0375781250625352
Symbiodinium36209,-0.167057912560091
Symbiodinium36211,-0.0823983851689474
Symbiodinium36216,-0.195804079729445
Symbiodinium36219,-0.210590025679444
Symbiodinium36222,-0.191611092995692
Symbiodinium36223,0.34647138926585
Symbiodinium36226,-0.133921036789405
Symbiodinium36232,0.797834593985226
Symbiodinium36241,0.562376857984243
Symbiodinium36243,-0.437108047989278
Symbiodinium36247,-0.0315160261297499
Symbiodinium36248,0.360199559099906
Symbiodinium36250,-0.472120685551154
Symbiodinium36251,-0.114268238983147
Symbiodinium36252,0.181351293039736
Symbiodinium36261,0.194586115705473
Symbiodinium36262,-0.0734052545008743
Symbiodinium36265,0.0705768526486099
Symbiodinium36266,-0.0724957401913852
Symbiodinium36274,0.263789756821123
Symbiodinium36275,0.173202768792765
Symbiodinium36283,-0.19007582143331
Symbiodinium36284,-0.0870130732920029
Symbiodinium36288,-0.0792745112189113
Symbiodinium36289,0.220977192927238
Symbiodinium36293,0.245246192038988
Symbiodinium36295,-0.228684795913446
Symbiodinium36296,0.341641797677967
Symbiodinium36303,0.037114223494784
Symbiodinium36304,0.209593096459075
Symbiodinium36305,-0.165587066264696
Symbiodinium36309,-0.216266033584451
Symbiodinium36318,-0.137293787687887
Symbiodinium36320,0.00403164485837145
Symbiodinium36321,-0.512232369305585
Symbiodinium36322,0.100528879243646
Symbiodinium36330,0.112347372290364
Symbiodinium36336,-0.0713540762057969
Symbiodinium36337,-0.241875521717634
Symbiodinium36340,0.256787150787843
Symbiodinium36345,0.148925063176216
Symbiodinium36356,-0.0897628455895602
Symbiodinium36359,-0.495863517861019
Symbiodinium36361,-0.367635841234776
Symbiodinium36367,-0.0998502526462771
Symbiodinium36372,-0.344826518124735
Symbiodinium36373,0.0556863705070012
Symbiodinium36377,-0.22102975724831
Symbiodinium36385,0.175086962296083
Symbiodinium36388,0.319584310018533
Symbiodinium36391,0.102443738128507
Symbiodinium36392,0.159617148305933
Symbiodinium36396,-0.446327600852371
Symbiodinium36407,0.201564284433421
Symbiodinium36408,-0.335321965165446
Symbiodinium36411,-0.0223952114962408
Symbiodinium36413,-0.00743585141517854
Symbiodinium36415,0.354431219272384
Symbiodinium36417,0.0824802459383728
Symbiodinium36423,0.00689486178721265
Symbiodinium36424,-0.354861269346881
Symbiodinium36425,0.152043021523637
Symbiodinium36427,0.138875643404134
Symbiodinium36434,-0.163455402971368
Symbiodinium36435,0.176459356184035
Symbiodinium36437,-0.536025862490953
Symbiodinium36438,0.24037424881865
Symbiodinium36444,0.0257329896858298
Symbiodinium36447,0.199266800422994
Symbiodinium36448,0.494641651894499
Symbiodinium36449,-0.826082362179436
Symbiodinium36451,0.234668543326895
Symbiodinium36457,-0.233135255030933
Symbiodinium36458,0.258879309236647
Symbiodinium36461,-0.0395501820993751
Symbiodinium36463,0.00535104555286277
Symbiodinium36466,0.17518278838509
Symbiodinium36468,-0.260426278853673
Symbiodinium36469,0.332606402221628
Symbiodinium36470,-0.304584047980864
Symbiodinium36473,0.021381530546172
Symbiodinium36474,0.174657166718337
Symbiodinium36477,0.099622569787468
Symbiodinium36481,0.25844708912243
Symbiodinium36488,-0.00848470984149111
Symbiodinium36489,-0.125760553578161
Symbiodinium36492,-0.223891555370862
Symbiodinium36493,-0.166078422082095
Symbiodinium36495,-0.158037019358524
Symbiodinium36500,-0.0867755216605169
Symbiodinium36508,0.131931213723752
Symbiodinium36520,0.418551954618533
Symbiodinium36522,0.0550647848830416
Symbiodinium36524,-0.266816086117286
Symbiodinium36527,-0.241452738169625
Symbiodinium36531,-0.0614988373524628
Symbiodinium36537,0.0257530561513087
Symbiodinium36540,0.18977412254712
Symbiodinium36544,-0.320068943557919
Symbiodinium36547,-0.188035914435084
Symbiodinium36550,-0.081051326463137
Symbiodinium36552,-0.0503503764066124
Symbiodinium36564,-0.3148216292994
Symbiodinium36565,0.226484583128389
Symbiodinium36567,-0.172724263288221
Symbiodinium36568,0.0559502801139373
Symbiodinium36570,-0.232579101765623
Symbiodinium36576,0.0441126882843885
Symbiodinium36580,0.277133106873295
Symbiodinium36581,0.200087553839934
Symbiodinium36586,0.0274498070222754
Symbiodinium36587,0.122002270889535
Symbiodinium36589,-0.135959033936876
Symbiodinium36594,0.21397484219934
Symbiodinium36595,0.383178604685822
Symbiodinium36596,-0.104652241672994
Symbiodinium36598,0.124890727208991
Symbiodinium36599,0.00466480489187499
Symbiodinium36604,-0.1943680665312
Symbiodinium36613,-0.0495199197075018
Symbiodinium36615,-0.0014683044850994
Symbiodinium36617,0.26799912808077
Symbiodinium36621,-0.276218794056538
Symbiodinium36622,-0.740409872076344
Symbiodinium36624,0.599201599072796
Symbiodinium36626,-0.172279817979374
Symbiodinium36627,0.0100080130927091
Symbiodinium36628,-0.446578081507868
Symbiodinium36632,0.00808125919603221
Symbiodinium36633,-0.291436737155455
Symbiodinium36635,-0.239279885459945
Symbiodinium36636,0.0675078565370067
Symbiodinium36639,-0.0102359556894208
Symbiodinium36640,0.145451941182321
Symbiodinium36644,-0.142745221138263
Symbiodinium36646,0.377515430774083
Symbiodinium36647,0.624792560542438
Symbiodinium36648,0.0470036881651583
Symbiodinium36653,-0.221010084741596
Symbiodinium36654,0.570156561185719
Symbiodinium36656,0.312746165430662
Symbiodinium36657,0.33720150567556
Symbiodinium36661,0.0125946789623987
Symbiodinium36662,-0.20829317120148
Symbiodinium36663,-0.551081924201033
Symbiodinium36674,0.0518867797310601
Symbiodinium36675,-0.0320101305563806
Symbiodinium36680,0.383463452196602
Symbiodinium36681,-0.356024341305098
Symbiodinium36682,0.0933558265291916
Symbiodinium36685,0.15457860327601
Symbiodinium36688,0.113504215928559
Symbiodinium36693,0.056704832285706
Symbiodinium36696,0.0500553797098663
Symbiodinium36697,-0.179153415861971
Symbiodinium36698,0.169991321404938
Symbiodinium36708,-0.551025315852233
Symbiodinium36715,-0.324546193771615
Symbiodinium36716,-0.327695346646706
Symbiodinium36721,0.466786058087473
Symbiodinium36722,-0.0334525976049147
Symbiodinium36723,0.203011914211664
Symbiodinium36728,0.208691304542605
Symbiodinium36730,-0.836074765065536
Symbiodinium36732,-0.404924750649566
Symbiodinium36735,-0.182187416130016
Symbiodinium36740,-0.135936918913129
Symbiodinium36743,0.284159164786919
Symbiodinium36745,-0.0754199014217695
Symbiodinium36748,0.211592594944479
Symbiodinium36749,-0.241761696299317
Symbiodinium36752,-0.384405461321513
Symbiodinium36755,-0.017297350415933
Symbiodinium36757,0.220793034820851
Symbiodinium36759,0.140095169816324
Symbiodinium36760,0.215728909041888
Symbiodinium36761,-0.0293945944195219
Symbiodinium36762,-0.14812644406617
Symbiodinium36763,-0.240265978820381
Symbiodinium36770,-0.10195371610596
Symbiodinium36779,-0.0197759192811124
Symbiodinium36782,0.449559552581963
Symbiodinium36783,-0.264802179470872
Symbiodinium36788,0.44607829023528
Symbiodinium36794,0.235805178762559
Symbiodinium36795,-0.104438200304802
Symbiodinium36796,-0.00829762489300028
Symbiodinium36797,0.155686420032149
Symbiodinium36802,-0.224813230545969
Symbiodinium36803,0.0522816625842951
Symbiodinium36805,-0.0443519129676902
Symbiodinium36808,0.23677691570725
Symbiodinium36809,-0.207819296524633
Symbiodinium36810,-0.210131479063648
Symbiodinium36812,0.282227884306552
Symbiodinium36813,-0.470922444674181
Symbiodinium36821,-0.0152329539268903
Symbiodinium36823,-0.0545360166040329
Symbiodinium36826,0.295873676764502
Symbiodinium36839,-0.108874274807095
Symbiodinium36842,0.035740983601017
Symbiodinium36845,0.272171310001369
Symbiodinium36847,-0.41353293608271
Symbiodinium36849,-0.267839291022722
Symbiodinium36853,0.340354417542913
Symbiodinium36855,-0.00632119464908912
Symbiodinium36859,0.303546123546745
Symbiodinium36869,-0.200064700838865
Symbiodinium36872,0.418563765706727
Symbiodinium36874,0.380965025967667
Symbiodinium36875,-0.000535724621717401
Symbiodinium36879,-0.0568176926420864
Symbiodinium36880,0.469281370066222
Symbiodinium36881,-0.145887583075445
Symbiodinium36883,0.0263904125434526
Symbiodinium36886,-0.198304405052623
Symbiodinium36887,0.115443567787235
Symbiodinium36890,0.052444422460951
Symbiodinium36891,0.387796795007617
Symbiodinium36894,-0.0465972792278309
Symbiodinium36899,-0.115799548408935
Symbiodinium36906,0.0656204143378929
Symbiodinium36911,0.562551268567354
Symbiodinium36912,0.187829604478919
Symbiodinium36919,-0.182241382696316
Symbiodinium36921,6.11959477700368e-05
Symbiodinium36927,0.155244158855831
Symbiodinium36933,-0.0702089560632251
Symbiodinium36940,0.0876241297267788
Symbiodinium36941,0.686708313386032
Symbiodinium36946,0.205679369919336
Symbiodinium36947,0.230645736710734
Symbiodinium36948,0.529031800272663
Symbiodinium36953,0.231606247641694
Symbiodinium36955,0.0268057011982149
Symbiodinium36956,0.0500141541510053
Symbiodinium36962,0.0729872714210025
Symbiodinium36964,-0.589054757247283
Symbiodinium36967,0.491637586692967
Symbiodinium36968,-0.0583546660167577
Symbiodinium36980,-0.310356008790003
Symbiodinium36984,0.131204913636201
Symbiodinium36986,-0.549164417098772
Symbiodinium36987,-0.0422337822396291
Symbiodinium36989,-0.18016307413045
Symbiodinium36990,-0.169387134280019
Symbiodinium36992,0.45628966477478
Symbiodinium36994,-0.307786655467263
Symbiodinium36995,0.114691663078796
Symbiodinium37002,0.0218917540804339
Symbiodinium37005,-0.633948871568883
Symbiodinium37006,-0.263231212823144
Symbiodinium37011,0.183803726933229
Symbiodinium37013,0.118673694766165
Symbiodinium37016,0.520333567744595
Symbiodinium37018,0.110158819226328
Symbiodinium37019,0.331740925786976
Symbiodinium37020,0.00702317245440837
Symbiodinium37021,-0.138794145792999
Symbiodinium37023,0.233758048231774
Symbiodinium37024,-0.353128777928021
Symbiodinium37026,0.252208610207086
Symbiodinium37033,-0.0526502112618107
Symbiodinium37037,0.101196266919193
Symbiodinium37041,-0.06599358342804
Symbiodinium37042,0.056547182513865
Symbiodinium37044,-0.327472065572912
Symbiodinium37045,0.301355814201239
Symbiodinium37047,0.10365242876607
Symbiodinium37048,0.106157229652417
Symbiodinium37050,-0.584789448120495
Symbiodinium37059,-0.125914264388075
Symbiodinium37060,0.38637680171022
Symbiodinium37063,0.351355293918092
Symbiodinium37067,-0.112191977164282
Symbiodinium37071,0.456620897178355
Symbiodinium37072,0.20075902985894
Symbiodinium37079,-0.291195412916732
Symbiodinium37085,-0.0173549067741966
Symbiodinium37087,0.10754273648144
Symbiodinium37089,0.0216329330855317
Symbiodinium37090,-0.208078745642912
Symbiodinium37091,0.140246758167586
Symbiodinium37093,0.3927291237809
Symbiodinium37094,0.327920275017455
Symbiodinium37103,0.1141419699036
Symbiodinium37106,0.143028502499802
Symbiodinium37108,0.00631778447671545
Symbiodinium37111,0.100060327672126
Symbiodinium37115,0.457056974880927
Symbiodinium37116,-0.540032846566281
Symbiodinium37122,-0.177058006150614
Symbiodinium37124,-0.0554504134841156
Symbiodinium37125,0.102293177112686
Symbiodinium37132,0.348921757068191
Symbiodinium37135,-0.0245653566554893
Symbiodinium37136,0.277923284817459
Symbiodinium37138,0.0265867271557548
Symbiodinium37145,0.176597302966066
Symbiodinium37155,-0.0779533547691153
Symbiodinium37161,0.224603921492989
Symbiodinium37164,-0.134028140628514
Symbiodinium37166,0.227248139472901
Symbiodinium37172,-0.00292321398701349
Symbiodinium37176,-0.47038418181373
Symbiodinium37177,-0.242422787362479
Symbiodinium37178,-0.01247972377286
Symbiodinium37179,0.115305405821714
Symbiodinium37185,-0.0276032971056043
Symbiodinium3719,-0.0774054704142528
Symbiodinium37190,0.133483159986103
Symbiodinium37192,-0.118689019520303
Symbiodinium37198,0.29527824733728
Symbiodinium37200,-0.0182445924344099
Symbiodinium37204,0.114795904272531
Symbiodinium37205,-0.0339934559636026
Symbiodinium37210,0.133253250376734
Symbiodinium37212,0.153376871701345
Symbiodinium37216,-0.583835657329535
Symbiodinium37217,0.137153782315623
Symbiodinium37226,0.0372409127893694
Symbiodinium37229,0.138996643619578
Symbiodinium37235,0.0982924978713217
Symbiodinium37236,0.0166339011654817
Symbiodinium37238,0.388010018369886
Symbiodinium37240,0.481645009828171
Symbiodinium37242,0.0276871077690496
Symbiodinium37246,0.179756403335642
Symbiodinium37248,0.332633372903986
Symbiodinium37251,0.180920004347968
Symbiodinium37253,0.113210983459759
Symbiodinium37255,0.228611416032439
Symbiodinium37256,-0.504613745784901
Symbiodinium37258,0.360279082759083
Symbiodinium37267,-0.222862478693901
Symbiodinium37269,-0.263733535620916
Symbiodinium37272,0.150051458572844
Symbiodinium37274,-0.301105824890116
Symbiodinium37276,-0.0783004282068952
Symbiodinium37281,0.124115571582351
Symbiodinium37283,-0.0843028740478226
Symbiodinium37285,0.0883314441204366
Symbiodinium37291,0.410420557818372
Symbiodinium37293,-0.0357523518793625
Symbiodinium37297,0.276826316550106
Symbiodinium37304,-0.158025684489972
Symbiodinium37308,-0.00133452123267101
Symbiodinium37309,-0.188246091608678
Symbiodinium37316,0.273240732994418
Symbiodinium37324,0.393974459300199
Symbiodinium37325,-0.206649652161502
Symbiodinium37331,0.0143476513295097
Symbiodinium37344,-0.110985243203384
Symbiodinium37350,-0.131790868669738
Symbiodinium37351,0.141282444887919
Symbiodinium37353,0.174495279099143
Symbiodinium37356,0.393434243962548
Symbiodinium37357,-0.0793637075614705
Symbiodinium37362,0.00656857453802414
Symbiodinium37364,0.0534025998068218
Symbiodinium37370,-0.461743744097474
Symbiodinium37373,-0.0701726355491568
Symbiodinium37376,-0.240147465999993
Symbiodinium37377,0.101834627472309
Symbiodinium37379,0.276801050874923
Symbiodinium37381,0.274014192653417
Symbiodinium37387,0.236813608637606
Symbiodinium37393,-0.785541787080901
Symbiodinium37394,0.26225688674605
Symbiodinium37403,0.332881506824437
Symbiodinium37404,0.193937136294188
Symbiodinium37410,-0.404983987628008
Symbiodinium37414,-0.152433250020806
Symbiodinium37418,-0.359783991596536
Symbiodinium37425,0.0606842913271888
Symbiodinium37426,0.431890957905799
Symbiodinium37428,-0.537356821509758
Symbiodinium37430,-0.132084046392255
Symbiodinium37435,-0.0434608103998657
Symbiodinium37438,0.152569195094244
Symbiodinium37440,-0.132554016294025
Symbiodinium37441,-0.0255946470732052
Symbiodinium37443,0.171059609544607
Symbiodinium37444,-0.232345774312774
Symbiodinium37450,0.210694639982986
Symbiodinium37453,-0.146466988809168
Symbiodinium37454,-0.0932192693903604
Symbiodinium37455,0.162238654990501
Symbiodinium37465,-0.199425014474887
Symbiodinium37469,0.456101271606376
Symbiodinium37471,-0.338527674023595
Symbiodinium37472,0.165395609570713
Symbiodinium37473,-0.313504694202682
Symbiodinium37475,-0.192609927073033
Symbiodinium37481,0.172212032111332
Symbiodinium37487,-0.321375544790313
Symbiodinium37488,-0.07658053276349
Symbiodinium37489,-0.169626722643884
Symbiodinium37490,-0.24372579985263
Symbiodinium37491,0.134696982283221
Symbiodinium37492,-0.103931887300194
Symbiodinium37495,0.054584836620247
Symbiodinium37498,-0.876103984707789
Symbiodinium37500,-0.289135312646688
Symbiodinium37504,-0.164543828125235
Symbiodinium37505,0.0709806133843548
Symbiodinium37513,-0.271518557784977
Symbiodinium37515,-0.133037554717118
Symbiodinium37517,-0.0459227155099921
Symbiodinium37521,0.134283603102052
Symbiodinium37523,0.0825470467344365
Symbiodinium37528,0.17294253618612
Symbiodinium37536,0.260867683167124
Symbiodinium37537,0.0878460631503245
Symbiodinium37538,-0.0914485785348069
Symbiodinium37549,0.108011125701566
Symbiodinium37550,-0.371748596757702
Symbiodinium37551,0.209555975300629
Symbiodinium37552,0.142192034581839
Symbiodinium37554,-0.340177009104731
Symbiodinium37556,-0.382744773090051
Symbiodinium37557,-0.0644765253226356
Symbiodinium37565,0.539557773451393
Symbiodinium37569,0.397419911202644
Symbiodinium37573,0.329529745663582
Symbiodinium37578,0.0600281407398989
Symbiodinium37579,0.318505006239683
Symbiodinium37588,0.425122038279698
Symbiodinium37597,0.336600536285793
Symbiodinium37599,-0.0852571202395561
Symbiodinium37600,0.171883846836644
Symbiodinium37607,-0.301745216416105
Symbiodinium37609,-0.113697458620961
Symbiodinium37615,-0.358201662108621
Symbiodinium37621,0.0842851297817882
Symbiodinium37622,0.122460309307246
Symbiodinium37625,0.449838612595167
Symbiodinium37629,0.115381401431263
Symbiodinium37630,-0.27550313472375
Symbiodinium37633,0.134333097181272
Symbiodinium37642,0.0405685811300311
Symbiodinium37647,-0.30331528932176
Symbiodinium37648,-0.149192989138166
Symbiodinium37651,0.26173519901043
Symbiodinium37655,0.00445856144967539
Symbiodinium37656,0.133691648828235
Symbiodinium37660,0.0333596515022825
Symbiodinium37665,0.267750160771402
Symbiodinium37667,0.277456031476014
Symbiodinium37673,0.0565894852890176
Symbiodinium37678,-0.123750753030387
Symbiodinium3768,0.517940695786481
Symbiodinium37680,-0.199098364098661
Symbiodinium37681,0.0246203892506193
Symbiodinium37687,0.0669533305817338
Symbiodinium37690,0.417312731502931
Symbiodinium37691,0.0600331556047171
Symbiodinium37693,0.194046628193667
Symbiodinium37699,-0.18304181671204
Symbiodinium37700,-0.000165907781989055
Symbiodinium37701,-0.108461969003212
Symbiodinium37702,-0.0638734211338978
Symbiodinium37704,0.332741267218887
Symbiodinium37713,0.0833061674726576
Symbiodinium37718,0.559168116862289
Symbiodinium37721,-0.393575214630054
Symbiodinium37723,-0.157755644311545
Symbiodinium37725,0.141663650833395
Symbiodinium37729,-0.183068278494347
Symbiodinium37736,0.00176613120188693
Symbiodinium37738,-0.459129906216438
Symbiodinium37740,-0.709371353704571
Symbiodinium37742,0.113527658685588
Symbiodinium37747,0.0620110541510708
Symbiodinium37749,-0.190308828352953
Symbiodinium37750,-0.0994904332587895
Symbiodinium37751,-0.080734371250307
Symbiodinium37758,-0.392510523111399
Symbiodinium37766,0.0954408593470386
Symbiodinium37778,0.14787147780438
Symbiodinium37785,0.0913565857362881
Symbiodinium37790,-0.275419505209038
Symbiodinium37791,0.517927089146299
Symbiodinium37796,-0.0178398491748875
Symbiodinium37807,-0.107978757003668
Symbiodinium37808,0.130645439158324
Symbiodinium37812,0.170145633178844
Symbiodinium37813,-0.0687229969569107
Symbiodinium37814,-0.0727374886727764
Symbiodinium37815,0.294739902864943
Symbiodinium37829,-0.876712680261588
Symbiodinium37830,-0.0922056047975197
Symbiodinium37832,-0.137698360815684
Symbiodinium37834,0.0780147037225687
Symbiodinium37844,0.00284424436146496
Symbiodinium37847,-0.0965622482203257
Symbiodinium37849,0.270845279654234
Symbiodinium37855,-0.0247887770276916
Symbiodinium37861,0.0991711217741837
Symbiodinium37867,-0.0896487978532786
Symbiodinium37872,-0.170475084442677
Symbiodinium37874,0.0609628375966502
Symbiodinium37875,-0.182239979166985
Symbiodinium37885,-0.219006842159489
Symbiodinium37889,0.176001995564234
Symbiodinium37895,-0.184633204395757
Symbiodinium37897,-0.22016636110096
Symbiodinium37902,-0.289970332211889
Symbiodinium37906,0.040424693040211
Symbiodinium37911,-0.0599230163612878
Symbiodinium37914,-0.072305011913471
Symbiodinium37918,0.186803740024091
Symbiodinium37922,0.132914658643251
Symbiodinium37924,-0.0623522287206001
Symbiodinium37927,0.331976998534326
Symbiodinium37929,-0.67793929351454
Symbiodinium37930,0.0443953685591926
Symbiodinium37932,0.14300792409241
Symbiodinium37938,-0.0190616817256014
Symbiodinium37945,0.665407355422402
Symbiodinium37950,0.161532014162173
Symbiodinium37956,-0.254480265803851
Symbiodinium37958,0.0367473650901934
Symbiodinium37959,0.331864091846983
Symbiodinium37961,0.607215252940026
Symbiodinium37962,0.304056058588149
Symbiodinium37972,0.14790301538988
Symbiodinium37974,-0.197629853103009
Symbiodinium37975,0.106648061316085
Symbiodinium37985,0.16797292573183
Symbiodinium37987,-0.0101851670371665
Symbiodinium37988,0.443053542922386
Symbiodinium37991,0.418677952514426
Symbiodinium37992,-0.0235865548982138
Symbiodinium37993,0.000869733284880898
Symbiodinium37999,0.089351106173272
Symbiodinium38002,-0.0922393049191595
Symbiodinium38004,-0.388811458348727
Symbiodinium38006,-0.0110332752271863
Symbiodinium38008,-0.708678867108261
Symbiodinium38016,-0.231227389057869
Symbiodinium38028,0.11036230681799
Symbiodinium38029,-0.155086753188403
Symbiodinium38030,-0.189837621810647
Symbiodinium38031,0.178614645266945
Symbiodinium38036,0.313478411585284
Symbiodinium38038,0.0672824518017297
Symbiodinium38045,0.0986067814528485
Symbiodinium38048,0.312687249858863
Symbiodinium38051,-0.0826926747555496
Symbiodinium38064,0.292470560703983
Symbiodinium38065,-0.398726241685228
Symbiodinium38067,0.246045332503889
Symbiodinium38068,0.196090605784761
Symbiodinium38069,0.013328521170331
Symbiodinium38070,-0.702638528728152
Symbiodinium38071,0.390645664647511
Symbiodinium38076,-0.0650442522188071
Symbiodinium38078,-0.30072044770747
Symbiodinium38082,0.367858818328323
Symbiodinium38084,0.403306286305513
Symbiodinium38086,0.179020426918738
Symbiodinium38087,-0.335062508388121
Symbiodinium38088,0.632483456340698
Symbiodinium38089,-0.597894787342779
Symbiodinium38093,0.238286820438017
Symbiodinium38101,-0.484246151279396
Symbiodinium38103,-0.0369467464255594
Symbiodinium38106,-0.206058329937759
Symbiodinium38108,-0.0259553380602027
Symbiodinium38110,0.6644103112128
Symbiodinium38111,-0.364726654108533
Symbiodinium38113,-0.218725632359772
Symbiodinium38116,0.0836780482390229
Symbiodinium38119,0.0359484054833245
Symbiodinium38121,-0.174329720360887
Symbiodinium38122,-0.107906446481211
Symbiodinium38135,-0.207679015663522
Symbiodinium38142,0.0188536778259633
Symbiodinium38143,-0.145479402087402
Symbiodinium38145,0.247161280506651
Symbiodinium38146,0.067108772125999
Symbiodinium38152,0.194654334640689
Symbiodinium38153,0.126667862802374
Symbiodinium38158,0.152315636349138
Symbiodinium38167,-0.0843357764093805
Symbiodinium38172,-0.0947936571843862
Symbiodinium38178,0.202015084839657
Symbiodinium38182,-0.215468812640033
Symbiodinium38183,0.192368185606124
Symbiodinium38192,0.0315415888945487
Symbiodinium38195,0.158084996715232
Symbiodinium38205,-0.199625844218547
Symbiodinium38207,0.0309998777950445
Symbiodinium38209,0.0998344555961292
Symbiodinium38212,0.081292027230538
Symbiodinium38222,0.034276902689512
Symbiodinium38223,0.135177910879098
Symbiodinium38225,-0.318108843334319
Symbiodinium38227,-0.0750389902496974
Symbiodinium38230,-0.144051718318995
Symbiodinium38239,-0.220974147835513
Symbiodinium38244,0.189359257790705
Symbiodinium38247,0.0285267035236343
Symbiodinium38256,0.57979894777403
Symbiodinium38257,0.105847939499356
Symbiodinium38258,-0.104184435719684
Symbiodinium38264,0.180056628953158
Symbiodinium38271,-0.0330038857840046
Symbiodinium38272,0.149568489969374
Symbiodinium38274,0.162510948623917
Symbiodinium38279,0.133864762161189
Symbiodinium38282,-0.37940519247072
Symbiodinium38283,0.0780360412589025
Symbiodinium38287,-0.039949886048481
Symbiodinium38288,0.0426367945049864
Symbiodinium38289,-0.0555078373682031
Symbiodinium38292,0.148057158052992
Symbiodinium38296,0.0253895252992735
Symbiodinium38297,-0.0190413821995979
Symbiodinium38298,0.161614815672918
Symbiodinium38300,0.244653555058582
Symbiodinium38307,-0.040810448961285
Symbiodinium38311,0.059548360568734
Symbiodinium38314,-0.280776513685367
Symbiodinium38318,0.137631645260245
Symbiodinium38322,-0.388004157436978
Symbiodinium38325,-0.134011294777694
Symbiodinium38328,-0.142382925189282
Symbiodinium38335,-0.232044204811265
Symbiodinium38336,-0.183647467267141
Symbiodinium38339,-0.146208550292386
Symbiodinium38347,-0.0881959405777442
Symbiodinium38351,0.187148436257269
Symbiodinium38353,-0.00998645708707597
Symbiodinium38356,-0.265460280608723
Symbiodinium38365,0.1356406640281
Symbiodinium38366,-0.173496905673794
Symbiodinium38374,0.128766820889256
Symbiodinium38380,0.254930047970433
Symbiodinium38386,-0.0668700348896573
Symbiodinium38387,-0.117704055901202
Symbiodinium38390,0.13567688130821
Symbiodinium38394,-0.340690219988283
Symbiodinium38395,-0.363360594776893
Symbiodinium38396,-0.11047843738216
Symbiodinium38400,0.15212600055693
Symbiodinium38401,0.194686716040331
Symbiodinium38404,-0.19972733583067
Symbiodinium38407,-0.0777569884135876
Symbiodinium38408,-0.111256098977797
Symbiodinium38411,0.161359617492617
Symbiodinium38415,0.231119641586517
Symbiodinium38418,-0.667730059247211
Symbiodinium38419,0.0548685929616761
Symbiodinium38427,0.162189925461478
Symbiodinium38428,-0.0146085728335372
Symbiodinium38429,0.257076074445619
Symbiodinium38431,-0.290175467005876
Symbiodinium38435,-0.11335099116931
Symbiodinium38436,-0.258426257955756
Symbiodinium38437,-0.0263969986254409
Symbiodinium38438,0.256896127992146
Symbiodinium38443,0.0238889794015095
Symbiodinium38446,0.0803559535189074
Symbiodinium38451,-0.223017845756987
Symbiodinium38464,-0.244210780781911
Symbiodinium38468,0.334442397085143
Symbiodinium38471,-0.155665666661904
Symbiodinium38472,0.0175003536978468
Symbiodinium38473,-0.0569333396491426
Symbiodinium38479,0.00140371332538048
Symbiodinium38484,0.226721912405295
Symbiodinium38485,-0.128008823215573
Symbiodinium38487,0.306220393508539
Symbiodinium38489,0.54694615886264
Symbiodinium38491,0.431595571031567
Symbiodinium38493,-0.315488250613218
Symbiodinium38494,0.224553965519025
Symbiodinium38495,0.234943310601629
Symbiodinium38498,0.0556340682387136
Symbiodinium38499,-0.151406533089616
Symbiodinium38501,-0.10676555743666
Symbiodinium38507,-0.0987389334738213
Symbiodinium38512,0.379476453602847
Symbiodinium38513,-0.174567894344922
Symbiodinium38520,0.1932535613968
Symbiodinium38526,0.183902473446893
Symbiodinium38527,0.00881899236725374
Symbiodinium38529,-0.18376820725647
Symbiodinium38533,0.143694111542701
Symbiodinium38534,0.280965376686967
Symbiodinium38537,0.0537147998539482
Symbiodinium38538,-0.0217586490895239
Symbiodinium38539,0.440913009586451
Symbiodinium38541,-0.457965024918219
Symbiodinium38548,0.0950761188426665
Symbiodinium38556,0.287832670523854
Symbiodinium38558,0.109647305544126
Symbiodinium38560,0.011200039662831
Symbiodinium38564,0.289707957870766
Symbiodinium38567,-0.153533682336017
Symbiodinium38569,0.293757571231463
Symbiodinium38573,0.0122909427882858
Symbiodinium38579,-0.423880050428361
Symbiodinium38581,0.605303715366896
Symbiodinium38583,0.180900244066693
Symbiodinium38586,0.425486567931221
Symbiodinium38588,-0.00337747225769546
Symbiodinium38589,-0.20987808585283
Symbiodinium38590,0.0121751669175221
Symbiodinium38594,-0.120616564973779
Symbiodinium38596,-0.466274458753021
Symbiodinium38597,0.163021521052684
Symbiodinium38600,-0.0731423280747978
Symbiodinium38602,0.0798010454678503
Symbiodinium38604,-0.0770452619525127
Symbiodinium38610,0.134237317411683
Symbiodinium38618,-0.0137600648850781
Symbiodinium38626,0.218295200228792
Symbiodinium38632,0.54579979249091
Symbiodinium38633,0.55059864251293
Symbiodinium38642,-0.120148497738375
Symbiodinium38645,0.00714490468277806
Symbiodinium38646,0.1326169451014
Symbiodinium38652,0.0970875390947528
Symbiodinium38656,0.161788614196965
Symbiodinium38659,-0.147745282038452
Symbiodinium38662,0.0217154574137975
Symbiodinium38666,-0.0098197213545045
Symbiodinium38670,-0.574735091073784
Symbiodinium38673,-0.143860410772244
Symbiodinium38678,0.23359279950068
Symbiodinium38679,-0.306084206917023
Symbiodinium38681,-0.0647781133523459
Symbiodinium38688,0.0646676866237665
Symbiodinium38694,-0.191517252531653
Symbiodinium38696,0.589478766195275
Symbiodinium38698,0.110207875002242
Symbiodinium38701,0.37188667806601
Symbiodinium38703,0.145967355612235
Symbiodinium38708,-0.197856497292938
Symbiodinium38710,-0.0145935657989839
Symbiodinium38722,0.170894126015954
Symbiodinium38735,0.398035716659715
Symbiodinium38738,0.346540876847892
Symbiodinium38740,-0.255810687277173
Symbiodinium38741,0.405582295537535
Symbiodinium38742,0.183159415707227
Symbiodinium38750,-0.0551197805895113
Symbiodinium38755,-0.313538766144388
Symbiodinium38760,-0.162064192085537
Symbiodinium38764,-0.0394844912252756
Symbiodinium38767,-0.253646749183192
Symbiodinium38768,0.197132306351165
Symbiodinium38769,-0.240098647186579
Symbiodinium38771,0.707714216188681
Symbiodinium38777,0.289276801982481
Symbiodinium38785,0.411428674642244
Symbiodinium38787,0.0531683719030813
Symbiodinium38788,0.102416759365046
Symbiodinium38791,0.255267020559684
Symbiodinium38793,0.32310840255489
Symbiodinium38799,0.109811477671111
Symbiodinium38801,0.0791109798583336
Symbiodinium38803,-0.328581749348427
Symbiodinium38805,-0.261739533792162
Symbiodinium38807,0.298353572140807
Symbiodinium38808,-0.0524597110685635
Symbiodinium38811,-0.217164091787113
Symbiodinium38812,-0.00234838389211358
Symbiodinium38818,0.100383589797289
Symbiodinium38826,-0.299221514576685
Symbiodinium38828,0.108500159159086
Symbiodinium38831,0.305804372027018
Symbiodinium38832,0.144124854116244
Symbiodinium38837,0.576087269683629
Symbiodinium38838,0.0554092075608268
Symbiodinium38839,-0.170290976565116
Symbiodinium38845,-0.197305603703906
Symbiodinium38853,-0.102783671420317
Symbiodinium38857,0.603411790178752
Symbiodinium38858,-0.122727325407692
Symbiodinium38859,0.310396380352232
Symbiodinium38869,-0.467545519884683
Symbiodinium38872,0.311696426004364
Symbiodinium38880,-0.0283633579805691
Symbiodinium38881,0.543511725047512
Symbiodinium38885,0.291466402082954
Symbiodinium38892,-0.0663888035453706
Symbiodinium38894,0.645100169249162
Symbiodinium38895,-0.313080564700136
Symbiodinium38896,0.566171095191438
Symbiodinium38899,0.188307375338235
Symbiodinium38902,0.085080944213131
Symbiodinium38903,0.0260346849619304
Symbiodinium38904,0.160381891323381
Symbiodinium38905,-0.0129153027706361
Symbiodinium38907,0.0701923987940688
Symbiodinium38908,0.241282404636655
Symbiodinium38916,-0.436085716567164
Symbiodinium38923,0.0176261691679365
Symbiodinium38926,0.339694330695211
Symbiodinium38928,0.00673587341552474
Symbiodinium38929,0.0805987665866361
Symbiodinium38931,0.399316734936013
Symbiodinium38937,0.0427528594083037
Symbiodinium38941,-0.153284162666144
Symbiodinium38943,0.657113499522717
Symbiodinium38947,-0.404261403964867
Symbiodinium38949,-0.0523108877481301
Symbiodinium38951,-0.154847682000754
Symbiodinium38953,-0.0149749004710267
Symbiodinium38957,0.014834108566461
Symbiodinium38972,0.138945621545383
Symbiodinium38978,-0.220754401841648
Symbiodinium38982,0.00351597178353455
Symbiodinium38984,-0.417633496924384
Symbiodinium38986,-0.0196867707295974
Symbiodinium38994,0.274588765225083
Symbiodinium38995,-0.358651426200638
Symbiodinium39001,0.206113603681608
Symbiodinium39005,0.210048197445773
Symbiodinium39013,-0.130461262753355
Symbiodinium39018,-0.486917654317767
Symbiodinium39020,0.3869800230438
Symbiodinium39022,-0.0495217220768303
Symbiodinium39023,-0.00156351091808667
Symbiodinium39024,0.176391462605404
Symbiodinium39027,-0.023971766687447
Symbiodinium39030,-0.10118147800554
Symbiodinium39035,0.0930718439339594
Symbiodinium39036,0.390672692783858
Symbiodinium39038,-0.0542811182847413
Symbiodinium39045,0.166418933182942
Symbiodinium39046,-0.221745116536577
Symbiodinium39050,-0.291612414653213
Symbiodinium39052,0.262839915167552
Symbiodinium39056,-0.145969074176505
Symbiodinium39058,0.262173317027942
Symbiodinium39059,0.221874213019982
Symbiodinium39062,-0.062935931047284
Symbiodinium39063,-0.0272295979227428
Symbiodinium39065,-0.0279486179553283
Symbiodinium39067,-0.061115698560905
Symbiodinium39072,-0.0417999194171681
Symbiodinium39074,-0.190762341392326
Symbiodinium39075,-0.109045389646268
Symbiodinium39076,-0.0961816332341425
Symbiodinium39078,-0.469341327228885
Symbiodinium39083,-0.491126739034809
Symbiodinium39088,-0.167713030203128
Symbiodinium39090,-0.664378194034854
Symbiodinium39092,-0.56224705975992
Symbiodinium39097,0.679164999787289
Symbiodinium39102,-0.071232873596666
Symbiodinium39104,0.402209842187885
Symbiodinium39107,0.431076057627891
Symbiodinium39122,0.317762180757254
Symbiodinium39124,0.210122880143506
Symbiodinium39127,-0.310282178480301
Symbiodinium39128,-0.224155205983188
Symbiodinium39134,0.606101857278007
Symbiodinium39135,-0.0468677417229072
Symbiodinium39138,0.0899480370896705
Symbiodinium39140,0.366733324482221
Symbiodinium39147,0.0861500032399177
Symbiodinium39149,0.234119267585372
Symbiodinium39151,0.125183419544425
Symbiodinium39152,-0.0340465898714532
Symbiodinium39154,0.381918996781473
Symbiodinium39155,-0.308703153480679
Symbiodinium39157,-0.408554631040639
Symbiodinium39161,0.131937029588212
Symbiodinium39163,-0.660167149700844
Symbiodinium39165,-0.585784446983522
Symbiodinium39168,-0.310305610415624
Symbiodinium39170,0.606960093754726
Symbiodinium39178,-0.0990360997569882
Symbiodinium39179,0.100965437871929
Symbiodinium39180,-0.0479853336643814
Symbiodinium39181,0.235167965958286
Symbiodinium39182,-0.25311962279803
Symbiodinium39183,0.0212979349397211
Symbiodinium39188,-0.112869938539394
Symbiodinium39191,0.738143469868228
Symbiodinium39195,0.732908702717443
Symbiodinium39198,0.0979608502306551
Symbiodinium39201,-0.00134080642731002
Symbiodinium39202,0.0741611914749676
Symbiodinium39214,0.420240501563741
Symbiodinium39216,-0.532994720638056
Symbiodinium39220,0.0425904303675873
Symbiodinium39221,-0.210878007869817
Symbiodinium39223,-0.412952792328738
Symbiodinium39232,0.615665342653216
Symbiodinium39234,-0.219814730649624
Symbiodinium39237,-0.120812125546951
Symbiodinium39238,-0.187178619593942
Symbiodinium39239,-0.218882283701882
Symbiodinium39240,0.372729692974811
Symbiodinium39243,-0.173909589947138
Symbiodinium39244,-0.0645660459812668
Symbiodinium39245,0.412258217906555
Symbiodinium39246,-0.232135955990279
Symbiodinium39247,-0.00842039110404067
Symbiodinium39248,0.136662491655181
Symbiodinium39253,-0.0346427796367741
Symbiodinium39261,0.004186028175263
Symbiodinium39264,0.41197507793171
Symbiodinium39271,-0.414572622749018
Symbiodinium39274,0.206221639831747
Symbiodinium39275,-0.0720150088358134
Symbiodinium39279,0.607904722750622
Symbiodinium39280,-0.136880092396683
Symbiodinium39282,0.126835467543795
Symbiodinium39291,0.160573337671105
Symbiodinium39295,0.379591930781985
Symbiodinium39297,0.0106984931070896
Symbiodinium39299,0.452956832916278
Symbiodinium39301,0.184757702652433
Symbiodinium39309,0.517942967618355
Symbiodinium39313,-0.0677062955637651
Symbiodinium39318,0.200049785801303
Symbiodinium39321,0.0635569073872376
Symbiodinium39329,0.319985412854816
Symbiodinium39333,0.242777842425351
Symbiodinium39340,0.0483076327216816
Symbiodinium39341,0.11238963947812
Symbiodinium39342,-0.465621686087507
Symbiodinium39346,-0.241462841645961
Symbiodinium39347,-0.292624595285041
Symbiodinium39351,-0.310937764213071
Symbiodinium39356,-0.0279055837041046
Symbiodinium39375,0.012583724372254
Symbiodinium39376,-0.0755113382007808
Symbiodinium39378,-0.144408058790531
Symbiodinium39379,0.103731589491968
Symbiodinium39381,-0.46895455779209
Symbiodinium39384,-0.375307572699235
Symbiodinium39389,0.0755203913037015
Symbiodinium39398,-0.135044180392562
Symbiodinium39401,0.312949648101012
Symbiodinium39405,0.313299512988989
Symbiodinium39409,0.203199167610691
Symbiodinium39410,0.00514717658319379
Symbiodinium39411,-0.00402655653962519
Symbiodinium39417,-0.11614221742104
Symbiodinium39428,-0.209080592405194
Symbiodinium39436,-0.605835254100147
Symbiodinium39438,-0.146434539053811
Symbiodinium39441,0.0598173504827179
Symbiodinium39448,0.0400256024952876
Symbiodinium39449,-0.576548606446442
Symbiodinium39452,-0.145364796145552
Symbiodinium39456,0.241535210225552
Symbiodinium39458,-0.137224544375108
Symbiodinium39459,-0.0973724183673871
Symbiodinium39462,-0.237592030531237
Symbiodinium39464,0.458806938251793
Symbiodinium39465,-0.210738053615172
Symbiodinium3947,1.2762119697804
Symbiodinium39470,-0.0387277997036507
Symbiodinium39471,0.557143586732782
Symbiodinium39472,0.0145468622507881
Symbiodinium39475,-0.498894091004944
Symbiodinium39476,-0.166956327631412
Symbiodinium39478,0.499400365509557
Symbiodinium39480,0.0319657173094029
Symbiodinium39485,-0.0825694808306609
Symbiodinium39491,-0.238033648430612
Symbiodinium39496,0.344250989973755
Symbiodinium39500,0.336770408464927
Symbiodinium39509,-0.478499577222345
Symbiodinium39512,-0.111233100955406
Symbiodinium39518,-0.473440130009758
Symbiodinium39520,-0.0930513490457898
Symbiodinium39532,-0.07027703046788
Symbiodinium39535,0.23579745976993
Symbiodinium39542,-0.0658014787518951
Symbiodinium39543,-0.337094280282657
Symbiodinium39547,0.656631538280464
Symbiodinium39555,0.0858465278527238
Symbiodinium39561,-0.0140681774650711
Symbiodinium39562,0.20670846138966
Symbiodinium39564,-0.352058563557675
Symbiodinium39581,0.391659949062587
Symbiodinium39584,0.0793056560520315
Symbiodinium39588,0.424683396742172
Symbiodinium39589,0.0434399125013594
Symbiodinium39592,-0.226688061206331
Symbiodinium39593,0.213141745419774
Symbiodinium39596,-0.257273378266461
Symbiodinium39598,-0.176410304640958
Symbiodinium39609,0.0648315666324056
Symbiodinium39612,0.115114144469205
Symbiodinium39613,0.048493400155953
Symbiodinium39615,-0.344810390024595
Symbiodinium39622,-0.565128606057696
Symbiodinium39623,0.119257936913711
Symbiodinium39627,-0.15907524857934
Symbiodinium39628,-0.0538641652962998
Symbiodinium39633,-0.0520999156536072
Symbiodinium39634,0.425497330464839
Symbiodinium39635,-0.0761775740851729
Symbiodinium39646,-0.0947861722973394
Symbiodinium39650,0.153506310789354
Symbiodinium39656,0.333803880113529
Symbiodinium39663,-0.419271363114625
Symbiodinium39664,-0.00384653905137092
Symbiodinium39672,0.0892686959841089
Symbiodinium39673,0.373040577987548
Symbiodinium39682,0.566064801456659
Symbiodinium39688,0.209956421813817
Symbiodinium39690,-0.613209852152166
Symbiodinium39693,-0.558783194994571
Symbiodinium39695,0.315293191438772
Symbiodinium39698,0.222338754803444
Symbiodinium39699,0.186140100922519
Symbiodinium39700,-0.185589928239958
Symbiodinium39704,-0.0101534417114458
Symbiodinium39709,-0.551718022289197
Symbiodinium39712,0.100838578725928
Symbiodinium39713,-0.662626853424205
Symbiodinium39717,0.19611562819113
Symbiodinium39718,0.452648566939759
Symbiodinium39719,0.0452201386269143
Symbiodinium39721,-0.144363061975523
Symbiodinium39722,-0.340028027584502
Symbiodinium39724,-0.45575327642078
Symbiodinium39726,0.0158177366711701
Symbiodinium39727,-0.270276112060093
Symbiodinium39728,-0.853769886326543
Symbiodinium39730,-0.169826328770321
Symbiodinium39736,-1.16345733174171
Symbiodinium39737,-0.109992934241998
Symbiodinium39738,-0.032451669545745
Symbiodinium39740,-0.21485569445576
Symbiodinium39743,0.234452167464814
Symbiodinium39745,0.53620177911313
Symbiodinium39746,-0.152596433007378
Symbiodinium39755,-0.35729387033328
Symbiodinium39758,0.0138371675403447
Symbiodinium39760,-0.0757672820428595
Symbiodinium39761,0.207674452930542
Symbiodinium39764,-0.0817636076876637
Symbiodinium39766,0.179249163295553
Symbiodinium39769,-0.0437322005153723
Symbiodinium39770,0.112694596352406
Symbiodinium39774,-0.749054658353128
Symbiodinium39782,0.115157943844028
Symbiodinium39783,0.114397719716992
Symbiodinium39788,-0.153933161912727
Symbiodinium39789,-0.172197201994005
Symbiodinium39791,-0.630570653222071
Symbiodinium39792,0.144899824886903
Symbiodinium39798,-0.229881368723201
Symbiodinium39806,0.0743139813000077
Symbiodinium39807,-0.0980963012341393
Symbiodinium39808,0.23004864936919
Symbiodinium39818,-0.0108379464462844
Symbiodinium39823,-0.21894898201838
Symbiodinium39828,0.0679327240195333
Symbiodinium39831,-0.16730926350896
Symbiodinium39834,-0.178278633823358
Symbiodinium39840,-0.225575369114741
Symbiodinium39841,-0.601993581506965
Symbiodinium39845,-0.213466976406686
Symbiodinium39846,0.248680354653553
Symbiodinium39849,0.582802541522094
Symbiodinium39856,0.0453932265107224
Symbiodinium39860,-0.0786833321326497
Symbiodinium39870,-0.0801094534738671
Symbiodinium39875,0.372130218253707
Symbiodinium39879,0.161741009322429
Symbiodinium39881,-0.00146191089231188
Symbiodinium39884,0.120389347227738
Symbiodinium39885,0.0845525682198009
Symbiodinium39887,-0.252816862222359
Symbiodinium39891,0.279370543614492
Symbiodinium39894,0.00464341725395399
Symbiodinium39897,0.567856890508765
Symbiodinium39899,-0.0447129187162407
Symbiodinium39902,-0.251980572829787
Symbiodinium39909,-0.456067689685688
Symbiodinium39910,-0.368008947881376
Symbiodinium39914,-0.0535582355923313
Symbiodinium39915,0.355818261627897
Symbiodinium39917,-0.354157961427752
Symbiodinium39924,0.0779907294213945
Symbiodinium39927,-0.184845518031514
Symbiodinium39930,-0.121307982462688
Symbiodinium39933,-0.140255117855371
Symbiodinium39943,-0.210476903218561
Symbiodinium39950,-0.0748872447548479
Symbiodinium39951,0.258912881983911
Symbiodinium39954,0.206810852645805
Symbiodinium39955,0.135907034639644
Symbiodinium39958,0.278170320392388
Symbiodinium39959,-0.0382840998400758
Symbiodinium39963,-0.232620748323066
Symbiodinium39964,-0.326843273263648
Symbiodinium39965,-0.0288693738347574
Symbiodinium39970,0.145169089494087
Symbiodinium39973,0.263801865105191
Symbiodinium39974,0.419009022750138
Symbiodinium39975,-0.116532418548658
Symbiodinium39978,0.232791457904213
Symbiodinium39993,-0.216874687946002
Symbiodinium39994,-0.20983939373397
Symbiodinium39996,0.263391015959088
Symbiodinium39997,-0.378706061090339
Symbiodinium39999,0.445361433016191
Symbiodinium40001,0.0500704881330825
Symbiodinium40003,-0.310632841023764
Symbiodinium40005,-0.205850459854652
Symbiodinium40006,-0.183655200548234
Symbiodinium40008,-0.148205757051647
Symbiodinium40013,0.23983505370806
Symbiodinium40018,0.0888811281601154
Symbiodinium40031,0.0736349851280335
Symbiodinium40033,0.405479564787756
Symbiodinium40037,0.0791056163306027
Symbiodinium40043,0.17192473781624
Symbiodinium40047,0.210285931165258
Symbiodinium40050,-0.225325355443245
Symbiodinium40052,0.0806892114445424
Symbiodinium40053,-0.546285431972812
Symbiodinium40056,-0.149821995656291
Symbiodinium40057,0.175958917657489
Symbiodinium40060,0.332988289143885
Symbiodinium40062,0.361181520815075
Symbiodinium40063,-0.174557969944751
Symbiodinium40065,-0.243155087693905
Symbiodinium40067,0.152806698623252
Symbiodinium40070,0.282157609190888
Symbiodinium40074,0.564853412209914
Symbiodinium40078,0.101131224842443
Symbiodinium40082,0.0311011818564387
Symbiodinium40084,-0.113570744360613
Symbiodinium40090,-0.0842148685088012
Symbiodinium40093,-0.0514511653208377
Symbiodinium40095,0.437614352458521
Symbiodinium40096,0.064623876783729
Symbiodinium40097,0.151373090089549
Symbiodinium40099,-0.0690368265010599
Symbiodinium40105,0.0411934016220091
Symbiodinium40106,-0.182907815908454
Symbiodinium40108,0.240392033797563
Symbiodinium40110,-0.449286597307183
Symbiodinium40113,0.176397046239046
Symbiodinium40115,-0.171595108534482
Symbiodinium40116,0.100987432991507
Symbiodinium40119,-0.724900888412287
Symbiodinium40128,0.171306077104027
Symbiodinium40132,-0.0645830820696404
Symbiodinium40140,0.175119092718923
Symbiodinium40143,-0.219014384686463
Symbiodinium40145,-0.121943631641658
Symbiodinium40146,-0.163376048953514
Symbiodinium40149,0.103488849950263
Symbiodinium40152,0.116777042936732
Symbiodinium40153,0.113267812288666
Symbiodinium40155,-0.239317807213422
Symbiodinium40159,-0.252897081470434
Symbiodinium40163,0.198298098116093
Symbiodinium40165,0.0594488797213904
Symbiodinium40167,-0.194717722268993
Symbiodinium40169,0.143676653997361
Symbiodinium40172,-0.148760703801759
Symbiodinium40178,-0.259699904950941
Symbiodinium40185,0.407647263228833
Symbiodinium40187,-0.192662893645574
Symbiodinium40194,-0.176793076880984
Symbiodinium40200,0.130839438381828
Symbiodinium40201,0.134837219866558
Symbiodinium40205,-0.0197095603602167
Symbiodinium40210,0.195188517005426
Symbiodinium40211,0.296943235956767
Symbiodinium40219,-0.0423512624885279
Symbiodinium40225,-0.645566887628478
Symbiodinium40231,0.387476449684388
Symbiodinium40234,0.0153845353786651
Symbiodinium40237,0.361837379176676
Symbiodinium40238,0.304865650193584
Symbiodinium40241,0.0577326193682356
Symbiodinium40244,0.232517452193588
Symbiodinium40253,0.499153713376383
Symbiodinium40254,-0.0320448839474318
Symbiodinium40260,-0.264158641350406
Symbiodinium40265,0.417096664642455
Symbiodinium40269,0.412482609257916
Symbiodinium40271,0.215567499391114
Symbiodinium40273,0.0281799408702063
Symbiodinium40274,-0.463419347542993
Symbiodinium40275,-0.344241069496734
Symbiodinium40276,-0.0375965821156938
Symbiodinium40277,-0.124448006201706
Symbiodinium40278,-0.20977725581107
Symbiodinium40279,-0.359671006792533
Symbiodinium40284,0.0989302822880656
Symbiodinium40288,0.284312120922382
Symbiodinium40289,-0.550086861744959
Symbiodinium40290,-0.340549864210245
Symbiodinium40292,0.251211490687397
Symbiodinium40294,-0.295311618559219
Symbiodinium40295,-0.260870398545453
Symbiodinium40296,-0.253298915434855
Symbiodinium40297,-0.0141629666163932
Symbiodinium40300,0.139698100871286
Symbiodinium40303,0.221039792457219
Symbiodinium40304,0.554482348094113
Symbiodinium40305,0.106430194905588
Symbiodinium40311,0.379975567291233
Symbiodinium40312,-0.146829718011776
Symbiodinium40313,-0.216842007577205
Symbiodinium40314,0.34941595174849
Symbiodinium40315,-0.202884251725137
Symbiodinium40316,-0.130224629879136
Symbiodinium40319,-0.437562478065259
Symbiodinium40321,-0.171625640866326
Symbiodinium40326,0.11889393088604
Symbiodinium40328,0.492055426666687
Symbiodinium40331,-0.11920504331128
Symbiodinium40333,-0.0885609018503533
Symbiodinium40335,-0.226160171190657
Symbiodinium40336,-0.142087282667463
Symbiodinium40339,-0.0964127394794988
Symbiodinium40341,-0.275440480942647
Symbiodinium40343,-0.3531501522259
Symbiodinium40347,0.104948906516338
Symbiodinium40348,-0.415323016364419
Symbiodinium40349,0.36455276828224
Symbiodinium40352,0.106338294921025
Symbiodinium40365,-0.259016209788929
Symbiodinium40367,0.417481988907122
Symbiodinium40368,-0.0111089984153222
Symbiodinium40369,0.836563768376085
Symbiodinium40372,-0.166115856620338
Symbiodinium40377,-0.177193451366968
Symbiodinium40380,-0.0129814617145085
Symbiodinium40382,-0.212539531500709
Symbiodinium40383,-0.262272345495133
Symbiodinium40397,-0.0762463782835839
Symbiodinium40399,0.0551921072526765
Symbiodinium40404,-0.141337262820543
Symbiodinium40405,0.181768131890949
Symbiodinium40406,0.0111714273917269
Symbiodinium40408,0.288810231298102
Symbiodinium40410,-0.0953390428926687
Symbiodinium40411,0.16568361693503
Symbiodinium40412,-0.0484663111921678
Symbiodinium40415,-0.210458595584309
Symbiodinium40421,-0.0842148627355662
Symbiodinium40423,0.424520089791623
Symbiodinium40424,0.310085346998507
Symbiodinium40425,-0.107638406330684
Symbiodinium40426,-0.000324563019029463
Symbiodinium40428,-0.670454314145336
Symbiodinium40429,0.0527475973638417
Symbiodinium40430,0.151838734364325
Symbiodinium40431,0.0256033903218823
Symbiodinium40433,-0.328358394167548
Symbiodinium40435,0.250257835863325
Symbiodinium40436,-0.0364466036433845
Symbiodinium40439,-0.122726389253033
Symbiodinium40445,0.195329346219279
Symbiodinium40450,-0.0190937107984503
Symbiodinium40451,0.268359626502727
Symbiodinium40456,-0.484645779138229
Symbiodinium40458,0.234700420036694
Symbiodinium40459,-0.195004850921663
Symbiodinium40464,-0.0861098339349548
Symbiodinium40467,0.217054577729169
Symbiodinium40469,-0.228041341413624
Symbiodinium40470,0.475938936780395
Symbiodinium40472,-0.0207960106640455
Symbiodinium40477,0.272892777733281
Symbiodinium40481,0.224084556859434
Symbiodinium40482,0.0372794577680957
Symbiodinium40483,-0.0307457015446177
Symbiodinium40486,-0.496765728082776
Symbiodinium40487,0.0935844826115377
Symbiodinium40488,-0.0954868402504366
Symbiodinium40489,0.463561826374992
Symbiodinium40491,0.138879264383058
Symbiodinium40502,0.0270006062605564
Symbiodinium40503,-0.0467559741669276
Symbiodinium40512,0.00713957195513451
Symbiodinium40513,0.289836932588732
Symbiodinium40514,0.109163751157917
Symbiodinium40517,-0.238583728419853
Symbiodinium40520,0.0954990473707793
Symbiodinium40525,0.332598059469387
Symbiodinium40529,0.153024083040157
Symbiodinium40530,0.561636974737424
Symbiodinium40531,-0.00675411587965218
Symbiodinium40532,0.349168523677985
Symbiodinium40540,0.0936055698790042
Symbiodinium40541,0.263936488629576
Symbiodinium40542,0.0517711998060323
Symbiodinium40550,0.085959868595376
Symbiodinium40554,0.27536671773203
Symbiodinium40562,0.0619366727235867
Symbiodinium40563,0.282622782432852
Symbiodinium40569,0.404248319738454
Symbiodinium40570,0.0497732875223669
Symbiodinium40583,-0.181044266414432
Symbiodinium40592,0.361098069270092
Symbiodinium40598,0.0297731016273887
Symbiodinium40599,0.313577184272131
Symbiodinium40600,0.333717655670178
Symbiodinium40602,-0.059182715427511
Symbiodinium40603,-0.152952762506593
Symbiodinium40614,0.765149314627938
Symbiodinium40618,0.538028587316049
Symbiodinium40620,0.1527869379065
Symbiodinium40625,-0.209778213795007
Symbiodinium40632,0.468967234420313
Symbiodinium40633,0.14181552347854
Symbiodinium40634,-0.0461151185694263
Symbiodinium40644,0.123551048838999
Symbiodinium40647,-0.274012365271919
Symbiodinium40654,0.0771158033138302
Symbiodinium40655,-0.013063620571885
Symbiodinium40658,-0.101725205374465
Symbiodinium40660,0.173777815184606
Symbiodinium40662,0.185920117736554
Symbiodinium40664,-0.205283484996164
Symbiodinium40666,-0.394174633001388
Symbiodinium40669,0.0907963626090743
Symbiodinium40670,-0.342977275961725
Symbiodinium40675,0.216600169382187
Symbiodinium40677,-0.240736087451092
Symbiodinium40682,0.419535044189816
Symbiodinium40683,0.200365012995449
Symbiodinium40693,-0.249880506147343
Symbiodinium40698,0.199201083999737
Symbiodinium40700,0.375811351170608
Symbiodinium40702,0.206414044738238
Symbiodinium40708,0.0571008798331115
Symbiodinium40714,-0.158879449152907
Symbiodinium40722,0.0899941687070479
Symbiodinium40726,0.111915860640764
Symbiodinium40729,0.406613438607902
Symbiodinium40735,0.340298819132901
Symbiodinium40738,-0.0607756655189535
Symbiodinium40742,-0.146757493882656
Symbiodinium40746,0.432546210829571
Symbiodinium40749,0.182586236178158
Symbiodinium40752,0.0375530155384623
Symbiodinium40754,0.233892180688469
Symbiodinium40755,0.0808155217860457
Symbiodinium40756,-0.226315149162664
Symbiodinium40758,0.343123077182077
Symbiodinium40765,0.127442385175177
Symbiodinium40770,-0.240372614688386
Symbiodinium40775,0.130848328257549
Symbiodinium40779,0.0509505045653423
Symbiodinium40780,-0.334214887880217
Symbiodinium40781,-0.225530883561577
Symbiodinium40785,-0.390509723457778
Symbiodinium40795,0.450557508487135
Symbiodinium40797,-0.321309096145938
Symbiodinium40802,0.25691732993821
Symbiodinium40805,-0.0178677437410652
Symbiodinium40806,-0.072830158707372
Symbiodinium40807,0.0205266446277693
Symbiodinium40816,-0.414950677272766
Symbiodinium40818,0.352199543233452
Symbiodinium40826,0.264328174994872
Symbiodinium40829,0.00306559766614254
Symbiodinium40833,0.233491785448885
Symbiodinium40846,0.312568820297658
Symbiodinium40847,0.502794988837713
Symbiodinium40852,-0.155839759817655
Symbiodinium40857,0.155526408582268
Symbiodinium40863,0.207938002025126
Symbiodinium40864,-0.213096032138415
Symbiodinium40869,-0.599015350598818
Symbiodinium40870,0.188473432289344
Symbiodinium40876,0.0933702197622014
Symbiodinium40877,0.29491977619079
Symbiodinium40880,0.413536292547453
Symbiodinium40881,0.155328435763581
Symbiodinium40885,-0.376246875672935
Symbiodinium40887,-0.0523459971969374
Symbiodinium40888,0.233656404197437
Symbiodinium40891,-0.14546016161796
Symbiodinium40897,-0.322990336115854
Symbiodinium40898,0.127787207267119
Symbiodinium40902,-0.0132667025891569
Symbiodinium40904,0.0856826754555176
Symbiodinium40910,-0.117954596254921
Symbiodinium40911,0.123603330599508
Symbiodinium40914,-0.150676713401871
Symbiodinium40916,0.30644326983724
Symbiodinium40927,0.430142855992714
Symbiodinium40928,-0.376006797365005
Symbiodinium40932,-0.0980925040403836
Symbiodinium40934,-0.0966792832844435
Symbiodinium40937,0.496507251417017
Symbiodinium40944,0.153975357175543
Symbiodinium40947,0.0504667223181628
Symbiodinium40950,-0.218179292356987
Symbiodinium40951,0.243875589393737
Symbiodinium40956,-0.235078877663858
Symbiodinium40963,-0.294850645065084
Symbiodinium40974,-0.550184940528335
Symbiodinium40975,-0.0284580479109992
Symbiodinium40976,-0.0353843421457511
Symbiodinium40979,0.0626598983145989
Symbiodinium40980,-0.0406929340584471
Symbiodinium40982,0.106488703741039
Symbiodinium40983,-0.0693650708848142
Symbiodinium40988,0.0671379785486149
Symbiodinium40990,0.224807124737245
Symbiodinium41001,0.0842125833739737
Symbiodinium41007,0.28196937476262
Symbiodinium41009,0.530656210706484
Symbiodinium41012,0.0932758199885291
Symbiodinium41013,-0.167480401474349
Symbiodinium41018,0.383834919645361
Symbiodinium41020,0.357214710430318
Symbiodinium41021,0.0531044928604747
Symbiodinium41033,-0.0810889833330176
Symbiodinium41042,-0.171411192869597
Symbiodinium41044,0.711897068295708
Symbiodinium41054,-0.257528521249285
Symbiodinium41058,-0.0835511424340743
Symbiodinium41062,0.0817205607173653
Symbiodinium41063,0.267283335924286
Symbiodinium41065,0.00654983019414726
Symbiodinium41085,0.0867550102684903
Symbiodinium41090,0.237519700345478
Symbiodinium41095,0.102235033320657
Symbiodinium41115,0.0134633886889728
Symbiodinium41121,0.23653910445275
Symbiodinium41125,-0.381532551336933
Symbiodinium41129,0.00228401722666278
Symbiodinium41132,0.17483843617291
Symbiodinium41135,0.0459959966037896
Symbiodinium41137,0.515893682817728
Symbiodinium41140,-0.0318839878381174
Symbiodinium41144,-0.0616138309206852
Symbiodinium41146,0.81220960457333
Symbiodinium41150,0.085742063483673
Symbiodinium41153,0.278216777285695
Symbiodinium41156,0.445043489935773
Symbiodinium41160,0.199193812946214
Symbiodinium41161,-0.0330619866079133
Symbiodinium41165,-0.182137698178979
Symbiodinium41166,0.0293510768851412
Symbiodinium41172,-0.449527526724234
Symbiodinium41173,0.0103648805977084
Symbiodinium41174,0.168931085393354
Symbiodinium41177,0.0122873823961791
Symbiodinium41179,0.0552552918108953
Symbiodinium41180,-0.059766653730889
Symbiodinium41189,-0.119359919515561
Symbiodinium41191,-0.0396377220295123
Symbiodinium41198,0.0430509519197844
Symbiodinium41199,-0.202804873209574
Symbiodinium41207,-0.047986720681689
Symbiodinium41208,-0.132780422544792
Symbiodinium41210,-0.0683688011428717
Symbiodinium41211,0.0926942720939961
Symbiodinium41222,0.375030984515856
Symbiodinium41225,-0.289433299437451
Symbiodinium41230,-0.0473460184436063
Symbiodinium41235,-0.120296675141567
Symbiodinium41237,-0.198680210421429
Symbiodinium41242,0.0727439593852902
Symbiodinium41243,0.411314300049683
Symbiodinium41247,-0.0260758919082053
Symbiodinium41248,0.0936895529187357
Symbiodinium41250,0.65750157167254
Symbiodinium41251,-0.420560436226103
Symbiodinium41255,0.101886614663019
Symbiodinium41256,0.461394243592522
Symbiodinium41260,0.648198888532336
Symbiodinium41262,0.100999265352156
Symbiodinium41269,0.127589497044899
Symbiodinium41270,0.0773520651600634
Symbiodinium41281,-0.139834838203122
Symbiodinium41282,-0.306315397659544
Symbiodinium41286,0.0687289969105872
Symbiodinium41288,0.141827913566428
Symbiodinium41291,0.647364787082217
Symbiodinium41292,-0.136094999380276
Symbiodinium41299,0.191633386154165
Symbiodinium41301,-0.0873387303192555
Symbiodinium41303,-0.191348862670053
Symbiodinium41304,0.514484698412978
Symbiodinium41305,0.234187539869792
Symbiodinium41318,-0.0813998015629628
Symbiodinium41321,-0.0999904938873488
Symbiodinium41324,0.262886710404389
Symbiodinium41329,-0.078429178467677
Symbiodinium41333,0.425592702422399
Symbiodinium41338,0.32366445853964
Symbiodinium41350,-0.109765896884181
Symbiodinium41354,0.31246551524646
Symbiodinium41355,0.0199897849482427
Symbiodinium41366,0.319515923742788
Symbiodinium41368,0.573065695042621
Symbiodinium41373,0.0553171386646313
Symbiodinium41377,-0.278243956151077
Symbiodinium41379,0.172721780978779
Symbiodinium41381,-0.286636372120694
Symbiodinium41382,0.229382186144419
Symbiodinium41392,-0.0709947502655985
Symbiodinium41393,-0.142797548008376
Symbiodinium41394,0.0148004680060247
Symbiodinium41401,-0.292873180262075
Symbiodinium41404,0.283382269400718
Symbiodinium41406,0.453400960552027
Symbiodinium41408,0.0365833661435656
Symbiodinium41410,0.0740060990109934
Symbiodinium41414,-0.204648755715504
Symbiodinium41419,0.242917440954032
Symbiodinium41420,0.224103192369038
Symbiodinium41423,0.47026754633849
Symbiodinium41424,-0.239602798790004
Symbiodinium41428,0.259373431050838
Symbiodinium41432,-0.596941183500398
Symbiodinium41444,0.528919441651012
Symbiodinium41445,0.136566731988229
Symbiodinium41449,-0.0359871294191708
Symbiodinium41458,-0.0251607585467604
Symbiodinium41462,0.404870905294889
Symbiodinium41464,-0.276948622590399
Symbiodinium41466,0.0991552710983315
Symbiodinium41467,0.166348696443088
Symbiodinium41486,-0.442268061640148
Symbiodinium41488,0.013798844765935
Symbiodinium41493,0.224718862073547
Symbiodinium41502,0.276176296915119
Symbiodinium41506,0.125639958946106
Symbiodinium41507,-0.0129288397835638
Symbiodinium41517,-0.238074069579724
Symbiodinium41518,-0.156384746451771
Symbiodinium41520,0.407027716010173
Symbiodinium41526,-0.0295838644211639
Symbiodinium41527,0.395796780161827
Symbiodinium41528,-0.26729985956306
Symbiodinium41532,0.300109713254354
Symbiodinium41535,-0.228849776612347
Symbiodinium41536,-0.528970766309967
Symbiodinium41546,-0.254507760595566
Symbiodinium41547,0.00140656605494476
Symbiodinium41551,-0.0863011400917898
Symbiodinium41555,0.0567972811675254
Symbiodinium41561,-0.316042464319814
Symbiodinium41562,-0.196792298789267
Symbiodinium41564,-0.395574013667595
Symbiodinium41566,0.283638316925582
Symbiodinium41572,0.0527660741135153
Symbiodinium41574,0.194162662465155
Symbiodinium41575,-0.250160628287764
Symbiodinium41579,0.0245433878955388
Symbiodinium41584,0.870940896272973
Symbiodinium41587,-0.263850358743568
Symbiodinium41588,-0.263230642787665
Symbiodinium41589,0.413631431614567
Symbiodinium41591,-0.15491682016756
Symbiodinium41597,-0.681377569067691
Symbiodinium41599,0.0466253891061854
Symbiodinium41601,0.577733809575591
Symbiodinium41602,-0.12635910490665
Symbiodinium41603,0.366029547110914
Symbiodinium41604,0.140267699071928
Symbiodinium41608,-0.193783456575403
Symbiodinium41610,-0.177216155813869
Symbiodinium41611,0.101123839387921
Symbiodinium41618,0.193891684370372
Symbiodinium41619,-0.417169934217727
Symbiodinium41622,-0.0657656882697255
Symbiodinium41627,-0.0454778956288869
Symbiodinium41632,0.207792352707753
Symbiodinium41634,-0.323912832045219
Symbiodinium41636,-0.128062383365273
Symbiodinium41644,0.0397348942606045
Symbiodinium41647,0.260222460160348
Symbiodinium41654,0.467641757010124
Symbiodinium41657,-0.0221453401167861
Symbiodinium41658,0.0565725311393616
Symbiodinium41659,-0.303970061152989
Symbiodinium41661,-0.444522022036773
Symbiodinium41663,0.19397684135301
Symbiodinium41664,0.207242855877683
Symbiodinium41665,0.376687276643912
Symbiodinium41669,-0.0258868491091901
Symbiodinium41679,0.152621408265688
Symbiodinium41680,-0.252244662843493
Symbiodinium41682,0.235286956122154
Symbiodinium41683,0.0324596769012915
Symbiodinium41686,-0.190141253728952
Symbiodinium41695,0.326843934768369
Symbiodinium41711,-0.0949102660432907
Symbiodinium41712,-0.281969377439338
Symbiodinium41713,-0.284030647014309
Symbiodinium41715,0.175752448780869
Symbiodinium41719,-0.237152482460018
Symbiodinium41720,0.425827199182153
Symbiodinium41724,0.478489136649707
Symbiodinium41729,-0.382324146419742
Symbiodinium41730,0.197011390995706
Symbiodinium41732,0.171342615149834
Symbiodinium41739,0.526047645324998
Symbiodinium41741,0.232454775689067
Symbiodinium41742,-0.186055165653696
Symbiodinium41743,-0.0176856238125955
Symbiodinium41744,-0.554512264690772
Symbiodinium41745,-0.824682845293288
Symbiodinium41749,0.35624877650743
Symbiodinium41761,0.396352993344298
Symbiodinium41762,0.0319531794010553
Symbiodinium41763,-0.645439080084638
Symbiodinium41772,0.164750265026936
Symbiodinium41774,0.0126702086100179
Symbiodinium41781,-0.177649202749398
Symbiodinium41785,0.0354502224623887
Symbiodinium41788,-0.128365167406453
Symbiodinium41794,0.202890322083808
Symbiodinium41796,-0.567514281255974
Symbiodinium41797,-0.45564153176763
Symbiodinium41799,-0.22025144378824
Symbiodinium41801,0.0436790439680572
Symbiodinium41802,0.37405838153283
Symbiodinium41805,-0.111695934385126
Symbiodinium41806,0.0168733338854867
Symbiodinium41810,0.0127705634777555
Symbiodinium41813,-0.371802952021149
Symbiodinium41814,0.172871387116596
Symbiodinium41824,0.2026517981954
Symbiodinium41828,0.263257615201346
Symbiodinium41833,-0.0533757042331083
Symbiodinium41839,0.0790590612502842
Symbiodinium41840,-0.370360647119869
Symbiodinium41841,0.0103004271737944
Symbiodinium41850,0.0139439975927235
Symbiodinium41851,-0.130990913914951
Symbiodinium41854,0.0354085496581593
Symbiodinium41856,-0.0362999607065869
Symbiodinium41863,0.441864190549256
Symbiodinium41865,-0.385519990393186
Symbiodinium41870,0.121354729081157
Symbiodinium41872,-0.114555341585844
Symbiodinium41876,0.00771777873483978
Symbiodinium41879,0.0142126732349517
Symbiodinium41881,0.126563150424245
Symbiodinium41882,-0.193246592787665
Symbiodinium41885,0.439875379636898
Symbiodinium41889,0.0144621335181437
Symbiodinium41892,0.0897844391018368
Symbiodinium41896,0.296673696048417
Symbiodinium41900,0.237445743827533
Symbiodinium41901,-0.143911493641786
Symbiodinium41902,0.0135316847471826
Symbiodinium41904,0.265334597937869
Symbiodinium41906,-0.172269958476649
Symbiodinium41910,-0.185867189276412
Symbiodinium41913,-0.0388752303317857
Symbiodinium41915,0.392531587501703
Symbiodinium41922,0.200783680225963
Symbiodinium41928,0.252607214099121
Symbiodinium41929,0.125560354186306
Symbiodinium41930,-0.154652392917844
Symbiodinium41932,0.269108248873439
Symbiodinium41933,-0.300777007499276
Symbiodinium41934,0.205334250494329
Symbiodinium41935,-0.33422212096858
Symbiodinium41938,-0.181575240375115
Symbiodinium41940,-0.414840492235821
Symbiodinium41947,0.0542232088171417
Symbiodinium41948,0.238105240753383
Symbiodinium41954,0.254229223776454
Symbiodinium41955,0.403135963757496
Symbiodinium41956,-0.0180985511832049
Symbiodinium41959,-0.136886640970899
Symbiodinium41960,0.024457932454682
Symbiodinium41961,0.578376199264635
Symbiodinium41963,-0.0408249970881537
Symbiodinium41965,0.248658438224
Symbiodinium41970,0.330601017302972
Symbiodinium41976,-0.18681283182365
Symbiodinium41978,-0.155486102469431
Symbiodinium41980,0.191952979735476
Symbiodinium41987,0.0778361121082032
Symbiodinium41988,0.310531145732472
Symbiodinium41991,0.260957746100837
Symbiodinium41994,0.0961527890479786
Symbiodinium41995,0.0930423984610879
Symbiodinium41997,-0.328489048279369
Symbiodinium42015,0.300341078258379
Symbiodinium42018,-0.232673874547648
Symbiodinium42022,-0.00914086359722972
Symbiodinium42023,-0.286814510496854
Symbiodinium42024,-0.0150659877739422
Symbiodinium42026,-0.175782604642145
Symbiodinium42028,0.244686555573051
Symbiodinium42029,0.176725365697563
Symbiodinium42033,0.345442886999929
Symbiodinium42036,-0.0471492927563562
Symbiodinium42040,-0.385027196111052
Symbiodinium42041,-0.341335090210341
Symbiodinium42043,0.126232353861649
Symbiodinium42044,-0.0543717105529097
Symbiodinium42045,0.227891298601733
Symbiodinium42049,-0.184973128298009
Symbiodinium42055,-0.145707329611642
Symbiodinium42061,0.0492666119198788
Symbiodinium42064,0.0344994382606984
Symbiodinium42065,0.409559057958793
Symbiodinium42066,-0.0820873872309682
Symbiodinium42072,0.415620804207468
Symbiodinium42073,0.0967188707865804
Symbiodinium42087,0.0707653926307424
Symbiodinium42093,0.23242216264984
Symbiodinium42094,0.201865096897378
Symbiodinium42105,-0.611542305454008
Symbiodinium42106,0.37170461819029
Symbiodinium42110,-0.784690535696362
Symbiodinium42116,0.0499112009512959
Symbiodinium42117,-0.00832427934746334
Symbiodinium42121,0.0761270817216753
Symbiodinium42122,0.221035330455026
Symbiodinium42123,0.0588529048408701
Symbiodinium42130,-0.321588219938257
Symbiodinium42131,0.368260939853552
Symbiodinium42139,-0.285443057765179
Symbiodinium42144,0.0342251667968709
Symbiodinium42149,-0.250007746699111
Symbiodinium42151,0.216135070170881
Symbiodinium42164,0.390115087627356
Symbiodinium42173,-0.0746447555523718
Symbiodinium42175,0.494312068703203
Symbiodinium42178,-0.266999847496856
Symbiodinium42180,0.0213596618985413
Symbiodinium42183,0.0818686672900821
Symbiodinium42187,-0.214782014937382
Symbiodinium42188,-0.396066623244046
Symbiodinium42196,0.126917611552783
Symbiodinium42202,0.498372253759826
Symbiodinium42208,0.202492220012688
Symbiodinium42211,-0.147563324477769
Symbiodinium42212,-0.0315741881212835
Symbiodinium42215,0.219539057176465
Symbiodinium42216,0.182687112747364
Symbiodinium42219,-0.463290913256916
Symbiodinium42225,-0.149188120905311
Symbiodinium42233,0.234436629839056
Symbiodinium42236,0.65750505319199
Symbiodinium42237,0.086724912030976
Symbiodinium42239,0.634879709999592
Symbiodinium42241,0.174608207995896
Symbiodinium42250,-0.732880283009529
Symbiodinium42264,-0.147674586304083
Symbiodinium42266,-0.102977744471767
Symbiodinium42270,0.318217729452015
Symbiodinium42273,0.34892822844368
Symbiodinium42274,-0.106038419588547
Symbiodinium42275,-0.257763519109966
Symbiodinium42277,0.311372877301399
Symbiodinium42280,-0.085349175503004
Symbiodinium42285,0.264018195289335
Symbiodinium42286,-0.302588195881313
Symbiodinium42288,-0.0448249660454421
Symbiodinium42289,-0.000563254219980698
Symbiodinium42290,0.0418432892609984
Symbiodinium42291,-0.0438153720107068
Symbiodinium42293,-0.04342201684067
Symbiodinium42296,-0.510313959778569
Symbiodinium42297,0.193463414908965
Symbiodinium42298,0.409678732697954
Symbiodinium42299,-0.178361954757502
Symbiodinium42305,-0.142379270782102
Symbiodinium42310,-0.0380771918757624
Symbiodinium42311,0.173184530981696
Symbiodinium42313,0.484413541788443
Symbiodinium42314,0.174098814682853
Symbiodinium42315,0.101503330150038
Symbiodinium42319,0.0327040894065053
Symbiodinium42320,-0.758456278511263
Symbiodinium42322,-0.441331941449268
Symbiodinium42323,0.15496306581255
Symbiodinium42324,0.0163383494872397
Symbiodinium42326,0.346735677391421
Symbiodinium42331,0.131877448328309
Symbiodinium42334,0.117516126116459
Symbiodinium42342,0.271802135012063
Symbiodinium42344,-0.577214061643845
Symbiodinium42345,0.194566693114671
Symbiodinium42347,0.675493467158605
Symbiodinium42350,0.164419507034071
Symbiodinium42352,0.0378886963817129
Symbiodinium42353,-0.337527351009811
Symbiodinium42358,-0.218820588331005
Symbiodinium42361,0.552057916509815
Symbiodinium42362,-0.210778153681033
Symbiodinium42365,-0.0573502538669217
Symbiodinium42367,0.0628400891689032
Symbiodinium42371,0.299241064456053
Symbiodinium42377,0.161499783387457
Symbiodinium42379,-0.0415095783723975
Symbiodinium42381,-0.175307728127314
Symbiodinium42386,0.0247746981174727
Symbiodinium42388,0.257108552928781
Symbiodinium42395,0.265212060158931
Symbiodinium42396,-0.116614901404357
Symbiodinium42403,-0.315921275919715
Symbiodinium42404,-0.0120444275310384
Symbiodinium42405,0.0129664279131978
Symbiodinium42407,0.00378026461791578
Symbiodinium42411,-0.158227364728071
Symbiodinium42416,-0.0118130879134019
Symbiodinium42418,0.112517095147773
Symbiodinium42419,0.214375559643589
Symbiodinium42420,-0.0775631789289998
Symbiodinium42427,0.437718231545136
Symbiodinium42428,0.0572586595352109
Symbiodinium42436,0.00150783665304637
Symbiodinium42450,-0.157410771264899
Symbiodinium42454,-0.365036878054372
Symbiodinium42457,0.0796276772645144
Symbiodinium42458,0.259162317824531
Symbiodinium42466,-0.254644292480184
Symbiodinium42469,-0.187565113165602
Symbiodinium42470,-0.518369383442614
Symbiodinium42471,0.0467462578107488
Symbiodinium42472,0.106606721811899
Symbiodinium42474,0.055256102981734
Symbiodinium42480,-0.0235424705249485
Symbiodinium42486,0.340008168107288
Symbiodinium42492,0.349381796780502
Symbiodinium42494,0.0906844814435032
Symbiodinium42495,0.638328420733839
Symbiodinium42500,0.0848035181648212
Symbiodinium42501,-0.00245592340075883
Symbiodinium42511,0.503947295663106
Symbiodinium42525,0.000561637133383933
Symbiodinium42528,-0.164361002417168
Symbiodinium42530,-0.183899707391444
Symbiodinium42531,-0.193165325004589
Symbiodinium42536,0.185392863461816
Symbiodinium42538,-0.291111308339769
Symbiodinium42541,0.1906582594951
Symbiodinium42543,0.279512221766729
Symbiodinium42544,0.36434472097984
Symbiodinium42547,-0.093942537154194
Symbiodinium42553,-0.0104289923305701
Symbiodinium42555,0.358124078655401
Symbiodinium42557,0.0720988567116612
Symbiodinium42559,0.0227139906181907
Symbiodinium42573,0.252617120527954
Symbiodinium42579,0.407854860938178
Symbiodinium42586,-0.30300550029906
Symbiodinium42587,-0.18008876656562
Symbiodinium42588,0.17105487685022
Symbiodinium42590,0.0803296583488517
Symbiodinium42592,0.0446667720030058
Symbiodinium42595,-0.145365403705184
Symbiodinium42599,0.144849022837749
Symbiodinium42600,-0.620392624723915
Symbiodinium42603,0.359053468020471
Symbiodinium42605,-0.0214712190833727
Symbiodinium42611,-0.460883503745562
Symbiodinium42614,-0.0247316409690223
Symbiodinium42616,-0.26158572592644
Symbiodinium42623,0.204170677180869
Symbiodinium42630,-0.117872667569778
Symbiodinium42636,-0.0591820851469629
Symbiodinium42640,0.173785256777767
Symbiodinium42641,0.466939691667976
Symbiodinium42642,-0.0786609779865156
Symbiodinium42644,0.0421210393646744
Symbiodinium42650,-0.128701252515781
Symbiodinium42651,0.011739551307391
Symbiodinium42652,-0.220303935326552
Symbiodinium42655,0.223115719808651
Symbiodinium42657,0.480186934035648
Symbiodinium42662,-0.387858296572356
Symbiodinium42663,-0.126601574373571
Symbiodinium42668,0.344596705410518
Symbiodinium42669,-0.876890758859217
Symbiodinium42681,0.222986013693171
Symbiodinium42685,-0.0133322629704382
Symbiodinium42691,-0.121873729095251
Symbiodinium42693,-0.027572806286832
Symbiodinium42702,0.0655572454678527
Symbiodinium42705,0.351886047868171
Symbiodinium42710,-0.0584855497919125
Symbiodinium42711,-0.198592466835731
Symbiodinium42713,-0.231867489099078
Symbiodinium42719,0.381944007650598
Symbiodinium42722,0.103797816953851
Symbiodinium42724,-0.303721252071097
Symbiodinium42726,0.136525661110654
Symbiodinium42732,0.0184955494351202
Symbiodinium42746,-0.20957226311683
Symbiodinium42752,0.0238899391118115
Symbiodinium42762,0.316309945355421
Symbiodinium42766,-0.846625024190468
Symbiodinium42768,-0.0385396966964883
Symbiodinium42771,0.459722873995931
Symbiodinium42775,0.1469504780635
Symbiodinium42778,0.0809881967312854
Symbiodinium42780,-0.527502970994031
Symbiodinium42790,0.0284534977877018
Symbiodinium42791,0.335828038989113
Symbiodinium42795,0.333486488014132
Symbiodinium42799,-0.413491630344432
Symbiodinium42805,-0.513939892253625
Symbiodinium42807,0.221374150584899
Symbiodinium42808,-0.363836507956866
Symbiodinium42810,-0.0474491555715066
Symbiodinium42813,0.00166560860843089
Symbiodinium42818,0.139471401934569
Symbiodinium42819,0.249533147689832
Symbiodinium42820,0.461531488184269
Symbiodinium42822,0.15321630555811
Symbiodinium42837,-0.145908384650869
Symbiodinium42841,0.725833764677708
Symbiodinium42843,-0.352129932271086
Symbiodinium42845,0.0535093441933569
Symbiodinium42847,-0.337023758289291
Symbiodinium42848,0.454987908534827
Symbiodinium42849,0.157659655528678
Symbiodinium42851,0.117737585178703
Symbiodinium42853,0.159070271656382
Symbiodinium42854,0.000448886790967178
Symbiodinium42855,-0.0897098615666687
Symbiodinium42859,-0.0955272026662512
Symbiodinium42867,0.24287971024965
Symbiodinium42881,0.475672253597296
Symbiodinium42885,-0.305491035205692
Symbiodinium42886,0.306750247165248
Symbiodinium42888,-0.0252842434528168
Symbiodinium42892,0.502661165567619
Symbiodinium42895,-0.279819757340578
Symbiodinium42896,0.36010743720863
Symbiodinium42897,0.373145133126755
Symbiodinium42899,0.441929863509406
Symbiodinium42900,-0.0183501201071432
Symbiodinium42901,0.10707996959303
Symbiodinium42903,0.250289663631827
Symbiodinium42904,0.390503398238189
Symbiodinium42922,0.10553120317923
Symbiodinium42926,-0.00386722419226273
Symbiodinium42931,0.132488453884802
Symbiodinium42933,0.229516836185958
Symbiodinium42935,-0.0400162428029685
Symbiodinium42937,-0.0364553433013221
Symbiodinium42943,-0.14133139998036
Symbiodinium42944,-0.477228158752987
Symbiodinium42945,-0.285513998219823
Symbiodinium42950,0.53844987269801
Symbiodinium42954,0.275471970166826
Symbiodinium42955,-0.0829736177811998
Symbiodinium42966,0.201637467563703
Symbiodinium42969,0.109336986133631
Symbiodinium42972,0.275029122897324
Symbiodinium42981,0.117276354823463
Symbiodinium42984,0.210580724662011
Symbiodinium42987,-0.0838128024974712
Symbiodinium42988,0.728604540197402
Symbiodinium42990,-0.357597533256279
Symbiodinium42993,0.121347838146191
Symbiodinium42995,0.0388232540173906
Symbiodinium43000,0.0132248387368831
Symbiodinium43004,0.333947254817958
Symbiodinium43006,0.439925137340812
Symbiodinium43007,-0.335495952704856
Symbiodinium43012,0.179935487365917
Symbiodinium43017,-0.378787551952065
Symbiodinium43020,0.172395560251539
Symbiodinium43022,-0.0424683461395827
Symbiodinium43023,0.474721151800673
Symbiodinium43026,0.403907649990161
Symbiodinium43031,0.406359976398622
Symbiodinium43038,-0.0146656269150855
Symbiodinium43040,-0.181417313384208
Symbiodinium43043,0.185582095759725
Symbiodinium43048,-0.30967539877227
Symbiodinium43052,0.325196428613527
Symbiodinium43064,-0.401513845420105
Symbiodinium43070,-0.0543692081618234
Symbiodinium43071,0.487857359686737
Symbiodinium43074,-0.390040859968663
Symbiodinium43084,0.235703563721053
Symbiodinium43086,-0.154265673280287
Symbiodinium43091,-0.111940020590064
Symbiodinium43097,0.148554441073549
Symbiodinium43098,-0.0822183697690704
Symbiodinium43100,-0.556796066098774
Symbiodinium43101,0.315139142020895
Symbiodinium43108,0.430924007262472
Symbiodinium43109,0.150523058050835
Symbiodinium43111,0.245290017459686
Symbiodinium43113,-0.224688065936817
Symbiodinium43125,0.193992297368722
Symbiodinium43126,-0.500952776541638
Symbiodinium43129,0.142496222194475
Symbiodinium43132,0.383824022413326
Symbiodinium43133,0.365564909311862
Symbiodinium43137,0.338343708306425
Symbiodinium43141,-0.638875123964655
Symbiodinium43142,-0.282044241801355
Symbiodinium43144,0.420465884048608
Symbiodinium43145,0.201021225274274
Symbiodinium43154,0.115907837377434
Symbiodinium43155,0.439838331085613
Symbiodinium43156,0.417690989640203
Symbiodinium43157,0.117127100088466
Symbiodinium43158,-0.197390072720631
Symbiodinium43161,-0.00118028057358839
Symbiodinium43163,0.647146225670431
Symbiodinium43166,-0.020278742655413
Symbiodinium43170,-0.197412673775879
Symbiodinium43177,0.0816852327008381
Symbiodinium43178,0.272368574332757
Symbiodinium43179,0.291683291294785
Symbiodinium43181,-0.0365278295761437
Symbiodinium43182,-0.199012668008401
Symbiodinium43185,-0.694672149165028
Symbiodinium43186,0.025328806689389
Symbiodinium43192,0.122409680111173
Symbiodinium43193,0.041859339684594
Symbiodinium43200,0.253112194752133
Symbiodinium43204,0.323097814904365
Symbiodinium43207,-0.222866488125154
Symbiodinium43210,-0.106387446182104
Symbiodinium43214,-0.0596084544505022
Symbiodinium43216,-0.209826613912064
Symbiodinium43218,0.78430796636447
Symbiodinium43219,0.100379288399784
Symbiodinium43224,0.0530961427138101
Symbiodinium43230,-0.275324892214501
Symbiodinium43232,0.0047731298532299
Symbiodinium43239,-0.0230179524599413
Symbiodinium43247,-0.355245399341845
Symbiodinium43257,0.118266812042371
Symbiodinium43259,-0.200997561352109
Symbiodinium43263,0.359441201836709
Symbiodinium43266,0.182681328451761
Symbiodinium43269,0.201432885389349
Symbiodinium43278,-0.00276833406398717
Symbiodinium43279,-0.101425905404865
Symbiodinium43282,0.266473419155513
Symbiodinium43286,-0.410902087781528
Symbiodinium43290,0.0867966971491691
Symbiodinium43294,-0.192134035673415
Symbiodinium43305,-0.663870020633035
Symbiodinium43307,0.256878238692931
Symbiodinium43309,0.218019974690768
Symbiodinium43315,-0.00354428424129699
Symbiodinium43318,-0.190925061531269
Symbiodinium43326,0.0443176493727977
Symbiodinium43336,-0.0437191946630852
Symbiodinium43340,0.420525598924463
Symbiodinium43341,0.340459506127193
Symbiodinium43345,0.383843666552002
Symbiodinium43346,-0.47475737443541
Symbiodinium43347,0.0999317039993993
Symbiodinium43350,-0.434068215370782
Symbiodinium43351,0.0621907524507167
Symbiodinium43352,0.0659221934288694
Symbiodinium43353,-0.048488580275969
Symbiodinium43360,0.287179447437871
Symbiodinium43365,-0.104060693539518
Symbiodinium43385,-0.0271526280650148
Symbiodinium43386,0.425553706899819
Symbiodinium43391,-0.272332518697298
Symbiodinium43394,0.459714348077342
Symbiodinium43396,0.0701425806255499
Symbiodinium43400,-0.342040692246656
Symbiodinium43401,0.136578023192026
Symbiodinium43411,0.276705196136565
Symbiodinium43415,0.156415928053643
Symbiodinium43419,-0.338845887206611
Symbiodinium43422,-0.522105795802299
Symbiodinium43425,-0.0571366102491913
Symbiodinium43426,-0.0203070277080176
Symbiodinium43427,0.0251657699103905
Symbiodinium43428,0.38291164290517
Symbiodinium43438,0.3903319530677
Symbiodinium43439,0.269778266052978
Symbiodinium43440,0.130094488751201
Symbiodinium43441,-0.00607907825738389
Symbiodinium43445,-0.176292757498231
Symbiodinium43447,-0.288307632212138
Symbiodinium43448,0.560558477956757
Symbiodinium43449,0.164257757795575
Symbiodinium43454,-0.0701249095989585
Symbiodinium43455,0.300906507974267
Symbiodinium43458,-0.239793599179166
Symbiodinium43460,0.38759344464107
Symbiodinium43468,-0.259197651122871
Symbiodinium43475,0.237514120788948
Symbiodinium43478,0.262658519124319
Symbiodinium43480,0.289411139105694
Symbiodinium43481,-0.0226577495055633
Symbiodinium43485,-0.345687055650015
Symbiodinium43487,0.114716473335025
Symbiodinium43491,0.248185967210789
Symbiodinium43492,0.309187863872753
Symbiodinium43496,-0.210142424119402
Symbiodinium43497,0.417587163895599
Symbiodinium43498,-0.0470016110883968
Symbiodinium43504,-0.00449402035111214
Symbiodinium43505,0.145425115695096
Symbiodinium43506,0.0519184815287952
Symbiodinium43507,-0.0835043344472109
Symbiodinium43508,0.894760830933127
Symbiodinium43513,0.222767461948106
Symbiodinium43514,0.441314859125312
Symbiodinium43519,-0.461501004163508
Symbiodinium43521,0.69056914147118
Symbiodinium43524,-0.0539475333866041
Symbiodinium43526,-0.00772059841411812
Symbiodinium43527,-0.236352425789484
Symbiodinium43528,0.190120627678913
Symbiodinium43530,0.22403651041846
Symbiodinium43534,0.28836226098572
Symbiodinium43535,0.0627565169248411
Symbiodinium43536,0.147734505910245
Symbiodinium43538,0.169645368073481
Symbiodinium43541,0.159674702063305
Symbiodinium43542,-0.728995432521818
Symbiodinium43547,0.0165384738987087
Symbiodinium43549,0.0599607748447959
Symbiodinium43558,0.0223670388047597
Symbiodinium43559,-0.102200993341818
Symbiodinium43562,0.116158063344477
Symbiodinium43564,0.538002762031568
Symbiodinium43569,0.385501511959621
Symbiodinium43572,0.265968299500648
Symbiodinium43581,-0.176953547730645
Symbiodinium43583,-0.0454048612390271
Symbiodinium43585,0.54046135801507
Symbiodinium43586,0.34371556474358
Symbiodinium43589,-0.747136108522826
Symbiodinium43592,0.0911401773849885
Symbiodinium43595,-0.245782802789291
Symbiodinium43596,0.0636820278884961
Symbiodinium43597,0.236941034700473
Symbiodinium43599,0.0697437584845849
Symbiodinium43605,0.708363357781362
Symbiodinium43607,0.0208166517290755
Symbiodinium43610,-0.344225137170456
Symbiodinium43612,-0.356518155467196
Symbiodinium43614,0.163287835542566
Symbiodinium43620,-0.551975765870709
Symbiodinium43621,-0.129300535556731
Symbiodinium43624,-0.33732508573916
Symbiodinium43626,-0.123520757069845
Symbiodinium43630,-0.0525090777562271
Symbiodinium43632,0.35710721328722
Symbiodinium43633,0.114206560310326
Symbiodinium43635,-0.0929052869691606
Symbiodinium43640,-0.240380438547474
Symbiodinium43641,0.339887812506873
Symbiodinium43644,-0.369636832753622
Symbiodinium43649,0.0870107692874672
Symbiodinium43651,0.573427510001258
Symbiodinium43652,0.566021821524023
Symbiodinium43656,-0.151070475508713
Symbiodinium43662,-0.243482146531084
Symbiodinium43666,-0.186867921325531
Symbiodinium43668,-0.082785416398756
Symbiodinium43669,-0.0312473176700958
Symbiodinium43674,0.0190262802434473
Symbiodinium43677,0.189386088467358
Symbiodinium43678,0.182321587510854
Symbiodinium43679,0.275998694388809
Symbiodinium43680,-0.189299176195199
Symbiodinium43682,0.311448569264183
Symbiodinium43689,-0.273483262687606
Symbiodinium43691,0.167115966960049
Symbiodinium43698,-0.426344529664641
Symbiodinium43699,0.041845125460947
Symbiodinium43701,0.206066544481381
Symbiodinium43702,-0.346830182564842
Symbiodinium43704,0.0116060731699242
Symbiodinium43705,-0.0057583653447227
Symbiodinium43708,-0.303935180719233
Symbiodinium43715,0.668727233017122
Symbiodinium43716,0.369368002533226
Symbiodinium43718,0.134558273059147
Symbiodinium43721,-0.0039294775925831
Symbiodinium43729,-0.193135016280392
Symbiodinium43731,0.4972205780154
Symbiodinium43732,-0.0140204979354298
Symbiodinium43743,-0.690366331687395
Symbiodinium43747,0.252588795361687
Symbiodinium43761,0.298091024559001
Symbiodinium43773,-0.144012164100496
Symbiodinium43774,-0.315110107157594
Symbiodinium43775,0.461313115377242
Symbiodinium43776,0.110348112219342
Symbiodinium43779,0.17121770123876
Symbiodinium43784,-0.220584038785913
Symbiodinium43785,-0.0249144204773146
Symbiodinium43789,0.0714468862632001
Symbiodinium43793,-0.0801299926277983
Symbiodinium43796,0.255351885950921
Symbiodinium43802,-0.153116627911037
Symbiodinium43806,-0.495499420737538
Symbiodinium43811,0.274257595369626
Symbiodinium43812,-0.0126223583816494
Symbiodinium43814,0.446937599141315
Symbiodinium43818,0.130539686234093
Symbiodinium43819,0.444789947946798
Symbiodinium43820,-0.768325148150565
Symbiodinium43824,-0.278115763001385
Symbiodinium43825,-0.485915312021865
Symbiodinium43826,-0.31181221740736
Symbiodinium43827,-0.0944704144273164
Symbiodinium43833,-0.122436541555906
Symbiodinium43836,0.0172938598524231
Symbiodinium43838,-0.443376634893927
Symbiodinium43843,0.0461025797283322
Symbiodinium43849,-0.276846803869615
Symbiodinium43850,-0.0924972913485849
Symbiodinium43856,-0.0920902348644502
Symbiodinium43867,-0.0288684699127249
Symbiodinium43870,0.182783196402047
Symbiodinium43871,0.240476260711773
Symbiodinium43873,-0.0454905299055707
Symbiodinium43876,0.0440538682202198
Symbiodinium43877,0.237150645523377
Symbiodinium43878,0.0119918668739641
Symbiodinium43880,-0.167141189081861
Symbiodinium43887,0.350385334464225
Symbiodinium43891,0.206526654963666
Symbiodinium43901,-0.161634352696261
Symbiodinium43902,-0.388256070805427
Symbiodinium43907,0.0708512496694476
Symbiodinium43910,0.382272692432747
Symbiodinium43912,-0.049889881686559
Symbiodinium43919,-0.0587664505270881
Symbiodinium43923,-0.742963144654223
Symbiodinium43925,0.0304854182211888
Symbiodinium43928,0.301468942129961
Symbiodinium43931,-0.0222275616099443
Symbiodinium43933,-0.271358600233529
Symbiodinium43941,0.1244242738598
Symbiodinium43944,-0.269000627856774
Symbiodinium43946,0.301634638763894
Symbiodinium43950,-0.217782710015281
Symbiodinium43952,-0.236452236975474
Symbiodinium43958,0.00637240228083909
Symbiodinium43961,-0.189214516933394
Symbiodinium43967,-0.340356780587256
Symbiodinium43977,-0.157013119088476
Symbiodinium43981,0.214334773079023
Symbiodinium43988,-0.162752767721738
Symbiodinium43991,-0.0498134551264413
Symbiodinium43992,-0.20666828999616
Symbiodinium43998,-0.239261509904086
Symbiodinium43999,0.46466348659194
Symbiodinium44001,-0.171660230214204
Symbiodinium44005,0.697538577907739
Symbiodinium44008,-0.211581068511257
Symbiodinium44013,0.0587538043945236
Symbiodinium44015,0.21647521267608
Symbiodinium44020,0.22966519185835
Symbiodinium44021,0.750880036028497
Symbiodinium44022,0.00234549664826524
Symbiodinium44023,0.00208902901537433
Symbiodinium44025,-0.00319813669889585
Symbiodinium44037,-0.22904613466888
Symbiodinium44040,0.766402637619841
Symbiodinium44045,-0.0877207187218916
Symbiodinium44049,-0.431266379678249
Symbiodinium44052,0.179277867008715
Symbiodinium44053,-0.405630833002101
Symbiodinium44055,0.444500639486631
Symbiodinium44057,-0.439292693083672
Symbiodinium44058,0.0590640173335865
Symbiodinium44067,0.355972724898105
Symbiodinium44068,0.172171429247846
Symbiodinium44069,-0.221430240784802
Symbiodinium44074,0.0387232787011611
Symbiodinium44075,-0.366441873157598
Symbiodinium44077,0.204750411998802
Symbiodinium44078,0.273736954919633
Symbiodinium44079,0.220815902961971
Symbiodinium44088,-0.228170702264725
Symbiodinium44090,-0.0684047666240991
Symbiodinium44093,0.383140057101111
Symbiodinium44101,-0.166451067305172
Symbiodinium44112,-0.0661273335264473
Symbiodinium44113,0.47539207384917
Symbiodinium44121,0.376951709328369
Symbiodinium44124,0.0305901472247
Symbiodinium44131,0.227032105482099
Symbiodinium44132,0.15693113513805
Symbiodinium44137,0.157790775178812
Symbiodinium44139,-0.0778426271131024
Symbiodinium44141,-0.0767767526165041
Symbiodinium44142,0.129118324225263
Symbiodinium44154,-0.0583783686252915
Symbiodinium44155,0.0676023526053637
Symbiodinium44156,-0.549362103560192
Symbiodinium44159,-0.0224815276866131
Symbiodinium44160,0.193302761879645
Symbiodinium44165,0.092075962065498
Symbiodinium44166,-0.324822300126419
Symbiodinium44167,0.0729016238920265
Symbiodinium44168,-0.136977878810574
Symbiodinium44173,0.616164214660902
Symbiodinium44178,-0.116426062485352
Symbiodinium44183,-0.0792373145208967
Symbiodinium44184,-1.18180660528133
Symbiodinium44186,0.159234575899869
Symbiodinium44187,0.385512544425565
Symbiodinium44192,-0.133366864711897
Symbiodinium44194,-0.306208244680635
Symbiodinium44196,-0.606640389800335
Symbiodinium44203,-0.486256424990797
Symbiodinium44205,0.594746834403945
Symbiodinium44207,0.032285539655292
Symbiodinium44209,0.470022322323619
Symbiodinium44213,-0.0434318061438089
Symbiodinium44233,0.00367563330853862
Symbiodinium44236,0.0622866848049224
Symbiodinium44239,-0.600323392134821
Symbiodinium44240,-0.149173434158952
Symbiodinium44242,0.23753604706627
Symbiodinium44244,0.191617218629109
Symbiodinium44249,-0.477582548901858
Symbiodinium44253,-0.298074522787265
Symbiodinium44254,0.080874008576791
Symbiodinium44256,-0.192461775994458
Symbiodinium44258,0.223768084841281
Symbiodinium44261,-0.281913221611905
Symbiodinium44262,0.102686132808725
Symbiodinium44266,0.241230666499192
Symbiodinium44270,0.0936744236396443
Symbiodinium44274,0.0993563833598287
Symbiodinium44278,0.0941971181414797
Symbiodinium44280,0.411900034533643
Symbiodinium44283,0.370739610533977
Symbiodinium44289,-0.887321499822423
Symbiodinium44293,0.146612641477051
Symbiodinium44295,0.535855433385562
Symbiodinium44302,-0.00914304658865972
Symbiodinium44307,0.308702227943106
Symbiodinium44312,0.306674868118094
Symbiodinium44318,0.183361372062329
Symbiodinium44323,0.485065352905647
Symbiodinium44329,0.109353435061136
Symbiodinium44330,-0.295923592772025
Symbiodinium44334,0.346263771705316
Symbiodinium44335,0.0158994007296618
Symbiodinium44339,0.462415429504392
Symbiodinium44345,0.564737722414355
Symbiodinium44350,0.234666881221326
Symbiodinium44351,0.188254720884089
Symbiodinium44352,0.099552714664911
Symbiodinium44353,-0.104041033491366
Symbiodinium44354,0.406391030176311
Symbiodinium44355,0.0645122647918214
Symbiodinium44359,0.321253338521185
Symbiodinium44360,0.0976050843498925
Symbiodinium44363,0.179529793163511
Symbiodinium44366,0.369157290520802
Symbiodinium44369,0.320086864698091
Symbiodinium44371,0.0927729542077348
Symbiodinium44377,-0.507109632798554
Symbiodinium44380,0.358313083224358
Symbiodinium44386,0.0730833986482715
Symbiodinium44387,-0.390872393304661
Symbiodinium44393,0.0616748835768702
Symbiodinium44397,-0.0500981185496887
Symbiodinium44399,0.0915011967198928
Symbiodinium44402,0.443698925990881
Symbiodinium44403,-0.196785726533522
Symbiodinium44410,-0.7618604128236
Symbiodinium44413,-0.00806503342892514
Symbiodinium44417,-0.178070221000304
Symbiodinium44421,0.271819947955742
Symbiodinium44428,0.143803365544636
Symbiodinium44435,0.408143453556426
Symbiodinium44438,-0.243845248734592
Symbiodinium44439,0.393802062658177
Symbiodinium44442,0.119886483475689
Symbiodinium44445,0.0369151972363068
Symbiodinium44446,0.0355720129705071
Symbiodinium44447,0.462841678098794
Symbiodinium44450,0.406835059144872
Symbiodinium44456,-0.105563808472959
Symbiodinium44458,-0.135341986589405
Symbiodinium44459,0.579040135623405
Symbiodinium44460,0.0152427534963796
Symbiodinium44462,0.927192052591084
Symbiodinium44467,0.0972141505677538
Symbiodinium44475,-0.633101621084354
Symbiodinium44477,0.222912965253286
Symbiodinium44478,-0.374842724366619
Symbiodinium44481,-0.318367842131995
Symbiodinium44484,0.235728984126963
Symbiodinium44489,-0.457228920302829
Symbiodinium44494,0.0611308555036399
Symbiodinium44495,0.0612351027435536
Symbiodinium44498,0.0606537184963735
Symbiodinium44499,-0.281703554289001
Symbiodinium44503,-0.212499517998096
Symbiodinium44504,0.532452473195793
Symbiodinium44505,0.029206334676376
Symbiodinium44506,0.351285653398002
Symbiodinium44507,0.268530255914953
Symbiodinium44516,0.174542758376403
Symbiodinium44522,-0.301017054643275
Symbiodinium44525,0.0619547137733876
Symbiodinium44527,0.410608477816817
Symbiodinium44529,-0.0964174792364011
Symbiodinium44530,-0.298013605163191
Symbiodinium44534,0.109901817222596
Symbiodinium44539,-0.148275559399928
Symbiodinium44558,-0.0880135581902052
Symbiodinium44563,0.0959745076781729
Symbiodinium44567,-0.204240303738809
Symbiodinium44568,0.495006191504677
Symbiodinium44575,-0.399440346762767
Symbiodinium44583,-0.452333641368044
Symbiodinium44587,0.0631961582643028
Symbiodinium44588,-0.176728046257171
Symbiodinium44592,-0.107353069728335
Symbiodinium44593,-0.217521325479871
Symbiodinium44602,0.396676615607365
Symbiodinium44608,-0.0501474593650214
Symbiodinium44616,0.0835155275476447
Symbiodinium44621,0.0661749110385803
Symbiodinium44622,-0.235841152867822
Symbiodinium44623,-0.0080199107309942
Symbiodinium44625,-0.0946343853608775
Symbiodinium44628,-0.859587541060258
Symbiodinium44629,-0.189117593657321
Symbiodinium44630,-0.301612183543852
Symbiodinium44638,0.53139713065121
Symbiodinium44641,-0.00318257827496407
Symbiodinium44642,0.188034025515319
Symbiodinium44643,-0.468268783783308
Symbiodinium44646,0.138519290959326
Symbiodinium44649,-0.130426897323583
Symbiodinium44651,0.122124975098229
Symbiodinium44654,0.4899618713871
Symbiodinium44659,-0.176797766261862
Symbiodinium44662,0.109961962713168
Symbiodinium44663,0.373728132599065
Symbiodinium44664,0.510192958965243
Symbiodinium44665,0.223149449098955
Symbiodinium44669,-0.0442430220874412
Symbiodinium44672,-0.232632955935377
Symbiodinium44676,-0.237808981722762
Symbiodinium44680,0.249395948150294
Symbiodinium44683,0.0209579461742956
Symbiodinium44688,-0.623516470098421
Symbiodinium44692,0.434867026029225
Symbiodinium44693,-0.0120849133801815
Symbiodinium44697,0.474118639902398
Symbiodinium44717,-0.20821036837402
Symbiodinium44721,-0.122872656959147
Symbiodinium44724,0.20724518670563
Symbiodinium44729,-0.322742433118531
Symbiodinium44731,-0.1293806483505
Symbiodinium44733,-0.118114266731982
Symbiodinium44735,-0.416130717833672
Symbiodinium44742,-0.175713102930255
Symbiodinium44743,0.0723154714585739
Symbiodinium44747,-0.05662479693299
Symbiodinium44753,0.41445230356098
Symbiodinium44755,0.301007419071726
Symbiodinium44761,0.294013253778296
Symbiodinium44762,0.531701227880558
Symbiodinium44764,-0.101162157677531
Symbiodinium44769,-0.0568032667923364
Symbiodinium44771,-0.158871131169448
Symbiodinium44775,-0.292999481425889
Symbiodinium44779,0.0798860550407859
Symbiodinium44781,0.253662675815766
Symbiodinium44782,0.224731116867134
Symbiodinium44784,0.203164977556034
Symbiodinium44786,0.217601843048708
Symbiodinium44791,-0.525822494032478
Symbiodinium44793,0.182443181437217
Symbiodinium44801,0.308295289625987
Symbiodinium44806,-0.399570386433329
Symbiodinium44807,-0.143438444601569
Symbiodinium44809,-0.34784145761878
Symbiodinium44810,-0.214163110228566
Symbiodinium44814,0.0365292715753649
Symbiodinium44816,0.0533916424837529
Symbiodinium44823,0.0326339168176278
Symbiodinium44827,0.353261476168727
Symbiodinium44829,-0.702214906230785
Symbiodinium44838,0.317490559802829
Symbiodinium44844,0.15398570695848
Symbiodinium44847,0.421491792938721
Symbiodinium44851,0.197372503465859
Symbiodinium44854,0.242050399938101
Symbiodinium44856,0.00240452425557839
Symbiodinium44863,0.0573288832120373
Symbiodinium44865,0.0326430754573076
Symbiodinium44866,-0.148558023929743
Symbiodinium44877,-0.511129637716186
Symbiodinium44878,0.0666457402491949
Symbiodinium44888,0.450149494090073
Symbiodinium44892,-0.16103617978915
Symbiodinium44893,-0.211986523827641
Symbiodinium44894,0.0453726003961898
Symbiodinium44896,-1.22355290553726
Symbiodinium44901,-0.0741883725650051
Symbiodinium44904,-0.227378176715933
Symbiodinium44909,-0.489396640943509
Symbiodinium44911,0.376459055885014
Symbiodinium44913,0.357416165542301
Symbiodinium44917,0.314148117998151
Symbiodinium44919,0.34458799754401
Symbiodinium44920,0.679080820233745
Symbiodinium44923,0.703988833410879
Symbiodinium44927,-0.203371144892716
Symbiodinium44928,-0.0368017113232932
Symbiodinium44933,0.098168136212154
Symbiodinium44945,-0.531844823179168
Symbiodinium44947,-0.117786624427612
Symbiodinium44948,-0.21935044918713
Symbiodinium44949,0.183201502183352
Symbiodinium44953,0.10718263144103
Symbiodinium44954,-0.370947919084549
Symbiodinium44955,-0.113846138181212
Symbiodinium44962,0.274302294825205
Symbiodinium44963,0.281779289369866
Symbiodinium44967,0.252903647635044
Symbiodinium44972,0.170094305126282
Symbiodinium44977,0.449543720125092
Symbiodinium44978,-0.0479183529961333
Symbiodinium44981,0.144765271082437
Symbiodinium44983,0.271245399564801
Symbiodinium44992,-0.0910349585653764
Symbiodinium44995,-0.0638628811278839
Symbiodinium44997,-0.132069184075396
Symbiodinium44999,-0.11011921141541
Symbiodinium45002,0.190787841367016
Symbiodinium45009,-0.577015790946617
Symbiodinium45011,-0.212678044851192
Symbiodinium45014,0.00162920999304495
Symbiodinium45017,-0.670367430109811
Symbiodinium45022,-0.0982887563547361
Symbiodinium45025,0.545322232215596
Symbiodinium45027,0.23916795071391
Symbiodinium45029,-0.0636969520023503
Symbiodinium45030,-0.163360070463871
Symbiodinium45032,0.292649625422216
Symbiodinium45033,-0.137557076197328
Symbiodinium45042,0.314391666646255
Symbiodinium45051,0.134335851303028
Symbiodinium45052,0.394710151198637
Symbiodinium45053,0.110467446057988
Symbiodinium45054,-0.0732493068120403
Symbiodinium45055,0.350368009694934
Symbiodinium45056,-0.207765776046124
Symbiodinium45057,-0.157931564082663
Symbiodinium45061,0.00303138245519228
Symbiodinium45063,-0.0382147510760275
Symbiodinium45067,-0.161853867124677
Symbiodinium45068,0.155912351803835
Symbiodinium45070,-0.0716654701913673
Symbiodinium45077,0.0658198241039388
Symbiodinium45078,0.0894977085931494
Symbiodinium45079,0.0977572037132782
Symbiodinium45081,0.301680815859795
Symbiodinium45084,0.485857276359382
Symbiodinium45086,-1.17496585508002
Symbiodinium45091,-0.14943345313465
Symbiodinium45100,-0.423258598370562
Symbiodinium45101,0.150377943707464
Symbiodinium45102,0.342747399733138
Symbiodinium45107,-0.608301123981573
Symbiodinium45108,0.392039167690709
Symbiodinium45116,-0.0920958346485912
Symbiodinium45128,0.304358243376815
Symbiodinium45129,0.12744681068443
Symbiodinium45131,0.0519448353472395
Symbiodinium45132,0.496618614341271
Symbiodinium45134,0.498165087871796
Symbiodinium45139,-0.0885152062908634
Symbiodinium45140,0.055911598239359
Symbiodinium45141,0.141723681228434
Symbiodinium45144,-0.38350441752408
Symbiodinium45146,-0.2525326359009
Symbiodinium45152,-0.24271574800924
Symbiodinium45153,0.168508971142377
Symbiodinium45155,-0.0828332392313419
Symbiodinium45161,0.538631351288488
Symbiodinium45167,-0.550563859288138
Symbiodinium45168,-0.146420491551655
Symbiodinium45172,-0.260282014132896
Symbiodinium45173,-0.0281825556480652
Symbiodinium45174,-0.586295713251787
Symbiodinium45183,0.527344153335576
Symbiodinium45185,0.411964868411058
Symbiodinium45186,0.08087831920963
Symbiodinium45190,0.534179838514258
Symbiodinium45196,-0.22892179708393
Symbiodinium45197,0.654479087387472
Symbiodinium45198,0.153000658789333
Symbiodinium45208,-0.182715459663281
Symbiodinium45209,0.25151559268953
Symbiodinium45222,-0.443762173493147
Symbiodinium45225,0.235982146120594
Symbiodinium45226,0.352647338117942
Symbiodinium45227,-0.029033059130963
Symbiodinium45230,-0.165071113560989
Symbiodinium45234,-0.12419484262944
Symbiodinium45251,0.332317680612198
Symbiodinium45252,0.282201384071209
Symbiodinium45258,-0.186580998414897
Symbiodinium45263,0.198234249494374
Symbiodinium45266,0.201336761162131
Symbiodinium45268,0.121585313622316
Symbiodinium45273,-0.195501551150208
Symbiodinium45291,0.0640139617272609
Symbiodinium45292,-0.111476672038576
Symbiodinium45293,-0.108075613612802
Symbiodinium45296,0.219741803455431
Symbiodinium45297,-0.0514126590996362
Symbiodinium45299,0.142952882549277
Symbiodinium45302,-0.229058431142044
Symbiodinium45303,-0.00345727151607723
Symbiodinium45304,-0.0431036156787367
Symbiodinium45309,0.0150616493705027
Symbiodinium45310,0.226706325966263
Symbiodinium45314,-0.0644328920407404
Symbiodinium45315,0.487654450966166
Symbiodinium45316,-0.596982349574023
Symbiodinium45319,-0.206538959742816
Symbiodinium45323,0.250935526676281
Symbiodinium45324,-0.838476039731703
Symbiodinium45325,0.178564697311695
Symbiodinium45327,0.234764328532968
Symbiodinium45334,-0.11112560725763
Symbiodinium45337,0.212117195992841
Symbiodinium45338,0.171057811214648
Symbiodinium45340,0.17514282756673
Symbiodinium45343,0.00581963401398885
Symbiodinium45346,0.132465904849978
Symbiodinium45348,-0.0332376423740488
Symbiodinium45353,-0.0311045832910854
Symbiodinium45355,-0.28340194420084
Symbiodinium45357,0.197398722289011
Symbiodinium45361,-0.439960424329963
Symbiodinium45368,0.0990688385842886
Symbiodinium45377,0.251998014590704
Symbiodinium45378,-0.250910554788615
Symbiodinium45382,0.442166772326482
Symbiodinium45388,0.563011441796518
Symbiodinium45393,-0.244345374941688
Symbiodinium45397,0.241155276280567
Symbiodinium45400,-0.105868414069331
Symbiodinium45406,-0.190020023532106
Symbiodinium45408,-0.105473332916301
Symbiodinium45411,-0.101656904894779
Symbiodinium45423,0.131145065004491
Symbiodinium45425,0.37032214257996
Symbiodinium45438,0.146555921934868
Symbiodinium45448,0.943964615351227
Symbiodinium45449,-0.111931058845793
Symbiodinium45450,-0.475042159935719
Symbiodinium45459,0.0533110338949035
Symbiodinium45462,-0.100231140298239
Symbiodinium45463,0.0689945251463217
Symbiodinium45469,0.103031498421827
Symbiodinium45475,0.315413211422969
Symbiodinium45476,0.121548064495896
Symbiodinium45477,0.302272147615066
Symbiodinium45483,0.691107310979405
Symbiodinium45484,-0.0503923178285767
Symbiodinium45485,-0.370968868058589
Symbiodinium45487,-0.091162899569834
Symbiodinium45490,0.0730670846047505
Symbiodinium45495,-0.0391100350499194
Symbiodinium45508,0.232803359810339
Symbiodinium45514,-0.471201083855773
Symbiodinium45523,0.251781048743377
Symbiodinium45534,-0.0253298204827206
Symbiodinium45541,0.104040810214163
Symbiodinium45544,-0.452511457933433
Symbiodinium45545,0.327748458733488
Symbiodinium45547,0.093763693775182
Symbiodinium45555,0.542254973409601
Symbiodinium45565,-0.0334811602351939
Symbiodinium45570,0.0938097850013931
Symbiodinium45574,0.419653150527821
Symbiodinium45576,-0.216094683843326
Symbiodinium45596,0.149659728035084
Symbiodinium45599,-0.158020979507392
Symbiodinium45605,0.48557226801153
Symbiodinium45607,0.254731602031717
Symbiodinium45608,0.0800219657797814
Symbiodinium45609,-0.0758843554759067
Symbiodinium45617,0.249371401152901
Symbiodinium45618,0.0853018616089764
Symbiodinium45624,-0.0694507142524222
Symbiodinium45629,0.0443395102082706
Symbiodinium45631,0.316465197728472
Symbiodinium45633,-0.183521442591333
Symbiodinium45636,-0.0250035127348929
Symbiodinium45645,0.161005846849424
Symbiodinium45646,-0.00756271215395912
Symbiodinium45650,-0.229907996371978
Symbiodinium45655,0.346000649513476
Symbiodinium45657,0.865503732737772
Symbiodinium45664,0.3275566015549
Symbiodinium45672,0.081802302766956
Symbiodinium45681,0.166859759911214
Symbiodinium45682,-0.216977429162954
Symbiodinium45690,-0.247362928502151
Symbiodinium45695,-0.100276429863703
Symbiodinium45697,-0.235254571706927
Symbiodinium45708,0.343064247196587
Symbiodinium45709,0.207972886767646
Symbiodinium45715,-0.680717166251311
Symbiodinium45719,0.310498939883027
Symbiodinium45723,0.294136809878663
Symbiodinium45733,-0.419287003498286
Symbiodinium45734,0.251607526939758
Symbiodinium45735,-0.634001050965007
Symbiodinium45736,-0.0893323536619014
Symbiodinium45737,0.0644040332495822
Symbiodinium45738,-0.154852853334486
Symbiodinium45751,0.0716205081957577
Symbiodinium45753,0.63377950841646
Symbiodinium45763,0.108790308042565
Symbiodinium45776,0.00454500619090648
Symbiodinium45779,-0.689660083762344
Symbiodinium45780,0.514975040806011
Symbiodinium45784,0.160108158000503
Symbiodinium45785,0.327757644272017
Symbiodinium45793,-0.115924570953283
Symbiodinium45794,0.365862143574487
Symbiodinium45796,0.281987451119929
Symbiodinium45798,-0.0400833851918796
Symbiodinium45801,-0.338865633660867
Symbiodinium45805,0.198287014236159
Symbiodinium45810,-0.0384774267346163
Symbiodinium45811,-0.546068923677446
Symbiodinium45817,-0.016095642907025
Symbiodinium45819,-0.205777225467632
Symbiodinium45820,0.20868957311669
Symbiodinium45821,0.17895194812194
Symbiodinium45824,0.0204449434372543
Symbiodinium45831,-0.242077506396501
Symbiodinium45832,0.840627041625508
Symbiodinium45835,0.12928116725917
Symbiodinium45836,0.419465071091818
Symbiodinium45838,-0.171161980822019
Symbiodinium45840,0.0216998533521912
Symbiodinium45848,-0.00402902162432147
Symbiodinium45853,0.283963935661128
Symbiodinium45856,0.370043256277488
Symbiodinium45865,0.0294006609521779
Symbiodinium45868,-0.264841207840174
Symbiodinium45870,0.369329166883829
Symbiodinium45874,0.284618700747366
Symbiodinium45876,-0.140881380361687
Symbiodinium45883,-0.202949448183342
Symbiodinium45889,-0.139357230738468
Symbiodinium45891,-0.0646770245167043
Symbiodinium45894,0.242688553220219
Symbiodinium45897,-0.068100492224021
Symbiodinium45899,-0.336403828144399
Symbiodinium45903,-0.057536993245924
Symbiodinium45904,0.40540743515305
Symbiodinium45907,0.36492335986313
Symbiodinium45910,-0.0101784591918133
Symbiodinium45918,-0.0140477766722929
Symbiodinium45919,0.281501232775764
Symbiodinium45922,0.267897614192363
Symbiodinium45925,0.158792048143721
Symbiodinium45926,0.282006724237802
Symbiodinium45929,-0.294624841291824
Symbiodinium45930,0.264701369544547
Symbiodinium45937,0.0108150394483908
Symbiodinium45942,-0.102835965018089
Symbiodinium45945,0.59071358533322
Symbiodinium45949,0.168732671346019
Symbiodinium45950,-0.34362846926702
Symbiodinium45953,0.131438901340927
Symbiodinium45954,-0.0174805202685614
Symbiodinium45955,0.100330309870592
Symbiodinium45965,0.24171056582082
Symbiodinium45969,-0.211157310369799
Symbiodinium45971,-0.0220674718718555
Symbiodinium45981,0.191282845680452
Symbiodinium45984,-0.0571288466081949
Symbiodinium45985,0.313256787386276
Symbiodinium45986,0.200845938459772
Symbiodinium45998,0.129425872006221
Symbiodinium46012,0.0274127090325143
Symbiodinium46015,0.28725996058807
Symbiodinium46016,-0.218257606895319
Symbiodinium46020,-0.00797127514617282
Symbiodinium46023,-0.166225136122926
Symbiodinium46024,0.195611731740958
Symbiodinium46027,-0.0538204523881711
Symbiodinium46040,0.434927166807143
Symbiodinium46042,-0.314074704828084
Symbiodinium46053,-0.043857574656747
Symbiodinium46058,0.0397184673842822
Symbiodinium46059,-0.206352031676511
Symbiodinium46061,-0.12108259523162
Symbiodinium46062,0.383658644926213
Symbiodinium46063,-0.213303984181688
Symbiodinium46064,0.112969373595664
Symbiodinium46074,0.377886926456435
Symbiodinium46077,0.192194636625588
Symbiodinium46082,0.195112703357383
Symbiodinium46088,0.150057605288409
Symbiodinium46090,0.125296104508108
Symbiodinium46097,-0.151449525052777
Symbiodinium46100,-0.277714708334196
Symbiodinium46112,0.07280110974413
Symbiodinium46127,0.022192481538034
Symbiodinium46130,0.790781300273454
Symbiodinium46136,0.136181914672403
Symbiodinium46140,0.0133591831069977
Symbiodinium46145,0.289846307108916
Symbiodinium46149,0.00121687357368726
Symbiodinium46157,0.186057652604449
Symbiodinium46159,0.14569330440648
Symbiodinium46161,-0.196527012655959
Symbiodinium46163,-0.0509852480526092
Symbiodinium46170,-0.0253912410040335
Symbiodinium46171,0.28581361483914
Symbiodinium46173,0.0923050902276965
Symbiodinium46175,-0.0260391498581658
Symbiodinium46181,0.0919461244507997
Symbiodinium46182,-0.109433889044606
Symbiodinium46184,0.159432006499686
Symbiodinium46186,0.283585950740821
Symbiodinium46189,0.165598683482411
Symbiodinium46190,-0.1189097896959
Symbiodinium46201,0.557889846237809
Symbiodinium46202,0.0702307330498138
Symbiodinium46203,0.154422679900032
Symbiodinium46205,-0.349646359574162
Symbiodinium46212,-0.0495865115686595
Symbiodinium46213,0.177452562897087
Symbiodinium46215,0.14235734731306
Symbiodinium46217,-0.073158808898067
Symbiodinium46221,-0.066299286509243
Symbiodinium46222,-0.0495679777335073
Symbiodinium46233,0.250869500938343
Symbiodinium46243,-0.0379258907530784
Symbiodinium46248,0.346726171765385
Symbiodinium46249,0.689191885812755
Symbiodinium46258,0.203195092718463
Symbiodinium46261,-0.493289056611062
Symbiodinium46262,-0.0387233191088498
Symbiodinium46267,0.246616593171634
Symbiodinium46269,0.26515177761966
Symbiodinium46270,0.258401283321421
Symbiodinium46275,0.192168456535287
Symbiodinium46276,-0.272021937203026
Symbiodinium46279,0.0826414266401011
Symbiodinium46284,0.288703021833495
Symbiodinium46287,0.394472059515299
Symbiodinium46291,-0.191909166140969
Symbiodinium46296,0.393182329868907
Symbiodinium46297,-0.338388522333077
Symbiodinium46298,0.0356292897252802
Symbiodinium46301,-0.116945279202744
Symbiodinium46303,0.0223954126308261
Symbiodinium46318,-0.00316420950907011
Symbiodinium46320,-0.0973022466520298
Symbiodinium46323,0.279314895571364
Symbiodinium46325,-0.0571005606011707
Symbiodinium46334,0.0298701023878303
Symbiodinium46336,-0.135454232128267
Symbiodinium46342,-0.561312842448995
Symbiodinium46345,-0.192777263090837
Symbiodinium46346,0.386438685227563
Symbiodinium46354,0.0967153284918459
Symbiodinium46363,-0.262283849174997
Symbiodinium46367,-0.321954238489939
Symbiodinium46368,0.100791780579203
Symbiodinium46369,-0.60703179585979
Symbiodinium46371,-0.437639043072007
Symbiodinium46374,-0.271311801236006
Symbiodinium46381,0.0624963550688792
Symbiodinium46383,-0.0802204353457248
Symbiodinium46391,0.0984383812148865
Symbiodinium46395,0.0875900775719828
Symbiodinium46409,-0.433038833407838
Symbiodinium46411,0.0339650011716883
Symbiodinium46421,0.271385658347186
Symbiodinium46422,-0.405392985469748
Symbiodinium46427,0.00249736856594272
Symbiodinium46429,-0.124566990246014
Symbiodinium46435,0.170131064835576
Symbiodinium46441,-0.51119624783647
Symbiodinium46444,0.362999249213952
Symbiodinium46447,-0.0146802631720429
Symbiodinium46450,0.0160574536145189
Symbiodinium46453,0.211740612273069
Symbiodinium46456,0.0817219062944554
Symbiodinium46457,-0.0421431886662543
Symbiodinium46458,-0.0672896361476626
Symbiodinium46459,-0.153430798749145
Symbiodinium46460,-0.510163594965577
Symbiodinium46461,0.213897297240816
Symbiodinium46463,0.192371830655673
Symbiodinium46465,0.0174979055478586
Symbiodinium46470,0.443391470517574
Symbiodinium46473,0.221683190764574
Symbiodinium46474,0.161774104362717
Symbiodinium46478,0.540344519951558
Symbiodinium46479,0.413445607913417
Symbiodinium46481,0.129152263543368
Symbiodinium46484,0.222197911258189
Symbiodinium46489,-0.0633189028932895
Symbiodinium46504,0.57419600498558
Symbiodinium46505,0.171529706422085
Symbiodinium46510,0.235303888151972
Symbiodinium46515,-0.0897532553205944
Symbiodinium46517,-0.2740683849417
Symbiodinium46519,-0.260797331520369
Symbiodinium46521,0.364014513140597
Symbiodinium46523,0.128750810655549
Symbiodinium46524,0.509184540916247
Symbiodinium46525,-0.689923218306611
Symbiodinium46528,0.123637157937273
Symbiodinium46529,0.187644328243017
Symbiodinium46538,-0.00714858827884271
Symbiodinium46539,0.191016852846716
Symbiodinium46541,0.0291970780514014
Symbiodinium46545,-0.436692097203256
Symbiodinium46546,-0.277944374855084
Symbiodinium46550,-0.368279328731439
Symbiodinium46552,0.331848230139282
Symbiodinium46555,0.0661575476016381
Symbiodinium46564,-0.119540470710337
Symbiodinium46571,-0.415175330211716
Symbiodinium46573,0.18154143037326
Symbiodinium46576,-0.164645192083994
Symbiodinium46578,0.132575224778172
Symbiodinium46587,0.157313361439296
Symbiodinium46589,0.0664220237024259
Symbiodinium46591,0.0546252039624198
Symbiodinium46593,0.308562207622581
Symbiodinium46599,0.525504468177619
Symbiodinium46607,-0.0921583247353958
Symbiodinium46608,-0.62456326824959
Symbiodinium46622,0.0751151124736134
Symbiodinium46625,-0.26343509429424
Symbiodinium46629,-0.654187088884983
Symbiodinium46631,-0.562017242116008
Symbiodinium46632,-0.699857890147162
Symbiodinium46633,0.426128066794689
Symbiodinium46634,0.234905992512201
Symbiodinium46643,-0.015586528644932
Symbiodinium46646,-0.10501293655943
Symbiodinium46648,0.244111860569075
Symbiodinium46662,-0.655846117046552
Symbiodinium46668,0.222046988595699
Symbiodinium46670,-0.931494508229534
Symbiodinium46673,0.751372170166625
Symbiodinium46674,-0.332288060463748
Symbiodinium46676,0.129794965623527
Symbiodinium46679,-0.1952819217797
Symbiodinium46681,0.328227988177226
Symbiodinium46690,-0.160262243409592
Symbiodinium46694,-0.116660738705919
Symbiodinium46695,0.0861946167233819
Symbiodinium46713,0.311273564947515
Symbiodinium46717,-0.152682838083063
Symbiodinium46729,0.681347073932415
Symbiodinium46730,0.402554859484772
Symbiodinium46731,-0.126668529408522
Symbiodinium46736,0.512530523878172
Symbiodinium46744,0.0644886892946035
Symbiodinium46747,-0.133596084660224
Symbiodinium46748,0.0120509985375205
Symbiodinium46749,0.0205982551410742
Symbiodinium46753,-0.00683481009122987
Symbiodinium46754,-0.125410467219252
Symbiodinium46755,-0.352083038825374
Symbiodinium46767,-0.36112772822463
Symbiodinium46769,-0.0538091511257228
Symbiodinium46777,-0.708884632787715
Symbiodinium46778,0.208577953740628
Symbiodinium46779,0.101757615511826
Symbiodinium46788,0.108974707946504
Symbiodinium46789,-0.223710622108579
Symbiodinium46794,0.226035146159262
Symbiodinium46798,-0.035725764137031
Symbiodinium46804,-0.459821273831829
Symbiodinium46806,0.237225494687268
Symbiodinium46809,0.332195626010515
Symbiodinium46812,-0.504219147334183
Symbiodinium46813,-0.501565880054976
Symbiodinium46815,-0.290470570120365
Symbiodinium46816,0.433200141985069
Symbiodinium46817,0.547471563319378
Symbiodinium46820,-0.0190832561210282
Symbiodinium46823,-0.0286645422804849
Symbiodinium46828,0.251837311638308
Symbiodinium46831,0.180667521488047
Symbiodinium46832,-0.0637404424724485
Symbiodinium46837,0.123967948041321
Symbiodinium46839,0.136620654304496
Symbiodinium46842,0.0111913610256504
Symbiodinium46848,0.44859227782901
Symbiodinium46852,-0.183373697562529
Symbiodinium46856,-0.0611750807118569
Symbiodinium46864,-0.0386599343327145
Symbiodinium46865,-0.158464724852623
Symbiodinium46866,-0.527223188220011
Symbiodinium46868,-0.124992456534786
Symbiodinium46882,0.0970393618027335
Symbiodinium46888,-0.254633360363049
Symbiodinium46892,-0.270780394439461
Symbiodinium46896,-0.186533385891956
Symbiodinium46900,0.329430190281573
Symbiodinium46902,0.211476607010711
Symbiodinium46906,-0.0318469275987131
Symbiodinium46917,0.502211336229286
Symbiodinium46918,0.132491693209007
Symbiodinium46920,0.350148040593655
Symbiodinium46923,0.147823409077253
Symbiodinium46927,0.151358913365371
Symbiodinium46931,0.162084392759645
Symbiodinium46933,0.382866059776484
Symbiodinium46934,0.121038803230913
Symbiodinium46935,0.0265575818061154
Symbiodinium46938,0.140895517331911
Symbiodinium46943,-0.454101556301982
Symbiodinium46944,0.38537729768581
Symbiodinium46948,0.0190745299529612
Symbiodinium46959,0.604614779414446
Symbiodinium46961,0.00327963786101495
Symbiodinium46971,-0.149124355017669
Symbiodinium46975,0.704409235233743
Symbiodinium46977,0.338842618239497
Symbiodinium46979,-0.00740886920517074
Symbiodinium46982,0.108638686633142
Symbiodinium46988,0.0355776029796016
Symbiodinium46991,-0.06466506154938
Symbiodinium46993,-0.0993715587336553
Symbiodinium46996,-0.0554952559211233
Symbiodinium46998,0.475113540417108
Symbiodinium47000,-0.0892894325627599
Symbiodinium47003,0.257893638176509
Symbiodinium47008,0.740265042958507
Symbiodinium47011,0.601564134173584
Symbiodinium47015,0.452422551808385
Symbiodinium47018,0.494846084550359
Symbiodinium47022,0.353511834120726
Symbiodinium47024,0.00735338730002802
Symbiodinium47025,-0.0593285287023575
Symbiodinium47031,-0.312865563731523
Symbiodinium47033,-0.195039111232431
Symbiodinium47035,-0.0171030884696127
Symbiodinium47039,-0.0115655649431499
Symbiodinium47041,-0.197308413448108
Symbiodinium47043,0.281554610969977
Symbiodinium47044,0.398603150375889
Symbiodinium47046,0.680765678294083
Symbiodinium47053,0.195011177894027
Symbiodinium47059,0.150858709588987
Symbiodinium47065,-0.252361238522043
Symbiodinium47071,0.16680087605917
Symbiodinium47072,-0.438416254665187
Symbiodinium47073,-0.0418119366776487
Symbiodinium47076,0.666322499249085
Symbiodinium47081,-0.0893336703649752
Symbiodinium47084,-0.196155357641492
Symbiodinium47091,-0.298124113762176
Symbiodinium47092,0.0761079428382812
Symbiodinium47097,0.124912261088207
Symbiodinium47099,0.258138135090991
Symbiodinium47105,-0.208090311491869
Symbiodinium47107,0.078625471842067
Symbiodinium47113,0.205333245381572
Symbiodinium47121,-0.332442631721329
Symbiodinium47126,-0.00419702661940577
Symbiodinium47128,0.489633829124646
Symbiodinium47130,0.131678966825616
Symbiodinium47134,-0.0267330265998382
Symbiodinium47144,0.19567749314668
Symbiodinium47146,0.038023890957816
Symbiodinium47150,-0.61816287177178
Symbiodinium47158,-0.25038970211927
Symbiodinium47167,-0.560195010824335
Symbiodinium47174,0.156559488546306
Symbiodinium47178,-0.233304194761037
Symbiodinium47182,-0.126680154617143
Symbiodinium47183,0.663016044528343
Symbiodinium47191,0.420549367357906
Symbiodinium47192,-0.0159886606612107
Symbiodinium47196,0.1051089256484
Symbiodinium47215,-0.202984789970346
Symbiodinium47218,-0.0485833160409987
Symbiodinium47222,0.00824562145288159
Symbiodinium47226,0.137578379475309
Symbiodinium47229,-0.723967911721823
Symbiodinium47233,-0.339456237319059
Symbiodinium47245,-0.178743521185854
Symbiodinium47248,0.0335047953789976
Symbiodinium47249,-0.286075665141152
Symbiodinium47250,-0.0689392503857959
Symbiodinium47251,-0.270942947104568
Symbiodinium47256,0.102145951568457
Symbiodinium47264,-0.259295302734979
Symbiodinium47269,0.156602163911954
Symbiodinium47275,0.293110462192747
Symbiodinium47278,0.0369849125357096
Symbiodinium47279,0.612248850822059
Symbiodinium47282,-0.0708382217922689
Symbiodinium47296,0.64189580077064
Symbiodinium47297,-0.119889784565618
Symbiodinium47298,0.389156990576285
Symbiodinium47301,0.120593090200572
Symbiodinium47310,-0.0431000292420511
Symbiodinium47314,-0.338728844672291
Symbiodinium47320,0.146005326240523
Symbiodinium47325,-0.181855447467514
Symbiodinium47326,0.426264546004843
Symbiodinium47327,-0.409113203397358
Symbiodinium47329,0.821763556002895
Symbiodinium47330,0.348861850583064
Symbiodinium47344,0.202714155381195
Symbiodinium47347,0.105387500468514
Symbiodinium47352,-0.09093741303501
Symbiodinium4736,0.858197797128366
Symbiodinium47367,-0.143311902843775
Symbiodinium47374,-0.286456278667427
Symbiodinium47379,-0.689755824827135
Symbiodinium47386,0.457933449318329
Symbiodinium47388,0.0814766383978379
Symbiodinium47390,-0.289030583485487
Symbiodinium47405,-0.728425323199844
Symbiodinium47411,-0.42624798994154
Symbiodinium47413,0.0264600187559235
Symbiodinium47415,-0.092851894259406
Symbiodinium47416,-0.0111134724961221
Symbiodinium47418,0.454334581342948
Symbiodinium47421,-0.125425614181148
Symbiodinium47428,-0.0861120981658672
Symbiodinium47429,0.40237927899681
Symbiodinium47430,0.0192976352275289
Symbiodinium47436,-0.419711522051685
Symbiodinium47438,0.342557569060996
Symbiodinium47448,-0.116378961823662
Symbiodinium47449,0.22500014177905
Symbiodinium47451,-0.34927023838203
Symbiodinium47457,0.0413880281041389
Symbiodinium47470,0.0261166673419646
Symbiodinium47472,-0.0376767625103446
Symbiodinium47474,-0.00958139339311838
Symbiodinium47475,-0.0736842038050615
Symbiodinium47481,0.00481623452014708
Symbiodinium47484,-0.277574815440476
Symbiodinium47500,0.441161495368806
Symbiodinium47512,0.468700837313652
Symbiodinium47514,-0.0818540937756864
Symbiodinium47536,-0.019525613713063
Symbiodinium47542,-0.181014609326332
Symbiodinium47546,-0.320628292065079
Symbiodinium47552,-0.181662134214001
Symbiodinium47559,0.583399306534189
Symbiodinium47562,-0.325520430032099
Symbiodinium47564,-0.12998747143083
Symbiodinium47571,0.175437033917613
Symbiodinium47577,-0.518468286303152
Symbiodinium47584,-0.0632578010075509
Symbiodinium47587,-0.00136781706732624
Symbiodinium47590,0.854438468692576
Symbiodinium47591,-0.0445593660730666
Symbiodinium47593,0.375710146256397
Symbiodinium47596,0.200351025046997
Symbiodinium47598,0.0611924415377334
Symbiodinium47603,-0.107517568322518
Symbiodinium47605,0.127022115355267
Symbiodinium47608,0.0788128307782859
Symbiodinium47615,-0.485267804851831
Symbiodinium47618,-0.192860999879346
Symbiodinium47620,0.667317326221627
Symbiodinium47622,0.35905187644121
Symbiodinium47628,0.404747716957698
Symbiodinium47632,0.094281252815128
Symbiodinium47644,0.318950356284152
Symbiodinium47648,-0.678827991820473
Symbiodinium47651,0.186453043721285
Symbiodinium47653,0.30755914954643
Symbiodinium47656,-0.453561275654337
Symbiodinium47662,-0.302188336529435
Symbiodinium47666,-0.0197092087335959
Symbiodinium47667,-0.0478504413630729
Symbiodinium47669,0.149842917202222
Symbiodinium47673,0.236560887940338
Symbiodinium47684,0.358764860755545
Symbiodinium47687,-0.0579781384268156
Symbiodinium47690,0.401471899423377
Symbiodinium47693,0.327061983683552
Symbiodinium47698,0.188296579624866
Symbiodinium47708,0.425098894851098
Symbiodinium47709,0.529317481655784
Symbiodinium47712,0.397268790715036
Symbiodinium47714,0.147890907004249
Symbiodinium47716,0.195513928848638
Symbiodinium47718,0.571123363046593
Symbiodinium47719,0.116274392443097
Symbiodinium47722,0.22937188805569
Symbiodinium47723,-0.290291958609131
Symbiodinium47728,0.409587036798294
Symbiodinium47730,-0.264352560870797
Symbiodinium47732,0.0503478285697407
Symbiodinium47733,0.167742244560216
Symbiodinium47734,-0.0673551394150502
Symbiodinium47738,-0.680552951719459
Symbiodinium47741,0.247211207878759
Symbiodinium47742,-0.0668093364328057
Symbiodinium47745,0.253033930985706
Symbiodinium47746,0.444316318581566
Symbiodinium47747,0.0316135811963367
Symbiodinium47751,-0.0261812647776424
Symbiodinium47752,0.131228285140477
Symbiodinium47756,0.673534269958087
Symbiodinium47757,0.782838599580901
Symbiodinium47759,0.078028091482977
Symbiodinium47760,-0.448238783653025
Symbiodinium47761,0.397397581274363
Symbiodinium47765,0.0138151880785152
Symbiodinium47771,0.332075445920187
Symbiodinium47778,0.468273401333175
Symbiodinium47779,0.0824180587511442
Symbiodinium47782,-0.00362223919059474
Symbiodinium47786,-0.190487563179485
Symbiodinium47790,0.485797725050741
Symbiodinium47793,-0.00141944391388511
Symbiodinium47795,0.193076860096823
Symbiodinium47807,-0.285016697746179
Symbiodinium47809,0.108861079545415
Symbiodinium47817,-0.658529663804933
Symbiodinium47819,0.376220267835285
Symbiodinium47820,-0.111934745444613
Symbiodinium47829,-0.0750497150525545
Symbiodinium47834,0.122827325817642
Symbiodinium47839,-0.231881598373754
Symbiodinium47844,-0.246321135871956
Symbiodinium47852,-0.0995480386652628
Symbiodinium47853,-0.101458084380093
Symbiodinium47862,0.273924492003106
Symbiodinium47864,0.141095402706587
Symbiodinium47870,-0.342388991884591
Symbiodinium47882,0.0323927588853956
Symbiodinium47889,-0.0544746721806692
Symbiodinium47890,-0.130641405243241
Symbiodinium47891,0.210790285095954
Symbiodinium47892,0.594791082368495
Symbiodinium47898,-0.0796295726485328
Symbiodinium47908,-0.255481178469708
Symbiodinium47911,0.14329762507124
Symbiodinium47913,1.03211110082352
Symbiodinium47916,-0.104996066323397
Symbiodinium47917,-0.0254253654187201
Symbiodinium47918,-0.0644976172733259
Symbiodinium47919,-0.0711744906049699
Symbiodinium47920,-0.0389051090197628
Symbiodinium47931,0.223494375503466
Symbiodinium47937,-0.104433695421038
Symbiodinium47939,0.365103644187368
Symbiodinium47944,-0.0375945787589918
Symbiodinium47947,0.393944722462782
Symbiodinium47949,-0.0514711475300597
Symbiodinium47958,-0.261456695394104
Symbiodinium47973,-0.21282502598155
Symbiodinium47974,0.383460212109428
Symbiodinium47975,0.122531444249411
Symbiodinium47976,-0.582868671473525
Symbiodinium47979,-0.134638187811695
Symbiodinium47981,-0.253251651113204
Symbiodinium47982,0.612494977058947
Symbiodinium47994,-0.145838129798707
Symbiodinium48003,-0.196239051491634
Symbiodinium48009,0.233458618854361
Symbiodinium48011,-0.218602660417239
Symbiodinium48012,0.739617500590501
Symbiodinium48013,-0.138212580615831
Symbiodinium48015,0.447392811154123
Symbiodinium48017,-0.108625929426883
Symbiodinium48019,-0.0451638782181254
Symbiodinium48020,0.321930223922257
Symbiodinium48025,0.126608068448762
Symbiodinium48028,-0.117913082690339
Symbiodinium48038,-0.433061705368321
Symbiodinium48043,-0.374221481070927
Symbiodinium48047,-0.148838430663104
Symbiodinium48049,0.125292706003991
Symbiodinium48050,-0.242295645634039
Symbiodinium48051,-0.0654911224563576
Symbiodinium48053,0.163298871115736
Symbiodinium48055,0.263380112798074
Symbiodinium48056,0.258271470596641
Symbiodinium48064,0.310018361763539
Symbiodinium48082,-0.249523134509347
Symbiodinium48087,-0.199008261971266
Symbiodinium48091,0.254973131160061
Symbiodinium48103,0.190839356792255
Symbiodinium48106,-0.127415758858893
Symbiodinium48111,0.0683398977774373
Symbiodinium48114,0.266969157738399
Symbiodinium48115,-0.407705989968115
Symbiodinium48116,-0.376588634457589
Symbiodinium48117,0.52142870615286
Symbiodinium48125,-0.38588662581943
Symbiodinium48127,0.174357872984487
Symbiodinium48132,0.303599932043979
Symbiodinium48135,0.135488745892793
Symbiodinium48142,-0.177419088783396
Symbiodinium48151,-0.032047308072016
Symbiodinium48155,-0.351292234967071
Symbiodinium48158,0.0283785849331958
Symbiodinium48160,0.629498821065058
Symbiodinium48161,0.258667542768122
Symbiodinium48162,-0.0255642057539827
Symbiodinium48163,0.152508279176821
Symbiodinium48179,-0.114082356486476
Symbiodinium48185,-0.329838201189162
Symbiodinium48186,0.358525473703336
Symbiodinium48194,0.604741511535404
Symbiodinium48195,-0.092195943831388
Symbiodinium48196,0.0826929308348407
Symbiodinium48197,0.274075378745616
Symbiodinium48203,0.48142826303266
Symbiodinium48214,0.276442625781791
Symbiodinium48218,-0.478316864268647
Symbiodinium48231,0.0185552886265161
Symbiodinium48233,-0.134774971971282
Symbiodinium48244,0.210943944093481
Symbiodinium48247,-1.00354326633996
Symbiodinium48249,-0.135269667632556
Symbiodinium48257,0.122599149358236
Symbiodinium48258,-0.246948534187222
Symbiodinium48259,-0.410306920072689
Symbiodinium48261,0.245682228138999
Symbiodinium48262,0.0435007300238194
Symbiodinium48278,0.28770485473431
Symbiodinium48281,0.284457870131666
Symbiodinium48287,0.132813030223167
Symbiodinium48300,0.425785964328336
Symbiodinium48301,0.252437145362203
Symbiodinium48303,-0.385764808543523
Symbiodinium48304,0.0742305435414911
Symbiodinium48313,-0.362380957636582
Symbiodinium48315,-0.212566533346771
Symbiodinium48317,-0.117065902857353
Symbiodinium48319,0.333809543838255
Symbiodinium48320,-0.390208939924868
Symbiodinium48322,0.402952691182378
Symbiodinium48333,-0.0121856154479914
Symbiodinium48334,-0.286241041266604
Symbiodinium48338,0.322003971897465
Symbiodinium48340,-0.126716555341546
Symbiodinium48347,-0.6488053398685
Symbiodinium48350,-0.00671893175482605
Symbiodinium48351,0.00542479108845734
Symbiodinium48359,-0.0461210828369939
Symbiodinium48366,-0.452661649240245
Symbiodinium48372,0.16659915781634
Symbiodinium48378,-0.15390452067814
Symbiodinium48380,0.0690277114510351
Symbiodinium48391,-0.242048879445417
Symbiodinium48393,-0.193380529524213
Symbiodinium48395,-0.252136083527551
Symbiodinium48409,-0.0283838951099308
Symbiodinium48412,0.195744671326691
Symbiodinium48417,-0.629841097910232
Symbiodinium48420,-0.357608102475366
Symbiodinium48444,0.509057846233073
Symbiodinium48459,-0.0699976371639314
Symbiodinium48464,-0.218731532568039
Symbiodinium48466,0.160209043250231
Symbiodinium48472,0.00673953357543761
Symbiodinium48479,-0.058097732450101
Symbiodinium48486,0.0559057268804387
Symbiodinium48493,0.175806341669756
Symbiodinium48499,0.18437562453679
Symbiodinium48507,0.018733923456026
Symbiodinium48515,-0.279209541278295
Symbiodinium48516,-0.0146100811102552
Symbiodinium48518,0.195776061852471
Symbiodinium48520,0.341662766941212
Symbiodinium48524,0.433426793792819
Symbiodinium48529,0.00676573212117104
Symbiodinium48537,0.509426693005047
Symbiodinium48551,0.0438728256210334
Symbiodinium48555,-0.0165530486734702
Symbiodinium48558,0.622194975125985
Symbiodinium48567,0.170778354748313
Symbiodinium48575,0.442467059260506
Symbiodinium48577,-0.112867371818267
Symbiodinium48581,0.129494697887254
Symbiodinium48585,-0.27008857667214
Symbiodinium48592,-0.169905529719811
Symbiodinium48594,0.0611836946181685
Symbiodinium48600,-0.346281232014932
Symbiodinium48601,0.646704467619547
Symbiodinium48602,-0.0374322445447153
Symbiodinium48616,0.168514593844672
Symbiodinium48622,0.466816294702232
Symbiodinium48623,-0.269674373381588
Symbiodinium48626,-0.250480788850003
Symbiodinium48627,0.270870550060739
Symbiodinium48631,0.658642049728787
Symbiodinium48634,0.209078405212344
Symbiodinium48635,-0.120061997537456
Symbiodinium48638,-0.301064293174812
Symbiodinium48640,0.525876990573923
Symbiodinium48658,0.178847604128652
Symbiodinium48666,0.122093548894574
Symbiodinium48668,-0.492636774245219
Symbiodinium48679,0.590918356762907
Symbiodinium48685,-0.233945075457574
Symbiodinium48701,-0.152193479938269
Symbiodinium48706,-0.0888574584668769
Symbiodinium48707,0.257374587234475
Symbiodinium48715,0.312653260544222
Symbiodinium48717,0.107649114075726
Symbiodinium48719,0.484121949931289
Symbiodinium48725,-0.0897018497959924
Symbiodinium48730,0.33065211507482
Symbiodinium48733,0.343708856276821
Symbiodinium48737,-0.432126562193372
Symbiodinium48738,0.669419787725192
Symbiodinium48739,0.0702482229407339
Symbiodinium48743,0.195451028720005
Symbiodinium48745,0.289054772520289
Symbiodinium48749,0.325657397071898
Symbiodinium48751,0.0360691736896825
Symbiodinium48752,-0.017631892857532
Symbiodinium48755,0.230423545472322
Symbiodinium48761,-0.344156371022656
Symbiodinium48762,0.60368338661667
Symbiodinium48766,0.233831915641543
Symbiodinium48767,0.279343771929817
Symbiodinium48770,-0.422117360289831
Symbiodinium48775,-0.0384598657631666
Symbiodinium48778,0.360167760871602
Symbiodinium48807,-0.110156457629324
Symbiodinium48808,-0.497358440147987
Symbiodinium48822,0.473289835722186
Symbiodinium48838,0.41084692376645
Symbiodinium48842,0.196235149498153
Symbiodinium48844,0.722492907738891
Symbiodinium48846,0.154437010073162
Symbiodinium48848,-0.206962584391592
Symbiodinium48851,0.0523257556335454
Symbiodinium48854,0.510317382855958
Symbiodinium48864,-0.0111082270479794
Symbiodinium48866,0.448482005291828
Symbiodinium48870,0.202996337992623
Symbiodinium48874,-0.0532479254455175
Symbiodinium48886,-0.0726041774264178
Symbiodinium48896,0.430036112872608
Symbiodinium48900,0.580395618397935
Symbiodinium48903,-0.20395901810653
Symbiodinium48914,0.126784866805046
Symbiodinium48917,0.504023130517151
Symbiodinium48928,0.386098268276787
Symbiodinium48929,0.20036360789117
Symbiodinium48930,0.0960528973882088
Symbiodinium48931,0.558378675794942
Symbiodinium48936,-0.195353450534856
Symbiodinium48938,0.279484584453886
Symbiodinium48941,0.0311414889358155
Symbiodinium48945,-0.0715637538523833
Symbiodinium48960,0.271372347610653
Symbiodinium48961,0.0100112189124151
Symbiodinium48967,-0.74390086243616
Symbiodinium48969,-0.112671865351293
Symbiodinium48971,-0.293052480288639
Symbiodinium48985,0.0183859304883854
Symbiodinium48989,-0.214892339327248
Symbiodinium48994,-0.289819588814662
Symbiodinium49001,0.203073352071406
Symbiodinium49004,-0.142015402291586
Symbiodinium49005,0.307230547608193
Symbiodinium49024,-0.476577392638722
Symbiodinium49027,-0.686137700388568
Symbiodinium49028,-0.198049800947561
Symbiodinium49030,0.152261339007218
Symbiodinium49039,0.552923805199367
Symbiodinium49042,0.288144929443189
Symbiodinium49046,-0.577272514299619
Symbiodinium49052,-0.170341750246372
Symbiodinium49053,0.225490497005639
Symbiodinium49056,-0.164987769256058
Symbiodinium49057,-0.730347663969315
Symbiodinium49069,0.492980446247596
Symbiodinium49070,0.411816890358805
Symbiodinium49076,-0.0703573110986367
Symbiodinium49079,-0.0958540295106457
Symbiodinium49085,0.842424766263728
Symbiodinium49094,0.0337965267415409
Symbiodinium49098,0.271899241126464
Symbiodinium49102,0.309557601848775
Symbiodinium49103,-0.256176252184224
Symbiodinium49104,0.0235566889568421
Symbiodinium49121,-0.0341922851401691
Symbiodinium49132,-0.00253843758434759
Symbiodinium49133,-0.0130728636486527
Symbiodinium49134,-0.130147550228117
Symbiodinium49138,-0.451720073354971
Symbiodinium49140,-0.318641378339809
Symbiodinium49142,0.580707187622665
Symbiodinium49143,0.111689202747402
Symbiodinium49151,0.15096334478975
Symbiodinium49153,-0.0199589301921629
Symbiodinium49158,0.417767835526171
Symbiodinium49162,-0.165712645787958
Symbiodinium49173,-0.23825069635955
Symbiodinium49176,0.00143551376267436
Symbiodinium49182,0.0733928627513485
Symbiodinium49188,0.0606249708628584
Symbiodinium49200,0.0661140052158529
Symbiodinium49210,0.490119891950506
Symbiodinium49221,0.471953642312654
Symbiodinium49223,0.3207272689827
Symbiodinium49227,0.278822775861103
Symbiodinium49231,-0.493362235394968
Symbiodinium49232,-0.313281861968997
Symbiodinium49233,0.325577958446367
Symbiodinium49236,0.376506748039438
Symbiodinium49238,-0.412939384176629
Symbiodinium49239,0.388659436142091
Symbiodinium49242,0.274505680395211
Symbiodinium49250,0.484518370004719
Symbiodinium49251,0.721766523680724
Symbiodinium49259,0.699814769542137
Symbiodinium49262,0.11536045626881
Symbiodinium49266,-0.012475640223979
Symbiodinium49275,0.277837542314754
Symbiodinium49283,0.0360347745998658
Symbiodinium49285,-0.265203958583174
Symbiodinium49291,0.0844306673135882
Symbiodinium49296,-0.333710738997679
Symbiodinium49301,-0.0155588981204811
Symbiodinium49304,-0.131696882697976
Symbiodinium49305,0.0995435511789461
Symbiodinium49306,0.397048624803512
Symbiodinium49310,-0.066913634481673
Symbiodinium49313,0.0207530566422554
Symbiodinium49317,-0.00794929273081531
Symbiodinium49329,0.469816273089983
Symbiodinium49334,-0.0590854559181753
Symbiodinium49336,0.0447441480281991
Symbiodinium49337,0.422196089870615
Symbiodinium49338,0.426744591680754
Symbiodinium49339,0.439442534639707
Symbiodinium49342,-0.274176928248822
Symbiodinium49348,0.659455687076469
Symbiodinium49352,-0.190954497952138
Symbiodinium49357,0.126718793826085
Symbiodinium49359,0.103839322995067
Symbiodinium49361,-0.0077208616267016
Symbiodinium49362,0.231420835961904
Symbiodinium49369,0.335309433431726
Symbiodinium49381,0.13305139198493
Symbiodinium49384,-0.312388466396329
Symbiodinium49391,0.213492822782395
Symbiodinium49402,0.532982288210094
Symbiodinium49407,0.651971863561151
Symbiodinium49410,0.186698213749517
Symbiodinium49422,0.42370350086258
Symbiodinium49426,-0.207640806633586
Symbiodinium49432,0.313616127054897
Symbiodinium49434,-0.159496994370534
Symbiodinium49435,-0.116325963739341
Symbiodinium49437,0.010723002286642
Symbiodinium49438,0.724782795893625
Symbiodinium49443,0.409476371131246
Symbiodinium49447,0.0459967527227579
Symbiodinium49452,0.0607573132966414
Symbiodinium49454,-0.484215947445051
Symbiodinium49462,-0.279400790716871
Symbiodinium49464,-0.148153162855765
Symbiodinium49467,0.00857701695309747
Symbiodinium49469,0.337806510566207
Symbiodinium49478,0.11268356185639
Symbiodinium49479,0.183483932944035
Symbiodinium49482,-0.343452404385182
Symbiodinium49510,0.322532030487003
Symbiodinium49512,0.273157405810049
Symbiodinium49521,0.335683345330507
Symbiodinium49522,-0.489886768023877
Symbiodinium49528,-0.360449423590051
Symbiodinium49534,0.0151883226248459
Symbiodinium49535,0.702046062735852
Symbiodinium49540,-0.436292787155264
Symbiodinium49543,0.34385989281026
Symbiodinium49548,0.133684442063426
Symbiodinium49554,-0.162278414325154
Symbiodinium49555,0.1590240025849
Symbiodinium49558,-0.0807035377898357
Symbiodinium49562,-0.257102837260849
Symbiodinium49568,0.113253565568519
Symbiodinium49595,-0.184958041574254
Symbiodinium49597,0.356007469474167
Symbiodinium49601,0.0488609639993852
Symbiodinium49602,-0.30950622049332
Symbiodinium49605,0.366415670881696
Symbiodinium49610,-0.330414761411861
Symbiodinium49617,0.170412925040938
Symbiodinium49621,0.223433779100336
Symbiodinium49625,0.110872077361721
Symbiodinium49626,0.195565927623087
Symbiodinium49628,0.160373147664657
Symbiodinium49632,0.302480895924647
Symbiodinium49641,-0.252100471731183
Symbiodinium49652,-0.0278183521674404
Symbiodinium49660,0.380862802642107
Symbiodinium49669,0.418007835110919
Symbiodinium49678,0.201789844740352
Symbiodinium49680,0.0978056259010294
Symbiodinium49681,-0.0311313918627743
Symbiodinium49688,0.660901881410994
Symbiodinium49690,0.533388219867657
Symbiodinium49701,0.193841880355199
Symbiodinium49706,0.102924395406929
Symbiodinium49710,-0.503943346112896
Symbiodinium49712,0.0470449950115086
Symbiodinium49734,-0.151249406042167
Symbiodinium49738,-0.040277534120331
Symbiodinium49745,-0.223306808932721
Symbiodinium49749,0.141395423918261
Symbiodinium49750,0.483558292963404
Symbiodinium49754,0.29217454750916
Symbiodinium49769,0.28744857874006
Symbiodinium49776,0.24396079498283
Symbiodinium49781,0.801668257145454
Symbiodinium49784,0.105222928504157
Symbiodinium49798,0.554891848410521
Symbiodinium49800,0.185591480889746
Symbiodinium49801,-0.0817996180584042
Symbiodinium49806,1.05683106029157
Symbiodinium49813,0.0669328086164708
Symbiodinium49828,0.0958468659112387
Symbiodinium49833,0.238106892999883
Symbiodinium49834,-0.250172253308577
Symbiodinium49835,0.102192322064188
Symbiodinium49839,-0.147205718352159
Symbiodinium49840,0.425317751552059
Symbiodinium49842,0.0157833170693538
Symbiodinium49852,-0.118473585039584
Symbiodinium49859,-0.235852106236325
Symbiodinium49860,-0.425468724161772
Symbiodinium49861,0.0220761602427775
Symbiodinium49869,-0.572862751458494
Symbiodinium49873,-0.431996768769501
Symbiodinium49880,0.129326806152443
Symbiodinium49885,0.699551735020013
Symbiodinium49892,0.211168430874936
Symbiodinium49900,0.187074129088583
Symbiodinium49907,-0.258415672240705
Symbiodinium49910,0.331396812753303
Symbiodinium49914,0.146228694790978
Symbiodinium49916,0.471978545665993
Symbiodinium49920,-0.248768634484651
Symbiodinium49922,0.397831502925488
Symbiodinium49934,0.417524022618671
Symbiodinium49951,0.134800014031603
Symbiodinium49957,-0.0631998096635071
Symbiodinium49959,0.338941510520451
Symbiodinium49962,0.582790248779905
Symbiodinium49971,0.290402601104904
Symbiodinium49972,0.286831930305764
Symbiodinium49979,0.215643670465758
Symbiodinium49980,-0.249950682309902
Symbiodinium49988,0.332171773074119
Symbiodinium49997,0.226990488077003
Symbiodinium50014,-0.307276352028452
Symbiodinium50020,0.629229737206735
Symbiodinium50023,-0.644015152132773
Symbiodinium50026,-0.340894272681427
Symbiodinium50031,0.0628256953626297
Symbiodinium50034,-0.408683103522035
Symbiodinium50038,-0.252831015105971
Symbiodinium50054,0.069641242132225
Symbiodinium50055,0.0589343572923149
Symbiodinium50060,0.246175558094001
Symbiodinium50061,0.148824120508945
Symbiodinium50071,-0.122293543182139
Symbiodinium50078,0.324839653308404
Symbiodinium50083,-0.679064815677542
Symbiodinium50084,0.141230687548256
Symbiodinium50092,0.0729811727834086
Symbiodinium50103,0.199271426891236
Symbiodinium50106,-0.0286494946733812
Symbiodinium50117,0.246599207238274
Symbiodinium50118,-0.432437668337543
Symbiodinium50123,0.527230209930715
Symbiodinium50126,-0.108464496196222
Symbiodinium50130,0.484190000484043
Symbiodinium50137,0.224320734697765
Symbiodinium50143,-0.0674422719676766
Symbiodinium50148,-0.282472465599547
Symbiodinium50153,0.519078890420709
Symbiodinium50167,-0.0345299524098569
Symbiodinium50172,-0.2842612339232
Symbiodinium50183,0.251899392584364
Symbiodinium50192,0.400884423897754
Symbiodinium50193,-0.0145497538388253
Symbiodinium502,-0.168317379519208
Symbiodinium50207,0.314807569778624
Symbiodinium50208,0.464007224549351
Symbiodinium50217,-0.389569463437792
Symbiodinium50222,-0.158692790595039
Symbiodinium50231,-0.156941345666662
Symbiodinium50233,-0.285118552874939
Symbiodinium50244,0.432822204546015
Symbiodinium50249,0.00384541306881556
Symbiodinium50254,0.725378385720587
Symbiodinium50266,0.26168112876263
Symbiodinium5027,0.697169361799062
Symbiodinium50271,0.38941648324837
Symbiodinium50274,0.689876658016356
Symbiodinium50284,0.199184170449206
Symbiodinium50289,0.534816123137205
Symbiodinium50291,-0.174113785930465
Symbiodinium50299,0.351901587873268
Symbiodinium50304,0.562991367966196
Symbiodinium50307,0.410469226204547
Symbiodinium50308,-0.361512099357255
Symbiodinium50317,-0.458368636563208
Symbiodinium50318,-0.156403705411639
Symbiodinium50319,0.523080972338448
Symbiodinium50322,-0.693764530001262
Symbiodinium50326,0.31266851651941
Symbiodinium50328,-0.124085325789048
Symbiodinium50335,-0.436120314317163
Symbiodinium50355,-0.51097556259847
Symbiodinium50364,0.282031223953548
Symbiodinium50386,-0.129658099759578
Symbiodinium50388,0.552340652293804
Symbiodinium50393,0.452266328701072
Symbiodinium50397,0.393726942941638
Symbiodinium50412,0.0614158372939573
Symbiodinium50419,0.124918600660006
Symbiodinium50422,-0.0681565590726947
Symbiodinium50429,-0.0595944193708772
Symbiodinium50431,0.305907540250952
Symbiodinium50437,-0.256538843875919
Symbiodinium50438,0.860923826730555
Symbiodinium50439,0.216691931265569
Symbiodinium50445,-0.450150171525367
Symbiodinium50446,0.0359272056092627
Symbiodinium50447,0.373190210361311
Symbiodinium50452,0.0622462808303353
Symbiodinium50464,-0.356341513296195
Symbiodinium50467,0.0321103680546057
Symbiodinium50471,0.103388864802515
Symbiodinium50477,0.024452971350417
Symbiodinium50478,-0.393342127371924
Symbiodinium50479,-0.284809801003927
Symbiodinium50485,0.125872201761819
Symbiodinium50486,-0.184437829265226
Symbiodinium50487,0.228145476334862
Symbiodinium50493,-0.190809815868091
Symbiodinium50502,0.109689223190167
Symbiodinium50510,0.340308118891684
Symbiodinium50532,0.0308279010371101
Symbiodinium50536,-0.306792634767765
Symbiodinium50537,0.47232839164493
Symbiodinium50546,-0.0790876031254608
Symbiodinium50557,-0.262091384621663
Symbiodinium50567,0.165791447415946
Symbiodinium50571,-0.184012801209288
Symbiodinium50586,0.374050606528729
Symbiodinium50587,-0.210094008533248
Symbiodinium50593,0.109657812641045
Symbiodinium50596,-0.669916678893625
Symbiodinium50623,0.217543952518887
Symbiodinium50636,0.117573229945376
Symbiodinium5065,0.00440058630821532
Symbiodinium50650,0.390317591679413
Symbiodinium50656,0.291546803531754
Symbiodinium50661,0.566506500262849
Symbiodinium50664,-0.0447512946565252
Symbiodinium50675,0.0172262083781976
Symbiodinium50681,0.155148585532273
Symbiodinium50690,0.126588349122087
Symbiodinium50692,0.0752712954037769
Symbiodinium50702,0.211090394230569
Symbiodinium5071,0.381995806993041
Symbiodinium50717,-0.308882415160572
Symbiodinium5072,0.160737405215362
Symbiodinium50725,-0.156179101381709
Symbiodinium50739,0.144079005794497
Symbiodinium50741,0.188916471297584
Symbiodinium5075,1.00650420362778
Symbiodinium5076,0.629741339472944
Symbiodinium50760,-0.127768427602366
Symbiodinium50761,0.199476441931969
Symbiodinium50767,-0.333380567540905
Symbiodinium50773,-0.0475644699215466
Symbiodinium50775,0.624367077449584
Symbiodinium50776,-0.344820990865697
Symbiodinium50778,-0.021279173314553
Symbiodinium50787,-0.177680908224605
Symbiodinium50789,0.25847021699516
Symbiodinium50791,-0.0213166769648995
Symbiodinium50793,0.477889814009285
Symbiodinium50800,0.535809133785061
Symbiodinium50802,-0.337886614290113
Symbiodinium50803,-0.160046959309957
Symbiodinium50831,0.636575600960855
Symbiodinium50836,0.0465138100432269
Symbiodinium50843,0.134821738351213
Symbiodinium50845,0.131439663852778
Symbiodinium50855,0.0457204717278069
Symbiodinium50863,0.112815491259097
Symbiodinium50864,-0.00290590554968122
Symbiodinium50868,0.0989767174610584
Symbiodinium50872,0.306520650496066
Symbiodinium50883,0.106768973130196
Symbiodinium50893,-0.422949788407446
Symbiodinium50894,0.318014934978627
Symbiodinium50902,-0.0689278470527093
Symbiodinium50916,-8.94747472423006e-05
Symbiodinium50937,-0.686794521865888
Symbiodinium50939,0.593687655486543
Symbiodinium50945,0.140620091223451
Symbiodinium50951,0.330646716472925
Symbiodinium50957,-0.00830981646160424
Symbiodinium50975,0.502852115642289
Symbiodinium50978,0.0100178778479016
Symbiodinium50989,-0.191794914461969
Symbiodinium50990,-0.21635617343371
Symbiodinium50992,-0.284772813630503
Symbiodinium51004,0.339738983004323
Symbiodinium5101,0.305143824705934
Symbiodinium51013,0.53300607823307
Symbiodinium51014,0.0839718610618431
Symbiodinium51017,0.427889492455232
Symbiodinium51024,0.423723320816885
Symbiodinium51027,-0.0603802798951131
Symbiodinium51030,0.196152492016785
Symbiodinium51035,-0.0306860810913397
Symbiodinium51044,0.111387774218312
Symbiodinium51062,-1.18862042015581
Symbiodinium51066,0.0520741011238626
Symbiodinium51076,0.175144109742632
Symbiodinium51081,-0.516125480916758
Symbiodinium51082,0.253359379545324
Symbiodinium51088,-0.0864701637573876
Symbiodinium51111,0.287849358093096
Symbiodinium51112,-0.0557374229263977
Symbiodinium51116,0.298231487268796
Symbiodinium51121,0.271472430157044
Symbiodinium51125,-0.250462314734916
Symbiodinium51127,0.587450846881751
Symbiodinium51128,0.236234695198731
Symbiodinium51139,-0.482443726264508
Symbiodinium51142,0.492589389038478
Symbiodinium51146,0.406356596532644
Symbiodinium51156,0.619444580835173
Symbiodinium51158,0.841633339036875
Symbiodinium51163,0.158788279624355
Symbiodinium51164,0.257513287300008
Symbiodinium51173,0.721655735083063
Symbiodinium51185,0.0928123869184485
Symbiodinium51189,0.329483493971244
Symbiodinium51216,0.230638416654306
Symbiodinium51217,0.19638792513946
Symbiodinium51228,0.0662894848487927
Symbiodinium51229,-0.0660123928261681
Symbiodinium51245,-0.386944794246373
Symbiodinium51250,-0.0282894021916127
Symbiodinium51253,-0.516351628510544
Symbiodinium51257,0.452776924083325
Symbiodinium51258,0.291620543663617
Symbiodinium51262,0.319333916680882
Symbiodinium51264,0.405239142143682
Symbiodinium51270,-0.426228539086033
Symbiodinium51271,0.0136045591869028
Symbiodinium51276,0.237449129818843
Symbiodinium51277,-0.224080583525992
Symbiodinium51278,0.580439093531322
Symbiodinium51281,0.720488811567572
Symbiodinium51293,0.598249967966401
Symbiodinium51294,0.203457515744487
Symbiodinium51296,-0.133723796330417
Symbiodinium51304,0.494853069078341
Symbiodinium51308,0.507437466419387
Symbiodinium51310,0.506530083649094
Symbiodinium51312,0.319150923145827
Symbiodinium51333,0.23210883111284
Symbiodinium51344,-0.150665573576457
Symbiodinium51362,0.61827344152952
Symbiodinium51369,0.268259316008396
Symbiodinium51393,0.222996397223155
Symbiodinium51430,0.589338175308085
Symbiodinium51436,0.301147217012498
Symbiodinium51448,0.322540558486234
Symbiodinium51450,0.0459487599915115
Symbiodinium51453,0.134645702673074
Symbiodinium51462,-0.629123111479198
Symbiodinium51470,0.25294988754167
Symbiodinium51472,0.319293770405121
Symbiodinium51473,0.150026445845941
Symbiodinium51476,0.395073532400571
Symbiodinium51477,0.0175985180569251
Symbiodinium51489,0.0258810638469149
Symbiodinium51491,0.468210082603874
Symbiodinium51499,0.0881892247381904
Symbiodinium51507,-0.124360008263538
Symbiodinium51508,0.265100671070947
Symbiodinium51520,0.124173939598755
Symbiodinium51522,0.0137564653698967
Symbiodinium51531,0.620386093941642
Symbiodinium51533,0.261005319011255
Symbiodinium51544,0.0374951024106531
Symbiodinium51545,0.265790861316909
Symbiodinium51559,0.142843819318762
Symbiodinium51566,-0.0886624479575
Symbiodinium51578,-0.116949499399271
Symbiodinium5158,0.0568949002573687
Symbiodinium51596,0.200103972350378
Symbiodinium51613,0.392485724625534
Symbiodinium51624,0.35272574352271
Symbiodinium51627,0.111720685157315
Symbiodinium51635,-0.149143257802727
Symbiodinium51641,0.324078809287424
Symbiodinium51651,0.453060248833757
Symbiodinium51653,-0.0634895705308455
Symbiodinium51663,0.18550421550026
Symbiodinium51672,-0.0899929051111882
Symbiodinium51673,0.763488219192927
Symbiodinium51675,0.089441147526832
Symbiodinium51697,-0.31643369112078
Symbiodinium51700,0.194284019112075
Symbiodinium51704,-0.14179059678385
Symbiodinium51710,-0.524668319168181
Symbiodinium51719,0.408002652122776
Symbiodinium51721,0.247817873161664
Symbiodinium51733,0.00795393546149297
Symbiodinium51734,0.683908449390428
Symbiodinium51751,-0.621636314811915
Symbiodinium51768,0.0967276233122775
Symbiodinium51792,0.123113649198292
Symbiodinium51793,0.387442625020783
Symbiodinium5180,0.383250754225516
Symbiodinium51802,0.341191533896405
Symbiodinium51806,0.612133654436181
Symbiodinium51811,0.690509034957912
Symbiodinium51828,0.574594273372739
Symbiodinium51831,0.0774673970574253
Symbiodinium51833,0.321704357670991
Symbiodinium51839,0.158285388737087
Symbiodinium51840,0.184025969424924
Symbiodinium51841,-0.0262594127224457
Symbiodinium51843,0.276098541974727
Symbiodinium51844,0.346352289217766
Symbiodinium51850,0.0334845285963873
Symbiodinium51852,0.258739929521857
Symbiodinium51862,-0.255012917269048
Symbiodinium51874,0.210028349998564
Symbiodinium51879,0.130696786505421
Symbiodinium51886,-0.342420476783982
Symbiodinium51896,-0.317677279630569
Symbiodinium51897,0.544571874056724
Symbiodinium51904,-0.157949645997414
Symbiodinium51921,-0.59740394328397
Symbiodinium51941,0.117420844212279
Symbiodinium51947,0.074033338932205
Symbiodinium51949,-0.273591619342128
Symbiodinium51973,0.425527830766577
Symbiodinium51977,-0.21047721661909
Symbiodinium5198,-0.369296650836602
Symbiodinium51986,0.166008896333238
Symbiodinium52006,0.25593626965668
Symbiodinium52015,-0.131189569846842
Symbiodinium52018,0.062895583471526
Symbiodinium52055,-0.344589349317109
Symbiodinium52079,-0.39550911126624
Symbiodinium52084,0.346006495756747
Symbiodinium52113,0.5971128961445
Symbiodinium5212,0.680477455530478
Symbiodinium52164,0.500498701487937
Symbiodinium52169,0.0747470260501646
Symbiodinium52179,-0.305987855566734
Symbiodinium52180,-0.0366215891646771
Symbiodinium5219,-0.671284441321991
Symbiodinium52201,-0.101676181705906
Symbiodinium52206,-0.196086793308398
Symbiodinium5221,0.62892607815162
Symbiodinium52220,0.0861458654616978
Symbiodinium52231,-0.427795228126232
Symbiodinium52242,-0.0636611328961718
Symbiodinium52251,0.721003414570463
Symbiodinium52254,0.406592113393887
Symbiodinium52255,-0.613719956430793
Symbiodinium52266,-0.184830256439217
Symbiodinium52267,0.371296739343988
Symbiodinium52273,0.127993064831896
Symbiodinium52276,0.146845347488528
Symbiodinium52281,0.0511773351288331
Symbiodinium52289,0.417055083170199
Symbiodinium52310,-0.0490441725970421
Symbiodinium52324,0.351455105310788
Symbiodinium5233,0.0122461194710991
Symbiodinium52330,0.171268711459513
Symbiodinium52333,0.415334801792015
Symbiodinium52345,0.0945336407509159
Symbiodinium52397,0.151579475720112
Symbiodinium52400,0.85184807854569
Symbiodinium52403,-0.954679523334273
Symbiodinium52412,0.269308567837669
Symbiodinium52428,-0.169171636550809
Symbiodinium52434,-0.110458692163169
Symbiodinium52435,0.470205845459907
Symbiodinium52454,-0.0971951297739125
Symbiodinium52456,0.6018116165187
Symbiodinium52457,-0.193936948494535
Symbiodinium52467,0.184510701346977
Symbiodinium52479,-0.433211871796159
Symbiodinium52487,0.0962281986668554
Symbiodinium52498,0.0936020136719914
Symbiodinium52515,0.597582077791444
Symbiodinium52529,0.123048684801203
Symbiodinium52530,-0.637738642009511
Symbiodinium52532,0.292405201561748
Symbiodinium52533,0.0433107973374664
Symbiodinium52573,0.357172769254275
Symbiodinium52580,-0.0914043874167243
Symbiodinium52584,0.324212634796028
Symbiodinium52592,0.0625046621259977
Symbiodinium52593,-0.283640974952156
Symbiodinium52594,0.819926104180772
Symbiodinium52596,0.399479070643309
Symbiodinium52597,-0.000345284000245174
Symbiodinium52618,-0.24281825189179
Symbiodinium52629,-0.154394779901178
Symbiodinium52634,-0.116491608870655
Symbiodinium52670,0.0248293092340714
Symbiodinium52671,-0.284947633324771
Symbiodinium52673,0.0881916636002054
Symbiodinium52675,0.897520338165762
Symbiodinium52676,0.149703937943209
Symbiodinium5271,0.643610425216877
Symbiodinium52726,0.52869760527343
Symbiodinium5275,-0.419307770269564
Symbiodinium52797,0.0259853148161795
Symbiodinium52798,1.30129390731299
Symbiodinium52804,-0.0402611649244922
Symbiodinium52805,0.147268522476774
Symbiodinium52810,0.298929964307085
Symbiodinium52816,0.409981316772475
Symbiodinium52869,0.480570525474814
Symbiodinium52870,0.540108720501087
Symbiodinium52876,0.327524492071524
Symbiodinium52878,0.100309563870734
Symbiodinium52879,0.162821955805488
Symbiodinium52881,0.11247357710103
Symbiodinium52887,-0.0561553146727333
Symbiodinium52891,0.428248916309528
Symbiodinium52898,-0.0292703320317107
Symbiodinium5290,-0.031977857733721
Symbiodinium52912,0.15570657831311
Symbiodinium52916,-0.157197994421
Symbiodinium5292,-0.116963797733625
Symbiodinium52920,-0.0205671463689769
Symbiodinium52941,0.223706173314743
Symbiodinium52950,0.120089037079945
Symbiodinium52957,0.077436792447989
Symbiodinium52964,0.0733132236628756
Symbiodinium52975,-0.0805776277939094
Symbiodinium5298,0.0507270918202865
Symbiodinium52981,0.224560151761346
Symbiodinium52993,0.527744715017124
Symbiodinium52999,0.307344367162411
Symbiodinium53001,0.244084390177392
Symbiodinium53018,0.512806036794911
Symbiodinium53032,0.188306492126151
Symbiodinium53039,-0.135960163224301
Symbiodinium53048,-0.270211493939195
Symbiodinium53057,0.143969023549407
Symbiodinium53079,-0.577497172271849
Symbiodinium53083,-0.354296074387365
Symbiodinium53107,0.0541183850643673
Symbiodinium53118,0.187511827185734
Symbiodinium5314,0.112544634122429
Symbiodinium53141,0.0321889933967858
Symbiodinium53142,0.196648350307107
Symbiodinium53149,-0.310091403653766
Symbiodinium5316,0.101083112960502
Symbiodinium53167,-0.280039268373664
Symbiodinium53169,0.0694808430487073
Symbiodinium53177,0.556419873215772
Symbiodinium53182,0.502261373310448
Symbiodinium53187,0.439412733078479
Symbiodinium53196,0.385399410713594
Symbiodinium53209,-0.156894598949853
Symbiodinium53216,0.0538349612506179
Symbiodinium53237,-0.109932018544725
Symbiodinium53248,-0.0645422342070441
Symbiodinium53256,0.490891060424744
Symbiodinium53259,0.374595997439919
Symbiodinium53261,0.171549794501704
Symbiodinium53265,-0.149027854939022
Symbiodinium53267,0.00620983147801853
Symbiodinium53272,0.0182682234463447
Symbiodinium53282,0.299754763852167
Symbiodinium53312,0.138243739232722
Symbiodinium53315,-0.127470900282483
Symbiodinium53327,-0.00517874868392356
Symbiodinium53338,-0.458917710161104
Symbiodinium53352,-0.0985680399379737
Symbiodinium53392,0.480477211507268
Symbiodinium53421,0.381832024047206
Symbiodinium53467,0.0218550130833751
Symbiodinium53472,0.0542476303301283
Symbiodinium53488,-0.275996711056062
Symbiodinium53507,0.142721257673021
Symbiodinium53514,0.151447554388783
Symbiodinium53519,0.200669504639265
Symbiodinium53520,-0.0734555978219385
Symbiodinium53527,0.299240244547102
Symbiodinium53587,0.266107403272785
Symbiodinium53592,0.467311355227012
Symbiodinium53613,-0.291770551770604
Symbiodinium53631,0.136032941127453
Symbiodinium53638,-0.318407226298476
Symbiodinium53639,0.368795472781295
Symbiodinium53646,0.0481933755224909
Symbiodinium53648,0.396926828002433
Symbiodinium5369,0.268569597509506
Symbiodinium53692,-0.0620057213358259
Symbiodinium53721,-0.898182681908606
Symbiodinium53728,0.155460548393997
Symbiodinium53736,-0.0394104263826644
Symbiodinium53737,-0.330933126163974
Symbiodinium53745,0.095644949499723
Symbiodinium53758,-0.681606654780054
Symbiodinium5376,0.100734924271239
Symbiodinium53768,0.547088482155226
Symbiodinium53772,0.360522747945155
Symbiodinium53785,0.369601013393278
Symbiodinium53790,-0.288681528928979
Symbiodinium53798,0.400566992232899
Symbiodinium53810,0.50820231198124
Symbiodinium53823,-0.464765683561275
Symbiodinium53834,0.370297072127443
Symbiodinium53850,0.158770404430944
Symbiodinium53871,-0.457053180903123
Symbiodinium53880,0.323278287956672
Symbiodinium53907,-0.916699222967746
Symbiodinium53936,0.455608334312738
Symbiodinium53967,-0.0349026540927544
Symbiodinium53969,0.290590462415716
Symbiodinium54029,-0.136309755694379
Symbiodinium54032,-0.381557652097545
Symbiodinium54047,0.170046374677426
Symbiodinium5406,0.438928511424045
Symbiodinium54101,0.636830476362867
Symbiodinium54108,-0.441584852268148
Symbiodinium54135,0.203559911033275
Symbiodinium54149,-0.395116240713995
Symbiodinium54155,-0.218557818167968
Symbiodinium54216,-0.0609524311167682
Symbiodinium54244,0.183320080561019
Symbiodinium54269,-0.114885086520865
Symbiodinium54273,0.221848434783578
Symbiodinium54300,0.162961667843872
Symbiodinium54314,0.0957412550826401
Symbiodinium54330,0.0167998622349967
Symbiodinium54382,-0.0354990949522042
Symbiodinium54388,-0.475736338349562
Symbiodinium5440,0.366045690470062
Symbiodinium54419,0.378614985280377
Symbiodinium54430,0.287325247015842
Symbiodinium54433,-0.00952409347383013
Symbiodinium54455,-0.0063592177082548
Symbiodinium54466,0.332987643816684
Symbiodinium54498,0.206049308825808
Symbiodinium54500,0.403347853456903
Symbiodinium54507,0.70311288476545
Symbiodinium54518,0.455786169907263
Symbiodinium54548,0.100667099196367
Symbiodinium5455,-0.430743867023794
Symbiodinium5456,-0.0894757012344824
Symbiodinium54576,-0.0218382847890886
Symbiodinium54590,-0.0855245237711081
Symbiodinium5460,0.123291279577114
Symbiodinium54602,-0.30803286358794
Symbiodinium54658,0.0864058927898049
Symbiodinium54676,0.188758267396281
Symbiodinium54680,0.435710688150702
Symbiodinium54749,0.359814923679601
Symbiodinium54750,-0.595575305576863
Symbiodinium54778,-0.37596506693988
Symbiodinium54784,0.187124438415274
Symbiodinium54789,-0.145562042530619
Symbiodinium54814,-0.00115908042881779
Symbiodinium54825,0.487238331722708
Symbiodinium54833,-0.538050735623681
Symbiodinium54849,0.269428357400828
Symbiodinium54864,0.236237004436047
Symbiodinium54879,-0.0202420924928827
Symbiodinium54880,-0.463447958626925
Symbiodinium54887,0.108057510943065
Symbiodinium54890,0.0379184010902383
Symbiodinium54930,-0.118191408199824
Symbiodinium54946,0.11698669436163
Symbiodinium54962,0.170274383603013
Symbiodinium54967,0.274442577817373
Symbiodinium55129,0.135193611165763
Symbiodinium5518,0.300458459629559
Symbiodinium55183,0.448719034919177
Symbiodinium55214,1.20596399478239
Symbiodinium55233,-0.162367102072976
Symbiodinium55259,-0.166995556666945
Symbiodinium55392,1.07395084364049
Symbiodinium55450,0.304073042563537
Symbiodinium55500,0.142771136357144
Symbiodinium55505,-0.373673832236076
Symbiodinium55562,0.331434864160397
Symbiodinium55674,-0.0483120340022108
Symbiodinium5572,0.146484844303387
Symbiodinium55735,-0.0621274436985799
Symbiodinium55785,0.322989425686462
Symbiodinium55807,0.0853842171727444
Symbiodinium55827,-0.0181522681634537
Symbiodinium55881,0.0227329651680193
Symbiodinium5591,0.669204256397078
Symbiodinium5592,-0.0239727418424858
Symbiodinium55938,-0.318333402464115
Symbiodinium55999,0.0317614934795178
Symbiodinium56002,0.39780951796749
Symbiodinium56009,0.0827921250815327
Symbiodinium5607,0.389358358546502
Symbiodinium56073,-0.0842153927011166
Symbiodinium56079,0.355783677490649
Symbiodinium56090,1.41914422995526
Symbiodinium56109,0.282907839195196
Symbiodinium56121,0.000901808347928439
Symbiodinium56136,-0.334777658479105
Symbiodinium56169,-0.198313413838709
Symbiodinium56172,-0.348527143467608
Symbiodinium56179,-0.0870449420442192
Symbiodinium56233,0.279340996929956
Symbiodinium56329,-0.0953003349977821
Symbiodinium56390,0.195139969252673
Symbiodinium5641,0.376131536571616
Symbiodinium5649,0.2077160989055
Symbiodinium56569,0.224677853988755
Symbiodinium5658,-0.123325899427558
Symbiodinium56597,0.244404525285609
Symbiodinium56626,-0.143571567399026
Symbiodinium5665,0.449098835487187
Symbiodinium56673,0.310198940722873
Symbiodinium56751,-0.487526336521767
Symbiodinium56798,0.190790642019354
Symbiodinium56812,0.0465660007208109
Symbiodinium56920,-0.467534754359467
Symbiodinium56959,0.400900759127711
Symbiodinium56976,0.24269069644901
Symbiodinium5700,0.211853594778493
Symbiodinium57035,0.348960278130845
Symbiodinium5704,0.021921633819926
Symbiodinium5709,0.243116195833901
Symbiodinium5713,0.849448659146285
Symbiodinium5716,-0.15129816062829
Symbiodinium57191,0.492592694061898
Symbiodinium57237,-0.216317539258302
Symbiodinium57312,-0.322472349390005
Symbiodinium5735,-0.335233527692744
Symbiodinium57371,0.275886455366587
Symbiodinium57407,0.179129552512842
Symbiodinium5743,-0.175811568421919
Symbiodinium5746,0.556200858085507
Symbiodinium5749,0.266100201614103
Symbiodinium5754,-0.00549818834374756
Symbiodinium5755,-0.000805526519682255
Symbiodinium57638,0.0472289817511067
Symbiodinium5766,-0.266463365270156
Symbiodinium5773,0.494485696677326
Symbiodinium5779,0.172716595926491
Symbiodinium5781,-0.0524982408857778
Symbiodinium5784,0.139734335359391
Symbiodinium57938,0.16213512568937
Symbiodinium5797,0.0898529523190982
Symbiodinium58143,0.0703189465941313
Symbiodinium5815,-0.463826299140371
Symbiodinium58178,-0.0782608689221831
Symbiodinium58234,0.158993591279489
Symbiodinium58305,0.0432394246932359
Symbiodinium58377,-0.0414099720739553
Symbiodinium5846,-0.31088316318723
Symbiodinium5847,-0.102399181908462
Symbiodinium5848,0.589506131069751
Symbiodinium5850,-0.165654235104245
Symbiodinium5852,-0.474302055395952
Symbiodinium58556,-0.0778232766181936
Symbiodinium58624,-0.238205369178587
Symbiodinium5863,0.228114017859135
Symbiodinium5865,0.158652120789136
Symbiodinium5866,0.356521143379852
Symbiodinium5873,-0.165564682802886
Symbiodinium58773,0.481636254387296
Symbiodinium5886,-0.903900540541583
Symbiodinium5887,0.68890174653116
Symbiodinium58875,0.123844861251041
Symbiodinium5894,-0.507550420268547
Symbiodinium58958,-0.172535549748633
Symbiodinium5896,0.48571218502643
Symbiodinium58980,-0.0962057440883106
Symbiodinium5911,0.107113828019236
Symbiodinium59117,0.135288819416173
Symbiodinium5913,0.431048357712182
Symbiodinium5926,0.138960927801136
Symbiodinium59364,0.0676028797754875
Symbiodinium59396,-0.252561189286017
Symbiodinium59444,0.0827124979570259
Symbiodinium59447,0.0500372840475483
Symbiodinium5948,0.147733820554735
Symbiodinium59538,0.163292806086596
Symbiodinium5954,-0.138920195471131
Symbiodinium5962,0.416236207064968
Symbiodinium5964,-0.913929513181021
Symbiodinium59644,0.727337360040893
Symbiodinium59679,0.457943649733721
Symbiodinium5971,0.0323147905610477
Symbiodinium59726,-0.0549386449412014
Symbiodinium59858,-0.241583980781307
Symbiodinium5995,0.254665407966227
Symbiodinium6007,0.0736919867661465
Symbiodinium6014,-0.0265806702873038
Symbiodinium6025,0.292110264885777
Symbiodinium60251,0.0675184194532634
Symbiodinium6033,-0.185394579654038
Symbiodinium6043,-0.0250013081739936
Symbiodinium6048,0.186162487321216
Symbiodinium6066,0.22689984863286
Symbiodinium60708,-0.66712067660895
Symbiodinium6077,0.568879430331658
Symbiodinium6099,0.0776633308342736
Symbiodinium6102,0.369700550339195
Symbiodinium61049,0.290802873984332
Symbiodinium6105,0.16327325487458
Symbiodinium6121,0.0282576766030662
Symbiodinium61339,0.0826879332401648
Symbiodinium61605,-0.0321071577501967
Symbiodinium6163,0.347133550055856
Symbiodinium6165,-0.197846902180069
Symbiodinium61665,-0.517817577473627
Symbiodinium6167,0.086979507971595
Symbiodinium6175,0.71030349857148
Symbiodinium6177,-0.172252391333072
Symbiodinium6198,0.271081513550368
Symbiodinium6199,0.0823246923489208
Symbiodinium6233,0.047386163475106
Symbiodinium6234,-0.0361887123530071
Symbiodinium6236,0.447626925781164
Symbiodinium6238,-0.0126986645149289
Symbiodinium6256,-0.453146432944796
Symbiodinium6269,-0.180996455523678
Symbiodinium6275,0.216298736883453
Symbiodinium62758,0.401489429364481
Symbiodinium6280,0.422784925324143
Symbiodinium62953,1.09546447709541
Symbiodinium6299,0.231529101981432
Symbiodinium6339,0.267391366695359
Symbiodinium6341,0.00504544511069762
Symbiodinium6342,-0.221087077651713
Symbiodinium6344,0.265450711759818
Symbiodinium6367,-0.174735986443663
Symbiodinium6370,0.099405706731224
Symbiodinium6379,-0.0750409971727501
Symbiodinium63887,0.904775879801561
Symbiodinium6394,-0.229138120128732
Symbiodinium6426,-0.035464350345266
Symbiodinium6442,-0.230078638080091
Symbiodinium64421,-0.0278626627306913
Symbiodinium6446,0.752451152491141
Symbiodinium6475,0.1967012614766
Symbiodinium64801,0.637125820502526
Symbiodinium6481,0.204306612185333
Symbiodinium6498,-0.136793952748998
Symbiodinium6523,0.337752428170089
Symbiodinium6540,0.230248622988816
Symbiodinium6545,0.0647325741420459
Symbiodinium6558,0.628093699081716
Symbiodinium6568,-0.0728627323227427
Symbiodinium6573,-0.188630908818232
Symbiodinium6605,0.0371571991496822
Symbiodinium6636,-0.495097057906893
Symbiodinium6638,0.0900528269309434
Symbiodinium6643,0.541240640751551
Symbiodinium6650,0.0461563303308223
Symbiodinium6670,0.287293762204481
Symbiodinium6673,-0.393893022015639
Symbiodinium6679,-0.0558635657530679
Symbiodinium67058,-3.52402627845725
Symbiodinium6706,0.086802297710319
Symbiodinium6707,-0.489261899236235
Symbiodinium6712,0.00358733363811699
Symbiodinium6713,-0.120689890748385
Symbiodinium6720,0.184024805180086
Symbiodinium6730,0.220324647256953
Symbiodinium67338,0.408862772631707
Symbiodinium6737,0.0944097887596032
Symbiodinium67639,0.13925502340486
Symbiodinium6789,-0.160472567015153
Symbiodinium6791,-0.188750796013343
Symbiodinium6812,-0.0756701262483181
Symbiodinium68167,0.49582503837524
Symbiodinium6847,-0.0141285700166528
Symbiodinium6868,0.193327895256819
Symbiodinium6871,0.205905828213136
Symbiodinium6879,-0.388403897529216
Symbiodinium68897,0.895224594089971
Symbiodinium6904,-0.0164467727432565
Symbiodinium6905,0.107540339683781
Symbiodinium6908,-0.244565822900871
Symbiodinium69203,-0.216395685632016
Symbiodinium6933,-0.0938140544183547
Symbiodinium6955,-0.0469432465419463
Symbiodinium69550,0.00187480120618704
Symbiodinium6971,0.090827380058283
Symbiodinium69847,0.0969007721975123
Symbiodinium70177,0.632599941884742
Symbiodinium7028,0.503500685706242
Symbiodinium7055,-0.207834227499435
Symbiodinium70567,-0.0532762312605702
Symbiodinium7062,0.269698833793741
Symbiodinium70740,0.10265317498228
Symbiodinium70865,1.1794140956041
Symbiodinium7138,0.22216500507417
Symbiodinium7153,0.137263600498177
Symbiodinium71546,1.11670749836042
Symbiodinium7167,0.0805538070786055
Symbiodinium7181,-0.246549346713705
Symbiodinium7202,0.196214542999485
Symbiodinium7203,0.154489032998951
Symbiodinium7209,-0.0472966717713238
Symbiodinium7218,-0.177419598378637
Symbiodinium7224,0.0436840029994357
Symbiodinium7234,0.110590444540484
Symbiodinium7239,-0.0151293638170059
Symbiodinium7243,0.0674627953711002
Symbiodinium7247,-0.513748694189953
Symbiodinium7248,0.545438568525814
Symbiodinium7249,-0.305038693727934
Symbiodinium7251,0.101729805326003
Symbiodinium7257,-0.590614683595618
Symbiodinium72611,0.804633329709882
Symbiodinium7264,0.101338639244614
Symbiodinium7270,0.080559216269597
Symbiodinium7272,-0.084022686609856
Symbiodinium7275,-0.370119153731467
Symbiodinium7276,0.0579186425979623
Symbiodinium7279,0.0157655846387401
Symbiodinium7280,-0.189135609753418
Symbiodinium72821,-0.371501231841323
Symbiodinium7283,0.375957054557395
Symbiodinium7291,0.319912405195236
Symbiodinium72933,0.894137805879433
Symbiodinium7295,0.193804248340225
Symbiodinium7306,0.297420605252332
Symbiodinium7307,-0.553556445942623
Symbiodinium7316,-0.101654906912822
Symbiodinium7318,-0.158725976230763
Symbiodinium7321,0.675074422681357
Symbiodinium7330,0.0482271470544025
Symbiodinium7337,0.258605040039886
Symbiodinium7340,-0.358607693575198
Symbiodinium7341,-0.0458429165231804
Symbiodinium7345,0.188401188553443
Symbiodinium7354,0.420746877667778
Symbiodinium7355,0.270260246046481
Symbiodinium7356,-0.251787653066554
Symbiodinium7357,0.0191230045004735
Symbiodinium7359,-0.247038250038826
Symbiodinium7362,-0.0191847982035342
Symbiodinium7364,0.0082207485952329
Symbiodinium7365,0.113159162508244
Symbiodinium7366,-0.217636935129454
Symbiodinium7368,-0.106025253584128
Symbiodinium7371,0.0675984918501567
Symbiodinium7374,0.291548548825816
Symbiodinium7378,0.24332901333697
Symbiodinium7379,-0.195240066848757
Symbiodinium7380,0.153891561063492
Symbiodinium7386,0.438052108260549
Symbiodinium7388,-0.427971508284506
Symbiodinium7392,-0.317794691010172
Symbiodinium7396,0.0892023035634958
Symbiodinium7397,0.46410003661715
Symbiodinium7405,0.119304499797736
Symbiodinium7408,0.303181216323472
Symbiodinium7411,-0.282845477820533
Symbiodinium7416,0.0392727913454144
Symbiodinium7418,0.154189432402737
Symbiodinium7421,-0.121858773356415
Symbiodinium7423,0.312045315003971
Symbiodinium7424,-0.0908680816097937
Symbiodinium7427,-0.0457477188996538
Symbiodinium7432,0.544563995158053
Symbiodinium7433,-0.031006468529592
Symbiodinium7435,0.333331609558937
Symbiodinium7440,-0.162720080807104
Symbiodinium7441,0.0566197402499319
Symbiodinium74449,0.978448815765816
Symbiodinium7449,-0.0275016968774113
Symbiodinium7450,-0.063228486337397
Symbiodinium7458,-0.0608413715686024
Symbiodinium7460,0.124223974414867
Symbiodinium7468,0.259478409938634
Symbiodinium7472,0.200666729431526
Symbiodinium7474,0.116880606947156
Symbiodinium7475,0.00038638932144791
Symbiodinium7483,0.290187938591436
Symbiodinium7495,0.206944714788613
Symbiodinium7503,0.692785107989565
Symbiodinium7506,0.0250995677060135
Symbiodinium7511,0.0110584662306848
Symbiodinium7518,-0.320641194373813
Symbiodinium7519,-0.00685978846642723
Symbiodinium7522,0.127521269535683
Symbiodinium7524,0.0722169954327124
Symbiodinium7526,-0.043465423253732
Symbiodinium75326,-0.172089144684136
Symbiodinium7540,-0.291124241164504
Symbiodinium7541,0.143385526834203
Symbiodinium7552,0.37658424036014
Symbiodinium7561,0.265739174137927
Symbiodinium7562,-0.259127584131352
Symbiodinium7570,0.114095682344396
Symbiodinium7574,-0.0322680252993827
Symbiodinium7577,0.334657846725759
Symbiodinium75797,0.944142920741532
Symbiodinium7581,-0.30952189004127
Symbiodinium7582,-0.0173469002880867
Symbiodinium7586,-0.126687111551198
Symbiodinium7591,-0.474290219874705
Symbiodinium7594,-0.195647815492707
Symbiodinium7599,0.555639566701134
Symbiodinium7600,-0.56606989504737
Symbiodinium7605,0.167206386136908
Symbiodinium7608,-0.239115908333091
Symbiodinium7609,0.387685059099738
Symbiodinium7611,0.0496003871187064
Symbiodinium7615,0.160133767695336
Symbiodinium7620,0.0455788025233915
Symbiodinium7632,-0.102219547807135
Symbiodinium7633,-0.0510515719576798
Symbiodinium7636,0.31063561397504
Symbiodinium7638,0.22875904921488
Symbiodinium7643,0.207731246858883
Symbiodinium7644,0.0242932118927851
Symbiodinium7645,0.280869064400284
Symbiodinium7646,0.146217881226694
Symbiodinium7649,0.182424006431117
Symbiodinium7653,0.117345764642049
Symbiodinium7658,0.130931918277881
Symbiodinium7661,0.23049847609545
Symbiodinium7664,-0.177370622027018
Symbiodinium7666,-0.538132277194908
Symbiodinium7667,0.0157317661103691
Symbiodinium7670,0.288832870269679
Symbiodinium7680,-0.422345063681617
Symbiodinium7683,-0.349661175925216
Symbiodinium7684,0.127207568581414
Symbiodinium7686,-0.185734872425003
Symbiodinium7687,0.0430116534695044
Symbiodinium7688,0.102331085521294
Symbiodinium7693,-0.26518545418067
Symbiodinium7697,0.509556912422524
Symbiodinium7699,-0.0181202508523963
Symbiodinium7700,0.157463713415854
Symbiodinium7705,-0.17341974573602
Symbiodinium7706,0.232591134271172
Symbiodinium7712,0.0874646720710378
Symbiodinium7714,0.0760631369855005
Symbiodinium7716,-0.153351053823214
Symbiodinium7718,-0.178844323521028
Symbiodinium7719,0.162373836257417
Symbiodinium7722,0.13435987490837
Symbiodinium7724,0.332493057240927
Symbiodinium7730,0.105559081202238
Symbiodinium7732,-0.0865656020503668
Symbiodinium7733,0.0646427541058856
Symbiodinium7734,-0.044603824148827
Symbiodinium7737,-0.115296774464354
Symbiodinium7738,-0.222708104797939
Symbiodinium7739,-0.532312006060522
Symbiodinium7746,-0.41004610801916
Symbiodinium7750,-0.141804589307935
Symbiodinium7752,-0.103447066804213
Symbiodinium7753,0.17325010689627
Symbiodinium7755,0.175950612012035
Symbiodinium7756,-0.562297267176327
Symbiodinium7757,0.0534319290864361
Symbiodinium7766,0.352456911155667
Symbiodinium7768,-0.176398654243691
Symbiodinium7770,-0.637420516054537
Symbiodinium7772,-0.129463175991814
Symbiodinium7776,-0.0927433708939771
Symbiodinium7782,0.0518769555962047
Symbiodinium7784,-0.262897632152942
Symbiodinium7785,0.374121904208663
Symbiodinium7788,0.199695847953062
Symbiodinium7793,0.0878813702793926
Symbiodinium7794,0.149173174240698
Symbiodinium7795,-0.112950652571261
Symbiodinium7802,0.269259276627618
Symbiodinium7807,-0.076773280304407
Symbiodinium7810,0.057479237307798
Symbiodinium7813,0.087913489256781
Symbiodinium7822,0.118208281985395
Symbiodinium7823,-0.200414666340528
Symbiodinium7832,0.397847885697423
Symbiodinium7833,-0.0751488239784807
Symbiodinium7835,0.0923298209566259
Symbiodinium7847,0.0514129021691963
Symbiodinium785,0.568862270838704
Symbiodinium7850,-0.146033113307412
Symbiodinium7864,-0.259228361520262
Symbiodinium7871,-0.1647632763289
Symbiodinium7879,0.192747288143634
Symbiodinium7880,0.385717310111672
Symbiodinium7881,-0.127578742429296
Symbiodinium7894,-0.285363733556792
Symbiodinium7896,-0.0966779263805626
Symbiodinium7898,-0.138782669354246
Symbiodinium7899,0.29070769735566
Symbiodinium7900,0.3635324912568
Symbiodinium7905,-0.233945619857808
Symbiodinium7906,-0.0737027742953165
Symbiodinium7907,-0.0170506030495258
Symbiodinium7909,-0.188148695911771
Symbiodinium7911,-0.135487513787562
Symbiodinium7917,-0.00511714360179987
Symbiodinium7923,-0.312682981627259
Symbiodinium7930,0.121214321717978
Symbiodinium7932,0.371247303579274
Symbiodinium7933,-0.0175177278976897
Symbiodinium7937,0.0200731624143571
Symbiodinium7942,-0.0235992820358763
Symbiodinium7946,0.0424224912452165
Symbiodinium7947,-0.000630168818363622
Symbiodinium7952,0.116432563536573
Symbiodinium7954,0.263405201462978
Symbiodinium7955,0.358932016805222
Symbiodinium7956,0.154885189713179
Symbiodinium7957,0.384762959146184
Symbiodinium7959,-0.183742025089127
Symbiodinium7960,-0.0721950870271996
Symbiodinium7964,0.0871748602298199
Symbiodinium7970,0.308334783732111
Symbiodinium7972,0.0764769972184609
Symbiodinium7973,-0.0964687020513519
Symbiodinium7981,0.177999989497154
Symbiodinium7984,0.013303277847591
Symbiodinium7987,-0.249123002496901
Symbiodinium7989,0.188673838319438
Symbiodinium7993,-0.712576348061502
Symbiodinium7998,0.217195165276592
Symbiodinium7999,-0.105403216468848
Symbiodinium8003,-0.0742336165905829
Symbiodinium8004,-0.0783375571501729
Symbiodinium8006,-0.37206562748054
Symbiodinium8008,0.384856081416471
Symbiodinium8011,0.138157531443493
Symbiodinium8013,0.130449324561083
Symbiodinium8021,0.246177928951566
Symbiodinium8022,0.111015950647127
Symbiodinium8024,-0.0373114527800762
Symbiodinium8025,0.0324049156266082
Symbiodinium8027,-0.151307662756387
Symbiodinium8035,0.206349575612721
Symbiodinium8041,0.38053742097012
Symbiodinium8043,-0.0784992420894987
Symbiodinium8044,0.0438677829006629
Symbiodinium8046,0.285555826316969
Symbiodinium8052,0.000405339656171033
Symbiodinium8056,0.137602017506199
Symbiodinium8058,0.271534268587232
Symbiodinium8067,0.170250304742035
Symbiodinium8068,0.17111863880847
Symbiodinium8069,0.262950740956419
Symbiodinium8073,0.223786308905764
Symbiodinium8074,0.708430404269254
Symbiodinium8076,-0.108612977596285
Symbiodinium8078,0.147068554029008
Symbiodinium8083,-0.379384274143922
Symbiodinium8088,0.0711248398568475
Symbiodinium8090,-0.204251530009365
Symbiodinium8091,-0.202687207808874
Symbiodinium8092,-0.0383374035921486
Symbiodinium8095,0.350990497496041
Symbiodinium8099,0.282939498818393
Symbiodinium8101,0.348437138476918
Symbiodinium8102,0.124986543796169
Symbiodinium8106,0.421186631740159
Symbiodinium8112,-0.19952806137915
Symbiodinium8115,-0.210568763775156
Symbiodinium8129,-0.144221489644827
Symbiodinium8130,-0.0438598954601087
Symbiodinium8132,-0.430384317369184
Symbiodinium8137,-0.102483086446222
Symbiodinium8146,-0.45028482985545
Symbiodinium8150,0.046056417455301
Symbiodinium8152,0.0255143416147166
Symbiodinium8158,0.368135574684475
Symbiodinium8159,0.463137929153168
Symbiodinium8174,0.123126825192229
Symbiodinium8175,-0.274065917226424
Symbiodinium8178,-0.264621705790362
Symbiodinium8182,-0.213484615254591
Symbiodinium8183,-0.104807807402379
Symbiodinium8187,0.0936128722336939
Symbiodinium8191,-0.11284962357728
Symbiodinium8193,0.330360838015825
Symbiodinium8198,0.21033075192523
Symbiodinium8201,-0.0300105668724889
Symbiodinium8203,0.283757018859543
Symbiodinium8209,-0.133464071825088
Symbiodinium8224,-0.039141575381458
Symbiodinium8232,0.125512446156716
Symbiodinium8237,0.36187942576895
Symbiodinium8251,-0.167253098156527
Symbiodinium8255,-0.139134722038288
Symbiodinium8256,0.233036997107171
Symbiodinium8259,-0.191321076459558
Symbiodinium8262,0.498340066114264
Symbiodinium8263,0.591163741383174
Symbiodinium8266,0.308397397812693
Symbiodinium8268,0.299216181125403
Symbiodinium8286,0.194375966688457
Symbiodinium8287,0.305364286191468
Symbiodinium8288,0.0297635168481139
Symbiodinium8291,-0.00237465778521956
Symbiodinium8292,0.603777115897029
Symbiodinium8295,0.111916258272303
Symbiodinium8298,0.353787282364008
Symbiodinium8308,0.482743721444445
Symbiodinium8310,-0.0841437667653884
Symbiodinium8311,0.319366216762109
Symbiodinium8312,-0.248273643401241
Symbiodinium8316,-0.352769703350557
Symbiodinium8317,0.102484130020898
Symbiodinium8336,0.225138005482967
Symbiodinium8338,-0.266691886741802
Symbiodinium8351,-0.0605791049997749
Symbiodinium8352,-0.0320447703570685
Symbiodinium8355,0.372820930868909
Symbiodinium8362,-0.245627810896891
Symbiodinium8363,-0.137402418944457
Symbiodinium8364,-0.0290607168457203
Symbiodinium8366,0.366122414748499
Symbiodinium8372,0.0417518354631287
Symbiodinium8374,0.400140080421255
Symbiodinium8376,0.56167140542975
Symbiodinium8377,-0.154651273179815
Symbiodinium8379,-0.0983063925646719
Symbiodinium8380,0.210280282404103
Symbiodinium8387,-0.126061631292887
Symbiodinium8396,0.478844782253721
Symbiodinium8398,0.25220501845194
Symbiodinium8403,0.538548121808565
Symbiodinium8404,-0.0630925145091339
Symbiodinium8414,0.232971751809
Symbiodinium8421,-0.536184346966448
Symbiodinium8429,0.164815574633066
Symbiodinium8434,0.0752076395945162
Symbiodinium8436,-0.253689057736949
Symbiodinium8437,0.294443136256009
Symbiodinium8438,-0.325327701502571
Symbiodinium8440,-0.0490916994560416
Symbiodinium8446,0.264597156913467
Symbiodinium8451,-0.420117692468002
Symbiodinium8452,0.252082866005702
Symbiodinium8455,-0.378579029757221
Symbiodinium8459,-0.120942756181131
Symbiodinium8461,-0.141284041603175
Symbiodinium8463,0.744282273794032
Symbiodinium848,0.293379554805085
Symbiodinium8491,-0.281361187010318
Symbiodinium8499,0.470736445684625
Symbiodinium8507,0.21702196454525
Symbiodinium8508,-0.0662415161098258
Symbiodinium8510,0.159895089373855
Symbiodinium8514,0.0994880140885605
Symbiodinium8517,0.302570081940348
Symbiodinium8527,-0.237789921377146
Symbiodinium8530,0.415060521817162
Symbiodinium8534,0.205247404396158
Symbiodinium8538,-0.461762205463875
Symbiodinium8539,0.470824164959197
Symbiodinium8540,0.153288311872023
Symbiodinium8544,0.536940894540144
Symbiodinium8550,0.190721115299752
Symbiodinium8557,-0.350575638743025
Symbiodinium8559,0.532634132232096
Symbiodinium8563,0.750285859028363
Symbiodinium8565,0.064905096252004
Symbiodinium8568,-0.0694512974713719
Symbiodinium8577,-0.356651256800575
Symbiodinium8579,-0.130736730973465
Symbiodinium8587,-0.751226987757575
Symbiodinium8591,-0.579029160625924
Symbiodinium8592,0.338281288305787
Symbiodinium8593,0.443180541180568
Symbiodinium8626,0.0875257450751202
Symbiodinium8631,-0.130857808317636
Symbiodinium8632,0.242439738295994
Symbiodinium8633,0.0993857663805778
Symbiodinium8634,0.0911852543658393
Symbiodinium8635,0.322352837413188
Symbiodinium8640,0.317526091343837
Symbiodinium8642,-0.147326190391408
Symbiodinium8651,0.14641197200857
Symbiodinium8652,-0.0232131662199218
Symbiodinium8654,0.208255343413038
Symbiodinium8661,-0.640653355894332
Symbiodinium8667,-0.0410516930613184
Symbiodinium8670,0.644874074669881
Symbiodinium8675,0.0579593129917049
Symbiodinium8679,0.227550432435789
Symbiodinium8683,0.0426697218245717
Symbiodinium8701,-0.270462783816672
Symbiodinium8702,0.216737449398953
Symbiodinium8704,-0.0980507731308808
Symbiodinium8705,0.795753713785118
Symbiodinium8711,0.150152099093978
Symbiodinium8716,-0.104526014664124
Symbiodinium8720,-0.0547478994851308
Symbiodinium8725,0.0198891490544372
Symbiodinium8727,-0.206344080106477
Symbiodinium8730,-0.143820270404869
Symbiodinium8731,0.069283593849041
Symbiodinium8743,-0.0977564651798667
Symbiodinium8755,-0.142730386360391
Symbiodinium8762,-0.0530621858808984
Symbiodinium8764,0.358289919635831
Symbiodinium8769,-0.0644256662787465
Symbiodinium8771,0.0525348159611801
Symbiodinium8773,0.298830969399607
Symbiodinium8790,0.167139747109643
Symbiodinium8796,0.20819742237374
Symbiodinium8797,-0.021734047748573
Symbiodinium8798,0.0439760295892104
Symbiodinium8801,-0.563460391373279
Symbiodinium8807,0.0792430869273321
Symbiodinium8814,0.141499479065515
Symbiodinium8834,-0.282324909459212
Symbiodinium8838,0.269375593506073
Symbiodinium8841,-0.277322180499004
Symbiodinium8842,-0.156500942558762
Symbiodinium8847,-0.566673645339546
Symbiodinium8851,0.33485569775866
Symbiodinium8854,0.636802746344426
Symbiodinium8857,0.640452379194843
Symbiodinium8861,0.117216789853467
Symbiodinium8863,-0.350114677586062
Symbiodinium8872,0.0960826216376405
Symbiodinium8875,-0.0851752042034255
Symbiodinium8876,-0.0586294974330935
Symbiodinium8877,-0.0595541313764977
Symbiodinium8880,0.241315144126093
Symbiodinium8885,0.0570445013604703
Symbiodinium8887,0.388885439284744
Symbiodinium8893,0.333350984877995
Symbiodinium8895,0.0616441738734007
Symbiodinium8896,0.652641063070734
Symbiodinium8906,0.437330132311942
Symbiodinium8911,0.569029396560524
Symbiodinium8913,0.222291673262612
Symbiodinium8914,-0.164539360343074
Symbiodinium8919,0.0394250510080901
Symbiodinium8920,0.306745996981043
Symbiodinium8934,0.103048452846857
Symbiodinium8937,0.0329798365403392
Symbiodinium8942,0.0130399070710374
Symbiodinium8943,-0.138602985949913
Symbiodinium8949,-0.502367307144309
Symbiodinium8953,0.140389743026586
Symbiodinium8955,0.15515562079862
Symbiodinium8959,0.109520470886543
Symbiodinium8961,0.139309594253355
Symbiodinium8969,0.366572491053418
Symbiodinium8972,0.3342409052337
Symbiodinium8978,0.0168174310549398
Symbiodinium8994,0.150354478646563
Symbiodinium8999,0.144029144109152
Symbiodinium9000,-0.527692910620948
Symbiodinium9003,0.0617138111449571
Symbiodinium9008,0.305236260923283
Symbiodinium9009,0.338695214514127
Symbiodinium9010,0.300381945437545
Symbiodinium9011,0.230825077157642
Symbiodinium9013,0.0669808330559367
Symbiodinium9014,-0.248069362656649
Symbiodinium9017,0.21452199743149
Symbiodinium9019,-0.0389995684597327
Symbiodinium9020,-0.378301955714142
Symbiodinium9021,0.285103653527659
Symbiodinium9024,0.109469144727858
Symbiodinium9030,-0.140597827759129
Symbiodinium9033,-0.17561136784843
Symbiodinium9034,0.0784990344930082
Symbiodinium9035,0.0437176735922765
Symbiodinium9036,-0.741625566945202
Symbiodinium9038,0.315112487001356
Symbiodinium9039,-0.0590730924483096
Symbiodinium9040,0.214773283819742
Symbiodinium9043,0.0861578158025086
Symbiodinium9044,0.277416101532096
Symbiodinium9047,-0.551955504985226
Symbiodinium9051,-0.165431333069183
Symbiodinium9052,0.124696294656492
Symbiodinium9054,-0.0202574312412772
Symbiodinium9055,0.174487452271917
Symbiodinium9062,-0.245995608109147
Symbiodinium9064,0.123325932034287
Symbiodinium9072,0.465987036801848
Symbiodinium9078,0.00630795913369263
Symbiodinium9086,0.507105385247887
Symbiodinium9088,0.0331961553590324
Symbiodinium9090,0.277342806357514
Symbiodinium9094,-0.18967206864553
Symbiodinium9102,-0.408053248744061
Symbiodinium9105,0.372079109984794
Symbiodinium9113,0.28840192921817
Symbiodinium9114,-0.0902769340961431
Symbiodinium9115,-0.0724002497356555
Symbiodinium9118,0.313440804970941
Symbiodinium9122,0.215148321976246
Symbiodinium9127,0.520332737597603
Symbiodinium9128,-0.319478763131823
Symbiodinium9133,0.277431421605763
Symbiodinium9138,-0.183269742072743
Symbiodinium9146,-0.441221198858999
Symbiodinium9147,-0.308770481761178
Symbiodinium9152,0.0531685081563211
Symbiodinium9154,0.232816249886431
Symbiodinium9158,0.243095472105652
Symbiodinium9160,0.224152725886852
Symbiodinium9164,-0.0464437403922119
Symbiodinium9171,0.232287930989916
Symbiodinium9174,0.0597629805169998
Symbiodinium9175,0.415715400330164
Symbiodinium9176,0.661303292595267
Symbiodinium9178,0.119139081451599
Symbiodinium9180,0.32490010027194
Symbiodinium9183,0.088657669237845
Symbiodinium9188,0.224091511016404
Symbiodinium9190,-0.9482124306929
Symbiodinium9196,-0.472525537472138
Symbiodinium9197,0.522523951859634
Symbiodinium9199,0.00532043218891343
Symbiodinium9200,0.13846139676161
Symbiodinium9205,0.0334519245867921
Symbiodinium9206,0.0601807116214504
Symbiodinium9213,0.236325290422591
Symbiodinium9215,0.0535676611718693
Symbiodinium9217,0.262330130584522
Symbiodinium9220,-0.0442452966173249
Symbiodinium9221,0.516363594882451
Symbiodinium9233,0.0332334881225383
Symbiodinium9239,0.0723028015794925
Symbiodinium9241,0.400206199678688
Symbiodinium9242,0.00238834073055628
Symbiodinium9243,-0.124427912575471
Symbiodinium9247,0.303682674989467
Symbiodinium9251,0.265944556779474
Symbiodinium9258,0.0297493901437882
Symbiodinium9272,0.247493757136494
Symbiodinium9273,-0.0932928776333492
Symbiodinium9278,0.179090021052062
Symbiodinium9279,-0.00315281640530657
Symbiodinium9284,0.285251129627237
Symbiodinium9296,-0.0271692655436362
Symbiodinium9302,0.363660796541308
Symbiodinium9306,-0.0632207138909417
Symbiodinium9308,0.228407455187381
Symbiodinium9310,0.145862315497017
Symbiodinium9313,0.0319465052684522
Symbiodinium9326,0.184842411956397
Symbiodinium9327,0.517975887343019
Symbiodinium9334,0.0900248284405658
Symbiodinium9335,0.324419685331762
Symbiodinium9340,0.0904586177280714
Symbiodinium9341,0.304233773922186
Symbiodinium9345,-0.412222445742719
Symbiodinium9346,-0.40098611973418
Symbiodinium9347,0.562685091422805
Symbiodinium9349,0.134510745842034
Symbiodinium9354,-0.0257670961600044
Symbiodinium9355,-0.147134602443228
Symbiodinium9358,-0.515863195711614
Symbiodinium9359,-0.274713764393921
Symbiodinium9364,0.0890548948151002
Symbiodinium9381,-0.225143291259406
Symbiodinium9382,0.108281137794624
Symbiodinium9384,-0.150982607977771
Symbiodinium9385,0.473762262787209
Symbiodinium9387,-0.0367623835350346
Symbiodinium9391,-0.30055402305908
Symbiodinium9393,-0.257974130284407
Symbiodinium9397,-0.40971690049075
Symbiodinium9399,-0.201090557095085
Symbiodinium9400,-0.133408722964455
Symbiodinium9405,0.319911443526464
Symbiodinium9409,-0.415157858400739
Symbiodinium9411,0.132592794936794
Symbiodinium9414,0.286612201742004
Symbiodinium9416,-0.0105108488227856
Symbiodinium9417,-0.0718652142526087
Symbiodinium9418,0.211200692044441
Symbiodinium9425,0.0739721977523412
Symbiodinium9436,-0.0901094656535714
Symbiodinium9443,0.156035635323572
Symbiodinium9444,0.293834501252773
Symbiodinium9453,0.294537416688828
Symbiodinium9461,0.0669972478459855
Symbiodinium9464,-0.136406786539524
Symbiodinium9470,0.15323372573246
Symbiodinium9479,-0.0322959107418687
Symbiodinium9480,0.337061440173128
Symbiodinium9484,-0.340760676397235
Symbiodinium9486,0.0332999753517712
Symbiodinium9489,0.168837854346879
Symbiodinium9493,-0.28574949076402
Symbiodinium9497,-0.0109912112772177
Symbiodinium9499,0.429448609896384
Symbiodinium9503,0.0734719317269861
Symbiodinium9504,-0.0570226036629029
Symbiodinium9514,0.320195689917835
Symbiodinium9520,0.29781687866062
Symbiodinium9527,0.401356742130594
Symbiodinium9531,0.195779263295374
Symbiodinium9540,0.241417540693367
Symbiodinium9541,-0.515360939844405
Symbiodinium9549,-0.0225065530029134
Symbiodinium9565,0.298242903098754
Symbiodinium9566,-0.0151864094656532
Symbiodinium9568,0.267258877886796
Symbiodinium9571,-0.238195211508352
Symbiodinium9574,0.288870090224076
Symbiodinium9580,0.0772192182923055
Symbiodinium9582,0.016339418166022
Symbiodinium9584,0.687881088093022
Symbiodinium9585,-0.258437945894038
Symbiodinium9588,0.370392577779925
Symbiodinium9591,-0.344373931599316
Symbiodinium9599,0.274234232002566
Symbiodinium9604,0.0303468573362283
Symbiodinium9605,0.22615337949071
Symbiodinium9608,0.175522207803217
Symbiodinium9616,0.585867454285578
Symbiodinium9617,-0.0162250738380697
Symbiodinium9618,0.162145721939344
Symbiodinium9619,-0.00450013113860713
Symbiodinium9621,-0.236093593267259
Symbiodinium9623,0.51763375788016
Symbiodinium9626,0.116602675486339
Symbiodinium9636,-0.146151165509954
Symbiodinium9639,-0.112545386435331
Symbiodinium9646,0.0380477894279801
Symbiodinium9647,0.161091268602073
Symbiodinium9650,-0.8299468807198
Symbiodinium9651,-0.300885159188339
Symbiodinium9656,-0.100442964690729
Symbiodinium9658,0.139738930327276
Symbiodinium9660,0.106747747967714
Symbiodinium9662,0.150066502341583
Symbiodinium9663,-0.210529180852968
Symbiodinium9666,-0.373163055505783
Symbiodinium9668,-0.178698036698406
Symbiodinium9669,0.77103242294935
Symbiodinium9675,0.0102041414298048
Symbiodinium9686,0.478197847422679
Symbiodinium9695,-0.222761917629331
Symbiodinium9696,0.361706680884894
Symbiodinium9698,0.0737507555448282
Symbiodinium9699,0.580641185002196
Symbiodinium9701,-0.31133568064689
Symbiodinium9703,-0.0200891882152169
Symbiodinium9704,-0.0115305034477558
Symbiodinium9706,0.218829505765097
Symbiodinium9708,0.13009701927181
Symbiodinium9712,0.426758039529849
Symbiodinium9713,-0.076676659830264
Symbiodinium9716,-0.329346049570508
Symbiodinium9718,-0.415670848372002
Symbiodinium9726,0.422586109661829
Symbiodinium9727,0.067838156542947
Symbiodinium9730,0.249211498379312
Symbiodinium9737,-0.44575914242495
Symbiodinium9738,0.112752012688715
Symbiodinium9739,-0.0752781739333616
Symbiodinium9746,0.0372568200242325
Symbiodinium9752,0.0763501715821546
Symbiodinium976,-0.169290599411038
Symbiodinium9760,0.203350664132948
Symbiodinium9762,0.0202897185023919
Symbiodinium9765,-0.0843742527813388
Symbiodinium9766,0.0422929165171806
Symbiodinium9777,0.302864424789
Symbiodinium9780,0.073141690313999
Symbiodinium9794,0.354145704859119
Symbiodinium9796,0.329664603092714
Symbiodinium9797,0.292475883071529
Symbiodinium9799,0.429654163942428
Symbiodinium9800,0.174809304702347
Symbiodinium9804,-0.410900485133008
Symbiodinium9805,0.117389104659117
Symbiodinium9819,0.120947739566174
Symbiodinium9827,-0.195593273830098
Symbiodinium9836,0.340839299964246
Symbiodinium9842,-0.101805032710257
Symbiodinium9856,0.420846959505006
Symbiodinium9862,0.45852257034776
Symbiodinium9863,-0.205340502420977
Symbiodinium9871,-0.0757170246320949
Symbiodinium9874,-0.30209039745206
Symbiodinium9880,0.0405208566587974
Symbiodinium9886,-0.450752478508306
Symbiodinium9895,0.185870541203277
Symbiodinium9896,-0.112905009542464
Symbiodinium9906,0.134432059999908
Symbiodinium9912,0.187300774199189
Symbiodinium9917,-0.0433058344534393
Symbiodinium9934,-0.765580519888979
Symbiodinium9950,-0.186391486454835
Symbiodinium9961,0.430496188343446
Symbiodinium9964,0.206626621260293
Symbiodinium9972,0.125008285359184
Symbiodinium9974,-0.177487410303052
Symbiodinium9981,0.0851767333748083
Symbiodinium9982,-0.0184141004260498
Symbiodinium9989,0.601121652721915
Symbiodinium9991,0.345400878275972
Symbiodinium9992,0.0743385906716825
Symbiodinium9999,-0.315208558231458
