gene,annot,baseMean,log2FoldChange,lfcSE,stat,pvalue,padj,Contrast
Acropora_000574,calcium ion-regulated exocytosis of neurotransmitter,15.839749052265391,-1.1164017116502118,0.29237159847287636,-3.818434203190163,1.3430139313599452e-4,0.00426046953585804,Variable vs Control
Acropora_000574,calcium ion-regulated exocytosis of neurotransmitter,15.839749052265391,-1.1288218100265297,0.23712704471513835,-4.760409388910437,1.9320065974426577e-6,3.289435346284166e-5,Variable vs Initial
Acropora_000700,calcium ion-regulated exocytosis of neurotransmitter,7.271737759980179,1.0412202919699245,0.36900346020786184,2.8217087487022443,0.00477685377770986,0.04938914763561015,Variable vs Control
Acropora_000700,calcium ion-regulated exocytosis of neurotransmitter,7.271737759980179,1.1238881270172172,0.2692276062550344,4.174490657368095,2.9865347462149787e-5,3.329570161337504e-4,Variable vs Initial
Acropora_000712,NA,223.4650082086652,-1.2172778995110505,0.19967574069712815,-6.096273364311392,1.0856969048105544e-9,2.637109168490591e-7,Variable vs Control
Acropora_000712,NA,223.4650082086652,-1.300320225784562,0.16107447863469257,-8.072788667741781,6.871047616013253e-16,1.4698599484315086e-13,Variable vs Initial
Acropora_000713,calcium ion binding,129.01027832571563,-2.1022749762970103,0.30911751804899673,-6.8008923905884515,1.0397306608111988e-11,5.834681646221191e-9,Variable vs Control
Acropora_000713,calcium ion binding,129.01027832571563,-1.9159039937248925,0.2514044662238993,-7.620803331387916,2.521017995501963e-14,3.730761288412015e-12,Variable vs Initial
Acropora_001599,NA,152.21285098678803,-1.2656766310544842,0.31166829326011514,-4.060973343856199,4.8868551451703813e-05,0.00197341639286607,Variable vs Control
Acropora_001599,NA,152.21285098678803,-1.2242953278654527,0.251106684273722,-4.875598319521013,1.0847914877875874e-6,2.0101204875762103e-5,Variable vs Initial
Acropora_001600,NA,5.875912387383528,-1.4166467012511663,0.4462566433770068,-3.1745111748495676,0.00150089111383209,0.02293474364929902,Variable vs Control
Acropora_001600,NA,5.875912387383528,-1.458112805823579,0.36502821855250023,-3.994520784189362,6.482523494153978e-5,6.392578850510764e-4,Variable vs Initial
Acropora_001921,Tachylectin,570.8664949468441,1.207492783037662,0.3175831487240629,3.8021311517596015,1.434567474770198e-4,0.00447244273647705,Variable vs Control
Acropora_001921,Tachylectin,570.8664949468441,1.4713737206737991,0.25517425274056316,5.766152755896385,8.110155587774172e-9,2.790255121488038e-7,Variable vs Initial
Acropora_001991,NA,132.88794030561635,-1.361872800887053,0.31865125965291274,-4.273866051464719,1.9211247487207617e-5,9.474055806267174e-4,Variable vs Control
Acropora_001991,NA,132.88794030561635,-1.2811896486770291,0.2569429865444493,-4.986279897760092,6.155295472097358e-7,1.2245977345316349e-5,Variable vs Initial
Acropora_002961,Leucine Rich repeat,8.630856195797708,-1.6135385974790326,0.34005682040111074,-4.7449087937004135,2.086003042365029e-6,1.6954205357909e-4,Variable vs Control
Acropora_002961,Leucine Rich repeat,8.630856195797708,-1.1888861688593486,0.28605389625317273,-4.156161424234271,3.23639197792213e-5,3.5567388135801395e-4,Variable vs Initial
Acropora_003306,positive regulation of interleukin-13 biosynthetic process,31.025102305373945,-1.074801282502629,0.3389562792832923,-3.1709142098657903,0.00151960014447696,0.02307522240287938,Variable vs Control
Acropora_003306,positive regulation of interleukin-13 biosynthetic process,31.025102305373945,-1.141523578983628,0.2737937948702647,-4.1692821399569375,3.055605392705127e-5,3.3850845814801156e-4,Variable vs Initial
Acropora_003321,positive regulation of epithelial to mesenchymal transition,41.78901283722011,1.145875323879027,0.35915723982070885,3.190455869554647,0.00142048533193969,0.02227069199613346,Variable vs Control
Acropora_003321,positive regulation of epithelial to mesenchymal transition,41.78901283722011,1.340118223326276,0.283513907345235,4.726816528595944,2.280671592980272e-6,3.804288984778209e-5,Variable vs Initial
Acropora_003330,NA,19.641405957286008,1.156457258559748,0.2937076978384589,3.937442794556263,8.235455631965446e-5,0.00294557813087045,Variable vs Control
Acropora_003330,NA,19.641405957286008,2.0744903245162396,0.23036374650478017,9.005281238874074,2.1511374797573888e-19,8.450450252297843e-17,Variable vs Initial
Acropora_003765,NA,11.66850138967312,-1.1474397354279935,0.3800157028906057,-3.0194534770535637,0.00253231181764418,0.03255200830990634,Variable vs Control
Acropora_003765,NA,11.66850138967312,-1.7661839450119077,0.2981425302827686,-5.923958394452472,3.142830023700414e-9,1.2284022678853032e-7,Variable vs Initial
Acropora_003903,NA,13.477715975616386,-1.9231691429634383,0.44548779144863643,-4.3169962900884,1.5816681571963773e-5,8.276549064377441e-4,Variable vs Control
Acropora_003903,NA,13.477715975616386,-2.6598718257506224,0.36666013623017774,-7.254325089981525,4.036695368460283e-13,4.4498387821914736e-11,Variable vs Initial
Acropora_004256,NA,17.543944857073228,-2.657960319134412,0.5992124548258064,-4.435756129112991,9.174966978615316e-6,5.18449349340228e-4,Variable vs Control
Acropora_004256,NA,17.543944857073228,-1.5087576517617138,0.4951974322444723,-3.0467800386672046,0.00231306906356019,0.01239795836945708,Variable vs Initial
Acropora_006544,NA,536.5627716250821,-1.3558803649535671,0.26826101329852153,-5.054332525929662,4.318985502647498e-7,4.593932684319306e-5,Variable vs Control
Acropora_006544,NA,536.5627716250821,-1.413195177354898,0.2164294401034603,-6.529588473173265,6.595064531335104e-11,4.079481003718047e-9,Variable vs Initial
Acropora_006831,PX domain,581.8707724903696,-1.3132200946747374,0.2263188072284731,-5.802523045948262,6.532441201419384e-9,1.2361505594406867e-6,Variable vs Control
Acropora_006831,PX domain,581.8707724903696,-1.094282530233584,0.1825396943903484,-5.994764776441101,2.0378018977976547e-9,8.41907774239161e-8,Variable vs Initial
Acropora_006944,NA,16.623936995152583,-1.417604175356534,0.5002061916197744,-2.8340396402652055,0.00459636300657402,0.04822773150805011,Variable vs Control
Acropora_006944,NA,16.623936995152583,-2.16375477765806,0.4028207443336077,-5.3715078185399605,7.808098219794651e-8,1.996470652507494e-6,Variable vs Initial
Acropora_007430,Interferon-induced transmembrane protein,4.427319804928696,-1.5392076396762553,0.47871323124107856,-3.2153020623345063,0.00130307325733519,0.02103791090265167,Variable vs Control
Acropora_007430,Interferon-induced transmembrane protein,4.427319804928696,-1.2288541717076629,0.3930757579590435,-3.1262527561816804,0.00177049309826413,0.00996179007320179,Variable vs Initial
Acropora_007638,Ankyrin repeats (3 copies),16.772637091175948,-2.7877156957273463,0.5646509375091603,-4.937060244732386,7.930897735739499e-7,7.822268469783308e-5,Variable vs Control
Acropora_007638,Ankyrin repeats (3 copies),16.772637091175948,-2.400238555298601,0.4792845929886914,-5.007961011914342,5.500967379760142e-7,1.1107916643414236e-5,Variable vs Initial
Acropora_007764,Cytochrome b-561 / ferric reductase transmembrane domain.,14.996063393581611,-1.1285552398024286,0.3514081405510275,-3.2115227553715497,0.0013203351350817,0.02121138597070054,Variable vs Control
Acropora_007764,Cytochrome b-561 / ferric reductase transmembrane domain.,14.996063393581611,-1.4657670234266529,0.28197397202093893,-5.198235187883963,2.0118947858041297e-7,4.566071296437397e-6,Variable vs Initial
Acropora_007909,NA,51.64495000231991,-1.1695355211546716,0.2499687605813217,-4.678726727431165,2.8866185783337618e-6,2.1648309098527024e-4,Variable vs Control
Acropora_007909,NA,51.64495000231991,-1.0599223088004512,0.2016474585183664,-5.256313749691577,1.469714727224994e-7,3.4933615397605295e-6,Variable vs Initial
Acropora_007978,NA,18.77028014396411,-1.9709324542851756,0.641694368186135,-3.071450447440223,0.00213021518881493,0.02920566300149475,Variable vs Control
Acropora_007978,NA,18.77028014396411,-1.428087084367907,0.5343441169692006,-2.6725981235987324,0.00752663586483465,0.03211939452806981,Variable vs Initial
Acropora_008105,NA,11.215990047117868,1.2682813852380816,0.4305614671625545,2.945645353719621,0.0032228168348412,0.03827524682486598,Variable vs Control
Acropora_008105,NA,11.215990047117868,1.7423878641941095,0.33219635055752034,5.245054201438051,1.562363901618401e-7,3.685200268380696e-6,Variable vs Initial
Acropora_008250,NA,49.7332191236442,1.0726157986315203,0.37023778663491913,2.897099748733092,0.00376629984085294,0.04216510060135951,Variable vs Control
Acropora_008250,NA,49.7332191236442,1.6451516499616254,0.2936750688528483,5.601945226021081,2.1195954126320914e-8,6.542282640761281e-7,Variable vs Initial
Acropora_008536,Occurs in almost all aerobically respiring organisms and serves to protect cells from the toxic effects of hydrogen peroxide,44.18892765210548,-1.462133402796375,0.23909068369007647,-6.115392621034449,9.631952203923578e-10,2.411544464102343e-7,Variable vs Control
Acropora_008536,Occurs in almost all aerobically respiring organisms and serves to protect cells from the toxic effects of hydrogen peroxide,44.18892765210548,-1.598775520415848,0.19624479357037572,-8.14684298792624,3.73548194114023e-16,8.177368769017606e-14,Variable vs Initial
Acropora_008723,metalloendopeptidase activity,31.65003652699304,-1.2789053447918517,0.4030346654487621,-3.1731894410815618,0.00150774109589337,0.02299623111018627,Variable vs Control
Acropora_008723,metalloendopeptidase activity,31.65003652699304,-1.3476527682081914,0.32271630814392366,-4.175967356465825,2.967223720125034e-5,3.311458455424663e-4,Variable vs Initial
Acropora_008758,NA,5.925342136602255,-1.7993766111281506,0.4590994461534876,-3.9193613196531216,8.878392973683492e-5,0.00312066883917332,Variable vs Control
Acropora_008758,NA,5.925342136602255,-1.9436097626291964,0.3821623574897347,-5.085822097696798,3.660370433687456e-7,7.700678051631078e-6,Variable vs Initial
Acropora_009217,NA,5.014827841890783,-3.510386573445943,0.9492369722039244,-3.6981140392114935,2.172073071456134e-4,0.00594089364115581,Variable vs Control
Acropora_009217,NA,5.014827841890783,-2.0790677499794805,0.7985991577806165,-2.603393366651436,0.00923059769851977,0.03766502245027729,Variable vs Initial
Acropora_009258,NA,14.28181858169494,1.052423392767136,0.2640788880176143,3.985261376505563,6.740588644416355e-5,0.00254515869139748,Variable vs Control
Acropora_009258,NA,14.28181858169494,1.3849370738111972,0.1933741518063791,7.161955519256273,7.953423147639728e-13,7.955632431847404e-11,Variable vs Initial
Acropora_009481,NA,6.811804410791994,-1.0959193704847674,0.3532920476587876,-3.102021055235343,0.00192204287157978,0.02723694080060238,Variable vs Control
Acropora_009481,NA,6.811804410791994,-1.0590828329169248,0.28630883517880035,-3.699092388313919,2.163718340655324e-4,0.00174437680851488,Variable vs Initial
Acropora_009633,NA,85.25543622749832,-1.3945794424348554,0.2556089515180274,-5.455910030351576,4.8722659780306695e-8,7.341783011710289e-6,Variable vs Control
Acropora_009633,NA,85.25543622749832,-2.069996116663948,0.20623519559001752,-10.037065258148123,1.0474412578058139e-23,8.704236852366315e-21,Variable vs Initial
Acropora_010895,NA,3.8047258647160698,1.699571388978454,0.5212697602910565,3.2604450103329996,0.00111237534626843,0.01905557514228689,Variable vs Control
Acropora_010895,NA,3.8047258647160698,1.2046528214279388,0.33065451079910013,3.643237222188887,2.692304967495242e-4,0.00208943754050654,Variable vs Initial
Acropora_011104,NA,63.56029276339011,-2.311010203885839,0.7343381197557723,-3.147065557014035,0.00164917981293309,0.02453268032511259,Variable vs Control
Acropora_011104,NA,63.56029276339011,-1.5787101732439528,0.5928844591135858,-2.6627619411786623,0.00775022225580817,0.03289163269671804,Variable vs Initial
Acropora_013707,homophilic cell adhesion via plasma membrane adhesion molecules,20.23641601716777,2.170667365825956,0.33114358955525763,6.555063828175779,5.5618082352590604e-11,2.2076309078196577e-8,Variable vs Control
Acropora_013707,homophilic cell adhesion via plasma membrane adhesion molecules,20.23641601716777,1.368296786563734,0.23313959111442015,5.8690022575024665,4.384254683392165e-9,1.6474122902499328e-7,Variable vs Initial
Acropora_014875,Monoamine oxidase,70.85041559796015,-1.1122812833279003,0.2792921096056714,-3.9825016356470457,6.819365535054398e-5,0.00256894339623785,Variable vs Control
Acropora_014875,Monoamine oxidase,70.85041559796015,-1.78268182109953,0.22089236318213637,-8.070364205527662,7.008877816037458e-16,1.4846452362088758e-13,Variable vs Initial
Acropora_015369,NA,5.144595037451538,1.5210923423155225,0.41663505123778743,3.650898640900438,2.613243625470867e-4,0.00671407884589653,Variable vs Control
Acropora_015369,NA,5.144595037451538,1.306862189430147,0.2772609948988481,4.713472913515743,2.4353010995475904e-6,4.0165737066278805e-5,Variable vs Initial
Acropora_015738,NA,7.033315071295497,-1.3282943793573667,0.45071595837391015,-2.947076434013071,0.00320793899372862,0.03817163764180691,Variable vs Control
Acropora_015738,NA,7.033315071295497,-2.02726011647843,0.3649918008199114,-5.554262073625838,2.787869519770296e-8,8.240042249542684e-7,Variable vs Initial
Acropora_016099,-,17.1189379831145,-1.4966401205250028,0.441277753607043,-3.391605645857593,6.948436970948439e-4,0.01349389776434545,Variable vs Control
Acropora_016099,-,17.1189379831145,-2.240371780390256,0.35731109466975336,-6.270087365915495,3.608455819833614e-10,1.7964123604452784e-8,Variable vs Initial
Acropora_016179,melanocortin receptor activity,9.108864559003605,-1.2006266172614737,0.36985410183198625,-3.246216849602178,0.00116949720439201,0.01962102835492333,Variable vs Control
Acropora_016179,melanocortin receptor activity,9.108864559003605,-1.0626304191795,0.3002188974092521,-3.539518758977202,4.0085727989362674e-4,0.00291417307852681,Variable vs Initial
Acropora_017185,NA,13.061659941716554,1.2828029420622824,0.3212129727377184,3.993621213766281,6.507178873525518e-5,0.00248670049290145,Variable vs Control
Acropora_017185,NA,13.061659941716554,1.3150882377115176,0.2361405594621903,5.569090886828712,2.560718947771778e-8,7.638049236186124e-7,Variable vs Initial
Acropora_017640,"Spondin 2b, extracellular matrix protein",21.7476765522419,-2.167178418577615,0.3366498178623894,-6.437485789650661,1.2146869128394859e-10,4.0342479223571e-8,Variable vs Control
Acropora_017640,"Spondin 2b, extracellular matrix protein",21.7476765522419,-2.244776769572218,0.2867168669673923,-7.829245601471753,4.908060323093108e-15,8.880330043026012e-13,Variable vs Initial
Acropora_017850,NA,16.863144776969133,-1.102899179375246,0.3903896434165028,-2.825124072767919,0.0047262311034516,0.04907808198575583,Variable vs Control
Acropora_017850,NA,16.863144776969133,-1.0244697872134578,0.31526652994813653,-3.249535519618876,0.00115593641415031,0.00699584374345427,Variable vs Initial
Acropora_018539,NA,70.74537961393705,-1.3960747628220358,0.35747657178226344,-3.905360163497303,9.408515195585276e-5,0.0032786761518834,Variable vs Control
Acropora_018539,NA,70.74537961393705,-1.3404693831599468,0.2882500957842121,-4.650369254910639,3.3134124647857927e-6,5.260072719629819e-5,Variable vs Initial
Acropora_018567,Animal haem peroxidase,478.4355202642633,-2.2562918418429443,0.3472799029526966,-6.497041212748428,8.191502798454629e-11,2.8363514157883115e-8,Variable vs Control
Acropora_018567,Animal haem peroxidase,478.4355202642633,-2.008404549131906,0.28023191460300895,-7.166937256154837,7.669415977839978e-13,7.827870171421919e-11,Variable vs Initial
Acropora_018568,peroxidase activity,10.058216581726189,-2.40564991346959,0.4895459212158595,-4.914043421084592,8.921697715060956e-7,8.485259504058383e-5,Variable vs Control
Acropora_018568,peroxidase activity,10.058216581726189,-3.2493990269796336,0.4151954268217199,-7.826191757104511,5.028701401994821e-15,8.979348966239676e-13,Variable vs Initial
Acropora_018571,Animal haem peroxidase,45.28397738706494,-2.8790239926574093,0.5907954967497182,-4.873131241684236,1.0984319884639351e-6,1.0099368463424906e-4,Variable vs Control
Acropora_018571,Animal haem peroxidase,45.28397738706494,-1.9127615024828335,0.4809471986906646,-3.9770717194946856,6.976912725356996e-5,6.802489907223071e-4,Variable vs Initial
Acropora_019472,nitric-oxide synthase activity,43.54824653323069,-2.8506231498895547,0.755613318158856,-3.772595163933115,1.6155831437403265e-4,0.0047978102338011,Variable vs Control
Acropora_019472,nitric-oxide synthase activity,43.54824653323069,-2.387273386395349,0.6155007935140421,-3.878587016542791,1.0506494520782684e-4,9.554011810439e-4,Variable vs Initial
Acropora_019673,positive regulation of cardioblast differentiation,18.8883837112197,1.2408873709315416,0.293685084763232,4.225231158510964,2.386956325250897e-5,0.00111304662570581,Variable vs Control
Acropora_019673,positive regulation of cardioblast differentiation,18.8883837112197,1.6326496372723074,0.2243908700592661,7.275918297571964,3.440717919901852e-13,3.8553616488421807e-11,Variable vs Initial
Acropora_019861,NA,36.8833570333018,-1.069517472351552,0.3663988937931843,-2.918997547397745,0.00351158986550275,0.04010358840083641,Variable vs Control
Acropora_019861,NA,36.8833570333018,-1.407406656130632,0.29382946046602093,-4.789875916112869,1.6688447916497937e-6,2.9101743800149667e-5,Variable vs Initial
Acropora_021678,Sterile alpha motif (SAM)/Pointed domain,300.9808444469163,-1.051560268851254,0.2276490790080146,-4.619216003128362,3.851927025149715e-6,2.6789000174054045e-4,Variable vs Control
Acropora_021678,Sterile alpha motif (SAM)/Pointed domain,300.9808444469163,-1.1013020236018662,0.1832172759425156,-6.010907093430423,1.8448811634603574e-9,7.709961782925433e-8,Variable vs Initial
Acropora_022441,NA,33.50602463640695,-1.5622408641279395,0.25233830661743323,-6.191057097392797,5.976205447057457e-10,1.568657539442146e-7,Variable vs Control
Acropora_022441,NA,33.50602463640695,-1.879196825927915,0.20494386846822787,-9.16932445929332,4.759925183452858e-20,2.188147734333669e-17,Variable vs Initial
Acropora_022631,Dermatopontin,85.35030640582714,-1.1579922714975703,0.3732909450392569,-3.1021172275576916,0.00192141853534724,0.02723694080060238,Variable vs Control
Acropora_022631,Dermatopontin,85.35030640582714,-1.750837849601617,0.3000698589591316,-5.8347674627329855,5.386563708726966e-9,1.9692401944290163e-7,Variable vs Initial
Acropora_022862,NA,23.63685478847345,-1.1188973833908051,0.301599131934226,-3.7098826386371,2.073553473546014e-4,0.00574731187444693,Variable vs Control
Acropora_022862,NA,23.63685478847345,-1.5233533335077765,0.2428547929736039,-6.272692067779577,3.5485829101655217e-10,1.7747843138202843e-8,Variable vs Initial
Acropora_023258,NA,15.566609179100096,-1.1384751710857393,0.3775675699485922,-3.0152885515054924,0.00256734880429688,0.03279516047184256,Variable vs Control
Acropora_023258,NA,15.566609179100096,-1.132423017145657,0.3027634785135346,-3.7402893595537607,1.838085289654882e-4,0.00152276344970411,Variable vs Initial
Acropora_023921,sequence-specific DNA binding,81.68822399265791,-1.849912609531985,0.33562673726842834,-5.511815371409036,3.5515136522990323e-8,5.452578601652307e-6,Variable vs Control
Acropora_023921,sequence-specific DNA binding,81.68822399265791,-1.983821362661032,0.2732146353397862,-7.261036218626547,3.8413606235010665e-13,4.2781668882146415e-11,Variable vs Initial
Acropora_024034,response to abiotic stimulus,11.892293982469033,-1.55427398525329,0.3254443008748407,-4.775852522459849,1.7894750663953403e-6,1.508907628524237e-4,Variable vs Control
Acropora_024034,response to abiotic stimulus,11.892293982469033,-1.4237182234183718,0.2701230492921803,-5.270628430817091,1.3595745396331978e-7,3.256648281963954e-6,Variable vs Initial
Acropora_024297,Src homology 2 domains,7.806469737737384,-2.0570109078416854,0.5468747738018748,-3.761392930124278,1.689697489747595e-4,0.00494570808420006,Variable vs Control
Acropora_024297,Src homology 2 domains,7.806469737737384,-1.501981179447883,0.45261288631876856,-3.3184675577046208,9.05128361647268e-4,0.00570151702091862,Variable vs Initial
Acropora_026585,NA,31.3284669593203,1.0688295487792083,0.3774860261769738,2.831441363813868,0.00463387290470056,0.04850320099716467,Variable vs Control
Acropora_026585,NA,31.3284669593203,1.648265462616079,0.29669890652417547,5.555347277566646,2.7706036570741618e-8,8.200227755444429e-7,Variable vs Initial
Acropora_027863,-,6.566333471884283,-1.040874478078731,0.3633866935426477,-2.8643714714242066,0.00417837685397949,0.04533153426882401,Variable vs Control
Acropora_027863,-,6.566333471884283,-1.293969214706186,0.29287749626725545,-4.418124407637718,9.956111092730244e-6,1.3197039034940468e-4,Variable vs Initial
Acropora_027872,Neural cell adhesion molecule,40.27612014205312,-1.2403253646099666,0.2515538839610153,-4.930654796815567,8.195444503665142e-7,7.938849038848007e-5,Variable vs Control
Acropora_027872,Neural cell adhesion molecule,40.27612014205312,-1.7353814270035004,0.2023215963537642,-8.577341511131337,9.709102460777771e-18,2.9545756023600643e-15,Variable vs Initial
Acropora_027873,NA,101.66661625714232,-1.185070291560602,0.21990447053641385,-5.3890231911604864,7.08416649504337e-8,9.770146232231847e-6,Variable vs Control
Acropora_027873,NA,101.66661625714232,-1.3312780838046343,0.17740316098260928,-7.504252328035682,6.178019905337854e-14,8.45383107261211e-12,Variable vs Initial
Acropora_028438,NA,5.398816844101428,-2.1320725677173713,0.5260158123997479,-4.053248053495954,5.051139427288823e-5,0.00202468578915513,Variable vs Control
Acropora_028438,NA,5.398816844101428,-2.3874095440086762,0.4439127241021542,-5.378105682456805,7.52736295117424e-8,1.938452966901914e-6,Variable vs Initial
Acropora_028627,NA,15.420577064027166,-2.2793303394484674,0.6628151293269386,-3.438862872311067,5.841630541962153e-4,0.01188333692998651,Variable vs Control
Acropora_028627,NA,15.420577064027166,-3.2567546982638342,0.5411841163021449,-6.017831270653142,1.7676930364385627e-9,7.430501117761009e-8,Variable vs Initial
Acropora_028849,Monoamine oxidase,1115.0122161675752,-2.0817574480250265,0.36019528443956494,-5.779524435651829,7.491207383872224e-9,1.385362601876552e-6,Variable vs Control
Acropora_028849,Monoamine oxidase,1115.0122161675752,-1.7953728829929114,0.29022248543987744,-6.18619498165948,6.163376677285756e-10,2.9203051861718434e-8,Variable vs Initial
Acropora_028850,NA,15.697631519731226,-2.3445581138613503,0.5527578343333072,-4.241564692953056,2.2196688857602547e-5,0.00105314552323213,Variable vs Control
Acropora_028850,NA,15.697631519731226,-1.8322577255004993,0.4556319793760533,-4.02135453268581,5.786443753541788e-5,5.777352298476149e-4,Variable vs Initial
Acropora_029683,purine-rich negative regulatory element binding,17.76056574691554,-1.8813406914735575,0.5280601136722434,-3.5627396252110595,3.6700464722699486e-4,0.00865599076662625,Variable vs Control
Acropora_029683,purine-rich negative regulatory element binding,17.76056574691554,-2.545158214088181,0.4334340026265569,-5.872077868060269,4.303664987721555e-9,1.6251673333234016e-7,Variable vs Initial
Acropora_029687,sequence-specific DNA binding,15.160582704725424,-1.9218086708060336,0.40803008407620733,-4.709968077861386,2.4775559297645357e-6,1.9199878667137168e-4,Variable vs Control
Acropora_029687,sequence-specific DNA binding,15.160582704725424,-2.1322912468775437,0.33568437911262833,-6.352071706506547,2.1243424884414467e-10,1.1417548210265151e-8,Variable vs Initial
Acropora_029688,purine-rich negative regulatory element binding,60.39785934543512,-1.3714173583957894,0.23271515851468905,-5.8931157177250455,3.789808109890567e-9,8.115175944784091e-7,Variable vs Control
Acropora_029688,purine-rich negative regulatory element binding,60.39785934543512,-1.2191024959164227,0.1889374177534088,-6.452414298937501,1.1008213827266824e-10,6.308845303764643e-9,Variable vs Initial
Acropora_029829,"heat shock protein 90kDa beta (Grp94), member 1",2165.9943024714,-1.0380255128514622,0.1341299147329228,-7.738956033173964,1.0023643405394928e-14,1.4829524798127007e-11,Variable vs Control
Acropora_029829,"heat shock protein 90kDa beta (Grp94), member 1",2165.9943024714,-1.12392327943017,0.10799762514487656,-10.406925873809264,2.3054643802843728e-25,2.9953995354459664e-22,Variable vs Initial
Acropora_029830,Cysteine-rich with EGF-like,94.54261664256028,-1.3561834829494583,0.21861900905048848,-6.20341062215801,5.525242540467122e-10,1.524030459382406e-7,Variable vs Control
Acropora_029830,Cysteine-rich with EGF-like,94.54261664256028,-1.0252974568217623,0.17713093479493464,-5.78835909158812,7.1077336892555535e-9,2.488973972286151e-7,Variable vs Initial
Acropora_029983,Potassium channel subfamily K member,26.982352599581723,2.246240640601583,0.3146754828600681,7.138276614960994,9.450830119771653e-13,6.741951790586138e-10,Variable vs Control
Acropora_029983,Potassium channel subfamily K member,26.982352599581723,1.3873817466220906,0.22261962894450435,6.232072855390229,4.60303298111632e-10,2.2602984224999822e-8,Variable vs Initial
Acropora_030131,NADP-retinol dehydrogenase activity,17.48729216988531,1.13065544016819,0.2645410855454185,4.274025858165121,1.91974757027477e-5,9.474055806267174e-4,Variable vs Control
Acropora_030131,NADP-retinol dehydrogenase activity,17.48729216988531,1.2111588234195931,0.19247916509045532,6.292415196472879,3.1256409520829116e-10,1.5890023155459622e-8,Variable vs Initial
Acropora_031373,NA,111.49140978920316,-1.3585698687919143,0.3288490461701007,-4.131287241408569,3.6073747777696384e-5,0.00154085084339693,Variable vs Control
Acropora_031373,NA,111.49140978920316,-1.2549109279975714,0.26391557327742166,-4.754971116003221,1.9847479131343393e-6,3.3633304636220026e-5,Variable vs Initial
Acropora_031416,NA,13.87161943147662,-1.7394157849361505,0.4262005406221371,-4.081214402959404,4.480100381348117e-5,0.00184114024257725,Variable vs Control
Acropora_031416,NA,13.87161943147662,-1.807533661431588,0.3463792480312108,-5.218365914544392,1.8050858353015857e-7,4.175662158193368e-6,Variable vs Initial
Acropora_033778,Cupin superfamily (DUF985),6.186186945878936,-2.01412187488875,0.551714264674022,-3.650661227834639,2.6156605556706426e-4,0.00671407884589653,Variable vs Control
Acropora_033778,Cupin superfamily (DUF985),6.186186945878936,-2.5134193339935424,0.4643620317690286,-5.4126288586051,6.210613094533113e-8,1.6404218401036974e-6,Variable vs Initial
Acropora_34231,Neurotransmitter-gated ion-channel ligand binding domain,74.61248266581819,-1.6279550057180738,0.2451422683608806,-6.6408580478724994,3.118622783530691e-11,1.4500704908336706e-8,Variable vs Control
Acropora_34231,Neurotransmitter-gated ion-channel ligand binding domain,74.61248266581819,-1.421515052672598,0.20006838868863897,-7.105145705376092,1.2019566476992233e-12,1.1541989035639741e-10,Variable vs Initial
Acropora_000330,NA,6.184951921772973,1.1664416882618145,0.3691042078499635,3.1601961274198183,0.00157662969732146,0.02373549647937974,Variable vs Control
Acropora_001502,NA,715.3332877649133,-1.3924840486926493,0.2251518496951184,-6.184644055015464,6.224275180083363e-10,1.6078389568361378e-7,Variable vs Control
Acropora_001587,NA,23.85116819916913,1.0631721118610848,0.3104625318600093,3.4244780054183153,6.159817036613883e-4,0.01237590894492029,Variable vs Control
Acropora_001595,NA,9.763430193114386,-1.1568144610938045,0.34265116931263034,-3.3760703733024253,7.352910929329959e-4,0.01404475028919199,Variable vs Control
Acropora_001602,Belongs to the heat shock protein 70 family,1060.3589423414685,-1.5537948630324976,0.1234107223354192,-12.59043650039924,2.3835166445380818e-36,3.878934987321274e-32,Variable vs Control
Acropora_001953,NA,30.26413200327643,-1.267916523140079,0.2877479936517805,-4.406343575324643,1.051301651732272e-5,5.885087687055513e-4,Variable vs Control
Acropora_002366,NA,18.590544851835737,1.1714411326991023,0.3005830999395562,3.897228862616248,9.729966082287733e-5,0.00336189953340022,Variable vs Control
Acropora_002563,NA,201.35017179062436,-1.014186763457928,0.1758580531593387,-5.767076032275927,8.06586694861892e-9,1.4584879857980478e-6,Variable vs Control
Acropora_003285,NA,8.660996162823958,1.3028427373965767,0.3865273712331947,3.3706351331341096,7.499511415462604e-4,0.01422459775935179,Variable vs Control
Acropora_003548,NA,9.642922593669292,-1.3596615218487893,0.335549760464695,-4.052041402043697,5.077267740709744e-5,0.00202518272579192,Variable vs Control
Acropora_004232,structural constituent of cuticle,13.697422329753184,1.1129735122836562,0.3493029000874016,3.1862704604089203,0.00144119799477515,0.02247050996210341,Variable vs Control
Acropora_004501,regulation of DNA-dependent DNA replication initiation,8.59792683342131,1.17683937093435,0.3244459636592768,3.627227651906407,2.8648069471946965e-4,0.00718364688114737,Variable vs Control
Acropora_004869,NA,80.92086417823866,1.036435507258518,0.2054861590558642,5.043821501265926,4.563250179054459e-7,4.822229442463134e-5,Variable vs Control
Acropora_004943,solute carrier family 17,6.377016896351623,1.0290905076640573,0.3591360152244857,2.865461730483372,0.00416401599965684,0.04523711373725999,Variable vs Control
Acropora_005760,chromatin remodeling,125.12811868209408,-1.1670142875012837,0.1768353521123714,-6.599439951122982,4.127138730814787e-11,1.7771863147793873e-8,Variable vs Control
Acropora_005885,motor activity,22.442297484941076,-1.05842023419369,0.2738163583496525,-3.865438283428376,1.1088988785437832e-4,0.00370824447795945,Variable vs Control
Acropora_006024,NA,11.14520704577962,1.0826647102410143,0.29867127995931475,3.6249374576239672,2.8903138976205984e-4,0.0071965510010884,Variable vs Control
Acropora_006886,tetracycline transmembrane transporter activity,82.21661360644738,-1.0025205632251728,0.15337795227445558,-6.536275575196463,6.30696600985411e-11,2.3327173828264957e-8,Variable vs Control
Acropora_007413,NA,5.532023265065752,1.7153300551995716,0.4617871839380424,3.714546689172985,2.035682837689107e-4,0.00567272303091652,Variable vs Control
Acropora_007435,Interferon-induced transmembrane protein,8.29068484075738,1.2582886912394595,0.3631617954384921,3.4648157021037007,5.305949593156162e-4,0.01121415891935368,Variable vs Control
Acropora_007483,NA,828.2298250673608,1.0251275435634044,0.31417223651954146,3.26294759498789,0.00110259906556087,0.01898803935760607,Variable vs Control
Acropora_007604,resolution of meiotic recombination intermediates,48.00348610606738,1.0218230191588142,0.19381106538135545,5.272263568378863,1.347513712718105e-7,1.6613210727859423e-5,Variable vs Control
Acropora_008715,NA,23.009639471700737,1.1788205193905177,0.25100694511683896,4.696366145732736,2.648306428283057e-6,2.0329499440508713e-4,Variable vs Control
Acropora_009045,NA,21.57982586058875,-1.4507778107140483,0.5127784383496762,-2.829248857232034,0.0046657403210105,0.04870446310720006,Variable vs Control
Acropora_009105,regulation of T cell homeostatic proliferation,7.720687012876483,1.3200892877379236,0.4106631605714009,3.214530580004152,0.00130657997047509,0.02107361986076486,Variable vs Control
Acropora_009210,NA,3.6171540710254417,-4.05048091512139,1.1866784009550806,-3.413292861706609,6.418292915171067e-4,0.01278291457491509,Variable vs Control
Acropora_009330,U1 snRNA 3'-end processing,3.818493334088808,1.4583384535749206,0.48988855535256176,2.9768779810040416,0.00291199880548507,0.03590141557610923,Variable vs Control
Acropora_009948,frizzled binding,117.7627071116584,1.4172783834187994,0.23835661063109503,5.946041855798678,2.747039323767362e-9,6.124016158217815e-7,Variable vs Control
Acropora_010102,NA,26.300138318234065,1.1625300411522876,0.40197015681838005,2.892080472724116,0.00382699909553081,0.04265793375388256,Variable vs Control
Acropora_010152,IgLON family member 5,6.6808503910494075,-1.1135935966901178,0.34031225558294226,-3.272270035595907,0.00106687624391867,0.01856935186474061,Variable vs Control
Acropora_010229,Arachidonate 5-lipoxygenase,21.756858744291133,1.3237339591464057,0.26319336325787546,5.029511165330632,4.917318682045972e-7,5.097098358701665e-5,Variable vs Control
Acropora_010783,Green fluorescent protein,222.2516740717449,1.3155781382007643,0.35102797573558303,3.7477871541262657,1.784015414329244e-4,0.00512047034440813,Variable vs Control
Acropora_010848,Tower,43.84482611418015,1.010142040401218,0.16026970402109456,6.3027634983855965,2.923848699814536e-10,8.496913167996742e-8,Variable vs Control
Acropora_010917,NA,26.15788979194465,-1.6371930762539164,0.26440847352330255,-6.191908505948956,5.94400540086388e-10,1.568657539442146e-7,Variable vs Control
Acropora_012605,gamma-tubulin binding,8.704400592984694,1.111249375397343,0.3301839461281014,3.3655463520513247,7.639223097370897e-4,0.01438897183872847,Variable vs Control
Acropora_013107,WD40 repeats,121.53116587654664,-1.5444304851777024,0.2096076180496712,-7.368198253231976,1.729494650393662e-13,1.8147036837979592e-10,Variable vs Control
Acropora_013499,zinc ion binding,13.532702545741962,-1.421125787335665,0.30123071741146795,-4.717731974838641,2.384883977529664e-6,1.8749566111264616e-4,Variable vs Control
Acropora_013559,"Sushi, nidogen and EGF-like",5.842652471542973,1.163394969439833,0.38621705472790546,3.0122827441151157,0.00259290963727012,0.03301800581919725,Variable vs Control
Acropora_013744,NA,20.83141654715168,1.2295972657135243,0.37162611093916353,3.308694490293266,9.37320569150966e-4,0.01698658679550425,Variable vs Control
Acropora_014766,Hemicentin 1,34.46664239891758,-1.0116976349631277,0.196033774376224,-5.160833321616806,2.458530014252503e-7,2.837596982407463e-5,Variable vs Control
Acropora_015132,nucleosome assembly,18.190257126067472,1.0212148235450784,0.21920343226660535,4.658753802280932,3.1812940453744274e-6,2.352016802324379e-4,Variable vs Control
Acropora_015331,NA,8.488995638617642,1.0896984543589552,0.33888135176942863,3.215575152392495,0.00130183403060421,0.02103791090265167,Variable vs Control
Acropora_015366,spectrin binding,8.31058366325565,-1.0900506392870033,0.3172424991429754,-3.4360170602354803,5.903337973789625e-4,0.01197891797823595,Variable vs Control
Acropora_015765,transmembrane receptor protein tyrosine kinase activity,4.394234564943535,-1.8788686950801692,0.5573508378013843,-3.371070011291015,7.487682627916254e-4,0.01421873361571868,Variable vs Control
Acropora_015767,NA,16.160873626475453,-1.2807139241493788,0.2574695613529681,-4.974234303345989,6.550604097006934e-7,6.540155280655881e-5,Variable vs Control
Acropora_015785,Rac protein signal transduction,14.920330210726569,-1.1554902933615234,0.29480101085855115,-3.9195601466778576,8.871072113284683e-5,0.00312066883917332,Variable vs Control
Acropora_015975,D-glutamate cyclase activity,5.0067074323537115,1.2731693438861922,0.435575851665093,2.922956676820346,0.00346724755288784,0.03979265632982847,Variable vs Control
Acropora_016448,NA,12.75345153324688,1.030921167196828,0.29252282558832515,3.5242417924940663,4.246965111664896e-4,0.00958461168290395,Variable vs Control
Acropora_017458,double-stranded DNA 5'-3' exodeoxyribonuclease activity,5.629858129579033,1.203491299415627,0.3868579182979976,3.110938777498603,0.00186493600206742,0.02683463173973934,Variable vs Control
Acropora_017542,Belongs to the small heat shock protein (HSP20) family,470.32575498510414,-1.1592116894132212,0.3792330547203771,-3.0567263981457304,0.00223768424244511,0.03007107626882885,Variable vs Control
Acropora_017782,NA,6.368654675190207,1.1483578922649516,0.403985546877323,2.8425717235217567,0.00447511606382814,0.04748480742559778,Variable vs Control
Acropora_018113,trans-2-enoyl-CoA reductase,7.163016447390555,1.1042224753692231,0.3598852588275032,3.0682625872667058,0.0021530733421705,0.02937059142538371,Variable vs Control
Acropora_018329,NA,5.2431770210590285,1.390897936357094,0.4319308650987026,3.2201864898894255,0.00128107229475935,0.02082734318173203,Variable vs Control
Acropora_018664,"Platelet-derived and vascular endothelial growth factors (PDGF, VEGF) family",64.17967112908097,-1.3263706659123298,0.3717020766379738,-3.5683703408635337,3.5920853809892335e-4,0.00854643238161093,Variable vs Control
Acropora_018925,"phospholipase A2 activity (consuming 1,2-dipalmitoylphosphatidylcholine)",91.84993929252047,-1.3839195133414606,0.2464418218244196,-5.615603322099487,1.9587756652434448e-8,3.1877115176171822e-6,Variable vs Control
Acropora_019115,NA,97.983492307461,-1.0302180386005158,0.295611865821447,-3.485036149471684,4.920705582119842e-4,0.01062063165032073,Variable vs Control
Acropora_019192,EP4 subtype prostaglandin E2 receptor binding,4.351235206511905,-1.4344833576125011,0.4995967707707551,-2.8712822851105413,0.00408810279108296,0.04462091537363118,Variable vs Control
Acropora_019471,nitric-oxide synthase activity,69.57258681457989,-2.0519978789233937,0.6304202678295996,-3.254968127829992,0.00113405091905055,0.01920614168612363,Variable vs Control
Acropora_019936,Tissue factor pathway inhibitor,80.74574930028345,-1.1565209152174838,0.24682612234705212,-4.685569356355836,2.791827349418539e-6,2.1330609523210009e-4,Variable vs Control
Acropora_020189,NA,11.431513825535191,1.061484915626721,0.3482462896732284,3.0480867911694025,0.00230303400959228,0.03049599306111055,Variable vs Control
Acropora_020194,NA,8.96081816663702,-1.164621137655231,0.3640624914921666,-3.198959422822852,0.00137924580042905,0.02185574114526038,Variable vs Control
Acropora_020540,negative regulation of endoplasmic reticulum stress-induced neuron intrinsic apoptotic signaling pathway,684.1087016096067,-1.1088063854931198,0.19976526427265492,-5.550546485297544,2.8477797296860898e-8,4.4562276270107134e-6,Variable vs Control
Acropora_020558,erythroblast transformation specific domain,1419.3493461459732,-1.0513540657568503,0.20152478354203412,-5.216996377706361,1.8184781456105968e-7,2.14448647403383e-5,Variable vs Control
Acropora_020750,NA,17.59594588681483,-1.2858458964938448,0.26172170484913854,-4.913027359481061,8.968075670996938e-7,8.485259504058383e-5,Variable vs Control
Acropora_020809,NA,312.84359397952244,-1.0291351787141214,0.3198086586865444,-3.2179715925790884,0.00129100603377624,0.02092612768294279,Variable vs Control
Acropora_021170,NA,7.469247706322305,-1.3551414336995304,0.3685151366840626,-3.677301958050444,2.357139510532452e-4,0.00627824687306139,Variable vs Control
Acropora_021531,NA,34.95517723434979,-1.0874932496876737,0.23506029882114135,-4.626443747164438,3.7199784219635655e-6,2.6321273408276113e-4,Variable vs Control
Acropora_021686,protein localization to nucleoplasm,16.00260277241284,1.0273370093367795,0.26407985411244467,3.890251351393664,1.0014044160443789e-4,0.00344542398873281,Variable vs Control
Acropora_021694,NA,564.4956936879386,-1.4984507315305502,0.30951119681262484,-4.841345796086654,1.2896273107223593e-6,1.1406192855812868e-4,Variable vs Control
Acropora_021842,NA,10.370281267210524,1.0031111110044606,0.3243100137899704,3.093062404339125,0.00198102473102508,0.02781639039922535,Variable vs Control
Acropora_021845,NA,21.49469622324384,-1.0754898542063185,0.2966827912860123,-3.62504966851788,2.889059212473076e-4,0.0071965510010884,Variable vs Control
Acropora_022078,thiosulfate sulfurtransferase activity,11.845736516779793,-1.3111763942953052,0.34738904297494444,-3.7743746407968146,1.6040954536374394e-4,0.00478114458104316,Variable vs Control
Acropora_022173,Rhomboid domain containing 1,19.342656113934847,-1.1305596012322012,0.27273746980078584,-4.145230217388135,3.39472471056e-5,0.00146420525746117,Variable vs Control
Acropora_022725,transducer of ERBB2,622.8806167501027,-1.0617377345425627,0.2134417219522622,-4.974368295154721,6.546075143049083e-7,6.540155280655881e-5,Variable vs Control
Acropora_023112,Histone H2A,5.9043355344822315,1.4752177054046602,0.4654581298338954,3.1693886320797753,0.00152759987616701,0.02316883540050512,Variable vs Control
Acropora_023605,NA,9.186577837563,1.2884011723232227,0.34855833303917844,3.696371740963096,2.187026688327671e-4,0.00596175415843291,Variable vs Control
Acropora_023713,7 transmembrane receptor (rhodopsin family),19.921964195548895,1.1275893528823535,0.25797615465734824,4.370905343480493,1.2373242730026943e-5,6.757119200954983e-4,Variable vs Control
Acropora_023771,chromatin binding,458.90144950510114,-1.1562078133433622,0.19480860199992728,-5.935096302081126,2.93673071227447e-9,6.458426433993881e-7,Variable vs Control
Acropora_023780,"Signal peptide, CUB and EGF-like domain-containing protein 3",10.8333011926572,1.188321598629954,0.3952510722315786,3.006498102385193,0.0026427570317123,0.03339343067075653,Variable vs Control
Acropora_023998,cAMP-dependent protein kinase regulator activity,17.528521240302762,1.2679173881043742,0.26289868351758916,4.822836581528733,1.4153092304196964e-6,1.2316974553930557e-4,Variable vs Control
Acropora_024135,BTB/POZ domain,3.828829458761448,-1.4548299067946266,0.4557561847819219,-3.1921232346868944,0.00141231062307868,0.02220670828983818,Variable vs Control
Acropora_024526,Transcription factor,5.269071548407369,1.3477114108182626,0.4458070871776773,3.02308206751574,0.0025021437748046,0.03226615514355799,Variable vs Control
Acropora_024846,arachidonic acid secretion,29.660870921783964,1.0098583392510945,0.3567163274124691,2.830984347075878,0.00464049919826627,0.04850320099716467,Variable vs Control
Acropora_025532,NA,75.55831537532343,-1.094021549182973,0.23020085301387153,-4.752465227038273,2.0095133789912365e-6,1.6558571606910686e-4,Variable vs Control
Acropora_025640,NA,5.45743172795116,1.240389207851044,0.39824457639060934,3.1146418090435857,0.00184168405189761,0.02659411380708232,Variable vs Control
Acropora_025713,NA,7.593204472285805,-1.3653213374807611,0.31632032242284447,-4.316261841866909,1.5869372356525557e-5,8.27750531186208e-4,Variable vs Control
Acropora_026171,NA,141.27128745077312,-1.273916729831771,0.37021149553453325,-3.4410512509678144,5.794587648220181e-4,0.01183200996074469,Variable vs Control
Acropora_026310,protein disulfide isomerase activity,357.67581288003475,-1.125208748352634,0.1369075603558614,-8.218748076643093,2.0563849908632614e-16,5.577601556884787e-13,Variable vs Control
Acropora_027012,NA,37.55748675658075,-1.0857864765479133,0.34007108208120834,-3.192822129723542,0.0014088970195387,0.02217445850674363,Variable vs Control
Acropora_027532,NA,6.856719055636874,-1.0892270200675678,0.31682363985296313,-3.437960060597355,5.861141405624031e-4,0.01190814172723164,Variable vs Control
Acropora_027774,NA,8.84328560792643,1.0405296586326738,0.31290015773608376,3.3254366701544154,8.828015295308635e-4,0.0161242559950452,Variable vs Control
Acropora_028339,NA,7.473620555494851,1.1997238360629976,0.3578497607553276,3.352590856930275,8.005895942950445e-4,0.014873053718673,Variable vs Control
Acropora_028488,helix loop helix domain,69.68078172289933,1.1245714316403943,0.1854893667622772,6.0627272132620025,1.3383254551112446e-9,3.202927714188294e-7,Variable vs Control
Acropora_028531,NA,34.857341399224865,-1.0805884275066953,0.22799959184308952,-4.739431412010429,2.143187641581207e-6,1.7266453306481465e-4,Variable vs Control
Acropora_029516,Belongs to the ligand-gated ion channel (TC 1.A.9) family,34.92080928515701,1.1639294958326325,0.17638957560541654,6.598629719685604,4.149752977855274e-11,1.7771863147793873e-8,Variable vs Control
Acropora_029524,NA,6.754895209476414,1.199458335247406,0.3987244268705896,3.0082389099193647,0.00262766478148899,0.03330421857784416,Variable vs Control
Acropora_029558,reductase B3,6.638132137795934,-1.1026915225281326,0.3911811830452247,-2.818876700418,0.00481920261429924,0.04960639047761287,Variable vs Control
Acropora_029718,NA,15.880515906811349,1.6817787091805447,0.37093360044046586,4.533907705269927,5.790233792485249e-6,3.739296219797815e-4,Variable vs Control
Acropora_029912,"DIRAS family, GTP-binding Ras-like",68.3774827871156,-1.2997681407680026,0.2237885742574583,-5.808018327480294,6.3216598012978904e-9,1.210337548309669e-6,Variable vs Control
Acropora_029965,Belongs to the AB hydrolase superfamily. Lipase family,158.05783530234123,-1.205323761813926,0.23573228125483253,-5.113104388579435,3.169070527661684e-7,3.484692822105827e-5,Variable vs Control
Acropora_030110,structural constituent of cuticle,15.12374732705514,1.026605029672771,0.3384139439628555,3.0335778060771976,0.00241672382734313,0.03136344781992203,Variable vs Control
Acropora_031161,NA,4.682441561188658,-1.397904623035222,0.4546083637069332,-3.0749645951001288,0.00210527543556481,0.02893686861349814,Variable vs Control
Acropora_031863,NA,7.520248119649152,1.272499536382804,0.38988514559431264,3.263780502442836,0.00109936299758037,0.01895236591379557,Variable vs Control
Acropora_032976,NA,5.282966675455694,1.4292452662272641,0.48840525423715575,2.9263511271180205,0.00342963607893118,0.03955627041001139,Variable vs Control
Acropora_34469,metalloendopeptidase activity,41.0543546739796,-1.074476151472331,0.2144845625182777,-5.009573364426953,5.455082904266922e-7,5.583397432958484e-5,Variable vs Control
Acropora_34605,NA,7.3191443409293,-1.0959203029973208,0.3862373413583256,-2.837427109308414,0.00454787296472473,0.04787327595597045,Variable vs Control
Acropora_000038,iron ion binding,1.1605320664479648,1.954971410207228,0.5956954774271593,3.281830204000967,0.00103135689411656,0.00637399801323867,Variable vs Initial
Acropora_000053,NA,1.817358608839867,-1.8528729998152185,0.679014345608629,-2.7287685625469527,0.00635713023593391,0.02803105221991594,Variable vs Initial
Acropora_000105,Extracellular calcium-sensing receptor-like,3.836478411684962,-1.61893804189943,0.4056377196231958,-3.991093440233544,6.57693592172567e-5,6.467968936040274e-4,Variable vs Initial
Acropora_000106,radial pattern formation,1.909648261468084,1.743448641084277,0.5002455468737332,3.4851857292481614,4.917955517269494e-4,0.0034476751105167,Variable vs Initial
Acropora_000293,Thrombospondin type 1 repeats,16.503036372690364,-1.4751625645739974,0.39046637174113064,-3.777950346904632,1.58124394445752e-4,0.00134093084760391,Variable vs Initial
Acropora_000405,NA,10.79503224031562,-1.0710365019520722,0.29732361743948105,-3.602258411813105,3.154645346213107e-4,0.0023873648809205,Variable vs Initial
Acropora_000480,NA,87.31531091351555,-1.0205786890198782,0.12397634629911232,-8.23204360739566,1.8404622614258872e-16,4.275809421544915e-14,Variable vs Initial
Acropora_000517,NA,7.295094053870906,-1.0722677599887531,0.3468121737811443,-3.0917823567099103,0.00198958664455796,0.0109997464284338,Variable vs Initial
Acropora_000624,NA,8.898833933143926,1.3221369995489884,0.2506344076946893,5.275161585792928,1.326391644926292e-7,3.194873788213764e-6,Variable vs Initial
Acropora_000631,NA,12.04752251512372,1.0203868360556785,0.20588705990212972,4.956051325132957,7.194021985621757e-7,1.4015693329246502e-5,Variable vs Initial
Acropora_000652,NA,0.923099072624652,2.5172814112900803,0.751688142497761,3.3488374619366548,8.115138761275528e-4,0.00521366898828781,Variable vs Initial
Acropora_000684,NA,35.38282405338335,1.0689691343837684,0.134339003881227,7.957250712748138,1.759040509742063e-15,3.468969565055604e-13,Variable vs Initial
Acropora_000746,negative regulation of smooth muscle cell differentiation,10.10192515813048,-1.0609070574934834,0.22356803335332756,-4.745343247783652,2.0815305587134546e-6,3.513558535278351e-5,Variable vs Initial
Acropora_000861,NA,1.3052787124556755,2.2902106410755323,0.5400394833754114,4.240820739181916,2.2270394944650265e-5,2.5953298445205696e-4,Variable vs Initial
Acropora_001013,NA,1.9782850299177457,-1.4059480069255164,0.5522833987450448,-2.545700287425362,0.01090587800048079,0.04286563581560633,Variable vs Initial
Acropora_001267,NA,1.7214837063512858,1.6001206793445129,0.5095756903717191,3.140104030820772,0.00168887849200719,0.00960766421756383,Variable vs Initial
Acropora_001307,lysosomal lumen pH elevation,3.4583372968211945,-1.0102555657127934,0.4012723373890093,-2.517630725024067,0.01181471174603101,0.04555928288144674,Variable vs Initial
Acropora_001527,NA,0.834725403855095,1.8749860656639443,0.7432608447987261,2.522648783108826,0.01164746665058833,0.04501076094663058,Variable vs Initial
Acropora_001528,NA,655.6795828176639,-1.0014357970721108,0.0994715084916613,-10.067564192575418,7.685794487547472e-24,6.6423710279180266e-21,Variable vs Initial
Acropora_001642,NA,7.603766976567859,1.1600439159620404,0.2719675656642464,4.265375958080809,1.995658651786475e-5,2.3691319137636584e-4,Variable vs Initial
Acropora_001676,Belongs to the CRISP family,5.6562258030623225,1.547239351090107,0.32283667842979635,4.792638056541545,1.6460242671749325e-6,2.8773463039305497e-5,Variable vs Initial
Acropora_001707,NA,21.46752764887466,1.076098494221494,0.16608046074780772,6.4793804724298285,9.209999342027482e-11,5.451814952982076e-9,Variable vs Initial
Acropora_001716,DNA repair protein RAD50,54.133923645151576,-1.0729212885701995,0.1415863816010147,-7.57785654550911,3.5131052756180264e-14,4.993694249013361e-12,Variable vs Initial
Acropora_001719,NA,2.543602023213822,-1.2126002354225365,0.4587509040126565,-2.6432650591334466,0.00821107280668459,0.03438637446620479,Variable vs Initial
Acropora_001725,serine-type endopeptidase activity,1.0160351812786728,-1.9557668165745952,0.7276916741863277,-2.6876311574698803,0.00719608354863572,0.03100889133462771,Variable vs Initial
Acropora_001746,NA,5.969978386222664,-1.1721170537647054,0.3275638502525794,-3.5782857383710205,3.4585522736841425e-4,0.00257496486647896,Variable vs Initial
Acropora_001796,NA,2.022197852849773,-1.7482901838596263,0.6521008048945851,-2.6810121544662793,0.00733998499038395,0.03146656518537569,Variable vs Initial
Acropora_001828,NA,0.8580328330478448,-2.2054724589432775,0.7759813154490126,-2.842172118109708,0.00448072941117539,0.02132216042388958,Variable vs Initial
Acropora_001870,NA,4830.001779512032,-1.014086395726547,0.17605257426353382,-5.760133868923476,8.404725109872741e-9,2.882420487681118e-7,Variable vs Initial
Acropora_001959,glycine import into mitochondrion,1.4688706823491426,1.7721219537730972,0.5278922015723597,3.3569769519131403,7.879968105765375e-4,0.00509439230679732,Variable vs Initial
Acropora_002058,serine-type endopeptidase activity,8.33797825431872,1.1633216768889572,0.2512076430314536,4.630916730281563,3.640502714685494e-6,5.6750866993863486e-5,Variable vs Initial
Acropora_002128,NA,3.161801798219124,-1.7207260576027703,0.46179894099582425,-3.726136863571391,1.9443685626202684e-4,0.00159551945172706,Variable vs Initial
Acropora_002205,Heme binding protein 2,1770.7320406912415,-1.1505274389207922,0.13011870866952102,-8.842136927772106,9.390503995366195e-19,3.272439182643258e-16,Variable vs Initial
Acropora_002234,NA,0.9106900223373148,-1.943877134003672,0.7651264057604211,-2.540596062779652,0.01106636887752772,0.0433466218215852,Variable vs Initial
Acropora_002310,NA,187.71796259648167,-1.1013870013330094,0.15205198777114057,-7.243489660856984,4.3728459355920866e-13,4.771702489111244e-11,Variable vs Initial
Acropora_002322,NA,4.1323142083653135,-1.2913946604335749,0.4534733990871849,-2.847784816117276,0.00440246808747507,0.02104418705707663,Variable vs Initial
Acropora_002353,extracellularly glycine-gated chloride channel activity,1.100347868726783,-1.6909323636561546,0.6632948558166705,-2.5492921418397296,0.01079418355086889,0.04249619712100459,Variable vs Initial
Acropora_002357,NA,7.036846983099987,1.347247424054569,0.3095194800855304,4.352706406983756,1.3446717217233223e-5,1.6920778811621492e-4,Variable vs Initial
Acropora_002712,NA,28.58376209801914,-1.5436854593889162,0.216580166935105,-7.127547647756031,1.0217290981936165e-12,1.0034308588896032e-10,Variable vs Initial
Acropora_003254,zinc ion binding,1.3885943195635515,-2.031246611482156,0.6863627725814289,-2.959435873601627,0.00308202838153986,0.0157089656078203,Variable vs Initial
Acropora_003300,negative regulation of mucus secretion,5.27604740998164,-1.0715532013835072,0.3092484146541923,-3.4650240732252073,5.301840182711307e-4,0.00367623745146535,Variable vs Initial
Acropora_003316,ubiquitin-conjugating enzyme,85.53028318373819,1.0704412809713175,0.15645083943494265,6.842029642266267,7.807892653289145e-12,6.068249232624648e-10,Variable vs Initial
Acropora_003326,positive regulation of epithelial to mesenchymal transition,3.4012974144685906,1.5398665589279863,0.3799218875773133,4.053113572232994,5.054045104186979e-5,5.16301175040491e-4,Variable vs Initial
Acropora_003492,Cystatin-like domain,236.19028112592915,-1.634940160520471,0.18829374097352444,-8.682923564359774,3.857236132131796e-18,1.2438722965796952e-15,Variable vs Initial
Acropora_003500,glucan metabolic process,9.422476161319883,-2.8521409996367746,0.5522363940534066,-5.164710313099982,2.408115787695025e-7,5.336384585532175e-6,Variable vs Initial
Acropora_003504,glucan metabolic process,20.95528186132658,-1.4814347472756864,0.2810487238103428,-5.27109579858967,1.356116603159414e-7,3.2555839253180327e-6,Variable vs Initial
Acropora_003537,NA,11.384704367696097,-1.630426276742174,0.5334472632524598,-3.056396365783878,0.00224014905474924,0.01206397319962918,Variable vs Initial
Acropora_003572,Laminin G domain,5.502239518851121,-1.684828714261152,0.35807320842971185,-4.7052632662738745,2.5353855897024267e-6,4.156262598718561e-5,Variable vs Initial
Acropora_003573,Laminin G domain,28.79452830361299,-1.0598657547843775,0.1633228388095544,-6.489390966441953,8.618405147454501e-11,5.174807683088691e-9,Variable vs Initial
Acropora_003590,NA,17.27454173724671,-1.1767294961323171,0.26816501840063744,-4.388079784419488,1.1435582783849228e-5,1.4724505460539118e-4,Variable vs Initial
Acropora_003625,NA,3.599430045040284,-1.3109050613814566,0.4754796357934884,-2.7570162057388563,0.00583314604955846,0.02622524864805865,Variable vs Initial
Acropora_003679,NA,38.7220845150362,-1.3859067373643277,0.22634383742683353,-6.1230151132889885,9.182098150088563e-10,4.221030055974757e-8,Variable vs Initial
Acropora_003719,NA,1.635466416745236,1.2835958214439551,0.5071769821203659,2.530863715615796,0.01137820488019129,0.04427908765155135,Variable vs Initial
Acropora_003726,cell cycle DNA replication initiation,33.86836571486088,1.0470859764791447,0.20727923261833991,5.0515720424685675,4.381886028628084e-7,9.07718403974481e-6,Variable vs Initial
Acropora_003744,TNF receptor-associated factor,2.280830324973695,-2.591003393486838,0.8072197001792776,-3.2097871160867295,0.00132833310977224,0.00786947221544808,Variable vs Initial
Acropora_003783,NA,4.024349686939676,-1.3263582280299324,0.3892365153332754,-3.407589411014705,6.553943239833137e-4,0.00437997208907623,Variable vs Initial
Acropora_003906,NA,0.9038949012329284,1.626076271736548,0.630342434634551,2.5796712745180903,0.00988944041240159,0.03965687630852801,Variable vs Initial
Acropora_003924,NA,1.4169699810443277,-1.735242097756906,0.6563606958825066,-2.6437324913610114,0.00819974319065283,0.03435401422866883,Variable vs Initial
Acropora_003972,"N,N-dimethylaniline monooxygenase activity",0.9949085370719564,1.463978506800123,0.5876982684421684,2.4910376385500337,0.01273706259443913,0.04836502186563303,Variable vs Initial
Acropora_004036,NA,13.811148569382556,-1.3180919282744683,0.2765501586502751,-4.7661948006376855,1.877377560159627e-6,3.214153689762987e-5,Variable vs Initial
Acropora_004084,"Zinc finger, NFX1-type containing 1",1279.1187532638712,-1.0558086378043277,0.15467917630835837,-6.825796871968959,8.74385789377995e-12,6.628764689579283e-10,Variable vs Initial
Acropora_004098,forkhead box,1.9373152650564387,1.652724499739772,0.4639394407009591,3.5623711949186636,3.6752023883537685e-4,0.00271120428090457,Variable vs Initial
Acropora_004158,K02A2.6-like,0.7957274025537355,1.8259733027505876,0.7170559411321307,2.546486540321571,0.01088134077322661,0.04279254618608194,Variable vs Initial
Acropora_004228,structural constituent of cuticle,186.94272466458511,1.0189129941313688,0.18852433167159904,5.404676335923948,6.492552332308675e-8,1.7086246734696862e-6,Variable vs Initial
Acropora_004229,structural constituent of cuticle,125.7796733919232,1.0621638306353955,0.17979880742452914,5.9075132135191755,3.473104799995174e-9,1.3423953901376697e-7,Variable vs Initial
Acropora_004230,structural constituent of cuticle,58.55748796914293,1.3165561599202926,0.2074174357696704,6.347374583216239,2.1902039830093414e-10,1.171325427150986e-8,Variable vs Initial
Acropora_004343,NA,1.068660950619414,-1.948118415368004,0.7643471426901018,-2.5487351316728244,0.01081143777431511,0.04254290023274471,Variable vs Initial
Acropora_004526,"Responsible for the deiodination of T4 (3,5,3',5'- tetraiodothyronine)",1.2349779679927528,1.805391871034296,0.6522036109058188,2.7681414834960227,0.00563769753626083,0.02552558528257577,Variable vs Initial
Acropora_004551,calmodulin-dependent protein kinase activity,2.717004643438477,-1.8095115439570049,0.5898824234947291,-3.0675800327065916,0.00215799665032627,0.01172383093461141,Variable vs Initial
Acropora_004728,NA,2.047835428283636,1.0606946747633537,0.40326787900417693,2.6302483534830885,0.00853225115375876,0.03543106254624482,Variable vs Initial
Acropora_004899,NA,1.5542362052597638,-1.543488592743013,0.592895456555151,-2.603306494725075,0.00923293717725447,0.03766745480584596,Variable vs Initial
Acropora_005348,"Coagulation factor 5/8 C-terminal domain, discoidin domain",7.935269012822751,-1.102276279385325,0.2587083043638072,-4.260691523203889,2.0379535623868015e-5,2.4107120295155775e-4,Variable vs Initial
Acropora_005564,NA,7.421368489778003,-1.1219076189999373,0.3017263445011911,-3.718295201748644,2.00571803907624e-4,0.00163715693057352,Variable vs Initial
Acropora_005583,serine-type endopeptidase activity,5.770001231717949,-1.0761054036473026,0.40636900075471094,-2.6480991454780094,0.00809457819516513,0.03398590293135209,Variable vs Initial
Acropora_005685,NA,434.3359833444981,1.2700822587070475,0.33930414847048584,3.743196964824393,1.8169369274719695e-4,0.00150918037947673,Variable vs Initial
Acropora_005702,regulation of DNA damage checkpoint,1.923997507054671,1.3024459038805454,0.494354816617606,2.634637835213033,0.00842270986686053,0.03508406967098299,Variable vs Initial
Acropora_005714,NA,62.61925812917803,-1.3124422084897671,0.1874154933307762,-7.002847977853101,2.508109405431203e-12,2.1939357009613996e-10,Variable vs Initial
Acropora_005730,NA,15.961041566334814,-1.1326972703156155,0.19349186654984116,-5.8539787253736915,4.799500450700208e-9,1.7848193930779466e-7,Variable vs Initial
Acropora_005743,NA,7.575160779345271,-1.0166213727514644,0.2991443631291461,-3.3984306510651856,6.777364300621471e-4,0.00450559178705315,Variable vs Initial
Acropora_005775,-,0.9807009132015462,-2.6484821218134567,0.8024515875015739,-3.300488357259636,9.651671817201742e-4,0.00602477236465814,Variable vs Initial
Acropora_005822,Secreted frizzled-related protein 4,3.5364393837169046,1.233042932279924,0.3977552382266394,3.1000042583407557,0.00193517860416289,0.01074568720677037,Variable vs Initial
Acropora_005937,negative regulation of TOR signaling,2.4994811832350305,1.1502344621318432,0.43589104780183024,2.638811849732633,0.00831971413108976,0.03476227876935321,Variable vs Initial
Acropora_006115,NA,1.2766750502836983,-2.669311692662382,0.8206455959625197,-3.252697273701441,0.00114315213834425,0.00692978535369652,Variable vs Initial
Acropora_006202,NA,0.8934023260290817,2.0341390522983485,0.7981026754474019,2.5487184981030757,0.01081195340081464,0.04254290023274471,Variable vs Initial
Acropora_006218,Uncharacterised protein family UPF0047,3.3082119978435713,1.1270969236817838,0.3683744999500359,3.0596496875724473,0.00221596020539015,0.01197250217495865,Variable vs Initial
Acropora_006334,NA,523.2496986230029,1.0522894170755306,0.34259219902747967,3.071551016230598,0.0021294977070506,0.01160401701350196,Variable vs Initial
Acropora_006464,Belongs to the G-protein coupled receptor 1 family,0.8380566476517058,2.1407271860488115,0.7535389403066983,2.840897890661779,0.00449867140315516,0.02138576333037856,Variable vs Initial
Acropora_006522,"Transcriptional regulator. Recognizes and binds to the DNA sequence 5'-GCG(T G)GGGCG-3'(EGR-site) in the promoter region of target genes. Binds double-stranded target DNA, irrespective of the cytosine methylation status. Regulates the transcription of numerous target genes, and thereby plays an important role in regulating the response to growth factors, DNA damage, and ischemia. Plays a role in the regulation of cell survival, proliferation and cell death",498.7830063670317,-1.3056491289022203,0.37624175257338,-3.470239865650143,5.199937648856408e-4,0.00361835274850858,Variable vs Initial
Acropora_006543,NA,13.121068576139038,-1.2387438943931386,0.26816310091406925,-4.619367430383662,3.849117146463867e-6,5.9402875047498794e-5,Variable vs Initial
Acropora_006615,oxidoreductase activity,1.498433035727912,1.1492200228951583,0.4632722265979329,2.4806581463657422,0.01311400758302928,0.04953518318862424,Variable vs Initial
Acropora_006675,NA,20.02224684734191,1.0659898083010235,0.1570784870288771,6.786351386902862,1.1500485116133849e-11,8.394577074972565e-10,Variable vs Initial
Acropora_006717,RNA polymerase II intronic transcription regulatory region sequence-specific DNA binding,8.30494928739462,1.1954246950078202,0.24922455680864847,4.796576670916312,1.6140019679336613e-6,2.8282341053669655e-5,Variable vs Initial
Acropora_006936,peptidase inhibitor activity,3.290057155720651,1.2880414194682286,0.35258807795426833,3.653105422456431,2.590877954272027e-4,0.00202967763161716,Variable vs Initial
Acropora_006937,peptidase inhibitor activity,9.320376688881062,1.0847591388906508,0.24583826578874393,4.4124910148154735,1.021880367555911e-5,1.34955667612549e-4,Variable vs Initial
Acropora_006945,protein tyrosine/threonine phosphatase activity,14.09516805279476,-2.4812990163856132,0.43915534797927003,-5.650162357814987,1.6029636539000752e-8,5.138521173021516e-7,Variable vs Initial
Acropora_007257,NA,13.251894748903489,1.153586798211842,0.2773262853588454,4.159673493333537,3.187028588862082e-5,3.5096299536673876e-4,Variable vs Initial
Acropora_007258,NA,9.707197565082936,1.239924751786278,0.27366373638237285,4.530833234162272,5.87515032075412e-6,8.389854450113253e-5,Variable vs Initial
Acropora_007420,NA,1.9260086784311443,-2.1302875963861077,0.7088480863071487,-3.0052808740504093,0.00265335704264117,0.01390454335758067,Variable vs Initial
Acropora_007427,NA,6.630065086152312,-1.0481688782058802,0.28066535619793914,-3.7345858869259927,1.8802431783729415e-4,0.00155110451605644,Variable vs Initial
Acropora_007598,Milk fat globule-EGF factor 8 protein,132.7741772562224,-1.048797017888787,0.16219684419930755,-6.466198667836133,1.0049893409395894e-10,5.863995175119553e-9,Variable vs Initial
Acropora_007746,NA,1.5624104289089382,1.7735864595895023,0.6272820913479372,2.827414466397925,0.0046925549439017,0.02211765753009168,Variable vs Initial
Acropora_007753,"BCCT, betaine/carnitine/choline family transporter",577.5120750984362,-1.0016718794752906,0.1017775507492231,-9.841776227680905,7.438577367021649e-23,5.541996641098958e-20,Variable vs Initial
Acropora_007765,tachykinin receptor activity,4.326915010650229,-1.8722682317277968,0.4415295108596161,-4.240414707688887,2.2310720098145942e-5,2.59722747004602e-4,Variable vs Initial
Acropora_007769,tachykinin receptor activity,4.362369703633613,-1.2518118619768652,0.3902254202968408,-3.2079198249684087,0.00133698764736097,0.00790990008457867,Variable vs Initial
Acropora_007858,NA,1.7912409794467146,-2.1009170262459955,0.6650066151477384,-3.159242296829264,0.00158179923011573,0.00910193584060455,Variable vs Initial
Acropora_007870,NA,3.725062069921472,-1.7334830663291962,0.5566684641739724,-3.114031381140787,0.00184549860211715,0.01031168449906653,Variable vs Initial
Acropora_007910,NA,3.529475158561641,-1.6618800177873878,0.44517852708859657,-3.733064190350428,1.8916436125331423e-4,0.00155876628117433,Variable vs Initial
Acropora_007934,"hydrolase activity, acting on ester bonds",29.509740699698504,1.0014943786401882,0.157690816069925,6.351000036654605,2.1391965827346567e-10,1.14688539371129e-8,Variable vs Initial
Acropora_007999,negative regulation of cellular pH reduction,76.29784191616622,-1.0453084739715943,0.1529663902371171,-6.833582673626768,8.281973039457844e-12,6.300715122905851e-10,Variable vs Initial
Acropora_008676,NA,605.4261969134984,-1.003738400562593,0.2773226705791695,-3.6193881966676344,2.9530036224037e-4,0.00225610312113346,Variable vs Initial
Acropora_008690,NA,7.322140952575478,-1.1319596774128868,0.30579406340624166,-3.70170586310271,2.1415479762693811e-4,0.00173102452582402,Variable vs Initial
Acropora_008738,intracellular protein transport,1.61418895092646,-1.501939766785632,0.5576203245999259,-2.693481030956366,0.00707101689688622,0.03061651123729934,Variable vs Initial
Acropora_008747,Dermatopontin,606.1796113535728,-1.533969771178342,0.26179041979151374,-5.859533639160571,4.641688567047968e-9,1.732095391703599e-7,Variable vs Initial
Acropora_008994,NA,6.1691360699578235,-1.1672243057685674,0.33351791945945397,-3.4997349097773673,4.657210520724371e-4,0.00329913739379576,Variable vs Initial
Acropora_009002,NA,3.360812469254628,-1.285054853599732,0.4090060685905287,-3.14189678903334,0.00167857195184638,0.0095616202456085,Variable vs Initial
Acropora_009029,peroxidase activity,1.6833711228764183,1.1489128617514237,0.4408619146112518,2.606060591023212,0.00915902578738355,0.03745077803978219,Variable vs Initial
Acropora_009047,NA,47.29925338751295,-1.0545470508454562,0.2872318981277847,-3.671413438824631,2.412127753243762e-4,0.00191112696137091,Variable vs Initial
Acropora_009084,NA,16.969970814517826,-1.1565011423886518,0.30858174869903154,-3.747795024379811,1.783959452475601e-4,0.00148647234593859,Variable vs Initial
Acropora_009182,positive regulation of transcription from RNA polymerase II promoter involved in norepinephrine biosynthetic process,1.200067870832204,1.4870026276229915,0.5658475949045458,2.6279207352181775,0.0085908531071964,0.03554461360285052,Variable vs Initial
Acropora_009192,NA,3.2962586380269747,-1.3011310600638344,0.45767233525120266,-2.8429314158778736,0.00447006883401072,0.02129664988481495,Variable vs Initial
Acropora_009383,NA,2.216196306489832,-1.7566078232875144,0.5680956968657889,-3.092098449220446,0.00198746922982096,0.01099128794148608,Variable vs Initial
Acropora_009435,NA,64.48866582601475,1.0985665109813572,0.16518070744189117,6.650695035725169,2.9171215834731077e-11,1.951310493266872e-9,Variable vs Initial
Acropora_009439,NA,0.824547889048766,-2.2954991671074025,0.9149062902444582,-2.5089992183724705,0.01210737523007887,0.04651350448454553,Variable vs Initial
Acropora_009500,large conductance calcium-activated potassium channel activity,9.387039609959908,-1.128245539778414,0.24846164155662875,-4.540924436906559,5.600810411936911e-6,8.03526625234455e-5,Variable vs Initial
Acropora_009507,NA,1.5204571831320817,1.8060635270766685,0.5167573963520187,3.4949930853943028,4.740740368686314e-4,0.00334720917216032,Variable vs Initial
Acropora_009632,NA,6.227370747980492,-1.7491058748762771,0.35251210468555516,-4.961832094919123,6.98313496156021e-7,1.3641737249499992e-5,Variable vs Initial
Acropora_009901,NA,0.7913208456425168,-2.168210153487072,0.781404901946505,-2.7747588325668167,0.00552426560027937,0.02513314014732285,Variable vs Initial
Acropora_009962,neuropeptide receptor activity,1.6717512808715465,-1.6069640955693032,0.6000617248512223,-2.677997994235892,0.00740636618513321,0.03172520773116342,Variable vs Initial
Acropora_010103,NA,63.06271998064047,1.121246645354122,0.20555073617090336,5.454841302158467,4.90166020422297e-8,1.3338195261012782e-6,Variable vs Initial
Acropora_010250,NA,92.8415195981428,-1.2018562259339354,0.330119872469559,-3.6406660918141514,2.7193361767858105e-4,0.00210512280313988,Variable vs Initial
Acropora_010345,NA,4.3858128427941665,1.1274726504108663,0.322256476077187,3.498681125467324,4.675653964456428e-4,0.00330941551586644,Variable vs Initial
Acropora_010356,negative regulation of ERK1 and ERK2 cascade,3.048235471068271,-1.865828301235807,0.5051159609324443,-3.6938613022472846,2.2087430682973772e-4,0.00177207956678919,Variable vs Initial
Acropora_010426,iron assimilation by reduction and transport,4.432395290632481,-1.2568885367990634,0.38379739489266784,-3.274875112559226,0.00105708694155275,0.00649505524772843,Variable vs Initial
Acropora_010536,NA,5.770137605860013,-1.1316682268746288,0.33194621137179287,-3.409191574134629,6.515570705724447e-4,0.0043610725113966,Variable vs Initial
Acropora_010591,NA,8.610508826870834,-1.1374839476921597,0.3242758382398718,-3.507766578806113,4.5188535563054505e-4,0.00321377057068912,Variable vs Initial
Acropora_010631,NA,5.435767431742688,-1.1769435761944764,0.4017833915096361,-2.9292987243009256,0.00339727755122099,0.01697538824506955,Variable vs Initial
Acropora_010668,NA,72.923630269548525,-1.4176376645054076,0.36430314578088185,-3.8913681666588658,9.968054542310652e-5,9.15298709907199e-4,Variable vs Initial
Acropora_010718,extracellular ligand-gated ion channel activity,92.52715652490568,-1.0494928110083843,0.1482409469793185,-7.079641842511988,1.4452750170776557e-12,1.3576787834339055e-10,Variable vs Initial
Acropora_010745,NA,4.117420381413166,-1.5116109375876725,0.4442434811959832,-3.402663182627113,6.673249147350206e-4,0.00445006855177927,Variable vs Initial
Acropora_010791,"Responsible for the deiodination of T4 (3,5,3',5'- tetraiodothyronine)",194.7535666736792,1.0374551870825677,0.10515526166939965,9.865937002222962,5.848580489972534e-23,4.5130153595123776e-20,Variable vs Initial
Acropora_010810,NA,2.0292784407631212,1.2682553924605515,0.4396178491678796,2.884904229573798,0.00391532749318507,0.01908722152927726,Variable vs Initial
Acropora_010842,NA,3.1062301862148085,1.44872207060439,0.42210544393621446,3.4321331113258764,5.988535496053194e-4,0.00406699531974699,Variable vs Initial
Acropora_010872,Belongs to the AB hydrolase superfamily. Lipase family,20.110793617510403,-1.1616181811644604,0.2061584927402879,-5.634588057586504,1.7547728072678982e-8,5.526766949537931e-7,Variable vs Initial
Acropora_011055,ferric-chelate reductase activity,6.065556067483236,1.334867103211102,0.28591047148048265,4.668829008951584,3.029213626222757e-6,4.867182780195939e-5,Variable vs Initial
Acropora_011305,NA,4.128590052277422,-1.167478311369598,0.39779199601079784,-2.934896436020566,0.00333659030112619,0.01671079509646094,Variable vs Initial
Acropora_011320,NA,5.219150102765576,-1.0403587382609525,0.31911797679104303,-3.260106963332168,0.00111370204523843,0.00677296938913325,Variable vs Initial
Acropora_011455,NA,21.04365124240544,-1.1348726641016942,0.23205300474493076,-4.890575174189748,1.0054175083589162e-6,1.884046026505008e-5,Variable vs Initial
Acropora_011475,acidic dipeptidase,5.3404007630018935,-1.468975038374616,0.4114957290143379,-3.569842734196232,3.5719560393052027e-4,0.00264572102109112,Variable vs Initial
Acropora_011570,calcium ion binding,1.1500859344523984,-1.727785157802477,0.6968933573938693,-2.479267651888336,0.01316524734203368,0.0496905595539408,Variable vs Initial
Acropora_011705,YqaJ-like viral recombinase domain,13.60277541665389,-1.172783720646018,0.1954755560211336,-5.999643866055682,1.977507573203736e-9,8.216543966661523e-8,Variable vs Initial
Acropora_011722,NA,6.73826437365777,-1.1744678932043386,0.3426456117628047,-3.4276460952237735,6.088386051183577e-4,0.0041223963967995,Variable vs Initial
Acropora_011868,NA,1.9227495451298569,1.7887385637801991,0.7207526569598013,2.4817647864459595,0.01307335397912425,0.04940753648293838,Variable vs Initial
Acropora_011970,NA,2.265706603112815,1.0969179088916905,0.4134892610015043,2.6528328843048232,0.00798193786274611,0.03366470107977112,Variable vs Initial
Acropora_011978,NA,4.599330318298061,1.2083712782699807,0.3823684855016352,3.1602271737554406,0.00157646169532307,0.00908294170377345,Variable vs Initial
Acropora_012273,Encoded by,2.180099554485557,1.5125134324150722,0.555145904709275,2.72453317152211,0.00643924615663234,0.02835262939885844,Variable vs Initial
Acropora_012447,NA,1.119874457951817,1.6214037474125702,0.5687857751033764,2.850640466734389,0.00436312738336306,0.02090701491349356,Variable vs Initial
Acropora_012581,NA,2.3465030952774852,1.380898094050686,0.4117399661278643,3.3538111615374575,7.97067391586445e-4,0.00514551268941689,Variable vs Initial
Acropora_012691,NA,4.7541714510297375,-1.2194883668322345,0.384282757623534,-3.1734142181495346,0.00150657414354772,0.00873853448201133,Variable vs Initial
Acropora_012873,NA,1.737974244152899,-1.526932555702585,0.5864854146969387,-2.603530313693503,0.00922691076100342,0.03765708989464297,Variable vs Initial
Acropora_012926,NA,0.9438630275993026,1.8522223729154896,0.660612461526097,2.8037956907997548,0.00505048977439304,0.02343158300741597,Variable vs Initial
Acropora_013055,"sequence-specific DNA binding. It is involved in the biological process described with regulation of transcription, DNA-templated",2.798676518564732,1.4445253562800238,0.4145994076073675,3.4841471786375853,4.937079161168185e-4,0.00345883697653047,Variable vs Initial
Acropora_013092,NA,34.36874476449196,1.0576162862564058,0.2145492632626637,4.929479925370848,8.244880670530289e-7,1.5748053149148804e-5,Variable vs Initial
Acropora_013153,Belongs to the peptidase S1 family,23.550487632533464,-1.0761309596250803,0.2099785371257553,-5.124956933005921,2.976057644840416e-7,6.442956059561325e-6,Variable vs Initial
Acropora_013154,digestion,190.29717825394647,-1.005972267249219,0.1876739912227028,-5.3602114000734655,8.31246221085396e-8,2.1179134260343233e-6,Variable vs Initial
Acropora_013237,NA,26.192980141586304,1.1359902730687312,0.2457866500446278,4.621855063578384,3.803237020449094e-6,5.8989762429162326e-5,Variable vs Initial
Acropora_013240,NA,34.02862964676551,1.0612564554382815,0.19252311409836964,5.512358660976327,3.5405649023751575e-8,1.0078714793243432e-6,Variable vs Initial
Acropora_013251,negative regulation of release of cytochrome c from mitochondria,41.40995119105616,-1.3253481390443247,0.29800430008883316,-4.44741280125571,8.691072103903254e-6,1.17582532170904e-4,Variable vs Initial
Acropora_013458,pyridoxamine-phosphate oxidase activity,265.0146813575143,1.0292153952115617,0.08641865900378942,11.90964320756737,1.0542740874759906e-32,1.1389322967003123e-28,Variable vs Initial
Acropora_013544,alpha1-adrenergic receptor activity,4.261181227196146,-1.393536228860539,0.44462422315415606,-3.134188729023396,0.00172329979449196,0.00976235326685719,Variable vs Initial
Acropora_013561,NA,2.2110003353736305,1.315790358731231,0.44273790068881,2.9719397338337856,0.00295924765565319,0.01521234947609874,Variable vs Initial
Acropora_013640,NA,2.0301825678959524,-1.5857720849254109,0.5837980714798462,-2.7163023695945094,0.00660155955432507,0.02895519604765481,Variable vs Initial
Acropora_013700,Ammonium transporter,1.6985371748705105,-1.8028177588888057,0.5980340467280212,-3.014573783470067,0.00257340609069859,0.01356453086012047,Variable vs Initial
Acropora_013740,metalloendopeptidase activity,8.6900519735983,1.3839502959566192,0.2412494274078303,5.736595153102941,9.659878912400522e-9,3.266218212540308e-7,Variable vs Initial
Acropora_013745,NA,21.733456654051427,1.354477584551406,0.2748676720582018,4.927744228374017,8.318441139852662e-7,1.5849051081803935e-5,Variable vs Initial
Acropora_013774,NA,41.34634836058408,-1.2741978242739775,0.22538869501722597,-5.65333511592759,1.5736406667212428e-8,5.05953575077071e-7,Variable vs Initial
Acropora_013828,NA,1.7725882184387167,1.087895594996731,0.43660319857371527,2.4917261223707063,0.01271240194750459,0.04830533881072532,Variable vs Initial
Acropora_013860,NA,2.88283974496789,-1.1432794264105577,0.45076416953560006,-2.536313894665633,0.01120262695229066,0.04373761437137551,Variable vs Initial
Acropora_013894,NA,1.2992865807096672,-1.9826065359967244,0.7464342589507134,-2.6561033503255036,0.0079049383867400309,0.03341042620968412,Variable vs Initial
Acropora_013919,NA,143.39636384164066,-1.0726402623325018,0.14505730623405677,-7.394596592065113,1.418382188996534e-13,1.7714199754600642e-11,Variable vs Initial
Acropora_013947,Ion transport protein,2.978353110845388,-1.3325178857212012,0.4883083402192776,-2.7288452315248732,0.00635565249832605,0.02803025676236635,Variable vs Initial
Acropora_014030,NA,2.761454419068438,-1.2506478559638403,0.44974711270473455,-2.7807801776482077,0.00542284431022938,0.0247605865288812,Variable vs Initial
Acropora_014519,NA,2.2297404460119417,1.264937533256096,0.4261876840959905,2.9680292989677133,0.00299715760078696,0.01534824562893776,Variable vs Initial
Acropora_014673,ADP-ribose CDP-alcohol diphosphatase,2.501628800315883,1.1137287874227455,0.3546324303137343,3.140515903854191,0.0016865055026439,0.00959921967600743,Variable vs Initial
Acropora_014754,NA,2.606165810328244,-1.5071284973336063,0.5814361224632937,-2.592079231246511,0.00953977982545328,0.03858414131575134,Variable vs Initial
Acropora_014857,reduction of food intake in response to dietary excess,3.6369868296930847,1.1691074672784143,0.3518525616123484,3.32271978331217,8.914441486008119e-4,0.00563833204761977,Variable vs Initial
Acropora_015008,NA,26.594760322449325,-1.0327864669594329,0.26283069702922,-3.929474291370971,8.513177743600524e-5,8.011137557849866e-4,Variable vs Initial
Acropora_015028,"rRNA (adenine-N6,N6-)-dimethyltransferase activity",1.676371764456208,1.2003353089121216,0.4534368701698238,2.647193882717488,0.00811628049125283,0.03406378327389446,Variable vs Initial
Acropora_015033,NA,3.8197633795656905,-1.2130423889521251,0.4118481978302572,-2.945362867539071,0.00322576104643446,0.01627645800309737,Variable vs Initial
Acropora_015079,BAG family molecular chaperone regulator 3,48.79288662731193,-1.467777087813793,0.36689575429978494,-4.000528953012889,6.320105354311124e-5,6.249528434107375e-4,Variable vs Initial
Acropora_015093,structural constituent of cuticle,175.03098119944232,-1.3968669693033469,0.2347361859812344,-5.950795202129667,2.668428121108875e-9,1.0624320836665057e-7,Variable vs Initial
Acropora_015203,Fatty acid amide hydrolase-like,4.662849546728557,1.44225123673127,0.3525870301854698,4.090482953875556,4.30475850916012e-5,4.5104928805499254e-4,Variable vs Initial
Acropora_015268,semaphorin receptor binding,5.75992114632455,-1.0691198860981863,0.3470690498760365,-3.0804241590543624,0.00206705990341613,0.01133398708700502,Variable vs Initial
Acropora_015388,NADP-retinol dehydrogenase activity,6.401679976131272,-1.6680863702264217,0.4267240951202132,-3.909051279976356,9.26592953926056e-5,8.61815211473369e-4,Variable vs Initial
Acropora_015608,Belongs to the peptidase M10A family,29.36926299728729,-1.4014602834696954,0.3639904290947274,-3.850266851673097,1.179892008607457e-4,0.00105341928669308,Variable vs Initial
Acropora_015614,skeletal muscle fiber development,1.2427260725694862,-1.88657190120268,0.6873513091724722,-2.744698200217286,0.00605665686965732,0.02700374088440282,Variable vs Initial
Acropora_015722,NA,3.1309741206772155,-1.2413021658950203,0.4415959888721021,-2.8109452920201563,0.00493961841261912,0.02306080281396906,Variable vs Initial
Acropora_015739,phosphatidylserine exposure on apoptotic cell surface,5.627339300132532,-1.0332960940930274,0.32667335859279367,-3.163086511076822,0.00156105934850643,0.00900861332367257,Variable vs Initial
Acropora_015771,Belongs to the glycosyl hydrolase 18 family,2.0663276457999253,-1.598165013835469,0.584004356260154,-2.736563514816559,0.00620846086700481,0.02754414897176715,Variable vs Initial
Acropora_015794,NA,6.706965851687247,-1.8401138648468691,0.427721949858196,-4.302126335711618,1.6916680442620674e-5,2.0453374238570916e-4,Variable vs Initial
Acropora_015845,NA,2.733819994386315,-1.0879908774038676,0.4260362048171102,-2.5537521579202944,0.01065690827479965,0.04213232574296821,Variable vs Initial
Acropora_015909,NA,9.326848413260988,-1.2463634724529862,0.29699440420886997,-4.196589076393657,2.709649187179494e-5,3.0619602687343176e-4,Variable vs Initial
Acropora_016014,NA,24.604029738848904,1.0881934234529642,0.18727342120943963,5.810720049995611,6.220470928611593e-9,2.2325497488967122e-7,Variable vs Initial
Acropora_016027,monocarboxylate transporter,10.36427023191204,1.0347597089088694,0.2355194074020232,4.393522046964781,1.1152887295290457e-5,1.446761649783202e-4,Variable vs Initial
Acropora_016032,calmodulin,3.1547449624406076,-1.3496267903223538,0.41624580547097273,-3.2423793167003367,0.00118536139540391,0.00713793709841054,Variable vs Initial
Acropora_016064,protein tyrosine kinase collagen receptor activity,1.3730373097801425,-1.7771030647179953,0.6455708752861452,-2.752762140842097,0.00590948144191398,0.02650067580614229,Variable vs Initial
Acropora_016067,adaptation of rhodopsin mediated signaling,1.9727585289261684,-1.437100535758696,0.5423541171408318,-2.649745784792351,0.00805523567293198,0.03384702877272822,Variable vs Initial
Acropora_016592,NA,1.0937097331724914,1.9171464637476996,0.6134537853058072,3.1251685288599216,0.00177703219101654,0.00999597956758748,Variable vs Initial
Acropora_016606,G-protein coupled receptor activity,5.324451035160181,1.049956051890537,0.38337337945501393,2.738729677535531,0.00616770629526688,0.02739709338312833,Variable vs Initial
Acropora_016723,NA,2.145898563161487,1.1969163778086245,0.41261142260345135,2.9008319019780147,0.00372173469191196,0.01831286717227283,Variable vs Initial
Acropora_016863,NA,2.7822043018178086,-1.044519208925669,0.4002466086281929,-2.609689092696273,0.00906245451457092,0.03710505822281967,Variable vs Initial
Acropora_017030,Eukaryotic-type carbonic anhydrase,2.7202850139847503,-1.3028561299173729,0.4560537715480042,-2.856803761308735,0.00427930318331988,0.02059670852724648,Variable vs Initial
Acropora_017121,DNA-directed RNA polymerases I and III subunit RPAC1,0.9951982750572002,1.8837090545672288,0.6958205416598489,2.707176551692086,0.0067858159146268,0.02960111824175787,Variable vs Initial
Acropora_017135,NA,2.470903283713554,1.232192691315719,0.4739021673467738,2.600099295207639,0.00931967894810783,0.03788032114710382,Variable vs Initial
Acropora_017278,NA,2.1557915799583083,1.463788663150485,0.4724727449818521,3.098144133598034,0.00194736692618724,0.0107994891702263,Variable vs Initial
Acropora_017343,NA,2.471288091942372,-2.039212880587785,0.5782602341934538,-3.52646223967318,4.211512158449157e-4,0.00303010095555952,Variable vs Initial
Acropora_017956,NA,0.9400058921100672,-2.445507850021212,0.7526110731726185,-3.249364694718372,0.00115663087792232,0.00699612730917965,Variable vs Initial
Acropora_018166,NA,23.900002758013887,-1.1405406443406327,0.20324686581754656,-5.611602618091483,2.0046135503426673e-8,6.249881727085667e-7,Variable vs Initial
Acropora_018277,NA,47.39264937381725,-1.249227471057801,0.23431346741486975,-5.331436920123542,9.74386680957978e-8,2.439466816776138e-6,Variable vs Initial
Acropora_018302,NA,4.3317868494661305,-1.3076181063666843,0.4925264845039724,-2.6549193749115796,0.00793273660013574,0.03348861019588373,Variable vs Initial
Acropora_018348,negative regulation of axon extension involved in regeneration,52.38866109491703,-1.1182012864776918,0.2487571065609011,-4.495153131249064,6.951989890443906e-6,9.684377406378533e-5,Variable vs Initial
Acropora_018420,Abhydrolase domain containing,4.168021117027913,1.2109363866378997,0.3416576041844512,3.544298068613013,3.936599261933822e-4,0.00287345147477507,Variable vs Initial
Acropora_018429,Calcium ion binding,2.15591243648533,-1.389398339758484,0.5374433815351225,-2.585199460061981,0.00973226780963192,0.03915659755359849,Variable vs Initial
Acropora_018465,Belongs to the G-protein coupled receptor 2 family,1.0563360193440634,2.333722721895089,0.5906856669123591,3.950870746693345,7.786737164999431e-5,7.467387624810373e-4,Variable vs Initial
Acropora_018565,peroxidase activity,504.3475054163313,-1.199412493567388,0.1815119704858028,-6.60789748663547,3.898164560549185e-11,2.567797057781271e-9,Variable vs Initial
Acropora_018631,NA,2.346855177392722,1.2114112053898365,0.3877888828418843,3.123893590017569,0.0017847498845924,0.01002894824616475,Variable vs Initial
Acropora_018707,NA,0.9185933296782808,-2.0532708831245037,0.7477704354563612,-2.7458572655007427,0.00603530149887061,0.02695859503506274,Variable vs Initial
Acropora_018829,NA,2.6211633141103805,1.0339015000136988,0.36907891602223025,2.8013019848346614,0.0050896865955881,0.02358810994943727,Variable vs Initial
Acropora_019197,NA,3.28216996104914,-2.17146136257614,0.5282518022602205,-4.110655852540685,3.945368712093691e-5,4.1971263610781034e-4,Variable vs Initial
Acropora_019222,Cupin superfamily (DUF985),3.4156761099706525,-1.2154214867544977,0.438005989301485,-2.774896956758068,0.00552192003378712,0.02512775995155953,Variable vs Initial
Acropora_019302,NA,1.8377212668954976,-1.4078414932748868,0.5354977714627221,-2.6290333373925003,0.00856279661548241,0.03546928367985297,Variable vs Initial
Acropora_019461,Src homology 3 domains,2.209342888416538,1.3628693826769311,0.4347608360136253,3.134756559889905,0.00171996779360453,0.00975003155533527,Variable vs Initial
Acropora_019476,NA,1.0778371546321774,-2.544814276068838,0.7435030220225612,-3.4227356186746163,6.199434279062378e-4,0.00418447288451801,Variable vs Initial
Acropora_019497,NA,2.415851015487638,-3.862355844813356,0.7536108410460559,-5.125133071934289,2.973276732753528e-7,6.442956059561325e-6,Variable vs Initial
Acropora_019705,activation of NF-kappaB-inducing kinase activity,12.1265370065705,-1.065485867765757,0.24031693942675356,-4.433669429659608,9.26426394202966e-6,1.241710215455911e-4,Variable vs Initial
Acropora_019765,beta-glucuronidase activity,1.2886485024913472,1.7526930515229333,0.5299142526990895,3.3075031339423053,9.413165860421296e-4,0.0058953477877326,Variable vs Initial
Acropora_019983,nucleic acid binding,94.30550201165074,-1.3791998230937317,0.17427253459188233,-7.914040077075777,2.4916803280473573e-15,4.764180988300106e-13,Variable vs Initial
Acropora_019996,metalloendopeptidase activity,4.864070427700012,-2.11395191057248,0.5113949477505202,-4.133697291831194,3.569735824475116e-5,3.862178879499717e-4,Variable vs Initial
Acropora_020006,NA,1.3291192924908464,1.356694994104083,0.5352007203147129,2.53492744424243,0.01124706184800015,0.04388730689685594,Variable vs Initial
Acropora_020079,pericentric heterochromatin assembly,32.955565022151696,1.1913719321283591,0.1940439045515828,6.139702944452223,8.26759386026387e-10,3.83325392585539e-8,Variable vs Initial
Acropora_020098,chondrocyte morphogenesis,2.777157204746863,1.2243773487308791,0.378627446873896,3.233725813698511,0.00122186698991811,0.00732916662525565,Variable vs Initial
Acropora_020142,NA,4.561621941767094,1.331857572941527,0.3903185560437758,3.412232271099491,6.443318564710995e-4,0.00432208447404985,Variable vs Initial
Acropora_020211,NA,21.890938671051156,-1.305012633919976,0.23290980979676296,-5.603081446241915,2.1057421559700565e-8,6.508821891543497e-7,Variable vs Initial
Acropora_020239,NA,1.827168935531027,1.5588730015629906,0.48930583389184434,3.1858868085917043,0.00144311046474802,0.00842243238826195,Variable vs Initial
Acropora_020245,NA,8.632427083696339,1.0732694551535529,0.24883746529015552,4.313134494848166,1.6095613466658187e-5,1.9625385133217651e-4,Variable vs Initial
Acropora_020383,N-acetyl-beta-glucosaminyl-glycoprotein 4-beta-N-acetylgalactosaminyltransferase activity,2.1182065033119613,1.4966250179883591,0.4614762143470797,3.243124935714967,0.00118226356202452,0.00712469364831345,Variable vs Initial
Acropora_020557,"sequence-specific DNA binding. It is involved in the biological process described with regulation of transcription, DNA-templated",3.4174793459036827,-1.1755821329808829,0.4282384605757203,-2.7451577595352825,0.00604818151988526,0.02698178669722431,Variable vs Initial
Acropora_020627,spermidine spermine N1-acetyltransferase family member,11.456475030966986,1.0760392832969086,0.1827084294437094,5.889379524377255,3.876482815450176e-9,1.4823944727542744e-7,Variable vs Initial
Acropora_020670,alpha1-adrenergic receptor activity,2.331806311886065,1.056738235948237,0.4069623614015482,2.5966485753348505,0.00941381829461537,0.03817472936814184,Variable vs Initial
Acropora_021121,beta-galactosidase activity,7.106560051944856,-1.1866261953566983,0.30055321953703046,-3.948140023868542,7.876073527431634e-5,7.530564053829258e-4,Variable vs Initial
Acropora_021161,NA,2.3002050799715232,-1.332088884309249,0.5117992158119103,-2.6027567904652686,0.00924775309725069,0.03769942517343369,Variable vs Initial
Acropora_021341,"Coagulation factor 5/8 C-terminal domain, discoidin domain",6.224998722020277,-1.057041829721271,0.3766995668870086,-2.806060645241813,0.00501512525553834,0.02331256374164403,Variable vs Initial
Acropora_021342,NA,1.3002282735223731,1.7711265006118109,0.7041708019482713,2.5151944609340937,0.01189667449238706,0.04585079362870407,Variable vs Initial
Acropora_021457,NA,1.321062899458041,-2.098361892086745,0.7936836708012754,-2.6438264629639057,0.00819746719791071,0.03435113969706338,Variable vs Initial
Acropora_021529,NA,1.5542315356424343,1.9631430264273304,0.5151037340050123,3.81116054268057,1.383158978357653e-4,0.00119970023630652,Variable vs Initial
Acropora_021579,NA,2.2373499160739376,1.3893983263651428,0.5226127920054705,2.6585616495024467,0.00784749917712871,0.03319438490859869,Variable vs Initial
Acropora_021585,NA,3.345457689929716,-1.686391009558751,0.44382583116437585,-3.799668453578984,1.4488979776308892e-4,0.00124472722483868,Variable vs Initial
Acropora_021601,NA,2.1836271574086403,-1.3991633895997488,0.561215784190535,-2.4930934393048494,0.01266355160196742,0.0481527779333969,Variable vs Initial
Acropora_021692,Hydrolase activity. It is involved in the biological process described with metabolic process,3.081727496805753,-1.0938560567583877,0.41775648655196695,-2.618405918210242,0.00883416483688307,0.03634945066952878,Variable vs Initial
Acropora_021851,GMC oxidoreductase,18.002754588651364,-1.4067070495664402,0.2927844755002965,-4.80458209801843,1.5507506124122535e-6,2.735144304635033e-5,Variable vs Initial
Acropora_021902,NA,63.11187251386429,1.1234701748904552,0.12608609210715116,8.910341784054198,5.087548268022219e-19,1.8951994461877252e-16,Variable vs Initial
Acropora_021929,NA,2.257146671880013,-1.4362568859984977,0.5206238152318385,-2.7587229857299542,0.00580277010724566,0.02613060669803037,Variable vs Initial
Acropora_022006,NA,5.389808660125647,-1.2378204042372276,0.397499090907114,-3.1140207174120973,0.00184556530398455,0.01031168449906653,Variable vs Initial
Acropora_022072,calcium ion binding,2.3642875040502864,-1.2310467753132577,0.468613710120711,-2.6269969246016087,0.00861421125804753,0.03562079396007179,Variable vs Initial
Acropora_022139,NA,28.313389391331032,-1.0714805556652334,0.23060336421234304,-4.64642204733231,3.3774167415422515e-6,5.342054620626785e-5,Variable vs Initial
Acropora_022281,zinc ion binding,323.2823531123771,-1.008497011957302,0.14854431450263264,-6.789199676433449,1.1275729128372967e-11,8.314791929953116e-10,Variable vs Initial
Acropora_022336,GTPase activity,8.564212473444325,-1.1642587429926758,0.2884417236151682,-4.036374240177545,5.428360207107743e-5,5.475497228514001e-4,Variable vs Initial
Acropora_022402,Collagen triple helix,42.756182096788315,-1.5190687753627974,0.3097616503851437,-4.903992387288922,9.390813036886876e-7,1.7704878400957923e-5,Variable vs Initial
Acropora_022430,visceral mesoderm-endoderm interaction involved in midgut development,4.7696358117687465,1.1073786801320655,0.3227692763638064,3.430867685448146,6.016539877381817e-4,0.00408014314471787,Variable vs Initial
Acropora_022440,NA,3.1302255626411184,-1.5423814640788018,0.5569136752918641,-2.7695162329610232,0.00561396067100909,0.0254554531495955,Variable vs Initial
Acropora_022559,helicase activity,221.57970228029777,-1.200801554577721,0.1560178616427689,-7.696564623652985,1.3977312623655956e-14,2.204334427348253e-12,Variable vs Initial
Acropora_022622,inhibition of cysteine-type endopeptidase activity involved in apoptotic process,27.524216778495244,1.014332734559515,0.19029819368735068,5.330227864516713,9.808961541850109e-8,2.4500858158752997e-6,Variable vs Initial
Acropora_022660,acetylcholine-gated cation-selective channel activity,4.985651069732821,-1.0377084035251882,0.34739556438144287,-2.987108961431001,0.00281629326130448,0.01459904803352797,Variable vs Initial
Acropora_022804,positive regulation of lung ciliated cell differentiation,113.01104914616384,-1.1246508177237164,0.1618314028513558,-6.94952152615721,3.6652719570237195e-12,3.0543528671871636e-10,Variable vs Initial
Acropora_022825,Fibrinogen-related domains (FReDs),16.334929713015484,1.0638374171927465,0.23264001106402385,4.572891018733542,4.810403728205909e-6,7.079944342753193e-5,Variable vs Initial
Acropora_022881,Ribonuclease H protein,3.2236696675692884,-1.1893840679313994,0.4175711821030487,-2.848338484330276,0.00439481547744318,0.02102155926624694,Variable vs Initial
Acropora_022961,NA,8.372732235878683,-1.102809193742416,0.30351054373000697,-3.6335119702577416,2.795894697053289e-4,0.0021471589976549,Variable vs Initial
Acropora_023079,NA,1.3955314802999872,-2.9329280902460333,0.7201618487026581,-4.072595758202941,4.649207574570555e-5,4.809824580987232e-4,Variable vs Initial
Acropora_023214,NA,2.1207743593024277,1.352650251086305,0.4981248873990918,2.715484179377244,0.00661789382726984,0.02900328885030271,Variable vs Initial
Acropora_023223,NA,786.5922458684211,1.0579494998694885,0.3180452027996639,3.326412379613501,8.797167292064581e-4,0.00557721820752192,Variable vs Initial
Acropora_023408,NA,6.866503390850282,-1.0619447266044546,0.301309689432344,-3.524429395566794,4.2439589878401704e-4,0.00305039846611027,Variable vs Initial
Acropora_023531,NA,2.0413935375675916,-1.6421104700024804,0.5843845249685352,-2.8099828107031,0.0049544145990912,0.02311988808379363,Variable vs Initial
Acropora_023546,Calcium ion binding,185.31281364978616,1.033916250227041,0.09382085536322264,11.020111106686109,3.0568153514528355e-28,6.604555248348996e-25,Variable vs Initial
Acropora_023593,NA,1.2587280536709686,-1.7771437148627398,0.6812063716822326,-2.6088183973882986,0.00908554448574243,0.03717846101495285,Variable vs Initial
Acropora_023606,NA,10.139004468680591,1.1968273035781094,0.2471314229450386,4.84287788786892,1.2797194165043422e-6,2.313775540836219e-5,Variable vs Initial
Acropora_023656,NA,12.771990377533204,-1.1611210813876405,0.3279031696892343,-3.5410486653364064,3.985400621900727e-4,0.00290105688354732,Variable vs Initial
Acropora_023679,NA,5.506965396106077,-1.022405664709051,0.3159272815447166,-3.236205685403395,0.00121130067103712,0.0072758860990904,Variable vs Initial
Acropora_023695,"Domain in Tre-2, BUB2p, and Cdc16p. Probable Rab-GAPs.",1.402305992624164,1.4353198952510462,0.5274786334178366,2.721095802403948,0.00650659017644523,0.02860252031582414,Variable vs Initial
Acropora_023735,NA,0.765332856363428,-2.324322052239926,0.7634194455661222,-3.0446199212495815,0.0023297452865477,0.012474963236964,Variable vs Initial
Acropora_023767,diolein transacylation activity,4.346186069266613,-1.207788285515641,0.39506742360654945,-3.05717002553591,0.00223437497274831,0.01204188218039412,Variable vs Initial
Acropora_023904,NA,10.16270455682664,-1.2957862300220302,0.3043457537509704,-4.2576123177401115,2.066218580766968e-5,2.436829620963489e-4,Variable vs Initial
Acropora_023926,NA,2.4375180570078565,1.013888696365953,0.3827835463943508,2.648725907673748,0.00807958297513172,0.03392953736845405,Variable vs Initial
Acropora_024042,acetylcholine-gated cation-selective channel activity,7.002244489184258,-1.4077667187897551,0.3095053171486921,-4.548441143947902,5.404475332124266e-6,7.81064174086133e-5,Variable vs Initial
Acropora_024059,NA,20.750961982518756,-1.0698006055797182,0.19277525261526715,-5.549470645564563,2.8653585501382905e-8,8.41154033074564e-7,Variable vs Initial
Acropora_024114,G-protein coupled receptor activity,14.70596932881032,-1.0049339803727868,0.18480166802473127,-5.437905356126442,5.39105966240608e-8,1.450550872552251e-6,Variable vs Initial
Acropora_024133,NA,3.213304378575611,1.3245764069563544,0.41456732825343606,3.1950815143508016,0.00139791351840268,0.00820965465577831,Variable vs Initial
Acropora_024312,Cellulase (glycosyl hydrolase family 5),31.757570108381767,1.851933633851837,0.2647631811498636,6.994679644688169,2.6586571962274836e-12,2.3001953556988983e-10,Variable vs Initial
Acropora_024408,NA,4.813202603834335,-1.6030384213423332,0.4393224805959215,-3.648887758185929,2.6337813763395185e-4,0.00205657681305354,Variable vs Initial
Acropora_024700,NA,2.8910273246908877,1.1625955120204174,0.4241283442371983,2.7411408075340127,0.00612262630593138,0.02723604364133281,Variable vs Initial
Acropora_024883,NA,0.7630830204626812,-2.0573907989880977,0.783386610585841,-2.6262777167579063,0.00863243540292611,0.03566202663778618,Variable vs Initial
Acropora_024973,G-protein coupled receptor activity,0.8758389515269914,-2.5189078886312233,0.8577257191083115,-2.936728877909678,0.00331693953243043,0.01662779478832762,Variable vs Initial
Acropora_025007,COG0454 Histone acetyltransferase HPA2 and related acetyltransferases,3.2171361903992866,-1.226444948244468,0.4439277282677364,-2.7627130952829084,0.00573231294082168,0.02586724172919658,Variable vs Initial
Acropora_025314,protein tyrosine kinase collagen receptor activity,3.935972897538393,-1.0130130635378898,0.3918596520597695,-2.585142558599978,0.00973387417663507,0.03915659755359849,Variable vs Initial
Acropora_025380,NA,1.2805663339662243,-2.1209781042044753,0.6634324266391972,-3.1969768420106988,0.00138876075556803,0.00815811987080016,Variable vs Initial
Acropora_025487,NA,41.04038564587055,-1.0811501872093507,0.20031101865807965,-5.397357541548012,6.762953290989309e-8,1.7668726578611242e-6,Variable vs Initial
Acropora_025638,NA,4.2926665025325805,1.4078553734181258,0.3193121857524234,4.409024886102208,1.0383709396324702e-5,1.3679903976645822e-4,Variable vs Initial
Acropora_026162,NA,4.530049550160004,-1.3112406204336695,0.39098106680562533,-3.3537189694291456,7.973329854747642e-4,0.00514551268941689,Variable vs Initial
Acropora_026165,peptidyl-arginine hydroxylation,2.298302437392991,1.3267754988170315,0.4055660375784545,3.2714166766500368,0.00107010116903866,0.00656259558385757,Variable vs Initial
Acropora_026426,N-6 adenine-specific DNA methyltransferase 1,1.3111917992016178,1.7953612566155244,0.6946182907126444,2.584673165996783,0.00974713446718827,0.03919534474187043,Variable vs Initial
Acropora_026453,NA,5.442948740304563,1.0861736555825947,0.2817013676495699,3.8557628052902113,1.153693121679464e-4,0.00103516169381256,Variable vs Initial
Acropora_026455,NA,3.951895882376832,1.2748783277633449,0.3284518185581891,3.881477451882292,1.0382377968377552e-4,9.457068228700058e-4,Variable vs Initial
Acropora_026550,C-type lectin (CTL) or carbohydrate-recognition domain (CRD),1.4607123021987172,-2.1123469966509507,0.6753624287077747,-3.1277235849389404,0.00176165772608391,0.00992241314644657,Variable vs Initial
Acropora_026589,Pancreatic secretory granule membrane major glycoprotein,1.6378250682938218,1.6346512696702271,0.5394918771212365,3.02998309889823,0.00244567424168824,0.01297821503515524,Variable vs Initial
Acropora_026718,NA,2.9998259303200467,1.1923742448878043,0.3671275086054717,3.247847728482728,0.00116281482112152,0.00702173756991383,Variable vs Initial
Acropora_026890,Belongs to the major facilitator superfamily. Sugar transporter (TC 2.A.1.1) family,6.538245654711881,-1.2126601080854045,0.29565112450080827,-4.101659041997282,4.101984131517317e-5,4.33810421662081e-4,Variable vs Initial
Acropora_027039,NA,11.306649941835502,-1.4625344659357415,0.5708430503686704,-2.5620605611142775,0.01040531725483697,0.04128117602056695,Variable vs Initial
Acropora_027228,NA,1.2804723031108445,1.6714535918575413,0.6490041032223206,2.57541298053238,0.01001204630525833,0.04002225207611684,Variable vs Initial
Acropora_027253,scavenger receptor activity,21.146231349482967,-1.3360765381069906,0.18644700794878805,-7.165985406823877,7.722900067864367e-13,7.827870171421919e-11,Variable vs Initial
Acropora_027358,NA,4.509810994892474,-1.2158448381240567,0.39416376747413023,-3.0846184719498733,0.0020381341921358,0.01121363059722083,Variable vs Initial
Acropora_027415,NA,6.550169852166856,-1.2354155003373215,0.27691774858583373,-4.461308481115253,8.146072855828309e-6,1.1104356474638892e-4,Variable vs Initial
Acropora_027438,NA,4.2472253810450855,1.0399273330370058,0.4023112322929099,2.584882671831216,0.00974121396188232,0.03917882890179252,Variable vs Initial
Acropora_027492,zinc finger CCCH-type containing,387.5455611222261,-1.0135233051761618,0.16312617263088997,-6.2131250235943964,5.194108920199171e-10,2.5106021774009684e-8,Variable vs Initial
Acropora_027497,adenylate cyclase-activating G-protein coupled receptor signaling pathway,2.4796965111645233,1.724185470720652,0.4447023790192148,3.877167184316217,1.0567974316922207e-4,9.601835706115274e-4,Variable vs Initial
Acropora_027652,NA,4.169979921543496,-1.6441770604862689,0.4064405429641554,-4.045307706006266,5.22544430289162e-5,5.310486811301803e-4,Variable vs Initial
Acropora_027721,NA,1.9557777786477784,1.5127795189685371,0.4763400024690535,3.1758397596826193,0.00149403453015965,0.00867801046511023,Variable vs Initial
Acropora_027722,NA,53.59627810999043,1.1847407262409535,0.1732228840241595,6.839400769217751,7.952512122573678e-12,6.13649917572596e-10,Variable vs Initial
Acropora_027820,NA,1.996465508100335,1.1819776718346682,0.42359821752425314,2.790327302940065,0.00526547822103432,0.02424161995390318,Variable vs Initial
Acropora_027830,NA,2.0875703450285483,-1.3666545863841144,0.5215354472328915,-2.6204442931639034,0.00878152759456883,0.03616041265642353,Variable vs Initial
Acropora_027836,oxidative phosphorylation uncoupler activity,7.000479552962648,-1.091622222995928,0.3086896284625906,-3.5363100096128406,4.0575823951429657e-4,0.0029403397275627,Variable vs Initial
Acropora_027848,NA,1.4922257978580726,-2.7703822130796376,0.7255850016072856,-3.818135996392983,1.34463799338718e-4,0.00117169333950715,Variable vs Initial
Acropora_027984,Growth differentiation factor 7,3.6393524026160207,1.134508744960951,0.3519097230490616,3.2238630269467805,0.00126473878631938,0.00754651925358097,Variable vs Initial
Acropora_028148,NA,4.965325508999848,1.1947996216768149,0.3287254295782044,3.6346431221031223,2.7836569363652824e-4,0.00214300255217416,Variable vs Initial
Acropora_028396,NA,1.5120256967450936,-1.5900946897179355,0.6288201935639626,-2.5286953345212404,0.01144873597059493,0.04444948596238531,Variable vs Initial
Acropora_028442,NA,7.879842909153288,-1.545572157304849,0.3805458456910238,-4.061461121716578,4.876654036790576e-5,5.010222877741188e-4,Variable vs Initial
Acropora_028501,NA,2.6536968174067312,1.3775125073611438,0.3629384944253284,3.795443383712376,1.473798264436411e-4,0.00126410818981393,Variable vs Initial
Acropora_028517,DNA repair protein complementing XP-C cells,250.7086396034966,1.0827883042567532,0.13745909232250075,7.877167570089585,3.3488566362829458e-15,6.275959498786857e-13,Variable vs Initial
Acropora_028538,NA,10.319423168134309,-1.4086533904310816,0.45603382908663487,-3.088923015321903,0.00200883485883277,0.0110930969826802,Variable vs Initial
Acropora_028556,NA,30.994494402196985,-1.2842232872966364,0.2123556661493367,-6.047511284175111,1.4710036745183664e-9,6.306052657072188e-8,Variable vs Initial
Acropora_028577,NA,2.4210578605118873,-1.2993013648850429,0.44187743718864886,-2.940411198977642,0.00327776939786939,0.0164696478163642,Variable vs Initial
Acropora_028620,NA,32.671314196365934,-1.3458115766517995,0.3722937804343779,-3.614918237638993,3.004424261149132e-4,0.00228676019019272,Variable vs Initial
Acropora_028748,NA,3.151068083931554,-1.3076938718727438,0.4129003275581905,-3.167093326387466,0.00153970896716854,0.00890204761697713,Variable vs Initial
Acropora_028997,K02A2.6-like,1.9076235192212876,-1.584170476128015,0.6030710557089892,-2.626838846154894,0.0086182138865593,0.03563052606831233,Variable vs Initial
Acropora_029027,NA,1.781622354839101,1.7659731657281772,0.539848811074358,3.2712365564234513,0.00107078301214146,0.00656321638590877,Variable vs Initial
Acropora_029156,NA,1.203460023660249,1.7980991736939465,0.6781801591213124,2.651359155100708,0.00801685416681413,0.03374204108741984,Variable vs Initial
Acropora_029164,Lipoxygenase,18.962885240901713,-1.4097145322866127,0.39475127805901034,-3.5711462144420927,3.554224015576524e-4,0.0026352973260311,Variable vs Initial
Acropora_029228,DDE superfamily endonuclease,1.0624621997542276,1.540304911669068,0.5688747613466066,2.7076344677745054,0.0067764612758441,0.02957822673250255,Variable vs Initial
Acropora_029330,NA,2.4294413479720354,-1.2013241426593326,0.46188881902060025,-2.600894616168991,0.00929810120548908,0.03783329089374712,Variable vs Initial
Acropora_029632,NA,7.610965687451271,-2.082500993849368,0.3989451059826509,-5.220018901397253,1.7890487085644764e-7,4.142999613852527e-6,Variable vs Initial
Acropora_029715,brambleberry-like,2.756591548812994,-1.1765008489504998,0.4642184691405383,-2.534368895594983,0.01126500717530384,0.04394145965510289,Variable vs Initial
Acropora_029795,NA,3.6320425517993926,1.3050691501786018,0.3891785191861402,3.353394614142103,7.982680652748552e-4,0.00515000890365139,Variable vs Initial
Acropora_029917,NA,6.001550576581747,-1.2057657242011683,0.3053993954377479,-3.948160154255936,7.875411425159402e-5,7.530564053829258e-4,Variable vs Initial
Acropora_029926,"BCCT, betaine/carnitine/choline family transporter",4.750161072489857,-1.112586593833676,0.34729741478658166,-3.2035556455764964,0.00135741805269749,0.00800665423057112,Variable vs Initial
Acropora_030029,nucleoside triphosphate adenylate kinase activity,2.965945905230156,-1.9285588070805384,0.5291566038541842,-3.6445898870648454,2.678185230754231e-4,0.00208147014732647,Variable vs Initial
Acropora_030084,Phosphatidic acid phosphatase type 2B,6.819995536508251,1.199053877163773,0.23302988260648705,5.1454940617577005,2.668176424451592e-7,5.852651759055949e-6,Variable vs Initial
Acropora_030229,NA,3.4874214078455683,-1.4750866193113694,0.517779304810335,-2.8488713349632633,0.00438746198831071,0.02099568188691943,Variable vs Initial
Acropora_030255,NA,750.4885272569328,-1.0107678589397988,0.23047066463522953,-4.385668174036644,1.1563028013977556e-5,1.484437214913839e-4,Variable vs Initial
Acropora_030479,NA,3.812531091269547,-1.2318468712805712,0.3641825403016875,-3.3824984313089628,7.182968811748921e-4,0.00473300470102614,Variable vs Initial
Acropora_030593,NA,47.90960244365531,1.2589682649190124,0.2236613536739764,5.62890389527986,1.813584055671113e-8,5.69539202134158e-7,Variable vs Initial
Acropora_030608,NA,34.3465267011453,-1.1669543281097432,0.3039908945237012,-3.838780533009549,1.2364688765373476e-4,0.0010975820273815,Variable vs Initial
Acropora_030698,NA,2.732746341189334,-1.4760826228008208,0.49089747594457817,-3.006906116110218,0.00263921258975818,0.01385057741421312,Variable vs Initial
Acropora_030935,"DNA-binding transcription factor activity, RNA polymerase II-specific",2.3432070411835886,-1.2156532316707374,0.4818073530299248,-2.5231105835681045,0.0116321815178705,0.04496777847112367,Variable vs Initial
Acropora_031020,NA,72.102378758281,-1.039381259124294,0.1531420070485542,-6.787042165346277,1.1445576627571262e-11,8.382817919162871e-10,Variable vs Initial
Acropora_031043,NA,11.144419398427118,-1.2094859341440758,0.29576093898543154,-4.089403889144577,4.324832218300256e-5,4.5206736772421545e-4,Variable vs Initial
Acropora_031044,NA,108.049300447849,-1.605126660469285,0.25651799280620885,-6.257364806693724,3.9153680826780783e-10,1.9402624494115268e-8,Variable vs Initial
Acropora_031048,NA,4.638320411224634,-1.6486647315728886,0.4709802354510214,-3.5004966397243606,4.6439209325232805e-4,0.00329296211578923,Variable vs Initial
Acropora_031065,NA,0.7926713176966698,-2.033243193494702,0.7709897151572196,-2.6371858839648525,0.00835970085632432,0.03487540001964535,Variable vs Initial
Acropora_031079,chromatin assembly or disassembly,0.9376934898190944,1.7263312891911513,0.6563024025316437,2.630390019192282,0.00852869603217695,0.03542310774148697,Variable vs Initial
Acropora_031163,NA,4.131134551347315,-2.157818064240592,0.5582079293006853,-3.865617005734539,1.1080870977937804e-4,0.0010000555486605,Variable vs Initial
Acropora_031194,glutathione hydrolase activity,4.711931055747896,1.8291933427765803,0.33465599440769417,5.465891462706532,4.6058611258310315e-8,1.2612704117199651e-6,Variable vs Initial
Acropora_031220,NA,25.250794432763467,-1.0773964895107109,0.22850149974115805,-4.715052158218497,2.4164883938064175e-6,3.997752544914353e-5,Variable vs Initial
Acropora_031227,voltage-gated potassium channel activity,1.2303908340552256,-1.9234793898397269,0.768331767638471,-2.503448992811652,0.01229894070192039,0.04703201996560919,Variable vs Initial
Acropora_031414,NA,48.36138274090077,-1.120069764457857,0.2487612273626124,-4.50258979798794,6.713037568625232e-6,9.418304526475114e-5,Variable vs Initial
Acropora_031415,NA,14.253694931561824,-1.0297861085244766,0.23653416289446785,-4.3536464074490855,1.338916040255547e-5,1.686799998003577e-4,Variable vs Initial
Acropora_031441,NA,0.8076301546476646,-2.0465687784825763,0.8079264905637259,-2.533112606636521,0.01130546278393829,0.04406813810325285,Variable vs Initial
Acropora_031659,NA,9.741364173793036,-1.1289865337613034,0.2642271453080178,-4.2727878411024305,1.9304411455556675e-5,2.3081965351895824e-4,Variable vs Initial
Acropora_031799,NA,21.76110799775577,1.0725368740445185,0.2107675168758674,5.088719978971876,3.604884498395093e-7,7.628514639796707e-6,Variable vs Initial
Acropora_032194,NA,2.4811231266206595,2.258214547094912,0.5596230082944696,4.03524250008437,5.454593168323616e-5,5.494262936820515e-4,Variable vs Initial
Acropora_032398,NA,1.6721942972771475,1.312384820028182,0.4529464781724352,2.897439064596417,0.00376222816326124,0.01848685505922729,Variable vs Initial
Acropora_032535,NA,1.5558833109995902,-1.622398398297226,0.6121541393954888,-2.650310263195097,0.00804178826206245,0.03380367260508198,Variable vs Initial
Acropora_032600,NA,10.920220556817284,-1.0072271919716078,0.2206029732061779,-4.565791554541935,4.976130482034304e-6,7.299000352670276e-5,Variable vs Initial
Acropora_032667,NA,4.181033378949568,-1.1322384525380642,0.3923359149245176,-2.8858904053071415,0.0039030804483281,0.01904040554675482,Variable vs Initial
Acropora_032978,Reverse transcriptase (RNA-dependent DNA polymerase),2.4115114614420885,-1.4440774157080207,0.470174528467406,-3.0713646279716085,0.00213082762067372,0.01160833625120436,Variable vs Initial
Acropora_032994,NA,2.717410810742249,-1.35233270176626,0.4969129957718698,-2.721467768548981,0.0064992722702478,0.02858780062519829,Variable vs Initial
Acropora_033133,NA,7.843320073860102,-1.0304528535144517,0.37259683708534064,-2.7655974258268694,0.00568186298344835,0.0256902666430691,Variable vs Initial
Acropora_033178,NA,1.3950462468754905,-1.962828019169088,0.7049301396301357,-2.7844291353451687,0.00536220369454683,0.02456192674701729,Variable vs Initial
Acropora_033246,NA,1.1357471879770435,-1.8389868387560824,0.6912878843563006,-2.660232994635039,0.00780866128599775,0.03308116387162108,Variable vs Initial
Acropora_033271,NA,1.4265654518973196,-1.7572766578231205,0.6750876463251284,-2.603034831682877,0.00924025653362891,0.03767940264842601,Variable vs Initial
Acropora_033472,NA,19.559833999846298,-1.084260204350728,0.23122310654262024,-4.689238115356224,2.742241399137048e-6,4.448113188420049e-5,Variable vs Initial
Acropora_033487,NA,2.6584797273713567,-1.3254430494841027,0.4840709602138995,-2.7381172564006335,0.00617920399947628,0.02743528029224351,Variable vs Initial
Acropora_033696,Heat shock protein,51.979680817858174,-1.0095126467378377,0.20739914748076305,-4.8674869641471075,1.130262846297314e-6,2.0794270590302566e-5,Variable vs Initial
Acropora_033746,"Coagulation factor 5/8 C-terminal domain, discoidin domain",2.0334528587211755,-2.122269362052663,0.6825107311928122,-3.1095032869939048,0.0018740219936621,0.01045445886781911,Variable vs Initial
Acropora_033918,NA,3.0806324442174176,-1.0875353042730516,0.42966050532627753,-2.531150270484354,0.01136891300393557,0.04425887105640218,Variable vs Initial
Acropora_033988,NA,42.577221817727235,-1.100854309471207,0.1983573668438265,-5.549853413500631,2.8590922325995664e-8,8.404564187421255e-7,Variable vs Initial
Acropora_34217,NA,3.156111624266969,1.1112819962453582,0.33710263373735966,3.296568715363909,9.78736690785581e-4,0.00609411669772716,Variable vs Initial
Acropora_34229,Neurotransmitter-gated ion-channel ligand binding domain,11.461616405362903,-1.0573355530746185,0.26005377308113814,-4.0658343101398655,4.7860931457132256e-5,4.931250763294227e-4,Variable vs Initial
Acropora_34254,NA,250.4271793499992,1.0076400690991612,0.1515068390661572,6.650789332745326,2.9152530512854355e-11,1.951310493266872e-9,Variable vs Initial
Acropora_34436,NA,9.696900741978666,1.5850729570540314,0.34993908293209736,4.529568243057896,5.910434201762256e-6,8.42353834850101e-5,Variable vs Initial
Acropora_34437,NA,69.26251948450377,1.2897088461076809,0.1880435230125365,6.858565641857809,6.9555370095172024e-12,5.525048993662821e-10,Variable vs Initial
Acropora_34563,cytochrome P450,80.20111299092711,1.3871694826295025,0.19358237278548632,7.165784067367855,7.734260085312038e-13,7.827870171421919e-11,Variable vs Initial
Acropora_34590,NA,5.5988227370036086,-1.3846014604946162,0.37380886251380896,-3.7040359374664833,2.1219617686504992e-4,0.00171969639810437,Variable vs Initial
Acropora_34593,NA,2.4351735684125075,-1.2436608414655308,0.4515622813931077,-2.7541291483175527,0.00588485410688191,0.02641765174180149,Variable vs Initial
