chi2,Z,P,P.adjusted,comparisons
2.9258784425451085,-0.18712785740459623,0.4257801934404977,1,Treated.High - Treated.Low
2.9258784425451085,1.0481116408550701,0.14729358680652682,0.8837615208391609,Treated.High - Untreated.High
2.9258784425451085,1.0665364503850772,0.14309060525561898,0.8585436315337138,Treated.Low - Untreated.High
2.9258784425451085,-0.4756930497347305,0.317146536599557,1,Treated.High - Untreated.Low
2.9258784425451085,-0.2282931422194402,0.40970917776311977,1,Treated.Low - Untreated.Low
2.9258784425451085,-1.5262553927504954,0.06347313654441004,0.38083881926646024,Untreated.High - Untreated.Low
