gene,lfc
Pseudodiploria164233,-0.0463121115295171
Pseudodiploria164235,0.0738082436380976
Pseudodiploria164308,0.952555304903353
Pseudodiploria164312,-0.460455491043742
Pseudodiploria164314,-0.0702888972726707
Pseudodiploria164330,-0.0212012300818399
Pseudodiploria164335,0.028613049864147
Pseudodiploria164343,-0.254693231238011
Pseudodiploria164353,0.406742876025929
Pseudodiploria164358,0.280567591083458
Pseudodiploria164361,-0.00655958911746254
Pseudodiploria164366,0.378918513648384
Pseudodiploria164382,-0.226499620147917
Pseudodiploria164393,-0.641547251031317
Pseudodiploria164401,-0.381878650255979
Pseudodiploria164412,0.358115371574163
Pseudodiploria164416,-0.289198318931891
Pseudodiploria164437,-0.146348865055737
Pseudodiploria164444,-0.603406111920956
Pseudodiploria164445,0.287300594572993
Pseudodiploria164446,0.569668803953418
Pseudodiploria164452,2.11855210480164
Pseudodiploria164456,-0.392609018403092
Pseudodiploria164472,-1.15341507334033
Pseudodiploria164478,-0.242972372947852
Pseudodiploria164493,-0.48633570604521
Pseudodiploria164497,0.496212430649768
Pseudodiploria164503,0.0229461981730605
Pseudodiploria164519,0.177442488342299
Pseudodiploria164531,0.871747025666364
Pseudodiploria164549,0.136019855426758
Pseudodiploria164566,-0.0966672700416733
Pseudodiploria164570,-0.145908811703923
Pseudodiploria164572,1.01124586395335
Pseudodiploria164590,0.686839420866987
Pseudodiploria164595,0.580085719754303
Pseudodiploria164612,0.383499014842491
Pseudodiploria164622,0.0764630528758626
Pseudodiploria164624,1.06404230543411
Pseudodiploria164627,-1.56521107491048
Pseudodiploria164628,-0.156275764553338
Pseudodiploria164629,0.230489285461959
Pseudodiploria164634,0.940996290320632
Pseudodiploria164646,-0.222683303901497
Pseudodiploria164647,-0.801253926352075
Pseudodiploria164655,0.211934027747743
Pseudodiploria164681,0.458530381661148
Pseudodiploria164697,1.62512466640484
Pseudodiploria164735,-2.67369747168693
Pseudodiploria164748,0.117587478392949
Pseudodiploria164762,0.916821247899925
Pseudodiploria164764,-0.31053576179014
Pseudodiploria164777,-0.442306518049697
Pseudodiploria164780,0.313900880876864
Pseudodiploria164795,0.298272902035376
Pseudodiploria164798,-0.157940158751475
Pseudodiploria164810,-0.351809339247928
Pseudodiploria164812,-0.0308688428400474
Pseudodiploria164835,-1.31497888834653
Pseudodiploria164853,0.327071415155841
Pseudodiploria164857,-0.0168854562723191
Pseudodiploria164858,0.566903226044327
Pseudodiploria164874,-0.188516498979727
Pseudodiploria164875,0.897038500733128
Pseudodiploria164885,0.0897793683427871
Pseudodiploria164895,0.376446043571456
Pseudodiploria164897,-0.248947708683775
Pseudodiploria164907,-0.042048627806811
Pseudodiploria164915,0.377292921206939
Pseudodiploria164921,0.239675008647217
Pseudodiploria164935,-0.794593903652865
Pseudodiploria164946,-0.296089986094436
Pseudodiploria164962,0.0809229256231051
Pseudodiploria164968,-0.189501401470707
Pseudodiploria164969,-0.416640765329339
Pseudodiploria164980,0.225031288984896
Pseudodiploria164990,-0.31274369716887
Pseudodiploria164991,-0.485326285606771
Pseudodiploria164993,-0.403898313667773
Pseudodiploria164997,2.21800763401187
Pseudodiploria165019,0.00732686280195806
Pseudodiploria165027,0.846726909855949
Pseudodiploria165047,1.19419038463536
Pseudodiploria165082,0.121889066053449
Pseudodiploria165105,0.514103534451788
Pseudodiploria165106,0.469857409183167
Pseudodiploria165119,-0.770154329085257
Pseudodiploria165123,0.036357784765479
Pseudodiploria165131,-0.542148243679714
Pseudodiploria165132,-0.453185419116453
Pseudodiploria165140,0.00163679909335873
Pseudodiploria165149,0.424913298253891
Pseudodiploria165151,2.09639945528047
Pseudodiploria165155,0.0748138166409604
Pseudodiploria165180,0.457066955787582
Pseudodiploria165200,0.125461910273974
Pseudodiploria165214,0.238424291387504
Pseudodiploria165230,0.347992563230246
Pseudodiploria165237,0.145370486493513
Pseudodiploria165276,-0.936863630282401
Pseudodiploria165277,-0.428549597716905
Pseudodiploria165280,-0.575624340480819
Pseudodiploria165290,0.603715357305384
Pseudodiploria165292,-1.31840686925844
Pseudodiploria165348,0.0297359951180113
Pseudodiploria165375,0.394205281015582
Pseudodiploria165376,-0.108949693874978
Pseudodiploria165388,-1.06015236448669
Pseudodiploria165391,-0.444050945553249
Pseudodiploria165409,-0.900799599420357
Pseudodiploria165412,-0.460674341301065
Pseudodiploria165418,0.147472006942557
Pseudodiploria165429,-1.29650259551138
Pseudodiploria165438,0.958293645877989
Pseudodiploria165441,-0.174202131082086
Pseudodiploria165458,0.298355906154689
Pseudodiploria165463,-0.644214373226912
Pseudodiploria165468,-2.43214881218136
Pseudodiploria165495,-0.129258437868455
Pseudodiploria165500,0.0837175079778983
Pseudodiploria165503,0.53026586176709
Pseudodiploria165506,-0.952200043423531
Pseudodiploria165522,0.72446202872523
Pseudodiploria165526,1.19767528909808
Pseudodiploria165536,-1.25031091709136
Pseudodiploria165538,-0.415982673527083
Pseudodiploria165563,0.330390405513009
Pseudodiploria165566,0.145991593427552
Pseudodiploria165572,0.0564278060061033
Pseudodiploria165592,-0.812585556124149
Pseudodiploria165598,1.72055064305117
Pseudodiploria165604,0.307498434279391
Pseudodiploria165605,-0.144479260063323
Pseudodiploria165613,0.751550712770096
Pseudodiploria165626,0.31304551462151
Pseudodiploria165629,-0.0700694200101483
Pseudodiploria165656,-0.656438890072779
Pseudodiploria165662,-0.0867678122128692
Pseudodiploria165688,-0.251785930973266
Pseudodiploria165689,-0.0958758043526401
Pseudodiploria165697,0.553302720219346
Pseudodiploria165700,-1.83931463275373
Pseudodiploria165707,0.147883909593415
Pseudodiploria165714,-0.000982807083473435
Pseudodiploria165727,-0.237176234188785
Pseudodiploria165737,0.409763074248686
Pseudodiploria165744,0.430671314918472
Pseudodiploria165745,0.0329319086413656
Pseudodiploria165754,-0.381111422119869
Pseudodiploria165765,-0.323533092975902
Pseudodiploria165774,0.178393986079633
Pseudodiploria165799,0.153077063719547
Pseudodiploria165811,1.24003969768981
Pseudodiploria165817,0.100486833233495
Pseudodiploria165824,-0.0194509122955857
Pseudodiploria165830,-0.472403698378076
Pseudodiploria165837,1.00122105575096
Pseudodiploria165848,0.145425995174673
Pseudodiploria165858,0.722012368694342
Pseudodiploria165873,-0.181760829187684
Pseudodiploria165884,-0.330861901739971
Pseudodiploria165888,-0.426734144765746
Pseudodiploria165903,0.206898936562798
Pseudodiploria165908,0.0342935512276432
Pseudodiploria165918,-0.310396808171999
Pseudodiploria165922,0.122071357035149
Pseudodiploria165927,-0.37992245917213
Pseudodiploria165929,0.323509806122271
Pseudodiploria165941,-1.34397747637099
Pseudodiploria165952,-0.09129490152354
Pseudodiploria165982,-0.363169391939191
Pseudodiploria165995,-0.395324246605696
Pseudodiploria165997,-0.386080858422915
Pseudodiploria166015,0.710934122367362
Pseudodiploria166027,0.786343983342126
Pseudodiploria166037,0.140758497299008
Pseudodiploria166044,-0.06202789492141
Pseudodiploria166061,-0.0867624494472415
Pseudodiploria166067,-0.0981091163904045
Pseudodiploria166072,-0.230261567752657
Pseudodiploria166077,-0.0913915509018397
Pseudodiploria166086,-0.414619037855357
Pseudodiploria166088,0.82038341970863
Pseudodiploria166097,0.388554806956901
Pseudodiploria166101,-0.162131589183177
Pseudodiploria166106,-0.0334056275821105
Pseudodiploria166107,-0.281600402290552
Pseudodiploria166116,-0.632585430887942
Pseudodiploria166133,0.257245399387675
Pseudodiploria166150,-0.52425584902049
Pseudodiploria166151,1.29001216712563
Pseudodiploria166156,-0.566818571142474
Pseudodiploria166171,-0.199595302406187
Pseudodiploria166176,-1.42289004523609
Pseudodiploria166179,0.0536558994703434
Pseudodiploria166183,-0.216451113090947
Pseudodiploria166186,-0.613824956980897
Pseudodiploria166193,1.05749147812071
Pseudodiploria166194,-0.294391708364201
Pseudodiploria166197,0.259372223898346
Pseudodiploria166200,-0.0887926512059376
Pseudodiploria166201,-0.0116520808075322
Pseudodiploria166207,0.740246791618903
Pseudodiploria166217,-0.878296888890078
Pseudodiploria166221,-0.226305429928332
Pseudodiploria166235,-0.259810761309675
Pseudodiploria166268,0.0237457024766125
Pseudodiploria166287,0.907082293927665
Pseudodiploria166294,-2.31723821600006
Pseudodiploria166304,0.130523435026697
Pseudodiploria166306,0.423273169576917
Pseudodiploria166311,-0.250117192071066
Pseudodiploria166326,0.595692252425034
Pseudodiploria166343,0.777483176466506
Pseudodiploria166358,0.655424185768316
Pseudodiploria166370,0.170623125078049
Pseudodiploria166375,0.681395156908686
Pseudodiploria166380,-2.30829034068794
Pseudodiploria166404,0.154528073378294
Pseudodiploria166409,0.567271349680075
Pseudodiploria166432,-0.682948852808957
Pseudodiploria166433,-0.450394045358335
Pseudodiploria166437,-0.208124652504722
Pseudodiploria166438,0.454673295910424
Pseudodiploria166446,-0.362553905827179
Pseudodiploria166451,-0.414436447688098
Pseudodiploria166459,-1.20211643317609
Pseudodiploria166466,0.427829844930951
Pseudodiploria166478,-0.177371626406815
Pseudodiploria166480,-1.11308700577413
Pseudodiploria166481,1.08040700216522
Pseudodiploria166488,-0.408677505090427
Pseudodiploria166489,-0.822338199758911
Pseudodiploria166500,0.904475903482473
Pseudodiploria166512,-0.371057815434278
Pseudodiploria166516,-0.76595932178941
Pseudodiploria166530,0.485007792774419
Pseudodiploria166568,-0.073776557949113
Pseudodiploria166574,-0.177506052425742
Pseudodiploria166584,0.610264555983639
Pseudodiploria166585,-0.208743734745211
Pseudodiploria166594,0.333996089414082
Pseudodiploria166604,-0.420059870899026
Pseudodiploria166605,-0.402193214360709
Pseudodiploria166610,0.154037977741346
Pseudodiploria166659,-0.0745929476090599
Pseudodiploria166660,-0.329760570451396
Pseudodiploria166663,0.00922612354991328
Pseudodiploria166682,-0.204501564005912
Pseudodiploria166687,1.43741621359034
Pseudodiploria166691,-0.603831735198065
Pseudodiploria166694,0.506598455269014
Pseudodiploria166695,0.249270562638994
Pseudodiploria166708,-1.13342242857446
Pseudodiploria166737,-0.217312978993619
Pseudodiploria166740,1.06536480924576
Pseudodiploria166741,0.163787589274295
Pseudodiploria166752,-0.194521901015035
Pseudodiploria166760,-0.169290538070494
Pseudodiploria166768,0.350468904464229
Pseudodiploria166782,-0.419380765677133
Pseudodiploria166787,0.635932827986489
Pseudodiploria166791,-0.814742326190625
Pseudodiploria166796,-0.888833934782915
Pseudodiploria166798,0.035700392234315
Pseudodiploria166823,0.581929952708859
Pseudodiploria166827,-0.0347506129581305
Pseudodiploria166865,-0.506298300404274
Pseudodiploria166874,0.749471270300277
Pseudodiploria166885,-0.174018806106446
Pseudodiploria166895,0.387791981347933
Pseudodiploria166896,0.0635893690056966
Pseudodiploria166902,-0.0789379602708035
Pseudodiploria166918,0.0537147123173288
Pseudodiploria166945,-0.246483154358519
Pseudodiploria166974,-0.535131613495697
Pseudodiploria166978,0.0656601541645633
Pseudodiploria166984,-0.0365916844488013
Pseudodiploria166997,-0.198074760695006
Pseudodiploria167009,-0.403643993535614
Pseudodiploria167015,-0.0625696886584551
Pseudodiploria167028,0.0678692451443977
Pseudodiploria167040,0.917382290237999
Pseudodiploria167046,-0.0923693364972327
Pseudodiploria167047,-0.306064771762111
Pseudodiploria167050,-0.129509217061244
Pseudodiploria167064,-0.103884510758284
Pseudodiploria167070,-0.104819078852378
Pseudodiploria167074,-0.955383431745426
Pseudodiploria167077,0.0588834633503665
Pseudodiploria167087,0.255817642699538
Pseudodiploria167090,0.118061678388171
Pseudodiploria167101,0.0390772170412139
Pseudodiploria167103,0.0487524742866139
Pseudodiploria167113,-1.33475220286979
Pseudodiploria167121,-0.822705336820038
Pseudodiploria167135,0.758980512515522
Pseudodiploria167143,0.194426906906828
Pseudodiploria167160,0.316935346033336
Pseudodiploria167167,-0.252399813980594
Pseudodiploria167170,-0.455491568353513
Pseudodiploria167177,0.420704631608393
Pseudodiploria167181,-0.641853465072881
Pseudodiploria167198,0.365680395600008
Pseudodiploria167199,0.0765821319989606
Pseudodiploria167202,0.0174967553879487
Pseudodiploria167257,0.151545230555334
Pseudodiploria167294,0.237676589800245
Pseudodiploria167297,-0.089062767507828
Pseudodiploria167319,0.135585741736909
Pseudodiploria167321,-0.790082354801457
Pseudodiploria167325,-0.225627807673559
Pseudodiploria167330,0.745461766009628
Pseudodiploria167340,-0.404667030988966
Pseudodiploria167343,-1.37726212116027
Pseudodiploria167350,-0.0170557075155302
Pseudodiploria167351,0.562871832790798
Pseudodiploria167352,0.11246410199767
Pseudodiploria167371,0.739797133538393
Pseudodiploria167375,0.10296346296368
Pseudodiploria167381,0.153899110228847
Pseudodiploria167400,0.0327133985267663
Pseudodiploria167427,0.326883603439446
Pseudodiploria167429,0.953791387631278
Pseudodiploria167431,0.651561933505442
Pseudodiploria167439,0.532771077721658
Pseudodiploria167447,-0.256702069254503
Pseudodiploria167455,0.385635588932201
Pseudodiploria167469,-0.605344838565226
Pseudodiploria167470,-0.16318515429347
Pseudodiploria167480,0.583529328819088
Pseudodiploria167485,1.0641086797522
Pseudodiploria167491,-0.173144179168666
Pseudodiploria167493,0.448110714310578
Pseudodiploria167495,0.09330228685427
Pseudodiploria167506,0.127771198440055
Pseudodiploria167511,1.4378258990046
Pseudodiploria167513,1.10171052335001
Pseudodiploria167533,0.420765237850394
Pseudodiploria167537,-0.15732443721952
Pseudodiploria167543,-1.04236869856374
Pseudodiploria167546,0.100103706155467
Pseudodiploria167552,-0.134481158663911
Pseudodiploria167555,1.30322124603614
Pseudodiploria167558,-0.281385852902261
Pseudodiploria167569,0.0301796811051323
Pseudodiploria167582,0.356773605332021
Pseudodiploria167590,-0.0471557522430314
Pseudodiploria167593,-0.224514150697331
Pseudodiploria167615,-0.121040278715339
Pseudodiploria167619,-0.169355547258312
Pseudodiploria167631,-0.114940372712127
Pseudodiploria167633,0.116261370035672
Pseudodiploria167634,0.216464895240011
Pseudodiploria167639,-0.242013149404893
Pseudodiploria167643,-0.195775393030911
Pseudodiploria167652,-0.395754951470519
Pseudodiploria167655,0.797587876610793
Pseudodiploria167662,0.116096186259184
Pseudodiploria167669,0.0932856459753022
Pseudodiploria167679,-0.862974784991445
Pseudodiploria167683,0.230210490620371
Pseudodiploria167684,1.57135598528236
Pseudodiploria167712,0.261216549558172
Pseudodiploria167717,-0.0596444488645266
Pseudodiploria167722,-0.433683888093715
Pseudodiploria167730,-0.432737934159724
Pseudodiploria167732,0.220008414298114
Pseudodiploria167761,0.724365565540014
Pseudodiploria167765,-0.635021186651052
Pseudodiploria167772,0.201272127104194
Pseudodiploria167786,0.702294531721608
Pseudodiploria167791,0.0117027486010664
Pseudodiploria167793,-0.0273239510603198
Pseudodiploria167823,0.2574910117874
Pseudodiploria167824,0.271052739809885
Pseudodiploria167835,-0.241393451799647
Pseudodiploria167843,0.975854166010611
Pseudodiploria167846,-0.23693675751727
Pseudodiploria167849,-0.639934309341448
Pseudodiploria167857,-0.419648174365211
Pseudodiploria167862,0.850168455153034
Pseudodiploria167867,-0.280970051588125
Pseudodiploria167871,0.345966120501485
Pseudodiploria167877,-0.0697418646497864
Pseudodiploria167880,0.305088070067093
Pseudodiploria167885,-0.0930669069205638
Pseudodiploria167889,0.191740907373238
Pseudodiploria167902,-0.816733746302277
Pseudodiploria167920,-0.937568716397103
Pseudodiploria167945,0.645410286078221
Pseudodiploria167956,0.169369830707748
Pseudodiploria167995,1.46168875369226
Pseudodiploria168009,-0.727193697422387
Pseudodiploria168010,0.202053930782209
Pseudodiploria168019,-0.450519424303434
Pseudodiploria168031,-0.135806853203218
Pseudodiploria168038,0.441776964711084
Pseudodiploria168053,0.144262699994027
Pseudodiploria168066,-0.244934590343894
Pseudodiploria168072,-0.856202879898583
Pseudodiploria168075,0.0829747734346693
Pseudodiploria168090,0.0133195301359038
Pseudodiploria168105,-0.226866729117122
Pseudodiploria168111,-0.0153098776342947
Pseudodiploria168120,-0.00891966854551986
Pseudodiploria168138,-0.512569353141172
Pseudodiploria168146,0.1806163080788
Pseudodiploria168148,0.171704481573096
Pseudodiploria168150,0.554763795745338
Pseudodiploria168154,0.489068407759831
Pseudodiploria168157,0.146706916449569
Pseudodiploria168196,-0.00341868204272351
Pseudodiploria168198,0.0963147311970736
Pseudodiploria168206,0.843509308506124
Pseudodiploria168210,-0.289997063049458
Pseudodiploria168212,-1.58370469121905
Pseudodiploria168214,1.11483745848782
Pseudodiploria168216,0.665011059397338
Pseudodiploria168220,-0.067581317820023
Pseudodiploria168222,0.653893359026274
Pseudodiploria168249,-0.877294616958532
Pseudodiploria168268,-0.224473020887446
Pseudodiploria168270,0.311962179396745
Pseudodiploria168273,0.156254649211943
Pseudodiploria168282,-0.304832165260925
Pseudodiploria168286,0.597827157047626
Pseudodiploria168294,0.57672074674783
Pseudodiploria168299,-0.591583899300472
Pseudodiploria168310,-0.61614782227343
Pseudodiploria168311,-0.498554635445645
Pseudodiploria168317,-0.849503742864356
Pseudodiploria168324,0.0895952569387133
Pseudodiploria168349,-0.0194267688142025
Pseudodiploria168355,-0.197124188359143
Pseudodiploria168360,2.21408934296654
Pseudodiploria168372,0.181794426963955
Pseudodiploria168373,1.90474658793703
Pseudodiploria168381,0.442055023732888
Pseudodiploria168387,-1.02647377698678
Pseudodiploria168389,0.431113533742463
Pseudodiploria168394,0.0462895974989708
Pseudodiploria168399,0.540120388008203
Pseudodiploria168401,0.0351085037132093
Pseudodiploria168408,-0.234055151946756
Pseudodiploria168409,0.374736905367896
Pseudodiploria168415,-0.196545117153252
Pseudodiploria168417,-0.98279456450728
Pseudodiploria168420,-0.497432536512379
Pseudodiploria168422,-1.82437949681154
Pseudodiploria168427,-0.166238783140104
Pseudodiploria168430,0.204247844493718
Pseudodiploria168441,0.202752411213337
Pseudodiploria168444,-0.0799728873045056
Pseudodiploria168451,1.08931298481748
Pseudodiploria168458,0.77030652296553
Pseudodiploria168474,-0.535309629942672
Pseudodiploria168479,0.0924706047022665
Pseudodiploria168481,0.201922843340151
Pseudodiploria168482,-1.20150653578911
Pseudodiploria168484,-0.270879009794106
Pseudodiploria168487,0.431570085376294
Pseudodiploria168503,1.00588439637242
Pseudodiploria168504,-0.392153300469248
Pseudodiploria168508,-0.0771102791898312
Pseudodiploria168523,0.0246633907412909
Pseudodiploria168524,-0.167224104255172
Pseudodiploria168525,-0.0612115705549755
Pseudodiploria168526,-0.314004922558293
Pseudodiploria168539,0.503512678652678
Pseudodiploria168554,0.362249450100108
Pseudodiploria168564,-0.117148127519972
Pseudodiploria168580,-0.199862658071059
Pseudodiploria168584,-0.0286814730257466
Pseudodiploria168589,1.38124894656349
Pseudodiploria168591,-0.0547899418839378
Pseudodiploria168596,0.0246511887658989
Pseudodiploria168615,-0.465011912007854
Pseudodiploria168620,-0.745320407078137
Pseudodiploria168626,0.863692407999743
Pseudodiploria168627,-0.442448976026942
Pseudodiploria168640,1.03556586115916
Pseudodiploria168646,-0.0631165545620723
Pseudodiploria168658,-0.348926039222052
Pseudodiploria168660,0.0274842669090999
Pseudodiploria168666,-1.47532170318676
Pseudodiploria168672,-0.394583701570007
Pseudodiploria168673,0.324004015366875
Pseudodiploria168692,-0.083537913176931
Pseudodiploria168694,0.238379952463946
Pseudodiploria168700,0.112350273090823
Pseudodiploria168707,-0.0565317604348292
Pseudodiploria168721,-0.883642705747119
Pseudodiploria168725,-0.859266437912473
Pseudodiploria168730,-0.467687567383831
Pseudodiploria168744,-0.285174115019659
Pseudodiploria168748,-0.328731137129127
Pseudodiploria168751,0.312206707245778
Pseudodiploria168757,-0.79872657049143
Pseudodiploria168758,-0.723062041898206
Pseudodiploria168765,0.158332436791313
Pseudodiploria168767,-0.324624697222722
Pseudodiploria168768,-0.0718695482196725
Pseudodiploria168772,0.391376934520349
Pseudodiploria168776,-0.180763834825725
Pseudodiploria168780,0.949042004037538
Pseudodiploria168786,-0.00344241723802673
Pseudodiploria168788,-0.375546572275376
Pseudodiploria168789,-0.0984037836181608
Pseudodiploria168801,0.00193993838089964
Pseudodiploria168813,-0.730284560894506
Pseudodiploria168825,-0.0890003465312085
Pseudodiploria168827,-0.473116526984858
Pseudodiploria168859,-0.203394581766088
Pseudodiploria168861,0.554537912139941
Pseudodiploria168864,-0.178684053462262
Pseudodiploria168887,-0.271102616990191
Pseudodiploria168895,0.757718720171619
Pseudodiploria168896,-0.467366536406484
Pseudodiploria168902,0.962754757164344
Pseudodiploria168935,-0.894931905266573
Pseudodiploria168946,-0.198524319838703
Pseudodiploria168947,0.290590883085651
Pseudodiploria168948,0.241474443107032
Pseudodiploria168952,0.861707479325731
Pseudodiploria168953,-0.0163797693314438
Pseudodiploria168966,-0.890965493007428
Pseudodiploria168970,-0.481437844011399
Pseudodiploria168972,0.974286160474502
Pseudodiploria168975,0.22039208082442
Pseudodiploria168977,0.116919482281227
Pseudodiploria168980,0.371010157508276
Pseudodiploria168985,-0.468855976064304
Pseudodiploria168989,-0.321497178055321
Pseudodiploria168991,0.397051170894347
Pseudodiploria168993,0.0389504931421756
Pseudodiploria168998,-0.0566255192858584
Pseudodiploria168999,0.172555825728561
Pseudodiploria169001,0.202869173879301
Pseudodiploria169010,0.262056317815216
Pseudodiploria169012,-0.0375158678661487
Pseudodiploria169017,0.0299503099385497
Pseudodiploria169019,-0.0737387419399561
Pseudodiploria169034,1.03862781335607
Pseudodiploria169039,-0.389426841444753
Pseudodiploria169064,0.186977453549931
Pseudodiploria169068,0.672584953416734
Pseudodiploria169086,0.240755388541982
Pseudodiploria169089,0.545173459625733
Pseudodiploria169105,0.191299727860563
Pseudodiploria169111,-0.996705535000513
Pseudodiploria169125,0.26081463480046
Pseudodiploria169136,-1.13382363781228
Pseudodiploria169138,-0.234089031054483
Pseudodiploria169153,-0.202913229932343
Pseudodiploria169154,-0.143226138150802
Pseudodiploria169157,-0.434574450158379
Pseudodiploria169164,-0.62028623653822
Pseudodiploria169174,1.29223918222234
Pseudodiploria169176,-0.226484989176111
Pseudodiploria169198,-0.152830338732142
Pseudodiploria169199,-1.06763771057246
Pseudodiploria169203,0.79765634303471
Pseudodiploria169209,0.161124539639484
Pseudodiploria169220,1.03423503306511
Pseudodiploria169221,-0.628377585416401
Pseudodiploria169223,0.34433524390696
Pseudodiploria169225,0.0753618095763123
Pseudodiploria169228,-0.850611101038704
Pseudodiploria169237,-0.300875291684945
Pseudodiploria169238,0.67446238614308
Pseudodiploria169254,-0.272051779504815
Pseudodiploria169262,1.71429329366433
Pseudodiploria169263,0.853534521199167
Pseudodiploria169280,0.250105647119845
Pseudodiploria169293,-0.444774973268963
Pseudodiploria169296,-0.197238028007323
Pseudodiploria169297,0.503754429563128
Pseudodiploria169302,-0.466276419181561
Pseudodiploria169309,0.508626809258979
Pseudodiploria169313,0.294917927112366
Pseudodiploria169318,0.255710387152841
Pseudodiploria169319,0.0511396906321403
Pseudodiploria169323,-0.33147327567777
Pseudodiploria169327,-0.583495883629717
Pseudodiploria169328,0.320257722668181
Pseudodiploria169331,-0.523670597061699
Pseudodiploria169335,0.323570524920171
Pseudodiploria169340,0.0745960807874579
Pseudodiploria169343,-0.324123480500773
Pseudodiploria169370,0.0860854545486405
Pseudodiploria169372,0.213700859441275
Pseudodiploria169377,-0.0596908326872053
Pseudodiploria169378,-0.0265770365586999
Pseudodiploria169381,0.469052131539154
Pseudodiploria169385,-0.10275606946676
Pseudodiploria169387,-0.525893434551519
Pseudodiploria169394,0.859180798954543
Pseudodiploria169403,-1.20121410522347
Pseudodiploria169405,0.0948114377491548
Pseudodiploria169414,-0.12793320628044
Pseudodiploria169431,0.118977035247107
Pseudodiploria169435,0.255636599965595
Pseudodiploria169437,-0.215147970766876
Pseudodiploria169438,-1.48869647876507
Pseudodiploria169443,-0.634037086368231
Pseudodiploria169448,0.196032362898471
Pseudodiploria169456,0.0154520069233261
Pseudodiploria169476,-0.240364632368181
Pseudodiploria169478,-0.270363752158239
Pseudodiploria169480,0.516320388683729
Pseudodiploria169487,-0.989495443932544
Pseudodiploria169511,0.0868908782946912
Pseudodiploria169518,0.172374904523063
Pseudodiploria169520,0.877171971321843
Pseudodiploria169542,-0.83262833532593
Pseudodiploria169546,-1.0149224461385
Pseudodiploria169556,0.305337316773815
Pseudodiploria169558,0.109102512615864
Pseudodiploria169559,-0.417434450869633
Pseudodiploria169582,-0.245916380006697
Pseudodiploria169583,-0.0651240383645489
Pseudodiploria169585,1.43504610307957
Pseudodiploria169587,-0.319356345459147
Pseudodiploria169594,-0.274544468139958
Pseudodiploria169595,0.0958221364501287
Pseudodiploria169626,-0.250577435534895
Pseudodiploria169637,-0.144463091188207
Pseudodiploria169644,0.0246885555396043
Pseudodiploria169653,-0.325350319885351
Pseudodiploria169654,0.0573026454692674
Pseudodiploria169660,0.368956827623889
Pseudodiploria169663,-0.327909625998226
Pseudodiploria169674,-0.0156416575330614
Pseudodiploria169675,0.0365432371079074
Pseudodiploria169686,-0.275953949802612
Pseudodiploria169687,0.0942295567117363
Pseudodiploria169690,0.266711086807309
Pseudodiploria169699,-0.132075918556472
Pseudodiploria169706,-0.159921210037805
Pseudodiploria169715,-0.77338431597138
Pseudodiploria169722,-0.0348585100605068
Pseudodiploria169723,-1.30052609917975
Pseudodiploria169724,-0.478573486088825
Pseudodiploria169731,0.844699869111686
Pseudodiploria169748,-0.0859901240767944
Pseudodiploria169762,-0.674861236259309
Pseudodiploria169764,-0.201981260601566
Pseudodiploria169772,-0.290642177084254
Pseudodiploria169777,0.581744318994468
Pseudodiploria169778,0.318009120911465
Pseudodiploria169779,-0.860870756529315
Pseudodiploria169788,0.197849857063848
Pseudodiploria169795,-0.0181339953996541
Pseudodiploria169809,-0.221954560377213
Pseudodiploria169813,0.681530322227649
Pseudodiploria169814,-0.0728187477388623
Pseudodiploria169817,-0.471090864059062
Pseudodiploria169822,-1.28121708378817
Pseudodiploria169824,0.124025517236767
Pseudodiploria169827,0.0822854005473793
Pseudodiploria169843,-0.289231789853389
Pseudodiploria169844,0.181913626391143
Pseudodiploria169848,0.112827237794511
Pseudodiploria169853,0.337751968310956
Pseudodiploria169854,-0.179328977764709
Pseudodiploria169864,-0.427854210275379
Pseudodiploria169865,0.843651083281406
Pseudodiploria169874,0.311748319042189
Pseudodiploria169881,0.377507834297768
Pseudodiploria169882,0.438208138988539
Pseudodiploria169884,0.469083083696109
Pseudodiploria169885,-0.435026661822876
Pseudodiploria169892,-1.16322683676706
Pseudodiploria169900,-0.0169609668872165
Pseudodiploria169914,-0.170919218622421
Pseudodiploria169916,-0.745075559458353
Pseudodiploria169920,0.727649205122997
Pseudodiploria169937,0.172392139864827
Pseudodiploria169938,0.757973574600651
Pseudodiploria169950,0.190327843071723
Pseudodiploria169951,-0.177118717664978
Pseudodiploria169955,0.471414246337466
Pseudodiploria169966,-0.46038897749463
Pseudodiploria169968,0.4523907992106
Pseudodiploria169995,-0.742130247132495
Pseudodiploria170001,-0.412818149703764
Pseudodiploria170005,1.52455622566382
Pseudodiploria170014,-0.387060780819781
Pseudodiploria170025,0.247927133651722
Pseudodiploria170028,0.0376543775559714
Pseudodiploria170034,0.299031900440772
Pseudodiploria170059,0.342414407336325
Pseudodiploria170065,0.778010748346121
Pseudodiploria170066,0.0144539367240037
Pseudodiploria170073,0.72270785831596
Pseudodiploria170076,-0.562197707798251
Pseudodiploria170102,-0.053998736978381
Pseudodiploria170111,-0.0732594728143573
Pseudodiploria170115,-0.166452109682789
Pseudodiploria170118,0.451449380561573
Pseudodiploria170124,-0.0503279626846359
Pseudodiploria170128,-0.772912498820335
Pseudodiploria170129,-0.66054800271254
Pseudodiploria170139,-0.0268643771383899
Pseudodiploria170148,-0.707742070198009
Pseudodiploria170154,0.813128417834683
Pseudodiploria170157,0.522852084822967
Pseudodiploria170158,-0.209524314468327
Pseudodiploria170184,0.284151902198878
Pseudodiploria170185,-0.874122885620047
Pseudodiploria170194,0.445284376414183
Pseudodiploria170201,-0.553512148216167
Pseudodiploria170202,-0.109883009087065
Pseudodiploria170208,0.595627492972625
Pseudodiploria170215,0.758391667103918
Pseudodiploria170218,0.0987804110817095
Pseudodiploria17022,0.33841101031235
Pseudodiploria170224,-0.283288837580554
Pseudodiploria170241,-0.0139345961027024
Pseudodiploria170278,0.3077703146374
Pseudodiploria170279,-0.121539600667403
Pseudodiploria170280,-0.123466469196013
Pseudodiploria170281,-0.188695439313001
Pseudodiploria170282,0.625461270318349
Pseudodiploria170289,0.0914318587149298
Pseudodiploria170294,0.512701378979692
Pseudodiploria170299,0.0666847041190872
Pseudodiploria170301,-0.525949720878634
Pseudodiploria170313,0.158173770126324
Pseudodiploria170318,-0.0588684836838287
Pseudodiploria170323,-0.138211749801474
Pseudodiploria170326,1.45793516616938
Pseudodiploria170338,0.000229404427407983
Pseudodiploria170340,0.563148307139174
Pseudodiploria170347,-0.90593469145932
Pseudodiploria170356,-2.2015512211547
Pseudodiploria170361,-0.0915154859543206
Pseudodiploria170362,-0.212208428190511
Pseudodiploria170364,-0.087888455405474
Pseudodiploria170374,-0.0793949475933031
Pseudodiploria170377,0.601498543060587
Pseudodiploria170389,1.03212484492121
Pseudodiploria170394,0.373773353548583
Pseudodiploria170399,0.61346513071669
Pseudodiploria170400,-0.336682232614435
Pseudodiploria170402,0.337981999342315
Pseudodiploria170411,-0.111844200048063
Pseudodiploria170414,0.21204317216552
Pseudodiploria170418,-0.38521101015582
Pseudodiploria170421,0.11453449854798
Pseudodiploria170429,-0.784648880260246
Pseudodiploria170431,0.711200780038851
Pseudodiploria170440,-0.850097481616456
Pseudodiploria170457,-0.170095514248024
Pseudodiploria170465,0.175243119198686
Pseudodiploria170469,-0.0858159941190697
Pseudodiploria170477,0.0942804746356975
Pseudodiploria170490,0.300233597511522
Pseudodiploria170493,-0.554003295120421
Pseudodiploria170497,0.638669299630667
Pseudodiploria170502,-0.201740506851592
Pseudodiploria170515,0.058010575325012
Pseudodiploria170524,-0.0732063839599427
Pseudodiploria170534,0.0527716170272447
Pseudodiploria170539,-0.500765574197997
Pseudodiploria170544,-0.430483256724217
Pseudodiploria170545,0.0131672044471908
Pseudodiploria170546,0.218342184682852
Pseudodiploria170549,0.0851846099182848
Pseudodiploria170556,0.139269019956416
Pseudodiploria170559,0.0458251002849684
Pseudodiploria170568,0.585220764638374
Pseudodiploria170580,-0.454090124437758
Pseudodiploria170585,0.140954684749727
Pseudodiploria170588,-0.376756320679825
Pseudodiploria170599,0.383936186519363
Pseudodiploria170612,-0.168248001760309
Pseudodiploria170614,0.509103113611404
Pseudodiploria170623,0.00924185273848247
Pseudodiploria170630,-0.422075831365474
Pseudodiploria170633,0.568309980653941
Pseudodiploria170636,-0.214311376232712
Pseudodiploria170644,-0.161368955022982
Pseudodiploria170658,1.44556255831413
Pseudodiploria170668,-0.252502789518563
Pseudodiploria170669,-0.38551756378919
Pseudodiploria170674,0.336308525843946
Pseudodiploria170680,1.16749821107923
Pseudodiploria170682,0.47181049621869
Pseudodiploria170683,0.107671022383438
Pseudodiploria170688,-0.174980468728328
Pseudodiploria170690,-1.24859862324744
Pseudodiploria170692,0.335240398040797
Pseudodiploria170693,-0.208700225463808
Pseudodiploria170694,-0.957286374057798
Pseudodiploria170697,0.289683807970143
Pseudodiploria170699,0.159822154054269
Pseudodiploria170725,0.539653203178437
Pseudodiploria170733,0.115771143356943
Pseudodiploria170734,-0.0330818920968671
Pseudodiploria170737,0.297445172969846
Pseudodiploria170740,0.248801952549987
Pseudodiploria170782,1.12781077963728
Pseudodiploria170783,0.764706158435418
Pseudodiploria170800,-0.518411731543981
Pseudodiploria170804,0.0521564236488302
Pseudodiploria170821,-0.416429981787871
Pseudodiploria170827,-0.117670642641942
Pseudodiploria170837,-0.0902818941755405
Pseudodiploria170849,0.219978430897188
Pseudodiploria170860,0.820087182865409
Pseudodiploria170862,0.0218188504608797
Pseudodiploria170865,-1.50524992545293
Pseudodiploria170873,-0.777689738551604
Pseudodiploria170874,0.268916742822834
Pseudodiploria170876,0.758144166621233
Pseudodiploria170878,0.150167302238184
Pseudodiploria170879,-0.443975616591625
Pseudodiploria170886,-0.151071803991372
Pseudodiploria170887,-0.797890335617192
Pseudodiploria170897,-0.319916895235211
Pseudodiploria170901,0.427788277855586
Pseudodiploria170919,0.166143983500764
Pseudodiploria170937,0.0681788934560444
Pseudodiploria170943,0.464267537166986
Pseudodiploria170946,0.0276147587961227
Pseudodiploria170956,0.330989962994981
Pseudodiploria170957,-0.377002665401837
Pseudodiploria170962,0.7404805344519
Pseudodiploria170964,0.9142495910267
Pseudodiploria170971,-0.531002015520666
Pseudodiploria170978,0.611606412797384
Pseudodiploria170980,0.278616297490737
Pseudodiploria170982,-0.0868218067044064
Pseudodiploria170983,-1.79116245627455
Pseudodiploria170985,-0.239751239341269
Pseudodiploria170993,0.636839756368387
Pseudodiploria170997,-0.47049761311958
Pseudodiploria171003,-0.261890026876063
Pseudodiploria171008,-0.774390260886765
Pseudodiploria171009,-0.0534136696471459
Pseudodiploria171020,0.341199725402811
Pseudodiploria171034,-0.295700585470107
Pseudodiploria171038,0.610626852096189
Pseudodiploria171049,-0.118819136343315
Pseudodiploria171062,-0.484070014186197
Pseudodiploria171064,-0.767586390367326
Pseudodiploria171067,-0.00858919639795338
Pseudodiploria171071,-0.211231705143435
Pseudodiploria171075,0.0706154171865481
Pseudodiploria171078,-0.046862391909804
Pseudodiploria171082,-0.365926874349457
Pseudodiploria171083,-0.39026071378237
Pseudodiploria171106,0.870282637905839
Pseudodiploria171107,0.674053655862051
Pseudodiploria171109,-0.0476820950508692
Pseudodiploria171120,0.23602098582322
Pseudodiploria171121,-0.239297039787451
Pseudodiploria171125,-0.347027126044634
Pseudodiploria171129,1.02040569067407
Pseudodiploria171136,-0.307259352448498
Pseudodiploria171145,0.609729580826347
Pseudodiploria171153,0.00850560504381338
Pseudodiploria171157,-0.627742109868892
Pseudodiploria171161,-0.764863571181754
Pseudodiploria171163,0.250323862235644
Pseudodiploria171168,0.039085247298676
Pseudodiploria171171,-0.11771861526863
Pseudodiploria171172,-0.149830742206924
Pseudodiploria171175,-0.384753123281141
Pseudodiploria171177,-0.351259155499082
Pseudodiploria171196,0.390334264156794
Pseudodiploria171201,-1.46308683720794
Pseudodiploria171212,0.0279848369029955
Pseudodiploria171216,0.0373316812033619
Pseudodiploria171223,0.199885725284384
Pseudodiploria171229,-0.689823357459077
Pseudodiploria171234,-0.284178744692269
Pseudodiploria171236,-0.416396639372389
Pseudodiploria171250,0.0705235609724769
Pseudodiploria171258,0.543421786680315
Pseudodiploria171274,-0.428767231497135
Pseudodiploria171275,-0.534076839211059
Pseudodiploria171291,0.794040561367135
Pseudodiploria171293,-0.15157352601869
Pseudodiploria171301,-0.0148078247309719
Pseudodiploria171303,-1.09615304425359
Pseudodiploria171308,-0.540268975508644
Pseudodiploria171312,0.0238755241621851
Pseudodiploria171314,-0.356744253769288
Pseudodiploria171319,-0.989982529939652
Pseudodiploria171322,0.385123996292232
Pseudodiploria171324,1.13211112240815
Pseudodiploria171329,-0.197927140484694
Pseudodiploria171337,0.0310836123561257
Pseudodiploria171348,-0.496554909194482
Pseudodiploria171377,-0.0115503517112253
Pseudodiploria171378,0.439875504887347
Pseudodiploria171384,-1.56433896459884
Pseudodiploria171398,-0.179930854039608
Pseudodiploria171404,-0.660895547583811
Pseudodiploria171408,0.0684083140586229
Pseudodiploria171409,-0.0547096305917854
Pseudodiploria171411,-0.126638912889402
Pseudodiploria171415,-1.06155979350759
Pseudodiploria171422,0.358970748755895
Pseudodiploria171433,-0.250677769155789
Pseudodiploria171434,0.108817500326197
Pseudodiploria171438,0.607244785830213
Pseudodiploria171443,0.0886997441261418
Pseudodiploria171450,-0.254249054613755
Pseudodiploria171452,-0.157558354858815
Pseudodiploria171466,-0.545948025388462
Pseudodiploria171484,0.521047345746149
Pseudodiploria171488,-0.465223818051149
Pseudodiploria171489,0.110437002821399
Pseudodiploria171494,0.129615608461907
Pseudodiploria171495,-2.22026817229683
Pseudodiploria171496,-1.8233254897542
Pseudodiploria171498,-0.42990842796809
Pseudodiploria171503,1.0314447331363
Pseudodiploria171505,0.210320895321373
Pseudodiploria171509,0.638578054933285
Pseudodiploria171515,0.358011575249923
Pseudodiploria171525,1.03580839139277
Pseudodiploria171529,0.456692934749259
Pseudodiploria171542,1.2699785263011
Pseudodiploria171553,0.374535536371356
Pseudodiploria171558,0.0948581323649012
Pseudodiploria171559,0.641454276658208
Pseudodiploria171567,0.277751560828282
Pseudodiploria171570,-0.290447180623306
Pseudodiploria171573,0.01072800049317
Pseudodiploria171574,0.524700548450238
Pseudodiploria171579,0.72672437120104
Pseudodiploria171583,-0.940537548330596
Pseudodiploria171592,-0.212775420171842
Pseudodiploria171596,0.0227739250198656
Pseudodiploria171599,0.152107754225565
Pseudodiploria171602,0.410014741942891
Pseudodiploria171603,0.0750462249611882
Pseudodiploria171608,-0.0385140421470817
Pseudodiploria171614,-0.339787230143912
Pseudodiploria171628,-0.779016119131788
Pseudodiploria171629,-0.025178388592742
Pseudodiploria171633,0.158164597850326
Pseudodiploria171635,-1.35531670724439
Pseudodiploria171639,0.0442426432586003
Pseudodiploria171642,-0.512227276214375
Pseudodiploria171661,-1.22659250457815
Pseudodiploria171663,0.160541673127955
Pseudodiploria171674,0.785601352650184
Pseudodiploria171676,0.378663012599965
Pseudodiploria171679,-0.148606058834869
Pseudodiploria171685,0.223710590262902
Pseudodiploria171687,-0.174337725448982
Pseudodiploria171692,-0.23183403857457
Pseudodiploria171702,0.0646044016853674
Pseudodiploria171706,0.324037513091828
Pseudodiploria171707,0.019009500695779
Pseudodiploria171713,-0.0693629071870966
Pseudodiploria171716,-0.343698099077778
Pseudodiploria171719,0.408904538967832
Pseudodiploria171727,-0.110949336368914
Pseudodiploria171729,-0.30562340718752
Pseudodiploria171736,0.108646434269798
Pseudodiploria171737,0.0452721103863683
Pseudodiploria171754,0.0689217633235921
Pseudodiploria171762,-0.333658673055373
Pseudodiploria171772,0.200194618279217
Pseudodiploria171777,-0.299864406321361
Pseudodiploria171783,-0.663770361069258
Pseudodiploria171788,0.152760639084397
Pseudodiploria171792,-0.0241808619275443
Pseudodiploria171795,-0.671228812230593
Pseudodiploria171796,0.239938775352635
Pseudodiploria171799,-0.271706101139821
Pseudodiploria171801,0.865281343412862
Pseudodiploria171804,-1.16448289831648
Pseudodiploria171805,-0.588181308348572
Pseudodiploria171806,0.134859530437712
Pseudodiploria171807,-0.598489564836305
Pseudodiploria171809,0.57180818002821
Pseudodiploria171820,0.0865782212217186
Pseudodiploria171822,-0.81870859122276
Pseudodiploria171826,0.805849223008704
Pseudodiploria171831,-0.27939027775713
Pseudodiploria171838,0.234599180993295
Pseudodiploria171839,0.331153792837231
Pseudodiploria171840,0.348272129132222
Pseudodiploria171844,0.143207568880964
Pseudodiploria171847,-0.463259413588175
Pseudodiploria171848,-0.647869625367473
Pseudodiploria171852,-0.164865660695797
Pseudodiploria171863,-0.395147502574943
Pseudodiploria171864,-0.0293942997862492
Pseudodiploria171876,-0.064304303395251
Pseudodiploria171885,0.36805847000327
Pseudodiploria171886,-0.00160023031047162
Pseudodiploria171896,1.65076856857052
Pseudodiploria171911,-0.293267653242727
Pseudodiploria171913,0.595995613634992
Pseudodiploria171914,-1.00287073472071
Pseudodiploria171916,-0.430247473141234
Pseudodiploria171919,0.977466311835893
Pseudodiploria171922,1.13177709987161
Pseudodiploria171925,0.278340946219552
Pseudodiploria171928,-0.563930844313152
Pseudodiploria171932,-0.0388506465441505
Pseudodiploria171937,1.03202693199638
Pseudodiploria171943,-1.85352434297693
Pseudodiploria171945,-1.01622786567138
Pseudodiploria171946,-0.139560851570241
Pseudodiploria171950,-0.127249532474474
Pseudodiploria171952,-0.653226333193796
Pseudodiploria171965,0.175501427565651
Pseudodiploria171971,0.0749717928472806
Pseudodiploria171973,0.283696517624824
Pseudodiploria171978,0.711119218912884
Pseudodiploria171979,0.528064129526362
Pseudodiploria171980,0.0600350616872846
Pseudodiploria171981,-0.459976126481554
Pseudodiploria171982,-0.396106896946066
Pseudodiploria171985,-0.0533567174052596
Pseudodiploria171993,-0.567101935256815
Pseudodiploria171997,1.59130842242384
Pseudodiploria172011,0.580834563482575
Pseudodiploria172012,0.251155335468188
Pseudodiploria172013,-0.187459878150365
Pseudodiploria172016,-0.200891736783979
Pseudodiploria172019,0.0837245827289808
Pseudodiploria172021,-0.169632394347283
Pseudodiploria172026,-1.0228477018194
Pseudodiploria172028,0.386091115693812
Pseudodiploria172035,-0.369888466875667
Pseudodiploria172039,0.795800460163568
Pseudodiploria172040,-1.21638935982232
Pseudodiploria172041,-0.110103263169131
Pseudodiploria172053,2.1884548512426
Pseudodiploria172063,-1.33202436435685
Pseudodiploria172071,-0.163657452051207
Pseudodiploria172076,0.0200467677403731
Pseudodiploria172085,0.128152414567104
Pseudodiploria172105,-0.00611811587310426
Pseudodiploria172120,-0.234347013118436
Pseudodiploria172122,-0.520389544731685
Pseudodiploria172130,0.381170694402225
Pseudodiploria172132,0.142024913392339
Pseudodiploria172137,0.335664280226496
Pseudodiploria172139,0.0373071622237246
Pseudodiploria172146,0.320072313789822
Pseudodiploria172158,-0.0329667839295405
Pseudodiploria172176,-0.964520337197263
Pseudodiploria172179,0.0660570938522672
Pseudodiploria172183,-0.00361789212264633
Pseudodiploria172187,-0.53331653527728
Pseudodiploria172199,0.152115163990064
Pseudodiploria172203,-0.600134819228174
Pseudodiploria172233,-0.00275980290186375
Pseudodiploria172239,-0.632046287952472
Pseudodiploria172263,-0.0219669750220947
Pseudodiploria172266,-0.0122926825685831
Pseudodiploria172272,-0.285096024028416
Pseudodiploria172278,0.667120928541862
Pseudodiploria172279,-0.356327514489938
Pseudodiploria172290,0.286435789668886
Pseudodiploria172294,0.431738695592515
Pseudodiploria172295,-0.181403027203712
Pseudodiploria172299,1.07049408910432
Pseudodiploria172306,0.265549847026193
Pseudodiploria172318,-0.466352681327444
Pseudodiploria172321,-0.0813452476585388
Pseudodiploria172325,-0.461835127943862
Pseudodiploria172328,-0.234896788860686
Pseudodiploria172329,-0.358448901207187
Pseudodiploria172334,0.414715099273384
Pseudodiploria172341,0.0868577966631244
Pseudodiploria172343,0.686533258293115
Pseudodiploria172344,-0.236860771988009
Pseudodiploria172347,-0.70369591296076
Pseudodiploria172353,0.270050070953972
Pseudodiploria172360,-0.27188788550629
Pseudodiploria172361,0.460743038218774
Pseudodiploria172362,0.0130916111655154
Pseudodiploria172369,0.935584855568184
Pseudodiploria172370,0.590437151584272
Pseudodiploria172371,0.297221785724567
Pseudodiploria172373,0.76393406698502
Pseudodiploria172374,0.107708256806548
Pseudodiploria172392,-0.803313483848123
Pseudodiploria172416,-0.389858082158287
Pseudodiploria172419,-0.296655403921681
Pseudodiploria172425,-0.402725307688878
Pseudodiploria172437,0.606345337426303
Pseudodiploria172439,-0.428168673969339
Pseudodiploria172443,0.184890640775342
Pseudodiploria172447,-0.615200465789661
Pseudodiploria172448,0.15715854039239
Pseudodiploria172450,0.136313303238181
Pseudodiploria172460,-0.0189420545947503
Pseudodiploria172466,0.39506387862519
Pseudodiploria172469,-0.0512199116824444
Pseudodiploria172471,-0.292738109086419
Pseudodiploria172475,-0.211702557411342
Pseudodiploria172477,0.79995105994773
Pseudodiploria172482,0.369683466066471
Pseudodiploria172483,-1.49144741522813
Pseudodiploria172484,-0.297479865592511
Pseudodiploria172495,0.978005128664655
Pseudodiploria172496,-0.226365562259718
Pseudodiploria172499,0.947219151237295
Pseudodiploria172501,-0.487250002790403
Pseudodiploria172502,-0.333734839698382
Pseudodiploria172503,-0.289772793110269
Pseudodiploria172505,-0.31970562028343
Pseudodiploria172512,0.869885009975376
Pseudodiploria172519,-0.716172129740879
Pseudodiploria172529,-0.224203043596899
Pseudodiploria172537,-0.951520573550857
Pseudodiploria172552,-0.0755221210106888
Pseudodiploria172556,0.0670522232136599
Pseudodiploria172564,-0.376538971780609
Pseudodiploria172584,-0.404856166866798
Pseudodiploria172585,0.0849435308770384
Pseudodiploria172587,0.163783996992939
Pseudodiploria172606,0.307221714431627
Pseudodiploria172609,-0.170743410805128
Pseudodiploria172611,0.0956716193901655
Pseudodiploria172615,-1.56626851484302
Pseudodiploria172630,0.516385664613199
Pseudodiploria172634,-0.686402051738565
Pseudodiploria172639,-0.407743532100639
Pseudodiploria172647,0.702228392311539
Pseudodiploria172653,0.523581300422428
Pseudodiploria172662,-0.449739754381415
Pseudodiploria172663,0.0934420829917512
Pseudodiploria172677,0.134441693003033
Pseudodiploria172679,0.275636497586285
Pseudodiploria172705,-0.0790331566077601
Pseudodiploria172709,-0.21509130438017
Pseudodiploria172715,-0.749861298054781
Pseudodiploria172718,0.900802527151665
Pseudodiploria172723,0.322980697869013
Pseudodiploria172735,0.219876856818971
Pseudodiploria172746,-0.665713641097317
Pseudodiploria172749,0.62418750844884
Pseudodiploria172750,0.868269136933786
Pseudodiploria172774,1.00364567126348
Pseudodiploria172782,-0.747979829791074
Pseudodiploria172783,-0.194679443272258
Pseudodiploria172789,0.0285905495693545
Pseudodiploria17279,0.798870752075289
Pseudodiploria172790,0.431754385666903
Pseudodiploria172792,-0.0278866061595513
Pseudodiploria172806,-0.243764649768618
Pseudodiploria172809,-0.296688140430506
Pseudodiploria172815,0.0607667869303845
Pseudodiploria172820,0.0414327475955115
Pseudodiploria172828,0.192503254383737
Pseudodiploria172829,-0.178391291875548
Pseudodiploria172830,-0.052460960872703
Pseudodiploria172839,-0.0338413308230965
Pseudodiploria172840,-0.40908640346687
Pseudodiploria172844,1.40639303978281
Pseudodiploria172845,0.271318684182117
Pseudodiploria172847,-0.290413621299245
Pseudodiploria172850,-0.460899234642538
Pseudodiploria172855,0.00320049697184205
Pseudodiploria172857,0.0133866439604205
Pseudodiploria172859,0.724410069098699
Pseudodiploria172861,-0.187818515397707
Pseudodiploria172862,0.0120220314068864
Pseudodiploria172868,-0.571113669851915
Pseudodiploria172874,0.0664225999041992
Pseudodiploria172878,-0.125608070743976
Pseudodiploria172883,2.07589971483344
Pseudodiploria172884,0.77210791325955
Pseudodiploria172890,1.38017383982705
Pseudodiploria172891,-0.617246786382534
Pseudodiploria172893,-1.00177005314329
Pseudodiploria172894,-0.0052038865812622
Pseudodiploria172909,-0.795946192480086
Pseudodiploria172920,-0.00443017483699518
Pseudodiploria172938,0.3193326943001
Pseudodiploria172939,0.180988100927186
Pseudodiploria172940,0.25489445573754
Pseudodiploria172955,-0.317825644317087
Pseudodiploria172957,0.0419294869238379
Pseudodiploria172962,-0.125308496338252
Pseudodiploria172966,0.0385876995557416
Pseudodiploria172972,-0.549791414269751
Pseudodiploria172976,0.53316942563677
Pseudodiploria172984,-0.139491610656264
Pseudodiploria172985,-0.283116364243673
Pseudodiploria172986,-1.10989644527455
Pseudodiploria172989,-0.140013798511978
Pseudodiploria172997,0.796708034365446
Pseudodiploria173000,-0.0838338716839096
Pseudodiploria173009,-0.219550206452453
Pseudodiploria173011,-0.437706439002394
Pseudodiploria173017,0.907457263922842
Pseudodiploria173018,-0.123177815858506
Pseudodiploria173020,-0.731905784461788
Pseudodiploria173026,0.0257846584899994
Pseudodiploria173028,-0.235789532695841
Pseudodiploria173030,1.3277613978728
Pseudodiploria173031,0.410656746031768
Pseudodiploria173039,0.794163938820228
Pseudodiploria173040,-0.12217568174736
Pseudodiploria173042,-0.544790135908627
Pseudodiploria173046,0.120618059019628
Pseudodiploria173047,0.269500774149151
Pseudodiploria173055,-0.366262995300246
Pseudodiploria173056,-1.01778812871944
Pseudodiploria173071,0.564728737803389
Pseudodiploria173072,0.0380517090831653
Pseudodiploria173077,-0.415310281645345
Pseudodiploria173082,-0.384345624974958
Pseudodiploria173085,0.0475087206245328
Pseudodiploria173088,-0.316401879855112
Pseudodiploria173097,0.0707536618469523
Pseudodiploria173099,0.0675560045361727
Pseudodiploria173108,0.626538413664843
Pseudodiploria173111,0.442545556870867
Pseudodiploria173113,0.220457082274549
Pseudodiploria173121,-0.202365518711328
Pseudodiploria173125,-0.0360727236540689
Pseudodiploria173130,-0.375528164510188
Pseudodiploria173143,-1.14300095095963
Pseudodiploria173146,-0.549765648506509
Pseudodiploria173148,-0.0131501329915843
Pseudodiploria173156,-0.0324297120604954
Pseudodiploria173158,-0.381184859793006
Pseudodiploria173159,0.0417249900133854
Pseudodiploria173162,-0.280765144580085
Pseudodiploria173170,-0.233415757635727
Pseudodiploria173171,0.280330344566977
Pseudodiploria173173,0.252238410102049
Pseudodiploria173180,0.323857605202246
Pseudodiploria173184,-0.307072054212353
Pseudodiploria173185,-1.0576757231003
Pseudodiploria173196,-0.788049369419513
Pseudodiploria173206,0.142383951920557
Pseudodiploria173207,-0.769111082970781
Pseudodiploria173211,0.103888268801641
Pseudodiploria173213,0.687165388038063
Pseudodiploria173218,-0.43535874903855
Pseudodiploria173220,-0.167294837131724
Pseudodiploria173221,-0.151309281882855
Pseudodiploria173224,-0.19271076519945
Pseudodiploria173226,0.913350096115269
Pseudodiploria173231,0.473220614189533
Pseudodiploria173241,0.0991937834532889
Pseudodiploria173244,-0.170238524708776
Pseudodiploria173248,-0.0186014186401871
Pseudodiploria173256,-0.107582475167865
Pseudodiploria173258,0.250215283162183
Pseudodiploria173264,-0.391610728613978
Pseudodiploria173270,1.38535087366039
Pseudodiploria173277,-0.0866135580979609
Pseudodiploria173278,0.233520604114625
Pseudodiploria173284,-0.329313862675563
Pseudodiploria173286,-0.189265495207008
Pseudodiploria173287,-0.130018106819249
Pseudodiploria173288,-0.934174949371037
Pseudodiploria173293,-0.504936445642613
Pseudodiploria173300,1.01004636288792
Pseudodiploria173301,1.16521094427905
Pseudodiploria173308,0.159675851708527
Pseudodiploria173316,-0.256649652236193
Pseudodiploria173321,-0.00949961634484599
Pseudodiploria173322,0.0102325558747238
Pseudodiploria173323,-0.470590685864228
Pseudodiploria173334,0.518820212461027
Pseudodiploria173336,-0.721973929624235
Pseudodiploria173337,0.928857603659008
Pseudodiploria173341,0.202946842058783
Pseudodiploria173344,0.654285431449206
Pseudodiploria173349,0.285068212203812
Pseudodiploria173358,0.144567404753862
Pseudodiploria173360,-0.311091167111638
Pseudodiploria173363,0.34741898794088
Pseudodiploria173366,2.13379399220595
Pseudodiploria173369,0.388067634683494
Pseudodiploria173370,0.756617446904977
Pseudodiploria173376,-0.237247769162681
Pseudodiploria173386,0.210696239860906
Pseudodiploria173394,-1.32585339383513
Pseudodiploria173403,-0.0217398736827415
Pseudodiploria173404,-0.439677973840558
Pseudodiploria173411,0.870536080768732
Pseudodiploria173416,-0.913716859346561
Pseudodiploria173417,-0.693819903556686
Pseudodiploria173420,0.46414889618934
Pseudodiploria173422,-0.243203118041272
Pseudodiploria173432,-0.33384283122727
Pseudodiploria173435,-0.24082412878995
Pseudodiploria173438,0.114564319238213
Pseudodiploria173444,-2.08400673196959
Pseudodiploria173448,0.392089668643701
Pseudodiploria173449,-0.970554170416511
Pseudodiploria173457,0.106925499318699
Pseudodiploria173459,-0.909818917364238
Pseudodiploria173461,-0.347251721562852
Pseudodiploria173462,0.444344189978742
Pseudodiploria173467,-0.173698389993988
Pseudodiploria173475,-0.314849673174069
Pseudodiploria173480,0.659662164234964
Pseudodiploria173486,-0.0317791116476985
Pseudodiploria173509,0.614610534902881
Pseudodiploria173516,-1.32028346259915
Pseudodiploria173517,0.812077579321159
Pseudodiploria173523,0.351024118644968
Pseudodiploria173524,-0.843214934494116
Pseudodiploria173531,-0.338059641167214
Pseudodiploria173533,0.106653732452455
Pseudodiploria173542,-0.398992120723506
Pseudodiploria173546,0.701829516716942
Pseudodiploria173547,-0.360664610696289
Pseudodiploria173551,0.0868273519113096
Pseudodiploria173556,-0.0268378860192099
Pseudodiploria173574,-0.212646254535956
Pseudodiploria173575,0.288570881930963
Pseudodiploria173578,-0.427889796952282
Pseudodiploria173584,-0.00283815081253116
Pseudodiploria173592,-0.552117862680257
Pseudodiploria173599,-0.422281253622157
Pseudodiploria173601,0.656397737413433
Pseudodiploria173605,-0.00630278144923843
Pseudodiploria173612,-0.854483153139967
Pseudodiploria173616,0.0754051440392521
Pseudodiploria173617,0.0664919446846987
Pseudodiploria173620,0.114874418652913
Pseudodiploria173628,-0.367535919899417
Pseudodiploria173634,0.967859228275169
Pseudodiploria173637,-0.565350219345535
Pseudodiploria173645,0.119119587311531
Pseudodiploria173648,-0.257012635645568
Pseudodiploria173651,-0.347094723953123
Pseudodiploria173656,0.300199155458269
Pseudodiploria173657,-1.55606896236391
Pseudodiploria173675,-0.425796640909423
Pseudodiploria173686,0.193481175947106
Pseudodiploria173688,0.160167563410065
Pseudodiploria173692,-0.253333347009208
Pseudodiploria173694,1.0908206062997
Pseudodiploria173695,0.6924725237686
Pseudodiploria173699,0.743940444099908
Pseudodiploria173700,0.478849008967756
Pseudodiploria173702,-0.631198505395594
Pseudodiploria173711,1.43462639312705
Pseudodiploria173715,0.796261261139301
Pseudodiploria173719,0.482263561412875
Pseudodiploria173724,0.0638079860843668
Pseudodiploria173728,0.226264371847148
Pseudodiploria173731,0.161192827411395
Pseudodiploria173734,-0.121358352033489
Pseudodiploria173735,-1.52859098435232
Pseudodiploria173740,-0.334628677471418
Pseudodiploria173742,-0.420588563280253
Pseudodiploria173745,0.932179098118899
Pseudodiploria173751,0.143029324667947
Pseudodiploria173771,-0.145235069940208
Pseudodiploria173772,-0.217251611684125
Pseudodiploria173773,-0.150240702646898
Pseudodiploria173780,-0.227339799960002
Pseudodiploria173784,0.755042294332689
Pseudodiploria173786,-0.279654675333084
Pseudodiploria173788,0.215259256935942
Pseudodiploria173790,0.0130153113139477
Pseudodiploria173793,0.897485253073419
Pseudodiploria173800,-0.0180284785548621
Pseudodiploria173803,0.152143896180434
Pseudodiploria173808,0.602496766327493
Pseudodiploria173818,-0.108157282709249
Pseudodiploria173825,0.294127163138938
Pseudodiploria173831,0.0500422686012453
Pseudodiploria173839,-0.246412930831817
Pseudodiploria173842,0.304017779634788
Pseudodiploria173855,-0.000760382848362688
Pseudodiploria173860,0.226059381495554
Pseudodiploria173861,0.648910563086654
Pseudodiploria173862,-0.00634598286780449
Pseudodiploria173863,0.647318632489752
Pseudodiploria173873,0.336373455467981
Pseudodiploria173877,-0.0290609348998163
Pseudodiploria173879,0.723896823482119
Pseudodiploria173882,0.824231335408177
Pseudodiploria173885,0.0625032592498312
Pseudodiploria173897,-0.393522834369819
Pseudodiploria173903,-0.0230863505851154
Pseudodiploria173906,-0.189732227828667
Pseudodiploria173922,-0.348378422717898
Pseudodiploria173926,-0.492144711418223
Pseudodiploria173928,0.0350423158205532
Pseudodiploria173929,-0.757771358164405
Pseudodiploria173937,0.588031687841251
Pseudodiploria173952,1.15995671007822
Pseudodiploria173953,0.175937422400058
Pseudodiploria173954,0.426204118160821
Pseudodiploria173957,0.313238749626539
Pseudodiploria173959,0.19664398105706
Pseudodiploria173962,0.589835315875503
Pseudodiploria173963,0.440651978374291
Pseudodiploria173966,0.239257576011513
Pseudodiploria173977,-0.355948065412291
Pseudodiploria173983,-1.1116387748236
Pseudodiploria173993,-0.196945389053998
Pseudodiploria174004,0.356018972534872
Pseudodiploria174009,-0.0311969924033832
Pseudodiploria174010,-0.243524986186575
Pseudodiploria174014,0.237332548905184
Pseudodiploria174015,-0.389624159664254
Pseudodiploria174016,-0.241682444461077
Pseudodiploria174022,-0.0564060092863474
Pseudodiploria174026,-0.473406677735488
Pseudodiploria174027,-0.477025276228154
Pseudodiploria174030,0.784950197347231
Pseudodiploria174033,0.135971172822673
Pseudodiploria174043,0.252725627440272
Pseudodiploria174047,-0.298346892466806
Pseudodiploria174057,0.0863462357803503
Pseudodiploria174058,0.720801571867277
Pseudodiploria174061,0.211129940653917
Pseudodiploria174063,-1.60025452385779
Pseudodiploria174066,-0.667218099995997
Pseudodiploria174067,0.0339095117620581
Pseudodiploria174075,-0.287973321968504
Pseudodiploria174081,-0.426443975272742
Pseudodiploria174087,0.580937199651498
Pseudodiploria174093,0.147375903879149
Pseudodiploria174100,0.155129523702049
Pseudodiploria174117,0.243615602728264
Pseudodiploria174124,-0.268992847650522
Pseudodiploria174129,-0.177494405854533
Pseudodiploria174131,0.63003157346521
Pseudodiploria174139,0.0860575001720422
Pseudodiploria174148,0.0236452836552582
Pseudodiploria174149,-0.946721139693153
Pseudodiploria174158,0.43633756559937
Pseudodiploria174159,-0.27606524720309
Pseudodiploria174160,-0.149590766368606
Pseudodiploria174164,-0.385381488788487
Pseudodiploria174172,-0.768817474402079
Pseudodiploria174180,-0.249219628990958
Pseudodiploria174189,0.354058174964613
Pseudodiploria174196,0.0327884028961661
Pseudodiploria174202,1.08058195886422
Pseudodiploria174204,0.263416041296254
Pseudodiploria174212,-1.97190992657985
Pseudodiploria174219,-0.763138220562806
Pseudodiploria174220,0.326907352963892
Pseudodiploria174221,0.263984541088816
Pseudodiploria174222,-0.0178054844556373
Pseudodiploria174226,-0.567499613201427
Pseudodiploria174228,-0.00288833185949516
Pseudodiploria174229,-0.972611150514295
Pseudodiploria174233,0.374500167042233
Pseudodiploria174240,-0.0489002050252375
Pseudodiploria174242,0.718916797116897
Pseudodiploria174246,-0.500402768698566
Pseudodiploria174254,-0.266702939758317
Pseudodiploria174256,0.124520081933812
Pseudodiploria174258,-0.523024181162612
Pseudodiploria174260,-0.11780689783224
Pseudodiploria174264,-0.394029308846769
Pseudodiploria174265,-0.0504445973788673
Pseudodiploria174266,0.380437939289135
Pseudodiploria174267,-1.33667827836995
Pseudodiploria174269,0.547095934240307
Pseudodiploria174272,0.379961486472136
Pseudodiploria174274,0.365549396761564
Pseudodiploria174278,0.350880783996432
Pseudodiploria174290,-0.223625189166333
Pseudodiploria174302,0.0265873971561976
Pseudodiploria174312,0.23931771548442
Pseudodiploria174314,0.48304548152761
Pseudodiploria174318,-0.201642398334199
Pseudodiploria174320,-0.869791940779199
Pseudodiploria174331,0.194915470575626
Pseudodiploria174335,-0.216190884908321
Pseudodiploria174337,0.0158765990044235
Pseudodiploria174347,0.507987629270123
Pseudodiploria174349,0.174543014215583
Pseudodiploria174350,0.65698626932591
Pseudodiploria174356,0.523804468606501
Pseudodiploria174360,-0.183420977179848
Pseudodiploria174361,0.296880647427445
Pseudodiploria174363,0.0592264331069659
Pseudodiploria174367,-0.214427094509909
Pseudodiploria174378,-0.217298966529346
Pseudodiploria174379,0.109339511478544
Pseudodiploria174395,0.00476059642676605
Pseudodiploria174404,0.430155673644894
Pseudodiploria174411,0.188972984875559
Pseudodiploria174416,-0.396362245851994
Pseudodiploria174420,0.421036795697505
Pseudodiploria174422,0.306791601741557
Pseudodiploria174424,0.279066285089885
Pseudodiploria174425,-0.207246566200823
Pseudodiploria174432,-0.225039201736496
Pseudodiploria174436,-0.0580574597800957
Pseudodiploria174440,-0.720372943771137
Pseudodiploria174443,-0.837110677997686
Pseudodiploria174444,-0.428246441132743
Pseudodiploria174451,-0.522939899360673
Pseudodiploria174458,0.148503767662181
Pseudodiploria174467,-0.175562870585373
Pseudodiploria174470,-0.818419825897536
Pseudodiploria174480,-0.828871033245037
Pseudodiploria174488,0.047835466697202
Pseudodiploria174495,0.893890795148475
Pseudodiploria174498,-0.216178524590956
Pseudodiploria174501,-0.300002531440913
Pseudodiploria174510,-0.0644962597040898
Pseudodiploria174511,-0.712306055224527
Pseudodiploria174516,0.0210666107595946
Pseudodiploria174517,0.80987020289229
Pseudodiploria174520,0.702762068341483
Pseudodiploria174525,-0.892538009691908
Pseudodiploria174526,0.127608477657002
Pseudodiploria174531,0.292781415337716
Pseudodiploria174532,-0.251238513830174
Pseudodiploria174541,0.181804680047147
Pseudodiploria174542,-0.137809158733961
Pseudodiploria174543,0.2219560988952
Pseudodiploria174544,-0.081444520448015
Pseudodiploria174547,0.229058330667298
Pseudodiploria174557,-1.11138205995679
Pseudodiploria174562,-0.0990338317831119
Pseudodiploria174564,0.756988335851212
Pseudodiploria174567,0.559609793130699
Pseudodiploria174570,-0.0591742154808919
Pseudodiploria174573,-0.476227203316189
Pseudodiploria174574,-0.51103594359554
Pseudodiploria174578,0.149087549913145
Pseudodiploria174581,0.214701238511461
Pseudodiploria174588,-0.365658263813708
Pseudodiploria174590,0.224328513307579
Pseudodiploria174596,-0.886827919968946
Pseudodiploria174597,-0.689884612948398
Pseudodiploria174603,-0.0562632441964299
Pseudodiploria174604,0.25868160632187
Pseudodiploria174605,0.171053263138839
Pseudodiploria174611,0.376549454476453
Pseudodiploria174618,0.0321284998793091
Pseudodiploria174621,-1.0478331582741
Pseudodiploria174622,1.15387900021304
Pseudodiploria174625,0.393637584862686
Pseudodiploria174636,0.547171759407376
Pseudodiploria174637,0.0825981394264321
Pseudodiploria174639,-0.31309666241743
Pseudodiploria174644,0.699536585060768
Pseudodiploria174650,0.0169200057867041
Pseudodiploria174657,0.321127474457408
Pseudodiploria174658,-0.44326970317496
Pseudodiploria174660,0.267099719447697
Pseudodiploria174670,0.399320792992912
Pseudodiploria174674,0.106482713953286
Pseudodiploria174675,-0.177537348539834
Pseudodiploria174692,0.00640646687132639
Pseudodiploria174693,0.141115576263567
Pseudodiploria174698,-0.312976020246677
Pseudodiploria174700,-1.30195839242782
Pseudodiploria174705,0.339935162987831
Pseudodiploria174710,-1.09327962770313
Pseudodiploria174711,0.348908549224442
Pseudodiploria174719,0.423773565520381
Pseudodiploria174722,-0.468636768368015
Pseudodiploria174724,-0.239985618046158
Pseudodiploria174730,-0.462645299053011
Pseudodiploria174732,-0.25505954374304
Pseudodiploria174736,-0.188376463837396
Pseudodiploria174739,1.14425585307691
Pseudodiploria174742,0.33669319958006
Pseudodiploria174743,-0.609388874892267
Pseudodiploria174747,0.552504812306177
Pseudodiploria174748,-0.0113257235534145
Pseudodiploria174749,0.195883928883348
Pseudodiploria174751,0.0694321771194686
Pseudodiploria174752,-0.0742352525213877
Pseudodiploria174754,0.200401110036781
Pseudodiploria174760,0.0917588135961324
Pseudodiploria174761,0.864881907876456
Pseudodiploria174763,-0.647268394113244
Pseudodiploria174765,-0.163398432013159
Pseudodiploria174780,-0.213784053068023
Pseudodiploria174786,-0.680796551640432
Pseudodiploria174791,-0.586092546647946
Pseudodiploria174797,-0.253881471751866
Pseudodiploria174802,-0.288691928580305
Pseudodiploria174810,-0.541640377169371
Pseudodiploria174813,-0.175421524739129
Pseudodiploria174819,0.262051630114468
Pseudodiploria174820,-0.410960744911224
Pseudodiploria174821,-0.0042827280880354
Pseudodiploria174822,-0.24629580687744
Pseudodiploria174824,2.26978039710978
Pseudodiploria174825,0.626493531347651
Pseudodiploria174828,-0.0429294786833051
Pseudodiploria174830,0.829591959296556
Pseudodiploria174838,-0.275906933647711
Pseudodiploria174842,-0.678073305027539
Pseudodiploria174845,0.825096638881974
Pseudodiploria174847,0.098249229695812
Pseudodiploria174853,-1.36759162777959
Pseudodiploria174854,-0.453886996868796
Pseudodiploria174855,-0.907877072601869
Pseudodiploria174863,-0.191754849740953
Pseudodiploria174872,0.186986241256044
Pseudodiploria174874,0.285489404507836
Pseudodiploria174878,0.352750224858605
Pseudodiploria174886,-0.105643147080757
Pseudodiploria174889,0.627159378580776
Pseudodiploria174890,0.064377036454159
Pseudodiploria174891,0.123504524213847
Pseudodiploria174892,0.573104483769705
Pseudodiploria174900,-0.0152976625855846
Pseudodiploria174901,0.0208527452613099
Pseudodiploria174915,-0.176136488303939
Pseudodiploria174916,0.794742891205012
Pseudodiploria174917,0.310330918017109
Pseudodiploria174922,0.533526074245041
Pseudodiploria174927,0.466843812728488
Pseudodiploria174928,-0.89038392741399
Pseudodiploria174929,0.210395957499262
Pseudodiploria174930,-0.438062526458653
Pseudodiploria174932,-0.223164756978485
Pseudodiploria174936,0.463080090831792
Pseudodiploria174949,0.123810519423735
Pseudodiploria174952,0.355829190125711
Pseudodiploria174953,-1.51232399804987
Pseudodiploria174955,1.41543644592131
Pseudodiploria174956,0.178941777817282
Pseudodiploria174957,0.29159394720428
Pseudodiploria174962,-1.5362669950193
Pseudodiploria174965,-0.207651706824896
Pseudodiploria174968,-0.451184681847959
Pseudodiploria174973,-1.16534369958766
Pseudodiploria174975,0.371803114232768
Pseudodiploria174978,-0.643914712464886
Pseudodiploria174981,0.224096421166943
Pseudodiploria174982,0.0238413075539505
Pseudodiploria174985,-0.581936530052575
Pseudodiploria174987,1.1651172550213
Pseudodiploria174993,-0.599327113434571
Pseudodiploria174997,-0.973515420398969
Pseudodiploria174999,0.345109712588041
Pseudodiploria175001,-1.27990614854738
Pseudodiploria175005,-1.04284470972511
Pseudodiploria175012,0.60384028667769
Pseudodiploria175014,0.373621953782556
Pseudodiploria175015,-0.268642106200255
Pseudodiploria175023,-0.524080473952277
Pseudodiploria175028,-1.06794362542755
Pseudodiploria175029,-0.803302136134477
Pseudodiploria175034,0.935788280748516
Pseudodiploria175035,0.355142518517584
Pseudodiploria175041,-0.31288284416489
Pseudodiploria175045,0.176160170741962
Pseudodiploria175053,1.04476544250458
Pseudodiploria175054,0.198573731597545
Pseudodiploria175057,0.269669115667756
Pseudodiploria175067,0.14138008131383
Pseudodiploria175074,0.483600556424966
Pseudodiploria175077,1.00730333265708
Pseudodiploria175078,-0.0327262529287318
Pseudodiploria175086,-0.647325199641293
Pseudodiploria175088,0.0554031970347465
Pseudodiploria175089,0.619806537413796
Pseudodiploria175092,0.507638602798213
Pseudodiploria175099,0.00595746115438253
Pseudodiploria175101,0.200679076060023
Pseudodiploria175105,-0.801598083527567
Pseudodiploria175111,-0.658692574606841
Pseudodiploria175112,-0.326240709939649
Pseudodiploria175114,-0.185425644042579
Pseudodiploria175116,0.317944966606309
Pseudodiploria175121,-0.520737796649682
Pseudodiploria175125,0.164993851494422
Pseudodiploria175130,-0.622399930972675
Pseudodiploria175131,0.354019526662111
Pseudodiploria175136,1.76394232696421
Pseudodiploria175145,0.152093071331602
Pseudodiploria175147,-0.219020947726762
Pseudodiploria175148,-0.165194682871943
Pseudodiploria175149,-0.0251576406144055
Pseudodiploria175151,1.22158582718895
Pseudodiploria175155,1.17718011517292
Pseudodiploria175166,0.00268383188292786
Pseudodiploria175168,0.120874040003556
Pseudodiploria175170,-0.0167339921278907
Pseudodiploria175184,-0.403867738052912
Pseudodiploria175185,-0.575668682206095
Pseudodiploria175190,-0.881219591174016
Pseudodiploria175196,-0.716086043909436
Pseudodiploria175199,-0.356598874744238
Pseudodiploria175203,1.13123991960339
Pseudodiploria175207,0.0315128348062644
Pseudodiploria175209,0.429135302684241
Pseudodiploria175218,1.11746760731604
Pseudodiploria175222,0.489751383759987
Pseudodiploria175225,0.955018719000909
Pseudodiploria175228,0.072900373428742
Pseudodiploria175230,0.200378047838977
Pseudodiploria175231,-0.918781010862225
Pseudodiploria175235,-0.123498430603914
Pseudodiploria175236,-0.116704027372099
Pseudodiploria175238,1.04545108043161
Pseudodiploria175241,-0.318872601990332
Pseudodiploria175249,0.176796008012409
Pseudodiploria175255,0.379444294522524
Pseudodiploria175258,0.0251216952308726
Pseudodiploria175263,-0.372670335439258
Pseudodiploria175264,1.03591237599665
Pseudodiploria175279,-0.152618984686619
Pseudodiploria175282,0.651635018632637
Pseudodiploria175283,-0.562209304840691
Pseudodiploria175285,-1.37971430056476
Pseudodiploria175286,-0.227774619801467
Pseudodiploria175294,0.651754455066727
Pseudodiploria175296,-0.814428141034923
Pseudodiploria175306,-0.0703849308836268
Pseudodiploria175308,-0.895666922112987
Pseudodiploria175313,-0.233007922636755
Pseudodiploria175315,0.0307308577920898
Pseudodiploria175317,0.0765616489272739
Pseudodiploria175319,0.0106388880076074
Pseudodiploria175331,0.793786455593577
Pseudodiploria175332,-1.1743840767033
Pseudodiploria175334,-0.931250365053416
Pseudodiploria175340,-0.208139090050706
Pseudodiploria175344,0.791695017189677
Pseudodiploria175346,-0.0758130417854292
Pseudodiploria175363,-0.0917832480560794
Pseudodiploria175369,0.117234553554356
Pseudodiploria175371,0.70006547047941
Pseudodiploria175372,-0.043594282885262
Pseudodiploria175374,-0.361885110860935
Pseudodiploria175376,-0.221596300432934
Pseudodiploria175384,0.111252017915582
Pseudodiploria175399,-0.295426074564867
Pseudodiploria175400,0.33930466646298
Pseudodiploria175406,-0.325504815181861
Pseudodiploria175409,-1.4658332727284
Pseudodiploria175414,0.110881089152814
Pseudodiploria175420,0.0657012832366905
Pseudodiploria175421,1.02581815947381
Pseudodiploria175422,-0.319546340368175
Pseudodiploria175423,0.0363047924277217
Pseudodiploria175426,0.0485167003954493
Pseudodiploria175432,-0.12278732511851
Pseudodiploria175436,-0.0879601835659894
Pseudodiploria175437,-0.159749628863825
Pseudodiploria175443,0.756616353304104
Pseudodiploria175444,0.657137593533967
Pseudodiploria175447,0.197089341810383
Pseudodiploria175448,0.884558147254887
Pseudodiploria175454,0.56295465483447
Pseudodiploria175459,-1.08044175434187
Pseudodiploria175463,0.924594216684561
Pseudodiploria175465,0.208574455591011
Pseudodiploria175474,-0.0687647178265029
Pseudodiploria175475,0.558088858730334
Pseudodiploria175481,0.236022293572601
Pseudodiploria175484,0.11675904668333
Pseudodiploria175488,0.423865887247578
Pseudodiploria175489,0.1184511977385
Pseudodiploria175490,-0.0374450919159437
Pseudodiploria175491,-0.614409330259281
Pseudodiploria175493,-0.439892054065169
Pseudodiploria175495,-0.812567032838408
Pseudodiploria175497,-0.121384234402876
Pseudodiploria175499,0.0538118441930447
Pseudodiploria175501,0.297755679710229
Pseudodiploria175504,0.729544365230522
Pseudodiploria175506,0.31751000520521
Pseudodiploria175511,-0.0101680875827692
Pseudodiploria175514,0.0965187300827431
Pseudodiploria175515,-0.487745320733377
Pseudodiploria175518,1.49484506371824
Pseudodiploria175520,0.408906009663844
Pseudodiploria175523,-0.0511909434509402
Pseudodiploria175526,-0.0779374493831265
Pseudodiploria175530,0.271753502075027
Pseudodiploria175532,-0.312400195238667
Pseudodiploria175534,-0.24820801383873
Pseudodiploria175535,-0.254840510507219
Pseudodiploria175536,0.940870463155132
Pseudodiploria175541,-0.211078702689938
Pseudodiploria175542,0.556353939421929
Pseudodiploria175547,0.16000205858089
Pseudodiploria175548,0.122807592276163
Pseudodiploria175557,-0.159733849334745
Pseudodiploria175558,0.00215700559195256
Pseudodiploria175566,0.882221711240161
Pseudodiploria175567,0.913732807744615
Pseudodiploria175570,-0.0707562366911337
Pseudodiploria175577,0.449367393135717
Pseudodiploria175579,1.57449032647725
Pseudodiploria175580,0.118737738483172
Pseudodiploria175583,-0.309112411590325
Pseudodiploria175585,-0.109360076654501
Pseudodiploria175586,0.203283923669551
Pseudodiploria175591,0.234302062022539
Pseudodiploria175593,-0.0424989276657777
Pseudodiploria175596,0.274850432091574
Pseudodiploria175598,0.555901734860345
Pseudodiploria175599,-0.295977122325926
Pseudodiploria175601,0.00322297025658823
Pseudodiploria175604,0.890756984609282
Pseudodiploria175609,-0.149211423074915
Pseudodiploria175610,0.0561616979616582
Pseudodiploria175616,-0.291469465982712
Pseudodiploria175618,-0.212871819086867
Pseudodiploria175621,-0.15943790892992
Pseudodiploria175623,-0.688841022895468
Pseudodiploria175624,0.564503367196443
Pseudodiploria175633,0.518576060609438
Pseudodiploria175636,0.00379561024892871
Pseudodiploria175640,2.41471540620235
Pseudodiploria175652,-0.833884762501543
Pseudodiploria175655,0.825965970892776
Pseudodiploria175668,0.110539258328748
Pseudodiploria175670,0.272348169271858
Pseudodiploria175671,-0.420050532715115
Pseudodiploria175684,-0.239395846180582
Pseudodiploria175707,-0.827089788973343
Pseudodiploria175710,-0.161817134754442
Pseudodiploria175711,0.255297148576785
Pseudodiploria175712,-0.2692440943005
Pseudodiploria175722,0.190048967177995
Pseudodiploria175725,0.568341824309501
Pseudodiploria175726,-0.957098099162917
Pseudodiploria175728,0.00430691243704528
Pseudodiploria175732,-0.370678144900506
Pseudodiploria175733,-0.618845741490082
Pseudodiploria175734,0.108576319392885
Pseudodiploria175737,-0.166722709909348
Pseudodiploria175739,-0.0551090422873488
Pseudodiploria175746,-1.72414714069842
Pseudodiploria175747,-0.251918832241376
Pseudodiploria175755,0.328667620829504
Pseudodiploria175756,0.0232638708320756
Pseudodiploria175760,1.22351719591966
Pseudodiploria175761,-0.190936184287081
Pseudodiploria175770,0.450934852355632
Pseudodiploria175771,-0.25365339394014
Pseudodiploria175775,-0.298846595500352
Pseudodiploria175782,-0.700429813003008
Pseudodiploria175794,-0.774239324860698
Pseudodiploria175795,-0.110540891258458
Pseudodiploria175800,-1.85803352303669
Pseudodiploria175804,0.111151708938645
Pseudodiploria175807,-0.703046160745318
Pseudodiploria175808,0.630784101332461
Pseudodiploria175812,-0.0960441437865979
Pseudodiploria175818,-0.298117014302053
Pseudodiploria175821,-0.243884897690452
Pseudodiploria175822,-0.323000071874157
Pseudodiploria175824,-1.25201228983695
Pseudodiploria175826,-0.079782939828567
Pseudodiploria175828,-0.632976427104447
Pseudodiploria175832,-1.04586657361519
Pseudodiploria175833,0.400900014241935
Pseudodiploria175835,0.0481393044810896
Pseudodiploria175836,0.504716418574037
Pseudodiploria175843,0.168455619783485
Pseudodiploria175844,-0.265127947557925
Pseudodiploria175845,-0.574737299560777
Pseudodiploria175847,0.00171590796575572
Pseudodiploria175856,0.575187099007617
Pseudodiploria175857,-0.153704174019029
Pseudodiploria175859,-0.836727349231871
Pseudodiploria175860,-0.627285516934279
Pseudodiploria175868,0.0557208574653024
Pseudodiploria175869,-0.76999435575988
Pseudodiploria175874,0.705662179365858
Pseudodiploria175882,0.883225140850472
Pseudodiploria175891,-0.546830220220552
Pseudodiploria175893,-0.147229537470248
Pseudodiploria175898,-0.733266313754757
Pseudodiploria175904,0.059575377822921
Pseudodiploria175905,0.251400671205911
Pseudodiploria175909,0.0650666597271998
Pseudodiploria175911,-0.220299363899898
Pseudodiploria175912,0.569262931304859
Pseudodiploria175914,0.358315656015704
Pseudodiploria175920,0.172800483284263
Pseudodiploria175923,0.0489393568266566
Pseudodiploria175924,-0.306528486459658
Pseudodiploria175927,0.179165044554337
Pseudodiploria175934,-0.299748538875515
Pseudodiploria175940,-0.230690707027305
Pseudodiploria175941,-0.257001159374502
Pseudodiploria175950,-0.212583907715267
Pseudodiploria175953,-0.0463129028755614
Pseudodiploria175959,-0.0674725925872471
Pseudodiploria175964,0.614115399994418
Pseudodiploria175969,0.125738436910001
Pseudodiploria175971,0.505850666939363
Pseudodiploria175972,0.0472654442841146
Pseudodiploria175980,-0.290443852137434
Pseudodiploria175983,0.0813043483098532
Pseudodiploria175989,-0.030489113048707
Pseudodiploria175992,0.142442054582412
Pseudodiploria175993,0.640465919880389
Pseudodiploria175994,0.33479340465667
Pseudodiploria175996,0.411778245881594
Pseudodiploria175997,-0.663897528023889
Pseudodiploria176000,0.741071682003557
Pseudodiploria176004,-1.05578992302007
Pseudodiploria176007,-0.213811910241067
Pseudodiploria176009,0.0151169800752997
Pseudodiploria176011,-0.264998576880892
Pseudodiploria176016,0.894671232398159
Pseudodiploria176021,-0.308215078792374
Pseudodiploria176027,0.262986153313359
Pseudodiploria176030,0.0140547311871578
Pseudodiploria176035,-0.123042318208576
Pseudodiploria176036,-1.01257651887568
Pseudodiploria176038,0.97191723843094
Pseudodiploria176040,1.12008651344025
Pseudodiploria176044,-0.699535436887865
Pseudodiploria176045,-0.187922326719978
Pseudodiploria176052,0.568895518894517
Pseudodiploria176055,0.415190162085974
Pseudodiploria176056,0.50492321132953
Pseudodiploria176058,0.38743418599608
Pseudodiploria176069,0.672793203646906
Pseudodiploria176070,0.255247171017498
Pseudodiploria176071,-0.607240167436916
Pseudodiploria176074,0.0518379052334945
Pseudodiploria176078,0.151419954605189
Pseudodiploria176082,0.210407048450708
Pseudodiploria176087,-0.0962666585006532
Pseudodiploria176094,-0.464234113997149
Pseudodiploria176097,0.00122250417465743
Pseudodiploria176098,-0.789927352639086
Pseudodiploria176099,-1.04333965669476
Pseudodiploria176101,-0.415704901310468
Pseudodiploria176102,0.103336846607642
Pseudodiploria176106,-0.160147660847147
Pseudodiploria176113,1.17557727764395
Pseudodiploria176116,-0.562117127319313
Pseudodiploria176117,-0.110889987877312
Pseudodiploria176123,0.144275397545563
Pseudodiploria176127,-0.281243227102805
Pseudodiploria176128,0.0361270650673789
Pseudodiploria176138,0.471473191932351
Pseudodiploria176139,-0.776782145366375
Pseudodiploria176142,-0.0851594461781046
Pseudodiploria176147,-0.391165488268727
Pseudodiploria176148,0.162363379404236
Pseudodiploria176149,0.068129101003618
Pseudodiploria176159,-0.302786329401588
Pseudodiploria176161,0.0136541257765373
Pseudodiploria176162,0.00947410936383014
Pseudodiploria176164,-0.403381449306604
Pseudodiploria176168,-0.864520720736316
Pseudodiploria176170,-0.555019798696375
Pseudodiploria176171,-0.410018458570594
Pseudodiploria176174,-0.137972054276477
Pseudodiploria176175,-1.30371755175926
Pseudodiploria176177,0.366953833376671
Pseudodiploria176192,0.0272576259459426
Pseudodiploria176193,-0.194072998110376
Pseudodiploria176200,-0.45438292648762
Pseudodiploria176201,-0.589755917521663
Pseudodiploria176209,-0.468221447162404
Pseudodiploria176210,-0.499802989184227
Pseudodiploria176211,0.672864520426253
Pseudodiploria176214,0.858190147662561
Pseudodiploria176222,0.777084013686614
Pseudodiploria176230,0.0890052728800792
Pseudodiploria176234,-0.809348629923033
Pseudodiploria176237,0.107138545142116
Pseudodiploria176244,0.962028587460487
Pseudodiploria176252,0.00155735467360576
Pseudodiploria176253,0.147176114478726
Pseudodiploria176254,0.787089297012345
Pseudodiploria176255,-0.328560672500439
Pseudodiploria176257,-0.277024321954229
Pseudodiploria176260,-0.207185961864358
Pseudodiploria176264,-0.13621352377839
Pseudodiploria176267,-0.000527592302233379
Pseudodiploria176268,0.829477119175798
Pseudodiploria176271,0.699382295127712
Pseudodiploria176273,-0.0517851513341158
Pseudodiploria176274,-0.868459112027084
Pseudodiploria176277,0.122507395664687
Pseudodiploria176282,0.0644711897901465
Pseudodiploria176292,0.89023479871749
Pseudodiploria176295,0.430233156416629
Pseudodiploria176299,-0.279848023313231
Pseudodiploria176300,0.0441266513855437
Pseudodiploria176301,-0.219675837883788
Pseudodiploria176302,-0.681404211918882
Pseudodiploria176306,-0.449836827450483
Pseudodiploria176318,0.544371489483807
Pseudodiploria176321,0.341717409133676
Pseudodiploria176326,-0.809049649492422
Pseudodiploria176328,0.167817862393733
Pseudodiploria176330,0.315163366713419
Pseudodiploria176334,0.720696884834301
Pseudodiploria176335,-0.934205872945265
Pseudodiploria176338,0.324808677590736
Pseudodiploria176348,-0.0196752845541713
Pseudodiploria176356,0.154674158935246
Pseudodiploria176359,0.513843264146054
Pseudodiploria176360,1.08879648044016
Pseudodiploria176367,-0.19392278247329
Pseudodiploria176372,0.336431293465869
Pseudodiploria176373,-0.487054808573052
Pseudodiploria176376,-0.608117711996545
Pseudodiploria176377,1.03590997448567
Pseudodiploria176378,0.248314990522818
Pseudodiploria176380,0.345801148874831
Pseudodiploria176381,0.337346480098131
Pseudodiploria176384,-1.13453341105153
Pseudodiploria176385,0.803135624694109
Pseudodiploria176389,-0.28254204240806
Pseudodiploria176390,0.0737965120582684
Pseudodiploria176391,-0.669708395952968
Pseudodiploria176395,-0.22997331673999
Pseudodiploria176397,0.555448134846974
Pseudodiploria176400,-0.429121530919849
Pseudodiploria176408,-0.0685098122916559
Pseudodiploria176421,0.522640424497668
Pseudodiploria176431,0.0323946222175591
Pseudodiploria176433,0.189173667750132
Pseudodiploria176438,0.205923574705405
Pseudodiploria176439,-0.628028725479382
Pseudodiploria176442,-0.0969316994305457
Pseudodiploria176443,-0.0285876198664324
Pseudodiploria176445,-1.69102286242224
Pseudodiploria176450,0.469711045436492
Pseudodiploria176456,0.039358115867452
Pseudodiploria176457,0.154007234771525
Pseudodiploria176459,-0.0133332716464763
Pseudodiploria176462,-0.244405980968312
Pseudodiploria176465,1.5080331025844
Pseudodiploria176470,-0.0516140063052649
Pseudodiploria176485,0.859131087219875
Pseudodiploria176488,-0.17499399047167
Pseudodiploria176490,1.95018733134148
Pseudodiploria176493,0.113590624285132
Pseudodiploria176503,-0.170536190850563
Pseudodiploria176504,-0.882639930017329
Pseudodiploria176511,-0.716379409655955
Pseudodiploria176514,-0.0424275502057214
Pseudodiploria176519,2.05934122739277
Pseudodiploria176522,-0.214820759487397
Pseudodiploria176538,0.276338732081223
Pseudodiploria176539,0.271644494629612
Pseudodiploria176540,0.770303076283621
Pseudodiploria176542,0.447691040359455
Pseudodiploria176544,0.0437811965885808
Pseudodiploria176553,0.246363060164013
Pseudodiploria176555,-0.635893017989144
Pseudodiploria176556,-0.0266277655029871
Pseudodiploria176568,0.291597221892656
Pseudodiploria176570,0.0457252176934435
Pseudodiploria176578,0.342858148946663
Pseudodiploria176579,-0.205362222639518
Pseudodiploria176582,-0.611339150730701
Pseudodiploria176583,0.00594383379926685
Pseudodiploria176585,-0.844323337383751
Pseudodiploria176588,-0.00316155919875133
Pseudodiploria176603,-0.540300350252645
Pseudodiploria176605,-0.0953992247683229
Pseudodiploria176612,0.272092840260857
Pseudodiploria176616,0.187461262650326
Pseudodiploria176618,-0.152917894824345
Pseudodiploria176620,0.612918203166723
Pseudodiploria176625,-0.650740842042124
Pseudodiploria176629,-0.846411237673575
Pseudodiploria176631,-0.91303578975979
Pseudodiploria176635,0.0502647763153301
Pseudodiploria176636,-0.560256811088072
Pseudodiploria176645,0.169812628036418
Pseudodiploria176646,-0.260987838443322
Pseudodiploria176648,0.42709581995243
Pseudodiploria176649,0.524037809331531
Pseudodiploria176654,-0.143283512480479
Pseudodiploria176671,-0.565613480813258
Pseudodiploria176683,0.110943873800937
Pseudodiploria176687,0.0261929098417691
Pseudodiploria176690,0.509436233482388
Pseudodiploria176694,0.502077527439775
Pseudodiploria176698,-0.558155278132207
Pseudodiploria176702,0.298190508106836
Pseudodiploria176705,-0.0989856156833801
Pseudodiploria176706,0.482747184498107
Pseudodiploria176707,0.232506622392503
Pseudodiploria176717,-0.00707758819441562
Pseudodiploria176723,0.441103222923799
Pseudodiploria176727,0.0572180551860079
Pseudodiploria176731,-0.11983861465627
Pseudodiploria176732,-0.0766637573824222
Pseudodiploria176737,0.378852734452434
Pseudodiploria176741,-0.127032218688977
Pseudodiploria176742,-0.691291387253695
Pseudodiploria176743,0.303943512619612
Pseudodiploria176752,0.16686618158305
Pseudodiploria176754,-0.0486329015664821
Pseudodiploria176755,-0.110207899333117
Pseudodiploria176757,0.27198496055551
Pseudodiploria176761,-0.816215844626322
Pseudodiploria176764,0.0470217978015435
Pseudodiploria176773,0.0284884621512699
Pseudodiploria176786,-0.598210125588178
Pseudodiploria176787,-0.142049062074074
Pseudodiploria176788,-0.743835370236486
Pseudodiploria176793,0.298313455518692
Pseudodiploria176797,-2.22219570896097
Pseudodiploria176799,0.232061747099163
Pseudodiploria176800,0.372083123310474
Pseudodiploria176802,-0.458301459521132
Pseudodiploria176805,0.341034370935275
Pseudodiploria176811,-0.187335343201217
Pseudodiploria176813,0.328363675651736
Pseudodiploria176814,-0.426037978030463
Pseudodiploria176822,0.675486554332886
Pseudodiploria176827,1.81574452391005
Pseudodiploria176847,-0.576698303489397
Pseudodiploria176850,-1.25410339833288
Pseudodiploria176860,0.559748137000256
Pseudodiploria176861,0.490551694286197
Pseudodiploria176866,0.364349020598645
Pseudodiploria176870,0.426277460164186
Pseudodiploria176872,0.119129961952229
Pseudodiploria176877,0.0523620522345004
Pseudodiploria176880,0.370990966576477
Pseudodiploria176883,-0.0891627181335819
Pseudodiploria176886,-0.0751155432667579
Pseudodiploria176888,0.885505615122611
Pseudodiploria176890,-1.00371537229048
Pseudodiploria176899,0.194025200387791
Pseudodiploria176900,0.584536123008668
Pseudodiploria176904,0.61994604081048
Pseudodiploria176906,0.10009301947319
Pseudodiploria176915,-0.354800077896871
Pseudodiploria176916,1.22610193349609
Pseudodiploria176918,-0.186363174003483
Pseudodiploria176923,-1.63057520749738
Pseudodiploria176926,0.0763186429461024
Pseudodiploria176928,-1.0394050217708
Pseudodiploria176930,0.294721423408734
Pseudodiploria176931,0.0121499497015111
Pseudodiploria176940,-0.718842040539043
Pseudodiploria176941,0.409082318823366
Pseudodiploria176944,-0.141203320380932
Pseudodiploria176945,0.661362008491863
Pseudodiploria176951,-1.07110366350158
Pseudodiploria176952,-0.848678680921036
Pseudodiploria176954,-0.0494236739548395
Pseudodiploria176957,0.685049412515991
Pseudodiploria176959,-0.163088174573596
Pseudodiploria176965,-0.868008171952775
Pseudodiploria176967,0.20420228979714
Pseudodiploria176969,-1.42081090604521
Pseudodiploria176970,0.598903576030093
Pseudodiploria176973,-0.435070016482529
Pseudodiploria176977,0.450092273350502
Pseudodiploria176978,0.114404107789165
Pseudodiploria176979,-0.193020128622834
Pseudodiploria176981,-0.421601142076026
Pseudodiploria176982,0.256529837675838
Pseudodiploria176983,0.41489405179501
Pseudodiploria176988,-1.08502657588361
Pseudodiploria176990,-0.611335987676905
Pseudodiploria177009,0.0770812818303953
Pseudodiploria177011,-0.0483839297131863
Pseudodiploria177012,0.140193613247799
Pseudodiploria177014,-1.12562989053035
Pseudodiploria177015,-0.723509613361924
Pseudodiploria177016,0.237259590713449
Pseudodiploria177017,-0.913617450296327
Pseudodiploria177021,-0.337378746714642
Pseudodiploria177022,0.0696120017497717
Pseudodiploria177026,-0.394594695265319
Pseudodiploria177044,0.131332185858451
Pseudodiploria177047,-0.85438661546981
Pseudodiploria177051,0.645702915657879
Pseudodiploria177060,-0.456343307965225
Pseudodiploria177062,-0.383318430699584
Pseudodiploria177067,-0.199636661595383
Pseudodiploria177076,0.191660549057364
Pseudodiploria177094,-0.883381384497475
Pseudodiploria177101,-0.478368783643021
Pseudodiploria177102,0.243066993332053
Pseudodiploria177105,-0.169112950329497
Pseudodiploria177107,-0.567225048502871
Pseudodiploria177110,-0.493837344217416
Pseudodiploria177111,-0.219121868773626
Pseudodiploria177113,0.0809599413555549
Pseudodiploria177114,-0.251118553379093
Pseudodiploria177116,-0.0189566780322468
Pseudodiploria177117,-1.48497283273207
Pseudodiploria177118,0.606852544398832
Pseudodiploria177119,1.20217388063009
Pseudodiploria177132,0.124409945095748
Pseudodiploria177134,0.307389545143296
Pseudodiploria177141,0.197775133752019
Pseudodiploria177144,0.0186733241236142
Pseudodiploria177146,-1.18605041214152
Pseudodiploria177148,-0.102890856443664
Pseudodiploria177151,-1.20002042172463
Pseudodiploria177152,-0.576794272624188
Pseudodiploria177153,2.20044162705991
Pseudodiploria177164,-0.622855052539073
Pseudodiploria177167,-0.991473771528231
Pseudodiploria177173,-0.46413410220943
Pseudodiploria177177,-0.758769462877673
Pseudodiploria177178,-0.446131063742904
Pseudodiploria177185,0.293653799838235
Pseudodiploria177189,0.354893178805378
Pseudodiploria177193,-0.265899644862216
Pseudodiploria177195,-0.127197848501599
Pseudodiploria177199,-0.338652882689516
Pseudodiploria177202,-0.496132690029456
Pseudodiploria177205,-0.773695139880941
Pseudodiploria177206,-0.304809060912967
Pseudodiploria177215,0.24033787606331
Pseudodiploria177217,-0.563080532489316
Pseudodiploria177222,-1.79811806723021
Pseudodiploria177223,-1.18414465028234
Pseudodiploria177224,-0.564372723324387
Pseudodiploria177226,-0.527027018789062
Pseudodiploria177233,0.755224080956965
Pseudodiploria177234,-0.247800255866079
Pseudodiploria177240,-0.108142111426435
Pseudodiploria177251,-0.0361832414568071
Pseudodiploria177252,0.141779093600746
Pseudodiploria177259,0.344837023209045
Pseudodiploria177262,-0.854356248338504
Pseudodiploria177267,-0.194407456677774
Pseudodiploria177269,0.494732902071104
Pseudodiploria177276,-0.278478390876655
Pseudodiploria177277,-0.0418286602231002
Pseudodiploria177282,0.317279592460904
Pseudodiploria177287,-1.13929287812084
Pseudodiploria177290,-0.690163654145256
Pseudodiploria177291,-0.00234171726916101
Pseudodiploria177295,-0.226293664260605
Pseudodiploria177303,0.11466679105147
Pseudodiploria177309,-0.011293605072591
Pseudodiploria177316,-0.648155989293313
Pseudodiploria177317,-0.0947951297998665
Pseudodiploria177323,-0.116314694594696
Pseudodiploria177328,-0.0955610722853556
Pseudodiploria177333,-0.639933140880471
Pseudodiploria177349,0.14084751383352
Pseudodiploria177352,-0.200405021003441
Pseudodiploria177353,-0.351844956612021
Pseudodiploria177360,-0.189466813179681
Pseudodiploria177361,-0.659862979867646
Pseudodiploria177367,-0.585458507477465
Pseudodiploria177368,-0.554090159923042
Pseudodiploria177374,-0.27993052758841
Pseudodiploria177376,0.0652306760656604
Pseudodiploria177377,1.67333083328496
Pseudodiploria177378,0.809617639532882
Pseudodiploria177380,-0.281754095544514
Pseudodiploria177384,-0.922886959775504
Pseudodiploria177388,0.107843370481507
Pseudodiploria177393,0.520731633277894
Pseudodiploria177395,0.179771892147746
Pseudodiploria177399,0.0141061096490942
Pseudodiploria177402,0.742808327596002
Pseudodiploria177407,-0.692266807495346
Pseudodiploria177409,0.521634787518583
Pseudodiploria177411,1.09782631408416
Pseudodiploria177414,0.851012416400887
Pseudodiploria177417,-0.731372877657608
Pseudodiploria177422,-0.450059165742211
Pseudodiploria177424,0.16028634013945
Pseudodiploria177425,-0.04924454488359
Pseudodiploria177427,1.25493773378289
Pseudodiploria177428,-0.418096196874625
Pseudodiploria177429,0.0712718322139927
Pseudodiploria177430,-0.52641549196797
Pseudodiploria177433,0.541230606370735
Pseudodiploria177434,-0.0346653352911041
Pseudodiploria177435,0.387337543424577
Pseudodiploria177443,0.299765569033143
Pseudodiploria177449,-0.567436175654052
Pseudodiploria177455,-0.103806095601691
Pseudodiploria177456,-0.267615767012715
Pseudodiploria177457,0.252293278181849
Pseudodiploria177463,0.952179452618856
Pseudodiploria177464,0.0298547666973663
Pseudodiploria177467,-0.835264389972438
Pseudodiploria177471,-0.0899519841735361
Pseudodiploria177474,-0.571624201618829
Pseudodiploria177475,-0.156084216992404
Pseudodiploria177479,-0.0242566287401953
Pseudodiploria177482,0.387743675816611
Pseudodiploria177488,-0.0950570632900476
Pseudodiploria177489,-0.692506287668091
Pseudodiploria177491,0.431381215272131
Pseudodiploria177492,-0.217481412189538
Pseudodiploria177494,-0.548222671111991
Pseudodiploria177495,-0.284365419923592
Pseudodiploria177499,0.243966378574957
Pseudodiploria177502,-0.047666202053538
Pseudodiploria177503,0.0658302870950961
Pseudodiploria177504,-0.530954952395495
Pseudodiploria177509,-0.578741837326678
Pseudodiploria177510,0.158904512376011
Pseudodiploria177511,0.0183146701215853
Pseudodiploria177513,0.711727404009185
Pseudodiploria177516,-0.326459854608916
Pseudodiploria177520,0.0432890178905746
Pseudodiploria177522,-0.756535824606191
Pseudodiploria177525,0.538271587792407
Pseudodiploria177526,0.0193187480369229
Pseudodiploria177528,-1.71573760602574
Pseudodiploria177533,-0.125051637978267
Pseudodiploria177536,0.0884219788938644
Pseudodiploria177538,0.0023814999544258
Pseudodiploria177541,0.450703215320963
Pseudodiploria177548,-0.0252007792115895
Pseudodiploria177552,0.291375748291216
Pseudodiploria177556,0.176562135092362
Pseudodiploria177558,0.275546911234148
Pseudodiploria177561,0.088173386682556
Pseudodiploria177562,0.391151116886963
Pseudodiploria177564,-1.35929612028371
Pseudodiploria177571,0.314910286920325
Pseudodiploria177577,0.452308086264075
Pseudodiploria177579,0.407718675244036
Pseudodiploria177581,-0.195935836467569
Pseudodiploria177588,-0.798032633674659
Pseudodiploria177591,0.115241387103856
Pseudodiploria177594,0.727133017561347
Pseudodiploria177596,-0.462282212401244
Pseudodiploria177600,0.0418436437848984
Pseudodiploria177603,-0.129648291124619
Pseudodiploria177604,0.68574564552393
Pseudodiploria177605,-0.243726813695696
Pseudodiploria177613,0.366956254388601
Pseudodiploria177615,-0.220555787595308
Pseudodiploria177616,0.153631974602314
Pseudodiploria177619,0.475478539435202
Pseudodiploria177623,-0.484779948794485
Pseudodiploria177628,-0.335575957332174
Pseudodiploria177629,0.0906498245912418
Pseudodiploria177640,0.242158342353793
Pseudodiploria177641,-0.221345129199912
Pseudodiploria177643,0.731984637413288
Pseudodiploria177645,-0.315895785027851
Pseudodiploria177649,0.00156828881413533
Pseudodiploria177653,0.0820676649077444
Pseudodiploria177664,0.151717998914622
Pseudodiploria177681,-0.285852881555073
Pseudodiploria177693,0.341486048551077
Pseudodiploria177694,0.441757758939066
Pseudodiploria177696,-0.732951473843974
Pseudodiploria177700,-0.13860353809092
Pseudodiploria177701,-0.626664207073183
Pseudodiploria177706,-0.22374063160241
Pseudodiploria177707,-0.0732660314016545
Pseudodiploria177715,0.0590901969273059
Pseudodiploria177718,-0.693772525588633
Pseudodiploria177721,-0.193697341462573
Pseudodiploria177724,0.706501505836689
Pseudodiploria177725,0.362213374120169
Pseudodiploria177730,-0.352075853035308
Pseudodiploria177734,-0.119227467616367
Pseudodiploria177736,0.797262019308146
Pseudodiploria177739,-0.742260266444609
Pseudodiploria177741,0.397820920270093
Pseudodiploria177742,-0.338090962818366
Pseudodiploria177745,-0.187647783027327
Pseudodiploria177750,0.578535415089429
Pseudodiploria177751,0.382559847507729
Pseudodiploria177765,-0.26803129669525
Pseudodiploria177771,0.681774704784311
Pseudodiploria177773,0.885314183032963
Pseudodiploria177775,0.0821468305606634
Pseudodiploria177777,-0.0355479219276198
Pseudodiploria177780,1.80252583536963
Pseudodiploria177781,0.791127483783244
Pseudodiploria177783,0.273559293333157
Pseudodiploria177788,0.165939527856918
Pseudodiploria177790,-0.125891736543729
Pseudodiploria177792,-0.431323824969861
Pseudodiploria177794,1.97986244456408
Pseudodiploria177796,0.37893921659195
Pseudodiploria177798,-0.219469660072262
Pseudodiploria177806,-0.0648861280336845
Pseudodiploria177812,-0.573702701737293
Pseudodiploria177814,-0.353452873347514
Pseudodiploria177815,-0.193866710878947
Pseudodiploria177822,0.609129671287345
Pseudodiploria177825,1.27294831500548
Pseudodiploria177826,0.468253415931031
Pseudodiploria177830,0.442266977567722
Pseudodiploria177833,-0.618971951792871
Pseudodiploria177834,-0.372842046050742
Pseudodiploria177836,0.140584643136583
Pseudodiploria177839,-0.301294409827724
Pseudodiploria177842,-0.169240784100472
Pseudodiploria177844,0.170800275607143
Pseudodiploria177845,-1.35619626614161
Pseudodiploria177849,-0.354418520265786
Pseudodiploria177853,-0.717002412502837
Pseudodiploria177861,-0.455883946305587
Pseudodiploria177866,0.101717055899851
Pseudodiploria177877,0.526953397101032
Pseudodiploria177879,-0.0142338882568656
Pseudodiploria177880,-0.569117776712888
Pseudodiploria177887,-0.199487435950159
Pseudodiploria177889,-0.997929917477948
Pseudodiploria177895,0.251287306593169
Pseudodiploria177907,0.577964147400475
Pseudodiploria177910,-0.168994561884078
Pseudodiploria177912,0.0438706211551152
Pseudodiploria177914,-1.36729596696376
Pseudodiploria177916,-0.098214124534677
Pseudodiploria177917,0.0134743321131203
Pseudodiploria177918,0.0134384727088569
Pseudodiploria177919,-0.409389339532183
Pseudodiploria177921,-0.108970143942301
Pseudodiploria177924,0.165895627940085
Pseudodiploria177928,0.315671535599109
Pseudodiploria177932,0.319593201767859
Pseudodiploria177936,-0.963563793609514
Pseudodiploria177938,-0.0964792029773001
Pseudodiploria177942,-0.0094887835703176
Pseudodiploria177943,0.0101374881383617
Pseudodiploria177946,0.857856244089078
Pseudodiploria177952,0.0854055247535762
Pseudodiploria177956,0.441942953441617
Pseudodiploria177958,0.362845993952962
Pseudodiploria177963,0.127230906109411
Pseudodiploria177965,-0.72216742127581
Pseudodiploria177966,0.794752689960375
Pseudodiploria177969,-0.309256064283257
Pseudodiploria177970,-0.481236909171837
Pseudodiploria177973,-0.390344177633328
Pseudodiploria177974,-0.364441534655722
Pseudodiploria177976,-1.51362933326273
Pseudodiploria177979,-0.53692717226239
Pseudodiploria177983,0.0709040295718598
Pseudodiploria177985,-0.196346685137634
Pseudodiploria177986,-0.363145335044301
Pseudodiploria177987,-0.0289439024831805
Pseudodiploria177988,-0.488922008888792
Pseudodiploria177995,-0.0553827031585283
Pseudodiploria177996,0.00397146962546031
Pseudodiploria178003,0.245623682825459
Pseudodiploria178005,-0.0336903449795459
Pseudodiploria178009,-0.198437970860869
Pseudodiploria178011,-0.294158411789662
Pseudodiploria178012,-0.422548175286326
Pseudodiploria178016,0.155703125402564
Pseudodiploria178025,0.474339554488128
Pseudodiploria178026,-0.40403113840831
Pseudodiploria178030,0.984372954071511
Pseudodiploria178034,-0.267756804384812
Pseudodiploria178039,-0.273350420072909
Pseudodiploria178040,0.0657191944656336
Pseudodiploria178042,-0.140959761158162
Pseudodiploria178046,-0.371152395015652
Pseudodiploria178049,-0.509995019081634
Pseudodiploria178050,0.3910609200906
Pseudodiploria178054,0.584214152757338
Pseudodiploria178055,1.30599207420386
Pseudodiploria178058,-0.655007746949411
Pseudodiploria178061,0.554263596600031
Pseudodiploria178062,-0.0539659872058457
Pseudodiploria178069,-0.0446395163155585
Pseudodiploria178072,-0.686137234177707
Pseudodiploria178074,-0.601318616273465
Pseudodiploria178080,-0.137847016115034
Pseudodiploria178091,0.111251868371222
Pseudodiploria178092,-0.388983267194807
Pseudodiploria178093,0.648072379846854
Pseudodiploria178096,-0.441405176633258
Pseudodiploria178100,0.0653512455690232
Pseudodiploria178102,-0.0144511551664289
Pseudodiploria178110,-0.154934858518445
Pseudodiploria178112,-0.0648111336448954
Pseudodiploria178113,-0.138931477327055
Pseudodiploria178117,-0.0309663374942472
Pseudodiploria178119,0.500285828121402
Pseudodiploria178130,0.0716010783465495
Pseudodiploria178133,-0.179743459469334
Pseudodiploria178136,-1.3806083561446
Pseudodiploria178138,0.124598206383059
Pseudodiploria178142,0.547590562048066
Pseudodiploria178146,0.611952874876829
Pseudodiploria178147,-0.125462609960577
Pseudodiploria178149,-0.337781125327093
Pseudodiploria178150,-0.252951327076653
Pseudodiploria178151,0.109616620662637
Pseudodiploria178153,-0.291114093543772
Pseudodiploria178154,0.683202013196083
Pseudodiploria178155,-0.250224067285218
Pseudodiploria178159,-0.176038694645162
Pseudodiploria178160,0.0799225144455117
Pseudodiploria178162,0.616644937595224
Pseudodiploria178166,0.740582930819148
Pseudodiploria178170,0.241697027283007
Pseudodiploria178174,-1.64000863116755
Pseudodiploria178177,-0.202803644970683
Pseudodiploria178181,0.293906394367153
Pseudodiploria178184,0.0883455718624037
Pseudodiploria178185,0.539625599092996
Pseudodiploria178188,-0.397519103263413
Pseudodiploria178195,-0.200621257389051
Pseudodiploria178197,-0.471333660771034
Pseudodiploria178198,0.355975704949876
Pseudodiploria178199,0.197723129075835
Pseudodiploria178200,0.0417891731807741
Pseudodiploria178203,0.528607509150151
Pseudodiploria178205,-0.166232215405117
Pseudodiploria178209,1.04770954721186
Pseudodiploria178213,0.390287377615025
Pseudodiploria178214,1.08076712886487
Pseudodiploria178215,-0.536723113208526
Pseudodiploria178216,0.502593852679112
Pseudodiploria178223,-0.48527275075928
Pseudodiploria178229,-1.02603033718713
Pseudodiploria178231,0.0545636921658622
Pseudodiploria178236,-0.474870163367109
Pseudodiploria178240,-0.207095688474989
Pseudodiploria178243,0.14023084612709
Pseudodiploria178255,-0.286173776558512
Pseudodiploria178262,0.441729324852295
Pseudodiploria178265,0.0443579562374888
Pseudodiploria178269,0.811889596918222
Pseudodiploria178277,0.0224171225423431
Pseudodiploria178278,-0.396563786229824
Pseudodiploria178280,-1.45571097926922
Pseudodiploria178281,0.243589166026713
Pseudodiploria178282,0.369642878219141
Pseudodiploria178283,-0.0661224837667101
Pseudodiploria178287,0.293250942200358
Pseudodiploria178288,-0.867571704449578
Pseudodiploria178289,0.253546583999945
Pseudodiploria178292,0.384933832619305
Pseudodiploria178293,-0.698871748298116
Pseudodiploria178295,-0.607127278888569
Pseudodiploria178297,-0.124890910859191
Pseudodiploria178298,-0.857531023373523
Pseudodiploria178301,-0.167897348317385
Pseudodiploria178308,-0.181315963973049
Pseudodiploria178313,-0.0970766659443995
Pseudodiploria178314,0.0960656187668276
Pseudodiploria178316,-0.999003012313664
Pseudodiploria178317,0.972148889479007
Pseudodiploria178318,0.542840208506563
Pseudodiploria178319,-0.877732727024046
Pseudodiploria178323,0.58430826583725
Pseudodiploria178324,0.616693415664055
Pseudodiploria178325,0.100743924738346
Pseudodiploria178328,0.0765998544593333
Pseudodiploria178331,-0.193358779941242
Pseudodiploria178335,-0.141373696282327
Pseudodiploria178336,-0.251938793687077
Pseudodiploria178337,-0.214745383439753
Pseudodiploria178339,1.90425552914745
Pseudodiploria178342,-0.388925907608964
Pseudodiploria178343,0.359140233176209
Pseudodiploria178345,1.82242459999101
Pseudodiploria178346,0.244128123477868
Pseudodiploria178350,-0.160606333613774
Pseudodiploria178352,-0.387568472460697
Pseudodiploria178355,-0.653925207117207
Pseudodiploria178360,0.975336267752739
Pseudodiploria178363,-0.189636940737662
Pseudodiploria178366,0.382544908092451
Pseudodiploria178367,0.349370724374168
Pseudodiploria178368,-0.341378325765623
Pseudodiploria178376,-1.03223500829616
Pseudodiploria178383,0.253485619839754
Pseudodiploria178387,-0.0321551851710212
Pseudodiploria178388,-0.516761982839689
Pseudodiploria178394,-0.216702313060628
Pseudodiploria178396,0.19582992444706
Pseudodiploria178404,0.217356511633439
Pseudodiploria178408,-0.503549850028774
Pseudodiploria178409,-0.308539884773543
Pseudodiploria178410,0.545002152947735
Pseudodiploria178413,0.0368064245859623
Pseudodiploria178424,0.78423458733826
Pseudodiploria178427,0.153748540748548
Pseudodiploria178429,0.196134973545162
Pseudodiploria178430,-0.166947600533887
Pseudodiploria178437,-0.343198560470792
Pseudodiploria178440,-0.0178506574838234
Pseudodiploria178443,0.00166287014105943
Pseudodiploria178444,0.19276118435106
Pseudodiploria178450,0.594530786575982
Pseudodiploria178452,0.0618496040919211
Pseudodiploria178460,-0.41911132696795
Pseudodiploria178463,-0.798469299108417
Pseudodiploria178465,-0.368400969508151
Pseudodiploria178470,-0.0957642720801341
Pseudodiploria178472,0.165384509657373
Pseudodiploria178473,-0.840346383998257
Pseudodiploria178474,0.250466907280047
Pseudodiploria178477,-0.693546400239035
Pseudodiploria178478,-0.298804678020311
Pseudodiploria178481,-3.55696724690208
Pseudodiploria178485,0.749510675461837
Pseudodiploria178488,-0.784219786980402
Pseudodiploria178494,0.369938310909098
Pseudodiploria178500,-0.400539783393078
Pseudodiploria178509,-0.204756028120522
Pseudodiploria178510,-1.37355766047458
Pseudodiploria178511,-0.101425929166867
Pseudodiploria178516,-1.09932986170264
Pseudodiploria178520,-0.369498648035536
Pseudodiploria178522,-0.818313141404232
Pseudodiploria178525,0.441187786077888
Pseudodiploria178535,0.0444587396230307
Pseudodiploria178536,-0.299720152503162
Pseudodiploria178540,0.330506134532333
Pseudodiploria178546,0.234785343574385
Pseudodiploria178547,0.429954294449495
Pseudodiploria178548,0.498437589977661
Pseudodiploria178555,0.00959207279403508
Pseudodiploria178556,0.748076235442082
Pseudodiploria178559,-0.173197087383504
Pseudodiploria178560,-0.927416931230038
Pseudodiploria178561,0.117092065479451
Pseudodiploria178565,-0.116517581591095
Pseudodiploria178572,0.413150472417916
Pseudodiploria178573,-0.0977947521334415
Pseudodiploria178577,-0.00269528749134509
Pseudodiploria178580,0.195667568540805
Pseudodiploria178582,0.16408153335646
Pseudodiploria178585,0.15014647226974
Pseudodiploria178589,0.0637944104663876
Pseudodiploria178597,0.215880338414319
Pseudodiploria178598,0.0161049141955466
Pseudodiploria178601,-0.0938221411206834
Pseudodiploria178602,-0.0131114578636989
Pseudodiploria178608,-0.212178711432543
Pseudodiploria178612,0.0576059798385332
Pseudodiploria178616,0.210249888341524
Pseudodiploria178621,0.0428490472797996
Pseudodiploria178632,-0.439939417955244
Pseudodiploria178634,0.454115577973738
Pseudodiploria178636,0.0871991778456807
Pseudodiploria178637,-0.490521378623856
Pseudodiploria178646,-0.158570612175348
Pseudodiploria178650,0.350005403289802
Pseudodiploria178652,-0.21800941411087
Pseudodiploria178653,-0.221721557379406
Pseudodiploria178655,-0.00376827863800062
Pseudodiploria178664,0.430904023644623
Pseudodiploria178669,0.814447339584092
Pseudodiploria178673,-0.258227466889338
Pseudodiploria178674,-0.126032182477935
Pseudodiploria178676,0.438831373201673
Pseudodiploria178679,0.445583500657598
Pseudodiploria178683,-0.543067203147856
Pseudodiploria178685,0.537970000653332
Pseudodiploria178689,0.150244309410273
Pseudodiploria178692,-0.836730530801052
Pseudodiploria178698,-0.228946210322704
Pseudodiploria178709,0.13743444460445
Pseudodiploria178716,1.6147843597281
Pseudodiploria178724,0.219097396625612
Pseudodiploria178729,1.11214180093758
Pseudodiploria178731,-1.18808186407573
Pseudodiploria178732,-1.00916726634359
Pseudodiploria178742,-0.617878222348085
Pseudodiploria178743,0.930507103373825
Pseudodiploria178745,-0.104819050280985
Pseudodiploria178746,-0.704922721408572
Pseudodiploria178748,-0.141114377387904
Pseudodiploria178757,0.159173958778368
Pseudodiploria178759,1.03433970741034
Pseudodiploria178760,0.2946924045279
Pseudodiploria178761,1.14356064739515
Pseudodiploria178765,0.0754827608790351
Pseudodiploria178778,-0.470977557274558
Pseudodiploria178779,-0.12931708569108
Pseudodiploria178781,0.0644269295974902
Pseudodiploria178783,0.479803076529048
Pseudodiploria178788,-0.854633258321357
Pseudodiploria178789,-0.615583042430772
Pseudodiploria178792,-0.0337656782550207
Pseudodiploria178796,0.470631794573638
Pseudodiploria178801,-0.68832586157803
Pseudodiploria178802,1.07200492824729
Pseudodiploria178804,-0.505615509920673
Pseudodiploria178806,0.870824523173277
Pseudodiploria178813,0.531809413179593
Pseudodiploria178814,-0.744739967959882
Pseudodiploria178818,-0.0436313209806536
Pseudodiploria178819,0.374811313245185
Pseudodiploria178823,-0.658227871480133
Pseudodiploria178830,0.466283039360011
Pseudodiploria178831,1.06888325500224
Pseudodiploria178832,0.0507300974717235
Pseudodiploria178835,0.159364630553926
Pseudodiploria178836,-0.94125516086668
Pseudodiploria178837,-1.60833603814465
Pseudodiploria178840,0.746136669125854
Pseudodiploria178854,-0.663587367576727
Pseudodiploria178857,0.0536803087848082
Pseudodiploria178858,0.0323911497285914
Pseudodiploria178859,-0.773489229177788
Pseudodiploria178862,-0.459669231450332
Pseudodiploria178865,-0.264071929352252
Pseudodiploria178866,-0.594562959345545
Pseudodiploria178868,-0.50909805215641
Pseudodiploria178872,-0.193780343181281
Pseudodiploria178876,-0.146887075282456
Pseudodiploria178877,-0.371957104133866
Pseudodiploria178879,0.584053408331167
Pseudodiploria178887,-0.557299145940742
Pseudodiploria178891,0.386546358820528
Pseudodiploria178896,-0.496060471955161
Pseudodiploria178904,0.185617661055868
Pseudodiploria178905,0.363631252602753
Pseudodiploria178906,-0.0147259540201262
Pseudodiploria178907,-0.646192341529012
Pseudodiploria178910,-0.189764734817379
Pseudodiploria178916,-0.0891912619887473
Pseudodiploria178922,0.0177660149821849
Pseudodiploria178924,0.375999568336682
Pseudodiploria178928,-0.336613998413981
Pseudodiploria178940,0.143284942861905
Pseudodiploria178945,0.309218198820154
Pseudodiploria178946,-0.250584321475275
Pseudodiploria178954,0.463619465152421
Pseudodiploria178955,-0.979608355042274
Pseudodiploria178966,0.17270253827949
Pseudodiploria178967,0.0907017397046858
Pseudodiploria178969,-0.159648626981953
Pseudodiploria178970,-0.312017846532198
Pseudodiploria178973,0.437742367121599
Pseudodiploria178974,-0.402422868820553
Pseudodiploria178979,-1.03538932827179
Pseudodiploria178986,-0.114062131547589
Pseudodiploria178987,-0.253442418303033
Pseudodiploria178989,0.0152449206336218
Pseudodiploria179000,0.187019405061228
Pseudodiploria179001,-0.854660111102398
Pseudodiploria179002,-0.109413671916024
Pseudodiploria179003,-0.302691622543237
Pseudodiploria179007,0.10556000240325
Pseudodiploria179008,0.110921228143793
Pseudodiploria179009,-0.0643936800651194
Pseudodiploria179018,-0.413902372516821
Pseudodiploria179021,0.0219106266536917
Pseudodiploria179024,-0.357058153887596
Pseudodiploria179034,-0.136073030828844
Pseudodiploria179041,-0.761754693217938
Pseudodiploria179042,0.0565743447166422
Pseudodiploria179046,-0.333438768793651
Pseudodiploria179051,-0.332628879867851
Pseudodiploria179056,0.13681826957367
Pseudodiploria179065,0.418479054909006
Pseudodiploria179067,-0.271830470996103
Pseudodiploria179070,0.656111350123972
Pseudodiploria179072,0.0231152973236094
Pseudodiploria179077,0.0524856199869181
Pseudodiploria179082,0.259885879744715
Pseudodiploria179084,0.0854622536971325
Pseudodiploria179086,1.1869740863252
Pseudodiploria179089,-1.50603033353499
Pseudodiploria179090,-0.362393772296318
Pseudodiploria179091,-0.323907300601269
Pseudodiploria179092,0.465968056134337
Pseudodiploria179093,0.165561592913118
Pseudodiploria179101,-0.245728329097756
Pseudodiploria179103,-0.605941376906025
Pseudodiploria179108,-0.372410958229786
Pseudodiploria179109,-1.08750708114453
Pseudodiploria179112,-0.268301380248453
Pseudodiploria179118,-0.95709427595903
Pseudodiploria179119,-0.145152980070989
Pseudodiploria179128,0.181499813086609
Pseudodiploria179131,0.522179370306086
Pseudodiploria179133,0.745317977245903
Pseudodiploria179136,0.0106483824101594
Pseudodiploria179137,0.0762925432699564
Pseudodiploria179146,-0.536890799494196
Pseudodiploria179152,-0.24204665374927
Pseudodiploria179154,-0.189137990907289
Pseudodiploria179156,-0.0940992869167138
Pseudodiploria179157,0.324796696879941
Pseudodiploria179158,-0.130897978309812
Pseudodiploria179159,-0.276537753633902
Pseudodiploria179161,-0.197297417470511
Pseudodiploria179162,0.0734687173853186
Pseudodiploria179165,0.316139834500036
Pseudodiploria179167,-0.287115957180273
Pseudodiploria179168,-0.887462564606566
Pseudodiploria179172,0.501806135771826
Pseudodiploria179178,-0.174811228172174
Pseudodiploria179185,0.36349105848275
Pseudodiploria179187,-2.32396090749602
Pseudodiploria179202,0.155676996742566
Pseudodiploria179209,-1.76368976140424
Pseudodiploria179211,-0.0704106762748431
Pseudodiploria179213,-0.314773430494221
Pseudodiploria179223,-0.353317867056284
Pseudodiploria179229,0.302312988347247
Pseudodiploria17923,1.32570644316177
Pseudodiploria179234,1.42624046502841
Pseudodiploria179235,0.410090631756074
Pseudodiploria179236,0.163441849861906
Pseudodiploria179237,-0.13923256108646
Pseudodiploria179247,-0.125157340533289
Pseudodiploria179248,0.23034538324451
Pseudodiploria179251,-0.0791609214948367
Pseudodiploria179252,-0.583315240857987
Pseudodiploria179257,-0.383413123101526
Pseudodiploria179263,-0.00200352439901271
Pseudodiploria179264,0.144247457312482
Pseudodiploria179275,1.19388297874864
Pseudodiploria179278,0.434370196636772
Pseudodiploria179279,-0.127476094536869
Pseudodiploria179280,-0.143178788758668
Pseudodiploria179283,-0.282655849956258
Pseudodiploria179284,0.95191282341624
Pseudodiploria179285,-0.50762005786356
Pseudodiploria179286,0.496412888103381
Pseudodiploria179287,0.549594814352057
Pseudodiploria179288,-0.431746442283631
Pseudodiploria179294,0.825273653038239
Pseudodiploria179295,0.833894667592893
Pseudodiploria179298,0.0312733440014214
Pseudodiploria179306,-0.0554564492758521
Pseudodiploria179309,0.345968673577334
Pseudodiploria179310,-0.163051373858041
Pseudodiploria179311,-0.468316700824256
Pseudodiploria179315,-0.0813937410650083
Pseudodiploria179316,-0.384118986633985
Pseudodiploria179317,-0.0303722285548335
Pseudodiploria179318,-0.0060321075713343
Pseudodiploria179320,0.902885214709705
Pseudodiploria179323,-0.717971635772909
Pseudodiploria179326,-0.50166913213003
Pseudodiploria179328,-0.0659104654447063
Pseudodiploria179330,-0.419911394303261
Pseudodiploria179335,1.44990884912398
Pseudodiploria179339,-0.202516319262059
Pseudodiploria179345,-0.954255678729566
Pseudodiploria179346,0.0851567535367415
Pseudodiploria179355,-0.328665838257549
Pseudodiploria179367,-0.0265652719562441
Pseudodiploria179373,-0.200107091153651
Pseudodiploria179378,-0.429046598373504
Pseudodiploria179380,-0.0213342214824358
Pseudodiploria179384,0.298481668835975
Pseudodiploria179386,-0.245254927854661
Pseudodiploria179391,0.119795625163749
Pseudodiploria179396,0.399284412256076
Pseudodiploria179398,0.467703922626637
Pseudodiploria179399,2.29467677612925
Pseudodiploria179402,-0.541172450533337
Pseudodiploria179406,-0.653867925578065
Pseudodiploria179407,0.227132516816153
Pseudodiploria179408,-0.742217930988567
Pseudodiploria179409,0.242454400045126
Pseudodiploria179410,-0.672510443875606
Pseudodiploria179412,-0.362477301388878
Pseudodiploria179414,1.37496327832744
Pseudodiploria179417,0.140162051107796
Pseudodiploria179418,-0.24145158470509
Pseudodiploria179420,-1.16275529234612
Pseudodiploria179421,0.18562057927739
Pseudodiploria179422,0.395758173510411
Pseudodiploria179425,0.243647185736691
Pseudodiploria179427,-0.958087383200656
Pseudodiploria179428,0.413228411713434
Pseudodiploria179429,0.0374612414445324
Pseudodiploria179432,1.41932936042259
Pseudodiploria179433,0.0767452987098934
Pseudodiploria179436,1.48028568938646
Pseudodiploria179438,0.117288258634808
Pseudodiploria179441,-0.0490008116479616
Pseudodiploria179442,-0.336047998413999
Pseudodiploria179456,0.724524208642891
Pseudodiploria179461,-0.304176623082974
Pseudodiploria179462,-0.333332508648853
Pseudodiploria179463,-0.258653892164668
Pseudodiploria179464,-0.262014790472092
Pseudodiploria179465,0.309080299839547
Pseudodiploria179466,-0.26522192443358
Pseudodiploria179468,-0.619664538266127
Pseudodiploria179472,-1.13256713863726
Pseudodiploria179473,0.237821429631607
Pseudodiploria179474,-0.0120738018024046
Pseudodiploria179475,-1.04725387366873
Pseudodiploria179476,-0.816880819882546
Pseudodiploria179478,-0.223356670687304
Pseudodiploria179480,0.0391801115548082
Pseudodiploria179486,0.0713603855945141
Pseudodiploria179487,-0.586574892408162
Pseudodiploria179493,0.540535607290179
Pseudodiploria179499,1.18329952477261
Pseudodiploria179505,-0.194182814298633
Pseudodiploria179509,0.596294038338094
Pseudodiploria179515,0.204197925673196
Pseudodiploria179519,-1.38802003873971
Pseudodiploria179523,-0.554046304404806
Pseudodiploria179530,0.7194206642689
Pseudodiploria179533,0.109464565834784
Pseudodiploria179538,-0.178770523848492
Pseudodiploria179539,0.49043040343514
Pseudodiploria179540,-0.326777919475772
Pseudodiploria179542,-0.0771213942151381
Pseudodiploria179543,0.336570154038033
Pseudodiploria179544,-0.02894706896977
Pseudodiploria179546,-0.174724772242147
Pseudodiploria179549,-0.225967083017707
Pseudodiploria179551,-0.876475791260586
Pseudodiploria179553,0.205691541258183
Pseudodiploria179554,0.63304208101948
Pseudodiploria179556,0.622963141303629
Pseudodiploria179561,0.254988222929638
Pseudodiploria179564,-0.341324148272007
Pseudodiploria179565,-0.0711723767398983
Pseudodiploria179578,-1.14824265753755
Pseudodiploria179579,-0.928678105469825
Pseudodiploria179582,-0.575209357751827
Pseudodiploria179586,0.12270347791112
Pseudodiploria179590,-0.0159751017289029
Pseudodiploria179591,0.767289026862154
Pseudodiploria179592,0.180060820738385
Pseudodiploria179594,1.11461690458584
Pseudodiploria179598,-0.334313274947345
Pseudodiploria179600,-0.0101084197324621
Pseudodiploria179609,-0.253286438982221
Pseudodiploria179610,-0.184276376273221
Pseudodiploria179611,0.449141864126642
Pseudodiploria179618,-0.419734395836001
Pseudodiploria179623,-0.0348202839865612
Pseudodiploria179625,0.54799753780239
Pseudodiploria179627,-0.347963501095122
Pseudodiploria179632,0.924226811859029
Pseudodiploria179639,-0.657656363526709
Pseudodiploria179640,0.550717114729547
Pseudodiploria179642,-0.56365073189
Pseudodiploria179646,-0.503516187933728
Pseudodiploria179647,0.0700089394712031
Pseudodiploria17965,-0.200187507652158
Pseudodiploria179658,-0.173776881636411
Pseudodiploria179660,-0.1216110898094
Pseudodiploria179661,-1.62018762207724
Pseudodiploria179665,-0.506413374452031
Pseudodiploria179674,-1.16749150636709
Pseudodiploria179678,-0.226015758941362
Pseudodiploria179680,-0.0590237056131252
Pseudodiploria179684,-0.342349859572229
Pseudodiploria179689,-0.903308425606167
Pseudodiploria179693,0.238404821222133
Pseudodiploria179694,-0.341859514318285
Pseudodiploria179698,-0.185981511467044
Pseudodiploria179702,0.603545515211764
Pseudodiploria179703,-0.390960437125461
Pseudodiploria179705,-0.493337638969538
Pseudodiploria179708,0.729879791401974
Pseudodiploria179711,0.185026530807608
Pseudodiploria179712,-0.086964806126708
Pseudodiploria179715,-0.368346422255703
Pseudodiploria179722,-0.0950068385167289
Pseudodiploria179725,0.0998392357607663
Pseudodiploria179727,0.654684300582426
Pseudodiploria179728,-0.87560403788624
Pseudodiploria179734,0.206516650098425
Pseudodiploria179737,0.455555148261632
Pseudodiploria179738,0.463852572558205
Pseudodiploria179748,-0.343157254173137
Pseudodiploria179749,0.18971716015856
Pseudodiploria179750,0.397262128587498
Pseudodiploria179751,-0.00598268979716189
Pseudodiploria179752,-0.0708219641971081
Pseudodiploria179755,0.570041387334953
Pseudodiploria179756,-0.651750934291574
Pseudodiploria179763,0.253456334145847
Pseudodiploria179766,-0.163956970801405
Pseudodiploria179767,-1.42490326254537
Pseudodiploria179769,-0.633882755456845
Pseudodiploria179770,0.12002729193184
Pseudodiploria179772,-0.0202919080585294
Pseudodiploria179776,-0.412826785116628
Pseudodiploria179777,0.405608798075836
Pseudodiploria179780,0.666614889276948
Pseudodiploria179783,-0.940945148547983
Pseudodiploria179784,0.229922442414787
Pseudodiploria179786,0.029543938080021
Pseudodiploria179787,-0.897453710668007
Pseudodiploria179788,-0.294445058051677
Pseudodiploria179792,-0.0129506807620053
Pseudodiploria179795,0.061255719771736
Pseudodiploria179799,-0.550065996977821
Pseudodiploria179800,0.141558291314743
Pseudodiploria179802,0.240088388462927
Pseudodiploria179803,0.970029963448136
Pseudodiploria179805,0.0821135237035037
Pseudodiploria179806,0.254973556840068
Pseudodiploria179821,-0.0329380171046464
Pseudodiploria179823,-0.214941976167621
Pseudodiploria179828,0.0354256008619474
Pseudodiploria179830,0.503066761862687
Pseudodiploria179831,-0.334332759145329
Pseudodiploria179832,-0.274198569129709
Pseudodiploria179835,-0.176164449156157
Pseudodiploria179837,-0.168302540888471
Pseudodiploria179838,-0.0228805005720205
Pseudodiploria179839,-0.555973986940272
Pseudodiploria179840,0.639497814103848
Pseudodiploria179842,-0.552226343142603
Pseudodiploria179843,-0.252419166889681
Pseudodiploria179848,-0.881470224681346
Pseudodiploria179849,-0.335961031359925
Pseudodiploria179851,-0.176139924777559
Pseudodiploria179853,0.529549817941231
Pseudodiploria179854,-0.0780612176739035
Pseudodiploria179856,0.0329666864585089
Pseudodiploria179857,-0.200147212236466
Pseudodiploria179861,-0.602810501387103
Pseudodiploria179862,0.787528443171129
Pseudodiploria179866,1.16102197312644
Pseudodiploria179868,1.0030823656787
Pseudodiploria179869,-0.414897128302003
Pseudodiploria179871,-0.0504283205639045
Pseudodiploria179875,-0.218002187649095
Pseudodiploria179876,0.251163272493762
Pseudodiploria179877,-0.389304477966516
Pseudodiploria179881,0.112996796280434
Pseudodiploria179883,-0.495094767778192
Pseudodiploria179888,-0.391743673390215
Pseudodiploria179892,-0.424526121357193
Pseudodiploria179897,0.32595071775797
Pseudodiploria179899,-0.252667958066791
Pseudodiploria179900,0.87927330056955
Pseudodiploria179906,1.12435765732346
Pseudodiploria179909,0.317982816573502
Pseudodiploria179911,0.274949959534329
Pseudodiploria179913,0.970809028112112
Pseudodiploria179918,-0.706036841050393
Pseudodiploria179921,-0.192000637282853
Pseudodiploria179927,0.108658637629003
Pseudodiploria179928,0.304031831922995
Pseudodiploria179929,0.0347117625255866
Pseudodiploria179931,0.607294089913217
Pseudodiploria179936,-0.529645362501499
Pseudodiploria179941,0.19712551785809
Pseudodiploria179942,0.369041487323988
Pseudodiploria179944,0.0936802182705925
Pseudodiploria179949,-1.52148373917766
Pseudodiploria179958,-0.257245245633026
Pseudodiploria179963,-0.310512978758195
Pseudodiploria179965,-0.112457836142272
Pseudodiploria179970,0.112671602468976
Pseudodiploria179971,-0.118686034024188
Pseudodiploria179972,-0.0358396447190601
Pseudodiploria179974,-0.389664384220492
Pseudodiploria179975,-0.677763716695334
Pseudodiploria179981,0.556510786870555
Pseudodiploria179982,0.491431617610919
Pseudodiploria179983,0.717508377103843
Pseudodiploria179984,1.30237061879208
Pseudodiploria179985,0.408853632790769
Pseudodiploria179989,-0.0832670847179511
Pseudodiploria179992,0.268646839778817
Pseudodiploria180000,0.00142142937408068
Pseudodiploria180002,-0.00225398383631632
Pseudodiploria180006,0.143404096049656
Pseudodiploria180019,0.0633228622906188
Pseudodiploria180020,0.87773950658423
Pseudodiploria180023,-1.15102189498375
Pseudodiploria180028,0.633877046425877
Pseudodiploria180037,0.618952022901339
Pseudodiploria180038,0.201854410312436
Pseudodiploria180042,0.10104585291893
Pseudodiploria180043,0.0168929837138727
Pseudodiploria180044,1.19470106533048
Pseudodiploria180048,0.270380520475975
Pseudodiploria180052,1.19951440304242
Pseudodiploria180053,0.738238613007989
Pseudodiploria180054,-0.562588366253018
Pseudodiploria180056,-0.00208343300659486
Pseudodiploria180058,0.45422956854071
Pseudodiploria180059,0.170984367947299
Pseudodiploria180060,0.482423444452115
Pseudodiploria180065,0.0225745802523734
Pseudodiploria180066,-0.193010891831413
Pseudodiploria180067,-0.230207842499995
Pseudodiploria180069,0.544302965949716
Pseudodiploria180072,-0.825849173988955
Pseudodiploria180076,-0.345551172649608
Pseudodiploria180081,1.4658576918083
Pseudodiploria180082,-0.229891126111329
Pseudodiploria180084,0.196672697771554
Pseudodiploria180086,0.140400138887994
Pseudodiploria180087,-0.341108472961774
Pseudodiploria180091,0.158521131658584
Pseudodiploria180098,-0.0413157875287821
Pseudodiploria180099,0.656790621127627
Pseudodiploria180103,-0.106378066227399
Pseudodiploria180107,-0.603745234268486
Pseudodiploria180111,-0.16038551971211
Pseudodiploria180113,1.15385515667928
Pseudodiploria180114,0.570512024506851
Pseudodiploria180116,-0.609411506747017
Pseudodiploria180117,0.00754878795218785
Pseudodiploria180123,1.40636504309922
Pseudodiploria180126,-0.394086740313227
Pseudodiploria180127,-0.0964505145364428
Pseudodiploria180129,-2.92002665864933
Pseudodiploria180133,-0.369794218343383
Pseudodiploria180135,-0.378278414525682
Pseudodiploria180142,0.533657761417151
Pseudodiploria180144,-0.663440158177411
Pseudodiploria180147,0.0258063948007745
Pseudodiploria180148,-0.643566068014093
Pseudodiploria180149,0.732957420256114
Pseudodiploria180156,0.0376350791574947
Pseudodiploria180160,0.0313324829780439
Pseudodiploria180162,1.37747430285292
Pseudodiploria180163,0.0765138792790319
Pseudodiploria180164,-0.00404536808807055
Pseudodiploria180166,-0.697869870019182
Pseudodiploria180169,0.134233987925558
Pseudodiploria180170,-0.282438967534588
Pseudodiploria180171,0.0592793253723862
Pseudodiploria180172,1.41700629388909
Pseudodiploria180176,-1.19219028286274
Pseudodiploria180180,0.339051482459277
Pseudodiploria180181,0.475510593297651
Pseudodiploria180182,0.555269052887959
Pseudodiploria180183,-0.113013503504957
Pseudodiploria180185,0.0978189256909008
Pseudodiploria180187,0.19534561093712
Pseudodiploria180191,-0.0124525613070594
Pseudodiploria180194,0.246973539908497
Pseudodiploria180195,0.587809923900112
Pseudodiploria180199,-0.364655619044823
Pseudodiploria180201,0.180142033501165
Pseudodiploria180205,0.175839030469916
Pseudodiploria180213,0.0434293258087258
Pseudodiploria180222,0.128868470845413
Pseudodiploria180223,-0.0785151761457596
Pseudodiploria180224,-0.0263128410555119
Pseudodiploria180226,0.374208498227887
Pseudodiploria180228,-0.56677425382594
Pseudodiploria180236,0.106152259862815
Pseudodiploria180239,-0.499917088439808
Pseudodiploria180245,-0.0535170639385736
Pseudodiploria180246,-0.612234526727712
Pseudodiploria180252,0.775920586117986
Pseudodiploria180254,0.104955151097166
Pseudodiploria180255,-0.402618805709029
Pseudodiploria180257,0.450228993707196
Pseudodiploria180258,0.141476848383004
Pseudodiploria180271,0.287312573935805
Pseudodiploria180276,1.41448052275506
Pseudodiploria180282,-0.557678853523033
Pseudodiploria180286,0.00431076273110032
Pseudodiploria180287,-0.269800471306991
Pseudodiploria180288,-0.563536098439193
Pseudodiploria180293,-0.138103265332439
Pseudodiploria180295,0.135225486830924
Pseudodiploria180296,0.395746047549236
Pseudodiploria180305,0.0331051472127894
Pseudodiploria180306,-0.49937630071167
Pseudodiploria180310,-0.302782891772386
Pseudodiploria180315,-0.587222220852802
Pseudodiploria180317,0.244267862184131
Pseudodiploria180322,-0.818180314408171
Pseudodiploria180325,0.761147298144697
Pseudodiploria180328,0.184778819599957
Pseudodiploria180332,-0.392827981715814
Pseudodiploria180334,0.882154164750362
Pseudodiploria180335,-0.537142615584449
Pseudodiploria180336,-0.0657457762767274
Pseudodiploria180337,-0.476354761099376
Pseudodiploria180340,-0.233530323437529
Pseudodiploria180342,0.271962117805624
Pseudodiploria180344,0.60995140517762
Pseudodiploria180345,-0.326676626781621
Pseudodiploria180349,1.76145811373152
Pseudodiploria180350,-0.320027853235875
Pseudodiploria180351,0.481167708637369
Pseudodiploria180353,-0.546921396649925
Pseudodiploria180354,0.549211036509673
Pseudodiploria180370,-0.316532479664723
Pseudodiploria180371,-0.0227244712578152
Pseudodiploria180374,-0.168357711713246
Pseudodiploria180378,-0.105961309748263
Pseudodiploria180379,0.239452161677702
Pseudodiploria180380,-0.30335400044382
Pseudodiploria180382,0.112462312102196
Pseudodiploria180383,0.0275281295604411
Pseudodiploria180385,-0.0897038647906721
Pseudodiploria180386,0.492641616888505
Pseudodiploria180392,-0.716807759618115
Pseudodiploria180393,0.1880678030409
Pseudodiploria180395,-1.12436885232157
Pseudodiploria180397,0.645120983340679
Pseudodiploria180402,0.00208903591020866
Pseudodiploria180403,0.313837056407513
Pseudodiploria180405,0.164954036415155
Pseudodiploria180410,0.749212718234767
Pseudodiploria180416,-0.852124716286262
Pseudodiploria180418,0.179952448499813
Pseudodiploria180421,0.337017677285037
Pseudodiploria180422,-0.927303820621179
Pseudodiploria180423,-0.444337558841765
Pseudodiploria180426,0.416773449396172
Pseudodiploria180428,0.283863410406466
Pseudodiploria180438,-0.902779096844069
Pseudodiploria180439,-0.459966748641833
Pseudodiploria180448,-0.074337846504033
Pseudodiploria180449,-0.900525409874234
Pseudodiploria180454,-0.125150049803438
Pseudodiploria180455,-0.0515182685795636
Pseudodiploria180458,-0.384274078850919
Pseudodiploria180463,0.300892005152332
Pseudodiploria180464,-0.112439937227485
Pseudodiploria180465,-0.485511500779697
Pseudodiploria180473,-1.04408752156223
Pseudodiploria180474,-0.280928459653843
Pseudodiploria180479,-0.0548078473436483
Pseudodiploria180482,0.162416456000721
Pseudodiploria180483,-0.294471805777676
Pseudodiploria180487,-0.0909125321886993
Pseudodiploria180488,-0.194489381657273
Pseudodiploria180489,1.03920555914565
Pseudodiploria180499,-0.734121598261688
Pseudodiploria180502,0.0785697840305707
Pseudodiploria180504,0.265508973968327
Pseudodiploria180506,0.0719357901437289
Pseudodiploria180509,0.226244412956592
Pseudodiploria180510,0.216181050576885
Pseudodiploria180513,0.0348689764225117
Pseudodiploria180514,-0.365299039294201
Pseudodiploria180515,-0.528137599415406
Pseudodiploria180518,-0.172309512151121
Pseudodiploria180520,0.656911111328642
Pseudodiploria180523,-1.31185641446482
Pseudodiploria180537,-0.180348535484772
Pseudodiploria180538,0.0521816348243075
Pseudodiploria180539,-1.04475923400745
Pseudodiploria180540,0.609461238340954
Pseudodiploria180542,-0.709034839518372
Pseudodiploria180546,-0.0946876932140951
Pseudodiploria180549,-0.11486910129215
Pseudodiploria180554,-0.00579628792784778
Pseudodiploria180560,0.693943691042743
Pseudodiploria180566,0.172509290182504
Pseudodiploria180570,-0.309866188429504
Pseudodiploria180572,0.314772937797019
Pseudodiploria180573,0.426312599432651
Pseudodiploria180574,-0.115867582061201
Pseudodiploria180575,-0.108443731903877
Pseudodiploria180576,-0.951104484661223
Pseudodiploria180578,-0.000213211077820761
Pseudodiploria180579,0.379638945530445
Pseudodiploria180594,0.295753765312705
Pseudodiploria180604,0.0573218316798667
Pseudodiploria180609,-1.17194586854716
Pseudodiploria180610,-0.27392452147228
Pseudodiploria180611,-0.112558974149065
Pseudodiploria180613,0.11839012652426
Pseudodiploria180615,0.911190787653895
Pseudodiploria180619,0.41063283616567
Pseudodiploria180620,-0.536196043283983
Pseudodiploria180621,0.041990691829495
Pseudodiploria180622,-0.550717383430777
Pseudodiploria180624,0.676544516214775
Pseudodiploria180628,-1.29986354837426
Pseudodiploria180629,1.1408400711077
Pseudodiploria180630,-0.639668819716434
Pseudodiploria180638,0.291906013858923
Pseudodiploria180642,-0.946070584896878
Pseudodiploria180645,-0.523058739089804
Pseudodiploria180649,0.0960744563353031
Pseudodiploria180650,-0.319427879515122
Pseudodiploria180651,-0.601554539175289
Pseudodiploria180653,0.332096696474703
Pseudodiploria180657,-0.898861082631292
Pseudodiploria180661,-0.0380553075247283
Pseudodiploria180663,-0.686904710068803
Pseudodiploria180666,-0.60823659220818
Pseudodiploria180668,0.736169366849748
Pseudodiploria180671,-0.277082308308031
Pseudodiploria180674,0.0844176093087502
Pseudodiploria180677,-0.259453463987514
Pseudodiploria180680,0.967431866062102
Pseudodiploria180685,-1.07746011158074
Pseudodiploria180686,-0.948714891576051
Pseudodiploria180691,0.132328997276703
Pseudodiploria180693,0.309840741790954
Pseudodiploria180694,0.00140913830092189
Pseudodiploria180701,-0.324346596360753
Pseudodiploria180703,-0.479237133523887
Pseudodiploria180719,0.675630080504553
Pseudodiploria180720,0.100748631150396
Pseudodiploria180721,0.768420256186352
Pseudodiploria180723,-0.197678754891231
Pseudodiploria180724,-0.158486726936082
Pseudodiploria180725,-1.2725690851855
Pseudodiploria180728,-0.0912731676554836
Pseudodiploria180731,-0.2606446637704
Pseudodiploria180734,0.432216478451808
Pseudodiploria180737,0.995769962041447
Pseudodiploria180739,-0.20783533790224
Pseudodiploria180740,-0.00443214475914596
Pseudodiploria180741,0.490595449188744
Pseudodiploria180744,2.4324205502795
Pseudodiploria180747,0.207176448906927
Pseudodiploria180753,-0.114009578558762
Pseudodiploria180754,-0.144728290151953
Pseudodiploria180759,-1.22551461594785
Pseudodiploria180760,-0.221607127942053
Pseudodiploria180761,-0.584236542503149
Pseudodiploria180766,-0.697306834532194
Pseudodiploria180775,-0.649374153963889
Pseudodiploria180776,0.0653950306231901
Pseudodiploria180782,-0.266182057832923
Pseudodiploria180786,0.294751905780409
Pseudodiploria180794,-0.14648838189632
Pseudodiploria180795,-0.293585224271417
Pseudodiploria180801,-0.352322211549221
Pseudodiploria180802,0.562681021826783
Pseudodiploria180807,-0.283623536445658
Pseudodiploria180808,0.286865577245837
Pseudodiploria180813,0.0165420125312105
Pseudodiploria180818,0.327233276729917
Pseudodiploria180821,-0.120240830183037
Pseudodiploria180822,-0.570787665488683
Pseudodiploria180826,0.0468010275104641
Pseudodiploria180828,-0.417348713380233
Pseudodiploria180835,-0.777100864191503
Pseudodiploria180837,-0.522805654392317
Pseudodiploria180838,0.620169624755895
Pseudodiploria180839,-0.157247456007153
Pseudodiploria180843,-0.479047544600799
Pseudodiploria180846,-0.829547146096137
Pseudodiploria180848,-0.168186501621953
Pseudodiploria180851,-0.0028687918626796
Pseudodiploria180860,-0.353854899132373
Pseudodiploria180866,-0.500934713676149
Pseudodiploria180868,0.278131883836866
Pseudodiploria180869,-0.812851825751191
Pseudodiploria180870,0.021286414242563
Pseudodiploria180876,0.54055528009693
Pseudodiploria180877,-0.372378569292617
Pseudodiploria180887,0.279279368170474
Pseudodiploria180888,0.362517473688709
Pseudodiploria180889,-0.195232538669336
Pseudodiploria180891,1.33200333197373
Pseudodiploria180892,0.113930450842268
Pseudodiploria180894,0.028347548000645
Pseudodiploria180897,-0.536587630406136
Pseudodiploria180907,0.354457952642782
Pseudodiploria180911,-0.608273000693534
Pseudodiploria180915,0.28045594629417
Pseudodiploria180916,0.0235725159031095
Pseudodiploria180918,-0.351469348508018
Pseudodiploria180924,0.378728406595381
Pseudodiploria180928,1.3673349404681
Pseudodiploria180929,-0.952575928833621
Pseudodiploria180934,0.429509370557992
Pseudodiploria180935,-0.249739836058759
Pseudodiploria180939,0.0791118779032878
Pseudodiploria180940,-0.305862593327017
Pseudodiploria180941,0.40970605456474
Pseudodiploria180945,-0.582465863664468
Pseudodiploria180948,0.163834200838333
Pseudodiploria180950,0.204601977628078
Pseudodiploria180953,-0.699487578760672
Pseudodiploria180954,0.0715654866609946
Pseudodiploria180955,-0.0356974877810069
Pseudodiploria180956,-0.41103882604581
Pseudodiploria180957,0.199888730708295
Pseudodiploria180964,-0.134035227662051
Pseudodiploria180969,0.507166029168328
Pseudodiploria180970,-0.575451467974533
Pseudodiploria180973,0.50372326929425
Pseudodiploria180974,-0.156017729379779
Pseudodiploria180975,-0.164988312376325
Pseudodiploria180976,-0.666889167350783
Pseudodiploria180980,-1.27457518049635
Pseudodiploria180982,0.0718674314568654
Pseudodiploria180984,-0.678835043463338
Pseudodiploria180988,0.538885112813063
Pseudodiploria180991,-0.147457221519202
Pseudodiploria180993,-0.181519043266671
Pseudodiploria180994,-0.707911234239453
Pseudodiploria180997,-0.366291171084743
Pseudodiploria180998,-1.83023253059718
Pseudodiploria180999,-0.447551035964297
Pseudodiploria181001,-0.0736568886420958
Pseudodiploria181002,-0.253456905410402
Pseudodiploria181009,-0.109183331324898
Pseudodiploria181010,0.768308617168551
Pseudodiploria181011,-0.529595286071661
Pseudodiploria181014,-0.673221531573566
Pseudodiploria181018,-0.0087723731573091
Pseudodiploria181019,0.102657765463797
Pseudodiploria181020,-0.541171381585273
Pseudodiploria181021,0.343016013099411
Pseudodiploria181026,-0.575642091804518
Pseudodiploria181032,-0.638863574048441
Pseudodiploria181035,0.0535771225969568
Pseudodiploria181036,0.826978180866881
Pseudodiploria181039,-0.214294573064675
Pseudodiploria181042,0.581876106715844
Pseudodiploria181043,-0.581665672779023
Pseudodiploria181046,0.042407950602021
Pseudodiploria181048,-0.146951045782349
Pseudodiploria181049,0.719850869993668
Pseudodiploria181055,0.0951406323631348
Pseudodiploria181056,-0.0834573208595658
Pseudodiploria181060,-0.803446141560857
Pseudodiploria181062,-0.142936345368597
Pseudodiploria181063,-0.0925659900166935
Pseudodiploria181065,-0.610210637159336
Pseudodiploria181066,0.0771138754112892
Pseudodiploria181072,0.213928150311352
Pseudodiploria181082,-0.0258371351027001
Pseudodiploria181083,0.22412060421816
Pseudodiploria181084,0.570776703946552
Pseudodiploria181088,-0.222663758090901
Pseudodiploria181089,0.169790334343769
Pseudodiploria181091,0.0737470848764157
Pseudodiploria181096,-0.428391824624397
Pseudodiploria181102,0.833035015779602
Pseudodiploria181105,0.428676763839042
Pseudodiploria181106,-0.0453528720105151
Pseudodiploria181110,0.973524310849307
Pseudodiploria181115,0.0108848448978984
Pseudodiploria181116,0.465663693318982
Pseudodiploria181122,0.0796855862978845
Pseudodiploria181123,0.114159243937325
Pseudodiploria181124,0.10301948269693
Pseudodiploria181133,-0.307363643319376
Pseudodiploria181136,0.337174134489302
Pseudodiploria181140,-0.523154747999807
Pseudodiploria181143,0.330701960344075
Pseudodiploria181147,0.356481829484459
Pseudodiploria181149,0.00978493025670596
Pseudodiploria181150,-0.193985109082022
Pseudodiploria181152,-0.447101390872145
Pseudodiploria181153,0.0304600578489114
Pseudodiploria181154,-0.568164854474366
Pseudodiploria181157,-0.205781925726101
Pseudodiploria181158,-0.735124455935917
Pseudodiploria181160,-0.091273373577993
Pseudodiploria181165,-0.61902031902612
Pseudodiploria181168,-0.860900034893079
Pseudodiploria181170,0.061195114727745
Pseudodiploria181173,0.22180425366399
Pseudodiploria181176,0.555566298302879
Pseudodiploria181179,-0.369596876827647
Pseudodiploria181180,-0.159767310768744
Pseudodiploria181181,-1.07640494970279
Pseudodiploria181184,0.613036781895366
Pseudodiploria181186,-0.415763901173336
Pseudodiploria181188,0.103743622764723
Pseudodiploria181190,-0.167137376446811
Pseudodiploria181191,0.355967335456472
Pseudodiploria181192,0.813772385895778
Pseudodiploria181202,-0.438657177769609
Pseudodiploria181204,0.129917758165557
Pseudodiploria181205,0.278655169606953
Pseudodiploria181208,0.878446974116138
Pseudodiploria181211,-0.408285992355
Pseudodiploria181212,-0.0261935161903786
Pseudodiploria181214,-0.00617576428977596
Pseudodiploria181216,0.286508327250916
Pseudodiploria181217,0.0258005025070312
Pseudodiploria181223,0.268785524675256
Pseudodiploria181225,0.195516962993097
Pseudodiploria181228,0.193656537341403
Pseudodiploria181232,0.334876647497275
Pseudodiploria181233,0.22421731420231
Pseudodiploria181236,-0.159534464724992
Pseudodiploria181237,0.0504659182907323
Pseudodiploria181238,1.14511357648877
Pseudodiploria181245,0.794036613425389
Pseudodiploria181251,-0.258975107746779
Pseudodiploria181253,-0.635426894060627
Pseudodiploria181257,-0.140869687283389
Pseudodiploria181258,0.281072082306619
Pseudodiploria181262,0.0270514941345026
Pseudodiploria181263,-0.0493427675942773
Pseudodiploria181266,-0.0305124945584496
Pseudodiploria181267,-1.9916737851035
Pseudodiploria181271,0.27576306699273
Pseudodiploria181273,-0.392069606053414
Pseudodiploria181274,-0.236528599677208
Pseudodiploria181277,-0.0880278600614416
Pseudodiploria181278,-0.386692662556557
Pseudodiploria181280,-1.22690055156689
Pseudodiploria181283,0.101669062135815
Pseudodiploria181289,-0.15190679812675
Pseudodiploria181291,1.27335910441037
Pseudodiploria181293,0.0489321766933954
Pseudodiploria181298,0.308325448066714
Pseudodiploria181302,-0.373883877672052
Pseudodiploria181303,-0.28805110774918
Pseudodiploria181306,-1.66871323816604
Pseudodiploria181311,-0.0871690611040739
Pseudodiploria181312,0.552762446828874
Pseudodiploria181319,0.120937916827471
Pseudodiploria181322,-0.750577738167268
Pseudodiploria181323,0.120295136124213
Pseudodiploria181324,-0.399701353019083
Pseudodiploria181328,-0.602992527265732
Pseudodiploria181332,-0.588153086462268
Pseudodiploria181333,-0.251077580992498
Pseudodiploria181334,0.0590490427483604
Pseudodiploria181337,-0.443581359653075
Pseudodiploria181340,-0.608247965759695
Pseudodiploria181342,-0.0612905686676887
Pseudodiploria181345,0.613670724057958
Pseudodiploria181347,0.0891824441550871
Pseudodiploria181352,0.550233826129314
Pseudodiploria181353,0.691424142877381
Pseudodiploria181357,0.556689451213349
Pseudodiploria181360,-0.209479202108671
Pseudodiploria181361,0.198262278435712
Pseudodiploria181362,0.430589177683924
Pseudodiploria181363,-0.372662846407148
Pseudodiploria181365,0.272130029340975
Pseudodiploria181369,0.520035138431177
Pseudodiploria181371,0.0358735792793911
Pseudodiploria181375,-0.307040225577603
Pseudodiploria181376,0.0131836311602123
Pseudodiploria181377,-0.108584671317291
Pseudodiploria181378,-0.0866218874993543
Pseudodiploria181379,0.437747650425136
Pseudodiploria181380,-0.422562326368656
Pseudodiploria181381,-0.527412829481506
Pseudodiploria181382,0.198520573643035
Pseudodiploria181384,-0.250775988928742
Pseudodiploria181386,0.699127657878183
Pseudodiploria181389,0.231670846290049
Pseudodiploria181392,-0.503153921277268
Pseudodiploria181394,-0.889840407711747
Pseudodiploria181395,0.0070985352081735
Pseudodiploria181399,0.793682233444039
Pseudodiploria181400,0.953332063999564
Pseudodiploria181408,-0.331815414489279
Pseudodiploria181409,-0.36630327287026
Pseudodiploria181412,0.0807864019816608
Pseudodiploria181415,0.140423156560257
Pseudodiploria181417,0.110396063681415
Pseudodiploria181422,0.0150696904089157
Pseudodiploria181423,0.061137650553871
Pseudodiploria181428,-0.428943336585364
Pseudodiploria181429,0.462787541700869
Pseudodiploria181430,0.37190190586473
Pseudodiploria181433,-0.75423055689164
Pseudodiploria181434,0.496249488312781
Pseudodiploria181435,0.0416935232176787
Pseudodiploria181436,0.0552076213826919
Pseudodiploria181448,0.278943878739115
Pseudodiploria181450,-0.0407730718108624
Pseudodiploria181452,0.220145493972853
Pseudodiploria181454,0.607229515413998
Pseudodiploria181461,-0.141200344121785
Pseudodiploria181466,0.206897166599796
Pseudodiploria181467,0.139074610642275
Pseudodiploria181471,1.06306491008976
Pseudodiploria181473,0.0305277654243846
Pseudodiploria181479,-0.163209136598544
Pseudodiploria181480,0.15671266614288
Pseudodiploria181483,-0.0562995856500632
Pseudodiploria181488,-0.215947254244363
Pseudodiploria181489,-0.282680723654305
Pseudodiploria181490,0.16668617958356
Pseudodiploria181492,-0.0839557395528334
Pseudodiploria181493,0.0564517545901365
Pseudodiploria181498,0.00494878578454263
Pseudodiploria181500,0.248467333534467
Pseudodiploria181501,-0.679958588204409
Pseudodiploria181504,0.392592011819213
Pseudodiploria181505,0.0307406789410673
Pseudodiploria181510,-0.00564254184996134
Pseudodiploria181513,0.16022723069478
Pseudodiploria181514,0.278637989001419
Pseudodiploria181517,0.88483246670623
Pseudodiploria181523,0.0872126146204991
Pseudodiploria181525,0.72690938549357
Pseudodiploria181527,0.0194018134519846
Pseudodiploria181531,-0.293864570631253
Pseudodiploria181534,-0.629641081893534
Pseudodiploria181537,-0.0742297956686025
Pseudodiploria181540,-0.630870849501046
Pseudodiploria181541,-0.303056047146966
Pseudodiploria181543,-0.0639542948402141
Pseudodiploria181544,-0.298218344429975
Pseudodiploria181545,0.0391854056571679
Pseudodiploria181546,0.271425443907232
Pseudodiploria181550,-0.319907283911907
Pseudodiploria181551,-0.671423418562702
Pseudodiploria181552,-0.481408928629693
Pseudodiploria181556,-0.00924092106390464
Pseudodiploria181558,-0.206329254042334
Pseudodiploria181560,0.380269119749114
Pseudodiploria181565,-0.235969934475786
Pseudodiploria181566,-0.843524772045842
Pseudodiploria181567,0.322671476943688
Pseudodiploria181569,-0.576308196684219
Pseudodiploria181570,0.539570716405057
Pseudodiploria181571,0.311915066501597
Pseudodiploria181575,-0.0550649519577192
Pseudodiploria181577,0.758667661606168
Pseudodiploria181580,0.437188399778286
Pseudodiploria181581,1.70313442329327
Pseudodiploria181582,0.163802231604305
Pseudodiploria181584,-0.959324558103281
Pseudodiploria181585,-0.416588614169394
Pseudodiploria181586,-0.173128309468062
Pseudodiploria181589,0.99880345343891
Pseudodiploria181596,0.196788752615309
Pseudodiploria181600,0.584710348533197
Pseudodiploria181603,0.261676810893978
Pseudodiploria181604,0.147237283187714
Pseudodiploria181614,-0.229108848011233
Pseudodiploria181616,-0.321787168093634
Pseudodiploria181618,0.822973587427805
Pseudodiploria181619,-0.000900231537728631
Pseudodiploria181621,0.255252502865068
Pseudodiploria181622,0.324883650356081
Pseudodiploria181628,-0.0951146768227426
Pseudodiploria181630,-0.706814063223715
Pseudodiploria181632,-0.228394460348294
Pseudodiploria181634,1.13712956923428
Pseudodiploria181638,-0.375681929095764
Pseudodiploria181639,-2.88679655167971
Pseudodiploria181644,0.0590772567821302
Pseudodiploria181646,-0.672609291238702
Pseudodiploria181648,0.299647990698394
Pseudodiploria181649,-0.122305155859404
Pseudodiploria181652,-0.442986284770867
Pseudodiploria181654,0.293607259597871
Pseudodiploria181656,-0.362027713767678
Pseudodiploria181664,0.0258597327026786
Pseudodiploria181671,-0.911770467775464
Pseudodiploria181673,-0.857738598881985
Pseudodiploria181677,0.0598066013737312
Pseudodiploria181679,-0.072941506593233
Pseudodiploria181684,-0.049028987585622
Pseudodiploria181685,-0.112622387679709
Pseudodiploria181687,-0.405582328434066
Pseudodiploria181689,0.34336442360574
Pseudodiploria181691,0.213111566822336
Pseudodiploria181692,0.252722647359603
Pseudodiploria181699,-0.173262596715932
Pseudodiploria181707,0.451391810034977
Pseudodiploria181709,-0.46471442142673
Pseudodiploria181711,0.429176553524685
Pseudodiploria181716,0.186036282904305
Pseudodiploria181717,-0.0417092277293859
Pseudodiploria181719,0.349681247947733
Pseudodiploria181723,-0.0258536754223899
Pseudodiploria181724,0.562150271331155
Pseudodiploria181725,0.260800718018715
Pseudodiploria181727,-0.208025633619868
Pseudodiploria181728,0.149754463813255
Pseudodiploria181729,0.105119905385495
Pseudodiploria181732,-0.291775352172478
Pseudodiploria181734,0.236309303279101
Pseudodiploria181743,0.0435775180573542
Pseudodiploria181754,0.0872861640836495
Pseudodiploria181757,0.249957341862031
Pseudodiploria181759,-0.349811458895845
Pseudodiploria181761,-0.210031336009249
Pseudodiploria181764,-0.287518716268776
Pseudodiploria181766,0.0102967655305311
Pseudodiploria181769,1.11668489339358
Pseudodiploria181771,0.55812330705748
Pseudodiploria181775,-0.495311222135868
Pseudodiploria181779,-0.405809932304339
Pseudodiploria181785,-1.37379638896398
Pseudodiploria181788,0.552998514226134
Pseudodiploria181789,-0.488975593362431
Pseudodiploria181790,1.54514819577767
Pseudodiploria181795,-0.39450716723998
Pseudodiploria181796,-1.22531365251822
Pseudodiploria181798,-2.17848875738849
Pseudodiploria181799,-1.1514525169202
Pseudodiploria181803,0.645200638183489
Pseudodiploria181814,0.0553156476713662
Pseudodiploria181815,0.23933515399588
Pseudodiploria181820,-0.312602008458737
Pseudodiploria181822,-0.170653960204546
Pseudodiploria181823,-0.377500287010869
Pseudodiploria181824,1.30595405825332
Pseudodiploria181826,0.159407656001473
Pseudodiploria181828,1.15645851699263
Pseudodiploria181831,0.211954613277308
Pseudodiploria181834,-0.146412887618439
Pseudodiploria181835,0.465062495667672
Pseudodiploria181836,0.216263492639554
Pseudodiploria181838,-1.99644211561681
Pseudodiploria181840,1.23654804268786
Pseudodiploria181845,-0.102591193236862
Pseudodiploria181847,0.495195927443826
Pseudodiploria181850,-0.148569306342777
Pseudodiploria181852,-0.553910591923051
Pseudodiploria181856,0.333600138383423
Pseudodiploria181859,0.243470805647832
Pseudodiploria181860,-0.225766002706079
Pseudodiploria181865,-0.182185675665967
Pseudodiploria181877,-0.595161552158999
Pseudodiploria181878,-0.236417074789785
Pseudodiploria181886,2.14835558300292
Pseudodiploria181897,-0.248446989468415
Pseudodiploria181898,-0.373467565504727
Pseudodiploria181903,0.0194616054236609
Pseudodiploria181908,0.174503577504828
Pseudodiploria181913,0.0445264244879922
Pseudodiploria181915,0.420336453314247
Pseudodiploria181916,-0.989107492760803
Pseudodiploria181917,0.230401823627411
Pseudodiploria181918,-0.307919616203303
Pseudodiploria181920,0.191772594671166
Pseudodiploria181922,0.0473772287968154
Pseudodiploria181923,0.636368684830792
Pseudodiploria181924,-0.0629180012054663
Pseudodiploria181928,0.236965140733242
Pseudodiploria181929,0.0788621680841864
Pseudodiploria181932,0.659349302112142
Pseudodiploria181934,-0.130162113128004
Pseudodiploria181935,1.70629583654848
Pseudodiploria181938,-0.732738998671793
Pseudodiploria181944,-0.370666539554904
Pseudodiploria181945,0.348751945665164
Pseudodiploria181949,0.950403830729227
Pseudodiploria181953,0.0910892462618742
Pseudodiploria181954,0.111422616651052
Pseudodiploria181958,0.193913687193808
Pseudodiploria181961,-0.0377729209490687
Pseudodiploria181963,0.433577062248783
Pseudodiploria181965,0.0190232662772935
Pseudodiploria181966,1.43085492828027
Pseudodiploria181968,0.640414917728176
Pseudodiploria181969,-0.48077083045908
Pseudodiploria181970,1.44086813007585
Pseudodiploria181971,-1.30743858104764
Pseudodiploria181974,-0.116576645546973
Pseudodiploria181978,0.579131636340226
Pseudodiploria181980,0.0972580387603582
Pseudodiploria181982,-0.366448631445914
Pseudodiploria181986,-1.00454787785225
Pseudodiploria181987,0.106875876609864
Pseudodiploria181988,-0.0400954883291217
Pseudodiploria181989,-0.0818792376367335
Pseudodiploria181993,0.63663634972792
Pseudodiploria181995,-0.272905815435029
Pseudodiploria181996,-0.069419038609383
Pseudodiploria181999,1.20266966555989
Pseudodiploria182003,-0.191873926629994
Pseudodiploria182004,0.148891706662757
Pseudodiploria182005,-0.714722949940407
Pseudodiploria182006,0.605102839892058
Pseudodiploria182008,-0.461324273492604
Pseudodiploria182010,0.243068652455219
Pseudodiploria182014,-0.282550719037784
Pseudodiploria182019,0.73598768987647
Pseudodiploria182020,-0.449207486879258
Pseudodiploria182021,-0.132665077599755
Pseudodiploria182024,-0.293507792768769
Pseudodiploria182026,-0.217925544150019
Pseudodiploria182027,0.298578680658427
Pseudodiploria182030,0.358993632038468
Pseudodiploria182032,0.191330341704133
Pseudodiploria182035,-0.809820622048898
Pseudodiploria182039,0.400694036069013
Pseudodiploria182041,-0.252394968512881
Pseudodiploria182042,0.156031834308714
Pseudodiploria182045,-0.485427236318991
Pseudodiploria182047,0.0938603988962667
Pseudodiploria182058,0.0204052792925111
Pseudodiploria182065,-0.127025736888548
Pseudodiploria182066,-0.00857535310627782
Pseudodiploria182067,-0.842443419122347
Pseudodiploria182070,-0.643176925327946
Pseudodiploria182074,-0.0564937448836419
Pseudodiploria182076,0.306097470167307
Pseudodiploria182077,0.151679098690026
Pseudodiploria182080,-0.155798200503982
Pseudodiploria182085,0.595588722804196
Pseudodiploria182086,-0.421431357919614
Pseudodiploria182092,-0.215330760067519
Pseudodiploria182095,-1.3563574181271
Pseudodiploria182096,-0.233982075929293
Pseudodiploria182097,0.0464626948417438
Pseudodiploria182098,-0.227873399079525
Pseudodiploria182101,1.41818894325843
Pseudodiploria182102,0.0978662361578335
Pseudodiploria182104,0.601096801565946
Pseudodiploria182109,0.102515974735822
Pseudodiploria182110,-0.177005300412945
Pseudodiploria182111,-0.0155437297409058
Pseudodiploria182116,-0.462225075172986
Pseudodiploria182118,-0.414157842772073
Pseudodiploria182119,-0.726764097201432
Pseudodiploria182124,0.756927283240362
Pseudodiploria182128,-1.02559202593955
Pseudodiploria182129,-0.393453911253702
Pseudodiploria182130,0.621834371737062
Pseudodiploria182131,-0.843967754794512
Pseudodiploria182132,0.311295145161248
Pseudodiploria182135,0.123170368321691
Pseudodiploria182137,-0.72311239806958
Pseudodiploria182150,-0.177815833196778
Pseudodiploria182152,0.325596126670505
Pseudodiploria182155,0.830120342842417
Pseudodiploria182160,0.578427490689677
Pseudodiploria182162,-0.078671506845049
Pseudodiploria182163,-0.303716766602337
Pseudodiploria182166,0.079668788261625
Pseudodiploria182168,-0.0630028671702001
Pseudodiploria182172,-0.453688936173689
Pseudodiploria182173,-0.181855871171016
Pseudodiploria182178,-0.488174913554584
Pseudodiploria182180,-0.707124754509788
Pseudodiploria182182,-0.265306201876377
Pseudodiploria182186,0.39881420245936
Pseudodiploria182188,0.21226225218896
Pseudodiploria182193,-0.218704748376144
Pseudodiploria182194,-0.380747313201586
Pseudodiploria182195,-0.0655143498950831
Pseudodiploria182196,0.233605443405865
Pseudodiploria182197,-0.0292128056662476
Pseudodiploria182201,-0.585520830125881
Pseudodiploria182206,0.0665125487328617
Pseudodiploria182209,-0.299271514780788
Pseudodiploria182210,0.130548645010595
Pseudodiploria182212,0.138074809524972
Pseudodiploria182215,-1.05382167760007
Pseudodiploria182216,0.354611674804424
Pseudodiploria182217,0.719292069530907
Pseudodiploria182219,0.0219579488975188
Pseudodiploria182220,0.674252386148113
Pseudodiploria182229,0.341236998849166
Pseudodiploria182230,-0.116253995892565
Pseudodiploria182232,-0.12714053619578
Pseudodiploria182235,0.0305791129333489
Pseudodiploria182237,-0.107878326608313
Pseudodiploria182239,-0.458729913377783
Pseudodiploria182240,-0.624255596276406
Pseudodiploria182241,-0.100745784111054
Pseudodiploria182244,0.195409900948781
Pseudodiploria182249,-0.295169181019877
Pseudodiploria182253,0.989936476254329
Pseudodiploria182254,-0.113926335927623
Pseudodiploria182255,-0.116534170020415
Pseudodiploria182259,-0.136462302501357
Pseudodiploria182266,0.277281526692856
Pseudodiploria182268,1.17354452394393
Pseudodiploria182271,0.351594365400977
Pseudodiploria182276,0.00792836073858536
Pseudodiploria182279,0.207070072160754
Pseudodiploria182280,-1.02771310870856
Pseudodiploria182281,-0.126889398433043
Pseudodiploria182285,-0.263572125105529
Pseudodiploria182286,0.765884340017247
Pseudodiploria182288,0.617318455076963
Pseudodiploria182291,0.816073113047182
Pseudodiploria182292,0.230484329027245
Pseudodiploria182294,-0.151371567196343
Pseudodiploria182295,1.76000648256878
Pseudodiploria182297,-0.122799408388916
Pseudodiploria182302,0.273691294302566
Pseudodiploria182304,0.403227181027982
Pseudodiploria182311,0.723761017405802
Pseudodiploria182312,0.339333811348448
Pseudodiploria182317,-0.235077651008659
Pseudodiploria182320,-0.0146423626541359
Pseudodiploria182325,-0.270472082371388
Pseudodiploria182326,0.2638666539817
Pseudodiploria182330,-0.277729965851698
Pseudodiploria182334,-0.594155197293164
Pseudodiploria182336,-0.308140295995184
Pseudodiploria182337,-0.200636723155383
Pseudodiploria182338,1.21837824645447
Pseudodiploria182344,-0.0628246343306083
Pseudodiploria182345,-1.08973916853814
Pseudodiploria182351,-0.28339248588278
Pseudodiploria182352,0.265303838955954
Pseudodiploria182358,0.426201099282878
Pseudodiploria182359,0.0364968481111637
Pseudodiploria182360,0.0168399858537746
Pseudodiploria182366,0.185022105650606
Pseudodiploria182367,-0.261269769456103
Pseudodiploria182371,0.679661637044705
Pseudodiploria182373,0.419344084262481
Pseudodiploria182374,-0.00320816054811009
Pseudodiploria182375,-1.1129993086059
Pseudodiploria182376,-0.112627602388069
Pseudodiploria182383,0.831620481790373
Pseudodiploria182385,0.621044302255942
Pseudodiploria182386,0.106667414706608
Pseudodiploria182387,-0.34709537881683
Pseudodiploria182391,0.640239929830552
Pseudodiploria182399,0.0178050370176358
Pseudodiploria182408,-0.242944444173881
Pseudodiploria182411,0.657439225118148
Pseudodiploria182412,-0.732393423512244
Pseudodiploria182418,-0.39554209604968
Pseudodiploria182422,-0.278645649963557
Pseudodiploria182428,-0.203190467193768
Pseudodiploria182430,0.0939451193615795
Pseudodiploria182431,-0.201915422433026
Pseudodiploria182433,-0.752705377669682
Pseudodiploria182436,0.216542971326939
Pseudodiploria182438,0.905676335634858
Pseudodiploria182439,-0.193318693311583
Pseudodiploria182441,-0.441499711499897
Pseudodiploria182445,-0.00426936117502297
Pseudodiploria182448,0.245562769940621
Pseudodiploria182449,-0.742100260523477
Pseudodiploria182452,-0.0340770145495505
Pseudodiploria182453,0.461234507139511
Pseudodiploria182454,0.00860398628469976
Pseudodiploria182457,0.0082590478241794
Pseudodiploria182460,-0.271052323737425
Pseudodiploria182461,-0.54002855659618
Pseudodiploria182464,0.352432256441422
Pseudodiploria182465,1.90411870937092
Pseudodiploria182469,-0.126920831367086
Pseudodiploria182471,-0.789560884452921
Pseudodiploria182472,-1.0592144627608
Pseudodiploria182473,0.0503140598658862
Pseudodiploria182475,-1.0762276539017
Pseudodiploria182480,-0.708703683821693
Pseudodiploria182481,0.706982239909078
Pseudodiploria182482,-0.778287738821777
Pseudodiploria182488,-0.0445372778811192
Pseudodiploria182489,-0.338186717664874
Pseudodiploria182499,0.691884592622047
Pseudodiploria182500,-0.102926558990062
Pseudodiploria182501,-1.80627784779475
Pseudodiploria182505,-0.269547474553267
Pseudodiploria182509,0.535235566223836
Pseudodiploria182518,0.547888034859186
Pseudodiploria182528,0.139753130583266
Pseudodiploria182533,0.288411907353365
Pseudodiploria182534,0.713025789550367
Pseudodiploria182546,0.997955120570807
Pseudodiploria182547,0.773046890504964
Pseudodiploria182548,0.313734040441451
Pseudodiploria182550,-0.159343436865273
Pseudodiploria182551,-0.0401725747999035
Pseudodiploria182552,-0.472854202247857
Pseudodiploria182553,-0.336314961655395
Pseudodiploria182556,0.248785527422477
Pseudodiploria182559,0.183880431997929
Pseudodiploria182560,0.808309380323289
Pseudodiploria182562,0.0737802793967007
Pseudodiploria182568,-0.22000816997306
Pseudodiploria182569,-0.0559432432093225
Pseudodiploria182570,0.312665893239399
Pseudodiploria182571,-1.50529802135603
Pseudodiploria182573,-0.157676976608714
Pseudodiploria182577,0.104860524831667
Pseudodiploria182578,-0.349507169598431
Pseudodiploria182580,0.123484444296067
Pseudodiploria182581,0.90283375953872
Pseudodiploria182584,0.00875314301577262
Pseudodiploria182586,-0.183113336297745
Pseudodiploria182587,-0.221598576184668
Pseudodiploria182591,-0.271965098998562
Pseudodiploria182594,0.336405431893432
Pseudodiploria182595,-1.00884021356667
Pseudodiploria182599,-0.379393724167584
Pseudodiploria182600,0.438515253284532
Pseudodiploria182603,0.0619699957190276
Pseudodiploria182605,0.275313294473009
Pseudodiploria182607,-0.113368575223487
Pseudodiploria182611,0.693677499344176
Pseudodiploria182612,-0.00236418095639509
Pseudodiploria182621,0.134771336507997
Pseudodiploria182623,-1.18167253052821
Pseudodiploria182626,0.171078234221246
Pseudodiploria182627,-0.420116257041898
Pseudodiploria182628,-0.242160140839359
Pseudodiploria182629,-1.2150500191659
Pseudodiploria182630,-0.77673294729557
Pseudodiploria182637,-0.422841233082899
Pseudodiploria182644,0.528516069410756
Pseudodiploria182645,0.479221067951266
Pseudodiploria182652,0.378396623658367
Pseudodiploria182653,-0.055276775306354
Pseudodiploria182660,0.44704626814021
Pseudodiploria182661,-0.927795846936992
Pseudodiploria182664,0.547040589388457
Pseudodiploria182665,-0.275621913671278
Pseudodiploria182667,-0.00416325006087343
Pseudodiploria182668,-0.833969554296367
Pseudodiploria182672,-0.192172703982934
Pseudodiploria182688,0.164516928867341
Pseudodiploria182690,-0.155418637629509
Pseudodiploria182691,0.869357566334432
Pseudodiploria182693,-0.0618500739056441
Pseudodiploria182694,-0.152042600013346
Pseudodiploria182695,-0.303114696093933
Pseudodiploria182703,-0.351579823761534
Pseudodiploria182707,1.06197963033258
Pseudodiploria182712,-0.758749212293162
Pseudodiploria182716,-0.300040155125592
Pseudodiploria182727,0.0434200787762407
Pseudodiploria182728,1.0039516037775
Pseudodiploria182729,-0.301400854187254
Pseudodiploria182730,-0.0685788387650139
Pseudodiploria182732,-0.09837276595484
Pseudodiploria182739,0.597717298718377
Pseudodiploria182743,0.070448044603733
Pseudodiploria182744,0.0589784990127379
Pseudodiploria182747,0.150350829636815
Pseudodiploria182754,-0.221756568975469
Pseudodiploria182758,1.53816858725517
Pseudodiploria182760,0.381934259002989
Pseudodiploria182765,-0.0598433417588371
Pseudodiploria182767,-0.427928399653673
Pseudodiploria182771,-0.083054848623424
Pseudodiploria182772,1.06578975801177
Pseudodiploria182775,0.270496775041452
Pseudodiploria182776,0.301134652296882
Pseudodiploria182779,0.514814369375809
Pseudodiploria182783,1.88840653191533
Pseudodiploria182787,0.298324831623385
Pseudodiploria182788,0.106710153480524
Pseudodiploria182789,0.384118766064356
Pseudodiploria182792,-0.302478323478001
Pseudodiploria182795,-0.957970447343908
Pseudodiploria182797,-0.438602835743711
Pseudodiploria182799,0.293796171986527
Pseudodiploria182800,0.133578135741349
Pseudodiploria182801,0.0750082201894247
Pseudodiploria182802,0.0975943595476343
Pseudodiploria182809,0.0193439698017025
Pseudodiploria182812,0.0229835484085329
Pseudodiploria182814,-0.158065652386634
Pseudodiploria182818,0.128149292443643
Pseudodiploria182819,-0.894608401332062
Pseudodiploria182821,0.36367651386505
Pseudodiploria182822,0.048962905833209
Pseudodiploria182824,-0.177462433293421
Pseudodiploria182825,0.382821844091952
Pseudodiploria182826,-0.426505813610522
Pseudodiploria182828,0.523105151537201
Pseudodiploria182830,-0.861380960101969
Pseudodiploria182832,0.115333428346013
Pseudodiploria182833,0.317779003148068
Pseudodiploria182835,0.255231501702897
Pseudodiploria182836,0.234835973624415
Pseudodiploria182837,-0.4257075899346
Pseudodiploria182838,-0.22347850277655
Pseudodiploria182841,-0.0254130420586171
Pseudodiploria182843,0.28344794863715
Pseudodiploria182848,-0.473189887436864
Pseudodiploria182849,0.098457228791097
Pseudodiploria182850,0.0700251944013626
Pseudodiploria182851,0.257332712503821
Pseudodiploria182852,0.330879702349533
Pseudodiploria182853,-0.148054057996796
Pseudodiploria182855,-0.154740268820869
Pseudodiploria182858,-1.50500550310799
Pseudodiploria182863,0.111510873882518
Pseudodiploria182865,-0.0471905274519472
Pseudodiploria182866,-0.44207483612022
Pseudodiploria182867,0.635824395266621
Pseudodiploria182868,-0.175982192148664
Pseudodiploria182870,-0.55437842223125
Pseudodiploria182873,-0.0492424479153494
Pseudodiploria182875,-1.23961871045039
Pseudodiploria182876,0.121695726561645
Pseudodiploria182877,0.664996167722384
Pseudodiploria182881,-0.185609551885922
Pseudodiploria182882,1.50287329299855
Pseudodiploria182883,-0.119148158312567
Pseudodiploria182884,-0.120512776203816
Pseudodiploria182885,0.591744357843145
Pseudodiploria182887,0.0220813788037396
Pseudodiploria182888,-0.28425461103314
Pseudodiploria182889,-0.113257483334685
Pseudodiploria182890,-0.110167757646727
Pseudodiploria182891,-0.78587924571614
Pseudodiploria182897,-0.168407408341477
Pseudodiploria182898,0.131242752300858
Pseudodiploria182902,0.123535872479382
Pseudodiploria182904,0.341400281636029
Pseudodiploria182905,-0.20146083043756
Pseudodiploria182907,0.752541447479344
Pseudodiploria182909,0.225919411631204
Pseudodiploria182915,0.173739284727791
Pseudodiploria182916,-1.6772327977003
Pseudodiploria182917,0.184073919379571
Pseudodiploria182920,-0.577137111062889
Pseudodiploria182921,-0.82978200530329
Pseudodiploria182922,0.337261401359935
Pseudodiploria182925,-2.01695552992581
Pseudodiploria182926,0.635721906143867
Pseudodiploria182928,-0.436774568494612
Pseudodiploria182935,0.116261296868575
Pseudodiploria182937,0.094203120206294
Pseudodiploria182939,-0.397108378888012
Pseudodiploria182941,0.407703328347684
Pseudodiploria182944,0.255226526970872
Pseudodiploria182948,-0.116923374551652
Pseudodiploria182956,-0.00894721641347392
Pseudodiploria182957,-0.270269013281287
Pseudodiploria182963,-0.329356744901191
Pseudodiploria182964,0.122293847898859
Pseudodiploria182968,1.05179531744015
Pseudodiploria182971,-0.0886059786922387
Pseudodiploria182977,0.544201436419213
Pseudodiploria182979,-1.03789626329867
Pseudodiploria182980,-0.713553573805815
Pseudodiploria182981,0.244660467497474
Pseudodiploria182982,0.256655297258404
Pseudodiploria182984,0.411587804763999
Pseudodiploria182987,-0.202818033139249
Pseudodiploria182989,-0.079652315476112
Pseudodiploria182990,-0.191078256753637
Pseudodiploria182991,0.340915032776446
Pseudodiploria182992,0.906393380190181
Pseudodiploria182993,0.348153486603206
Pseudodiploria182994,0.716088144711746
Pseudodiploria183000,-0.13844582362077
Pseudodiploria183001,-0.390713664553686
Pseudodiploria183002,0.366323922958882
Pseudodiploria183003,1.13936148254277
Pseudodiploria183004,0.470989119940997
Pseudodiploria183007,-0.850711149813699
Pseudodiploria183008,0.847942906603494
Pseudodiploria183009,-0.0171929544782635
Pseudodiploria183010,0.164057448972403
Pseudodiploria183012,-0.282819591977807
Pseudodiploria183013,-0.111700481522621
Pseudodiploria183014,0.436017798843907
Pseudodiploria183015,0.421656616162391
Pseudodiploria183017,0.115333088751176
Pseudodiploria183020,-0.800596092582293
Pseudodiploria183022,-0.478530674994546
Pseudodiploria183023,-0.0895047636657305
Pseudodiploria183025,-0.106395946807235
Pseudodiploria183033,0.0121725356235968
Pseudodiploria183034,0.0804179551203826
Pseudodiploria183038,-0.299833542247167
Pseudodiploria183041,-0.661164350597865
Pseudodiploria183043,0.805980951831068
Pseudodiploria183045,0.402630673920835
Pseudodiploria183046,-0.0947271801806453
Pseudodiploria183049,-0.441087504957388
Pseudodiploria183050,-0.0385485555086472
Pseudodiploria183056,0.472269074647562
Pseudodiploria183058,-0.943576818188892
Pseudodiploria183063,0.437952165514227
Pseudodiploria183065,0.0661050565587189
Pseudodiploria183071,-0.971757190491211
Pseudodiploria183073,0.286061411885491
Pseudodiploria183075,0.134960461832005
Pseudodiploria183076,-0.44309696259381
Pseudodiploria183078,-0.0919937519905229
Pseudodiploria183079,0.755716677533739
Pseudodiploria183089,0.574721610698051
Pseudodiploria183097,0.101384759026561
Pseudodiploria183098,-0.77626238844363
Pseudodiploria183102,-0.798205474836356
Pseudodiploria183103,-0.154837047410549
Pseudodiploria183105,-0.220083651117299
Pseudodiploria183111,-0.368404686010096
Pseudodiploria183112,1.4021856016352
Pseudodiploria183113,0.0516563619938024
Pseudodiploria183115,-0.807369584410638
Pseudodiploria183116,-0.934864647113658
Pseudodiploria183120,0.669657521372061
Pseudodiploria183124,0.576933201576933
Pseudodiploria183126,0.390035727945463
Pseudodiploria183133,-0.236241571973286
Pseudodiploria183137,-0.599961337013022
Pseudodiploria183138,0.35098275081828
Pseudodiploria183141,0.5991948227006
Pseudodiploria183152,-0.449552873760141
Pseudodiploria183156,0.408195583567422
Pseudodiploria183158,-0.213506966014519
Pseudodiploria183160,-0.444243265571796
Pseudodiploria183163,-0.343257008342402
Pseudodiploria183165,-0.094739169095973
Pseudodiploria183171,-0.011615273464792
Pseudodiploria183173,0.343657209184284
Pseudodiploria183175,-0.384101849411066
Pseudodiploria183176,0.0422278529823457
Pseudodiploria183177,-0.0369188742472348
Pseudodiploria183179,-0.608447383767408
Pseudodiploria183182,0.0426001783063402
Pseudodiploria183183,0.128901920825201
Pseudodiploria183187,-0.104909359167876
Pseudodiploria183190,-0.247437116705256
Pseudodiploria183192,-0.343449075471118
Pseudodiploria183196,-0.753382700317571
Pseudodiploria183198,0.107663723270748
Pseudodiploria183203,-0.0521823654221939
Pseudodiploria183205,-0.406400671579505
Pseudodiploria183206,0.186078391494398
Pseudodiploria183208,1.17639357695864
Pseudodiploria183211,0.0390818314852598
Pseudodiploria183212,0.104402090691755
Pseudodiploria183213,-0.415497621936891
Pseudodiploria183217,-0.268594265854028
Pseudodiploria183218,-0.429607180154462
Pseudodiploria183222,0.0581556077669375
Pseudodiploria183223,0.357876592925672
Pseudodiploria183230,-0.0467440346934881
Pseudodiploria183232,0.787959112218879
Pseudodiploria183234,-0.0619649385566019
Pseudodiploria183235,-0.0371131236632445
Pseudodiploria183239,0.151826525459157
Pseudodiploria183245,-0.368193856755798
Pseudodiploria183249,0.938911349637319
Pseudodiploria183250,0.0570080074077409
Pseudodiploria183254,-0.106564754954268
Pseudodiploria183260,-0.139296477878688
Pseudodiploria183262,0.298723428619378
Pseudodiploria183263,-0.558566561644955
Pseudodiploria183266,0.0423796718114439
Pseudodiploria183267,0.48369762524192
Pseudodiploria183268,0.340348092401856
Pseudodiploria183273,1.1865294473266
Pseudodiploria183278,0.140725650078276
Pseudodiploria183283,-0.221147739429095
Pseudodiploria183284,0.348015901981688
Pseudodiploria183291,0.924563032284248
Pseudodiploria183294,0.452428184920112
Pseudodiploria183297,0.632311615104457
Pseudodiploria183298,-0.121424215007254
Pseudodiploria183302,-0.351717108037915
Pseudodiploria183303,-0.325667760539744
Pseudodiploria183304,-0.618916884538017
Pseudodiploria183313,0.575999664450674
Pseudodiploria183314,0.0442719798157116
Pseudodiploria183315,-0.199492036040712
Pseudodiploria183316,0.811305396561376
Pseudodiploria183317,0.0229531375881375
Pseudodiploria183321,-0.010996449771583
Pseudodiploria183323,0.0530962117573999
Pseudodiploria183324,-0.20779393670421
Pseudodiploria183325,1.33037893923161
Pseudodiploria183328,-0.0742751690494579
Pseudodiploria183338,0.201104383573229
Pseudodiploria183341,0.0975319055480955
Pseudodiploria183342,0.274500846801947
Pseudodiploria183345,-0.555910019029923
Pseudodiploria183349,-0.463019365999359
Pseudodiploria183353,0.597579395275417
Pseudodiploria183356,0.442785699162871
Pseudodiploria183360,-0.798054978992581
Pseudodiploria183363,-1.10170803461341
Pseudodiploria183364,-0.0922262528786051
Pseudodiploria183365,-0.461637254591817
Pseudodiploria183367,-0.199223665896022
Pseudodiploria183371,0.621574910117574
Pseudodiploria183372,0.90548758688257
Pseudodiploria183381,1.58106378301349
Pseudodiploria183383,-0.020880488556505
Pseudodiploria183385,-0.0333583229180809
Pseudodiploria183388,-0.177724129274439
Pseudodiploria183391,0.180566438973003
Pseudodiploria183393,0.117860807807506
Pseudodiploria183405,-0.149989646332028
Pseudodiploria183410,-0.170813628658504
Pseudodiploria183411,-0.849757827229714
Pseudodiploria183412,0.130547297105673
Pseudodiploria183417,0.492891698186041
Pseudodiploria183418,-0.111217627930166
Pseudodiploria183419,-0.124889378087841
Pseudodiploria183430,-0.615365403161191
Pseudodiploria183434,0.894479835102225
Pseudodiploria183435,0.26109019143306
Pseudodiploria183439,4.88389564838065e-05
Pseudodiploria183441,-1.11532801894309
Pseudodiploria183443,-1.02096264736321
Pseudodiploria183445,-0.00386315491308501
Pseudodiploria183448,-0.02445392724045
Pseudodiploria183450,0.0383759001913456
Pseudodiploria183451,-0.122952458737342
Pseudodiploria183452,0.790086420638884
Pseudodiploria183456,-0.300492111411493
Pseudodiploria183459,-0.711335774733651
Pseudodiploria183464,-0.610053402877817
Pseudodiploria183465,-0.45131382780245
Pseudodiploria183467,-1.47489917129066
Pseudodiploria183474,-0.326195866804808
Pseudodiploria183487,-0.476770892251397
Pseudodiploria183490,-0.328871813879506
Pseudodiploria183492,0.438795621478505
Pseudodiploria183493,0.0108769352192721
Pseudodiploria183495,-0.892661007534462
Pseudodiploria183498,0.596487446630332
Pseudodiploria183499,0.263728320905628
Pseudodiploria183500,-0.285258865872324
Pseudodiploria183502,0.365182959865323
Pseudodiploria183503,-0.11350971668059
Pseudodiploria183505,-1.08701004204615
Pseudodiploria183507,-0.61040600601208
Pseudodiploria183510,1.22935900168236
Pseudodiploria183521,-0.708614113298685
Pseudodiploria183524,-0.304773262997413
Pseudodiploria183531,1.35597395154674
Pseudodiploria183532,-0.827812854012816
Pseudodiploria183539,-0.330111435297889
Pseudodiploria183542,0.00943845142232558
Pseudodiploria183545,0.202214873232413
Pseudodiploria183546,0.126457557805084
Pseudodiploria183549,-0.100498117112948
Pseudodiploria183551,-0.019443272981311
Pseudodiploria183552,0.780588033671404
Pseudodiploria183555,-0.689607307237701
Pseudodiploria183556,0.305845626026765
Pseudodiploria183557,-0.440859726567117
Pseudodiploria183561,0.061035847671644
Pseudodiploria183562,0.160181979340048
Pseudodiploria183563,0.299186562815957
Pseudodiploria183564,-0.414778320860267
Pseudodiploria183566,0.1457191469467
Pseudodiploria183575,-0.0919802487229697
Pseudodiploria183576,-0.0376675631819338
Pseudodiploria183577,-0.389401227321094
Pseudodiploria183581,-0.229533069789663
Pseudodiploria183586,-0.288195520837815
Pseudodiploria183588,-0.397301709198585
Pseudodiploria183592,0.0409182388959469
Pseudodiploria183593,-0.595084705795303
Pseudodiploria183594,0.111820539894218
Pseudodiploria183597,0.191404564882691
Pseudodiploria183598,-0.179331239641074
Pseudodiploria183600,-0.765653083555456
Pseudodiploria183604,0.830555227803952
Pseudodiploria183605,0.341158577144754
Pseudodiploria183610,0.118059216717362
Pseudodiploria183612,0.28712715228357
Pseudodiploria183614,-0.193998272189542
Pseudodiploria183617,0.0185826329482054
Pseudodiploria183622,0.0443932018617379
Pseudodiploria183624,-0.585213139290354
Pseudodiploria183630,0.484936417317221
Pseudodiploria183631,0.692127705034018
Pseudodiploria183636,0.0607948471566448
Pseudodiploria183640,-0.77460163995162
Pseudodiploria183641,0.232819643366583
Pseudodiploria183642,-0.560349934273038
Pseudodiploria183647,-0.50016596482312
Pseudodiploria183648,-0.0739353066459932
Pseudodiploria183657,0.485985150538748
Pseudodiploria183659,0.801308016189189
Pseudodiploria183661,0.207027991132149
Pseudodiploria183662,0.397816139837165
Pseudodiploria183664,0.327064726674235
Pseudodiploria183665,0.00922766236176348
Pseudodiploria183667,-0.568371937391164
Pseudodiploria183668,0.0114598085737492
Pseudodiploria183669,-0.26044890855091
Pseudodiploria183673,-0.216757495608647
Pseudodiploria183674,-0.0438951122081995
Pseudodiploria183677,-0.13273998872058
Pseudodiploria183680,-0.767986605504273
Pseudodiploria183681,-0.389039887494373
Pseudodiploria183682,-1.10974158940862
Pseudodiploria183684,-0.203822032180063
Pseudodiploria183687,0.895795867849293
Pseudodiploria183689,-0.274343424347396
Pseudodiploria183690,-0.0661348648927941
Pseudodiploria183693,-0.225926202748623
Pseudodiploria183698,0.550578803107333
Pseudodiploria183699,-0.300219721761492
Pseudodiploria183701,0.13028826364469
Pseudodiploria183702,-0.582775405566512
Pseudodiploria183705,0.602642968451891
Pseudodiploria183707,-0.0949646071609607
Pseudodiploria183708,-1.64519728462272
Pseudodiploria183710,-1.04713471918119
Pseudodiploria183712,0.0369368349045386
Pseudodiploria183713,0.265474240127651
Pseudodiploria183719,-1.35442851726879
Pseudodiploria183722,-0.0940889570918779
Pseudodiploria183723,0.124816714043068
Pseudodiploria183730,-0.571313916296853
Pseudodiploria183731,0.372029347548248
Pseudodiploria183732,-0.525405653175162
Pseudodiploria183742,-0.481521102743186
Pseudodiploria183743,-0.731976425699939
Pseudodiploria183744,-0.460062902706376
Pseudodiploria183746,-0.212234930394257
Pseudodiploria183748,-0.188370063686892
Pseudodiploria183750,-1.32089056929213
Pseudodiploria183754,-0.176183664882147
Pseudodiploria183755,0.637039090984943
Pseudodiploria183764,0.203179821859002
Pseudodiploria183767,-0.281268565140078
Pseudodiploria183771,-0.457779468314699
Pseudodiploria183780,-0.443825039982158
Pseudodiploria183783,-0.229502023769
Pseudodiploria183784,-1.07720806010284
Pseudodiploria183788,0.196256890509496
Pseudodiploria183790,-0.881472355759663
Pseudodiploria183791,0.145045283793091
Pseudodiploria183793,-0.107454906152797
Pseudodiploria183798,0.693841992200636
Pseudodiploria183799,0.758830115569993
Pseudodiploria183800,-0.00552775400076703
Pseudodiploria183804,0.498524124409412
Pseudodiploria183805,-0.765162100898958
Pseudodiploria183813,0.141840865931584
Pseudodiploria183815,-0.235367523660822
Pseudodiploria183817,0.346632035802734
Pseudodiploria183819,-0.155403798253578
Pseudodiploria183820,0.56580236634404
Pseudodiploria183826,-0.446047829141884
Pseudodiploria183829,-0.0437826513964743
Pseudodiploria183831,-0.427894694773351
Pseudodiploria183843,0.26772245005758
Pseudodiploria183846,0.137693571991262
Pseudodiploria183852,0.0849744234758505
Pseudodiploria183853,-0.645867572550831
Pseudodiploria183855,0.433134622175813
Pseudodiploria183857,-0.957765141590589
Pseudodiploria183859,-0.22932660583228
Pseudodiploria183860,-0.304044562819746
Pseudodiploria183863,-0.115732177002432
Pseudodiploria183869,-0.459096025852903
Pseudodiploria183872,-0.645692180366666
Pseudodiploria183874,-0.311630374230984
Pseudodiploria183877,-0.378042085863117
Pseudodiploria183878,-0.344112573597039
Pseudodiploria183880,-0.429543166875478
Pseudodiploria183884,-0.215392988639016
Pseudodiploria183886,-0.451542850172449
Pseudodiploria183889,0.068154858299705
Pseudodiploria183890,-0.326235094400172
Pseudodiploria183895,-0.0449680126952149
Pseudodiploria183897,-0.0542476162206508
Pseudodiploria183899,0.269272556136355
Pseudodiploria183907,-0.0161453093193205
Pseudodiploria183912,-0.122067322741613
Pseudodiploria183914,1.33248642550818
Pseudodiploria183915,0.494491867190587
Pseudodiploria183920,-1.05537310569317
Pseudodiploria183922,-0.527307823556448
Pseudodiploria183923,-0.191365478425132
Pseudodiploria183924,0.905534078702287
Pseudodiploria183925,-1.33881361993748
Pseudodiploria183926,-0.755683613036888
Pseudodiploria183927,-0.0905457297570419
Pseudodiploria183932,-0.171643277348032
Pseudodiploria183934,-0.0153640716009824
Pseudodiploria183935,-0.276216942010526
Pseudodiploria183936,-0.39185826732006
Pseudodiploria183937,0.28915129622167
Pseudodiploria183938,-0.372961551677338
Pseudodiploria183939,-0.201402435657949
Pseudodiploria183941,-0.214725870283902
Pseudodiploria183942,-0.232041433918373
Pseudodiploria183947,-0.515326676213667
Pseudodiploria183950,0.308881930532594
Pseudodiploria183951,0.749850025423943
Pseudodiploria183952,-0.542343775267517
Pseudodiploria183953,0.387247021675944
Pseudodiploria183954,0.455073399533552
Pseudodiploria183955,-0.0028673926934512
Pseudodiploria183956,-0.0337408810399715
Pseudodiploria183958,-0.770621819275227
Pseudodiploria183960,-0.115801935997568
Pseudodiploria183961,0.717788974898231
Pseudodiploria183965,-0.879473532074252
Pseudodiploria183969,0.969273867832418
Pseudodiploria183977,0.717577772784309
Pseudodiploria183980,0.270495881399517
Pseudodiploria183982,0.210380933015264
Pseudodiploria183988,0.873751280503159
Pseudodiploria183993,-0.361825193618712
Pseudodiploria183994,-0.0280394958644673
Pseudodiploria183998,0.635832529723057
Pseudodiploria183999,0.0240699001787768
Pseudodiploria184001,-0.661141558794435
Pseudodiploria184009,0.737881320365805
Pseudodiploria184013,-0.096486964319625
Pseudodiploria184016,-0.347292082932441
Pseudodiploria184020,-0.47618628576238
Pseudodiploria184023,0.221874447536092
Pseudodiploria184024,0.994616557822643
Pseudodiploria184026,-0.30485369562321
Pseudodiploria184028,-0.492530903836714
Pseudodiploria184031,-0.194606582836778
Pseudodiploria184034,0.18398916113512
Pseudodiploria184035,0.737008164720346
Pseudodiploria184036,-0.00185206396877403
Pseudodiploria184037,0.598123574976368
Pseudodiploria184039,0.282533270408543
Pseudodiploria184041,-0.839315419045199
Pseudodiploria184043,0.261255927603675
Pseudodiploria184044,0.0740077099083692
Pseudodiploria184045,-0.447414702329094
Pseudodiploria184048,0.151217492674275
Pseudodiploria184056,-0.600666570247117
Pseudodiploria184061,-0.0659793577212368
Pseudodiploria184063,0.214606521958578
Pseudodiploria184065,0.507618605881089
Pseudodiploria184066,-0.269624611148031
Pseudodiploria184067,-0.469296359206838
Pseudodiploria184068,-0.700336753727315
Pseudodiploria184069,-0.0261290170718347
Pseudodiploria184070,0.482297339964805
Pseudodiploria184071,0.480341879585523
Pseudodiploria184072,-0.490934727611358
Pseudodiploria184073,-0.582319048616439
Pseudodiploria184075,0.135918759854478
Pseudodiploria184076,0.682689774375332
Pseudodiploria184080,-0.818506222765808
Pseudodiploria184087,-0.797994012385795
Pseudodiploria184088,0.075189596656065
Pseudodiploria184089,-0.0990742985532713
Pseudodiploria184091,0.63292049239618
Pseudodiploria184093,0.657490363917891
Pseudodiploria184094,0.240392481611003
Pseudodiploria184096,0.449191581722404
Pseudodiploria184101,-0.580259670486577
Pseudodiploria184102,0.378738455926599
Pseudodiploria184103,0.104823998212563
Pseudodiploria184104,-0.189725434880703
Pseudodiploria184107,-0.378391392266063
Pseudodiploria184108,0.174661461937781
Pseudodiploria184113,-0.248904439317102
Pseudodiploria184114,1.11622315809229
Pseudodiploria184115,0.297105770768743
Pseudodiploria184121,-0.286829546942257
Pseudodiploria184122,-0.201929289072978
Pseudodiploria184124,-0.330617407583817
Pseudodiploria184125,0.209175425903972
Pseudodiploria184126,-1.00877510977314
Pseudodiploria184127,0.778826973693931
Pseudodiploria184130,0.619576371716696
Pseudodiploria184131,-0.0245334764896724
Pseudodiploria184133,-0.777137933534246
Pseudodiploria184138,1.28100754795333
Pseudodiploria184145,0.924031792614101
Pseudodiploria184151,0.416860057460418
Pseudodiploria184152,0.156915887885822
Pseudodiploria184155,0.190360423472903
Pseudodiploria184158,0.0809367284361872
Pseudodiploria184161,-0.0442825984139478
Pseudodiploria184162,0.177214746805277
Pseudodiploria184163,0.391615778535309
Pseudodiploria184164,0.820584245379516
Pseudodiploria184172,-0.143687996612471
Pseudodiploria184173,0.756992084382967
Pseudodiploria184175,0.0885455247329169
Pseudodiploria184180,-0.316712390637068
Pseudodiploria184183,-1.20425756592089
Pseudodiploria184184,0.791415325287752
Pseudodiploria184187,-0.0489596429783407
Pseudodiploria184189,-0.0669223835382483
Pseudodiploria184190,-0.427596177255685
Pseudodiploria184195,-0.104086360075025
Pseudodiploria184196,-0.472209806670082
Pseudodiploria184197,-0.0786111021291261
Pseudodiploria184198,-0.28951260262874
Pseudodiploria184199,-1.33338477038784
Pseudodiploria184206,-0.617975954268524
Pseudodiploria184208,-0.850878119822982
Pseudodiploria184212,0.979170703558066
Pseudodiploria184213,-0.550155199760175
Pseudodiploria184216,0.00481306810333762
Pseudodiploria184217,-0.214294778820166
Pseudodiploria184224,0.161693507663373
Pseudodiploria184225,-0.263378762147079
Pseudodiploria184226,0.339163678240809
Pseudodiploria184231,0.53735883503841
Pseudodiploria184232,0.0409128958133161
Pseudodiploria184233,-0.579128669098056
Pseudodiploria184236,-0.378879690240733
Pseudodiploria184237,-0.671412856406299
Pseudodiploria184239,0.527735123296749
Pseudodiploria184242,-0.238614620872085
Pseudodiploria184243,0.6196501550233
Pseudodiploria184245,-0.0828807718229265
Pseudodiploria184250,-0.160451517212218
Pseudodiploria184251,-0.14270150427145
Pseudodiploria184252,-0.0743814431180898
Pseudodiploria184256,-0.222407512272463
Pseudodiploria184257,-0.0164322819310477
Pseudodiploria184259,0.143955718416681
Pseudodiploria184260,0.637769357124508
Pseudodiploria184261,-0.91137858968702
Pseudodiploria184263,-0.211306712796092
Pseudodiploria184264,-0.44525061933685
Pseudodiploria184268,-0.707502025500197
Pseudodiploria184270,-0.284426221002588
Pseudodiploria184271,0.502083337668185
Pseudodiploria184272,-0.192584320173515
Pseudodiploria184275,-0.146582220115691
Pseudodiploria184277,0.0742979832515313
Pseudodiploria184278,0.756281960506968
Pseudodiploria184282,0.0718621550006099
Pseudodiploria184287,0.207322075221916
Pseudodiploria184288,0.134626717917347
Pseudodiploria184299,-0.530354046764371
Pseudodiploria184305,0.353670655784057
Pseudodiploria184311,-0.383458880622911
Pseudodiploria184312,-0.303776445109487
Pseudodiploria184317,0.0464441037757774
Pseudodiploria184319,-0.434509086403816
Pseudodiploria184320,-0.288506493813492
Pseudodiploria184323,0.058089099756074
Pseudodiploria184324,-0.0712464327478561
Pseudodiploria184326,-1.29576300442524
Pseudodiploria184328,0.194521605359143
Pseudodiploria184329,0.241363588013633
Pseudodiploria184331,0.0606232367253872
Pseudodiploria184332,-0.0239051184472988
Pseudodiploria184333,-0.191830401294026
Pseudodiploria184335,0.203595942961602
Pseudodiploria184340,0.149604354730438
Pseudodiploria184342,-0.133393027712868
Pseudodiploria184343,-0.167485974247514
Pseudodiploria184346,-0.354644647818614
Pseudodiploria184350,0.278374600536615
Pseudodiploria184351,0.555782933114421
Pseudodiploria184355,0.56415449871501
Pseudodiploria184357,0.601427898178356
Pseudodiploria184359,-0.440069701406582
Pseudodiploria184360,0.072129176435541
Pseudodiploria184362,-0.469006779312726
Pseudodiploria184367,-0.313138585183849
Pseudodiploria184371,-0.175432968187073
Pseudodiploria184376,1.21899938773269
Pseudodiploria184377,-0.122788777227642
Pseudodiploria184378,-0.0145628495356479
Pseudodiploria184381,-0.125315412343311
Pseudodiploria184383,0.27931642072445
Pseudodiploria184385,0.204502588396999
Pseudodiploria184387,-0.0567784560882831
Pseudodiploria184388,0.0802607389337123
Pseudodiploria184390,-0.401415328006432
Pseudodiploria184393,-0.555268424134604
Pseudodiploria184398,0.717437828694881
Pseudodiploria184399,0.000803849617407128
Pseudodiploria184402,-0.2623119001735
Pseudodiploria184405,0.215085922923551
Pseudodiploria184406,0.174585874664216
Pseudodiploria184409,0.224509851424082
Pseudodiploria184411,0.29015522404036
Pseudodiploria184414,0.641629315465284
Pseudodiploria184417,-0.0337372303208579
Pseudodiploria184420,1.3762867129178
Pseudodiploria184423,0.693045990149012
Pseudodiploria184428,0.0309676627402281
Pseudodiploria184429,0.965031454484577
Pseudodiploria184431,0.725259267898985
Pseudodiploria184432,-0.47768245020316
Pseudodiploria184433,-0.323467950878028
Pseudodiploria184440,-0.518706789909516
Pseudodiploria184441,-0.213457789823036
Pseudodiploria184442,-0.0129250224590961
Pseudodiploria184446,-1.12414527961387
Pseudodiploria184448,0.237406708119126
Pseudodiploria184450,-0.354244792371036
Pseudodiploria184452,-0.53274627294342
Pseudodiploria184457,0.0769793999107172
Pseudodiploria184459,-0.29348905029536
Pseudodiploria184460,-0.672671033298886
Pseudodiploria184462,0.291350626398646
Pseudodiploria184468,0.116820674247639
Pseudodiploria184469,-0.51176903747882
Pseudodiploria184474,0.0263405814706112
Pseudodiploria184475,0.43706167197079
Pseudodiploria184477,-0.0752298577744006
Pseudodiploria184478,-0.172014989028043
Pseudodiploria184479,0.979244229787604
Pseudodiploria184480,-0.985570227243224
Pseudodiploria184483,1.52547351788931
Pseudodiploria184485,0.159740241697619
Pseudodiploria184489,-0.616524953361961
Pseudodiploria184490,1.13019077753434
Pseudodiploria184491,0.720877252726752
Pseudodiploria184492,0.0354054753991957
Pseudodiploria184494,-0.0652388735439419
Pseudodiploria184495,-0.561666289813413
Pseudodiploria184496,0.120619553181138
Pseudodiploria184498,0.534772726232339
Pseudodiploria184501,0.257435934222498
Pseudodiploria184505,0.614182856338794
Pseudodiploria184506,1.19393765203858
Pseudodiploria184509,0.326963492346145
Pseudodiploria184510,-0.82947139456864
Pseudodiploria184515,0.165563050441791
Pseudodiploria184516,-0.374255693250442
Pseudodiploria184517,0.56894179684362
Pseudodiploria184519,-0.704786979444033
Pseudodiploria184520,0.0197518956737971
Pseudodiploria184522,-0.582946978694087
Pseudodiploria184523,-0.163090714692027
Pseudodiploria184525,0.0569363142056032
Pseudodiploria184526,-0.100303569517176
Pseudodiploria184538,0.668634677188454
Pseudodiploria184540,-0.873767290522928
Pseudodiploria184543,-0.24319729115508
Pseudodiploria184544,-0.125016417362055
Pseudodiploria184545,-0.254404253656344
Pseudodiploria184546,1.19220777589943
Pseudodiploria184547,-0.0283510561029932
Pseudodiploria184549,0.533371134272884
Pseudodiploria184552,-0.121866266806858
Pseudodiploria184553,0.453864444055168
Pseudodiploria184556,-0.49493582597355
Pseudodiploria184557,-0.197831571305581
Pseudodiploria184561,-0.386345170267746
Pseudodiploria184562,0.612593136690161
Pseudodiploria184564,-0.972821512224807
Pseudodiploria184570,-0.0352946848321113
Pseudodiploria184574,0.127434364774171
Pseudodiploria184578,0.124655626615072
Pseudodiploria184580,0.00754906805878119
Pseudodiploria184581,0.138478906574142
Pseudodiploria184582,-0.151761255289242
Pseudodiploria184583,0.79848885518294
Pseudodiploria184586,-0.377351930677488
Pseudodiploria184587,0.26287742773755
Pseudodiploria184590,0.2847647752755
Pseudodiploria184591,-0.218538314294845
Pseudodiploria184595,0.222527065481437
Pseudodiploria184600,0.358840098519566
Pseudodiploria184601,0.109271473010656
Pseudodiploria184602,0.340224735700585
Pseudodiploria184603,-1.20379703971728
Pseudodiploria184604,0.241870697999563
Pseudodiploria184607,-0.465208476166099
Pseudodiploria184608,-0.162408636455695
Pseudodiploria184609,-0.0961349793103844
Pseudodiploria184612,-0.166572728432841
Pseudodiploria184615,-0.151005695074835
Pseudodiploria184616,0.547972717792778
Pseudodiploria184618,0.158622423031423
Pseudodiploria184619,0.107668739710276
Pseudodiploria184620,-0.429284788139813
Pseudodiploria184623,-0.916754393398033
Pseudodiploria184630,-0.767148622177359
Pseudodiploria184632,1.14571507899461
Pseudodiploria184634,0.176439262308902
Pseudodiploria184636,-0.355657871004128
Pseudodiploria184637,0.460170895283109
Pseudodiploria184638,-0.14044719803356
Pseudodiploria184640,-0.244043201492117
Pseudodiploria184650,-1.05519021530704
Pseudodiploria184654,-0.293358545644941
Pseudodiploria184655,-0.244975269607125
Pseudodiploria184656,-0.408953639343729
Pseudodiploria184659,0.769930882499525
Pseudodiploria184660,0.121527000587724
Pseudodiploria184661,-0.0235460516087381
Pseudodiploria184662,-0.0262282386029418
Pseudodiploria184665,-0.228483894400436
Pseudodiploria184667,-0.970580985186775
Pseudodiploria184669,0.851984298156528
Pseudodiploria184670,-0.176087812889934
Pseudodiploria184671,-0.258773043264713
Pseudodiploria184674,-0.916455618601333
Pseudodiploria184675,-0.0735805373804608
Pseudodiploria184677,-0.0548826429890058
Pseudodiploria184681,-0.0253020057729946
Pseudodiploria184682,-2.62649690491468
Pseudodiploria184683,-0.840318971534779
Pseudodiploria184684,-0.157719600011164
Pseudodiploria184686,0.271896319391594
Pseudodiploria184688,0.378290594123225
Pseudodiploria184689,-0.529695958797009
Pseudodiploria184692,0.443346786951717
Pseudodiploria184693,0.392394004655718
Pseudodiploria184694,0.135425825140599
Pseudodiploria184695,-0.0406086039317707
Pseudodiploria184698,-0.218435663358509
Pseudodiploria184700,0.0768463005906668
Pseudodiploria184704,0.240394641107813
Pseudodiploria184708,-0.408804377500335
Pseudodiploria184709,0.311197902396322
Pseudodiploria184711,1.38993004150365
Pseudodiploria184717,0.646315408319682
Pseudodiploria184719,-0.863603912955366
Pseudodiploria184721,-0.12037758429989
Pseudodiploria184723,0.547450647611802
Pseudodiploria184727,0.527694457022802
Pseudodiploria184728,0.052603554270157
Pseudodiploria184733,0.226742438882754
Pseudodiploria184735,-0.0449939270004466
Pseudodiploria184740,0.497306771203115
Pseudodiploria184746,0.266847648352407
Pseudodiploria184749,0.638304651694105
Pseudodiploria184750,0.264551777669146
Pseudodiploria184754,0.949213342581633
Pseudodiploria184756,0.345837846952632
Pseudodiploria184758,0.20241674146039
Pseudodiploria184759,0.34250004667036
Pseudodiploria184762,-0.39266249738347
Pseudodiploria184763,-0.245630711260979
Pseudodiploria184765,0.136213406550546
Pseudodiploria184768,0.327537733102914
Pseudodiploria184769,0.197888938544138
Pseudodiploria184770,-0.860422615952027
Pseudodiploria184773,-0.921405327367963
Pseudodiploria184775,0.169590867112907
Pseudodiploria184776,0.285757585699432
Pseudodiploria184778,-0.197691428922854
Pseudodiploria184779,0.598144988770615
Pseudodiploria184781,0.667096547739233
Pseudodiploria184782,0.185708323491988
Pseudodiploria184784,-0.993345231981974
Pseudodiploria184786,0.41654332695165
Pseudodiploria184787,-0.148703460954879
Pseudodiploria184788,-0.145221895816108
Pseudodiploria184791,-0.480657365303913
Pseudodiploria184792,0.108306589982423
Pseudodiploria184793,0.0016789638861123
Pseudodiploria184796,-0.230362057236029
Pseudodiploria184797,-0.104152589420056
Pseudodiploria184799,-0.411241189322644
Pseudodiploria184803,0.103973987892244
Pseudodiploria184804,0.481417237318674
Pseudodiploria184805,-0.270045563636979
Pseudodiploria184807,0.223073998403984
Pseudodiploria184809,-0.191845354562198
Pseudodiploria184811,-0.225730153601521
Pseudodiploria184812,0.231204265358886
Pseudodiploria184813,-0.22567227307703
Pseudodiploria184816,1.06885998566399
Pseudodiploria184817,0.408933027763657
Pseudodiploria184818,0.198113408806542
Pseudodiploria184822,0.206675960418051
Pseudodiploria184830,-0.18921062076617
Pseudodiploria184836,0.101949654145814
Pseudodiploria184838,-0.267576948874299
Pseudodiploria184839,-1.77674510031432
Pseudodiploria184840,-0.70952422070031
Pseudodiploria184841,-0.166731226574428
Pseudodiploria184842,-0.233963548524179
Pseudodiploria184845,-0.0954978844783864
Pseudodiploria184846,0.805601961653532
Pseudodiploria184847,-0.157791751313255
Pseudodiploria184859,-0.0895640847613727
Pseudodiploria184861,-0.871112106521918
Pseudodiploria184863,0.63499450610904
Pseudodiploria184864,-0.479293595902475
Pseudodiploria184865,0.138101908141395
Pseudodiploria184866,0.18872373069516
Pseudodiploria184867,0.314920814369381
Pseudodiploria184869,0.444957713328848
Pseudodiploria184871,-1.31410120720671
Pseudodiploria184872,-0.373433633199779
Pseudodiploria184875,0.144405108488606
Pseudodiploria184879,-0.286825343977196
Pseudodiploria184882,1.13147186540795
Pseudodiploria184884,-0.793556334425417
Pseudodiploria184888,-0.0884602426532145
Pseudodiploria184892,-0.84177364183601
Pseudodiploria184893,-0.485549431311027
Pseudodiploria184895,0.195639931562044
Pseudodiploria184899,-0.302445338942325
Pseudodiploria184900,0.0099821452365774
Pseudodiploria184902,-1.39446730642091
Pseudodiploria184906,-0.207854466584658
Pseudodiploria184908,-0.499916266701775
Pseudodiploria184909,-0.156337321708546
Pseudodiploria184910,-0.136521730598917
Pseudodiploria184911,0.658520552591925
Pseudodiploria184912,-0.994584828788041
Pseudodiploria184913,-0.167897764861803
Pseudodiploria184915,1.15641313639399
Pseudodiploria184920,-0.406865687587065
Pseudodiploria184922,0.0703130706097798
Pseudodiploria184923,0.0131897656650668
Pseudodiploria184924,0.470111492454296
Pseudodiploria184925,-0.0317246864529334
Pseudodiploria184926,0.371971111203195
Pseudodiploria184928,-0.160943215891497
Pseudodiploria184929,0.217260035328502
Pseudodiploria184938,0.432193608073708
Pseudodiploria184942,-0.271241706243831
Pseudodiploria184945,-0.0299821075215979
Pseudodiploria184947,0.137258765701975
Pseudodiploria184948,1.018611491686
Pseudodiploria184952,0.258348806658308
Pseudodiploria184953,-0.0482415833698979
Pseudodiploria184954,0.173664958859643
Pseudodiploria184956,0.145492080961026
Pseudodiploria184957,-0.300836466216508
Pseudodiploria184960,0.285141373077756
Pseudodiploria184961,0.000383877374917361
Pseudodiploria184962,0.475899681024039
Pseudodiploria184964,0.124352703270842
Pseudodiploria184966,0.0370519844828406
Pseudodiploria184968,0.221743778801284
Pseudodiploria184970,-0.326840966432287
Pseudodiploria184971,0.815523651213281
Pseudodiploria184972,0.127312497947505
Pseudodiploria184973,-0.0265078042738368
Pseudodiploria184974,-0.730057162253193
Pseudodiploria184978,0.275322623328098
Pseudodiploria184980,-0.0152219355193462
Pseudodiploria184981,0.0141679134148472
Pseudodiploria184985,-1.00181265047136
Pseudodiploria184988,0.759786011594825
Pseudodiploria184989,-0.228661936754686
Pseudodiploria184992,0.0996141673030152
Pseudodiploria184994,0.0133399744067618
Pseudodiploria184995,-1.64054226040878
Pseudodiploria184997,1.09215056818604
Pseudodiploria184998,-0.361877472374993
Pseudodiploria185003,0.256812479268618
Pseudodiploria185004,0.0892056275695294
Pseudodiploria185005,-0.258152683031625
Pseudodiploria185006,-0.400239200553058
Pseudodiploria185009,0.230808136647858
Pseudodiploria185010,0.726772289596077
Pseudodiploria185014,-0.191434086067551
Pseudodiploria185015,-0.38178760910009
Pseudodiploria185017,-0.394639823928429
Pseudodiploria185018,-0.161321740023517
Pseudodiploria185021,-1.60649757048245
Pseudodiploria185024,0.230990098148743
Pseudodiploria185026,0.025317798903595
Pseudodiploria185029,-0.000549273915166762
Pseudodiploria185030,0.241153891700001
Pseudodiploria185033,0.0297033531762553
Pseudodiploria185035,-0.308232220877403
Pseudodiploria185037,0.00860978246156012
Pseudodiploria185039,-0.541921084672444
Pseudodiploria185041,-1.92296122750564
Pseudodiploria185043,-0.151982891339529
Pseudodiploria185047,0.106085631204227
Pseudodiploria185049,0.649135052491362
Pseudodiploria185050,-0.60960067719211
Pseudodiploria185055,-0.0319029734423846
Pseudodiploria185056,1.6477618191052
Pseudodiploria185060,-0.712688819370846
Pseudodiploria185065,1.247008594392
Pseudodiploria185067,-0.453861756819717
Pseudodiploria185068,0.0191438875175565
Pseudodiploria185069,-0.329046847623802
Pseudodiploria185070,-0.00432886718382593
Pseudodiploria185074,-0.938009277994793
Pseudodiploria185075,0.0455846096747853
Pseudodiploria185078,-0.804376131447408
Pseudodiploria185083,1.96360560914917
Pseudodiploria185084,0.199044808249446
Pseudodiploria185085,-0.13245151356254
Pseudodiploria185088,0.224419739763642
Pseudodiploria185091,0.13227385555235
Pseudodiploria185093,-0.155950976056836
Pseudodiploria185096,0.20958334608819
Pseudodiploria185098,-0.355360516234846
Pseudodiploria185100,0.230878235453559
Pseudodiploria185102,-0.274546339820218
Pseudodiploria185103,0.2076193128969
Pseudodiploria185104,-0.150306289531896
Pseudodiploria185106,-0.0989123189399936
Pseudodiploria185109,0.129867415988842
Pseudodiploria185110,0.751082991377149
Pseudodiploria185113,-0.12604404050682
Pseudodiploria185114,-0.141098122249744
Pseudodiploria185115,0.370731610282899
Pseudodiploria185117,-0.0671123569885292
Pseudodiploria185123,-0.884855661818309
Pseudodiploria185126,-0.588679937154314
Pseudodiploria185131,-0.271848904487546
Pseudodiploria185133,0.235127441089189
Pseudodiploria185134,0.279922105988749
Pseudodiploria185141,0.175773856031417
Pseudodiploria185142,-1.06631471899557
Pseudodiploria185143,0.0370496331266912
Pseudodiploria185147,-0.38318243074038
Pseudodiploria185148,-0.347853109059457
Pseudodiploria185149,0.00724835241795593
Pseudodiploria185150,-0.0893597350241242
Pseudodiploria185151,-0.232260701335818
Pseudodiploria185153,-0.124983116513529
Pseudodiploria185154,0.379942846490103
Pseudodiploria185156,-0.742276728209616
Pseudodiploria185158,-0.174122867542626
Pseudodiploria185160,0.349469017291596
Pseudodiploria185161,0.0467436140082619
Pseudodiploria185164,0.0631418573673576
Pseudodiploria185165,-0.181688971724438
Pseudodiploria185166,0.0642621312168663
Pseudodiploria185167,-0.101615308378294
Pseudodiploria185168,0.554023177056441
Pseudodiploria185169,-0.042910148192629
Pseudodiploria185170,1.2206299365731
Pseudodiploria185172,-0.513553367333364
Pseudodiploria185173,-0.683311522039531
Pseudodiploria185174,-0.156357945465749
Pseudodiploria185180,0.534122517072671
Pseudodiploria185185,0.358636431715095
Pseudodiploria185186,-0.344994890457617
Pseudodiploria185191,-0.25746581797553
Pseudodiploria185192,0.18815531044203
Pseudodiploria185193,0.528420177787219
Pseudodiploria185194,-0.0529112027978002
Pseudodiploria185196,-0.19398402653417
Pseudodiploria185200,0.171275607177823
Pseudodiploria185201,0.871516481042475
Pseudodiploria185203,0.499470023820063
Pseudodiploria185205,0.129565974638917
Pseudodiploria185213,0.212160546999959
Pseudodiploria185214,-0.217594397508796
Pseudodiploria185219,0.51341728407666
Pseudodiploria185222,-0.188942807315782
Pseudodiploria185225,0.438924000172659
Pseudodiploria185226,-0.0278931785709687
Pseudodiploria185227,-0.00198669284422117
Pseudodiploria185233,0.121744187674615
Pseudodiploria185234,-0.136039822579063
Pseudodiploria185235,-0.602674328651977
Pseudodiploria185236,0.185557751374675
Pseudodiploria185240,0.205739906731333
Pseudodiploria185244,0.0897246450149423
Pseudodiploria185247,-0.184982221011011
Pseudodiploria185250,0.76206476851264
Pseudodiploria185251,-0.0775149509969148
Pseudodiploria185252,-1.12392429581355
Pseudodiploria185254,0.545124607693825
Pseudodiploria185255,-0.0859848020911999
Pseudodiploria185258,-0.348525167246905
Pseudodiploria185261,-0.161771313017302
Pseudodiploria185267,-0.243357267727174
Pseudodiploria185271,0.423893563302438
Pseudodiploria185273,0.476084780579229
Pseudodiploria185275,-0.639715788620338
Pseudodiploria185277,-0.966692475702224
Pseudodiploria185280,-0.13375950059254
Pseudodiploria185283,-0.0253277032282264
Pseudodiploria185288,0.637953797080074
Pseudodiploria185290,0.12467208633288
Pseudodiploria185291,0.176351360808216
Pseudodiploria185294,-0.189896912678604
Pseudodiploria185296,0.638543929699096
Pseudodiploria185297,0.253082064642217
Pseudodiploria185299,-0.151372837578004
Pseudodiploria185304,-0.460788833687836
Pseudodiploria185306,-0.0303640841657288
Pseudodiploria185307,-0.309271279497742
Pseudodiploria185308,0.1270899784424
Pseudodiploria185310,0.138133608492134
Pseudodiploria185313,-0.44409168801916
Pseudodiploria185314,0.259233389898155
Pseudodiploria185320,1.54290829272829
Pseudodiploria185324,0.633922812634941
Pseudodiploria185332,0.179683636060658
Pseudodiploria185336,-0.177917055265717
Pseudodiploria185337,-1.0260128190719
Pseudodiploria185338,-0.430802190387872
Pseudodiploria185343,-0.0718318677724471
Pseudodiploria185346,0.135272305725416
Pseudodiploria185353,-0.299780516837451
Pseudodiploria185354,-0.48820197429391
Pseudodiploria185357,-0.100858001066223
Pseudodiploria185360,-1.34760089873017
Pseudodiploria185361,1.2918057255859
Pseudodiploria185372,0.0503707115325168
Pseudodiploria185374,-0.959882984492981
Pseudodiploria185380,0.174461952461553
Pseudodiploria185381,-0.489335909433525
Pseudodiploria185382,1.17243254816269
Pseudodiploria185383,-0.360110357997731
Pseudodiploria185384,-0.05065162055362
Pseudodiploria185387,-0.0984891518767616
Pseudodiploria185391,-0.00366963230624017
Pseudodiploria185394,0.679249716088742
Pseudodiploria185397,-0.41729978887308
Pseudodiploria185400,-0.126944420434274
Pseudodiploria185401,-0.577534519953988
Pseudodiploria185402,-0.386005724752646
Pseudodiploria185405,-0.303016531995544
Pseudodiploria185406,-0.255653202028419
Pseudodiploria185408,1.39236229093611
Pseudodiploria185411,-0.205234170636081
Pseudodiploria185412,-0.0886691918492664
Pseudodiploria185429,0.38521259261416
Pseudodiploria185430,0.534314886052769
Pseudodiploria185432,0.200477047504799
Pseudodiploria185436,-0.240918869327923
Pseudodiploria185439,0.267184823132823
Pseudodiploria185441,0.709172014044585
Pseudodiploria185443,-0.132731763694214
Pseudodiploria185446,-0.410234019588536
Pseudodiploria185447,0.0974047669705248
Pseudodiploria185448,-0.215945300943275
Pseudodiploria185451,-0.0619019172313106
Pseudodiploria185452,0.0913843918561786
Pseudodiploria185460,0.545288497389582
Pseudodiploria185463,0.17673378703554
Pseudodiploria185464,-0.813219517838173
Pseudodiploria185469,-0.0831641942076746
Pseudodiploria185472,-0.380413955322848
Pseudodiploria185473,0.161958794238709
Pseudodiploria185474,0.504164972411848
Pseudodiploria185475,-0.672723094188826
Pseudodiploria185477,-0.0966107836659955
Pseudodiploria185478,0.874030827040416
Pseudodiploria185479,0.472664764684394
Pseudodiploria185480,0.0542119468553626
Pseudodiploria185485,-0.0340909312855637
Pseudodiploria185488,0.881595208901015
Pseudodiploria185492,0.232073082433935
Pseudodiploria185493,-2.03781948005977
Pseudodiploria185494,0.171332410387573
Pseudodiploria185495,0.580854114602929
Pseudodiploria185496,0.761472522047538
Pseudodiploria185497,0.768906592403547
Pseudodiploria185498,-0.980594807865708
Pseudodiploria185501,0.0222999902223207
Pseudodiploria185502,-0.619524800038224
Pseudodiploria185508,-0.527214676654143
Pseudodiploria185511,-0.364773320524897
Pseudodiploria185512,-0.5572802800115
Pseudodiploria185514,0.317029776551431
Pseudodiploria185516,0.000245092440763969
Pseudodiploria185518,-0.891156734575047
Pseudodiploria185519,-0.0651503395403065
Pseudodiploria185522,-0.0782121702443473
Pseudodiploria185523,0.143469879153253
Pseudodiploria185524,-1.09400259497079
Pseudodiploria185525,-0.116890693138626
Pseudodiploria185527,-1.95570384545959
Pseudodiploria185528,-1.41709065451427
Pseudodiploria185530,-0.214531957036744
Pseudodiploria185535,0.0912049242937205
Pseudodiploria185536,0.591558546587816
Pseudodiploria185538,0.57585607921477
Pseudodiploria185539,-0.177434442897223
Pseudodiploria185541,-0.271354445432684
Pseudodiploria185542,0.594112233697529
Pseudodiploria185544,0.256638366550124
Pseudodiploria185545,-0.0476469282591224
Pseudodiploria185548,-0.911125570518952
Pseudodiploria185551,0.577192383094385
Pseudodiploria185552,0.128116928466322
Pseudodiploria185553,0.211278735607314
Pseudodiploria185555,0.0129576224001086
Pseudodiploria185556,-0.554295419131178
Pseudodiploria185557,-0.736533589564655
Pseudodiploria185558,-0.318213522943563
Pseudodiploria185559,-0.425569767590093
Pseudodiploria185562,-0.520871716688683
Pseudodiploria185563,0.275164331825944
Pseudodiploria185564,0.400381349076495
Pseudodiploria185568,-0.935523523455516
Pseudodiploria185569,-0.0894387854858627
Pseudodiploria185573,-0.139448557394704
Pseudodiploria185574,-0.130370037657229
Pseudodiploria185575,0.370880009134327
Pseudodiploria185577,-0.428099473121181
Pseudodiploria185586,0.0495894215338807
Pseudodiploria185587,0.0492875722786372
Pseudodiploria185588,0.163943617247218
Pseudodiploria185589,0.595724810556379
Pseudodiploria185594,0.0276072284836803
Pseudodiploria185597,0.00517767920309936
Pseudodiploria185605,0.0137376066686761
Pseudodiploria185614,0.206650489399542
Pseudodiploria185618,-0.279975928009966
Pseudodiploria185620,-0.328594246092567
Pseudodiploria185621,-0.442699699363534
Pseudodiploria185624,-1.33369885347625
Pseudodiploria185625,0.258599694740125
Pseudodiploria185627,-0.00482229739566747
Pseudodiploria185628,0.337063950950247
Pseudodiploria185631,0.190871659623312
Pseudodiploria185632,0.188409456838976
Pseudodiploria185637,-0.145097678110794
Pseudodiploria185645,0.169907496079828
Pseudodiploria185646,-1.03517033779734
Pseudodiploria185647,-0.00285162649254338
Pseudodiploria185651,-0.489877481774641
Pseudodiploria185653,0.0262074228512426
Pseudodiploria185654,0.443886829699575
Pseudodiploria185655,0.667587899235407
Pseudodiploria185658,0.112391318557107
Pseudodiploria185659,-0.293563014970217
Pseudodiploria185664,0.0452348044574675
Pseudodiploria185665,0.091601738239799
Pseudodiploria185668,-0.485697404406519
Pseudodiploria185670,-1.05479137974323
Pseudodiploria185671,1.00113653763402
Pseudodiploria185672,-0.0148545184912831
Pseudodiploria185673,-0.174069524208135
Pseudodiploria185675,-0.0525242855756217
Pseudodiploria185676,0.265168818739934
Pseudodiploria185677,-0.047064500855242
Pseudodiploria185678,0.380965022348314
Pseudodiploria185681,0.4735966855337
Pseudodiploria185687,0.184179618150124
Pseudodiploria185690,0.23457308440255
Pseudodiploria185692,-0.0687195983552416
Pseudodiploria185700,-0.500199768517961
Pseudodiploria185703,-0.0551316711808609
Pseudodiploria185704,-0.341573632095322
Pseudodiploria185705,-0.70477445450041
Pseudodiploria185708,-0.129197461910373
Pseudodiploria185713,0.0641892777041207
Pseudodiploria185714,1.06937229670483
Pseudodiploria185715,-0.661699418660489
Pseudodiploria185724,0.784136459609781
Pseudodiploria185726,0.131523025087517
Pseudodiploria185727,-0.0955599696722141
Pseudodiploria185729,0.0391584820591929
Pseudodiploria185730,0.0234403456822375
Pseudodiploria185732,-0.236044545167081
Pseudodiploria185735,-0.0663176976370524
Pseudodiploria185737,0.0293486254318234
Pseudodiploria185738,0.226954444112981
Pseudodiploria185739,-0.205617431657748
Pseudodiploria185740,0.392231458037189
Pseudodiploria185744,0.537948926849187
Pseudodiploria185745,-0.474314012277671
Pseudodiploria185746,-0.794387966866388
Pseudodiploria185751,0.216724515806828
Pseudodiploria185752,0.480680682613955
Pseudodiploria185753,0.362129311538427
Pseudodiploria185755,0.141314597479851
Pseudodiploria185756,0.261599600294153
Pseudodiploria185759,-0.471981172812926
Pseudodiploria185760,-0.102313896575127
Pseudodiploria185761,-0.0162032969327034
Pseudodiploria185762,-0.286890855111543
Pseudodiploria185767,0.499116619939462
Pseudodiploria185768,-0.52692072282943
Pseudodiploria185769,0.228040844791088
Pseudodiploria185771,0.735774022107315
Pseudodiploria185774,-0.187014843011498
Pseudodiploria185776,0.269209101221807
Pseudodiploria185781,-0.794221918921998
Pseudodiploria185786,-0.444724557663453
Pseudodiploria185788,0.253363682073296
Pseudodiploria185790,0.268822414493509
Pseudodiploria185791,-0.325219948672596
Pseudodiploria185795,0.052974213332671
Pseudodiploria185796,-1.84753335402863
Pseudodiploria185797,-0.0907196498702572
Pseudodiploria185800,0.0129828572685091
Pseudodiploria185801,-0.103575525855576
Pseudodiploria185802,-0.305646047284943
Pseudodiploria185803,-1.26599485015228
Pseudodiploria185805,0.147463097260547
Pseudodiploria185807,-0.0970999016421614
Pseudodiploria185808,0.180078484634752
Pseudodiploria185809,-0.680821653061515
Pseudodiploria185812,0.135122136687336
Pseudodiploria185813,-0.567173570418466
Pseudodiploria185814,-0.781981038955242
Pseudodiploria185815,-0.39161493113772
Pseudodiploria185816,-0.626897738782841
Pseudodiploria185819,0.50675594287943
Pseudodiploria185820,-0.0796317406205586
Pseudodiploria185821,-0.246806075717846
Pseudodiploria185823,-0.0589421797328219
Pseudodiploria185826,-0.0899126032006929
Pseudodiploria185833,-0.0480441269229858
Pseudodiploria185835,0.301691510941676
Pseudodiploria185842,-0.495218141063292
Pseudodiploria185843,0.0526481931381276
Pseudodiploria185844,0.597571314047781
Pseudodiploria185847,-0.471910098969538
Pseudodiploria185853,-0.225245142993067
Pseudodiploria185855,-0.333411024540262
Pseudodiploria185857,-0.454063262675172
Pseudodiploria185859,0.385497787871634
Pseudodiploria185860,-0.185329952934993
Pseudodiploria185862,0.0491787949119149
Pseudodiploria185863,1.04068131598268
Pseudodiploria185865,0.188930010981791
Pseudodiploria185868,-0.00214898669102774
Pseudodiploria185875,0.214935179557664
Pseudodiploria185877,0.024960575999535
Pseudodiploria185878,0.540220750883378
Pseudodiploria185884,0.219422319011317
Pseudodiploria185885,-0.118974783097702
Pseudodiploria185886,-0.13990059540607
Pseudodiploria185887,-0.300177841087588
Pseudodiploria185889,-0.989306866770375
Pseudodiploria185891,-0.424999502459506
Pseudodiploria185896,0.214749854443911
Pseudodiploria185904,0.357681558279486
Pseudodiploria185908,0.498675707454419
Pseudodiploria185909,0.0275088752646155
Pseudodiploria185912,0.581525914793692
Pseudodiploria185913,0.329889874601582
Pseudodiploria185914,-0.340763574035014
Pseudodiploria185916,-0.122575609798622
Pseudodiploria185917,0.751043504131472
Pseudodiploria185918,-0.306598856027522
Pseudodiploria185925,0.787906410067422
Pseudodiploria185927,-0.083057604685088
Pseudodiploria185928,0.0450917814357761
Pseudodiploria185930,-0.124523479396698
Pseudodiploria185931,-0.503286603104942
Pseudodiploria185933,-0.00608579512587547
Pseudodiploria185935,-0.327063647474422
Pseudodiploria185937,0.556068002870583
Pseudodiploria185938,-0.808707273067921
Pseudodiploria185939,-0.0878968582507909
Pseudodiploria185940,-0.393859925216177
Pseudodiploria185941,0.359068889470812
Pseudodiploria185947,-1.1328048313567
Pseudodiploria185950,-0.0737801263481525
Pseudodiploria185951,0.604383986378129
Pseudodiploria185953,-0.322858950343154
Pseudodiploria185956,0.0313222076975395
Pseudodiploria185957,0.785932874105025
Pseudodiploria185960,-1.1661768439677
Pseudodiploria185964,-0.453385825058218
Pseudodiploria185965,-0.340929849082594
Pseudodiploria185967,-0.126679308369471
Pseudodiploria185968,0.588855574794453
Pseudodiploria185971,0.40759547541673
Pseudodiploria185972,-0.529827118168741
Pseudodiploria185973,0.25158215590762
Pseudodiploria185974,0.0980525713897304
Pseudodiploria185975,-0.0486168669151099
Pseudodiploria185976,-0.757048998315241
Pseudodiploria185977,-1.4566611981523
Pseudodiploria185978,0.233031652094715
Pseudodiploria185979,0.902998274949124
Pseudodiploria185981,0.412919519595919
Pseudodiploria185982,-0.18150842338089
Pseudodiploria185983,0.318181723285681
Pseudodiploria185990,-1.04282379540415
Pseudodiploria185993,0.289721889222569
Pseudodiploria185997,-0.214937057295656
Pseudodiploria185998,-1.17935551473702
Pseudodiploria185999,0.369713232330824
Pseudodiploria186001,-0.38708688619401
Pseudodiploria186006,-0.501435362190985
Pseudodiploria186007,-1.06784480237813
Pseudodiploria186010,0.063158175293807
Pseudodiploria186012,-0.396132602971321
Pseudodiploria186013,-0.10426734964883
Pseudodiploria186015,0.0195651172995457
Pseudodiploria186017,-0.0470255516750982
Pseudodiploria186021,-0.222306546872031
Pseudodiploria186023,0.453760188014323
Pseudodiploria186028,0.623604812512869
Pseudodiploria186029,-0.390918482083998
Pseudodiploria186030,0.0797745940401949
Pseudodiploria186032,-0.011570030676534
Pseudodiploria186034,0.490092268068354
Pseudodiploria186035,-0.453403563230664
Pseudodiploria186036,-0.298203353771605
Pseudodiploria186037,-0.160984433251825
Pseudodiploria186038,-0.469704574120923
Pseudodiploria186042,0.159403373650512
Pseudodiploria186043,0.234478139573849
Pseudodiploria186046,0.829177128749181
Pseudodiploria186047,-0.364659588543842
Pseudodiploria186051,0.10080955633665
Pseudodiploria186054,-0.0298375603495099
Pseudodiploria186055,-0.245930420856429
Pseudodiploria186057,-0.278492457568981
Pseudodiploria186062,-0.0428204459223306
Pseudodiploria186063,-0.379473440404719
Pseudodiploria186067,-0.296657738356378
Pseudodiploria186068,-0.154397647335775
Pseudodiploria186069,-0.843160533464975
Pseudodiploria186073,0.622711517706633
Pseudodiploria186074,0.251813811974893
Pseudodiploria186077,0.0334564981709041
Pseudodiploria186079,0.417351428642502
Pseudodiploria186084,0.414989767228931
Pseudodiploria186087,0.241129128994899
Pseudodiploria186088,-0.227290195746904
Pseudodiploria186092,-0.848513642319689
Pseudodiploria186099,0.677540174036623
Pseudodiploria186101,-0.359881925664021
Pseudodiploria186105,0.506581916959599
Pseudodiploria186106,0.0731191991283611
Pseudodiploria186110,-0.039535804711121
Pseudodiploria186111,-0.00497058897446036
Pseudodiploria186112,0.780838080316587
Pseudodiploria186113,0.376968222051813
Pseudodiploria186114,0.33645698319214
Pseudodiploria186116,0.170424789836323
Pseudodiploria186119,-0.376030597754063
Pseudodiploria186120,0.208628682971058
Pseudodiploria186122,0.426993543110135
Pseudodiploria186123,-0.100497200602071
Pseudodiploria186124,-0.17752770515513
Pseudodiploria186125,0.00068388101242202
Pseudodiploria186127,-0.0427176412059464
Pseudodiploria186128,0.167979932416101
Pseudodiploria186130,0.707532919226818
Pseudodiploria186131,-0.482065586571223
Pseudodiploria186133,0.236609097070342
Pseudodiploria186135,-0.789053834339412
Pseudodiploria186139,0.463360152605324
Pseudodiploria186143,0.51349668605057
Pseudodiploria186145,1.08900963826827
Pseudodiploria186146,-0.077150835741103
Pseudodiploria186147,0.227276630512079
Pseudodiploria186150,-0.0739938330904962
Pseudodiploria186156,0.154272767693951
Pseudodiploria186161,0.379831941506838
Pseudodiploria186162,-0.54247444377873
Pseudodiploria186163,-0.570723606751693
Pseudodiploria186167,0.0472221541383249
Pseudodiploria186170,-0.415634781270886
Pseudodiploria186171,1.42976479659892
Pseudodiploria186176,1.17304850761922
Pseudodiploria186177,0.510749399337756
Pseudodiploria186178,-0.0705560786427563
Pseudodiploria186180,0.774575187866607
Pseudodiploria186182,0.0831629667314992
Pseudodiploria186186,-0.186431429764674
Pseudodiploria186187,-0.0468630485128575
Pseudodiploria186188,0.24360613763878
Pseudodiploria186192,0.0776738538373417
Pseudodiploria186193,0.265073965122283
Pseudodiploria186194,-0.854532822384903
Pseudodiploria186195,0.267716807814088
Pseudodiploria186197,0.262708707105617
Pseudodiploria186199,0.525049142116367
Pseudodiploria186202,-0.732384033111521
Pseudodiploria186206,0.343257653733701
Pseudodiploria186207,0.411004991142992
Pseudodiploria186210,-0.0562830995921426
Pseudodiploria186211,-0.364273215413383
Pseudodiploria186212,0.815573574888787
Pseudodiploria186219,-1.045209378233
Pseudodiploria186220,-0.101101723023571
Pseudodiploria186222,0.0778165477926401
Pseudodiploria186223,0.171661773479428
Pseudodiploria186225,-0.115963737137403
Pseudodiploria186226,-0.266325400994024
Pseudodiploria186227,0.332438092951777
Pseudodiploria186228,0.103432394075124
Pseudodiploria186229,-0.216000294998072
Pseudodiploria186233,-0.297954675405189
Pseudodiploria186236,0.278266603364036
Pseudodiploria186239,-0.0434480684868906
Pseudodiploria186240,0.159970975533408
Pseudodiploria186242,0.173857385433729
Pseudodiploria186246,0.528555425336314
Pseudodiploria186247,0.0255121928899144
Pseudodiploria186249,0.791126003951426
Pseudodiploria186260,0.541951931005052
Pseudodiploria186262,-0.0211671505195955
Pseudodiploria186266,-0.0309217337193775
Pseudodiploria186267,0.726408339565435
Pseudodiploria186269,-0.117072290252593
Pseudodiploria186275,-0.280426865575718
Pseudodiploria186277,0.128777097241071
Pseudodiploria186281,0.0128052266534369
Pseudodiploria186292,0.353197769929889
Pseudodiploria186295,-0.244719945898259
Pseudodiploria186296,0.289747286538729
Pseudodiploria186297,0.242816741771366
Pseudodiploria186298,-0.736963235321486
Pseudodiploria186299,-0.0109675480686498
Pseudodiploria186300,0.302207399682111
Pseudodiploria186301,-0.99074768424877
Pseudodiploria186305,-0.697099935233598
Pseudodiploria186306,0.725951706328597
Pseudodiploria186309,-0.40898773633375
Pseudodiploria186316,0.113441901975755
Pseudodiploria186319,-0.176644340504272
Pseudodiploria186324,1.31839233420366
Pseudodiploria186325,-0.624322352585254
Pseudodiploria186326,0.144280359896357
Pseudodiploria186327,-0.343386395171236
Pseudodiploria186331,-0.356614235238627
Pseudodiploria186332,0.00196417090621164
Pseudodiploria186340,0.253036714488279
Pseudodiploria186346,0.190005784549417
Pseudodiploria186347,-0.415037047606634
Pseudodiploria186348,0.00864924504183045
Pseudodiploria186350,0.260207346992119
Pseudodiploria186351,-0.145442204145959
Pseudodiploria186354,-0.131656816514147
Pseudodiploria186355,0.619664742234473
Pseudodiploria186356,1.15167832329519
Pseudodiploria186357,0.347046215868425
Pseudodiploria186358,0.277142725060508
Pseudodiploria186359,0.61936950882378
Pseudodiploria186361,0.272095052608443
Pseudodiploria186362,0.0349899620296544
Pseudodiploria186363,-0.0152769934247816
Pseudodiploria186364,-0.00476530533182442
Pseudodiploria186367,0.00449740639971018
Pseudodiploria186370,-1.08103802402453
Pseudodiploria186371,-0.00565175811087704
Pseudodiploria186372,0.0275027028743987
Pseudodiploria186373,0.0107131701059317
Pseudodiploria186374,0.119320335596341
Pseudodiploria186375,0.576380033917406
Pseudodiploria186378,-0.0787729518457202
Pseudodiploria186380,-0.633165677975348
Pseudodiploria186384,0.624079634318759
Pseudodiploria186386,1.00242894394195
Pseudodiploria186387,0.0505527779938357
Pseudodiploria186390,-0.125862831202051
Pseudodiploria186391,-1.14931250692986
Pseudodiploria186393,0.407451051057494
Pseudodiploria186394,0.638559756306028
Pseudodiploria186395,-0.724070988963958
Pseudodiploria186396,0.652493287188508
Pseudodiploria186398,-0.101304083730568
Pseudodiploria186400,-0.508603615299716
Pseudodiploria186402,-0.586664781692224
Pseudodiploria186403,-0.745227380560993
Pseudodiploria186404,-0.97146905748337
Pseudodiploria186405,-0.484236844051358
Pseudodiploria186406,0.955945121160463
Pseudodiploria186409,0.434668219330113
Pseudodiploria186410,0.927163287247262
Pseudodiploria186414,0.529335067226997
Pseudodiploria186416,-0.641899208930199
Pseudodiploria186418,-0.126913316900096
Pseudodiploria186419,0.439004518953696
Pseudodiploria186420,0.367755387543083
Pseudodiploria186423,0.180104358171474
Pseudodiploria186424,0.736741697361023
Pseudodiploria186426,-0.326448025620095
Pseudodiploria186431,-0.140319064372741
Pseudodiploria186433,-0.516699817139165
Pseudodiploria186434,-0.706209454173389
Pseudodiploria186435,0.358896155562636
Pseudodiploria186441,0.583022041089068
Pseudodiploria186442,0.333360802470112
Pseudodiploria186445,0.656250472197951
Pseudodiploria186447,-0.493612879632043
Pseudodiploria186450,0.113649794488557
Pseudodiploria186454,-0.191126025076456
Pseudodiploria186455,-0.0392400548319908
Pseudodiploria186456,-1.08686802776529
Pseudodiploria186459,-1.13307882507963
Pseudodiploria186460,-0.222141899199239
Pseudodiploria186461,-0.0977456109695648
Pseudodiploria186464,0.522583768706021
Pseudodiploria186466,0.440681942218705
Pseudodiploria186467,-0.343716269631703
Pseudodiploria186469,-0.0520029688680984
Pseudodiploria186470,0.116591427654084
Pseudodiploria186471,0.0175651511797546
Pseudodiploria186473,-0.0131873374344584
Pseudodiploria186477,-0.36421199958233
Pseudodiploria186478,-0.631867273256827
Pseudodiploria186482,0.0401619908379115
Pseudodiploria186484,0.357850473706576
Pseudodiploria186485,-0.252965666271108
Pseudodiploria186486,0.0365778410720037
Pseudodiploria186492,0.565239104758675
Pseudodiploria186494,-0.0175046813869252
Pseudodiploria186495,-1.13474920015383
Pseudodiploria186504,0.227412908226414
Pseudodiploria186505,-0.712484041966241
Pseudodiploria186507,-0.0106787150806429
Pseudodiploria186508,-1.17464832500726
Pseudodiploria186509,0.225182617770719
Pseudodiploria186513,-1.07856262091975
Pseudodiploria186517,0.0538361831670678
Pseudodiploria186518,-0.693048954170022
Pseudodiploria186519,-0.111262955367247
Pseudodiploria186520,-0.0754215366708874
Pseudodiploria186521,-0.328568019945515
Pseudodiploria186522,0.333908179798148
Pseudodiploria186524,-0.277866178094213
Pseudodiploria186525,-0.177466700682704
Pseudodiploria186526,-1.87307129532252
Pseudodiploria186528,0.090421119460444
Pseudodiploria186534,0.0972292706882485
Pseudodiploria186538,-0.735104334827618
Pseudodiploria186540,-0.306993367092169
Pseudodiploria186541,1.48394698730754
Pseudodiploria186543,-0.906933324661592
Pseudodiploria186544,0.483199576851226
Pseudodiploria186545,0.0693908335410637
Pseudodiploria186548,0.507415617258117
Pseudodiploria186549,-0.058277120945602
Pseudodiploria186550,-0.174509218425659
Pseudodiploria186552,-0.12271388465082
Pseudodiploria186553,0.276132674420829
Pseudodiploria186554,-0.0528900091564088
Pseudodiploria186555,-0.219250382837826
Pseudodiploria186556,0.0783552536402722
Pseudodiploria186559,0.451371097674358
Pseudodiploria186560,0.0657187333644855
Pseudodiploria186561,-0.0233034274962375
Pseudodiploria186562,0.214777633015247
Pseudodiploria186564,0.127716624710438
Pseudodiploria186568,-1.40492863660359
Pseudodiploria186570,-0.575928372509713
Pseudodiploria186572,-0.238899832547442
Pseudodiploria186575,0.379791935932917
Pseudodiploria186576,0.000544885354836508
Pseudodiploria186577,0.0824515656322087
Pseudodiploria186579,-0.047888029065577
Pseudodiploria186580,0.391378592545771
Pseudodiploria186581,0.549254778807101
Pseudodiploria186584,-0.334945025264044
Pseudodiploria186586,0.0116468022596127
Pseudodiploria186588,-1.17905546618411
Pseudodiploria186590,0.485720833011815
Pseudodiploria186593,0.526996695020046
Pseudodiploria186594,-0.104780920761152
Pseudodiploria186596,1.28142660430742
Pseudodiploria186598,0.595847542793759
Pseudodiploria186599,-0.00728136939335715
Pseudodiploria186600,0.991689210541462
Pseudodiploria186602,-0.0824775954949718
Pseudodiploria186604,-0.610662086068943
Pseudodiploria186606,0.609359102090353
Pseudodiploria186607,0.000989428031861771
Pseudodiploria186608,-0.091248526819001
Pseudodiploria186609,-0.609576589162895
Pseudodiploria186611,-0.272327509781084
Pseudodiploria186612,0.105188049976228
Pseudodiploria186613,0.156098627290314
Pseudodiploria186619,-0.383881129127017
Pseudodiploria186620,-0.542435247157837
Pseudodiploria186623,0.133131563001066
Pseudodiploria186624,-0.222384169605928
Pseudodiploria186625,0.384264253763745
Pseudodiploria186626,-0.195769514416141
Pseudodiploria186627,-0.377740120324554
Pseudodiploria186630,-0.220778856646793
Pseudodiploria186633,0.149892563139938
Pseudodiploria186637,0.0888528379947332
Pseudodiploria186638,0.074132315483549
Pseudodiploria186639,-1.22173811252009
Pseudodiploria186643,0.267107886602294
Pseudodiploria186647,-1.43703140841665
Pseudodiploria186650,0.188581048518435
Pseudodiploria186653,0.978189069948022
Pseudodiploria186654,0.873444522900296
Pseudodiploria186660,-0.687435696864074
Pseudodiploria186661,0.660201088687524
Pseudodiploria186662,0.35844059333519
Pseudodiploria186663,0.587640550925315
Pseudodiploria186666,0.51311389134239
Pseudodiploria186670,-0.566562134446695
Pseudodiploria186673,0.236644281165329
Pseudodiploria186677,-0.524751139327
Pseudodiploria186679,0.341585928200599
Pseudodiploria186685,-0.0751316387608708
Pseudodiploria186688,-0.0444700504287833
Pseudodiploria186692,0.273182391656938
Pseudodiploria186693,-1.16045260484545
Pseudodiploria186694,-1.27510143782059
Pseudodiploria186698,0.157816311915457
Pseudodiploria186699,-0.945435964955979
Pseudodiploria186700,0.20377784082176
Pseudodiploria186702,-0.325758071295442
Pseudodiploria186703,0.0448211784928134
Pseudodiploria186704,-0.084019890027096
Pseudodiploria186705,0.0852665547373343
Pseudodiploria186708,0.169779430288797
Pseudodiploria186711,0.501555498071889
Pseudodiploria186714,-0.0899702453666934
Pseudodiploria186715,0.135072355235582
Pseudodiploria186717,-1.09432239632322
Pseudodiploria186718,0.278812183514251
Pseudodiploria186720,-0.0616251375571348
Pseudodiploria186722,-0.0764306355221933
Pseudodiploria186723,0.264764105060541
Pseudodiploria186724,0.76887022894435
Pseudodiploria186725,-0.269322512652828
Pseudodiploria186727,0.458119695655761
Pseudodiploria186729,-0.036764780746864
Pseudodiploria186731,-0.192295601187977
Pseudodiploria186732,0.221253433251323
Pseudodiploria186733,-0.639351646874846
Pseudodiploria186734,-0.1721553942538
Pseudodiploria186735,-1.10080724069565
Pseudodiploria186736,-0.54124615466988
Pseudodiploria186737,0.40563381396027
Pseudodiploria186740,0.424040787209982
Pseudodiploria186746,-0.0353605762502356
Pseudodiploria186747,-0.485810410644429
Pseudodiploria186749,0.118732541115836
Pseudodiploria186751,-0.783499929570728
Pseudodiploria186754,-0.411131046560999
Pseudodiploria186756,-0.650862045246275
Pseudodiploria186758,0.388414237401681
Pseudodiploria186759,0.277456602603126
Pseudodiploria186761,0.25547995621449
Pseudodiploria186765,-0.105462689789206
Pseudodiploria186770,0.33394717868601
Pseudodiploria186772,0.0441677393964805
Pseudodiploria186776,-0.284863747266223
Pseudodiploria186779,-0.790660751945709
Pseudodiploria186780,-0.193199889950129
Pseudodiploria186782,0.238412077607415
Pseudodiploria186783,-0.254079718529733
Pseudodiploria186788,0.0861585845769316
Pseudodiploria186789,0.120966132399186
Pseudodiploria186792,0.422500430579873
Pseudodiploria186793,-0.340326851526412
Pseudodiploria186795,-0.172848075194219
Pseudodiploria186796,0.556887498826358
Pseudodiploria186798,0.129923569617112
Pseudodiploria186799,-1.07961626855666
Pseudodiploria186800,1.21774572526004
Pseudodiploria186801,0.878755357552767
Pseudodiploria186805,0.0550386364737917
Pseudodiploria186806,1.19443241806262
Pseudodiploria186808,-0.255599569373275
Pseudodiploria186811,0.398436234478565
Pseudodiploria186813,-0.35476236636325
Pseudodiploria186816,0.709541942695337
Pseudodiploria186818,-0.116428852951592
Pseudodiploria186819,-0.191278791341421
Pseudodiploria186820,0.272863293095857
Pseudodiploria186821,-1.07172046761991
Pseudodiploria186822,0.056137852579063
Pseudodiploria186823,0.63578904798405
Pseudodiploria186824,-0.449208833909417
Pseudodiploria186826,-0.302325684307207
Pseudodiploria186827,0.625405619925625
Pseudodiploria186829,-0.0186223928575578
Pseudodiploria186830,-1.19947201739765
Pseudodiploria186831,0.544842346605738
Pseudodiploria186832,0.097480862077453
Pseudodiploria186834,-0.340934396637237
Pseudodiploria186835,9.05037215781442e-07
Pseudodiploria186836,-0.238482909111978
Pseudodiploria186839,0.0667958107885566
Pseudodiploria186841,-0.508352074845932
Pseudodiploria186842,0.56645626108821
Pseudodiploria186843,-0.204522195098425
Pseudodiploria186845,0.979931067564935
Pseudodiploria186847,-0.052160381692168
Pseudodiploria186848,0.168861514892573
Pseudodiploria186849,0.0512716654875483
Pseudodiploria186851,0.18955839099197
Pseudodiploria186856,0.439656691418976
Pseudodiploria186862,-0.180885127742822
Pseudodiploria186874,0.173730696651169
Pseudodiploria186876,0.302460616177601
Pseudodiploria186877,0.634403856347352
Pseudodiploria186880,0.350996621655238
Pseudodiploria186882,-0.634422688652115
Pseudodiploria186883,0.51252778981609
Pseudodiploria186884,-0.19615394423135
Pseudodiploria186891,-0.420737269643643
Pseudodiploria186895,-0.0899330043750974
Pseudodiploria186898,1.05929656939606
Pseudodiploria186899,0.0590166300336592
Pseudodiploria186900,0.899924319998953
Pseudodiploria186903,-1.05678090764821
Pseudodiploria186906,0.516300322020306
Pseudodiploria186910,0.177789138786598
Pseudodiploria186911,0.45934925076685
Pseudodiploria186913,-0.197886542073568
Pseudodiploria186915,-0.0985411596681658
Pseudodiploria186917,-0.49549444481196
Pseudodiploria186919,-0.839365496776161
Pseudodiploria186920,0.049003133529277
Pseudodiploria186924,1.10232836621321
Pseudodiploria186927,-0.720521630870277
Pseudodiploria186928,-0.661237114168682
Pseudodiploria186933,-0.819219941593409
Pseudodiploria186935,-0.063486939647639
Pseudodiploria186937,-0.202044477229768
Pseudodiploria186943,-0.706976553066945
Pseudodiploria186944,-0.235787852034713
Pseudodiploria186945,-0.279222751805888
Pseudodiploria186953,-0.204358121412193
Pseudodiploria186955,0.962493212501165
Pseudodiploria186959,-0.41591310376925
Pseudodiploria186960,-0.48368300348605
Pseudodiploria186962,-0.052072786667826
Pseudodiploria186966,-0.088947722502155
Pseudodiploria186968,-0.185556984915244
Pseudodiploria186969,0.192783382113023
Pseudodiploria186973,0.178566774286755
Pseudodiploria186976,0.0725611143266281
Pseudodiploria186979,-0.453821744067233
Pseudodiploria186980,0.0630934030413031
Pseudodiploria186981,0.488090427938947
Pseudodiploria186983,-0.0731898443854246
Pseudodiploria186985,-0.0962281684204456
Pseudodiploria186990,0.0477268567254018
Pseudodiploria186995,-0.133172942945674
Pseudodiploria186996,-0.0249937232092649
Pseudodiploria186997,1.08962221465747
Pseudodiploria186999,-0.35229108294224
Pseudodiploria187001,0.164362666926902
Pseudodiploria187003,0.0747364624062632
Pseudodiploria187005,0.132264372934911
Pseudodiploria187006,0.03976836151028
Pseudodiploria187007,0.254715666792
Pseudodiploria187013,-0.50594682653381
Pseudodiploria187015,0.175135541932254
Pseudodiploria187020,0.23974493104885
Pseudodiploria187022,-0.0639120901632937
Pseudodiploria187023,-0.222115772224197
Pseudodiploria187025,-0.706058276397007
Pseudodiploria187026,0.296348714336535
Pseudodiploria187030,0.151284514678485
Pseudodiploria187031,1.06226884471174
Pseudodiploria187032,-0.152971845860572
Pseudodiploria187036,0.256484104395813
Pseudodiploria187037,0.129138912730392
Pseudodiploria187038,-0.0759322552772604
Pseudodiploria187040,-0.79976991392062
Pseudodiploria187042,-0.295960880357021
Pseudodiploria187044,0.225817518959585
Pseudodiploria187045,-0.0423469089620333
Pseudodiploria187049,0.376877050551272
Pseudodiploria187052,-0.571062401281636
Pseudodiploria187055,0.215550006754364
Pseudodiploria187057,-0.440313686662799
Pseudodiploria187058,0.189634365110964
Pseudodiploria187061,-0.154147546281517
Pseudodiploria187063,-0.313933883648428
Pseudodiploria187064,-0.0813555392603843
Pseudodiploria187065,-0.258987086815762
Pseudodiploria187067,-0.0230097307041701
Pseudodiploria187069,-0.25178373328671
Pseudodiploria187071,0.161522111722049
Pseudodiploria187072,-0.635657788205966
Pseudodiploria187074,-0.00729065198904101
Pseudodiploria187075,0.0836080146912743
Pseudodiploria187076,-0.589280156365098
Pseudodiploria187078,-0.208792030204454
Pseudodiploria187079,0.127723942564033
Pseudodiploria187080,0.839974497126774
Pseudodiploria187085,-0.229932270464664
Pseudodiploria187086,0.133365479275999
Pseudodiploria187089,-0.89532664243613
Pseudodiploria187094,-0.125374403896232
Pseudodiploria187099,-0.48841424767104
Pseudodiploria187101,-0.0746546007770066
Pseudodiploria187103,0.0250020655364972
Pseudodiploria187105,0.578923041532642
Pseudodiploria187106,-0.0825242334844914
Pseudodiploria187107,-0.0575532486869474
Pseudodiploria187108,0.35816844211642
Pseudodiploria187110,0.263467038068763
Pseudodiploria187111,0.423198079301977
Pseudodiploria187115,-0.654745716260995
Pseudodiploria187117,0.465807342832086
Pseudodiploria187120,-0.301469205724925
Pseudodiploria187122,-0.729882578399537
Pseudodiploria187123,-0.278300314832912
Pseudodiploria187124,0.479537051198646
Pseudodiploria187125,-0.173187221963623
Pseudodiploria187127,-0.633169379992514
Pseudodiploria187128,0.480961030516631
Pseudodiploria187132,0.069404360454217
Pseudodiploria187134,-0.390120154082382
Pseudodiploria187137,0.903652402677547
Pseudodiploria187143,-1.40227099797707
Pseudodiploria187148,-0.262932011956449
Pseudodiploria187150,-0.0144189357289625
Pseudodiploria187151,0.0673858558796382
Pseudodiploria187154,-0.0913611583115966
Pseudodiploria187156,0.367130505135539
Pseudodiploria187158,0.533768941467137
Pseudodiploria187160,-0.33762776058053
Pseudodiploria187161,0.0277464061733962
Pseudodiploria187162,0.594921616130469
Pseudodiploria187163,-1.00130754857321
Pseudodiploria187166,0.00679532812420228
Pseudodiploria187167,-0.190006468170759
Pseudodiploria187174,-0.65544985844428
Pseudodiploria187175,-0.065415644161012
Pseudodiploria187178,0.237750192174688
Pseudodiploria187180,-0.0566485591733211
Pseudodiploria187182,0.453530654501779
Pseudodiploria187184,-0.0821157952709476
Pseudodiploria187188,0.52015886176288
Pseudodiploria187190,0.330094010214502
Pseudodiploria187192,-0.968024588491324
Pseudodiploria187194,0.357002665058006
Pseudodiploria187196,0.486288725493752
Pseudodiploria187200,-0.0785323175130283
Pseudodiploria187201,-0.10593171446533
Pseudodiploria187203,0.389115327604398
Pseudodiploria187205,0.623549083195458
Pseudodiploria187206,0.723053312007253
Pseudodiploria187208,0.266197889355551
Pseudodiploria187209,0.205604523947732
Pseudodiploria187210,-0.173992557077082
Pseudodiploria187211,-0.393171693502647
Pseudodiploria187213,-0.352563754668079
Pseudodiploria187214,0.228483983934036
Pseudodiploria187217,0.153534342240325
Pseudodiploria187218,-0.176230471105283
Pseudodiploria187219,-0.897573159619155
Pseudodiploria187220,-0.318182575610745
Pseudodiploria187224,0.321334426531531
Pseudodiploria187225,-0.0374728580783897
Pseudodiploria187226,-0.859983833010933
Pseudodiploria187227,-0.528641651893915
Pseudodiploria187228,0.393729480181152
Pseudodiploria187229,-0.030349263025079
Pseudodiploria187230,0.078270592877206
Pseudodiploria187232,-0.266561811127114
Pseudodiploria187233,0.558410704974959
Pseudodiploria187238,0.325788139957978
Pseudodiploria187240,-0.305310822018573
Pseudodiploria187241,0.305548105719122
Pseudodiploria187245,-0.180050386507894
Pseudodiploria187250,0.00157279878369463
Pseudodiploria187258,0.258038143949888
Pseudodiploria187263,0.222911424244629
Pseudodiploria187266,-0.430350768056815
Pseudodiploria187267,0.00376633387115654
Pseudodiploria187270,0.369294967734591
Pseudodiploria187273,0.0512317516199965
Pseudodiploria187275,-0.372545425422909
Pseudodiploria187277,0.1799793421276
Pseudodiploria187279,1.05268061581468
Pseudodiploria187280,-0.635453880004183
Pseudodiploria187282,-0.320724587999663
Pseudodiploria187283,-0.0216773101131104
Pseudodiploria187284,-0.0120252024769809
Pseudodiploria187287,-0.303932445033986
Pseudodiploria187288,-1.09142704500392
Pseudodiploria187291,-0.0733089137520217
Pseudodiploria187292,1.85885877828355
Pseudodiploria187293,-0.225230858796455
Pseudodiploria187295,0.509477370466577
Pseudodiploria187300,0.330373584995664
Pseudodiploria187301,0.0972789056262873
Pseudodiploria187303,0.348561844312949
Pseudodiploria187304,0.188369517842679
Pseudodiploria187306,0.529951530047015
Pseudodiploria187307,0.168521212361602
Pseudodiploria187309,0.330730098773032
Pseudodiploria187311,-0.318891075448703
Pseudodiploria187312,-0.0887039882728501
Pseudodiploria187314,0.487828394328488
Pseudodiploria187315,0.000428071476546609
Pseudodiploria187316,0.227641932749141
Pseudodiploria187320,0.0195544964702669
Pseudodiploria187321,0.659444092932361
Pseudodiploria187322,-1.43235761114607
Pseudodiploria187324,0.0128146789796611
Pseudodiploria187325,-0.929639546277806
Pseudodiploria187328,-0.381401303945812
Pseudodiploria187329,0.00451925825621353
Pseudodiploria187330,-1.06630044197225
Pseudodiploria187331,-1.12829061653537
Pseudodiploria187335,-0.228276351679937
Pseudodiploria187338,0.29923105171647
Pseudodiploria187341,-0.891226865097738
Pseudodiploria187344,0.199066156819286
Pseudodiploria187348,0.299341535655937
Pseudodiploria187352,-0.372630747785993
Pseudodiploria187356,-0.304971739995661
Pseudodiploria187357,-0.101901537681806
Pseudodiploria187358,0.578248669369961
Pseudodiploria187362,-0.167700082247242
Pseudodiploria187363,-0.25568374547106
Pseudodiploria187364,0.793868135682341
Pseudodiploria187367,0.657676761969577
Pseudodiploria187369,0.00299358012991944
Pseudodiploria187372,-0.293048431059858
Pseudodiploria187378,0.354102902501947
Pseudodiploria187379,-0.382045879795068
Pseudodiploria187385,-0.0974089295251014
Pseudodiploria187391,0.0705335367613091
Pseudodiploria187392,0.415486492210568
Pseudodiploria187397,-0.0359352625374424
Pseudodiploria187399,-0.220377247294841
Pseudodiploria187402,1.65414264626558
Pseudodiploria187406,0.226337148458649
Pseudodiploria187408,0.7303797072559
Pseudodiploria187411,-0.21728202118175
Pseudodiploria187413,0.00725071942842485
Pseudodiploria187414,0.322896700991981
Pseudodiploria187415,0.239914190298876
Pseudodiploria187418,-0.0596903471779861
Pseudodiploria187419,-0.328776681451294
Pseudodiploria187421,0.382010620038955
Pseudodiploria187427,-0.39288511435509
Pseudodiploria187429,0.187484395716767
Pseudodiploria187430,-0.0292422849111199
Pseudodiploria187434,-0.682042959966002
Pseudodiploria187437,0.36767752102405
Pseudodiploria187441,-0.146009514157363
Pseudodiploria187442,-0.276308236316753
Pseudodiploria187446,0.366770213407196
Pseudodiploria187447,1.60588966730945
Pseudodiploria187450,0.0838874291969332
Pseudodiploria187455,-0.037453312690961
Pseudodiploria187456,-0.41287781227938
Pseudodiploria187458,-0.459857895050759
Pseudodiploria187459,-0.507637525077134
Pseudodiploria187460,-0.0473125838598946
Pseudodiploria187466,0.812647029984246
Pseudodiploria187467,0.0116329083045525
Pseudodiploria187468,-0.00502374802812524
Pseudodiploria187469,-0.238068678235461
Pseudodiploria187470,0.194776888232482
Pseudodiploria187471,-0.950671013186973
Pseudodiploria187472,1.32500256602163
Pseudodiploria187473,0.0493664434333684
Pseudodiploria187479,-0.611006468704656
Pseudodiploria187480,-0.283505130443722
Pseudodiploria187483,0.0561970945708145
Pseudodiploria187485,0.00646209240123244
Pseudodiploria187486,-0.16952511550752
Pseudodiploria187487,0.315579797823935
Pseudodiploria187489,0.000405531519894552
Pseudodiploria187490,0.526216542283538
Pseudodiploria187492,-0.654159409003424
Pseudodiploria187493,0.0408034176437535
Pseudodiploria187495,0.122958767580481
Pseudodiploria187499,-1.47627278323999
Pseudodiploria187501,-1.26527270289702
Pseudodiploria187502,-0.378262702247982
Pseudodiploria187506,0.572545464079248
Pseudodiploria187507,0.683214583201004
Pseudodiploria187509,-0.94455494970904
Pseudodiploria187510,0.452024448247941
Pseudodiploria187519,-0.474572574847558
Pseudodiploria187521,0.165043863726183
Pseudodiploria187522,0.916861633747088
Pseudodiploria187523,0.0853592343940555
Pseudodiploria187524,-0.376029475466348
Pseudodiploria187526,0.356357736721077
Pseudodiploria187527,-0.0873647601437887
Pseudodiploria187534,-0.0136833998083504
Pseudodiploria187535,2.2888019428311
Pseudodiploria187536,0.742917136165143
Pseudodiploria187538,0.505316068464726
Pseudodiploria187541,0.399208214941662
Pseudodiploria187542,0.0847789578838167
Pseudodiploria187546,-0.959062784965104
Pseudodiploria187549,0.939553812245306
Pseudodiploria187550,-0.844129668492836
Pseudodiploria187551,-0.410681452962435
Pseudodiploria187552,-0.822829794324927
Pseudodiploria187555,0.156583937683354
Pseudodiploria187556,-0.325789086412807
Pseudodiploria187557,-0.70793304789413
Pseudodiploria187561,-0.861154211389068
Pseudodiploria187562,-1.10764058425514
Pseudodiploria187563,-0.0994795595866639
Pseudodiploria187564,-0.194707349267101
Pseudodiploria187575,0.391798581536711
Pseudodiploria187579,0.128228249672347
Pseudodiploria187580,-0.00743776602997998
Pseudodiploria187581,0.920914754123712
Pseudodiploria187584,0.224357129403868
Pseudodiploria187585,-0.471430891501069
Pseudodiploria187589,0.772695607951071
Pseudodiploria187590,-1.02960789695327
Pseudodiploria187592,-0.520913534505531
Pseudodiploria187593,-0.377725442530369
Pseudodiploria187594,-0.0806441104597503
Pseudodiploria187595,0.484459748044896
Pseudodiploria187596,0.260633916307774
Pseudodiploria187597,-0.021221045964854
Pseudodiploria187601,0.616219057866223
Pseudodiploria187604,-0.599381862066952
Pseudodiploria187606,0.272648062188002
Pseudodiploria187607,0.000673211764627766
Pseudodiploria187608,-0.0679973074151162
Pseudodiploria187611,0.592859061925083
Pseudodiploria187612,-0.113159825161086
Pseudodiploria187613,0.369319959361498
Pseudodiploria187616,-0.0625228026153511
Pseudodiploria187617,-0.540975888038385
Pseudodiploria187620,-0.099843516411178
Pseudodiploria187627,-0.129595804634361
Pseudodiploria187628,0.203789326923896
Pseudodiploria187629,-0.330421074859562
Pseudodiploria187633,-1.04374212550519
Pseudodiploria187635,-0.482688419696888
Pseudodiploria187642,-0.247847885966823
Pseudodiploria187649,-0.576585454111778
Pseudodiploria187650,-0.805696015790959
Pseudodiploria187651,0.0471610540667599
Pseudodiploria187652,0.426292470090359
Pseudodiploria187656,-0.720620697392145
Pseudodiploria187658,-0.5278653039068
Pseudodiploria187659,-0.631742696736784
Pseudodiploria187662,-0.560566098397309
Pseudodiploria187664,-0.158640414641613
Pseudodiploria187665,1.01980237913421
Pseudodiploria187667,0.151748059447825
Pseudodiploria187668,-0.194568987503478
Pseudodiploria187669,-0.701511251294488
Pseudodiploria187671,-0.0126629193522053
Pseudodiploria187674,0.194406183421417
Pseudodiploria187675,0.0744734615232899
Pseudodiploria187676,-0.110810251435943
Pseudodiploria187677,-0.144628557012047
Pseudodiploria187680,-0.111593647073977
Pseudodiploria187681,-1.02594317634148
Pseudodiploria187682,0.387249827807577
Pseudodiploria187683,0.155067912940795
Pseudodiploria187686,0.26918761736674
Pseudodiploria187687,-1.06678811069735
Pseudodiploria187689,-0.200310507661236
Pseudodiploria187692,-0.241723661294039
Pseudodiploria187693,-0.173593338901719
Pseudodiploria187695,0.100447731853527
Pseudodiploria187697,-0.137876856138105
Pseudodiploria187704,-0.289746364509978
Pseudodiploria187706,0.0549385106126692
Pseudodiploria187708,1.14279531174661
Pseudodiploria187709,0.0258092468257114
Pseudodiploria187710,0.0779494295358306
Pseudodiploria187712,0.498814100456371
Pseudodiploria187714,0.413761876678483
Pseudodiploria187717,-0.087102487201205
Pseudodiploria187719,0.747824915450137
Pseudodiploria187720,-0.0818101979575728
Pseudodiploria187723,-0.478662017714008
Pseudodiploria187727,-0.00297282381715338
Pseudodiploria187731,0.0872588544122748
Pseudodiploria187733,-0.163424150014321
Pseudodiploria187736,0.00133598025279471
Pseudodiploria187739,-0.77803986315165
Pseudodiploria187741,0.550987280582651
Pseudodiploria187742,0.310468429163543
Pseudodiploria187747,0.671729916529756
Pseudodiploria187749,-0.298350166784846
Pseudodiploria187751,-0.979566785880099
Pseudodiploria187753,0.202392093569653
Pseudodiploria187754,0.22161139033781
Pseudodiploria187755,0.100760648265474
Pseudodiploria187756,0.401913128227996
Pseudodiploria187757,-0.102427744321753
Pseudodiploria187758,0.256321377087416
Pseudodiploria187759,-0.288382890468113
Pseudodiploria187766,-0.0885873683040515
Pseudodiploria187768,0.407613392540436
Pseudodiploria187774,0.95876206237234
Pseudodiploria187780,0.31809268734
Pseudodiploria187781,0.175699564282079
Pseudodiploria187782,0.0951639511297964
Pseudodiploria187784,0.0337715105203585
Pseudodiploria187785,-0.126552743950121
Pseudodiploria187790,-0.161300058543597
Pseudodiploria187793,0.0490762666150074
Pseudodiploria187801,-0.1000739054156
Pseudodiploria187803,0.0909621771522258
Pseudodiploria187805,-0.304122889681618
Pseudodiploria187807,-0.77174095291007
Pseudodiploria187811,0.433748676667858
Pseudodiploria187815,0.0310280912086795
Pseudodiploria187819,-0.302490753485648
Pseudodiploria187823,0.439434409258802
Pseudodiploria187824,-0.112335947494854
Pseudodiploria187827,-0.110577556625515
Pseudodiploria187828,0.214879835263191
Pseudodiploria187829,-0.74199573462744
Pseudodiploria187832,0.429424821640372
Pseudodiploria187833,0.207855688067088
Pseudodiploria187835,-0.0986215238254086
Pseudodiploria187839,-0.985694338449669
Pseudodiploria187840,0.372945395298365
Pseudodiploria187841,0.0531125989137114
Pseudodiploria187842,-0.0208772728716416
Pseudodiploria187845,-0.56050619487885
Pseudodiploria187846,0.0504679353696667
Pseudodiploria187850,0.13209122586125
Pseudodiploria187851,0.360010868831881
Pseudodiploria187855,0.0556938625230891
Pseudodiploria187856,-0.233826706237559
Pseudodiploria187861,0.234138427363124
Pseudodiploria187864,0.642790905062175
Pseudodiploria187865,0.335058194198932
Pseudodiploria187869,0.775284509790499
Pseudodiploria187872,-0.00299660494458549
Pseudodiploria187873,0.306812148200726
Pseudodiploria187877,0.170499845213419
Pseudodiploria187879,-0.126197455758049
Pseudodiploria187880,0.220701561877048
Pseudodiploria187883,0.233496325576912
Pseudodiploria187885,0.00433830917182341
Pseudodiploria187886,-1.20495863634266
Pseudodiploria187887,-0.0847499075367358
Pseudodiploria187894,-0.577663338994643
Pseudodiploria187896,0.241845356172198
Pseudodiploria187898,0.703265633104051
Pseudodiploria187901,-0.86836968900024
Pseudodiploria187902,1.07437468049532
Pseudodiploria187903,0.327096832926635
Pseudodiploria187904,0.0528381780092454
Pseudodiploria187907,0.106727747417064
Pseudodiploria187909,-0.0475168189037154
Pseudodiploria187913,0.0676922525323071
Pseudodiploria187916,0.0352130321887345
Pseudodiploria187917,-0.717424423196359
Pseudodiploria187918,0.406806901089976
Pseudodiploria187919,0.826349949567955
Pseudodiploria187921,0.934531992504443
Pseudodiploria187930,-0.431130081915981
Pseudodiploria187931,0.215855581814473
Pseudodiploria187932,0.669430180872063
Pseudodiploria187933,0.196807683907564
Pseudodiploria187934,0.0620803452539917
Pseudodiploria187936,0.997933560920042
Pseudodiploria187939,-0.874985150222934
Pseudodiploria187942,-0.0359230930003481
Pseudodiploria187947,-0.565892528867693
Pseudodiploria187953,0.253672860686845
Pseudodiploria187954,-0.271446355443503
Pseudodiploria187955,-0.0269073795758153
Pseudodiploria187957,0.0588321639848982
Pseudodiploria187958,0.511830001399642
Pseudodiploria187961,-0.626592391175325
Pseudodiploria187966,0.16023188515077
Pseudodiploria187970,0.665068080295637
Pseudodiploria187972,-0.0682321712417665
Pseudodiploria187975,-0.291661462435376
Pseudodiploria187976,-0.0634017378818845
Pseudodiploria187977,-0.00126726383626003
Pseudodiploria187978,0.119925520319957
Pseudodiploria187979,0.144846447665011
Pseudodiploria187980,1.76672976493498
Pseudodiploria187983,0.320703265777173
Pseudodiploria187984,-0.211492315744658
Pseudodiploria187986,-0.26670963525444
Pseudodiploria187987,-1.09121999803528
Pseudodiploria187988,-0.196281975475479
Pseudodiploria187993,0.433609052582595
Pseudodiploria187994,0.267808415223745
Pseudodiploria187999,-0.276609913313837
Pseudodiploria188000,0.351033966951394
Pseudodiploria188005,-0.872480124813212
Pseudodiploria188008,0.33452393485143
Pseudodiploria188013,-0.757922759203768
Pseudodiploria188015,-0.0931288291089264
Pseudodiploria188023,-0.718914843940094
Pseudodiploria188030,0.827727492764109
Pseudodiploria188035,-0.452398594988335
Pseudodiploria188041,2.28733724319687
Pseudodiploria188045,0.33688964809957
Pseudodiploria188049,-0.297956804101254
Pseudodiploria188054,0.0260507083189021
Pseudodiploria188055,0.153145858546299
Pseudodiploria188056,0.117600225496727
Pseudodiploria188057,0.672761361712138
Pseudodiploria188059,-0.116641155742999
Pseudodiploria188060,-0.0257625103393114
Pseudodiploria188061,-0.376273181728818
Pseudodiploria188062,-0.301061474718013
Pseudodiploria188063,-0.844770467697509
Pseudodiploria188064,-0.859690714495522
Pseudodiploria188065,-1.88671823042277
Pseudodiploria188066,1.19273828733765
Pseudodiploria188068,-0.0406530212042096
Pseudodiploria188069,-1.53333721502927
Pseudodiploria188071,0.613677966865239
Pseudodiploria188074,-0.363796806198281
Pseudodiploria188075,-0.132134452508503
Pseudodiploria188076,-0.602676070274287
Pseudodiploria188078,0.256263925060354
Pseudodiploria188081,0.238423225089926
Pseudodiploria188083,0.357776341361932
Pseudodiploria188084,-0.456369842583012
Pseudodiploria188086,0.346469014141346
Pseudodiploria188089,0.297217570868008
Pseudodiploria188091,-0.0977718186859655
Pseudodiploria188094,0.518779898944645
Pseudodiploria188096,0.071858875554065
Pseudodiploria188105,-0.488478433199547
Pseudodiploria188106,-0.782627173944895
Pseudodiploria188107,0.0367984683393968
Pseudodiploria188108,0.601279932379458
Pseudodiploria188112,0.236445032386964
Pseudodiploria188113,-0.491913265868769
Pseudodiploria188119,-0.189253051281675
Pseudodiploria188120,0.259567004205168
Pseudodiploria188123,-1.20147841142201
Pseudodiploria188125,-0.162815622068472
Pseudodiploria188127,0.0249105803102749
Pseudodiploria188129,0.395461936856828
Pseudodiploria188133,1.23766756898837
Pseudodiploria188134,-0.363545179238858
Pseudodiploria188135,-1.20009271495336
Pseudodiploria188137,-0.131698539218443
Pseudodiploria188138,-0.144559288717916
Pseudodiploria188141,0.00593585827436122
Pseudodiploria188142,-0.633297269979061
Pseudodiploria188143,0.424273350850373
Pseudodiploria188144,0.264093353639741
Pseudodiploria188145,-0.373091621405995
Pseudodiploria188149,-0.0139229731838641
Pseudodiploria188151,0.156954624834611
Pseudodiploria188152,-0.0239990675763277
Pseudodiploria188157,-0.484336889776587
Pseudodiploria188159,0.0151631133888516
Pseudodiploria188161,0.408606554452292
Pseudodiploria188163,0.0313267358255368
Pseudodiploria188164,0.030030018064649
Pseudodiploria188167,-1.29067266519612
Pseudodiploria188168,-0.0327197423893147
Pseudodiploria188170,0.299129734508833
Pseudodiploria188177,-0.084525255674599
Pseudodiploria188179,-0.0539859287555417
Pseudodiploria188181,-0.121101620789585
Pseudodiploria188186,-0.0232790139028401
Pseudodiploria188189,0.154463198985393
Pseudodiploria188190,-0.188673927252355
Pseudodiploria188191,0.0953777805361084
Pseudodiploria188193,-0.203256646821237
Pseudodiploria188195,0.157631685820978
Pseudodiploria188197,0.124696408293333
Pseudodiploria188198,0.360274515637887
Pseudodiploria188201,-0.0046480689106337
Pseudodiploria188202,0.183757295860777
Pseudodiploria188203,-0.899062239220213
Pseudodiploria188204,-0.530628913557075
Pseudodiploria188205,-0.100146756093683
Pseudodiploria188209,-0.0624826846179265
Pseudodiploria188211,0.991224157622383
Pseudodiploria188216,-1.00446445343396
Pseudodiploria188217,0.502650271537716
Pseudodiploria188221,0.154753964200647
Pseudodiploria188222,0.66736825110449
Pseudodiploria188223,0.651858460479889
Pseudodiploria188224,-0.364454948305572
Pseudodiploria188225,0.208663623306777
Pseudodiploria188226,0.721324257740477
Pseudodiploria188230,1.40912337692669
Pseudodiploria188234,-0.135954296630242
Pseudodiploria188239,0.542349404822777
Pseudodiploria188242,0.5537398414367
Pseudodiploria188246,0.118658517830873
Pseudodiploria188247,0.0978112306092315
Pseudodiploria188251,-0.96535427559899
Pseudodiploria188252,-0.318127663577931
Pseudodiploria188254,-0.833501227819929
Pseudodiploria188255,-0.445657277739252
Pseudodiploria188256,0.391184008197091
Pseudodiploria188258,0.0160452451037905
Pseudodiploria188261,-0.295354870987005
Pseudodiploria188262,1.07414005327498
Pseudodiploria188263,0.128624049440515
Pseudodiploria188264,-0.342141442326023
Pseudodiploria188266,0.253822947683292
Pseudodiploria188268,-0.0344099180110065
Pseudodiploria188269,-1.19893091741708
Pseudodiploria188271,-0.0810685933021098
Pseudodiploria188272,-1.13664218446411
Pseudodiploria188273,1.97197459575405
Pseudodiploria188274,-1.00484135883647
Pseudodiploria188275,-0.306103682828243
Pseudodiploria188276,1.22577552623511
Pseudodiploria188278,0.132138491556636
Pseudodiploria188280,-0.0858852162614726
Pseudodiploria188282,-0.484159970121658
Pseudodiploria188285,0.376270521456711
Pseudodiploria188287,0.408848839848571
Pseudodiploria188288,0.0966458148992743
Pseudodiploria188289,0.948108057125285
Pseudodiploria188290,0.0373755326210577
Pseudodiploria188291,-0.68711221367573
Pseudodiploria188296,-0.173777188794596
Pseudodiploria188298,-0.111901797557273
Pseudodiploria188301,0.363770757712708
Pseudodiploria188304,0.332523608734191
Pseudodiploria188306,-0.37269862105614
Pseudodiploria188308,-0.0747678374296861
Pseudodiploria188310,-0.0698316333260406
Pseudodiploria188311,-0.249387378109042
Pseudodiploria188314,0.377972475934907
Pseudodiploria188316,-0.128923099608835
Pseudodiploria188319,-0.737766816828099
Pseudodiploria188322,0.0427439260970091
Pseudodiploria188323,0.62444117531814
Pseudodiploria188324,-0.0077802660051555
Pseudodiploria188326,0.516791197856434
Pseudodiploria188328,-0.182626495704031
Pseudodiploria188331,0.191421830165476
Pseudodiploria188332,-0.0613056578342282
Pseudodiploria188333,-0.348607623744049
Pseudodiploria188336,-0.024372372757194
Pseudodiploria188338,0.181940899783198
Pseudodiploria188339,-1.33482475265941
Pseudodiploria188340,0.06257897694039
Pseudodiploria188343,-0.118762757559452
Pseudodiploria188344,-0.458507978187392
Pseudodiploria188345,-0.332439976635649
Pseudodiploria188347,-0.150921978465668
Pseudodiploria188349,-0.364587273201717
Pseudodiploria188350,0.496532201732766
Pseudodiploria188351,0.0266597133420115
Pseudodiploria188354,-1.44247802350331
Pseudodiploria188356,-0.010032933612464
Pseudodiploria188357,-0.508887480216579
Pseudodiploria188359,0.16326999491494
Pseudodiploria188360,-0.340607331489446
Pseudodiploria188361,-0.317612533495586
Pseudodiploria188364,-0.422720858784675
Pseudodiploria188365,0.667384962306749
Pseudodiploria188371,-0.297948933650715
Pseudodiploria188373,0.344634932767147
Pseudodiploria188374,0.0858498105687192
Pseudodiploria188375,-0.117421743388829
Pseudodiploria188378,-1.39946758274851
Pseudodiploria188379,-0.0756212567931537
Pseudodiploria188382,-0.0279623797225305
Pseudodiploria188384,-0.249688922531742
Pseudodiploria188387,0.0192157925243428
Pseudodiploria188393,-0.0752211038072765
Pseudodiploria188396,0.0985138913677749
Pseudodiploria188398,-0.433240062533362
Pseudodiploria188405,1.2807812590821
Pseudodiploria188407,-0.777412673557438
Pseudodiploria188410,0.242137008980323
Pseudodiploria188412,0.308210914614949
Pseudodiploria188414,-0.13047208259869
Pseudodiploria188415,0.521117853440704
Pseudodiploria188423,-0.143029743676437
Pseudodiploria188424,-0.547987858272531
Pseudodiploria188426,-1.39751978028103
Pseudodiploria188428,0.756496052284603
Pseudodiploria188431,-0.243957221894571
Pseudodiploria188432,0.0524265110741572
Pseudodiploria188434,-0.425709593745382
Pseudodiploria188437,-0.0806201573947146
Pseudodiploria188438,-0.0770502129774706
Pseudodiploria188442,0.348633376266249
Pseudodiploria188443,0.266255821586926
Pseudodiploria188445,0.0818479714840118
Pseudodiploria188446,0.625194497620855
Pseudodiploria188449,0.402463086253838
Pseudodiploria188451,-0.967045610799401
Pseudodiploria188456,0.924525323650351
Pseudodiploria188457,-0.330194706610463
Pseudodiploria188460,-0.150232761672216
Pseudodiploria188461,0.13431535256066
Pseudodiploria188462,0.797327644492381
Pseudodiploria188466,0.228294452294784
Pseudodiploria188467,-0.0304237002849362
Pseudodiploria188469,0.29953483053138
Pseudodiploria188472,-0.368380590184938
Pseudodiploria188473,-0.688128215376435
Pseudodiploria188474,-0.350944720659813
Pseudodiploria188475,-0.0277217994222283
Pseudodiploria188478,-0.0281120701500654
Pseudodiploria188479,-0.283178049763842
Pseudodiploria188482,-0.225463958096685
Pseudodiploria188484,0.326959527841853
Pseudodiploria188486,-0.608965766051691
Pseudodiploria188487,-0.347775192425819
Pseudodiploria188489,-0.294143843752952
Pseudodiploria188491,-1.09958494109491
Pseudodiploria188492,0.151724963203924
Pseudodiploria188497,-0.114319966689311
Pseudodiploria188498,-1.1342080666059
Pseudodiploria188499,-0.660463456273425
Pseudodiploria188505,0.381464356279055
Pseudodiploria188506,0.19041302636398
Pseudodiploria188507,-0.895627940610466
Pseudodiploria188508,-0.218560975104419
Pseudodiploria188510,-0.268329348698147
Pseudodiploria188512,-0.566273705972282
Pseudodiploria188513,-0.0665586750682269
Pseudodiploria188514,-0.231232556222063
Pseudodiploria188515,0.251760100767296
Pseudodiploria188516,-0.171681424668353
Pseudodiploria188523,-0.627208833205855
Pseudodiploria188524,-0.566748965938381
Pseudodiploria188527,-0.0738529744662436
Pseudodiploria188528,0.233762779163916
Pseudodiploria188530,-0.581738511135245
Pseudodiploria188531,0.287356093262196
Pseudodiploria188534,0.0402564992744586
Pseudodiploria188535,0.0224997763924495
Pseudodiploria188536,0.0248661939219623
Pseudodiploria188537,0.842210978478787
Pseudodiploria188539,-0.130904358487913
Pseudodiploria188541,-0.171140551576676
Pseudodiploria188545,-0.60273330254023
Pseudodiploria188547,0.29133430691969
Pseudodiploria188552,0.0781025972756498
Pseudodiploria188554,-0.134178798759322
Pseudodiploria188560,-0.552104890488168
Pseudodiploria188561,-0.352917721522908
Pseudodiploria188562,0.242362470938729
Pseudodiploria188564,0.422471573166521
Pseudodiploria188565,0.805410509052187
Pseudodiploria188567,1.19389407521803
Pseudodiploria188568,0.213591772878221
Pseudodiploria188573,0.666164563609044
Pseudodiploria188576,0.225778637951725
Pseudodiploria188577,-0.0488685901655398
Pseudodiploria188579,0.212910793714129
Pseudodiploria188582,1.66495532367362
Pseudodiploria188583,-0.22253780336689
Pseudodiploria188584,0.388421624330371
Pseudodiploria188585,-0.435384310050885
Pseudodiploria188586,0.196039662197678
Pseudodiploria188587,0.0399423295045606
Pseudodiploria188588,0.163300614391946
Pseudodiploria188589,0.294459490857755
Pseudodiploria188590,-0.552839869138267
Pseudodiploria188593,-0.85063614703429
Pseudodiploria188594,0.20038333366485
Pseudodiploria188595,-0.328474231702873
Pseudodiploria188596,0.732259027030776
Pseudodiploria188598,0.771256182156597
Pseudodiploria188599,0.290539552923135
Pseudodiploria188602,-0.739316683243727
Pseudodiploria188607,-0.276514568975144
Pseudodiploria188608,-0.609688859109727
Pseudodiploria188609,-0.385733578981462
Pseudodiploria188610,-0.641118342338004
Pseudodiploria188612,-0.251932237303444
Pseudodiploria188618,-0.201737763599217
Pseudodiploria188619,-0.0527259152550868
Pseudodiploria188622,0.123619229115739
Pseudodiploria188624,0.238491761903077
Pseudodiploria188625,0.684306349871865
Pseudodiploria188626,-1.41915504476607
Pseudodiploria188627,-0.651397054028807
Pseudodiploria188628,-0.440107114902196
Pseudodiploria188630,-0.524634806491526
Pseudodiploria188635,0.120940153924894
Pseudodiploria188637,-0.684101703797819
Pseudodiploria188638,0.0124806321959291
Pseudodiploria188639,0.729782996732808
Pseudodiploria188640,0.333080599150429
Pseudodiploria188642,-0.456549490544642
Pseudodiploria188643,-0.170286772854447
Pseudodiploria188644,-0.818570497460608
Pseudodiploria188645,0.105401473673474
Pseudodiploria188646,-0.240725585303661
Pseudodiploria188649,0.183643764820568
Pseudodiploria188652,0.389929159378973
Pseudodiploria188653,0.48071213634432
Pseudodiploria188656,0.0316694444979939
Pseudodiploria188658,0.642761954506225
Pseudodiploria188659,0.0332757870748783
Pseudodiploria188664,0.514460018806345
Pseudodiploria188665,-0.044240991330752
Pseudodiploria188669,-0.526227479568294
Pseudodiploria188671,0.0287332170242897
Pseudodiploria188672,-1.2702656158604
Pseudodiploria188678,-0.10106970662352
Pseudodiploria188681,-1.24720542496328
Pseudodiploria188682,-0.262127881757568
Pseudodiploria188683,-0.611434328689623
Pseudodiploria188685,-0.564744348700345
Pseudodiploria188686,0.0120387814713999
Pseudodiploria188687,0.196705659581267
Pseudodiploria188688,-1.87622450519647
Pseudodiploria188689,-0.164193888138695
Pseudodiploria188693,-0.344400711092006
Pseudodiploria188694,-0.298894742367004
Pseudodiploria188699,-0.602702759046219
Pseudodiploria188700,-0.207987009889178
Pseudodiploria188705,0.0693463957422342
Pseudodiploria188710,0.0798575502486591
Pseudodiploria188714,-0.0802101855262523
Pseudodiploria188715,0.712823450394544
Pseudodiploria188716,-0.249784884199488
Pseudodiploria188717,1.13796173055148
Pseudodiploria188718,0.268505627236641
Pseudodiploria188719,-0.0959030827646331
Pseudodiploria188721,-0.102174002050126
Pseudodiploria188724,0.24114481080426
Pseudodiploria188725,0.0661556132600314
Pseudodiploria188728,0.465071124457719
Pseudodiploria188730,0.976122401873041
Pseudodiploria188731,-0.136769156431194
Pseudodiploria188733,0.586339840557097
Pseudodiploria188737,-0.648381948366861
Pseudodiploria188738,-0.344334839181193
Pseudodiploria188739,0.426173766996539
Pseudodiploria188741,-0.435869873194807
Pseudodiploria188743,-0.0460710706393864
Pseudodiploria188745,1.10325311222333
Pseudodiploria188750,0.045961438789505
Pseudodiploria188751,0.113824780432603
Pseudodiploria188757,-0.273870125976509
Pseudodiploria188760,-0.355037447686879
Pseudodiploria188761,-0.899693754085636
Pseudodiploria188764,-0.897518604125673
Pseudodiploria188765,-0.712873207824093
Pseudodiploria188766,-1.05967954920713
Pseudodiploria188767,0.992422075572135
Pseudodiploria188770,-0.142142951328694
Pseudodiploria188771,0.344281594561075
Pseudodiploria188775,0.0447220203644136
Pseudodiploria188778,0.204404352604833
Pseudodiploria188779,0.576221623092208
Pseudodiploria188780,0.435583656719404
Pseudodiploria188782,-0.452055253068271
Pseudodiploria188783,1.12989068466221
Pseudodiploria188784,-0.847222262841049
Pseudodiploria188786,0.634705673162592
Pseudodiploria188787,-0.221417047067697
Pseudodiploria188788,-0.493121838036367
Pseudodiploria188790,0.0388142063706498
Pseudodiploria188793,-0.132942712908393
Pseudodiploria188794,0.762304469448416
Pseudodiploria188797,0.702957906758123
Pseudodiploria188800,-0.089483423732152
Pseudodiploria188803,-0.0909041815967521
Pseudodiploria188805,-0.107652970759789
Pseudodiploria188806,0.175457407638894
Pseudodiploria188808,-0.367249569628665
Pseudodiploria188810,-0.136798481689636
Pseudodiploria188812,0.0447132231732594
Pseudodiploria188815,0.169403765115109
Pseudodiploria188817,-0.0463356261069641
Pseudodiploria188818,-0.441615838138511
Pseudodiploria188819,-1.06345039271604
Pseudodiploria188821,-0.788717508400247
Pseudodiploria188824,-0.518094865464951
Pseudodiploria188825,-0.467272436961912
Pseudodiploria188827,-0.0101287104627239
Pseudodiploria188829,0.282423164600463
Pseudodiploria188832,-0.30187011512732
Pseudodiploria188833,0.702693206548905
Pseudodiploria188835,-0.305517914214332
Pseudodiploria188836,-0.128498942517857
Pseudodiploria188842,-0.0859846128199624
Pseudodiploria188843,-0.0357614652786737
Pseudodiploria188845,-0.239729030979866
Pseudodiploria188846,-0.0421761445808869
Pseudodiploria188849,0.158419525197685
Pseudodiploria188850,-0.759752320762172
Pseudodiploria188853,-0.428913345330688
Pseudodiploria188855,0.222322879451985
Pseudodiploria188860,0.434635988856668
Pseudodiploria188861,0.661015858386075
Pseudodiploria188862,-0.359616237060814
Pseudodiploria188865,1.04550496022763
Pseudodiploria188866,0.0101621454013463
Pseudodiploria188867,-1.38633526985052
Pseudodiploria188868,-1.54579948419673
Pseudodiploria188871,0.0478660923897249
Pseudodiploria188872,0.56275137909122
Pseudodiploria188874,-0.188922804246944
Pseudodiploria188884,-0.374172969339986
Pseudodiploria188886,-0.247342735540149
Pseudodiploria188887,-1.14974566620682
Pseudodiploria188888,-0.205377291726753
Pseudodiploria188889,-0.227491087738707
Pseudodiploria188891,0.0605812598258786
Pseudodiploria188894,-0.238121842472194
Pseudodiploria188899,-0.152045755120992
Pseudodiploria188900,0.585679757337564
Pseudodiploria188905,0.415860852765353
Pseudodiploria188906,0.671023210582976
Pseudodiploria188908,0.0216543861615584
Pseudodiploria188910,-0.381419368634754
Pseudodiploria188911,0.26101960048082
Pseudodiploria188917,0.842069780162115
Pseudodiploria188920,0.459166926697853
Pseudodiploria188923,-0.5811978163129
Pseudodiploria188926,0.236276949361691
Pseudodiploria188929,0.260881081405232
Pseudodiploria188930,0.0413498042457597
Pseudodiploria188931,0.633615939290619
Pseudodiploria188932,-0.587339495433631
Pseudodiploria188936,-0.174921932833803
Pseudodiploria188937,0.287903434485106
Pseudodiploria188939,-0.321678342205333
Pseudodiploria188940,-0.415668740621996
Pseudodiploria188943,1.01326745078985
Pseudodiploria188945,0.0574899479521743
Pseudodiploria188949,-0.674598948738436
Pseudodiploria188951,-0.340286591585581
Pseudodiploria188952,-0.0248868636730252
Pseudodiploria188953,-0.241183884141475
Pseudodiploria188954,0.155476445106607
Pseudodiploria188956,0.652290495359625
Pseudodiploria188957,-0.0861480107559404
Pseudodiploria188959,0.465558615539102
Pseudodiploria188960,0.239790813237008
Pseudodiploria188965,-0.960557215580679
Pseudodiploria188969,-0.520673839133411
Pseudodiploria188970,0.017539366228103
Pseudodiploria188975,-1.3471290844903
Pseudodiploria188977,-0.385320795256189
Pseudodiploria188978,-0.709200831288146
Pseudodiploria188980,0.215844426066094
Pseudodiploria188981,-0.0634430759420055
Pseudodiploria188986,-0.715712639431042
Pseudodiploria188987,0.591449268715473
Pseudodiploria188988,-0.286887765723964
Pseudodiploria188990,0.0128043961161084
Pseudodiploria188992,-0.169424581766067
Pseudodiploria188994,-0.527293243659016
Pseudodiploria188997,-0.95580728859698
Pseudodiploria189000,-0.208309930405769
Pseudodiploria189003,-1.14338356362797
Pseudodiploria189004,0.439609948517747
Pseudodiploria189005,0.153272233152369
Pseudodiploria189006,0.819224526860229
Pseudodiploria189007,1.06366714338239
Pseudodiploria189009,-0.587876841698196
Pseudodiploria189011,-0.844318134506344
Pseudodiploria189012,-0.286321025996287
Pseudodiploria189016,-0.356347424207306
Pseudodiploria189017,0.0479945465638476
Pseudodiploria189021,-0.210579718034361
Pseudodiploria189023,-0.236272334359494
Pseudodiploria189024,-0.833306588019638
Pseudodiploria189025,0.32352938365849
Pseudodiploria189026,-0.570746135366907
Pseudodiploria189027,0.163799902162427
Pseudodiploria189028,0.155601457513849
Pseudodiploria189029,-0.231894039912057
Pseudodiploria189030,-0.241371008330863
Pseudodiploria189032,0.161522115364887
Pseudodiploria189036,-0.0571720589302608
Pseudodiploria189038,-0.735055310133553
Pseudodiploria189043,0.0420173636829897
Pseudodiploria189047,0.0789706262109347
Pseudodiploria189050,-0.105266229223517
Pseudodiploria189052,0.881740619899243
Pseudodiploria189053,-1.61962209669455
Pseudodiploria189054,0.214401930522054
Pseudodiploria189056,-0.299828261125682
Pseudodiploria189057,-0.372145303187035
Pseudodiploria189058,-1.30958828549993
Pseudodiploria189060,-0.335497333747715
Pseudodiploria189061,-0.178309513065212
Pseudodiploria189064,-0.598223778045728
Pseudodiploria189065,0.3567047800784
Pseudodiploria189066,0.608063979147865
Pseudodiploria189068,0.0301642838701109
Pseudodiploria189069,-0.0666748514438271
Pseudodiploria189070,-0.278195764897268
Pseudodiploria189071,0.0437517793334842
Pseudodiploria189072,0.201067197035537
Pseudodiploria189074,0.0329613898322377
Pseudodiploria189075,-2.97011117364129
Pseudodiploria189076,-1.64251988237183
Pseudodiploria189077,-0.187045042219157
Pseudodiploria189079,-0.0273902264940858
Pseudodiploria189082,0.192913426134799
Pseudodiploria189084,-1.18052028420538
Pseudodiploria189087,0.196134963592483
Pseudodiploria189088,-0.368941015671984
Pseudodiploria189089,0.602358133692775
Pseudodiploria189091,-0.393345328174701
Pseudodiploria189095,-0.308222110695198
Pseudodiploria189096,0.0367523511400494
Pseudodiploria189097,-0.0800392152531346
Pseudodiploria189100,0.299995373242231
Pseudodiploria189101,-0.219969863274302
Pseudodiploria189102,-0.055823170285585
Pseudodiploria189104,-1.30199716310792
Pseudodiploria189106,-0.241279162739219
Pseudodiploria189109,0.140458932595901
Pseudodiploria189110,0.0282821042975209
Pseudodiploria189111,-0.0107084667279089
Pseudodiploria189113,0.646925946374328
Pseudodiploria189114,0.0776477665240948
Pseudodiploria189123,-0.222784468314015
Pseudodiploria189124,-0.183427168048609
Pseudodiploria189127,-0.00311318932414152
Pseudodiploria189131,0.384597316032333
Pseudodiploria189133,0.164738347240067
Pseudodiploria189134,0.272019632979604
Pseudodiploria189136,-0.27506494989183
Pseudodiploria189137,-0.0375230354591667
Pseudodiploria189138,-0.161811803076087
Pseudodiploria189139,0.295897861939625
Pseudodiploria189141,-0.0644418262044615
Pseudodiploria189145,-0.217606779073159
Pseudodiploria189146,0.3086262996314
Pseudodiploria189149,0.263165214181103
Pseudodiploria189153,0.427806081669274
Pseudodiploria189156,0.0323676216919584
Pseudodiploria189160,0.41483638414353
Pseudodiploria189161,0.932082541194607
Pseudodiploria189162,0.151872881500923
Pseudodiploria189163,0.329595781961407
Pseudodiploria189165,-0.559148818117234
Pseudodiploria189166,0.495607559979641
Pseudodiploria189168,0.300289763718805
Pseudodiploria189169,-0.101711872346002
Pseudodiploria189170,0.292846654414103
Pseudodiploria189174,0.65850644642345
Pseudodiploria189176,0.400544399303469
Pseudodiploria189178,-0.728596335913034
Pseudodiploria189179,-0.674747766507334
Pseudodiploria189180,0.270306646451892
Pseudodiploria189181,0.152342438109404
Pseudodiploria189182,0.422845004691516
Pseudodiploria189184,0.0433343617076078
Pseudodiploria189185,0.0239508494766793
Pseudodiploria189186,-0.515818879737826
Pseudodiploria189188,-0.0228332927433114
Pseudodiploria189189,0.0631598030488165
Pseudodiploria189190,-0.607363011878991
Pseudodiploria189191,-0.0744340506143772
Pseudodiploria189192,-0.134075544210116
Pseudodiploria189196,-0.0225497578529929
Pseudodiploria189197,0.285401120483885
Pseudodiploria189198,0.605200683065973
Pseudodiploria189200,0.104966158043662
Pseudodiploria189202,-0.883211940808255
Pseudodiploria189203,-0.519082114646193
Pseudodiploria189208,0.361597913780318
Pseudodiploria189209,0.0719188525043069
Pseudodiploria189211,-0.0803442227822049
Pseudodiploria189212,0.353950445979381
Pseudodiploria189213,0.201794534428857
Pseudodiploria189214,0.0508503697534793
Pseudodiploria189217,0.207969794060824
Pseudodiploria189218,0.550132044963782
Pseudodiploria189220,-0.740788922459082
Pseudodiploria189222,-0.274297173830106
Pseudodiploria189225,-0.113214272410101
Pseudodiploria189228,-0.211217115387832
Pseudodiploria189229,-0.566686955790227
Pseudodiploria189230,0.992725139094005
Pseudodiploria189231,-0.114052004114861
Pseudodiploria189232,-0.109701091014422
Pseudodiploria189233,0.0998938707974549
Pseudodiploria189235,0.153389501583464
Pseudodiploria189238,0.630561168212516
Pseudodiploria189239,0.436851253015992
Pseudodiploria189246,0.625689953813504
Pseudodiploria189247,0.0142635906439974
Pseudodiploria189248,-1.32372468435975
Pseudodiploria189249,0.501945514903935
Pseudodiploria189252,-0.343641612832842
Pseudodiploria189258,-0.0320233536684669
Pseudodiploria189264,0.412744197263902
Pseudodiploria189265,-0.498192446577919
Pseudodiploria189266,0.14976093428196
Pseudodiploria189267,-0.993274146896588
Pseudodiploria189270,0.744354250794128
Pseudodiploria189273,-0.258484080723782
Pseudodiploria189276,-0.3682972556487
Pseudodiploria189277,-0.540898304569581
Pseudodiploria189278,-0.0469801909375617
Pseudodiploria189280,0.230911128081963
Pseudodiploria189281,-0.276953489206592
Pseudodiploria189282,-0.806405192221101
Pseudodiploria189286,0.115004314032977
Pseudodiploria189287,0.559644828580598
Pseudodiploria189288,0.29095184579621
Pseudodiploria189289,1.00513950740232
Pseudodiploria189290,-0.31155981460673
Pseudodiploria189292,0.375507322726398
Pseudodiploria189293,0.0760145778192207
Pseudodiploria189294,-0.219206529261641
Pseudodiploria189295,0.158109417204873
Pseudodiploria189296,-0.8390611899043
Pseudodiploria189298,-0.342630981673317
Pseudodiploria189299,-0.14818628722517
Pseudodiploria189303,0.0401016779340231
Pseudodiploria189304,0.0720972792228559
Pseudodiploria189307,0.703412453854803
Pseudodiploria189308,0.0494180546062503
Pseudodiploria189310,0.0152121873662571
Pseudodiploria189312,-0.14348935557814
Pseudodiploria189315,0.889688761214386
Pseudodiploria189316,0.589527955643751
Pseudodiploria189317,0.165095303482942
Pseudodiploria189318,-0.916445762215647
Pseudodiploria189326,0.133277569284357
Pseudodiploria189328,-0.0163759612197122
Pseudodiploria189330,0.100697644226637
Pseudodiploria189331,-0.164446309245424
Pseudodiploria189332,0.899437277455837
Pseudodiploria189335,-0.652726152839859
Pseudodiploria189337,0.358059792865969
Pseudodiploria189340,-0.0778377567582706
Pseudodiploria189341,0.098500154431838
Pseudodiploria189347,-0.531968440523298
Pseudodiploria189348,0.0434317886126034
Pseudodiploria189354,-0.547025699218415
Pseudodiploria189355,-0.39947814295261
Pseudodiploria189357,0.260860768110967
Pseudodiploria189358,-0.070133236784559
Pseudodiploria189359,-0.155839576885113
Pseudodiploria189365,0.00626214566201721
Pseudodiploria189371,0.349645405884841
Pseudodiploria189372,0.164267148904941
Pseudodiploria189373,-0.13675816909349
Pseudodiploria189377,0.247119178158379
Pseudodiploria189378,-0.642425759007489
Pseudodiploria189379,0.0942722130645056
Pseudodiploria189382,0.762516682876915
Pseudodiploria189385,0.0582791046058233
Pseudodiploria189386,-0.465649268741932
Pseudodiploria189389,0.214431329657067
Pseudodiploria189390,0.104868478721955
Pseudodiploria189391,0.191783304094339
Pseudodiploria189394,0.0981739812355695
Pseudodiploria189395,0.0202545775025766
Pseudodiploria189398,-0.454152341386155
Pseudodiploria189400,-0.982080002006439
Pseudodiploria189402,-0.521842283868358
Pseudodiploria189404,0.625415183030311
Pseudodiploria189409,0.0192702007112784
Pseudodiploria189410,1.16057411848167
Pseudodiploria189411,-0.194146109914908
Pseudodiploria189412,-0.319217805212603
Pseudodiploria189420,-0.26958640472254
Pseudodiploria189421,-0.2394709703432
Pseudodiploria189422,0.141497834521413
Pseudodiploria189423,0.0611501513268097
Pseudodiploria189427,-0.375257855316172
Pseudodiploria189429,0.477893334839963
Pseudodiploria189431,0.191251561591043
Pseudodiploria189432,-0.898761819618332
Pseudodiploria189433,0.0373509191060136
Pseudodiploria189436,0.588842735356088
Pseudodiploria189437,-0.394652705867447
Pseudodiploria189438,-0.126846226552818
Pseudodiploria189439,0.0832712785043043
Pseudodiploria189442,0.19856634847299
Pseudodiploria189443,0.0291546063010427
Pseudodiploria189444,0.705958277179157
Pseudodiploria189448,-0.107322733002461
Pseudodiploria189452,-0.423266395454544
Pseudodiploria189453,0.464586534873351
Pseudodiploria189457,0.17401722255791
Pseudodiploria189458,-0.233576091080776
Pseudodiploria189462,-0.0511351465576258
Pseudodiploria189463,-0.23344759142365
Pseudodiploria189465,0.20943417231743
Pseudodiploria189467,0.0469359676458536
Pseudodiploria189468,-0.222430997553273
Pseudodiploria189469,-0.302235126166163
Pseudodiploria189470,-0.578722512130769
Pseudodiploria189472,0.347885800991849
Pseudodiploria189473,0.560936234299468
Pseudodiploria189477,-0.0198124028141849
Pseudodiploria189479,0.289066330952153
Pseudodiploria189484,1.29663302204964
Pseudodiploria189485,-0.0967414514438761
Pseudodiploria189487,-0.637462394645564
Pseudodiploria189489,-0.584581012937559
Pseudodiploria189490,-0.118635455620719
Pseudodiploria189492,-0.119725171227118
Pseudodiploria189494,-0.680563716661605
Pseudodiploria189495,-0.297497782185829
Pseudodiploria189496,0.312264441652994
Pseudodiploria189498,-0.0277297790216807
Pseudodiploria189499,0.0849006496407603
Pseudodiploria189500,-0.130354799547643
Pseudodiploria189501,0.609260669159288
Pseudodiploria189503,0.470083874925861
Pseudodiploria189504,0.192657846435836
Pseudodiploria189506,-0.0502343194561651
Pseudodiploria189508,1.25549660258337
Pseudodiploria189509,-0.361238517053395
Pseudodiploria189510,-0.157730757005027
Pseudodiploria189512,0.158966760479353
Pseudodiploria189513,0.788061420544638
Pseudodiploria189514,0.216824348387708
Pseudodiploria189516,0.345922548919916
Pseudodiploria189519,-0.383272083390538
Pseudodiploria189521,-1.72990620249058
Pseudodiploria189522,-0.335533683634157
Pseudodiploria189526,-0.328125555784026
Pseudodiploria189529,0.918167968189563
Pseudodiploria189533,0.0777343865264211
Pseudodiploria189534,-0.351694727108156
Pseudodiploria189536,0.202694891446702
Pseudodiploria189541,-0.594977148608798
Pseudodiploria189542,-0.168488956298335
Pseudodiploria189543,0.25244758719113
Pseudodiploria189545,0.0937227562945216
Pseudodiploria189546,0.17573596223836
Pseudodiploria189547,0.0825586917818682
Pseudodiploria189549,-0.0682006079553703
Pseudodiploria189550,0.768298927902811
Pseudodiploria189551,0.0790405667692859
Pseudodiploria189552,-0.407318941172235
Pseudodiploria189553,-0.187044873261345
Pseudodiploria189554,-0.30414718046253
Pseudodiploria189555,-0.0795097121504748
Pseudodiploria189556,0.536722318750885
Pseudodiploria189557,-0.462943807865506
Pseudodiploria189558,-0.177971554738779
Pseudodiploria189559,0.882937794551463
Pseudodiploria189562,0.00108298396924194
Pseudodiploria189565,0.0317752516140066
Pseudodiploria189570,-0.379951472694142
Pseudodiploria189571,-0.0275228231055948
Pseudodiploria189572,-0.542268019205216
Pseudodiploria189574,-0.112193082074875
Pseudodiploria189576,-1.38833170856481
Pseudodiploria189578,0.102473439487998
Pseudodiploria189579,0.2498158513664
Pseudodiploria189580,0.180416515414547
Pseudodiploria189583,-0.275761525507563
Pseudodiploria189584,0.174306832447329
Pseudodiploria189585,-0.182942073278922
Pseudodiploria189590,-0.561595664473887
Pseudodiploria189591,-0.212243864746674
Pseudodiploria189595,-0.780376224851518
Pseudodiploria189596,-0.225923976824438
Pseudodiploria189604,-0.1387301738127
Pseudodiploria189607,1.10606487257717
Pseudodiploria189608,0.706935915542409
Pseudodiploria189609,-0.0490116721265237
Pseudodiploria189610,0.00506514520276034
Pseudodiploria189611,0.164009122798029
Pseudodiploria189612,-0.457897532041945
Pseudodiploria189614,0.162329009436102
Pseudodiploria189616,-0.322276657155705
Pseudodiploria189617,0.0306274099458016
Pseudodiploria189618,1.90887049981466
Pseudodiploria189620,0.708308376900878
Pseudodiploria189623,0.144109659989811
Pseudodiploria189627,0.044230325027151
Pseudodiploria189628,-0.24493596413217
Pseudodiploria189630,-0.503323953116991
Pseudodiploria189631,-0.0190401756768936
Pseudodiploria189632,0.154193875215384
Pseudodiploria189638,-0.0160647473542309
Pseudodiploria189640,-0.235263141250164
Pseudodiploria189642,-0.425306182522296
Pseudodiploria189643,-0.238314312696075
Pseudodiploria189644,0.432090528235419
Pseudodiploria189645,0.3026971785835
Pseudodiploria189646,0.175853555217232
Pseudodiploria189647,-0.856753055943665
Pseudodiploria189650,0.573220107305224
Pseudodiploria189652,-0.0444992147216417
Pseudodiploria189654,-0.27916924465484
Pseudodiploria189656,0.0349392361766114
Pseudodiploria189657,0.835489164975252
Pseudodiploria189661,0.561717198806597
Pseudodiploria189663,0.983762846011478
Pseudodiploria189664,0.4994944392553
Pseudodiploria189666,0.0955006702326121
Pseudodiploria189671,-0.663283864876525
Pseudodiploria189673,0.338553885337724
Pseudodiploria189675,-0.0898709870024763
Pseudodiploria189677,0.039945943064672
Pseudodiploria189686,0.654394037194904
Pseudodiploria189688,0.336246510802668
Pseudodiploria189689,0.738813320463364
Pseudodiploria189691,0.392011826953768
Pseudodiploria189692,-1.6913905926864
Pseudodiploria189693,0.0126588198143985
Pseudodiploria189696,0.588472567888135
Pseudodiploria189697,0.44272805059149
Pseudodiploria189698,1.20880791930405
Pseudodiploria189699,-0.397433335042964
Pseudodiploria189702,0.578228757138473
Pseudodiploria189703,-0.308832685721395
Pseudodiploria189704,0.833919271069953
Pseudodiploria189706,-0.398390817177552
Pseudodiploria189707,0.253366401652004
Pseudodiploria189710,-0.909400242778508
Pseudodiploria189711,-0.17185062861575
Pseudodiploria189712,-1.16531259368226
Pseudodiploria189714,-0.00182274910321026
Pseudodiploria189715,-0.941157388249439
Pseudodiploria189716,0.857928283392572
Pseudodiploria189718,-0.236186651587023
Pseudodiploria189721,-1.08157576953498
Pseudodiploria189723,0.160602507446222
Pseudodiploria189724,-0.0248070928049727
Pseudodiploria189727,0.120998576341498
Pseudodiploria189728,0.79661882246258
Pseudodiploria189729,0.081933291951259
Pseudodiploria189730,-1.07553316667011
Pseudodiploria189732,-0.0463476600987346
Pseudodiploria189733,-0.258033219915987
Pseudodiploria189735,-0.235892142616826
Pseudodiploria189737,-0.0634428429766522
Pseudodiploria189738,-0.0405230106780531
Pseudodiploria189740,-0.358119534491998
Pseudodiploria189742,0.751703148872859
Pseudodiploria189743,0.425320023579954
Pseudodiploria189747,0.0247878178090098
Pseudodiploria189750,-0.0616245432872989
Pseudodiploria189754,-0.263093225052058
Pseudodiploria189755,-0.0443437945024099
Pseudodiploria189756,-0.00754408091107706
Pseudodiploria189757,-0.318311346492896
Pseudodiploria189759,0.0619246981323673
Pseudodiploria189760,0.310441001654324
Pseudodiploria189764,0.235944767938365
Pseudodiploria189765,0.399164169754861
Pseudodiploria189770,0.709398574240495
Pseudodiploria189773,0.16927227352459
Pseudodiploria189774,0.514959649527744
Pseudodiploria189775,0.019170990615713
Pseudodiploria189777,0.201886023829506
Pseudodiploria189778,0.175851412809462
Pseudodiploria189789,0.00393950634179083
Pseudodiploria189794,-0.0507535493538538
Pseudodiploria189796,0.0336917906659934
Pseudodiploria189800,-0.448797533282147
Pseudodiploria189805,-0.473742536829544
Pseudodiploria189806,-0.229637476300195
Pseudodiploria189809,0.0623102377911144
Pseudodiploria189815,0.667495725578407
Pseudodiploria189816,-0.205264713646304
Pseudodiploria189818,-0.485521210367796
Pseudodiploria189820,-0.286150968803261
Pseudodiploria189825,-0.448021634192906
Pseudodiploria189826,-0.741132183789818
Pseudodiploria189827,-0.348348014394956
Pseudodiploria189828,-0.527449376766133
Pseudodiploria189830,0.497222057228216
Pseudodiploria189831,0.22915020473511
Pseudodiploria189832,0.680180729171749
Pseudodiploria189834,0.316139150293662
Pseudodiploria189835,0.389327105071576
Pseudodiploria189836,-0.414848433702129
Pseudodiploria189838,0.343849544865343
Pseudodiploria189839,0.537994303530994
Pseudodiploria189840,0.410447393360103
Pseudodiploria189841,-1.33856846391279
Pseudodiploria189842,0.159553368556162
Pseudodiploria189844,0.958989095937906
Pseudodiploria189846,0.599355382233849
Pseudodiploria189854,-0.0942061752081064
Pseudodiploria189856,0.306420411014665
Pseudodiploria189857,-0.20433714872743
Pseudodiploria189858,0.0282163362086144
Pseudodiploria189860,-0.56105893534522
Pseudodiploria189862,0.2140896650252
Pseudodiploria189863,-0.17076892803846
Pseudodiploria189865,0.531873049119053
Pseudodiploria189866,0.0045099054302651
Pseudodiploria189868,0.78710167114996
Pseudodiploria189869,1.14711912213065
Pseudodiploria189870,-0.559612821346107
Pseudodiploria189872,-0.0606389128368936
Pseudodiploria189873,-0.349990529050847
Pseudodiploria189875,-0.537311851282788
Pseudodiploria189878,0.10881037122987
Pseudodiploria189879,-0.0744276922500351
Pseudodiploria189880,0.0320787883551716
Pseudodiploria189884,-0.271778242489991
Pseudodiploria189885,-0.140383904562438
Pseudodiploria189887,0.370527638004461
Pseudodiploria189888,-0.285317774212061
Pseudodiploria189890,-0.213391625730597
Pseudodiploria189891,-0.080146875140105
Pseudodiploria189892,-0.992703290879207
Pseudodiploria189893,-0.783125452821531
Pseudodiploria189894,0.498441594768232
Pseudodiploria189895,0.0667174791361066
Pseudodiploria189897,-0.0654986466819968
Pseudodiploria189900,-0.303282977098684
Pseudodiploria189902,-0.712182247019733
Pseudodiploria189903,-0.703166541104899
Pseudodiploria189904,-0.279751383307301
Pseudodiploria189905,0.237982498838706
Pseudodiploria189906,0.0852156231627336
Pseudodiploria189913,1.92688728742299
Pseudodiploria189916,-0.103307954891647
Pseudodiploria189918,0.404030919140003
Pseudodiploria189919,0.74335487037859
Pseudodiploria189923,0.246460447570665
Pseudodiploria189926,-0.266315619866305
Pseudodiploria189929,-0.514072317961754
Pseudodiploria189931,0.723316895372062
Pseudodiploria189935,0.56090908648511
Pseudodiploria189937,0.148786483445042
Pseudodiploria189938,-1.01465570976695
Pseudodiploria189940,0.045052703235084
Pseudodiploria189943,0.231062695824263
Pseudodiploria189944,-1.4310123832839
Pseudodiploria189947,0.0582618910818848
Pseudodiploria189950,0.251394051633502
Pseudodiploria189951,-0.120138827742367
Pseudodiploria189952,0.178172841869084
Pseudodiploria189957,0.379047228234918
Pseudodiploria189958,-0.115018789525963
Pseudodiploria189962,-0.0218579337462806
Pseudodiploria189965,1.19828051085764
Pseudodiploria189967,0.0812520154674324
Pseudodiploria189968,-0.133385148264769
Pseudodiploria189969,0.337170265709649
Pseudodiploria189970,-0.317761353149429
Pseudodiploria189980,-0.0163000414327718
Pseudodiploria189981,0.16052850771515
Pseudodiploria189983,-2.15192095455678
Pseudodiploria189984,0.481057230574999
Pseudodiploria189985,0.600404598612271
Pseudodiploria189987,0.412956702284033
Pseudodiploria189989,0.417466028099098
Pseudodiploria189991,-1.07866363356597
Pseudodiploria189992,0.528306964608259
Pseudodiploria189993,-0.0428497391596945
Pseudodiploria189997,0.186202372431877
Pseudodiploria189999,-0.565934444875775
Pseudodiploria190002,-1.15239624208124
Pseudodiploria190003,-0.231629296775368
Pseudodiploria190005,-1.09207600602292
Pseudodiploria190006,1.07202804841681
Pseudodiploria190007,0.830385821617424
Pseudodiploria190008,-0.988997899866861
Pseudodiploria190012,-0.136247728049423
Pseudodiploria190013,0.186066970731612
Pseudodiploria190016,-0.33060989959523
Pseudodiploria190020,0.0923006773811963
Pseudodiploria190021,-0.414932267743059
Pseudodiploria190022,0.455445778086608
Pseudodiploria190025,-0.00597061741221004
Pseudodiploria190028,-0.103161997043889
Pseudodiploria190029,0.553326794595014
Pseudodiploria190030,-0.824293150741565
Pseudodiploria190031,-0.128847358852969
Pseudodiploria190032,-0.157155233962791
Pseudodiploria190033,0.125926308007676
Pseudodiploria190034,0.0820169955835117
Pseudodiploria190035,0.582019244037974
Pseudodiploria190038,-0.232996419571778
Pseudodiploria190039,-0.916906781297308
Pseudodiploria190040,-0.0480822981946751
Pseudodiploria190047,0.0624895811857834
Pseudodiploria190049,-0.63844733355379
Pseudodiploria190053,-1.94662509459719
Pseudodiploria190054,-0.0489759846799974
Pseudodiploria190056,0.130868619350842
Pseudodiploria190058,0.21850205680983
Pseudodiploria190059,0.0817628451251771
Pseudodiploria190061,0.15417181969965
Pseudodiploria190065,0.987809191202639
Pseudodiploria190066,0.354461669662617
Pseudodiploria190068,0.0148623324149472
Pseudodiploria190069,-2.3152998347149
Pseudodiploria190070,0.189834811007298
Pseudodiploria190071,0.38521451792026
Pseudodiploria190073,-0.083851016342205
Pseudodiploria190074,0.183346770584073
Pseudodiploria190076,-0.583879699818858
Pseudodiploria190079,-1.53699587592198
Pseudodiploria190080,0.0714551752036143
Pseudodiploria190081,0.54464606923901
Pseudodiploria190084,0.153097656717602
Pseudodiploria190085,-0.231076905831292
Pseudodiploria190086,0.596973089894194
Pseudodiploria190087,0.352683244352444
Pseudodiploria190088,0.180826596534272
Pseudodiploria190090,-0.577427778173358
Pseudodiploria190091,-0.242635690823629
Pseudodiploria190092,0.040068569469588
Pseudodiploria190094,0.306054620403511
Pseudodiploria190102,0.229170512833607
Pseudodiploria190105,-0.54610944221301
Pseudodiploria190106,-0.000669431012279964
Pseudodiploria190109,-0.0310997399267904
Pseudodiploria190111,0.131691464681214
Pseudodiploria190113,-0.519246426307552
Pseudodiploria190114,-0.19490317874002
Pseudodiploria190116,-0.054007645921901
Pseudodiploria190118,-0.651231646289621
Pseudodiploria190126,0.421003903881301
Pseudodiploria190127,-0.345151685999274
Pseudodiploria190128,-0.200300554674677
Pseudodiploria190130,-1.44321723514124
Pseudodiploria190131,-0.415369711565595
Pseudodiploria190134,-0.0913028880111053
Pseudodiploria190136,0.0803156647391806
Pseudodiploria190138,-0.023916948111116
Pseudodiploria190140,0.0566463936056046
Pseudodiploria190142,0.62282377083443
Pseudodiploria190143,-0.587411281386102
Pseudodiploria190144,-0.183045312143751
Pseudodiploria190145,0.168268514874237
Pseudodiploria190146,-0.0587317055349857
Pseudodiploria190147,-0.0148338680179666
Pseudodiploria190149,-0.0651408464955394
Pseudodiploria190154,0.570366996359449
Pseudodiploria190157,-0.898753236869224
Pseudodiploria190158,-0.329853579305449
Pseudodiploria190160,0.938578180442663
Pseudodiploria190164,0.0237107861639233
Pseudodiploria190166,-0.167462321742096
Pseudodiploria190170,0.0727346957329725
Pseudodiploria190171,0.267708607699512
Pseudodiploria190172,-0.257069233162714
Pseudodiploria190174,-0.567175601082269
Pseudodiploria190175,0.866763816272243
Pseudodiploria190176,0.00382132516783025
Pseudodiploria190178,0.134069099894714
Pseudodiploria190179,-0.335905214810149
Pseudodiploria190181,-0.322511796689567
Pseudodiploria190182,1.29587873606441
Pseudodiploria190190,0.26509416648244
Pseudodiploria190193,0.789006187917044
Pseudodiploria190194,0.166312867363954
Pseudodiploria190195,1.15750399637831
Pseudodiploria190197,0.465031234088168
Pseudodiploria190199,-0.397259891770653
Pseudodiploria190201,-0.465818977913769
Pseudodiploria190204,0.242660286581467
Pseudodiploria190207,-0.612578883907453
Pseudodiploria190208,0.49596164034462
Pseudodiploria190212,-0.500095077140585
Pseudodiploria190213,0.616787445566221
Pseudodiploria190218,0.0546321365394364
Pseudodiploria190219,0.912226890331483
Pseudodiploria190220,-0.395104017043073
Pseudodiploria190222,-0.54299681753811
Pseudodiploria190226,-2.0761382800285
Pseudodiploria190227,-0.933712310401245
Pseudodiploria190228,0.276427790102846
Pseudodiploria190229,0.732828569627767
Pseudodiploria190231,-0.63698899905266
Pseudodiploria190233,-0.412408152611817
Pseudodiploria190236,-0.973066602987109
Pseudodiploria190237,0.0757503421541964
Pseudodiploria190238,0.273091510643168
Pseudodiploria190239,0.516262472607767
Pseudodiploria190242,-0.157684703813443
Pseudodiploria190245,0.321727280405213
Pseudodiploria190246,0.150112635404208
Pseudodiploria190247,-0.0653410118915155
Pseudodiploria190248,0.1424316611875
Pseudodiploria190250,-0.330493748979146
Pseudodiploria190251,-0.259298033369122
Pseudodiploria190252,0.016750276832741
Pseudodiploria190258,0.912694341223692
Pseudodiploria190260,0.53021920546072
Pseudodiploria190264,0.0095068255539873
Pseudodiploria190265,-0.669202287244249
Pseudodiploria190267,0.554631619011021
Pseudodiploria190268,0.824961018870445
Pseudodiploria190270,0.0967292045359121
Pseudodiploria190272,0.214572165131683
Pseudodiploria190273,-0.00267271237600608
Pseudodiploria190276,0.0666393911690343
Pseudodiploria190277,-0.0546884628534537
Pseudodiploria190278,-0.331685825626593
Pseudodiploria190279,-0.173283685006364
Pseudodiploria190281,-0.0526363302806939
Pseudodiploria190282,-0.150291868414484
Pseudodiploria190284,-0.307733368978276
Pseudodiploria190287,-0.519224097832456
Pseudodiploria190289,0.419270162682584
Pseudodiploria190290,0.667957226548525
Pseudodiploria190292,-0.709797953111929
Pseudodiploria190294,0.256183405095917
Pseudodiploria190296,0.151293439479781
Pseudodiploria190297,-1.28701845301454
Pseudodiploria190298,-0.113115201123987
Pseudodiploria190301,-0.0503114081926574
Pseudodiploria190303,-1.0847273319644
Pseudodiploria190304,0.309366231438663
Pseudodiploria190305,0.746542948965708
Pseudodiploria190308,0.199489489467205
Pseudodiploria190309,-0.0637658771786206
Pseudodiploria190311,-0.534699501035004
Pseudodiploria190316,-0.117669380950138
Pseudodiploria190317,0.229660052677336
Pseudodiploria190318,-0.207835095339627
Pseudodiploria190319,0.726365342977521
Pseudodiploria190322,0.088975479301833
Pseudodiploria190323,-0.588190700397242
Pseudodiploria190325,0.469079003206752
Pseudodiploria190326,0.545050474311052
Pseudodiploria190327,-0.354261806330536
Pseudodiploria190328,-0.166412422149506
Pseudodiploria190329,-0.113523072204302
Pseudodiploria190330,-0.264699841255506
Pseudodiploria190331,0.435516323494119
Pseudodiploria190337,0.424186770045313
Pseudodiploria190338,-0.4686672810534
Pseudodiploria190339,0.240212744883729
Pseudodiploria190340,-0.0192122122653558
Pseudodiploria190343,-0.587434018525259
Pseudodiploria190345,0.287763056053567
Pseudodiploria190347,1.47997081661529
Pseudodiploria190348,0.345528371838181
Pseudodiploria190349,-0.305132219966159
Pseudodiploria190350,0.306010352755872
Pseudodiploria190355,0.906679435490894
Pseudodiploria190359,-1.26113349336657
Pseudodiploria190362,1.18090013242342
Pseudodiploria190367,0.28783470678805
Pseudodiploria190370,0.121941179515769
Pseudodiploria190371,-0.203651927661565
Pseudodiploria190372,1.64073991679145
Pseudodiploria190373,-1.02242335482101
Pseudodiploria190375,-0.590474274838397
Pseudodiploria190378,-1.39992738711293
Pseudodiploria190381,0.206154927808276
Pseudodiploria190384,-0.262447983638697
Pseudodiploria190385,-1.13248094482404
Pseudodiploria190386,0.659071433961021
Pseudodiploria190387,0.561497149921658
Pseudodiploria190391,-0.0863429933315314
Pseudodiploria190392,-0.828657543092629
Pseudodiploria190397,0.465041319987129
Pseudodiploria190398,-0.431899722301164
Pseudodiploria190399,0.162646499617767
Pseudodiploria190400,-0.999907536294341
Pseudodiploria190401,-0.430061111876467
Pseudodiploria190404,0.49510759722948
Pseudodiploria190408,0.0928578454781746
Pseudodiploria190409,-0.756062969381425
Pseudodiploria190410,-0.156414344692127
Pseudodiploria190412,-0.112883079678497
Pseudodiploria190413,-0.313005848461371
Pseudodiploria190414,-0.653556711876627
Pseudodiploria190415,-0.392162472368427
Pseudodiploria190416,-0.843629042346062
Pseudodiploria190417,-0.0692879453816263
Pseudodiploria190419,0.220842834896772
Pseudodiploria190420,-0.78309636845134
Pseudodiploria190421,-0.64420224809137
Pseudodiploria190422,-0.385661550176906
Pseudodiploria190423,0.921469337689953
Pseudodiploria190424,-0.343818680591242
Pseudodiploria190425,1.44957478276165
Pseudodiploria190426,-0.335240717160447
Pseudodiploria190428,0.384812883385573
Pseudodiploria190430,-0.842813447669876
Pseudodiploria190432,-0.0380972803567916
Pseudodiploria190435,0.62095264391357
Pseudodiploria190436,0.0368657785589165
Pseudodiploria190441,0.541904078438479
Pseudodiploria190443,-0.941688947701599
Pseudodiploria190445,0.0578507116178432
Pseudodiploria190446,0.591095682424469
Pseudodiploria190447,1.00019767742835
Pseudodiploria190448,0.354595320267544
Pseudodiploria190450,-0.446593829660528
Pseudodiploria190451,1.80812312214576
Pseudodiploria190452,-0.198853511700081
Pseudodiploria190457,0.137905593281643
Pseudodiploria190458,0.30205664251075
Pseudodiploria190461,0.186765744606954
Pseudodiploria190464,-0.0118004317143404
Pseudodiploria190466,-0.142485205113783
Pseudodiploria190467,-0.127832949599068
Pseudodiploria190468,-0.299712935992969
Pseudodiploria190469,0.0822842768492688
Pseudodiploria190470,-0.296047032538899
Pseudodiploria190474,1.16331008917163
Pseudodiploria190476,-0.158942179137801
Pseudodiploria190480,0.0424345690025291
Pseudodiploria190481,-0.0397567995453674
Pseudodiploria190482,0.355392291426191
Pseudodiploria190483,1.18310187240712
Pseudodiploria190484,0.195156022003662
Pseudodiploria190486,1.35670831433623
Pseudodiploria190487,1.16110152818635
Pseudodiploria190488,0.337556099398549
Pseudodiploria190490,-0.635815647726853
Pseudodiploria190494,-0.306351566981503
Pseudodiploria190495,0.555955459513346
Pseudodiploria190496,-0.0327149551100458
Pseudodiploria190497,-0.6299400571663
Pseudodiploria190498,-0.308965109744429
Pseudodiploria190503,-0.537454574836404
Pseudodiploria190506,-0.281385359380619
Pseudodiploria190507,-0.0315107685331946
Pseudodiploria190508,-1.4781778331747
Pseudodiploria190510,-0.00761554065461694
Pseudodiploria190511,0.0841828021145366
Pseudodiploria190512,0.0407828810194659
Pseudodiploria190513,-0.393962155210253
Pseudodiploria190519,-0.558863732150746
Pseudodiploria190521,0.0231483340052065
Pseudodiploria190524,0.382105907330898
Pseudodiploria190525,-0.273805706008119
Pseudodiploria190528,-0.0523126949581137
Pseudodiploria190531,0.215717045345648
Pseudodiploria190533,-0.328458548048964
Pseudodiploria190534,0.249876988233115
Pseudodiploria190538,0.862197345443318
Pseudodiploria190539,0.966770960832755
Pseudodiploria190542,-0.136499012270584
Pseudodiploria190545,0.225415387561918
Pseudodiploria190550,0.27460896741145
Pseudodiploria190552,0.583557869354925
Pseudodiploria190557,-0.755128149069147
Pseudodiploria190558,0.827701170462641
Pseudodiploria190561,-0.325635307629458
Pseudodiploria190562,0.823902179178264
Pseudodiploria190566,-0.24235828037746
Pseudodiploria190575,0.0338234995439519
Pseudodiploria190577,-0.177805911446604
Pseudodiploria190580,1.36932817225611
Pseudodiploria190582,-0.274485534626562
Pseudodiploria190583,-0.324963335894548
Pseudodiploria190584,-0.104918588589598
Pseudodiploria190587,0.207735469003265
Pseudodiploria190588,1.07030302759837
Pseudodiploria190589,0.140149741062534
Pseudodiploria190591,-0.757169806508457
Pseudodiploria190592,0.160050584119966
Pseudodiploria190595,1.91442313377302
Pseudodiploria190596,-0.322102256456973
Pseudodiploria190598,-0.617888306706369
Pseudodiploria190600,0.470846238279404
Pseudodiploria190601,0.303476682642075
Pseudodiploria190605,0.17108763633722
Pseudodiploria190606,0.133592073881867
Pseudodiploria190609,-0.16859097604648
Pseudodiploria190611,-0.582321488695436
Pseudodiploria190612,0.311932568554411
Pseudodiploria190615,0.125273518762106
Pseudodiploria190616,-1.65565705235733
Pseudodiploria190617,0.244247171625813
Pseudodiploria190623,0.49210945677382
Pseudodiploria190624,0.0710649133495883
Pseudodiploria190625,-0.979176384564974
Pseudodiploria190626,-0.0690751132536382
Pseudodiploria190627,0.187093882701049
Pseudodiploria190632,-0.864473980623178
Pseudodiploria190634,-1.01294486231134
Pseudodiploria190638,-2.14268794135268
Pseudodiploria190639,-0.953310630069661
Pseudodiploria190640,0.401095152334644
Pseudodiploria190642,-0.156977293919215
Pseudodiploria190644,0.376291839119435
Pseudodiploria190646,-1.38650469268658
Pseudodiploria190647,0.430451561879367
Pseudodiploria190648,-0.193279981184981
Pseudodiploria190651,0.205931243269134
Pseudodiploria190652,-0.113046268430334
Pseudodiploria190653,0.863011439672597
Pseudodiploria190654,-0.00526681734140767
Pseudodiploria190659,0.0793985538105601
Pseudodiploria190660,-0.0278870468819454
Pseudodiploria190661,-1.76269391579727
Pseudodiploria190664,-0.133237984081854
Pseudodiploria190665,-0.0781743618860604
Pseudodiploria190667,0.23146957808234
Pseudodiploria190669,-0.101016410680919
Pseudodiploria190670,0.372381400327488
Pseudodiploria190671,0.402762126958017
Pseudodiploria190674,-0.149942684297134
Pseudodiploria190676,1.06458882221788
Pseudodiploria190677,-0.0323863709377913
Pseudodiploria190678,-1.41851348436346
Pseudodiploria190681,0.189189715607621
Pseudodiploria190682,0.88733237610442
Pseudodiploria190683,-0.0532361220451058
Pseudodiploria190684,0.360316308197909
Pseudodiploria190688,0.0239970571442929
Pseudodiploria190689,-0.122818545638533
Pseudodiploria190693,-0.3001322968418
Pseudodiploria190695,0.323850577621834
Pseudodiploria190698,0.157736733431518
Pseudodiploria190700,0.221781142972544
Pseudodiploria190703,-0.342093825131408
Pseudodiploria190704,0.247753114662076
Pseudodiploria190706,0.152147746940547
Pseudodiploria190708,-0.438663599101469
Pseudodiploria190714,0.764663877512406
Pseudodiploria190716,0.0720201706049093
Pseudodiploria190717,-0.0516765963811082
Pseudodiploria190718,0.00943041133712546
Pseudodiploria190719,-0.341207579613195
Pseudodiploria190721,-0.510829557877334
Pseudodiploria190722,0.288434851519927
Pseudodiploria190723,0.649916261393309
Pseudodiploria190724,0.0660517373672411
Pseudodiploria190726,1.35473280579563
Pseudodiploria190727,-0.321377326097249
Pseudodiploria190728,0.424676011609173
Pseudodiploria190729,-0.700737660938549
Pseudodiploria190730,0.752947817070328
Pseudodiploria190731,0.267256925846324
Pseudodiploria190733,0.438768068482725
Pseudodiploria190736,-0.277440660147504
Pseudodiploria190737,-0.0538544366162659
Pseudodiploria190738,0.391161423003579
Pseudodiploria190739,-0.55385552311367
Pseudodiploria190740,-0.178423190640739
Pseudodiploria190741,0.415602640067104
Pseudodiploria190742,-0.489245433095989
Pseudodiploria190743,-0.157150467716103
Pseudodiploria190746,0.464199897087034
Pseudodiploria190750,0.0548945980289556
Pseudodiploria190757,-0.677175156120444
Pseudodiploria190758,0.971833514658674
Pseudodiploria190760,-0.973753761308702
Pseudodiploria190762,-0.640473946428687
Pseudodiploria190765,0.481654719496282
Pseudodiploria190766,-1.28456024200469
Pseudodiploria190768,1.11076231008365
Pseudodiploria190769,0.911566107783511
Pseudodiploria190770,0.315411415133094
Pseudodiploria190771,0.26743820707499
Pseudodiploria190773,-0.442903659599388
Pseudodiploria190775,-0.161431788013292
Pseudodiploria190777,0.102990548554725
Pseudodiploria190779,-0.33346978044926
Pseudodiploria190780,0.531227855019457
Pseudodiploria190782,-0.543893807029822
Pseudodiploria190783,-0.151484582756212
Pseudodiploria190785,-0.0998609294138738
Pseudodiploria190786,0.261098136318842
Pseudodiploria190787,-0.100038134986819
Pseudodiploria190791,0.651752217965051
Pseudodiploria190792,-0.0734257387704065
Pseudodiploria190794,-1.38706334438189
Pseudodiploria190795,0.284374913947669
Pseudodiploria190796,0.286392998219553
Pseudodiploria190801,-1.32133219646101
Pseudodiploria190802,0.246114976262605
Pseudodiploria190803,0.143114484797391
Pseudodiploria190804,-0.293375061945397
Pseudodiploria190807,-0.280512931918844
Pseudodiploria190809,-0.0199022141719002
Pseudodiploria190810,0.232903591020976
Pseudodiploria190811,-0.547733359572776
Pseudodiploria190812,-0.289245674439829
Pseudodiploria190813,-0.722260043813726
Pseudodiploria190818,-0.109115332602037
Pseudodiploria190820,0.197759005030152
Pseudodiploria190824,0.165997924777895
Pseudodiploria190825,0.676404257869026
Pseudodiploria190826,-0.162188666932058
Pseudodiploria190827,-0.361404647011969
Pseudodiploria190829,-0.147368855723327
Pseudodiploria190833,2.40828308765555
Pseudodiploria190834,-0.607132499802003
Pseudodiploria190840,0.0240100181649294
Pseudodiploria190842,0.436647112489794
Pseudodiploria190843,-0.155176817366684
Pseudodiploria190846,-0.0606622167981611
Pseudodiploria190848,-0.184187063651696
Pseudodiploria190849,-0.67420276928314
Pseudodiploria190850,-0.270214756281915
Pseudodiploria190852,0.19088680020982
Pseudodiploria190853,0.150752910687583
Pseudodiploria190855,-1.73182923101838
Pseudodiploria190857,0.558046487923186
Pseudodiploria190859,0.352093136024841
Pseudodiploria190862,-0.283035226340495
Pseudodiploria190863,-0.0475420411686991
Pseudodiploria190865,1.18271161045057
Pseudodiploria190867,0.0610019452153282
Pseudodiploria190868,-0.597450694113936
Pseudodiploria190869,-0.26567737993417
Pseudodiploria190871,-1.20065538080361
Pseudodiploria190872,0.307893112941582
Pseudodiploria190873,-0.425701070972076
Pseudodiploria190875,-0.181973435061526
Pseudodiploria190876,-0.0159861301112768
Pseudodiploria190877,0.127815544447317
Pseudodiploria190879,0.213479903811031
Pseudodiploria190880,0.940740022873334
Pseudodiploria190883,-0.206348707777896
Pseudodiploria190887,0.0854466379108376
Pseudodiploria190889,-0.0950139650134213
Pseudodiploria190890,-0.76872664039193
Pseudodiploria190893,-0.395429566877899
Pseudodiploria190894,-0.0255432187162268
Pseudodiploria190895,-0.133851457739515
Pseudodiploria190898,-0.963481292823483
Pseudodiploria190900,-0.432692425085788
Pseudodiploria190902,0.27937107067473
Pseudodiploria190904,-0.617656403604436
Pseudodiploria190909,-0.563445366595651
Pseudodiploria190910,0.733714494893397
Pseudodiploria190911,-0.109020027126865
Pseudodiploria190912,-0.0828704664903551
Pseudodiploria190913,-1.300602484624
Pseudodiploria190914,0.562317389109857
Pseudodiploria190917,-0.167576522665264
Pseudodiploria190923,0.223515960823363
Pseudodiploria190925,1.57000160924678
Pseudodiploria190926,0.0606101462683376
Pseudodiploria190927,0.416447903128473
Pseudodiploria190928,-0.690373507932442
Pseudodiploria190929,0.0570946456278859
Pseudodiploria190931,0.392438276564379
Pseudodiploria190933,0.251311904482478
Pseudodiploria190938,-0.581429481889956
Pseudodiploria190939,0.236805899972798
Pseudodiploria190940,0.722078209902184
Pseudodiploria190941,-0.228006550390737
Pseudodiploria190944,-0.217516991535191
Pseudodiploria190946,0.595365387281259
Pseudodiploria190947,-0.463268998190948
Pseudodiploria190949,0.358007203545032
Pseudodiploria190951,-0.444017684978135
Pseudodiploria190959,-0.868599492970689
Pseudodiploria190960,0.444355438690689
Pseudodiploria190961,-0.661424621341118
Pseudodiploria190962,-0.103086255113606
Pseudodiploria190963,0.101196957933036
Pseudodiploria190965,-0.194065369800468
Pseudodiploria190966,0.209634183769143
Pseudodiploria190967,-0.0141042958887493
Pseudodiploria190969,-0.0587447621056361
Pseudodiploria190971,-0.0441340310966748
Pseudodiploria190976,0.14452413720197
Pseudodiploria190977,1.70493163826094
Pseudodiploria190978,-0.27094301729554
Pseudodiploria190979,-0.643466612171626
Pseudodiploria190983,0.0759557076510066
Pseudodiploria190988,0.0274162711644667
Pseudodiploria190989,0.506070030639319
Pseudodiploria190991,-0.163064149653813
Pseudodiploria190993,1.06273813538109
Pseudodiploria190994,1.68550212140917
Pseudodiploria190995,-0.120569813392565
Pseudodiploria190996,0.117243948457996
Pseudodiploria190997,0.297271765847295
Pseudodiploria190998,-1.0725063217574
Pseudodiploria190999,0.181527582659627
Pseudodiploria191000,-0.336663255013298
Pseudodiploria191002,0.00178552319935699
Pseudodiploria191003,-0.168745015732408
Pseudodiploria191004,-0.634487793209908
Pseudodiploria191005,-0.437005041394939
Pseudodiploria191013,-0.545561372002449
Pseudodiploria191014,0.293142891299776
Pseudodiploria191015,0.135393598406534
Pseudodiploria191017,-0.0867183000438202
Pseudodiploria191020,-0.718101859781803
Pseudodiploria191021,-0.192630330536692
Pseudodiploria191022,0.204491008127624
Pseudodiploria191024,0.689601280416961
Pseudodiploria191031,0.0913136717762043
Pseudodiploria191037,-0.392533668725768
Pseudodiploria191038,-0.374781428079558
Pseudodiploria191044,-0.140144367104962
Pseudodiploria191046,-0.71684188774062
Pseudodiploria191047,-0.172464040188978
Pseudodiploria191053,0.409012621378518
Pseudodiploria191058,0.426818062620693
Pseudodiploria191060,-0.163023543159474
Pseudodiploria191061,0.515576072916192
Pseudodiploria191062,-0.325457470936312
Pseudodiploria191063,0.279726577343214
Pseudodiploria191064,0.185420171087655
Pseudodiploria191065,-0.161032251144384
Pseudodiploria191066,0.008450279484384
Pseudodiploria191068,0.029647702187785
Pseudodiploria191071,-0.737559536423827
Pseudodiploria191073,0.821391114536584
Pseudodiploria191075,0.0901304525993729
Pseudodiploria191076,0.298616596173647
Pseudodiploria191077,0.778856987376182
Pseudodiploria191078,-0.338307866249716
Pseudodiploria191079,0.63561623155563
Pseudodiploria191080,-0.0887804361499667
Pseudodiploria191082,0.672062571076713
Pseudodiploria191085,1.15280676249538
Pseudodiploria191086,-0.308388865956458
Pseudodiploria191087,-0.425327248992689
Pseudodiploria191088,-0.0854413745214236
Pseudodiploria191089,-0.0610032700319956
Pseudodiploria191090,-0.627852111256984
Pseudodiploria191091,-0.0722840331861683
Pseudodiploria191092,0.0477261244230876
Pseudodiploria191094,-0.840646578970681
Pseudodiploria191096,-0.519758090415412
Pseudodiploria191097,-0.178915196547735
Pseudodiploria191098,-0.198682301117717
Pseudodiploria191099,1.13482929713461
Pseudodiploria191102,-0.425559417444413
Pseudodiploria191106,-0.176772688436106
Pseudodiploria191107,0.0903441195652628
Pseudodiploria191114,0.229830080773607
Pseudodiploria191115,-0.362142883342758
Pseudodiploria191118,0.221045746477663
Pseudodiploria191119,0.716173061130756
Pseudodiploria191121,-0.553544282586886
Pseudodiploria191126,0.650285240045672
Pseudodiploria191128,0.866614200108457
Pseudodiploria191129,-0.126575807302311
Pseudodiploria191131,0.122374190482989
Pseudodiploria191133,0.318645203245156
Pseudodiploria191135,-0.63910719932055
Pseudodiploria191137,-0.570203441392459
Pseudodiploria191144,-0.134309249238595
Pseudodiploria191145,1.45672809790323
Pseudodiploria191146,0.111496569875898
Pseudodiploria191148,0.0218855807813572
Pseudodiploria19115,-0.639596186540927
Pseudodiploria191151,-0.09943193885179
Pseudodiploria191153,0.19448182908701
Pseudodiploria191154,0.342030519481643
Pseudodiploria191156,0.122893862765452
Pseudodiploria191158,0.336545909177474
Pseudodiploria191159,0.625053682699491
Pseudodiploria191162,-0.084045817830237
Pseudodiploria191163,-0.352954662657062
Pseudodiploria191164,-0.149045886448761
Pseudodiploria191168,-0.31462613625916
Pseudodiploria191169,0.0779811967410424
Pseudodiploria191170,-0.0782473682941481
Pseudodiploria191172,-0.61716722282807
Pseudodiploria191173,-0.318147272904212
Pseudodiploria191176,-0.00780040083803828
Pseudodiploria191177,0.171022049839252
Pseudodiploria191180,-0.0188223339595492
Pseudodiploria191182,0.63296489026013
Pseudodiploria191184,-0.656064699860546
Pseudodiploria191187,0.1971707001698
Pseudodiploria191188,-0.753130610990387
Pseudodiploria191193,-0.243332168921307
Pseudodiploria191195,0.371576895759589
Pseudodiploria191196,0.386712654899575
Pseudodiploria191198,0.0943273704685802
Pseudodiploria191200,-0.163287708700463
Pseudodiploria191201,0.384572025374467
Pseudodiploria191202,-0.461869850055391
Pseudodiploria191203,0.858225883788035
Pseudodiploria191208,0.350104569028728
Pseudodiploria191212,-0.589429074135012
Pseudodiploria191214,-0.560988224365718
Pseudodiploria191216,0.662689772939008
Pseudodiploria191219,-0.852667925254634
Pseudodiploria191221,0.165240975253447
Pseudodiploria191222,-0.293257402327413
Pseudodiploria191223,0.142534600046716
Pseudodiploria191225,-0.490457008179583
Pseudodiploria191226,-0.470442329989063
Pseudodiploria191229,0.242872375759812
Pseudodiploria191231,0.700356079699466
Pseudodiploria191233,0.13303446128955
Pseudodiploria191234,-0.814870042395863
Pseudodiploria191235,-0.665692153726044
Pseudodiploria191238,0.0741408541061749
Pseudodiploria191243,-0.604723789566304
Pseudodiploria191245,-0.134177708826548
Pseudodiploria191249,-0.212036318423985
Pseudodiploria191250,0.350469395899421
Pseudodiploria191252,-0.0416878802192127
Pseudodiploria191253,-0.808762731815385
Pseudodiploria191254,0.349161327518669
Pseudodiploria191255,-0.00228854692195499
Pseudodiploria191256,0.0287286454584946
Pseudodiploria191260,-0.165990183916602
Pseudodiploria191264,-0.628857098210262
Pseudodiploria191266,0.583525778968696
Pseudodiploria191268,-0.460897266404969
Pseudodiploria191269,0.443292836727531
Pseudodiploria191271,-0.202439355057874
Pseudodiploria191274,-0.807327331300738
Pseudodiploria191275,-0.239229409630474
Pseudodiploria191277,0.0298671464086595
Pseudodiploria191280,0.512804599086223
Pseudodiploria191282,0.00927253467171214
Pseudodiploria191283,-0.0832316213893224
Pseudodiploria191287,0.396578814765945
Pseudodiploria191289,0.110218299860056
Pseudodiploria191290,0.967859680129946
Pseudodiploria191291,-0.53211636897632
Pseudodiploria191292,0.231926766902172
Pseudodiploria191294,0.237981142987123
Pseudodiploria191298,0.380247933734957
Pseudodiploria191302,0.166697266237921
Pseudodiploria191304,0.163474743453756
Pseudodiploria191305,0.251545352058572
Pseudodiploria191306,-0.529859885148749
Pseudodiploria191307,0.555798241187855
Pseudodiploria191309,0.0835437310275378
Pseudodiploria191310,-0.21633513919768
Pseudodiploria191313,0.143160290100327
Pseudodiploria191316,0.167755793733346
Pseudodiploria191317,0.614058599072038
Pseudodiploria191318,-0.792761220875326
Pseudodiploria191320,0.0745390309723548
Pseudodiploria191323,0.694420325138419
Pseudodiploria191326,0.45825397254462
Pseudodiploria191327,-0.982231862879615
Pseudodiploria191331,-0.321315376006216
Pseudodiploria191333,0.00165552081132179
Pseudodiploria191334,0.636884817730087
Pseudodiploria191335,-0.303701273748073
Pseudodiploria191336,-0.598957743638325
Pseudodiploria191338,0.0626098850451713
Pseudodiploria191340,-0.920157588453462
Pseudodiploria191341,0.961608975845075
Pseudodiploria191346,-0.735541068982853
Pseudodiploria191347,-0.44878609290247
Pseudodiploria191348,-0.346204397176191
Pseudodiploria191355,0.321646152399588
Pseudodiploria191357,-0.114912374313142
Pseudodiploria191358,2.0063634085929
Pseudodiploria191361,1.15507693747473
Pseudodiploria191365,-0.185818536980364
Pseudodiploria191366,-0.0779585983608465
Pseudodiploria191371,0.110891525420457
Pseudodiploria191372,0.366609102483506
Pseudodiploria191374,-0.290955890845594
Pseudodiploria191376,0.565142809472787
Pseudodiploria191378,0.00691546723520412
Pseudodiploria191380,-0.639718998656297
Pseudodiploria191381,0.826661065696149
Pseudodiploria191383,-0.207355494459223
Pseudodiploria191384,-0.40784720003092
Pseudodiploria191385,-0.473581879814063
Pseudodiploria191386,0.262504776872103
Pseudodiploria191387,-0.40739854056688
Pseudodiploria191391,-1.05149046000983
Pseudodiploria191392,0.554342485964085
Pseudodiploria191393,-0.27375594813285
Pseudodiploria191395,-0.192914168414104
Pseudodiploria191397,-1.02304005590725
Pseudodiploria191403,0.0145051432642981
Pseudodiploria191404,0.90748674659357
Pseudodiploria191408,-0.252873207156347
Pseudodiploria191409,0.962887053762662
Pseudodiploria191410,0.55653829741753
Pseudodiploria191411,0.0377089590505135
Pseudodiploria191414,-0.705395567399723
Pseudodiploria191416,-0.316351816877859
Pseudodiploria191419,-0.800053612344689
Pseudodiploria191421,-0.551863401220799
Pseudodiploria191422,-0.345719284638523
Pseudodiploria191423,-0.0436823721634259
Pseudodiploria191426,0.546110505321993
Pseudodiploria191427,0.382358248531013
Pseudodiploria191430,0.837490812711425
Pseudodiploria191431,-0.744664148364998
Pseudodiploria191433,-0.0232686922764912
Pseudodiploria191438,0.0225274609922549
Pseudodiploria191439,0.791727556886248
Pseudodiploria191440,0.531139878999331
Pseudodiploria191441,-0.126560521284131
Pseudodiploria191442,0.966052014286125
Pseudodiploria191443,0.308073650443944
Pseudodiploria191444,2.48403764473922
Pseudodiploria191445,0.2486964799797
Pseudodiploria191447,-0.361326192531293
Pseudodiploria191451,0.201746824856088
Pseudodiploria191452,-0.677697052403004
Pseudodiploria191453,-0.696393874897193
Pseudodiploria191455,-0.178966897955112
Pseudodiploria191456,0.874148242418694
Pseudodiploria191458,0.320026286884502
Pseudodiploria191459,-0.419074163559824
Pseudodiploria191460,-0.329616917719367
Pseudodiploria191463,0.615655354821154
Pseudodiploria191467,-0.0527480655658133
Pseudodiploria191468,0.809108294291305
Pseudodiploria191469,-0.352211467238062
Pseudodiploria191470,0.358471353203721
Pseudodiploria191473,0.222828173254963
Pseudodiploria191476,-0.801680813732915
Pseudodiploria191477,0.316472823302688
Pseudodiploria191480,0.517860426297034
Pseudodiploria191481,-0.923670649483506
Pseudodiploria191482,0.615303212489598
Pseudodiploria191483,0.16473544467586
Pseudodiploria191484,0.242941372561192
Pseudodiploria191485,-0.227150531254632
Pseudodiploria191489,-0.28374872507278
Pseudodiploria191491,-0.291192122486408
Pseudodiploria191495,0.778702379927681
Pseudodiploria191496,0.365317886838704
Pseudodiploria191497,0.412477098037381
Pseudodiploria191498,0.440751862810296
Pseudodiploria191501,0.289815429052307
Pseudodiploria191504,0.0563757793195691
Pseudodiploria191505,-0.0067140613055178
Pseudodiploria191506,-0.158912570611684
Pseudodiploria191507,-0.030931933689182
Pseudodiploria191508,0.161768344751428
Pseudodiploria191510,-0.317945319559211
Pseudodiploria191511,-0.0174026084897568
Pseudodiploria191512,0.0349505210670259
Pseudodiploria191517,0.516287943812737
Pseudodiploria191523,0.82567041038064
Pseudodiploria191525,-0.493091578993232
Pseudodiploria191527,-0.255031091433088
Pseudodiploria191528,0.0847981030937766
Pseudodiploria191531,0.0582812870464552
Pseudodiploria191533,-0.307797612883279
Pseudodiploria191534,0.0419075063861117
Pseudodiploria191536,-1.12839265302124
Pseudodiploria191537,0.05004423392697
Pseudodiploria191538,-0.50061911394847
Pseudodiploria191544,1.24376117025508
Pseudodiploria191545,-0.567256301475502
Pseudodiploria191546,-0.49620222098795
Pseudodiploria191547,-0.0332009431734052
Pseudodiploria191549,-0.385845121770516
Pseudodiploria191553,1.21124401544149
Pseudodiploria191556,-0.364949094762854
Pseudodiploria191557,-1.22833021655695
Pseudodiploria191559,0.206344823627626
Pseudodiploria191560,-0.30564763639496
Pseudodiploria191563,0.269635507334403
Pseudodiploria191565,0.370260325547254
Pseudodiploria191566,-0.299167908070337
Pseudodiploria191567,-0.948683182374934
Pseudodiploria191568,0.607716173654405
Pseudodiploria191569,0.0253618722477657
Pseudodiploria191571,-0.41682179030702
Pseudodiploria191575,0.471581664692421
Pseudodiploria191576,-0.203231600294031
Pseudodiploria191578,0.988421025265703
Pseudodiploria191580,0.517057723712334
Pseudodiploria191581,0.642064904042985
Pseudodiploria191583,1.13458786161402
Pseudodiploria191584,0.0507374816387488
Pseudodiploria191587,-0.0924488126922873
Pseudodiploria191589,-0.24783688099431
Pseudodiploria191594,-0.447705441177997
Pseudodiploria191595,0.591647741563856
Pseudodiploria191597,0.92057980652526
Pseudodiploria191599,-0.259263002816978
Pseudodiploria191606,0.300660334352397
Pseudodiploria191608,-0.465721934420348
Pseudodiploria191612,0.942462696527192
Pseudodiploria191615,1.18254128213916
Pseudodiploria191617,-0.669752712579951
Pseudodiploria191621,0.827778993922146
Pseudodiploria191626,-0.273573875523155
Pseudodiploria191629,0.61160758602948
Pseudodiploria191634,0.0418276337776061
Pseudodiploria191635,-0.977628874002098
Pseudodiploria191637,-0.133133765647925
Pseudodiploria191642,0.0869131406537215
Pseudodiploria191643,-0.189225331268885
Pseudodiploria191644,0.0481511744243331
Pseudodiploria191645,-0.0106415229425925
Pseudodiploria191647,-0.0595244008088352
Pseudodiploria191648,-0.117080038428034
Pseudodiploria191655,0.754553060853027
Pseudodiploria191661,-0.0170224380176239
Pseudodiploria191662,0.513480392918195
Pseudodiploria191663,1.30614090221008
Pseudodiploria191664,-2.05536956069012
Pseudodiploria191665,0.321881429145834
Pseudodiploria191666,-1.56869119060018
Pseudodiploria191669,0.134715472858591
Pseudodiploria191670,-0.993898922508784
Pseudodiploria191673,2.23004245216227
Pseudodiploria191674,0.278623724520716
Pseudodiploria191679,0.267264980810683
Pseudodiploria191680,-0.121182248851234
Pseudodiploria191681,0.0396506647538524
Pseudodiploria191683,0.437842807287552
Pseudodiploria191684,0.245157473962273
Pseudodiploria191688,-0.153625971807042
Pseudodiploria191691,0.0311377492797912
Pseudodiploria191693,0.0548192406585388
Pseudodiploria191694,0.063402623646296
Pseudodiploria191695,-0.388899089390466
Pseudodiploria191699,0.00244369268480519
Pseudodiploria191700,0.797925516237825
Pseudodiploria191701,-0.353589495195648
Pseudodiploria191703,-1.17101037711275
Pseudodiploria191705,1.08819561416986
Pseudodiploria191706,0.538123811913239
Pseudodiploria191707,-0.549313436624095
Pseudodiploria191708,-0.129332978497799
Pseudodiploria191709,-0.120458906586222
Pseudodiploria191712,-0.7848726343057
Pseudodiploria191715,0.0656605146444876
Pseudodiploria191722,0.0160394846364524
Pseudodiploria191723,0.12980272982124
Pseudodiploria191729,0.02607020098231
Pseudodiploria191734,0.703634333668277
Pseudodiploria191736,-1.28712244491451
Pseudodiploria191737,0.110515914494069
Pseudodiploria191741,-0.0203195458318496
Pseudodiploria191743,-0.215550750914458
Pseudodiploria191747,-0.561721413207311
Pseudodiploria191748,0.37168438947992
Pseudodiploria191750,-0.0351430295175921
Pseudodiploria191751,-0.178853485574086
Pseudodiploria191753,-0.351150097645495
Pseudodiploria191755,0.00262550636229922
Pseudodiploria191756,0.0179109759234553
Pseudodiploria191758,-0.533170765372108
Pseudodiploria191759,-0.374644950658998
Pseudodiploria191761,0.0232404231708709
Pseudodiploria191765,-0.489093156583845
Pseudodiploria191766,0.175096869345731
Pseudodiploria191767,-0.32712926416404
Pseudodiploria191769,0.0656439991028746
Pseudodiploria191770,-0.0200130363005187
Pseudodiploria191771,0.944907908772881
Pseudodiploria191773,0.171962570946172
Pseudodiploria191778,-0.0556323818605563
Pseudodiploria191779,-0.141901630934157
Pseudodiploria191781,-0.00102057601968548
Pseudodiploria191782,0.564892885852909
Pseudodiploria191784,0.0136651313801762
Pseudodiploria191786,-0.297613915549659
Pseudodiploria191787,-0.19785213375621
Pseudodiploria191790,-0.303084869253544
Pseudodiploria191791,-0.296333711738175
Pseudodiploria191792,-0.135768074166732
Pseudodiploria191793,0.172344789452396
Pseudodiploria191795,0.141883956484638
Pseudodiploria191797,-0.108967327436334
Pseudodiploria191800,0.69647523057572
Pseudodiploria191803,-0.319835833500392
Pseudodiploria191806,-0.0551347360330006
Pseudodiploria191809,-0.394855472753127
Pseudodiploria191810,-0.0832586619023895
Pseudodiploria191811,-0.156851750867636
Pseudodiploria191815,-0.705004645512529
Pseudodiploria191818,-0.272345190442167
Pseudodiploria191819,0.936777697639244
Pseudodiploria191820,0.242503467156316
Pseudodiploria191821,-0.302927531530783
Pseudodiploria191822,-0.531239851899012
Pseudodiploria191823,0.457047520831014
Pseudodiploria191824,-0.342348753170587
Pseudodiploria191825,-0.502998097294396
Pseudodiploria191826,-0.634637447788789
Pseudodiploria191827,-0.0516299223476167
Pseudodiploria191829,-1.25164128477699
Pseudodiploria191832,-0.120802333475204
Pseudodiploria191838,-0.274072324609023
Pseudodiploria191840,-0.300386390122438
Pseudodiploria191842,-0.571365714128524
Pseudodiploria191845,0.104805991963636
Pseudodiploria191846,0.548754162986772
Pseudodiploria191847,-0.244526321269936
Pseudodiploria191848,-0.0347582572474663
Pseudodiploria191849,-0.746280911621138
Pseudodiploria191851,-0.299813156135451
Pseudodiploria191853,1.00337848355773
Pseudodiploria191854,-0.280187280726997
Pseudodiploria191861,-0.0399666878370735
Pseudodiploria191862,-0.0754118555234568
Pseudodiploria191863,0.412192600236624
Pseudodiploria191864,-0.49560652695995
Pseudodiploria191865,-0.0890781238018146
Pseudodiploria191869,-0.280892726965952
Pseudodiploria191870,-0.586432923617173
Pseudodiploria191872,-0.213749472227872
Pseudodiploria191875,0.963126659785681
Pseudodiploria191876,-1.36623656726821
Pseudodiploria191877,0.39810364637839
Pseudodiploria191878,-0.0979941572297531
Pseudodiploria191879,-0.257476018385226
Pseudodiploria191880,-0.253173839318321
Pseudodiploria191884,-0.712917153328914
Pseudodiploria191886,-0.439988845382183
Pseudodiploria191890,-0.383683377645589
Pseudodiploria191891,-0.0937030901375289
Pseudodiploria191892,-0.293995957619335
Pseudodiploria191893,-0.514348207517303
Pseudodiploria191895,1.50150260854302
Pseudodiploria191896,-0.331037107378502
Pseudodiploria191902,-0.0863297840082853
Pseudodiploria191904,-0.443408759800712
Pseudodiploria191907,1.08369840380954
Pseudodiploria191908,-0.411786932443968
Pseudodiploria191910,0.121121249626067
Pseudodiploria191911,-0.200609673365221
Pseudodiploria191912,0.0796377810948549
Pseudodiploria191915,0.837671645539105
Pseudodiploria191916,0.232731723502417
Pseudodiploria191920,0.344521160253128
Pseudodiploria191921,1.14859250097989
Pseudodiploria191923,-0.470176785491885
Pseudodiploria191927,1.11289968599265
Pseudodiploria191928,0.401608087110214
Pseudodiploria191929,0.825316556637866
Pseudodiploria191933,-0.773774573330899
Pseudodiploria191934,1.38808358668958
Pseudodiploria191936,-0.327065174761302
Pseudodiploria191937,0.187896489727726
Pseudodiploria191943,0.0979127450946399
Pseudodiploria191949,-0.369586038012168
Pseudodiploria191950,-1.19049206460959
Pseudodiploria191951,0.285748601026569
Pseudodiploria191952,0.744937416422413
Pseudodiploria191953,-0.528970714644256
Pseudodiploria191956,-0.602037341571758
Pseudodiploria191958,-0.244819994166344
Pseudodiploria191959,0.840186789169569
Pseudodiploria191960,-0.207074102495318
Pseudodiploria191962,0.0817166844209466
Pseudodiploria191963,0.223243373114617
Pseudodiploria191964,0.0515102541834457
Pseudodiploria191965,0.629358294347705
Pseudodiploria191966,1.77475182254142
Pseudodiploria191967,0.176914845989821
Pseudodiploria191968,-0.344516611784657
Pseudodiploria191971,0.539916925337882
Pseudodiploria191974,0.358671945466578
Pseudodiploria191976,0.0297992788841333
Pseudodiploria191979,-0.393346691609773
Pseudodiploria191981,0.0838931787072594
Pseudodiploria191982,0.85958548265057
Pseudodiploria191983,-0.217971273271503
Pseudodiploria191985,-1.39209895935798
Pseudodiploria191986,1.04408892214301
Pseudodiploria191987,0.098422434589611
Pseudodiploria191988,-0.228911208546324
Pseudodiploria191991,0.0417700507388785
Pseudodiploria191992,-0.360083368024043
Pseudodiploria191993,0.159897567110605
Pseudodiploria191994,-0.217592811082069
Pseudodiploria191996,-0.796739489662681
Pseudodiploria191997,0.745190227480599
Pseudodiploria191998,0.142773414761641
Pseudodiploria191999,0.100797963256154
Pseudodiploria1920,0.0333532404928095
Pseudodiploria192001,-0.135058097811168
Pseudodiploria192005,0.34470111093421
Pseudodiploria192007,-0.733331147466462
Pseudodiploria192008,0.238452531519951
Pseudodiploria192010,0.363821628876196
Pseudodiploria192012,-0.0321450916900112
Pseudodiploria192013,-0.467841850002517
Pseudodiploria192016,-0.272753416635809
Pseudodiploria192017,-0.649328164977682
Pseudodiploria192019,0.155791985025651
Pseudodiploria192020,0.230009073979724
Pseudodiploria192021,-0.304358545924433
Pseudodiploria192023,-0.035690625191096
Pseudodiploria192024,1.14973573959869
Pseudodiploria192026,-0.0337829063381629
Pseudodiploria192027,-0.245489241407335
Pseudodiploria192028,-0.280833098438049
Pseudodiploria192031,-0.6371525146556
Pseudodiploria192032,-0.70959273281212
Pseudodiploria192033,-0.0945098556635406
Pseudodiploria192035,0.696190457294607
Pseudodiploria192036,-0.0133775381316197
Pseudodiploria192037,-0.0865694950221322
Pseudodiploria192038,0.298077914365943
Pseudodiploria192042,0.810800957937132
Pseudodiploria192044,0.726803571303005
Pseudodiploria192045,0.207424687414123
Pseudodiploria192046,-0.765356128320571
Pseudodiploria192048,-0.14384483216244
Pseudodiploria192050,-0.0672450039164111
Pseudodiploria192052,-0.103541757828058
Pseudodiploria192053,0.196121312863392
Pseudodiploria192058,0.798078452088252
Pseudodiploria192060,-0.0825489271815687
Pseudodiploria192061,-0.096444113497884
Pseudodiploria192066,-0.00769358714123778
Pseudodiploria192067,-0.523847230748511
Pseudodiploria192068,-0.574185865273391
Pseudodiploria192069,-0.997306239337233
Pseudodiploria192070,0.0863577798032466
Pseudodiploria192073,-0.216710127574723
Pseudodiploria192074,0.171468384502676
Pseudodiploria192075,0.328684703021351
Pseudodiploria192079,-0.80712529789597
Pseudodiploria192081,0.251975057907809
Pseudodiploria192082,-0.433594226945847
Pseudodiploria192084,-0.0997230900208765
Pseudodiploria192085,0.246203474033658
Pseudodiploria192087,0.748702344060336
Pseudodiploria192089,-0.413426958584245
Pseudodiploria192090,0.193772709483252
Pseudodiploria192092,0.238261195287865
Pseudodiploria192098,-0.0380106516230904
Pseudodiploria192099,-0.0212114314385722
Pseudodiploria192100,0.824303810876041
Pseudodiploria192101,0.418328734415992
Pseudodiploria192102,-1.62562325274496
Pseudodiploria192103,-0.141870599539736
Pseudodiploria192106,-0.431145939399957
Pseudodiploria192107,0.437853337249951
Pseudodiploria192111,0.034466941438228
Pseudodiploria192114,-0.78707864669665
Pseudodiploria192116,0.00709375110904919
Pseudodiploria192117,-0.214479533959531
Pseudodiploria192118,1.43277275449336
Pseudodiploria192121,-0.514796136801544
Pseudodiploria192122,-0.595701109037728
Pseudodiploria192123,-0.00896963353333603
Pseudodiploria192124,-0.199401543422615
Pseudodiploria192126,-0.712236212443086
Pseudodiploria192127,0.221144432510312
Pseudodiploria192129,-0.213316991599614
Pseudodiploria192130,0.211890239996469
Pseudodiploria192132,-0.42848213296249
Pseudodiploria192133,0.198318516457553
Pseudodiploria192135,0.48433725961741
Pseudodiploria192137,0.26287893265753
Pseudodiploria192139,0.0983223893557159
Pseudodiploria192144,-0.0377921242308073
Pseudodiploria192148,-0.310712535470414
Pseudodiploria192150,0.10207956785146
Pseudodiploria192151,0.285057002391743
Pseudodiploria192152,0.78443570236333
Pseudodiploria192153,-0.22324032321578
Pseudodiploria192155,0.123177220477911
Pseudodiploria192160,-0.466002105036573
Pseudodiploria192162,-0.000523174458905364
Pseudodiploria192163,-0.266099786968336
Pseudodiploria192165,0.00851019832789457
Pseudodiploria192166,0.142263078058992
Pseudodiploria192168,-0.252163068849754
Pseudodiploria192171,-0.142535419027862
Pseudodiploria192173,-0.408033007492409
Pseudodiploria192174,-0.387801662381051
Pseudodiploria192175,-0.999605038575883
Pseudodiploria192177,0.490026920073875
Pseudodiploria192180,0.264705562124282
Pseudodiploria192181,-0.37899280067535
Pseudodiploria192182,-1.29132756351959
Pseudodiploria192183,-0.241737684055141
Pseudodiploria192184,-0.329411319096036
Pseudodiploria192185,0.65362173949535
Pseudodiploria192190,-0.414107377016108
Pseudodiploria192194,0.824473321574969
Pseudodiploria192195,0.159682169643228
Pseudodiploria192197,0.378627109697053
Pseudodiploria192198,0.53884365814406
Pseudodiploria192204,0.670520705622175
Pseudodiploria192205,0.130594289774869
Pseudodiploria192206,-0.16565909190889
Pseudodiploria192209,0.696935659679573
Pseudodiploria192210,-0.101187557935579
Pseudodiploria192211,-0.179125497840991
Pseudodiploria192212,0.188276706707346
Pseudodiploria192213,0.982412498273156
Pseudodiploria192219,-1.23453224956059
Pseudodiploria192220,-1.14604445701682
Pseudodiploria192221,1.77654201789817
Pseudodiploria192222,0.111504185816698
Pseudodiploria192223,-0.980456144616885
Pseudodiploria192225,0.0196109444441013
Pseudodiploria192226,0.43100824052505
Pseudodiploria192228,0.0875754662506177
Pseudodiploria192230,-0.104825338882419
Pseudodiploria192232,-0.0784491133923221
Pseudodiploria192235,-0.571996582494469
Pseudodiploria192236,-0.501647136717279
Pseudodiploria192237,0.605632719094805
Pseudodiploria192239,0.58057856935088
Pseudodiploria192241,0.111677007177226
Pseudodiploria192242,0.0185990492174475
Pseudodiploria192246,-0.180074158280624
Pseudodiploria192247,0.320042228176233
Pseudodiploria192253,-0.331564080869709
Pseudodiploria192254,0.0172851385056073
Pseudodiploria192255,-0.0837989032019289
Pseudodiploria192256,-0.422264293498228
Pseudodiploria192264,-0.964263349384424
Pseudodiploria192265,-0.0654938029477695
Pseudodiploria192267,-0.341186505794243
Pseudodiploria192269,0.068564109552874
Pseudodiploria192270,-0.213004345692663
Pseudodiploria192272,0.0711718039829876
Pseudodiploria192273,-0.165317728930606
Pseudodiploria192276,-0.733602480067873
Pseudodiploria192279,0.326135214153121
Pseudodiploria192282,0.673446598525926
Pseudodiploria192283,0.425015652196459
Pseudodiploria192284,0.273234845115351
Pseudodiploria192286,-0.928639512277239
Pseudodiploria192287,0.109209395649594
Pseudodiploria192288,0.313894122211842
Pseudodiploria192290,-0.103311992745469
Pseudodiploria192293,0.276415506051018
Pseudodiploria192296,0.135787896777443
Pseudodiploria192297,-0.272107719343335
Pseudodiploria192298,0.148315984470835
Pseudodiploria192302,0.65883938357101
Pseudodiploria192303,-0.0782179534567583
Pseudodiploria192309,0.12611896916775
Pseudodiploria192310,0.233131082997208
Pseudodiploria192312,0.246858278897951
Pseudodiploria192313,-0.396071564966833
Pseudodiploria192314,0.0958787042246882
Pseudodiploria192315,0.226510483587242
Pseudodiploria192316,-0.196226452770033
Pseudodiploria192317,0.299636946002202
Pseudodiploria192318,0.75595367678971
Pseudodiploria192320,-0.0888516810543918
Pseudodiploria192323,-0.922071028024596
Pseudodiploria192325,0.903764255625218
Pseudodiploria192327,0.45433986168404
Pseudodiploria192329,-0.210218151862779
Pseudodiploria192330,0.432145616016485
Pseudodiploria192334,1.52639445820675
Pseudodiploria192336,-0.251126167526595
Pseudodiploria192337,-0.45182552773209
Pseudodiploria192339,-0.172275042361462
Pseudodiploria192340,0.385463030419332
Pseudodiploria192341,-0.402489662375082
Pseudodiploria192342,0.807985378902404
Pseudodiploria192343,0.213037211643143
Pseudodiploria192344,0.0677482985497873
Pseudodiploria192347,-1.13907461362509
Pseudodiploria192348,0.47037731000057
Pseudodiploria192349,0.268669393484748
Pseudodiploria192351,-1.00214825305393
Pseudodiploria192361,-0.120681107257182
Pseudodiploria192363,-0.27375900274764
Pseudodiploria192366,-0.55997208723533
Pseudodiploria192367,0.273393563902563
Pseudodiploria192368,-0.201077838311549
Pseudodiploria192376,0.636705348553617
Pseudodiploria192378,0.0049048455570028
Pseudodiploria192381,-0.34640859367891
Pseudodiploria192382,0.147140696019643
Pseudodiploria192383,0.768159615824147
Pseudodiploria192384,0.267449758967521
Pseudodiploria192385,0.0413864480340759
Pseudodiploria192390,0.0191452063280968
Pseudodiploria192395,1.05339917967415
Pseudodiploria192396,-0.227730293053909
Pseudodiploria192399,-0.133221535774439
Pseudodiploria192400,-0.610297114842011
Pseudodiploria192401,-0.845957434636838
Pseudodiploria192406,-0.5271386353536
Pseudodiploria192408,0.479168941951741
Pseudodiploria192415,0.00133671696827411
Pseudodiploria192416,0.8273293890545
Pseudodiploria192417,0.133061958052764
Pseudodiploria192419,0.249124473670163
Pseudodiploria192421,-0.210550902800526
Pseudodiploria192422,-0.229115987446999
Pseudodiploria192423,0.34781252101214
Pseudodiploria192426,-1.41132229348059
Pseudodiploria192427,-0.776797897875373
Pseudodiploria192430,0.457623248377179
Pseudodiploria192431,0.992636082697224
Pseudodiploria192432,-0.254782176799329
Pseudodiploria192434,-1.22634815412496
Pseudodiploria192436,0.159952873123364
Pseudodiploria192439,-0.290743796987329
Pseudodiploria192440,0.596005938013869
Pseudodiploria192441,0.189109478031074
Pseudodiploria192442,0.0956953244167244
Pseudodiploria192443,-0.120203456536046
Pseudodiploria192444,-0.242506181051837
Pseudodiploria192446,-0.113180710163804
Pseudodiploria192448,-0.0769970033142219
Pseudodiploria192450,1.12222975810508
Pseudodiploria192454,0.453969388431101
Pseudodiploria192456,0.341025359203257
Pseudodiploria192457,0.0342089124686207
Pseudodiploria192460,0.351973598508401
Pseudodiploria192463,-0.0568788631727535
Pseudodiploria192465,-0.00751083412570101
Pseudodiploria192469,0.443912819032584
Pseudodiploria192472,0.149842007103071
Pseudodiploria192473,0.325383419804376
Pseudodiploria192474,-0.0618560160656822
Pseudodiploria192475,-0.36347152792402
Pseudodiploria192477,-0.0948024194590426
Pseudodiploria192478,0.524699060316821
Pseudodiploria192481,0.200273754215973
Pseudodiploria192483,-0.00562125656551588
Pseudodiploria192484,0.749794927104548
Pseudodiploria192485,-0.00424900990442607
Pseudodiploria192486,0.969784594956522
Pseudodiploria192487,0.136925832790002
Pseudodiploria192489,-0.155746735995529
Pseudodiploria192496,0.247566747424771
Pseudodiploria192497,0.100712370431155
Pseudodiploria192498,0.331755276973998
Pseudodiploria192504,0.00824135782232126
Pseudodiploria192505,-0.0640905151361326
Pseudodiploria192506,0.916765086816109
Pseudodiploria192508,-0.856255406092078
Pseudodiploria192509,-1.09288871404419
Pseudodiploria192512,-0.364561898945719
Pseudodiploria192516,0.209479291651749
Pseudodiploria192517,-0.0771074395314254
Pseudodiploria192518,0.243654784398288
Pseudodiploria192519,-0.139959646882397
Pseudodiploria192523,0.519463991446569
Pseudodiploria192524,0.418112248406622
Pseudodiploria192525,-0.138285293500928
Pseudodiploria192528,0.0386578539480554
Pseudodiploria192529,0.0645084456825466
Pseudodiploria192532,-0.244934326786278
Pseudodiploria192536,0.447964557432079
Pseudodiploria192537,0.0777295822823279
Pseudodiploria192542,0.0196735439983846
Pseudodiploria192543,-0.14732627945447
Pseudodiploria192544,-0.28525870037272
Pseudodiploria192547,-0.205577809672909
Pseudodiploria192548,0.343977469208264
Pseudodiploria192550,-0.929288784195862
Pseudodiploria192554,-0.109961004822214
Pseudodiploria192560,0.926906492688855
Pseudodiploria192562,-0.318295782219477
Pseudodiploria192564,0.501476865624132
Pseudodiploria192565,-0.410142710961805
Pseudodiploria192567,-0.138580263870895
Pseudodiploria192568,-0.577558467647197
Pseudodiploria192569,0.561347627052018
Pseudodiploria192570,0.0031824900439805
Pseudodiploria192572,-0.319269450982688
Pseudodiploria192573,-0.202902769970112
Pseudodiploria192575,-0.631717321483985
Pseudodiploria192576,-1.36127903358556
Pseudodiploria192577,-1.07120406160824
Pseudodiploria192579,0.194086145580177
Pseudodiploria192581,0.462841838316753
Pseudodiploria192582,-1.03106585717769
Pseudodiploria192584,0.545349084144784
Pseudodiploria192587,0.0937146567538613
Pseudodiploria192589,-0.306025057830247
Pseudodiploria192590,-0.214872108103385
Pseudodiploria192591,-1.13432675155325
Pseudodiploria192594,-0.19789718693344
Pseudodiploria192596,0.824463385739688
Pseudodiploria192602,0.128139427313903
Pseudodiploria192603,-0.475685449855198
Pseudodiploria192604,0.17233045642337
Pseudodiploria192605,-0.319618237579962
Pseudodiploria192606,0.124389876863963
Pseudodiploria192608,0.118346424337626
Pseudodiploria192609,0.0998479601065428
Pseudodiploria192610,0.246125235484555
Pseudodiploria192611,-0.154379390740843
Pseudodiploria192613,-0.528632217521807
Pseudodiploria192615,-0.535283107748644
Pseudodiploria192616,0.294013134115879
Pseudodiploria192617,0.0889168946206044
Pseudodiploria192622,-0.00952464436768055
Pseudodiploria192623,-0.0524934472793719
Pseudodiploria192624,-0.261538339271021
Pseudodiploria192625,0.111541710456199
Pseudodiploria192626,-0.0561798347422687
Pseudodiploria192629,-0.0211284105635126
Pseudodiploria192632,0.770051519862435
Pseudodiploria192633,0.321614479788709
Pseudodiploria192636,-0.131379377601145
Pseudodiploria192638,0.441607296108763
Pseudodiploria192639,-0.610533432504914
Pseudodiploria192640,0.00234863027121678
Pseudodiploria192641,1.13123895626095
Pseudodiploria192642,0.0809814461501544
Pseudodiploria192643,0.982872391640712
Pseudodiploria192644,-0.152271085017479
Pseudodiploria192647,0.208162317916808
Pseudodiploria192648,0.653977320125536
Pseudodiploria192649,0.287560555605987
Pseudodiploria192650,0.0263490230183775
Pseudodiploria192655,0.561851693341345
Pseudodiploria192660,-0.157437027906834
Pseudodiploria192661,-0.873193822092172
Pseudodiploria192664,-0.561052944274757
Pseudodiploria192667,0.361227161468281
Pseudodiploria192668,-0.590855002290917
Pseudodiploria192669,-0.0990588095513449
Pseudodiploria192671,-0.922538775299313
Pseudodiploria192672,-0.0898705918549702
Pseudodiploria192675,0.899199273442161
Pseudodiploria192680,-0.270054576409384
Pseudodiploria192682,0.149485279153251
Pseudodiploria192685,-0.81087866831219
Pseudodiploria192686,-0.572310580647268
Pseudodiploria192687,0.468419729617416
Pseudodiploria192688,0.165460003335873
Pseudodiploria192689,-0.235251851244815
Pseudodiploria192692,0.0922126730517585
Pseudodiploria192698,0.0365648934795312
Pseudodiploria192699,-0.0199454491834178
Pseudodiploria192700,-0.831389413302707
Pseudodiploria192701,-0.220946739494857
Pseudodiploria192702,0.753640466627833
Pseudodiploria192703,-0.525801933738445
Pseudodiploria192705,0.1949557874289
Pseudodiploria192708,0.587356646578477
Pseudodiploria192709,0.0802979843184498
Pseudodiploria192712,-0.643370589140589
Pseudodiploria192713,-0.553047297923721
Pseudodiploria192717,-0.183215356778862
Pseudodiploria192718,-0.908508078783451
Pseudodiploria192721,0.342432933128985
Pseudodiploria192722,-0.259302074976959
Pseudodiploria192724,-0.134430105292493
Pseudodiploria192725,-0.0449023712126811
Pseudodiploria192726,0.310463937275611
Pseudodiploria192728,-0.297649867113291
Pseudodiploria192732,-0.122291891646715
Pseudodiploria192733,0.0269368955048147
Pseudodiploria192735,-0.160927606604426
Pseudodiploria192736,0.453486666123523
Pseudodiploria192737,-0.171385443549647
Pseudodiploria192739,0.904935959988985
Pseudodiploria192741,-0.219961213385964
Pseudodiploria192744,0.677584675021566
Pseudodiploria192747,-0.794735484330222
Pseudodiploria192754,0.0436458420696574
Pseudodiploria192756,-0.721637148513582
Pseudodiploria192757,-0.0773423845527902
Pseudodiploria192758,-0.233441153810592
Pseudodiploria192761,-0.796097446080884
Pseudodiploria192763,0.566303744076956
Pseudodiploria192766,0.233009065965775
Pseudodiploria192767,2.16472566692214
Pseudodiploria192768,-0.491261010524179
Pseudodiploria192770,0.200443861997848
Pseudodiploria192774,-0.0758514543542958
Pseudodiploria192776,-0.230328737629582
Pseudodiploria192778,0.345380308639422
Pseudodiploria192779,0.258144714681925
Pseudodiploria192780,0.108894578298827
Pseudodiploria192781,0.324156060702559
Pseudodiploria192782,0.131436549095976
Pseudodiploria192783,-0.34830078059552
Pseudodiploria192785,-0.631589331471554
Pseudodiploria192787,0.151229145671869
Pseudodiploria192788,-0.25686298084189
Pseudodiploria192793,0.0178570789469629
Pseudodiploria192795,0.547831376839803
Pseudodiploria192797,0.0370561305099776
Pseudodiploria192799,-0.0726254594491973
Pseudodiploria192801,-0.357532100156311
Pseudodiploria192802,0.331453620687063
Pseudodiploria192806,0.146223124718908
Pseudodiploria192807,0.597764396689072
Pseudodiploria192808,0.301261858526804
Pseudodiploria192811,-0.163194115998241
Pseudodiploria192812,0.289039582805092
Pseudodiploria192814,0.528768486937385
Pseudodiploria192815,0.328747939772485
Pseudodiploria192822,-0.666069536541281
Pseudodiploria192823,0.26789371418147
Pseudodiploria192824,0.400430891519513
Pseudodiploria192825,0.168463517770565
Pseudodiploria192827,0.178520227665452
Pseudodiploria192828,1.8693144227518
Pseudodiploria192829,0.250175100200386
Pseudodiploria192833,-0.283657306258051
Pseudodiploria192834,0.577601313799261
Pseudodiploria192836,0.0579070638829849
Pseudodiploria192837,-0.67196550829476
Pseudodiploria192839,0.30443889576879
Pseudodiploria192840,-0.0112515694278579
Pseudodiploria192842,-0.475621050253813
Pseudodiploria192843,-0.165653338152898
Pseudodiploria192844,-0.428146006437743
Pseudodiploria192845,-0.483299294193325
Pseudodiploria192846,0.375506606403735
Pseudodiploria192849,-0.0736204285752661
Pseudodiploria192850,-0.695203424868519
Pseudodiploria192851,0.109751523623664
Pseudodiploria192853,0.319781679481645
Pseudodiploria192854,-0.856033897456858
Pseudodiploria192856,0.399558395813399
Pseudodiploria192862,-0.160174312318026
Pseudodiploria192864,0.340273521771219
Pseudodiploria192866,-0.378160381357054
Pseudodiploria192867,0.0566547571594853
Pseudodiploria192870,-0.781129602964268
Pseudodiploria192872,0.251085333931771
Pseudodiploria192873,-0.152875819034214
Pseudodiploria192876,0.21667695897577
Pseudodiploria192877,-0.338888548873878
Pseudodiploria192881,0.000200256645106297
Pseudodiploria192883,0.309673964168287
Pseudodiploria192884,0.812390264955816
Pseudodiploria192886,0.00745864212103944
Pseudodiploria192889,0.193839438550872
Pseudodiploria192892,-0.357529532795211
Pseudodiploria192893,-0.0641005466088867
Pseudodiploria192895,-0.86779839171768
Pseudodiploria192899,0.144192810082492
Pseudodiploria192901,-0.178526868664704
Pseudodiploria192904,-0.123584176461956
Pseudodiploria192906,-0.640378738744673
Pseudodiploria192907,0.516791367592777
Pseudodiploria192908,0.211566347286675
Pseudodiploria192910,0.291437376564718
Pseudodiploria192911,0.824483201815347
Pseudodiploria192914,-0.168909065060884
Pseudodiploria192916,-0.0436922632795557
Pseudodiploria192917,-0.291177164219371
Pseudodiploria192918,-0.0062078385351609
Pseudodiploria192920,-0.283678384149388
Pseudodiploria192921,0.571474900623268
Pseudodiploria192927,0.00124484520915507
Pseudodiploria192932,-0.0435288664537991
Pseudodiploria192934,0.119734745080542
Pseudodiploria192935,0.5371469952306
Pseudodiploria192936,0.153413953283083
Pseudodiploria192937,-0.614551425419775
Pseudodiploria192938,0.127575368705503
Pseudodiploria192940,0.0750616471679185
Pseudodiploria192941,-0.745372531818441
Pseudodiploria192942,-0.0206686914411396
Pseudodiploria192943,-1.04899584505853
Pseudodiploria192944,-0.536744282478693
Pseudodiploria192945,-1.68005032332361
Pseudodiploria192947,-0.141108818854769
Pseudodiploria192949,0.511607762107314
Pseudodiploria192952,-1.02411676852631
Pseudodiploria192953,-0.0394944303680286
Pseudodiploria192954,0.0667094368071448
Pseudodiploria192958,0.512760197647234
Pseudodiploria192960,0.334353278183297
Pseudodiploria192963,-0.598660655961592
Pseudodiploria192964,-0.961607147294627
Pseudodiploria192965,-0.0983211821714306
Pseudodiploria192966,0.0284708710831172
Pseudodiploria192967,0.0951824670834297
Pseudodiploria192968,0.423979011653795
Pseudodiploria192970,0.121082105291407
Pseudodiploria192971,0.612927730551809
Pseudodiploria192972,0.217393140948161
Pseudodiploria192974,0.345613265579723
Pseudodiploria192975,-0.264990756387384
Pseudodiploria192976,-0.123962731656561
Pseudodiploria192977,0.146260791542754
Pseudodiploria192979,-0.0866119487256573
Pseudodiploria192980,0.0494823590783773
Pseudodiploria192982,-0.0430136448033777
Pseudodiploria192983,-0.586609703708975
Pseudodiploria192985,0.0290707416914074
Pseudodiploria192986,-0.253867085239698
Pseudodiploria192987,-0.0355856149112632
Pseudodiploria192988,-0.418927526481486
Pseudodiploria192992,-0.266310247063152
Pseudodiploria192993,-0.0273815969470485
Pseudodiploria192994,-0.173446844866798
Pseudodiploria192996,0.322422993990016
Pseudodiploria192997,-0.311348675830881
Pseudodiploria192998,-2.63948223800371
Pseudodiploria192999,-0.281503828828039
Pseudodiploria193000,0.143122105791969
Pseudodiploria193001,-0.00628320531378072
Pseudodiploria193002,-0.555894698547683
Pseudodiploria193003,-0.859045726850541
Pseudodiploria193005,-0.221127667057766
Pseudodiploria193006,0.00711667389829831
Pseudodiploria193008,-0.25977680165206
Pseudodiploria193009,-0.430576110081705
Pseudodiploria193010,0.332133848438422
Pseudodiploria193011,0.274138084026711
Pseudodiploria193012,0.0011589898616629
Pseudodiploria193013,-0.249212209402874
Pseudodiploria193015,0.667142622617162
Pseudodiploria193016,-0.234540396482712
Pseudodiploria193017,0.0616506398358515
Pseudodiploria193018,0.72305588953645
Pseudodiploria193020,-0.753002567574664
Pseudodiploria193025,0.384808444725104
Pseudodiploria193026,-0.144658989667608
Pseudodiploria193027,0.686448468395109
Pseudodiploria193028,-0.00338103072320785
Pseudodiploria193029,-0.184066217704784
Pseudodiploria193031,-0.210147282428148
Pseudodiploria193033,-0.02050327642728
Pseudodiploria193034,-0.945969545230142
Pseudodiploria193038,-0.365225513226101
Pseudodiploria193039,0.620693586626869
Pseudodiploria193040,0.465155411843106
Pseudodiploria193041,0.278391401450917
Pseudodiploria193043,0.571839562687229
Pseudodiploria193044,0.275824081272852
Pseudodiploria193055,-0.122223136501864
Pseudodiploria193056,-0.0379498037391012
Pseudodiploria193057,0.0977892146809031
Pseudodiploria193058,1.11708477800305
Pseudodiploria193060,0.935795018691492
Pseudodiploria193062,-0.197994351881822
Pseudodiploria193063,-0.332814213699597
Pseudodiploria193066,0.339995724677252
Pseudodiploria193068,0.0381383467626935
Pseudodiploria193069,0.361999861588342
Pseudodiploria193070,0.778029567338952
Pseudodiploria193072,-0.310120164516081
Pseudodiploria193074,0.0459989829450937
Pseudodiploria193076,0.73388494919319
Pseudodiploria193077,0.787448685600423
Pseudodiploria193078,-1.33438881130804
Pseudodiploria193080,-0.141355444260541
Pseudodiploria193081,-0.422772909006761
Pseudodiploria193082,-0.0893860040282863
Pseudodiploria193084,-0.534231819339095
Pseudodiploria193085,-0.703548276214535
Pseudodiploria193087,-0.117571274861619
Pseudodiploria193090,-0.0900460936659276
Pseudodiploria193092,-0.381461617737635
Pseudodiploria193094,0.996954765208995
Pseudodiploria193095,-0.394840476504447
Pseudodiploria193096,-0.521630117810103
Pseudodiploria193099,1.06763786024315
Pseudodiploria193101,0.521052429812248
Pseudodiploria193102,-0.157048582055917
Pseudodiploria193103,0.267326983397953
Pseudodiploria193105,-0.280692797063913
Pseudodiploria193106,0.926415544992714
Pseudodiploria193108,-0.0990899728481986
Pseudodiploria193109,-0.477215484025296
Pseudodiploria193110,-0.850601201058035
Pseudodiploria193111,-0.306416025734977
Pseudodiploria193113,0.449706779320484
Pseudodiploria193115,0.418667147765988
Pseudodiploria193117,0.284157882512452
Pseudodiploria193124,1.1630330912603
Pseudodiploria193126,-0.758077803532335
Pseudodiploria193127,-0.243155956227252
Pseudodiploria193128,-0.599498665399686
Pseudodiploria193131,-0.707232213144165
Pseudodiploria193133,-0.00720745271140859
Pseudodiploria193134,0.143932853919608
Pseudodiploria193135,-0.00789833207249117
Pseudodiploria193136,-0.219442218407707
Pseudodiploria193138,0.776932512639881
Pseudodiploria193143,0.381271176781585
Pseudodiploria193144,-0.178093657218482
Pseudodiploria193147,0.385611695017698
Pseudodiploria193149,0.574507828245306
Pseudodiploria193150,-1.5760966044855
Pseudodiploria193151,-0.84722323684101
Pseudodiploria193152,0.0181441475102649
Pseudodiploria193155,-0.22740229716289
Pseudodiploria193157,1.34755393360109
Pseudodiploria193158,-0.185390777835408
Pseudodiploria193160,0.27120394311626
Pseudodiploria193163,-0.0447554436481641
Pseudodiploria193165,-1.07876127873882
Pseudodiploria193166,0.225965645483071
Pseudodiploria193167,-0.390762277208211
Pseudodiploria193170,1.66244630543363
Pseudodiploria193172,-0.310052990194491
Pseudodiploria193177,-0.0693654442019141
Pseudodiploria193181,-0.138599406518504
Pseudodiploria193187,-0.434855631064921
Pseudodiploria193189,-0.353407117181989
Pseudodiploria193192,0.0346362807839078
Pseudodiploria193193,-0.00411430600801973
Pseudodiploria193195,-0.454396549681605
Pseudodiploria193197,-0.634193104470944
Pseudodiploria193201,-0.492716802950653
Pseudodiploria193203,0.710522161691925
Pseudodiploria193204,-0.351578038323576
Pseudodiploria193206,0.7165838061748
Pseudodiploria193207,-0.298770904373571
Pseudodiploria193209,0.0889262380171843
Pseudodiploria193210,0.18494073715191
Pseudodiploria193211,-0.0642993588551286
Pseudodiploria193214,-0.177368072792245
Pseudodiploria193215,0.545757691279982
Pseudodiploria193217,0.214121928967018
Pseudodiploria193220,-0.00773026123243976
Pseudodiploria193221,0.210466929992214
Pseudodiploria193224,0.368332178334323
Pseudodiploria193225,0.213530206242243
Pseudodiploria193228,-0.688266446415958
Pseudodiploria193229,0.631739961823728
Pseudodiploria193230,-0.16127072406804
Pseudodiploria193231,0.593881689054657
Pseudodiploria193233,0.394695407841069
Pseudodiploria193235,-0.0907946427113284
Pseudodiploria193236,-1.13876247669751
Pseudodiploria193239,-0.155238643989374
Pseudodiploria193242,0.0847450965705405
Pseudodiploria193244,-0.297703418018338
Pseudodiploria193246,0.646635106755269
Pseudodiploria193248,-0.0512098267471133
Pseudodiploria193249,-0.0947551626053498
Pseudodiploria193251,-0.0212846089749395
Pseudodiploria193253,0.224993705137608
Pseudodiploria193260,0.147321603665107
Pseudodiploria193261,0.309258668387312
Pseudodiploria193262,-0.617969664309802
Pseudodiploria193263,-0.0408440847211399
Pseudodiploria193264,-0.304252523642944
Pseudodiploria193265,-0.00330671205558436
Pseudodiploria193266,-0.180722182844624
Pseudodiploria193267,-0.558883207955864
Pseudodiploria193268,0.802468126327973
Pseudodiploria193270,0.161959979567139
Pseudodiploria193271,-1.06359631212082
Pseudodiploria193272,-3.21169347036122
Pseudodiploria193273,0.129040398041495
Pseudodiploria193274,-0.205939872284171
Pseudodiploria193275,-1.21161515804401
Pseudodiploria193276,0.128448153014222
Pseudodiploria193277,-0.180609169045313
Pseudodiploria193280,-0.0245470613145769
Pseudodiploria193282,-0.764374086296138
Pseudodiploria193283,0.139540349201043
Pseudodiploria193288,0.710625611278984
Pseudodiploria193289,0.10085325098805
Pseudodiploria193291,-0.172831061507859
Pseudodiploria193292,0.350312370877501
Pseudodiploria193296,0.207119492718201
Pseudodiploria193297,0.211666847841205
Pseudodiploria193299,-0.281595902315871
Pseudodiploria193300,-0.0649776709094482
Pseudodiploria193301,-0.782190419242511
Pseudodiploria193302,1.14182107109081
Pseudodiploria193305,-0.997850334024505
Pseudodiploria193307,-0.48753638743045
Pseudodiploria193309,-0.172515312416424
Pseudodiploria193310,-0.996140603769582
Pseudodiploria193311,-0.829755046045363
Pseudodiploria193312,-0.0582737145642698
Pseudodiploria193313,0.0576374579521834
Pseudodiploria193316,0.051512668224289
Pseudodiploria193317,0.545111353230124
Pseudodiploria193318,1.02641760737582
Pseudodiploria193320,0.408478832070099
Pseudodiploria193321,0.457922560736583
Pseudodiploria193322,0.0921153450992051
Pseudodiploria193323,0.0659476204889874
Pseudodiploria193324,0.358466037901256
Pseudodiploria193327,1.66135050015652
Pseudodiploria193328,-1.27722813121423
Pseudodiploria193330,0.178742870214321
Pseudodiploria193331,0.239294047786636
Pseudodiploria193334,0.261755197457257
Pseudodiploria193335,-0.308896582465485
Pseudodiploria193338,0.419107642338457
Pseudodiploria193341,0.222116688661982
Pseudodiploria193342,0.639502740907304
Pseudodiploria193343,-0.300781711900415
Pseudodiploria193346,-0.71325030098947
Pseudodiploria193349,0.0658592415960983
Pseudodiploria193350,0.628902550565876
Pseudodiploria193352,-0.555987917386827
Pseudodiploria193353,0.909248368049888
Pseudodiploria193354,-0.193206947770083
Pseudodiploria193356,-0.122633838263563
Pseudodiploria193358,0.68921241085697
Pseudodiploria193359,-0.45847283505482
Pseudodiploria193362,0.0862348177774468
Pseudodiploria193363,0.246105485864254
Pseudodiploria193367,0.33200571279507
Pseudodiploria193368,0.63736332763335
Pseudodiploria193373,-0.310008705278814
Pseudodiploria193376,0.278670302391443
Pseudodiploria193379,0.863884544555288
Pseudodiploria193380,-0.0284023093798912
Pseudodiploria193381,-1.05690301109383
Pseudodiploria193385,0.111154877841448
Pseudodiploria193388,-0.417559682751279
Pseudodiploria193391,0.808005296226014
Pseudodiploria193392,-0.212059173483843
Pseudodiploria193394,-0.049553109766871
Pseudodiploria193397,-0.297780843019297
Pseudodiploria193399,-0.0792390540661363
Pseudodiploria193402,0.0606794906330892
Pseudodiploria193403,-0.0536167828255075
Pseudodiploria193405,-0.526180760962724
Pseudodiploria193406,0.106667538456968
Pseudodiploria193410,-0.842066361278567
Pseudodiploria193412,0.526433524494517
Pseudodiploria193413,0.343464631310647
Pseudodiploria193414,0.0711640448261882
Pseudodiploria193416,-0.404167091881235
Pseudodiploria193418,-1.59430031297252
Pseudodiploria193419,0.368872343053219
Pseudodiploria193420,-0.0336562458453423
Pseudodiploria193423,-0.345195700130353
Pseudodiploria193424,-0.223311974659809
Pseudodiploria193426,0.587057870799075
Pseudodiploria193429,0.245362075277249
Pseudodiploria193431,0.868378577419381
Pseudodiploria193434,-0.263717884779884
Pseudodiploria193435,0.106942177228978
Pseudodiploria193437,0.0649562355952834
Pseudodiploria193439,0.149842160129488
Pseudodiploria193440,0.0819921779129278
Pseudodiploria193441,-0.892373904367485
Pseudodiploria193445,-0.343227963704913
Pseudodiploria193447,-0.0139375521007431
Pseudodiploria193448,-0.303995749885767
Pseudodiploria193452,-0.00571607417166267
Pseudodiploria193454,-0.729927613365722
Pseudodiploria193456,-0.21523653441683
Pseudodiploria193457,-0.47629433121949
Pseudodiploria193460,0.796074002108597
Pseudodiploria193462,1.03427625960305
Pseudodiploria193464,-0.411220499704726
Pseudodiploria193467,-0.110499601573904
Pseudodiploria193468,-0.362354942971969
Pseudodiploria193469,0.0953266231586042
Pseudodiploria193470,-0.859471677758853
Pseudodiploria193471,0.143623044145069
Pseudodiploria193473,0.230600414071746
Pseudodiploria193474,0.327702388531789
Pseudodiploria193477,-1.17398007940939
Pseudodiploria193481,-0.815992084258774
Pseudodiploria193484,-0.789863024092944
Pseudodiploria193486,-0.593072111681975
Pseudodiploria193488,-0.507320257592893
Pseudodiploria193490,0.170839454582033
Pseudodiploria193495,-0.364153794236043
Pseudodiploria193497,-0.200455929553808
Pseudodiploria193498,-0.188966376901352
Pseudodiploria193499,-0.0257878074898438
Pseudodiploria193501,0.560059671759627
Pseudodiploria193503,0.0918191053650791
Pseudodiploria193504,-0.0730318927942836
Pseudodiploria193505,0.311615140641006
Pseudodiploria193506,-0.108347761000995
Pseudodiploria193508,-0.0270335283164609
Pseudodiploria193512,-0.0326227691669789
Pseudodiploria193513,-0.0231429796105753
Pseudodiploria193514,-0.0675402704776924
Pseudodiploria193515,0.882337042884798
Pseudodiploria193518,-0.527665329349239
Pseudodiploria193524,-1.64109155401089
Pseudodiploria193526,0.10237886669966
Pseudodiploria193527,-0.155691913102008
Pseudodiploria193528,-0.321956739847703
Pseudodiploria193529,-0.0906865250501381
Pseudodiploria193530,-0.282611798776157
Pseudodiploria193531,0.275527778683781
Pseudodiploria193533,0.134665542832995
Pseudodiploria193544,0.594391343025222
Pseudodiploria193545,-0.253831641672093
Pseudodiploria193547,-0.184931285141725
Pseudodiploria193549,-0.0447506961924782
Pseudodiploria193551,-0.112612146358252
Pseudodiploria193554,0.0814374683088967
Pseudodiploria193556,0.126147969416183
Pseudodiploria193557,1.09446722811871
Pseudodiploria193558,0.15044035314768
Pseudodiploria193559,0.143093928206153
Pseudodiploria193560,0.726181130114035
Pseudodiploria193561,-0.239023288047946
Pseudodiploria193563,-0.0761750528989099
Pseudodiploria193564,-0.743922823871266
Pseudodiploria193566,0.0738875624989857
Pseudodiploria193567,0.344822278771168
Pseudodiploria193569,-0.669212660525783
Pseudodiploria193570,0.274680411074395
Pseudodiploria193571,-0.967406758042094
Pseudodiploria193572,0.26564323949564
Pseudodiploria193573,0.231931326706348
Pseudodiploria193574,-0.619518536856236
Pseudodiploria193575,0.126726811207148
Pseudodiploria193576,0.271890935897038
Pseudodiploria193581,0.540850908339844
Pseudodiploria193584,-0.674504743906757
Pseudodiploria193585,0.465471285939249
Pseudodiploria193587,0.0153260534116842
Pseudodiploria193591,0.97355549497942
Pseudodiploria193592,0.0220223269463163
Pseudodiploria193593,-0.841498710789145
Pseudodiploria193595,0.183865440923362
Pseudodiploria193596,0.692089936804397
Pseudodiploria193602,-0.317613452992905
Pseudodiploria193603,0.626475162607078
Pseudodiploria193604,0.13323178375675
Pseudodiploria193606,0.832293756402499
Pseudodiploria193609,0.321112634398588
Pseudodiploria193611,0.131140737820086
Pseudodiploria193612,-0.513574236801833
Pseudodiploria193615,-0.509719675656099
Pseudodiploria193618,0.345164619097345
Pseudodiploria193619,-0.822167224084524
Pseudodiploria193620,-0.327986636694284
Pseudodiploria193626,1.07853574953746
Pseudodiploria193627,-0.293420037334308
Pseudodiploria193629,0.157605049455377
Pseudodiploria193632,0.114426839110093
Pseudodiploria193633,0.00543093955930099
Pseudodiploria193634,-0.446878151537314
Pseudodiploria193636,-0.0500712337441669
Pseudodiploria193637,-0.730844946241856
Pseudodiploria193638,0.525440838861411
Pseudodiploria193642,0.00206294678909134
Pseudodiploria193643,0.171087437793098
Pseudodiploria193644,-0.533562375593072
Pseudodiploria193645,-0.303265940511021
Pseudodiploria193646,0.0243272442927195
Pseudodiploria193654,-0.556124399343581
Pseudodiploria193656,0.0852107834133076
Pseudodiploria193660,-0.268139839732223
Pseudodiploria193662,0.0153859534067262
Pseudodiploria193669,0.362789200524729
Pseudodiploria193670,0.241575819565722
Pseudodiploria193671,-0.362031628328675
Pseudodiploria193673,0.0183273595890171
Pseudodiploria193675,0.343288964904238
Pseudodiploria193677,-0.00313693315776358
Pseudodiploria193680,-0.200606719996066
Pseudodiploria193684,-0.0476405338729458
Pseudodiploria193686,-0.453925307522748
Pseudodiploria193687,-0.360179279082154
Pseudodiploria193691,-0.00869904473577201
Pseudodiploria193693,-0.104338794387511
Pseudodiploria193696,0.140393664093056
Pseudodiploria193697,0.0821431788652644
Pseudodiploria193698,0.684671122355164
Pseudodiploria193700,-0.591199866521754
Pseudodiploria193704,-0.204594760502924
Pseudodiploria193706,0.156249813223878
Pseudodiploria193707,-0.0988247988153687
Pseudodiploria193709,-1.18172378386106
Pseudodiploria193711,0.147882696084369
Pseudodiploria193713,-0.0117994882359609
Pseudodiploria193714,-0.208866180307982
Pseudodiploria193715,0.00789796167256208
Pseudodiploria193716,0.312791015050121
Pseudodiploria193717,-0.0888801960921949
Pseudodiploria193719,-0.231261587034622
Pseudodiploria193723,0.000990741413404468
Pseudodiploria193724,-0.190601953049328
Pseudodiploria193725,-0.0439914492826207
Pseudodiploria193726,-0.760101470843178
Pseudodiploria193728,-1.00242142305974
Pseudodiploria193732,-0.621236190037369
Pseudodiploria193733,-0.0396958368554315
Pseudodiploria193734,-0.119985640329773
Pseudodiploria193736,-0.347043151675579
Pseudodiploria193737,-0.474529666297165
Pseudodiploria193738,-0.156618472437531
Pseudodiploria193739,-0.17894250801832
Pseudodiploria193741,0.240273908005295
Pseudodiploria193743,-0.246056956468252
Pseudodiploria193744,-0.312237371762954
Pseudodiploria193746,0.264543682849715
Pseudodiploria193747,-0.18475265595792
Pseudodiploria193748,0.525248426089557
Pseudodiploria193750,0.0959322523083554
Pseudodiploria193751,0.316859596723997
Pseudodiploria193752,-0.454348447506954
Pseudodiploria193753,0.696566162477563
Pseudodiploria193754,-0.458349231811203
Pseudodiploria193756,0.234279192697813
Pseudodiploria193759,-0.380420664100152
Pseudodiploria193760,-0.050747386632328
Pseudodiploria193761,-0.02844619308063
Pseudodiploria193763,-0.000545834454374111
Pseudodiploria193764,-0.339179856470497
Pseudodiploria193765,0.0431761730409887
Pseudodiploria193768,0.43820412646754
Pseudodiploria193770,-0.129210559876475
Pseudodiploria193771,0.199960128797429
Pseudodiploria193774,0.33970888101602
Pseudodiploria193775,0.0221274825928311
Pseudodiploria193780,0.205709150583671
Pseudodiploria193781,0.134521579128872
Pseudodiploria193785,0.808710648022958
Pseudodiploria193787,-0.569641510565749
Pseudodiploria193789,0.201925575189818
Pseudodiploria193790,0.484446436583011
Pseudodiploria193791,0.89899803784424
Pseudodiploria193792,-0.300932611192656
Pseudodiploria193793,0.599213140405041
Pseudodiploria193794,-0.143115259824829
Pseudodiploria193796,-1.36235136899976
Pseudodiploria193797,-0.40409854569641
Pseudodiploria193798,0.899194113060852
Pseudodiploria193799,0.0940624201800604
Pseudodiploria193800,0.0755952319192622
Pseudodiploria193802,-0.214139745171505
Pseudodiploria193806,0.140573014862955
Pseudodiploria193807,-0.465245075118602
Pseudodiploria193808,-0.445475105606026
Pseudodiploria193809,0.568725644663002
Pseudodiploria193810,0.327828515487688
Pseudodiploria193811,0.451955221174545
Pseudodiploria193812,-0.175443320720679
Pseudodiploria193816,0.10065717780192
Pseudodiploria193818,0.506801838709961
Pseudodiploria193819,0.228079869418745
Pseudodiploria193821,1.43250185940548
Pseudodiploria193822,-0.045695778244071
Pseudodiploria193823,0.197314485684813
Pseudodiploria193826,-0.638622639597582
Pseudodiploria193830,-0.841695615376286
Pseudodiploria193831,-0.924273962232534
Pseudodiploria193832,-0.0845423747266661
Pseudodiploria193833,0.280068614139515
Pseudodiploria193837,0.494359827876462
Pseudodiploria193838,-0.270327175175623
Pseudodiploria193844,-0.128592262073368
Pseudodiploria193845,0.213570100308672
Pseudodiploria193846,-0.491479555955205
Pseudodiploria193847,-0.0474491523206368
Pseudodiploria193849,-0.594533431564506
Pseudodiploria193851,-0.325520046474771
Pseudodiploria193853,-0.749856744057344
Pseudodiploria193854,1.08020044117004
Pseudodiploria193855,-0.0806428374371781
Pseudodiploria193859,0.626448177124947
Pseudodiploria193860,-0.108495547794105
Pseudodiploria193864,-0.0504224848020227
Pseudodiploria193865,-1.14665061603278
Pseudodiploria193866,0.0561943491539689
Pseudodiploria193868,-0.109440874617923
Pseudodiploria193872,0.0260700839287039
Pseudodiploria193875,-0.637268569834891
Pseudodiploria193876,-0.0818254446812393
Pseudodiploria193877,-1.12533991651802
Pseudodiploria193878,-0.150735250489178
Pseudodiploria193880,-0.929270744267782
Pseudodiploria193885,-0.263170294128615
Pseudodiploria193886,0.31232776252563
Pseudodiploria193887,-0.175463848780301
Pseudodiploria193888,-0.0739173146042119
Pseudodiploria193891,0.147961402545386
Pseudodiploria193892,0.3606779930715
Pseudodiploria193895,0.231664977624096
Pseudodiploria193897,0.123516953043128
Pseudodiploria193898,-0.633162837499709
Pseudodiploria193901,0.25386758071097
Pseudodiploria193902,0.178822778208627
Pseudodiploria193905,-0.880108134700358
Pseudodiploria193907,0.0229264506488496
Pseudodiploria193908,0.120138113955925
Pseudodiploria193910,-0.0100259742726653
Pseudodiploria193911,-0.620209936652732
Pseudodiploria193912,0.465318702911334
Pseudodiploria193913,0.213732766823891
Pseudodiploria193914,0.186320269831052
Pseudodiploria193915,-0.573480996121036
Pseudodiploria193917,0.385755962461267
Pseudodiploria193920,1.01108140289769
Pseudodiploria193921,-0.195500474686655
Pseudodiploria193922,-0.0873630288834003
Pseudodiploria193923,-0.157764999915297
Pseudodiploria193925,-0.208774854827956
Pseudodiploria193926,0.0159605833302973
Pseudodiploria193928,0.276895017239714
Pseudodiploria193930,0.656653395151684
Pseudodiploria193931,0.192619802045873
Pseudodiploria193932,-0.22127763643504
Pseudodiploria193933,-0.226342494129928
Pseudodiploria193935,0.0395975518806356
Pseudodiploria193936,-0.567091616636703
Pseudodiploria193938,0.461266260422964
Pseudodiploria193939,0.0258227408199622
Pseudodiploria19394,-0.02288371821607
Pseudodiploria193940,0.305074446098623
Pseudodiploria193941,-1.55738199633141
Pseudodiploria193942,0.96830149140119
Pseudodiploria193945,-0.0596901050237354
Pseudodiploria193948,0.192413154661933
Pseudodiploria193949,0.036772749731463
Pseudodiploria193951,-0.589292608056914
Pseudodiploria193952,1.21972484009018
Pseudodiploria193953,-0.301435118714856
Pseudodiploria193954,0.428521123921119
Pseudodiploria193959,2.02117483318011
Pseudodiploria193960,-0.0710832889874565
Pseudodiploria193961,0.0208324025355025
Pseudodiploria193964,-0.6027648006421
Pseudodiploria193966,0.446885848808887
Pseudodiploria193967,-0.423244790301975
Pseudodiploria193968,-0.523220624967986
Pseudodiploria193970,-0.094827206841752
Pseudodiploria193971,0.101229278078164
Pseudodiploria193974,0.420247165659193
Pseudodiploria193975,0.130253690280697
Pseudodiploria193976,-0.103836790157659
Pseudodiploria193979,-0.365854139932748
Pseudodiploria193980,-0.308797164329411
Pseudodiploria193981,-0.375866318620765
Pseudodiploria193983,0.859151008488175
Pseudodiploria193985,0.303661390702432
Pseudodiploria193989,2.03316733857433
Pseudodiploria193990,-0.396696657033037
Pseudodiploria193992,-0.0333587771896865
Pseudodiploria193993,-0.0500684954737497
Pseudodiploria193994,-0.612450357616533
Pseudodiploria193995,-0.134336927019814
Pseudodiploria193996,-0.0686707472178013
Pseudodiploria193997,1.16276025902099
Pseudodiploria193998,-0.0153969516439076
Pseudodiploria194000,-0.241414435087619
Pseudodiploria194001,0.38277196824751
Pseudodiploria194003,-0.488363107166935
Pseudodiploria194007,0.820943324378124
Pseudodiploria194008,0.260168551317935
Pseudodiploria194009,0.6251517673203
Pseudodiploria194010,-0.159541770968109
Pseudodiploria194011,-0.10617552648575
Pseudodiploria194015,-0.667459078989134
Pseudodiploria194016,0.256687608226943
Pseudodiploria194017,-0.349652126632866
Pseudodiploria194018,-0.103897419553966
Pseudodiploria194019,-0.408240086737728
Pseudodiploria194020,-0.280837816924434
Pseudodiploria194022,0.0797071433844536
Pseudodiploria194023,-0.23071263767362
Pseudodiploria194024,-0.156728586245474
Pseudodiploria194026,-1.08192649794354
Pseudodiploria194028,0.525263005975003
Pseudodiploria194030,-0.116648408221616
Pseudodiploria194033,-1.44259510283467
Pseudodiploria194036,0.232093992072663
Pseudodiploria194037,0.716492636830795
Pseudodiploria194038,0.121039021340298
Pseudodiploria194040,-0.387237345777937
Pseudodiploria194041,-0.087270987779177
Pseudodiploria194042,-0.818846444403795
Pseudodiploria194047,-0.709523405203546
Pseudodiploria194048,-0.492900039738184
Pseudodiploria194049,-0.199311751323452
Pseudodiploria194051,0.0131802078936875
Pseudodiploria194052,-0.585545645125113
Pseudodiploria194055,0.62067660134731
Pseudodiploria194056,-0.084015847165135
Pseudodiploria194060,0.0333451164339329
Pseudodiploria194061,0.177480075859329
Pseudodiploria194062,0.210387610937239
Pseudodiploria194066,0.113923553134167
Pseudodiploria194067,0.429961484526291
Pseudodiploria194070,0.0426315909793461
Pseudodiploria194073,-0.236737367853529
Pseudodiploria194074,-0.140567184344091
Pseudodiploria194076,-0.30291876767778
Pseudodiploria194079,0.337641719682436
Pseudodiploria194082,0.366168840016892
Pseudodiploria194083,0.11968610863094
Pseudodiploria194084,-0.26027249764213
Pseudodiploria194085,0.986687090770957
Pseudodiploria194089,0.696865887169822
Pseudodiploria194090,0.00795281838780968
Pseudodiploria194092,-0.238491330156799
Pseudodiploria194093,-0.776791582212492
Pseudodiploria194094,0.687447357967719
Pseudodiploria194095,0.475132678413949
Pseudodiploria194097,1.82171073081833
Pseudodiploria194102,-0.10838983159631
Pseudodiploria194103,0.054713532236406
Pseudodiploria194105,-0.117308611946748
Pseudodiploria194106,0.10127230352148
Pseudodiploria194107,0.326832352405302
Pseudodiploria194108,1.11628079279649
Pseudodiploria194109,-0.38812451152833
Pseudodiploria194111,0.726473643201939
Pseudodiploria194112,-0.140027043244681
Pseudodiploria194113,-0.132089870552554
Pseudodiploria194116,0.149358572792207
Pseudodiploria194117,0.121602152878904
Pseudodiploria194118,-0.0943992211814847
Pseudodiploria194120,0.0294487701884476
Pseudodiploria194121,0.29862496320651
Pseudodiploria194122,-1.14692056611994
Pseudodiploria194123,-0.356486203423567
Pseudodiploria194124,-0.22765245678805
Pseudodiploria194129,-0.149167391185869
Pseudodiploria194130,0.308955116501091
Pseudodiploria194131,0.111415858212791
Pseudodiploria194132,0.533938732220185
Pseudodiploria194133,0.0809270873398659
Pseudodiploria194134,0.167100645049543
Pseudodiploria194137,0.086328620535973
Pseudodiploria194138,-0.376067667451103
Pseudodiploria194140,1.34355020719518
Pseudodiploria194141,0.164931190750801
Pseudodiploria194144,-0.0514300395409766
Pseudodiploria194146,-0.36746177094652
Pseudodiploria194150,0.164229201848631
Pseudodiploria194155,0.31556220735214
Pseudodiploria194160,-0.0755949248212432
Pseudodiploria194161,0.677521712763584
Pseudodiploria194163,0.157234732972676
Pseudodiploria194165,-0.319489275106905
Pseudodiploria194166,-0.429668255658174
Pseudodiploria194171,-0.3077114769886
Pseudodiploria194172,-0.481945826266992
Pseudodiploria194173,-0.270384439686598
Pseudodiploria194176,0.433893356138101
Pseudodiploria194179,0.247108429452542
Pseudodiploria194180,0.441736565512426
Pseudodiploria194182,-0.334104040476048
Pseudodiploria194186,-0.0493194326289975
Pseudodiploria194187,-0.106997756529449
Pseudodiploria194189,0.169880980264777
Pseudodiploria194190,0.0547376023776885
Pseudodiploria194192,0.230990708216408
Pseudodiploria194194,0.405971823038053
Pseudodiploria194195,0.184702172305991
Pseudodiploria194196,-0.584339454300409
Pseudodiploria194197,0.351410601569277
Pseudodiploria194199,-0.170453374874773
Pseudodiploria194200,0.629507606678535
Pseudodiploria194201,-0.0456221980716665
Pseudodiploria194202,-0.254520245567847
Pseudodiploria194204,0.150405128691068
Pseudodiploria194205,0.765466829003973
Pseudodiploria194207,1.17680735630602
Pseudodiploria194210,0.242590252537183
Pseudodiploria194211,-0.249337775964717
Pseudodiploria194212,0.417031180228767
Pseudodiploria194213,-0.181224978726299
Pseudodiploria194214,-0.524916293497355
Pseudodiploria194215,0.299806541052854
Pseudodiploria194216,0.211443848227585
Pseudodiploria194217,-0.592900198998008
Pseudodiploria194221,-0.923504139451159
Pseudodiploria194222,0.140815691266013
Pseudodiploria194223,-0.359581169810699
Pseudodiploria194228,-0.447395909255752
Pseudodiploria194229,-0.0119445440334436
Pseudodiploria194230,0.23124262294805
Pseudodiploria194231,-1.0851878934875
Pseudodiploria194234,-0.181545438501766
Pseudodiploria194235,-0.671762641544685
Pseudodiploria194237,0.185281829305577
Pseudodiploria194239,-0.177437451968673
Pseudodiploria194240,-0.400412892739562
Pseudodiploria194241,-0.215718010425619
Pseudodiploria194242,0.30047852270138
Pseudodiploria194243,-0.102814331090893
Pseudodiploria194248,0.0424449845695305
Pseudodiploria194251,-1.3790300114172
Pseudodiploria194255,-0.549430367097663
Pseudodiploria194256,0.30914684152304
Pseudodiploria194257,-0.156146946530083
Pseudodiploria194261,-0.536780683540151
Pseudodiploria194262,-0.34723602211423
Pseudodiploria194264,-0.247922592237827
Pseudodiploria194265,0.145756085538023
Pseudodiploria194267,-0.0636500458270066
Pseudodiploria194268,-0.821044983247162
Pseudodiploria194269,0.171600139723197
Pseudodiploria194273,-0.0934196704655241
Pseudodiploria194274,-0.219920051059123
Pseudodiploria194275,-0.0809944709633743
Pseudodiploria194277,0.278738996304235
Pseudodiploria194278,-0.499130183809352
Pseudodiploria194279,-0.950445909978712
Pseudodiploria194284,-0.480706140806756
Pseudodiploria194287,-0.156866726474299
Pseudodiploria194288,-0.000183456522377551
Pseudodiploria194291,1.27127522038285
Pseudodiploria194293,0.8757491134689
Pseudodiploria194294,0.125724627006112
Pseudodiploria194296,-1.18174267860997
Pseudodiploria194301,0.429975686522829
Pseudodiploria194303,-1.72628014660008
Pseudodiploria194305,0.0144711408915728
Pseudodiploria194306,0.944433706479571
Pseudodiploria194307,-0.0217007292187197
Pseudodiploria194308,0.0934214020987258
Pseudodiploria194309,0.0279802193128549
Pseudodiploria194311,-0.13661427975553
Pseudodiploria194315,-0.0526061164944307
Pseudodiploria194317,-0.292625237187314
Pseudodiploria194318,-0.400433374793883
Pseudodiploria194320,-1.9284248410913
Pseudodiploria194321,0.234508354538333
Pseudodiploria194323,0.327962034384003
Pseudodiploria194324,0.460390617625358
Pseudodiploria194325,-0.135909372037388
Pseudodiploria194327,-1.17667853665101
Pseudodiploria194328,-0.942401928326056
Pseudodiploria194329,0.280861365332118
Pseudodiploria194330,-0.144258523261874
Pseudodiploria194332,-1.39486589440196
Pseudodiploria194333,-0.376020877413401
Pseudodiploria194334,-0.51656403957626
Pseudodiploria194335,0.0095049682465152
Pseudodiploria194341,-0.171318928952412
Pseudodiploria194343,0.624335174456156
Pseudodiploria194348,-0.131073602891611
Pseudodiploria194352,-0.24615942226206
Pseudodiploria194354,0.174486061149424
Pseudodiploria194355,-0.751986687089672
Pseudodiploria194356,-0.0288788772874845
Pseudodiploria194357,-0.395018323924254
Pseudodiploria194358,-0.193977523493636
Pseudodiploria194361,0.522233774226003
Pseudodiploria194362,-0.0699407527972786
Pseudodiploria194364,-0.297232435243778
Pseudodiploria194365,0.448265435682806
Pseudodiploria194366,-0.382699867633124
Pseudodiploria194367,0.717111637162272
Pseudodiploria194370,0.447551728801654
Pseudodiploria194372,0.499337324157849
Pseudodiploria194375,1.15590342366504
Pseudodiploria194377,-1.38025363209639
Pseudodiploria194382,0.905334001262403
Pseudodiploria194383,-0.737009328571457
Pseudodiploria194387,0.545362562939348
Pseudodiploria194389,-0.344248114965386
Pseudodiploria194390,-0.676101614504784
Pseudodiploria194391,0.178084059219201
Pseudodiploria194392,-0.0391300729309698
Pseudodiploria194393,0.13655296029772
Pseudodiploria194395,0.690227909839026
Pseudodiploria194396,-0.751294074744924
Pseudodiploria194397,-0.178550218995841
Pseudodiploria194399,0.043516013542825
Pseudodiploria194401,0.131090756782205
Pseudodiploria194402,-0.279580532831894
Pseudodiploria194405,-0.105993576582142
Pseudodiploria194408,-0.380798727456809
Pseudodiploria194409,-0.882945366264489
Pseudodiploria194411,-0.167562100471105
Pseudodiploria194413,0.238113958411429
Pseudodiploria194414,0.689267906736046
Pseudodiploria194416,0.0860493623984149
Pseudodiploria194417,-0.233474637305715
Pseudodiploria194421,0.730901685299857
Pseudodiploria194423,-0.652295663544442
Pseudodiploria194426,-0.434340111002588
Pseudodiploria194428,-0.247946572709399
Pseudodiploria194429,0.627930485731806
Pseudodiploria194430,-0.148635005434735
Pseudodiploria194432,-0.210291015476914
Pseudodiploria194434,-0.142156276199626
Pseudodiploria194435,-0.202483841952892
Pseudodiploria194438,0.401562631180023
Pseudodiploria194439,-0.105252744046809
Pseudodiploria194440,-1.16429649058714
Pseudodiploria194442,-0.201764724560509
Pseudodiploria194443,-0.675577098320341
Pseudodiploria194444,0.867214215364887
Pseudodiploria194447,-0.0356530801883749
Pseudodiploria194453,0.260432947424016
Pseudodiploria194455,-0.942540857794642
Pseudodiploria194456,0.848293128975313
Pseudodiploria194457,0.576179197154177
Pseudodiploria194459,0.321129092551617
Pseudodiploria194462,-0.318842821282552
Pseudodiploria194464,-0.236245002092689
Pseudodiploria194465,-0.0846730572142113
Pseudodiploria194466,-0.654291077976561
Pseudodiploria194468,-0.0113303501456932
Pseudodiploria194469,1.08923111920108
Pseudodiploria194472,-0.609207854042966
Pseudodiploria194473,0.341093360753716
Pseudodiploria194476,0.719211306628517
Pseudodiploria194477,-0.115483295888641
Pseudodiploria194478,0.0409972819941808
Pseudodiploria194479,0.754436419599321
Pseudodiploria194481,0.066002992979462
Pseudodiploria194482,-1.01073073035183
Pseudodiploria194486,-2.13781524177963
Pseudodiploria194489,-2.15116964424151
Pseudodiploria194490,0.819664356265164
Pseudodiploria194492,0.600751638681721
Pseudodiploria194494,0.178047122412361
Pseudodiploria194495,0.203190585165113
Pseudodiploria194496,0.000793773219617432
Pseudodiploria194497,-0.394156571616921
Pseudodiploria194500,0.481449946929033
Pseudodiploria194502,0.501613161404411
Pseudodiploria194504,0.255560830145122
Pseudodiploria194505,-0.340926213891727
Pseudodiploria194506,0.457428063471205
Pseudodiploria194508,-0.0305302200135904
Pseudodiploria194509,0.1114814555315
Pseudodiploria194510,-0.123382755979429
Pseudodiploria194511,0.510182689510899
Pseudodiploria194512,-0.804396428528411
Pseudodiploria194517,-0.646672471619304
Pseudodiploria194518,0.395507744432199
Pseudodiploria194519,0.804101978825426
Pseudodiploria194525,0.278104651625391
Pseudodiploria194527,-0.268008400651762
Pseudodiploria194529,-0.940207862447817
Pseudodiploria194530,0.20390002636917
Pseudodiploria194531,-0.217830655561134
Pseudodiploria194533,0.0483596345719058
Pseudodiploria194534,0.554286681645395
Pseudodiploria194537,0.1232782889711
Pseudodiploria194538,0.0718325091572755
Pseudodiploria194539,0.0103924619349975
Pseudodiploria194540,-0.249142689017065
Pseudodiploria194543,0.398898406964409
Pseudodiploria194544,0.178602283220241
Pseudodiploria194546,0.091845787806282
Pseudodiploria194550,-0.578244070857252
Pseudodiploria194552,-2.12623529909402
Pseudodiploria194553,-0.50295408406779
Pseudodiploria194554,0.357974222681125
Pseudodiploria194555,-0.261505647053642
Pseudodiploria194556,-0.579617594390618
Pseudodiploria194557,-0.03349104725902
Pseudodiploria194558,-0.130231767344137
Pseudodiploria194560,-0.197308171224868
Pseudodiploria194565,1.81018819822337
Pseudodiploria194567,0.0343947692791625
Pseudodiploria194569,-0.424386995642258
Pseudodiploria194570,-0.171271995380971
Pseudodiploria194572,0.17138964281607
Pseudodiploria194573,0.345754146612237
Pseudodiploria194574,-0.420044864498634
Pseudodiploria194576,-0.322338380042816
Pseudodiploria194577,1.07149216974937
Pseudodiploria194578,-0.38425543781581
Pseudodiploria194579,0.208564845212796
Pseudodiploria194583,0.0245106462442205
Pseudodiploria194585,0.0862499167923094
Pseudodiploria194586,0.0472084584964306
Pseudodiploria194587,-0.495319499836251
Pseudodiploria194593,0.0328827469764746
Pseudodiploria194594,0.195286863747232
Pseudodiploria194595,-0.214290703303258
Pseudodiploria194596,0.388139448639647
Pseudodiploria194597,0.387536255772605
Pseudodiploria194599,0.267571504600685
Pseudodiploria194600,-0.504051476723275
Pseudodiploria194606,0.304174050205562
Pseudodiploria194609,-1.40971813262874
Pseudodiploria194611,0.226217161841977
Pseudodiploria194612,0.320344931089025
Pseudodiploria194615,0.272742029590269
Pseudodiploria194617,0.648799816690446
Pseudodiploria194618,0.00426520440050287
Pseudodiploria194620,-0.483542231150795
Pseudodiploria194623,-0.472726649072373
Pseudodiploria194625,0.173616201469488
Pseudodiploria194628,-0.144631011989702
Pseudodiploria194629,0.0178960591068374
Pseudodiploria194631,-0.0733741217080471
Pseudodiploria194632,0.29663446181886
Pseudodiploria194633,0.340423996646158
Pseudodiploria194634,0.309379239506305
Pseudodiploria194636,0.306225177937791
Pseudodiploria194637,0.621327272835271
Pseudodiploria194638,-0.31542623401922
Pseudodiploria194639,0.508701406859253
Pseudodiploria194640,-0.218408111799712
Pseudodiploria194641,0.0797059440245198
Pseudodiploria194643,0.746512423878047
Pseudodiploria194644,-0.229943808683811
Pseudodiploria194646,-0.0472900788125154
Pseudodiploria194647,0.0995665797224256
Pseudodiploria194648,-1.17055416580745
Pseudodiploria194650,1.0217452818676
Pseudodiploria194651,-0.198558267191912
Pseudodiploria194652,0.164579835727037
Pseudodiploria194653,-0.0575401882293599
Pseudodiploria194654,0.202805103660988
Pseudodiploria194655,-0.133765883252224
Pseudodiploria194656,1.16811551677799
Pseudodiploria194661,-0.318828856336912
Pseudodiploria194662,0.437485708628646
Pseudodiploria194665,0.0294866645211199
Pseudodiploria194666,0.479887022972432
Pseudodiploria194668,0.07204917092108
Pseudodiploria194669,0.358267525909732
Pseudodiploria194670,0.597992133824642
Pseudodiploria194671,0.0470897052483781
Pseudodiploria194672,0.0153998441635283
Pseudodiploria194673,-0.204323141346113
Pseudodiploria194674,-0.0444169109846925
Pseudodiploria194675,0.0510868545001824
Pseudodiploria194677,0.0128125594950283
Pseudodiploria194678,-0.369897023476131
Pseudodiploria194679,-0.143029393345078
Pseudodiploria194680,-0.0664369677621684
Pseudodiploria194683,0.321191128777774
Pseudodiploria194686,-0.223309711708154
Pseudodiploria194687,0.0936898401694214
Pseudodiploria194688,1.10237726864072
Pseudodiploria194689,0.396539177229576
Pseudodiploria194690,0.0506273579044581
Pseudodiploria194691,0.969216616016867
Pseudodiploria194692,0.588603963290055
Pseudodiploria194695,-0.494912430712192
Pseudodiploria194696,0.0106322551549557
Pseudodiploria194697,0.506713876942267
Pseudodiploria194699,0.302716119289549
Pseudodiploria194703,0.19415341172075
Pseudodiploria194704,1.43462267454804
Pseudodiploria194705,-0.125964809921514
Pseudodiploria194706,0.949216245674624
Pseudodiploria194708,-0.0465107284853254
Pseudodiploria194710,-0.184405147372012
Pseudodiploria194711,0.675641170306811
Pseudodiploria194716,-0.488026535039977
Pseudodiploria194719,-0.17960579729371
Pseudodiploria194721,-0.0139752321073224
Pseudodiploria194724,0.482619623231321
Pseudodiploria194725,0.182801677876031
Pseudodiploria194727,-0.0398890039123291
Pseudodiploria194729,-0.459139050738138
Pseudodiploria194731,-0.24804763345829
Pseudodiploria194732,-0.244142700381081
Pseudodiploria194738,0.434251675868688
Pseudodiploria194739,-0.158414820929866
Pseudodiploria194740,-0.26355671277797
Pseudodiploria194744,-0.0197959759908563
Pseudodiploria194745,0.441148339394972
Pseudodiploria194751,-0.785785158951427
Pseudodiploria194752,-0.525485041755396
Pseudodiploria194753,0.369659509431675
Pseudodiploria194754,0.456951878890744
Pseudodiploria194757,0.660689713656437
Pseudodiploria194758,-0.828111760140973
Pseudodiploria194760,0.044675275819126
Pseudodiploria194762,0.378404857535982
Pseudodiploria194765,-0.023635992020196
Pseudodiploria194767,-0.558197359084801
Pseudodiploria194768,0.309075959139638
Pseudodiploria194769,0.00244591014265854
Pseudodiploria194771,-0.0817363231738104
Pseudodiploria194772,-0.364613414016425
Pseudodiploria194773,0.0034603337264882
Pseudodiploria194774,-0.293223253792704
Pseudodiploria194775,-0.421635230916425
Pseudodiploria194776,-0.056516134473028
Pseudodiploria194777,0.283972737327866
Pseudodiploria194779,0.00273725018821901
Pseudodiploria194781,-0.182550188338311
Pseudodiploria194783,0.375320285794675
Pseudodiploria194785,-0.396411803362034
Pseudodiploria194786,0.263685840193882
Pseudodiploria194787,0.524290736901587
Pseudodiploria194789,0.653181113370788
Pseudodiploria194790,-0.966080506098404
Pseudodiploria194794,-0.574598391638575
Pseudodiploria194795,0.00424935770870044
Pseudodiploria194796,0.428815513908702
Pseudodiploria194797,-0.317099695177819
Pseudodiploria194798,0.507372176819322
Pseudodiploria194799,0.134212678463992
Pseudodiploria194800,-0.0142429656370917
Pseudodiploria194805,0.250403040519409
Pseudodiploria194806,0.00484050225314936
Pseudodiploria194807,0.156908466949983
Pseudodiploria194810,-0.382942090173168
Pseudodiploria194812,0.471721083917421
Pseudodiploria194815,0.167874624900398
Pseudodiploria194816,0.343475019933262
Pseudodiploria194817,0.222441452728175
Pseudodiploria194818,-0.651161912985433
Pseudodiploria194819,0.0806099953308485
Pseudodiploria194821,0.465744445370026
Pseudodiploria194823,-0.0304451765842252
Pseudodiploria194825,-0.290162111706233
Pseudodiploria194830,-1.00657348891265
Pseudodiploria194838,0.132184385106343
Pseudodiploria194840,-0.136629493810654
Pseudodiploria194841,0.147162911798832
Pseudodiploria194842,0.199771866908092
Pseudodiploria194843,0.0458633522812274
Pseudodiploria194844,-0.257398416328052
Pseudodiploria194846,0.814377192915197
Pseudodiploria194850,-0.93572924700941
Pseudodiploria194853,-0.600829637933409
Pseudodiploria194854,-1.35719128717672
Pseudodiploria194861,-0.0807283207490193
Pseudodiploria194862,0.215939482397076
Pseudodiploria194863,0.141077931947698
Pseudodiploria194864,-0.174059048248187
Pseudodiploria194865,0.17374754391011
Pseudodiploria194868,-0.274949791245902
Pseudodiploria194869,0.101707743982979
Pseudodiploria194870,0.0886167135762599
Pseudodiploria194872,0.611711552260979
Pseudodiploria194873,-0.0773292730746966
Pseudodiploria194874,0.261956107182372
Pseudodiploria194876,-0.459858374718264
Pseudodiploria194879,-0.0404323090530901
Pseudodiploria194880,-0.279425674564715
Pseudodiploria194881,0.278293390356021
Pseudodiploria194883,-0.0719582354315148
Pseudodiploria194886,0.0868938408530628
Pseudodiploria194887,0.209189540070158
Pseudodiploria194891,-0.493718527060197
Pseudodiploria194894,0.714474257816799
Pseudodiploria194896,0.403353706841523
Pseudodiploria194897,-0.0705967450607829
Pseudodiploria194898,0.318276812244148
Pseudodiploria194900,-1.00867738270713
Pseudodiploria194902,-0.747561387346324
Pseudodiploria194903,-1.18057324286497
Pseudodiploria194908,-0.319548885224923
Pseudodiploria194910,-0.266228027972847
Pseudodiploria194913,0.0867462171778238
Pseudodiploria194914,-0.736374725668014
Pseudodiploria194915,-0.588718362499714
Pseudodiploria194916,-0.124049776611833
Pseudodiploria194917,0.972535803940228
Pseudodiploria194918,-1.15976575283947
Pseudodiploria194919,0.754524118785924
Pseudodiploria194922,-0.21600901420796
Pseudodiploria194923,0.186892258117987
Pseudodiploria194925,0.0140748362665918
Pseudodiploria194929,1.64600755214428
Pseudodiploria194931,-0.0385946552363733
Pseudodiploria194932,-0.189146343573998
Pseudodiploria194934,-0.239325397609594
Pseudodiploria194935,-0.895520586340709
Pseudodiploria194937,-0.369044279088093
Pseudodiploria194938,0.33218714939518
Pseudodiploria194940,-0.316191221805932
Pseudodiploria194945,-0.226839487150324
Pseudodiploria194946,-0.0505367681360269
Pseudodiploria194947,-0.346697720868875
Pseudodiploria194948,0.294896624899409
Pseudodiploria194949,0.197808418984238
Pseudodiploria194950,0.215546778863613
Pseudodiploria194951,-0.479636118117242
Pseudodiploria194954,0.813693298850739
Pseudodiploria194956,0.521109910343184
Pseudodiploria194957,-0.7039806972496
Pseudodiploria194959,0.0934763217761409
Pseudodiploria194963,0.452448766340243
Pseudodiploria194968,-0.0547430132622594
Pseudodiploria194969,-0.208485130473866
Pseudodiploria194971,-0.241067681364455
Pseudodiploria194973,-0.36043675961741
Pseudodiploria194975,-0.689363027018545
Pseudodiploria194977,0.490406290251534
Pseudodiploria194979,-0.178077621787194
Pseudodiploria194980,-0.242126501429526
Pseudodiploria194984,0.153470941272556
Pseudodiploria194987,-0.583848384943816
Pseudodiploria194988,0.0692100170498575
Pseudodiploria194989,0.502292009250196
Pseudodiploria194992,-0.216648884016885
Pseudodiploria194994,0.523952674451416
Pseudodiploria194995,0.24131152123405
Pseudodiploria194996,-0.581749755249391
Pseudodiploria194997,-0.25747058141595
Pseudodiploria194998,0.485012098939859
Pseudodiploria194999,0.2346462037286
Pseudodiploria195000,-0.223600963068903
Pseudodiploria195001,0.907120294494578
Pseudodiploria195002,-0.538622766261845
Pseudodiploria195003,-0.0915367491998183
Pseudodiploria195004,0.426307206854202
Pseudodiploria195010,-0.257017772635419
Pseudodiploria195015,-0.271119452746312
Pseudodiploria195019,0.143613117499727
Pseudodiploria195020,1.14613656260923
Pseudodiploria195021,-0.690736466037415
Pseudodiploria195023,-0.125068755592583
Pseudodiploria195024,-0.243150249240622
Pseudodiploria195025,-0.454955252339289
Pseudodiploria195026,1.4353563435151
Pseudodiploria195027,-0.344044205388562
Pseudodiploria195029,0.452552299048286
Pseudodiploria195031,-0.913087175962479
Pseudodiploria195032,0.985244275203874
Pseudodiploria195033,-0.140710363240344
Pseudodiploria195034,-0.828968819821369
Pseudodiploria195037,-0.0694569733859269
Pseudodiploria195038,-0.0256216892274631
Pseudodiploria195040,-0.793186647577449
Pseudodiploria195041,-0.316546724487973
Pseudodiploria195044,0.360011019429174
Pseudodiploria195045,0.293852312062791
Pseudodiploria195046,1.30684121708091
Pseudodiploria195047,0.0611233319738703
Pseudodiploria195049,-0.504239988824966
Pseudodiploria195050,-0.121294967123645
Pseudodiploria195051,0.667618056173836
Pseudodiploria195053,0.521493329185193
Pseudodiploria195055,0.578828274910521
Pseudodiploria195057,-0.137760727565838
Pseudodiploria195058,-0.458838324309342
Pseudodiploria195061,0.130613994003936
Pseudodiploria195063,0.0622484192858744
Pseudodiploria195064,0.157541020211469
Pseudodiploria195065,0.368344342099488
Pseudodiploria195066,-0.287096420846685
Pseudodiploria195067,-0.265708413980941
Pseudodiploria195069,0.346218588113816
Pseudodiploria195074,-0.378055340579142
Pseudodiploria195076,0.0715132891074562
Pseudodiploria195077,1.15071844746281
Pseudodiploria195079,-0.424768952413285
Pseudodiploria195081,-0.172877998465935
Pseudodiploria195085,0.130791537813487
Pseudodiploria195086,0.093140683350251
Pseudodiploria195087,0.741425663873619
Pseudodiploria195088,-0.874464347051467
Pseudodiploria195089,0.277355439894394
Pseudodiploria195090,0.415315527276722
Pseudodiploria195091,-0.757141863906212
Pseudodiploria195092,-0.0363371422976202
Pseudodiploria195093,-0.379200414450964
Pseudodiploria195097,-0.0440598043100297
Pseudodiploria195098,1.19223240302552
Pseudodiploria195101,-0.863366170569698
Pseudodiploria195102,0.477792503866859
Pseudodiploria195103,-0.02308326249747
Pseudodiploria195104,0.0639254362953211
Pseudodiploria195107,0.242917963613266
Pseudodiploria195108,0.477843509782068
Pseudodiploria195109,-0.644968955351855
Pseudodiploria195110,0.852705104180361
Pseudodiploria195111,-0.632344692361288
Pseudodiploria195116,0.0314521009200676
Pseudodiploria195117,0.0434761776330388
Pseudodiploria195118,-0.20732131713849
Pseudodiploria195120,0.266959763185917
Pseudodiploria195123,-0.929076379800492
Pseudodiploria195125,-0.666751410765894
Pseudodiploria195126,0.944785493328989
Pseudodiploria195127,-0.814674799131482
Pseudodiploria195130,1.17349894975199
Pseudodiploria195131,-0.132512924413888
Pseudodiploria195133,-0.387118946666982
Pseudodiploria195134,-0.00106180270967892
Pseudodiploria195137,-0.26978193492656
Pseudodiploria195139,0.0357943193884331
Pseudodiploria195143,0.133487557382671
Pseudodiploria195144,-0.741886996123921
Pseudodiploria195145,-0.160115477278309
Pseudodiploria195146,0.105726151416466
Pseudodiploria195148,0.652239219154509
Pseudodiploria195150,-0.466156844076265
Pseudodiploria195152,0.404734208249668
Pseudodiploria195153,-0.319161014324738
Pseudodiploria195154,-0.764518592616563
Pseudodiploria195155,0.0865142849150458
Pseudodiploria195158,-0.0261848420530565
Pseudodiploria195159,-0.913074277215563
Pseudodiploria195160,-0.464875410897758
Pseudodiploria195161,0.95932786638202
Pseudodiploria195162,1.47581256846264
Pseudodiploria195164,-0.032401468502321
Pseudodiploria195167,-0.275024491428579
Pseudodiploria195168,-0.371014038356395
Pseudodiploria195170,-0.0704364114415361
Pseudodiploria195173,-0.891911417307528
Pseudodiploria195174,-0.340722503446334
Pseudodiploria195176,0.256945442625556
Pseudodiploria195177,-0.0592124936471803
Pseudodiploria195178,0.359290428235193
Pseudodiploria195179,0.253292105434026
Pseudodiploria195180,-0.757116425994513
Pseudodiploria195181,0.663173687376624
Pseudodiploria195183,-0.160754142444118
Pseudodiploria195186,-0.712591492319797
Pseudodiploria195188,0.153483534725685
Pseudodiploria195189,-0.016724753048518
Pseudodiploria195190,-0.023573111372566
Pseudodiploria195191,0.11399982988194
Pseudodiploria195192,-0.446412232005052
Pseudodiploria195193,0.29692014440999
Pseudodiploria195196,-0.352539526899426
Pseudodiploria195197,-0.210677571448631
Pseudodiploria195198,0.0805845383978874
Pseudodiploria195200,0.284692204574118
Pseudodiploria195201,-0.182576782960424
Pseudodiploria195203,0.225655639790429
Pseudodiploria195204,0.0747089212563286
Pseudodiploria195205,0.410714847037518
Pseudodiploria195206,0.38879760747992
Pseudodiploria195207,-0.241080159543331
Pseudodiploria195209,1.08729993538883
Pseudodiploria19521,0.381763887296687
Pseudodiploria195210,-0.0594868294682943
Pseudodiploria195214,-0.0103566225621822
Pseudodiploria195215,0.409846872812421
Pseudodiploria195218,-0.576831787153584
Pseudodiploria195222,0.225977856795184
Pseudodiploria195226,-0.179932707175502
Pseudodiploria195230,-0.721291818387936
Pseudodiploria195232,-0.170927304651613
Pseudodiploria195236,0.248335905253969
Pseudodiploria195237,0.80106511039742
Pseudodiploria195240,-0.405627569592539
Pseudodiploria195241,0.0874144806622176
Pseudodiploria195242,0.324934045696884
Pseudodiploria195243,0.467371432636852
Pseudodiploria195244,0.188272604964991
Pseudodiploria195248,-0.117384478282069
Pseudodiploria195250,0.849752914545502
Pseudodiploria195251,-0.280881509504136
Pseudodiploria195252,0.275022206925276
Pseudodiploria195259,-0.856839300186574
Pseudodiploria195261,-2.17529627691638
Pseudodiploria195264,-0.203979939624101
Pseudodiploria195266,-0.395686548329242
Pseudodiploria195267,-0.000781459190266345
Pseudodiploria195268,-0.160810391947346
Pseudodiploria195269,-0.0518467599184287
Pseudodiploria195274,-0.891683729604548
Pseudodiploria195277,0.176270626622197
Pseudodiploria195280,-0.272449468109571
Pseudodiploria195282,0.729573605239456
Pseudodiploria195287,-0.724185261657662
Pseudodiploria195290,0.0288636254716949
Pseudodiploria195291,0.219736000358705
Pseudodiploria195292,0.087705098534834
Pseudodiploria195294,0.118391216150089
Pseudodiploria195296,0.111724459855107
Pseudodiploria195297,0.246444485666644
Pseudodiploria195298,-0.347605119325306
Pseudodiploria195300,-0.343104686793324
Pseudodiploria195301,-0.0379558753019533
Pseudodiploria195302,-0.449424514980904
Pseudodiploria195303,-0.248132466339689
Pseudodiploria195304,0.390101228510944
Pseudodiploria195306,-0.137154900390749
Pseudodiploria195308,-0.0387545905166719
Pseudodiploria195312,1.16667144695992
Pseudodiploria195313,0.935222071310584
Pseudodiploria195314,0.251087049121847
Pseudodiploria195319,-0.224568648797653
Pseudodiploria195324,0.304695361200223
Pseudodiploria195325,0.0509890078677659
Pseudodiploria195326,0.117376292576426
Pseudodiploria195329,0.936095356426916
Pseudodiploria195330,-0.838586574919646
Pseudodiploria195331,0.6301392538694
Pseudodiploria195332,0.00619833845509318
Pseudodiploria195333,-0.39803698158572
Pseudodiploria195334,0.331122090696114
Pseudodiploria195335,0.634194743309432
Pseudodiploria195338,-0.222973711452465
Pseudodiploria195339,-0.342654623127284
Pseudodiploria195340,0.434702941385092
Pseudodiploria195341,-0.167757109601806
Pseudodiploria195342,0.249838433184164
Pseudodiploria195344,-0.368318123061872
Pseudodiploria195346,-0.233564142494495
Pseudodiploria195347,-0.562894198266408
Pseudodiploria195349,-0.0422453621062432
Pseudodiploria195350,0.110688576810704
Pseudodiploria195351,-0.443919608440572
Pseudodiploria195355,-0.00476949602369596
Pseudodiploria195356,-0.385257699593319
Pseudodiploria195358,-0.306642385364044
Pseudodiploria195359,-0.0512826621361919
Pseudodiploria195360,-0.34876602065482
Pseudodiploria195363,-0.343963140277237
Pseudodiploria195366,-0.528774545587523
Pseudodiploria195367,0.0632749625449567
Pseudodiploria195368,-0.0958445705088494
Pseudodiploria195370,0.187172414789465
Pseudodiploria195371,0.0834281406742249
Pseudodiploria195374,-0.0773719140402829
Pseudodiploria195376,-0.460627086944603
Pseudodiploria195378,-0.700164758100918
Pseudodiploria195380,-0.495286413351871
Pseudodiploria195382,-0.201270440741616
Pseudodiploria195383,0.305133031705793
Pseudodiploria195384,0.195752712483924
Pseudodiploria195387,0.633192092810908
Pseudodiploria195388,1.12959540318375
Pseudodiploria195390,0.527517401079454
Pseudodiploria195391,0.647417625348854
Pseudodiploria195392,0.404993891560982
Pseudodiploria195395,0.280406809731441
Pseudodiploria195396,-0.311793726042262
Pseudodiploria195399,-0.26478066699415
Pseudodiploria195401,0.134321688163949
Pseudodiploria195404,0.0648414784423982
Pseudodiploria195405,-0.0807485552052974
Pseudodiploria195406,-1.4873711895259
Pseudodiploria195407,-0.134237533483695
Pseudodiploria195412,0.41590019825783
Pseudodiploria195413,-0.403665383840966
Pseudodiploria195417,-0.571498496796967
Pseudodiploria195418,-0.898928144966387
Pseudodiploria195419,-0.154240231535799
Pseudodiploria195421,1.1200545713878
Pseudodiploria195422,-0.245044847166155
Pseudodiploria195426,-0.0993694439218325
Pseudodiploria195428,-0.103462979216428
Pseudodiploria195430,0.104312167975952
Pseudodiploria195431,-0.605589572971205
Pseudodiploria195433,-0.228502589672954
Pseudodiploria195435,-0.878547557672304
Pseudodiploria195436,0.0324694958663646
Pseudodiploria195437,0.0954196574380858
Pseudodiploria195440,0.217200231460637
Pseudodiploria195442,0.520907698540508
Pseudodiploria195445,-0.095655287719344
Pseudodiploria195447,-1.26984828234109
Pseudodiploria195449,0.836029219330468
Pseudodiploria195450,0.226027130259067
Pseudodiploria195452,0.324239821005589
Pseudodiploria195453,0.265845913632615
Pseudodiploria195454,-0.00309272155021317
Pseudodiploria195455,0.0407783951479559
Pseudodiploria195457,-0.311207441230138
Pseudodiploria195460,0.0603420773052684
Pseudodiploria195463,-0.158612573181183
Pseudodiploria195467,-0.125779248254028
Pseudodiploria195468,-0.0780042145170305
Pseudodiploria195469,-0.233429386366259
Pseudodiploria195472,0.567415952927133
Pseudodiploria195473,0.00871006494403655
Pseudodiploria195474,-0.100938768656361
Pseudodiploria195476,0.0608369322735967
Pseudodiploria195477,-0.17859254452496
Pseudodiploria195479,-0.278499594768255
Pseudodiploria195480,-0.18795909154592
Pseudodiploria195482,0.245542745082961
Pseudodiploria195483,-0.0471701371164466
Pseudodiploria195485,-0.190941207872697
Pseudodiploria195488,-1.17992279346372
Pseudodiploria195490,-0.116552140499612
Pseudodiploria195492,-1.11621737550406
Pseudodiploria195493,0.181716471944182
Pseudodiploria195494,-0.201670445137181
Pseudodiploria195495,-0.469826913626344
Pseudodiploria195499,0.350120386333455
Pseudodiploria195501,0.436265963326589
Pseudodiploria195502,-0.0377099218108917
Pseudodiploria195503,0.148401038943437
Pseudodiploria195504,-0.585907515561843
Pseudodiploria195505,-0.302838061793695
Pseudodiploria195506,0.0441181147932666
Pseudodiploria195509,0.339787094813472
Pseudodiploria195510,0.0680927954679381
Pseudodiploria195511,-0.0530266619879139
Pseudodiploria195513,-0.164857915907091
Pseudodiploria195515,-0.35058272031588
Pseudodiploria195516,-0.206645637483642
Pseudodiploria195517,0.0917582845441828
Pseudodiploria195518,0.185050561853659
Pseudodiploria195520,-0.0954882938994382
Pseudodiploria195521,0.0165538849607226
Pseudodiploria195523,-0.37445158868187
Pseudodiploria195524,0.47579415710187
Pseudodiploria195525,-0.8686349151458
Pseudodiploria195535,-0.274321422049922
Pseudodiploria195536,0.318094634137535
Pseudodiploria195537,-0.209407750469569
Pseudodiploria195538,-0.0990240360361857
Pseudodiploria195539,1.41264606278228
Pseudodiploria195541,-0.891564951903004
Pseudodiploria195542,-0.227929620913915
Pseudodiploria195543,-0.0484537470080503
Pseudodiploria195544,0.183217210569508
Pseudodiploria195546,-0.801425002451512
Pseudodiploria195547,0.46944608408386
Pseudodiploria195548,-0.0143547348628065
Pseudodiploria195549,0.413367611207508
Pseudodiploria195550,0.197180633637626
Pseudodiploria195551,-0.0743024442886996
Pseudodiploria195554,-0.147558218704566
Pseudodiploria195555,-0.350296278856375
Pseudodiploria195557,0.645399588054722
Pseudodiploria195559,-0.151653219590103
Pseudodiploria195560,0.23140444122975
Pseudodiploria195562,-0.0521650864654779
Pseudodiploria195563,-0.289347788666769
Pseudodiploria195564,0.341912873277792
Pseudodiploria195566,-0.0577857992083641
Pseudodiploria195567,0.389618255656377
Pseudodiploria195569,0.11804511178137
Pseudodiploria195570,-0.365525909542843
Pseudodiploria195571,0.365151142370312
Pseudodiploria195572,0.286321864027404
Pseudodiploria195575,-0.200007181014094
Pseudodiploria195580,0.689508231562964
Pseudodiploria195582,-0.261295244092268
Pseudodiploria195583,0.491593338319471
Pseudodiploria195584,0.407574794262859
Pseudodiploria195585,0.16521031743179
Pseudodiploria195586,0.25579895973747
Pseudodiploria195587,-0.282215837394581
Pseudodiploria195591,-0.219061953597251
Pseudodiploria195593,0.577105807011086
Pseudodiploria195594,-0.139985130986942
Pseudodiploria195595,-0.0935375974885481
Pseudodiploria195597,-0.412177588065824
Pseudodiploria195601,-0.399571837608761
Pseudodiploria195603,-0.698550022332525
Pseudodiploria195604,-0.249940357843354
Pseudodiploria195605,0.460544117383633
Pseudodiploria195607,-0.177098414403914
Pseudodiploria195609,0.282292041637045
Pseudodiploria195611,-0.394386942570212
Pseudodiploria195612,-0.198427778057082
Pseudodiploria195613,0.19470900487061
Pseudodiploria195615,-0.0719748798584635
Pseudodiploria195616,0.0591688772846634
Pseudodiploria195617,-0.0357295747905147
Pseudodiploria195619,-0.00167760817451478
Pseudodiploria195620,0.695899271749546
Pseudodiploria195621,-0.0115588438277855
Pseudodiploria195622,-0.373566145435539
Pseudodiploria195624,0.189386742084957
Pseudodiploria195625,0.0211272307010015
Pseudodiploria195627,-0.171071032464763
Pseudodiploria195629,-0.441085323325136
Pseudodiploria195630,-0.415580667349472
Pseudodiploria195631,-0.173167775046553
Pseudodiploria195635,0.658815308463549
Pseudodiploria195638,0.606093305696829
Pseudodiploria195641,-0.256487935324091
Pseudodiploria195642,-0.199002266467502
Pseudodiploria195643,0.0361462788698361
Pseudodiploria195644,0.0268550799411533
Pseudodiploria195646,-0.0195708695261287
Pseudodiploria195651,0.138714247968963
Pseudodiploria195652,-0.76951534149512
Pseudodiploria195653,0.13872343075548
Pseudodiploria195654,0.0875343461147067
Pseudodiploria195655,1.14435515564498
Pseudodiploria195658,-0.607084114868488
Pseudodiploria195660,-1.21662561421432
Pseudodiploria195661,0.53723892762943
Pseudodiploria195662,-0.206827697410999
Pseudodiploria195663,-1.11344023236345
Pseudodiploria195665,-0.314472300805176
Pseudodiploria195666,-0.595841388311815
Pseudodiploria195667,-0.308927616463104
Pseudodiploria195668,-1.45190835435305
Pseudodiploria195669,-0.0201425146934388
Pseudodiploria195670,0.14386135062257
Pseudodiploria195672,0.101515064559255
Pseudodiploria195673,-0.0524432622699846
Pseudodiploria195675,-0.227872034465896
Pseudodiploria195676,0.135500330423227
Pseudodiploria195677,-0.697990645015484
Pseudodiploria195679,0.108103781404495
Pseudodiploria195683,-0.459442011789582
Pseudodiploria195684,-0.559088403117586
Pseudodiploria195685,-0.885480044588022
Pseudodiploria195686,-1.07771020045417
Pseudodiploria195687,1.48778814719876
Pseudodiploria195688,-0.317453276549682
Pseudodiploria195690,-0.404800806877449
Pseudodiploria195691,0.319801907460804
Pseudodiploria195692,0.589664603364068
Pseudodiploria195693,0.614905479378548
Pseudodiploria195695,1.66794601293535
Pseudodiploria195696,-0.474668409741072
Pseudodiploria195697,-0.115946113673605
Pseudodiploria195698,0.24167789944147
Pseudodiploria195699,-0.0964062314439661
Pseudodiploria195700,0.145737732076612
Pseudodiploria195701,0.813580201303501
Pseudodiploria195704,0.0593207088479088
Pseudodiploria195706,-0.606501425691375
Pseudodiploria195707,1.04320960232302
Pseudodiploria195708,-0.817193721609439
Pseudodiploria195711,0.219201259109395
Pseudodiploria195712,-0.439970208086402
Pseudodiploria195715,-0.727419730398709
Pseudodiploria195719,0.115420603461026
Pseudodiploria195720,-0.544585927859966
Pseudodiploria195724,-0.030547773153198
Pseudodiploria195725,0.0658538121574547
Pseudodiploria195727,0.260077950133057
Pseudodiploria195729,0.298583216595522
Pseudodiploria195732,0.0231560737911585
Pseudodiploria195734,-0.122591438020367
Pseudodiploria195735,0.129029603011326
Pseudodiploria195736,0.0889918715632283
Pseudodiploria195741,-0.190518107496882
Pseudodiploria195742,-0.488565306452634
Pseudodiploria195743,-0.0435497095958967
Pseudodiploria195744,-0.151081376509676
Pseudodiploria195746,-0.185338664548792
Pseudodiploria195747,-0.807849547582121
Pseudodiploria195748,0.495784105676613
Pseudodiploria195749,0.245049430780853
Pseudodiploria195753,0.433588518080463
Pseudodiploria195754,0.484309749406461
Pseudodiploria195755,-0.292766812622978
Pseudodiploria195758,0.0678625009932134
Pseudodiploria195761,-0.841582415740193
Pseudodiploria195762,-0.762427399247313
Pseudodiploria195763,0.099637124223143
Pseudodiploria195765,-0.131397841654569
Pseudodiploria195766,0.0784501803400672
Pseudodiploria195767,0.111630065690723
Pseudodiploria195771,-1.04826753862501
Pseudodiploria195772,-0.823047524949571
Pseudodiploria195773,0.385384103139908
Pseudodiploria195774,-0.406462339676135
Pseudodiploria195775,0.263249892637251
Pseudodiploria195776,0.334109298563491
Pseudodiploria195777,0.192627043413882
Pseudodiploria195778,0.136891071403566
Pseudodiploria195781,-0.508723120259229
Pseudodiploria195782,-0.169458329061276
Pseudodiploria195786,-0.973412260607128
Pseudodiploria195790,-0.370047354664673
Pseudodiploria195792,-0.00103527496467455
Pseudodiploria195794,-0.531188589404051
Pseudodiploria195795,-0.0802037288759511
Pseudodiploria195796,0.145847310147867
Pseudodiploria195797,-0.899955329735194
Pseudodiploria195799,0.296799047535101
Pseudodiploria195800,0.0477577845168055
Pseudodiploria195801,-0.277363641715783
Pseudodiploria195802,0.0937952855219964
Pseudodiploria195804,-0.444077651174744
Pseudodiploria195805,-0.687085432710823
Pseudodiploria195807,-0.343834372655634
Pseudodiploria195809,0.2325357922676
Pseudodiploria195812,0.0190023475110516
Pseudodiploria195813,-0.37798221279626
Pseudodiploria195815,0.357359093873115
Pseudodiploria195817,-0.249625163007453
Pseudodiploria195818,0.0227931053456396
Pseudodiploria195819,0.750067097262009
Pseudodiploria195820,-0.35010735753818
Pseudodiploria195824,-0.0972215151844424
Pseudodiploria195825,-0.0266250048246165
Pseudodiploria195827,-0.290163151940343
Pseudodiploria195828,-0.331328095541252
Pseudodiploria195829,0.368737839388576
Pseudodiploria195830,-0.114060673935019
Pseudodiploria195831,-0.156828897560825
Pseudodiploria195832,-0.20451454577598
Pseudodiploria195833,-0.137756561531281
Pseudodiploria195834,-0.352163091973141
Pseudodiploria195835,-0.0203328702056944
Pseudodiploria195836,-0.433818254928117
Pseudodiploria195841,0.023894022700837
Pseudodiploria195844,0.194669055115418
Pseudodiploria195845,0.611574469670363
Pseudodiploria195847,-0.159510686216843
Pseudodiploria195848,0.179990460046237
Pseudodiploria195850,-0.438428109253735
Pseudodiploria195853,0.0583002561313329
Pseudodiploria195855,-1.26030797266806
Pseudodiploria195857,0.162927363731986
Pseudodiploria195858,-0.245806007067026
Pseudodiploria195859,-0.511212319053535
Pseudodiploria195860,-0.162816032721753
Pseudodiploria195861,-0.29776698095609
Pseudodiploria195862,-0.464767557414845
Pseudodiploria195863,-0.159271494647552
Pseudodiploria195864,-0.106370616615374
Pseudodiploria195866,0.0197057014241418
Pseudodiploria195867,-0.763116331544642
Pseudodiploria195870,-0.444752747430413
Pseudodiploria195874,0.0348247116539818
Pseudodiploria195878,-0.619529435544271
Pseudodiploria195881,0.332576062894808
Pseudodiploria195882,0.968353808103063
Pseudodiploria195883,-0.11504954434457
Pseudodiploria195885,-0.3576794852795
Pseudodiploria195886,0.458175344177137
Pseudodiploria195887,-0.67248698247444
Pseudodiploria195888,-1.13130622717101
Pseudodiploria195889,-0.0880663173618263
Pseudodiploria195890,-0.139950377793501
Pseudodiploria195892,-0.663514160537882
Pseudodiploria195893,-0.0270221120698375
Pseudodiploria195896,0.139443538158217
Pseudodiploria195898,-0.11105422087064
Pseudodiploria195900,-0.157116511644089
Pseudodiploria195903,-0.238102552201364
Pseudodiploria195905,-0.944404348476846
Pseudodiploria195906,0.384063595980019
Pseudodiploria195909,0.418553379474181
Pseudodiploria195911,-0.091843489285567
Pseudodiploria195912,0.265499303653546
Pseudodiploria195913,-0.0394686812768525
Pseudodiploria195914,-1.12134990063627
Pseudodiploria195916,0.121378344779549
Pseudodiploria195917,-0.196005788808528
Pseudodiploria195918,-0.115814839998962
Pseudodiploria195919,0.0736377240974636
Pseudodiploria195920,0.386732381134025
Pseudodiploria195921,-0.479040602215072
Pseudodiploria195922,0.0560108713209732
Pseudodiploria195923,1.49693996917488
Pseudodiploria195924,-0.08350814749369
Pseudodiploria195926,-0.272450631392515
Pseudodiploria195929,0.0505027832689577
Pseudodiploria195930,-0.536014762604658
Pseudodiploria195931,0.176312651270439
Pseudodiploria195933,0.136196763481939
Pseudodiploria195934,0.234368283750852
Pseudodiploria195935,-0.352951889781108
Pseudodiploria195936,-0.173927107614578
Pseudodiploria195938,0.477745270578362
Pseudodiploria195939,-0.389455644435304
Pseudodiploria195940,-0.531152688445895
Pseudodiploria195942,-0.676920741454918
Pseudodiploria195943,-0.445696582530209
Pseudodiploria195944,0.936426649356265
Pseudodiploria195946,-0.996813848799478
Pseudodiploria195948,0.603318502874277
Pseudodiploria195949,0.325072055975053
Pseudodiploria195951,0.00827490284686042
Pseudodiploria195952,-0.0120770948101782
Pseudodiploria195953,-0.494250989044995
Pseudodiploria195955,0.149186939955201
Pseudodiploria195956,-0.569936104224278
Pseudodiploria195964,0.0518857603891942
Pseudodiploria195965,-0.343037976423859
Pseudodiploria195966,-0.161729335889726
Pseudodiploria195969,-0.269069223359902
Pseudodiploria195970,-0.038077658200476
Pseudodiploria195973,0.136555232354706
Pseudodiploria195974,0.724891044426515
Pseudodiploria195975,-0.0121409628075721
Pseudodiploria195977,-0.511540720128671
Pseudodiploria195978,-0.0146836322291462
Pseudodiploria195980,-2.23882923504098
Pseudodiploria195982,0.670308365776447
Pseudodiploria195983,0.294372736549336
Pseudodiploria195984,-0.679277256060792
Pseudodiploria195986,-1.11492968966418
Pseudodiploria195987,0.40614630139603
Pseudodiploria195991,-0.360131028855849
Pseudodiploria195992,0.0269575529638828
Pseudodiploria195993,0.103334370849752
Pseudodiploria195997,0.120754934281958
Pseudodiploria195998,0.031731358921867
Pseudodiploria196000,-0.291883832482673
Pseudodiploria196001,-0.281532751529999
Pseudodiploria196002,0.734436719856346
Pseudodiploria196004,0.146055081216248
Pseudodiploria196006,-0.239055186318343
Pseudodiploria196007,-1.87379410648783
Pseudodiploria196008,0.432300578239311
Pseudodiploria196010,-0.822082850527348
Pseudodiploria196011,0.508702402780949
Pseudodiploria196013,-0.70286569123641
Pseudodiploria196014,-2.10046202638345
Pseudodiploria196015,-1.19380982762874
Pseudodiploria196016,-0.146242728549621
Pseudodiploria196017,0.610827317674859
Pseudodiploria196018,-0.0717034815413755
Pseudodiploria196020,0.416987700795561
Pseudodiploria196021,0.185465133911951
Pseudodiploria196022,-0.900809467977014
Pseudodiploria196025,0.598608605538969
Pseudodiploria196028,0.259518904017839
Pseudodiploria196029,-0.249535189852905
Pseudodiploria196032,0.0164615490379139
Pseudodiploria196043,0.0874445595248376
Pseudodiploria196045,0.170396728797985
Pseudodiploria196046,-0.572794738435005
Pseudodiploria196047,-0.128613749814666
Pseudodiploria196048,-0.347176682192102
Pseudodiploria196049,0.373760496242936
Pseudodiploria196050,0.17432331883101
Pseudodiploria196051,0.888877466994554
Pseudodiploria196053,-0.453727631321456
Pseudodiploria196054,-0.415688330910321
Pseudodiploria196055,0.416724945133319
Pseudodiploria196056,0.613641607979044
Pseudodiploria196059,0.180046244209135
Pseudodiploria196061,-0.187010526261304
Pseudodiploria196062,0.429915540624714
Pseudodiploria196063,-0.668528364435633
Pseudodiploria196066,0.271800950135382
Pseudodiploria196067,-0.349640535902749
Pseudodiploria196068,-0.23363827152283
Pseudodiploria196069,0.365692476944344
Pseudodiploria196070,-0.107062911906977
Pseudodiploria196072,-0.354454879783229
Pseudodiploria196075,0.140799227849294
Pseudodiploria196081,-1.03786375993285
Pseudodiploria196082,1.49490383485042
Pseudodiploria196086,-0.629833563188744
Pseudodiploria196088,0.0900580445265166
Pseudodiploria196089,1.15213908257959
Pseudodiploria196092,0.741062999723982
Pseudodiploria196095,0.405805070907467
Pseudodiploria196098,0.0426716992785012
Pseudodiploria196099,-0.731651053743397
Pseudodiploria196100,0.111920182081147
Pseudodiploria196101,-0.0285401557177639
Pseudodiploria196102,0.564161070479155
Pseudodiploria196103,0.173582157486722
Pseudodiploria196105,0.147829264403539
Pseudodiploria196106,-0.39626414057438
Pseudodiploria196108,0.479688115358105
Pseudodiploria196110,-0.141071367294611
Pseudodiploria196111,-0.147276030784872
Pseudodiploria196112,0.666085076220196
Pseudodiploria196114,-0.0908477108290148
Pseudodiploria196115,-0.570198264731282
Pseudodiploria196116,-0.0978183600884151
Pseudodiploria196119,0.154555986340598
Pseudodiploria196120,0.175804183337588
Pseudodiploria196124,0.0674730933367519
Pseudodiploria196125,0.223885885484624
Pseudodiploria196126,0.376075133986456
Pseudodiploria196127,-0.207253186800905
Pseudodiploria196128,0.188853409848691
Pseudodiploria196130,-0.391749494197698
Pseudodiploria196131,-0.334727930766435
Pseudodiploria196135,0.219899781652088
Pseudodiploria196136,0.112105859896965
Pseudodiploria196137,-0.199085002429707
Pseudodiploria196138,0.342351616065209
Pseudodiploria196139,-1.36327661689009
Pseudodiploria196140,-0.528076554600597
Pseudodiploria196141,1.13111217823192
Pseudodiploria196143,-0.0433133360906904
Pseudodiploria196145,-0.125268498584814
Pseudodiploria196146,-0.300502757482611
Pseudodiploria196148,0.236273046082065
Pseudodiploria196149,0.102719060221762
Pseudodiploria196151,-0.603439586863076
Pseudodiploria196152,0.761890677023333
Pseudodiploria196153,-0.0604184101114163
Pseudodiploria196156,-0.327799201756705
Pseudodiploria196158,0.490270691342313
Pseudodiploria196159,0.0241944840119016
Pseudodiploria196161,-0.44818805873694
Pseudodiploria196162,0.165591928866927
Pseudodiploria196163,-2.27535589512366
Pseudodiploria196164,-0.0664663314788469
Pseudodiploria196165,-0.571517534682047
Pseudodiploria196166,0.247085281319534
Pseudodiploria196167,0.508062380461537
Pseudodiploria196168,-0.444713037858934
Pseudodiploria196169,0.106468019283864
Pseudodiploria196170,0.184077631482153
Pseudodiploria196171,-0.39189997238107
Pseudodiploria196173,0.189511552564782
Pseudodiploria196174,0.0546406931701496
Pseudodiploria196175,-0.0168833401834124
Pseudodiploria196177,1.17582825429026
Pseudodiploria196179,-0.355868207191623
Pseudodiploria196180,-0.739735325116252
Pseudodiploria196181,-0.100661137888662
Pseudodiploria196182,-0.113311385756269
Pseudodiploria196183,-0.108439267855257
Pseudodiploria196184,-0.149913200839389
Pseudodiploria196185,0.640267134684196
Pseudodiploria196188,0.756559412825825
Pseudodiploria196189,-0.184545053433404
Pseudodiploria196190,-0.305894228199513
Pseudodiploria196191,0.846789430742101
Pseudodiploria196192,-0.588414062753476
Pseudodiploria196193,-0.310334954897515
Pseudodiploria196195,-0.413456340334023
Pseudodiploria196196,-0.55702658386585
Pseudodiploria196202,-0.345882021552643
Pseudodiploria196203,-0.393938341195274
Pseudodiploria196205,0.164030961152734
Pseudodiploria196206,-1.12255970505752
Pseudodiploria196208,0.0654362633820441
Pseudodiploria196209,0.0173719156861452
Pseudodiploria196211,0.633679801850466
Pseudodiploria196213,-0.636437998954352
Pseudodiploria196214,0.148654932803807
Pseudodiploria196216,0.426210807551454
Pseudodiploria196218,0.0874346572736332
Pseudodiploria196219,0.533644554081301
Pseudodiploria196220,0.198526111830069
Pseudodiploria196221,-0.352175346087206
Pseudodiploria196222,0.0589957274085334
Pseudodiploria196224,-0.174380898905456
Pseudodiploria196226,0.0364146635681132
Pseudodiploria196233,-0.0888489646367893
Pseudodiploria196234,0.000330514157986886
Pseudodiploria196237,-0.689915606145335
Pseudodiploria196238,-0.412341939584127
Pseudodiploria196239,-1.34787633010041
Pseudodiploria196241,0.0700581293385064
Pseudodiploria196242,0.574027465058372
Pseudodiploria196243,0.0458758015200773
Pseudodiploria196244,0.24049597673118
Pseudodiploria196245,-0.889637272360288
Pseudodiploria196246,0.226867765154796
Pseudodiploria196247,0.746489553833405
Pseudodiploria196248,0.0326998083960148
Pseudodiploria196249,0.0262420086660977
Pseudodiploria196251,0.329218034227789
Pseudodiploria196253,-0.120264645966376
Pseudodiploria196254,0.26604311648726
Pseudodiploria196255,0.105531794692789
Pseudodiploria196256,-0.549465267950558
Pseudodiploria196257,-0.515444476778655
Pseudodiploria196258,-0.162300739857821
Pseudodiploria196259,0.0576718487530932
Pseudodiploria196262,0.103299909447957
Pseudodiploria196264,0.248864964860836
Pseudodiploria196266,-0.425591426386715
Pseudodiploria196268,0.462377083789265
Pseudodiploria196269,-0.101464892739586
Pseudodiploria196271,1.28092929489963
Pseudodiploria196273,-0.0488273458546236
Pseudodiploria196274,-0.0227589018588497
Pseudodiploria196275,0.257604479427662
Pseudodiploria196276,0.537591530450383
Pseudodiploria196277,-1.51060727636322
Pseudodiploria196278,0.46430569843628
Pseudodiploria196279,0.292077033890522
Pseudodiploria196280,-0.0406218215241443
Pseudodiploria196281,0.158298026509106
Pseudodiploria196285,0.345424688404757
Pseudodiploria196286,-0.0823596584922849
Pseudodiploria196288,0.000910271639923057
Pseudodiploria196290,-0.246887683283582
Pseudodiploria196291,0.312612760562384
Pseudodiploria196293,0.358796749352288
Pseudodiploria196294,-0.398603790871191
Pseudodiploria196298,-0.687190995888173
Pseudodiploria196299,-0.985064116510743
Pseudodiploria196300,-0.0591273876771751
Pseudodiploria196301,-0.900385596854039
Pseudodiploria196303,0.193576690948578
Pseudodiploria196305,-0.113334873573954
Pseudodiploria196306,0.184264316697402
Pseudodiploria196307,0.0218266603238391
Pseudodiploria196308,-1.42614703896328
Pseudodiploria196310,-0.863218683503195
Pseudodiploria196313,0.320681990327527
Pseudodiploria196314,-0.0703918527437977
Pseudodiploria196315,-0.947044141123935
Pseudodiploria196316,0.712960600476933
Pseudodiploria196317,-0.46645386376373
Pseudodiploria196319,-0.566165066921279
Pseudodiploria196320,-1.37252503406569
Pseudodiploria196322,-0.313410776305399
Pseudodiploria196323,-0.0566234535524901
Pseudodiploria196327,0.153277972532015
Pseudodiploria196329,0.761289676443008
Pseudodiploria196330,-0.283101231196964
Pseudodiploria196333,-0.219517877995629
Pseudodiploria196336,0.870029663769577
Pseudodiploria196339,-0.694822129576279
Pseudodiploria196340,0.00371015188796021
Pseudodiploria196341,0.0835838131222562
Pseudodiploria196342,0.024063168536821
Pseudodiploria196344,0.111277748898352
Pseudodiploria196345,-0.262377213929118
Pseudodiploria196346,-0.178977028007825
Pseudodiploria196347,1.14000233633432
Pseudodiploria196350,0.477468915814768
Pseudodiploria196356,0.117957200106259
Pseudodiploria196358,-0.132323250410948
Pseudodiploria196359,0.21772949484256
Pseudodiploria196360,-0.342534063799863
Pseudodiploria196361,-1.200848811993
Pseudodiploria196362,-0.288172848864136
Pseudodiploria196363,-0.0602365268670429
Pseudodiploria196367,-0.571064978388366
Pseudodiploria196368,0.665510687587447
Pseudodiploria196369,-0.747603192086092
Pseudodiploria196370,-0.372160322432078
Pseudodiploria196371,0.506588146508405
Pseudodiploria196373,-0.0602547198282545
Pseudodiploria196374,0.447244721775692
Pseudodiploria196379,0.585205173070244
Pseudodiploria196381,-0.234668042142917
Pseudodiploria196382,-0.432975989082306
Pseudodiploria196383,0.154058608009011
Pseudodiploria196387,0.511240338046289
Pseudodiploria196389,-0.604157732483162
Pseudodiploria196391,0.304966768229349
Pseudodiploria196392,-0.468941897532415
Pseudodiploria196393,0.0802104786624137
Pseudodiploria196394,-0.425896119973632
Pseudodiploria196395,-0.0529853206847231
Pseudodiploria196396,-0.0359716283092365
Pseudodiploria196397,-0.641930379309848
Pseudodiploria196398,-1.26206479362808
Pseudodiploria196400,-1.22176385429534
Pseudodiploria196402,0.774868027169831
Pseudodiploria196403,-0.226631555887347
Pseudodiploria196405,-0.154857667747432
Pseudodiploria196406,-0.883664019923342
Pseudodiploria196409,0.122869268983476
Pseudodiploria196411,-0.435899846494847
Pseudodiploria196412,0.461697332519452
Pseudodiploria196413,-0.515779755817841
Pseudodiploria196414,-0.0174044284954868
Pseudodiploria196415,0.0310518244878333
Pseudodiploria196417,-1.55669431706012
Pseudodiploria196418,0.729426924008578
Pseudodiploria196419,-0.149442126842697
Pseudodiploria196422,0.0380873890238144
Pseudodiploria196423,-0.453852813088827
Pseudodiploria196424,-0.557020648246229
Pseudodiploria196425,0.0598117901452503
Pseudodiploria196426,0.0674735000795558
Pseudodiploria196427,-0.488162485520006
Pseudodiploria196428,0.128985765912995
Pseudodiploria196429,-0.203392804802825
Pseudodiploria196430,-0.233956110515573
Pseudodiploria196431,-0.592653522616319
Pseudodiploria196432,0.497379856426497
Pseudodiploria196435,-2.49342164275547
Pseudodiploria196436,-0.261386881774379
Pseudodiploria196437,0.113600489939893
Pseudodiploria196438,0.47635288707751
Pseudodiploria196439,0.165841342665238
Pseudodiploria196440,-0.150334092590134
Pseudodiploria196442,0.8859614076502
Pseudodiploria196443,0.670284595897431
Pseudodiploria196445,-0.240081388711743
Pseudodiploria196446,-0.629456912084063
Pseudodiploria196447,-1.40930752860842
Pseudodiploria196448,-0.324572757762773
Pseudodiploria196449,0.410351235716097
Pseudodiploria196453,-0.184119999455549
Pseudodiploria196454,-0.218918567283971
Pseudodiploria196455,-1.05503529057049
Pseudodiploria196456,0.00575117173275473
Pseudodiploria196457,0.0573822625652794
Pseudodiploria196458,0.900224277191555
Pseudodiploria196460,-0.401407803178506
Pseudodiploria196461,-0.857962544207545
Pseudodiploria196463,0.0571081574155016
Pseudodiploria196465,0.296950091854625
Pseudodiploria196468,-0.286691684729103
Pseudodiploria196469,-1.28611049860725
Pseudodiploria196471,0.109237024392586
Pseudodiploria196475,-0.241802272879856
Pseudodiploria196476,-0.0722467680150848
Pseudodiploria196477,0.667245686802735
Pseudodiploria196478,-1.31369436642795
Pseudodiploria196479,0.0670176306434476
Pseudodiploria196482,0.0105599017400622
Pseudodiploria196483,0.708777700255483
Pseudodiploria196484,-0.465888348997414
Pseudodiploria196485,-0.244440572328097
Pseudodiploria196486,-0.079137345629744
Pseudodiploria196487,-0.16797485457021
Pseudodiploria196490,-0.114951893505578
Pseudodiploria196491,0.0913205827349057
Pseudodiploria196493,0.234280609872404
Pseudodiploria196494,-0.0646433761473864
Pseudodiploria196495,-0.0848872622807044
Pseudodiploria196497,-0.460170449816841
Pseudodiploria196498,1.32653059342156
Pseudodiploria196500,-0.0588921529435977
Pseudodiploria196501,-0.110039438231403
Pseudodiploria196505,-0.552785577954593
Pseudodiploria196508,0.318588563396327
Pseudodiploria196509,-0.00946928900518389
Pseudodiploria196510,-1.13315990480345
Pseudodiploria196513,1.11018286406117
Pseudodiploria196514,0.0443825099275739
Pseudodiploria196515,-0.1199395536846
Pseudodiploria196516,-0.990564590197614
Pseudodiploria196517,0.489584138917149
Pseudodiploria196519,0.519673329957469
Pseudodiploria196520,-0.220579437993349
Pseudodiploria196522,0.789365505601256
Pseudodiploria196527,-1.41064128490614
Pseudodiploria196529,-0.0306009891482921
Pseudodiploria196530,0.814273208982032
Pseudodiploria196532,0.938363362452865
Pseudodiploria196533,0.104445534050304
Pseudodiploria196537,0.362994218144127
Pseudodiploria196538,1.79039748257402
Pseudodiploria196540,-0.203648842444021
Pseudodiploria196541,-0.252860082357273
Pseudodiploria196545,0.896340755102088
Pseudodiploria196546,-0.65738990277469
Pseudodiploria196547,-0.331961810848237
Pseudodiploria196548,0.40701091465943
Pseudodiploria196549,-0.416553252856589
Pseudodiploria196550,0.0174243199508519
Pseudodiploria196551,0.0180004312600038
Pseudodiploria196552,0.0280512501095322
Pseudodiploria196553,-0.635250236886565
Pseudodiploria196555,0.392795178359474
Pseudodiploria196557,-0.0639363209599846
Pseudodiploria196558,0.113667485597256
Pseudodiploria196561,0.0624709856519331
Pseudodiploria196563,0.745307812121997
Pseudodiploria196565,-0.180575214314818
Pseudodiploria196566,-0.803292964704815
Pseudodiploria196567,0.42894379545663
Pseudodiploria196568,-0.248147108094451
Pseudodiploria196574,-0.0861841457926265
Pseudodiploria196575,-0.0036203907967159
Pseudodiploria196577,0.151109551076096
Pseudodiploria196578,-0.372842205743803
Pseudodiploria196579,-0.179007467632725
Pseudodiploria196581,0.139300269514499
Pseudodiploria196587,-0.0648659361872845
Pseudodiploria196588,-0.0245559448474698
Pseudodiploria196593,0.49782771365882
Pseudodiploria196595,0.73290616478213
Pseudodiploria196597,-0.350501245453553
Pseudodiploria196599,0.0384386976007798
Pseudodiploria196600,-0.379633706434769
Pseudodiploria196602,0.350429229847723
Pseudodiploria196603,0.0152743720796186
Pseudodiploria196604,0.452672171224466
Pseudodiploria196605,0.436956994079584
Pseudodiploria196606,-0.0224917654314519
Pseudodiploria196607,-0.192371527923216
Pseudodiploria196608,0.0462249780463786
Pseudodiploria196610,-0.15962747669668
Pseudodiploria196611,0.555947269148715
Pseudodiploria196613,-0.0543956915218878
Pseudodiploria196614,-0.176714077658072
Pseudodiploria196616,0.0507519252027537
Pseudodiploria196617,-0.181453746195378
Pseudodiploria196618,1.02896718586554
Pseudodiploria196620,-0.0397232303008368
Pseudodiploria196622,0.126771705889769
Pseudodiploria196623,-0.883193158517581
Pseudodiploria196624,-0.0539250487395794
Pseudodiploria196625,0.0785867626741416
Pseudodiploria196627,-0.332810615455604
Pseudodiploria196629,0.346153730090289
Pseudodiploria196630,0.548619662363226
Pseudodiploria196631,-0.261027936305076
Pseudodiploria196632,0.238078057512438
Pseudodiploria196634,0.52752567811135
Pseudodiploria196636,0.380364622511308
Pseudodiploria196639,-0.0471287433063329
Pseudodiploria196640,0.111310171075127
Pseudodiploria196642,-0.258907792341832
Pseudodiploria196643,-0.237658120444926
Pseudodiploria196644,-0.529150292103486
Pseudodiploria196645,-0.955929974216306
Pseudodiploria196646,0.0223558763975539
Pseudodiploria196647,0.175626325661717
Pseudodiploria196648,0.188776158492833
Pseudodiploria196649,0.417544782658859
Pseudodiploria196652,0.314901876659334
Pseudodiploria196653,-0.253133659610429
Pseudodiploria196654,-0.0961441253383981
Pseudodiploria196655,-0.388772823392329
Pseudodiploria196656,0.424396036375652
Pseudodiploria196657,0.488341676716968
Pseudodiploria196658,0.131483832459656
Pseudodiploria196659,0.268962313528036
Pseudodiploria196660,-0.418151797201424
Pseudodiploria196661,-0.539635447880819
Pseudodiploria196662,-0.176674596388044
Pseudodiploria196665,-0.0663167458974364
Pseudodiploria196666,-0.386322287752724
Pseudodiploria196668,-0.643347217856958
Pseudodiploria196669,-0.730313066229776
Pseudodiploria196670,-0.4678012572951
Pseudodiploria196672,0.072162137463602
Pseudodiploria196674,0.390319033242891
Pseudodiploria196677,0.000651037622221714
Pseudodiploria196678,0.346756419030618
Pseudodiploria196680,-0.6249903540188
Pseudodiploria196682,0.380758528175161
Pseudodiploria196683,-0.576848685408591
Pseudodiploria196686,0.390168026244423
Pseudodiploria196688,0.661141467209681
Pseudodiploria196689,-0.125052301376731
Pseudodiploria196693,-0.490891166851791
Pseudodiploria196694,-0.466989111795797
Pseudodiploria196697,-0.170073023712578
Pseudodiploria196699,-0.507464128300318
Pseudodiploria196700,0.0492519064475178
Pseudodiploria196702,0.0187323857773964
Pseudodiploria196703,0.870422824341803
Pseudodiploria196706,-0.241891864412136
Pseudodiploria196707,0.214502993553466
Pseudodiploria196710,0.139707626511079
Pseudodiploria196711,-0.0790030425857076
Pseudodiploria196712,-0.348874783563047
Pseudodiploria196714,0.613232955679709
Pseudodiploria196715,-0.339384979078487
Pseudodiploria196721,-0.100981488829067
Pseudodiploria196723,-0.961941795742349
Pseudodiploria196725,0.0439268053331798
Pseudodiploria196727,-0.0810469089629383
Pseudodiploria196728,-0.303641316458451
Pseudodiploria196731,0.438918181218521
Pseudodiploria196732,-0.318208384138162
Pseudodiploria196733,0.300541170041771
Pseudodiploria196734,0.234187401859293
Pseudodiploria196737,-0.0692375547301705
Pseudodiploria196738,0.124135871038002
Pseudodiploria196739,0.196455253077701
Pseudodiploria196741,0.111529110915754
Pseudodiploria196743,0.270427741022325
Pseudodiploria196750,-0.405154731102072
Pseudodiploria196751,-0.975015977539828
Pseudodiploria196752,0.0606339112995731
Pseudodiploria196753,-0.612936656906453
Pseudodiploria196754,0.517636893675996
Pseudodiploria196755,0.216628977669275
Pseudodiploria196757,0.000583152740212624
Pseudodiploria196760,0.134607311128305
Pseudodiploria196761,-0.209582611027518
Pseudodiploria196763,-0.608937220992462
Pseudodiploria196765,-0.629865246051961
Pseudodiploria196766,0.64128863738004
Pseudodiploria196768,0.283197320117807
Pseudodiploria196769,0.0217852844172498
Pseudodiploria196770,-0.214206249695908
Pseudodiploria196773,-0.0702128130609352
Pseudodiploria196774,-0.347160395506436
Pseudodiploria196777,-0.842267520843305
Pseudodiploria196778,0.0396209545780563
Pseudodiploria196781,0.503230655454788
Pseudodiploria196783,-0.245056364508711
Pseudodiploria196785,-0.414387662112949
Pseudodiploria196786,-0.0267149705248456
Pseudodiploria196787,0.692165244527363
Pseudodiploria196788,0.107232322079397
Pseudodiploria196789,0.356406156904628
Pseudodiploria196790,-0.415995295496722
Pseudodiploria196791,-0.381798785618495
Pseudodiploria196793,-0.177167763302613
Pseudodiploria196794,-0.0172555812028853
Pseudodiploria196795,-0.572160163176658
Pseudodiploria196797,-0.859070197995264
Pseudodiploria196799,-0.230877369779883
Pseudodiploria196800,-0.0443947834623874
Pseudodiploria196802,0.165358849495395
Pseudodiploria196803,-0.337068139571525
Pseudodiploria196805,-1.84729985975219
Pseudodiploria196806,0.63979818303826
Pseudodiploria196808,0.250027168716541
Pseudodiploria196810,-0.365371006352972
Pseudodiploria196811,-0.09863200750857
Pseudodiploria196812,0.391149118177765
Pseudodiploria196813,-0.0757780203736578
Pseudodiploria196817,-0.103565423391654
Pseudodiploria196818,0.437809331735267
Pseudodiploria196819,0.179171055380217
Pseudodiploria196820,-0.73687724565283
Pseudodiploria196821,-0.048842728816329
Pseudodiploria196824,0.00382460246406787
Pseudodiploria196825,0.289900573948469
Pseudodiploria196826,0.89221946000942
Pseudodiploria196828,-0.502766730722041
Pseudodiploria196829,-0.588071319601128
Pseudodiploria196830,-0.00167793498455206
Pseudodiploria196831,-0.778734781618689
Pseudodiploria196832,0.91028592039734
Pseudodiploria196834,0.24703136205875
Pseudodiploria196836,0.141400453163753
Pseudodiploria196837,0.336758418182055
Pseudodiploria196838,0.900404631822166
Pseudodiploria196843,0.189682452686727
Pseudodiploria196844,0.0377331032630055
Pseudodiploria196847,-0.868593030266483
Pseudodiploria196850,0.297891189644583
Pseudodiploria196852,-0.316603527441759
Pseudodiploria196853,-0.326099881232249
Pseudodiploria196855,0.350560402096354
Pseudodiploria196856,0.0374578578270169
Pseudodiploria196857,-0.222985949548942
Pseudodiploria196858,0.2202101497968
Pseudodiploria196859,0.36362907590676
Pseudodiploria196860,0.0207140490620378
Pseudodiploria196861,0.587778283370799
Pseudodiploria196862,0.188517355643307
Pseudodiploria196863,0.490758206582368
Pseudodiploria196865,-0.0903501717770251
Pseudodiploria196867,-0.189662537598343
Pseudodiploria196868,-0.260878912526879
Pseudodiploria196871,0.105206610229759
Pseudodiploria196872,-0.60236125035511
Pseudodiploria196873,-0.877432975818176
Pseudodiploria196876,-0.428169933669
Pseudodiploria196878,-0.750135782582163
Pseudodiploria196879,-1.31818547457698
Pseudodiploria196883,0.295693756924228
Pseudodiploria196884,-0.088426307601235
Pseudodiploria196887,-0.32974480532524
Pseudodiploria196888,0.272923245633926
Pseudodiploria196890,-0.849069112310701
Pseudodiploria196891,0.145708733267639
Pseudodiploria196896,0.0188987415160815
Pseudodiploria196897,0.250113733714623
Pseudodiploria196898,-0.112245111319147
Pseudodiploria196899,0.244501422007104
Pseudodiploria196905,-0.8117539827673
Pseudodiploria196906,-0.0989529708806927
Pseudodiploria196907,0.313587299885036
Pseudodiploria196908,-0.134658146549854
Pseudodiploria196910,-1.17557756415701
Pseudodiploria196912,0.374758097284743
Pseudodiploria196913,0.169812506969378
Pseudodiploria196914,-0.19683290272978
Pseudodiploria196915,-0.242210850073526
Pseudodiploria196916,-0.335552476393644
Pseudodiploria196917,0.0199519470363854
Pseudodiploria196918,0.569844993327169
Pseudodiploria196919,-0.660365867262334
Pseudodiploria196922,-0.205235281002108
Pseudodiploria196923,0.141853300328999
Pseudodiploria196924,-0.0994414195146659
Pseudodiploria196925,0.334915850875591
Pseudodiploria196926,-0.227530816902727
Pseudodiploria196930,0.95411181288314
Pseudodiploria196932,-0.113587918888821
Pseudodiploria196934,-0.105576243892827
Pseudodiploria196936,-0.700413268561181
Pseudodiploria196939,0.856461102238893
Pseudodiploria196940,-0.18063638507843
Pseudodiploria196942,0.35947516884292
Pseudodiploria196944,0.39682812255734
Pseudodiploria196947,1.30630098840853
Pseudodiploria196949,-0.0923703219235104
Pseudodiploria196951,0.324845055472104
Pseudodiploria196954,-1.08945838591971
Pseudodiploria196956,-0.390892139374607
Pseudodiploria196957,-0.75397868742348
Pseudodiploria196958,0.378635784642298
Pseudodiploria196960,-0.404187108219054
Pseudodiploria196961,0.00619494850316656
Pseudodiploria196962,-0.0046131080570449
Pseudodiploria196965,0.15434896031379
Pseudodiploria196966,0.118881297281073
Pseudodiploria196967,-0.182961605942514
Pseudodiploria196970,-0.225782600663045
Pseudodiploria196973,0.870518698058693
Pseudodiploria196975,0.145354166313807
Pseudodiploria196977,-0.968924912327224
Pseudodiploria196978,0.241827013379771
Pseudodiploria196979,0.473446805475951
Pseudodiploria196981,-0.219510927203728
Pseudodiploria196982,0.0815558695152203
Pseudodiploria196983,-0.524478644353777
Pseudodiploria196984,0.477826622308771
Pseudodiploria196985,0.454480670463763
Pseudodiploria196987,-1.07494803445283
Pseudodiploria196989,-0.26531004704423
Pseudodiploria196990,0.359257123300281
Pseudodiploria196991,-0.315568823983824
Pseudodiploria196992,0.302320860173412
Pseudodiploria196994,-0.0551774595623255
Pseudodiploria196995,1.0459830978118
Pseudodiploria196996,0.257415754759252
Pseudodiploria196997,0.0349341951444391
Pseudodiploria196998,0.0693889081767819
Pseudodiploria197002,-0.310897186352114
Pseudodiploria197003,-0.208397932465775
Pseudodiploria197005,0.0906283793572695
Pseudodiploria197006,0.739632568677251
Pseudodiploria197007,-0.033039605741721
Pseudodiploria197008,-1.01151563314278
Pseudodiploria197009,-0.0348185868353526
Pseudodiploria197010,0.848463021205579
Pseudodiploria197011,-0.00637182817321002
Pseudodiploria197012,0.429891275553412
Pseudodiploria197014,0.266757905902661
Pseudodiploria197015,-0.494377923801493
Pseudodiploria197016,0.237674821100559
Pseudodiploria197021,-0.920671627626756
Pseudodiploria197024,-0.175546691510786
Pseudodiploria197026,-0.203292114468788
Pseudodiploria197027,1.48456043382203
Pseudodiploria197029,0.536962690845325
Pseudodiploria197031,1.18527032327736
Pseudodiploria197032,0.173010883362763
Pseudodiploria197035,-0.77373110564813
Pseudodiploria197036,0.303647142718952
Pseudodiploria197037,-0.0311068556764465
Pseudodiploria197038,0.819279897126669
Pseudodiploria197040,0.998489095793354
Pseudodiploria197041,0.0897587337110832
Pseudodiploria197043,0.257470940003127
Pseudodiploria197044,-0.05477152983842
Pseudodiploria197045,-0.0413958692756008
Pseudodiploria197047,-0.0785577063264488
Pseudodiploria197048,-1.39523406147157
Pseudodiploria197049,-0.597354570423338
Pseudodiploria197050,0.538516403218557
Pseudodiploria197051,-0.203177391602157
Pseudodiploria197052,-1.52862416657296
Pseudodiploria197053,0.0677737278745494
Pseudodiploria197054,0.0194093124661661
Pseudodiploria197055,0.45781380966187
Pseudodiploria197056,0.409544137653282
Pseudodiploria197057,0.0982012107313054
Pseudodiploria197058,0.400716970276704
Pseudodiploria197059,0.260733637780518
Pseudodiploria197061,0.0659855349139262
Pseudodiploria197064,-0.347079113761157
Pseudodiploria197065,0.201181959247827
Pseudodiploria197066,-0.240308427311916
Pseudodiploria197067,-0.162208891951954
Pseudodiploria197070,-0.109337832953128
Pseudodiploria197073,0.145079930010412
Pseudodiploria197075,-0.196701971184665
Pseudodiploria197076,0.806946667218973
Pseudodiploria197077,-0.603449869539
Pseudodiploria197078,-0.351824396481445
Pseudodiploria197080,-0.671768004422061
Pseudodiploria197083,0.19912634251035
Pseudodiploria197084,-1.15414701725727
Pseudodiploria197087,0.0989808711114846
Pseudodiploria197089,1.02369574950716
Pseudodiploria197090,-0.112842019836499
Pseudodiploria197092,-1.18154029744458
Pseudodiploria197093,-0.0490784395022122
Pseudodiploria197094,0.69774647519574
Pseudodiploria197095,0.0567926422031243
Pseudodiploria197096,0.602437610624632
Pseudodiploria197098,-0.389942355403937
Pseudodiploria197099,0.610382231048726
Pseudodiploria197100,1.14479264960547
Pseudodiploria197101,0.294305068987862
Pseudodiploria197103,0.136265719338158
Pseudodiploria197105,-0.350056575167524
Pseudodiploria197106,-0.247649926265308
Pseudodiploria197107,-0.432209714959962
Pseudodiploria197108,0.635243450397516
Pseudodiploria197109,-0.13113700838725
Pseudodiploria197112,0.273560296772102
Pseudodiploria197113,0.927074711526109
Pseudodiploria197114,-0.863419409615296
Pseudodiploria197115,0.286426978354862
Pseudodiploria197116,0.413831038699489
Pseudodiploria197118,-1.30248785280154
Pseudodiploria197119,-0.51831447958511
Pseudodiploria197120,0.930323041608357
Pseudodiploria197123,-0.596636461719377
Pseudodiploria197125,-0.697866362268974
Pseudodiploria197128,-0.0126254068718066
Pseudodiploria197131,-0.084487462250932
Pseudodiploria197132,-0.102853292168086
Pseudodiploria197133,-0.237400228322665
Pseudodiploria197135,-0.471439963355218
Pseudodiploria197136,0.440509249404833
Pseudodiploria197137,-0.514259014150053
Pseudodiploria197138,-0.116587087157909
Pseudodiploria197139,-0.204211233434385
Pseudodiploria197140,0.876026842531813
Pseudodiploria197141,0.507544974477036
Pseudodiploria197142,0.807899443561676
Pseudodiploria197143,-0.140739257689887
Pseudodiploria197144,0.528573162481467
Pseudodiploria197145,-0.193466894027834
Pseudodiploria197150,0.159361507006883
Pseudodiploria197152,0.156860481759706
Pseudodiploria197153,0.64300096426877
Pseudodiploria197156,-0.453179435573932
Pseudodiploria197157,-0.745940326563272
Pseudodiploria197161,-0.278498496534644
Pseudodiploria197162,-0.279541300168261
Pseudodiploria197163,-0.116113610091726
Pseudodiploria197164,0.583446620641362
Pseudodiploria197165,-0.276912281603122
Pseudodiploria197166,0.123247702248823
Pseudodiploria197168,0.13513414512254
Pseudodiploria197169,-0.105676541139466
Pseudodiploria197170,-0.2278356340665
Pseudodiploria197172,0.259007029189057
Pseudodiploria197173,0.731059025269676
Pseudodiploria197174,0.433531452624202
Pseudodiploria197175,0.0354483128692547
Pseudodiploria197176,0.212126694463516
Pseudodiploria197177,-0.819046447420022
Pseudodiploria197178,-0.0851768873210361
Pseudodiploria197179,0.0427153521775575
Pseudodiploria197180,-0.146492019469045
Pseudodiploria197181,-0.138448351459005
Pseudodiploria197182,-0.0566421678267714
Pseudodiploria197184,0.709889679601974
Pseudodiploria197185,0.5069322905474
Pseudodiploria197188,-0.279363866924621
Pseudodiploria197189,0.204524368948273
Pseudodiploria197191,-0.363873450465186
Pseudodiploria197192,0.293594125791007
Pseudodiploria197195,-0.238411365989395
Pseudodiploria197197,0.130721801074388
Pseudodiploria197199,-0.684693413980048
Pseudodiploria197201,0.194672757744587
Pseudodiploria197204,-0.000969623059213102
Pseudodiploria197205,2.39963176693832
Pseudodiploria197206,-0.17056977623953
Pseudodiploria197207,0.166057564871239
Pseudodiploria197208,-0.272122400625139
Pseudodiploria197210,-0.0599688702654651
Pseudodiploria197212,0.941345521094151
Pseudodiploria197213,0.444571718784622
Pseudodiploria197214,0.351737876730438
Pseudodiploria197215,1.18386366002854
Pseudodiploria197219,-0.0847819397290369
Pseudodiploria197220,-0.49296003515436
Pseudodiploria197221,-0.567834739546974
Pseudodiploria197222,0.498201984434538
Pseudodiploria197225,0.163131968990843
Pseudodiploria197226,0.286669863416136
Pseudodiploria197228,0.193153039835921
Pseudodiploria197231,-0.396487212454418
Pseudodiploria197234,0.136722818993825
Pseudodiploria197236,-0.846258524485036
Pseudodiploria197237,0.00314795873129713
Pseudodiploria197238,-0.110756284705718
Pseudodiploria197243,-0.0808572822356323
Pseudodiploria197244,0.0983029446035908
Pseudodiploria197246,0.24049098648765
Pseudodiploria197247,0.102153802842755
Pseudodiploria197248,0.46975146317737
Pseudodiploria197249,-0.207158590309702
Pseudodiploria197250,-0.0586966311898497
Pseudodiploria197252,-0.157025416532639
Pseudodiploria197253,0.0595044654338415
Pseudodiploria197254,-0.0232354893001501
Pseudodiploria197257,-0.0361573630972447
Pseudodiploria197258,0.0275619481122744
Pseudodiploria197259,-0.372095173499164
Pseudodiploria197260,-0.417962269925067
Pseudodiploria197263,-0.777852197548129
Pseudodiploria197264,-0.360123587852973
Pseudodiploria197268,-0.11884621067835
Pseudodiploria197271,-0.393208035829826
Pseudodiploria197273,0.802954966015591
Pseudodiploria197276,0.461962186895918
Pseudodiploria197278,0.0453068962623162
Pseudodiploria197280,0.138634735828893
Pseudodiploria197283,-0.825111983602935
Pseudodiploria197286,-0.755535146898238
Pseudodiploria197287,-0.0539991712242809
Pseudodiploria197288,0.638099955739512
Pseudodiploria197289,-0.362021540827156
Pseudodiploria197290,-0.293643863841545
Pseudodiploria197294,0.494585868050637
Pseudodiploria197296,-0.385728839005046
Pseudodiploria197297,-0.524607298648777
Pseudodiploria197298,-0.05190346389668
Pseudodiploria197301,0.596059157005128
Pseudodiploria197302,0.457808385953812
Pseudodiploria197303,-0.848192616008078
Pseudodiploria197304,0.506115247872066
Pseudodiploria197305,0.199952145247464
Pseudodiploria197306,-0.232762758172575
Pseudodiploria197307,0.868025093658233
Pseudodiploria197314,-0.0528102757799023
Pseudodiploria197316,-0.598452793889313
Pseudodiploria197317,0.500216019519058
Pseudodiploria197318,0.0983964963268837
Pseudodiploria197319,0.0758502721040719
Pseudodiploria197323,0.234596446789036
Pseudodiploria197324,0.0270806914807498
Pseudodiploria197325,-0.456339313631937
Pseudodiploria197329,0.102988931314874
Pseudodiploria197330,-0.320112171633359
Pseudodiploria197331,1.12540746905419
Pseudodiploria197333,-0.0527186364190284
Pseudodiploria197334,-1.24571711330983
Pseudodiploria197336,0.137368399073913
Pseudodiploria197337,-0.133866767892045
Pseudodiploria197338,-0.305972830930811
Pseudodiploria197339,-0.417689665884839
Pseudodiploria197342,0.346012547172615
Pseudodiploria197344,-0.100132233897996
Pseudodiploria197346,-0.542052906637736
Pseudodiploria197350,-0.0770225038487365
Pseudodiploria197352,0.159810312360759
Pseudodiploria197353,-0.387921025379979
Pseudodiploria197354,0.705406357028896
Pseudodiploria197357,0.494691479064101
Pseudodiploria197358,0.00515868751179853
Pseudodiploria197359,0.23461307463106
Pseudodiploria197360,0.236103210870762
Pseudodiploria197363,-0.479553188364109
Pseudodiploria197366,-1.2547630626613
Pseudodiploria197369,-0.793297712023355
Pseudodiploria197370,-0.617211515041417
Pseudodiploria197371,0.00970612767350255
Pseudodiploria197373,-0.695414767734631
Pseudodiploria197374,-0.729850581684176
Pseudodiploria197376,0.970831166638118
Pseudodiploria197377,-0.850205668542358
Pseudodiploria197378,0.786806079025884
Pseudodiploria197381,-0.0182962299878486
Pseudodiploria197382,-0.161773375774843
Pseudodiploria197383,0.102267818219396
Pseudodiploria197384,1.2729566130028
Pseudodiploria197385,0.0331583140213935
Pseudodiploria197387,-0.165442219909266
Pseudodiploria197388,-0.235097532994234
Pseudodiploria197390,0.304198279572463
Pseudodiploria197392,0.387174779417007
Pseudodiploria197394,-0.0563192583002523
Pseudodiploria197397,0.176185058813102
Pseudodiploria197398,-0.10363704417212
Pseudodiploria197400,0.208397040312543
Pseudodiploria197401,0.304116569528897
Pseudodiploria197402,-0.417824950913818
Pseudodiploria197403,0.128057360595782
Pseudodiploria197404,-0.0405124913244617
Pseudodiploria197405,-0.43613630172734
Pseudodiploria197407,1.39421243322476
Pseudodiploria197408,-0.4777692367338
Pseudodiploria197410,0.330453663982926
Pseudodiploria197411,1.60766489214353
Pseudodiploria197412,0.0923501657391341
Pseudodiploria197413,-0.0202185667142259
Pseudodiploria197414,-0.0926444763964969
Pseudodiploria197417,-0.801106058714406
Pseudodiploria197418,0.884053325175619
Pseudodiploria197420,-0.0745747585234107
Pseudodiploria197421,-0.264218310426768
Pseudodiploria197422,0.427410990580466
Pseudodiploria197425,0.360302630874952
Pseudodiploria197426,0.155077409885306
Pseudodiploria197427,0.0329982897363259
Pseudodiploria197428,-0.350099222593871
Pseudodiploria197429,-0.549638629181885
Pseudodiploria197430,-0.00176135880283929
Pseudodiploria197432,-0.18694463627122
Pseudodiploria197434,-0.620515573207939
Pseudodiploria197435,-0.101644093597059
Pseudodiploria197436,-0.296390329296088
Pseudodiploria197438,0.408939214445309
Pseudodiploria197442,-0.432964372649661
Pseudodiploria197443,-0.52674553036373
Pseudodiploria197447,0.359611958439324
Pseudodiploria197448,-0.180333954186056
Pseudodiploria197449,-0.32735782627248
Pseudodiploria197451,-0.136287524415316
Pseudodiploria197452,-0.32170512153796
Pseudodiploria197455,-0.0318186989378338
Pseudodiploria197456,0.188436926248469
Pseudodiploria197459,-0.127804427579746
Pseudodiploria197460,-1.04770993391053
Pseudodiploria197464,-0.610810628576298
Pseudodiploria197466,0.369547829401719
Pseudodiploria197467,0.0369619432972797
Pseudodiploria197469,-0.388745845909967
Pseudodiploria197474,-0.655800926126555
Pseudodiploria197478,-0.104107907600628
Pseudodiploria197479,-0.60431077497701
Pseudodiploria197482,-0.0262475253590006
Pseudodiploria197483,-0.225730319496379
Pseudodiploria197486,0.00528527628691628
Pseudodiploria197487,-0.193144415528504
Pseudodiploria197489,0.276612370946715
Pseudodiploria197492,0.157721997920516
Pseudodiploria197494,0.14894699372486
Pseudodiploria197495,0.0693454947382995
Pseudodiploria197497,0.0880111866419237
Pseudodiploria197499,-0.580716426062324
Pseudodiploria197500,-0.72429089638081
Pseudodiploria197501,-0.106411119708682
Pseudodiploria197502,-0.16559480649168
Pseudodiploria197505,-0.71944725528996
Pseudodiploria197506,0.110372273470321
Pseudodiploria197507,0.956806209903769
Pseudodiploria197508,0.143920239559961
Pseudodiploria197509,-0.672379473041113
Pseudodiploria197510,0.605225045213728
Pseudodiploria197511,-0.360413788359162
Pseudodiploria197515,0.623370042968553
Pseudodiploria197516,0.14836309217938
Pseudodiploria197518,-0.615461754778948
Pseudodiploria197519,1.52088617741953
Pseudodiploria197520,-0.0844489820545904
Pseudodiploria197521,0.164916455674585
Pseudodiploria197523,0.248666310882185
Pseudodiploria197524,0.0856803814959549
Pseudodiploria197526,0.175971463641847
Pseudodiploria197527,-0.00806695624021685
Pseudodiploria197528,-0.311516978853027
Pseudodiploria197530,0.0521161307973431
Pseudodiploria197531,-0.963934716369675
Pseudodiploria197532,0.145968715558693
Pseudodiploria197535,0.63002083385824
Pseudodiploria197536,-0.49047091331242
Pseudodiploria197538,0.257713705745353
Pseudodiploria197541,-0.107349223525095
Pseudodiploria197542,0.0317425246363458
Pseudodiploria197543,-0.105078845326717
Pseudodiploria197544,-0.0129914252659032
Pseudodiploria197545,0.00413572793211926
Pseudodiploria197546,-0.237287890919256
Pseudodiploria197548,0.428983967033136
Pseudodiploria197549,0.379849371537555
Pseudodiploria197550,-0.728972778652561
Pseudodiploria197551,0.349413747089614
Pseudodiploria197552,0.400262711637013
Pseudodiploria197553,-1.81336149007995
Pseudodiploria197554,0.217115319364816
Pseudodiploria197555,0.970314006702148
Pseudodiploria197556,0.245012174143659
Pseudodiploria197557,0.178805538892252
Pseudodiploria197558,0.0426173678096597
Pseudodiploria197560,0.697537759921071
Pseudodiploria197561,1.1411997961922
Pseudodiploria197565,-1.35274980052215
Pseudodiploria197566,-0.218623567585301
Pseudodiploria197567,-0.231872101399942
Pseudodiploria197570,0.210051144371986
Pseudodiploria197573,-0.651618471818253
Pseudodiploria197574,0.184970787022483
Pseudodiploria197575,-1.1565492169635
Pseudodiploria197578,0.0833762423896383
Pseudodiploria197580,0.31411904204404
Pseudodiploria197581,0.280189504337647
Pseudodiploria197582,-0.156349107873803
Pseudodiploria197583,1.48483331313666
Pseudodiploria197584,-0.0250490672912363
Pseudodiploria197585,0.238248859512498
Pseudodiploria197587,-0.153354973205696
Pseudodiploria197589,-0.818016435822602
Pseudodiploria197590,0.448456538625053
Pseudodiploria197591,-0.0343678649375532
Pseudodiploria197593,0.671807122794073
Pseudodiploria197594,0.671968880441907
Pseudodiploria197595,-1.26973139561935
Pseudodiploria1976,0.242579953782853
Pseudodiploria197600,0.881729034061667
Pseudodiploria197601,-0.309255854878192
Pseudodiploria197602,-0.368607680357636
Pseudodiploria197603,-0.113035945262574
Pseudodiploria197606,0.325591152929842
Pseudodiploria197608,0.68448839114075
Pseudodiploria197609,-0.577812324197989
Pseudodiploria197611,-0.893444746948215
Pseudodiploria197612,-0.0832714070342516
Pseudodiploria197613,-1.34852230245774
Pseudodiploria197615,-0.289252380262957
Pseudodiploria197616,-0.257064036374268
Pseudodiploria197617,0.234909280467272
Pseudodiploria197618,-0.621120550907657
Pseudodiploria197622,0.251367179458
Pseudodiploria197626,0.411376184205398
Pseudodiploria197627,0.472622579096022
Pseudodiploria197630,-0.473110159275121
Pseudodiploria197632,0.562585387685498
Pseudodiploria197634,-0.448290913568507
Pseudodiploria197636,-0.657059935155492
Pseudodiploria197637,0.0937796613442281
Pseudodiploria197639,-0.463226367928485
Pseudodiploria197641,-0.0502551275563775
Pseudodiploria197642,-0.449945382095188
Pseudodiploria197644,-0.444744044894689
Pseudodiploria197646,0.209147587324855
Pseudodiploria197647,-0.186362694139126
Pseudodiploria197649,-0.339247714929281
Pseudodiploria197650,0.145162147400004
Pseudodiploria197655,0.221680047244642
Pseudodiploria197657,-0.377133215867383
Pseudodiploria197659,-0.504421448959582
Pseudodiploria197660,-0.103592793238716
Pseudodiploria197663,0.759894362137042
Pseudodiploria197664,-1.67022163589118
Pseudodiploria197665,0.0169212491837829
Pseudodiploria197666,0.0826023251671067
Pseudodiploria197667,0.544926706161954
Pseudodiploria197669,-0.342489621052208
Pseudodiploria197670,0.00766269898868392
Pseudodiploria197671,-0.743234834119394
Pseudodiploria197673,-0.14004205003458
Pseudodiploria197674,-0.624993361176525
Pseudodiploria197676,0.0754540812746367
Pseudodiploria197678,-0.0904264737949432
Pseudodiploria197679,0.137065709925338
Pseudodiploria197681,-0.730110012391723
Pseudodiploria197682,0.147546619085606
Pseudodiploria197683,-0.11894112552138
Pseudodiploria197685,0.223573622067427
Pseudodiploria197686,-0.064193909696184
Pseudodiploria197689,0.403763425766582
Pseudodiploria197690,0.0411265046818116
Pseudodiploria197691,-0.457562933942791
Pseudodiploria197692,-0.359980410045022
Pseudodiploria197693,0.0345569180509137
Pseudodiploria197694,0.115478979196494
Pseudodiploria197695,-0.297707566385041
Pseudodiploria197696,0.0826983387918202
Pseudodiploria197697,-0.423598212223643
Pseudodiploria197699,-0.0497939416242932
Pseudodiploria197700,-0.704365591735283
Pseudodiploria197701,0.480374389376856
Pseudodiploria197703,0.119422737183405
Pseudodiploria197706,0.459900192369999
Pseudodiploria197707,0.156111811400069
Pseudodiploria197708,-0.25446575824145
Pseudodiploria197709,-0.0313776534253993
Pseudodiploria197711,0.693371100685894
Pseudodiploria197712,0.0476438143320741
Pseudodiploria197713,-0.160885978732491
Pseudodiploria197714,0.632978537355991
Pseudodiploria197715,-0.0154251177070322
Pseudodiploria197718,0.418121189896773
Pseudodiploria197719,-0.0389198656608963
Pseudodiploria197720,-0.295622711454482
Pseudodiploria197721,-0.633277337055916
Pseudodiploria197722,-0.0647599526660404
Pseudodiploria197723,-0.0583230611892545
Pseudodiploria197724,0.150180057579435
Pseudodiploria197729,0.0793233227531625
Pseudodiploria197731,-0.614043815264789
Pseudodiploria197733,-0.254088983788934
Pseudodiploria197734,0.0420915141793322
Pseudodiploria197738,-0.448825662231634
Pseudodiploria197740,-0.693978852919381
Pseudodiploria197741,-0.159069872718277
Pseudodiploria197742,0.606172275517368
Pseudodiploria197743,-0.698136929243437
Pseudodiploria197744,-0.363117872021019
Pseudodiploria197749,0.493169180968894
Pseudodiploria197752,0.0457290514698254
Pseudodiploria197753,-0.121274689035012
Pseudodiploria197755,-0.64996672905456
Pseudodiploria197756,0.137439360777288
Pseudodiploria197757,-0.174046456911162
Pseudodiploria197760,-0.73237696023338
Pseudodiploria197762,0.672577422458268
Pseudodiploria197763,-0.742276147547452
Pseudodiploria197764,0.0514923232339189
Pseudodiploria197765,0.153977000088159
Pseudodiploria197767,-0.459868479250976
Pseudodiploria197768,0.712223212510939
Pseudodiploria197769,0.0429305361534248
Pseudodiploria197770,-0.598828635785974
Pseudodiploria197771,-0.112344765963882
Pseudodiploria197772,-1.6036400722828
Pseudodiploria197773,0.0742857534953145
Pseudodiploria197774,-0.0529555163181507
Pseudodiploria197777,-0.0245852502624981
Pseudodiploria197778,0.453727979171478
Pseudodiploria197779,0.489244230801313
Pseudodiploria197781,0.297544416397859
Pseudodiploria197782,0.629608393949968
Pseudodiploria197784,-0.625801313873171
Pseudodiploria197787,0.0550862389533972
Pseudodiploria197789,-0.343597345361539
Pseudodiploria197791,-0.40925584326298
Pseudodiploria197792,-0.713411409119728
Pseudodiploria197793,-0.308599893599558
Pseudodiploria197794,-0.239510909241185
Pseudodiploria197795,-0.00397105297304916
Pseudodiploria197796,0.0379287368488245
Pseudodiploria197800,-0.219840257746192
Pseudodiploria197801,-0.641698483828479
Pseudodiploria197802,-0.0023138030939523
Pseudodiploria197803,-0.522176594095473
Pseudodiploria197804,-0.106917349162324
Pseudodiploria197805,-0.0559074171733551
Pseudodiploria197806,0.684489330371785
Pseudodiploria197807,0.946421846128219
Pseudodiploria197810,-0.638480435012067
Pseudodiploria197812,-1.03614008323493
Pseudodiploria197813,-0.14153693483557
Pseudodiploria197814,-0.0871712208595131
Pseudodiploria197820,0.00936571244239943
Pseudodiploria197821,0.472469180816484
Pseudodiploria197822,-0.53128834374125
Pseudodiploria197824,-0.173696016277561
Pseudodiploria197825,-0.132921490809033
Pseudodiploria197826,-0.547933362346431
Pseudodiploria197827,-0.762402826583465
Pseudodiploria197828,-0.397176540266384
Pseudodiploria197829,-0.722503591313755
Pseudodiploria197830,0.594910557801539
Pseudodiploria197831,0.0676317504983216
Pseudodiploria197832,-1.19982296344975
Pseudodiploria197834,-0.107012783407288
Pseudodiploria197837,0.21789800874866
Pseudodiploria197838,0.346612169150832
Pseudodiploria197839,0.520978604170401
Pseudodiploria197841,-0.16502172975884
Pseudodiploria197843,-0.223645258414053
Pseudodiploria197844,-0.793283070461954
Pseudodiploria197846,0.00169410198525971
Pseudodiploria197848,0.206041127952754
Pseudodiploria197850,-1.26049708421175
Pseudodiploria197851,0.768166704296553
Pseudodiploria197852,0.219551973818453
Pseudodiploria197853,0.114382248415115
Pseudodiploria197854,-0.396016003616051
Pseudodiploria197856,-0.0825832923123339
Pseudodiploria197862,-0.118562548190286
Pseudodiploria197863,0.697442294562938
Pseudodiploria197864,1.12761192763373
Pseudodiploria197865,0.471126936574863
Pseudodiploria197868,0.0809555357909157
Pseudodiploria197869,-0.205265077959621
Pseudodiploria197870,0.141422846709748
Pseudodiploria197871,0.0825977891417819
Pseudodiploria197872,0.558952021123069
Pseudodiploria197874,-0.322353350777621
Pseudodiploria197878,0.323099174032368
Pseudodiploria197879,0.191660860897058
Pseudodiploria197880,-0.611872766388022
Pseudodiploria197881,0.549690279387774
Pseudodiploria197882,0.00405555511691072
Pseudodiploria197884,0.23983184724006
Pseudodiploria197887,0.0729813232150234
Pseudodiploria197888,0.14961494812831
Pseudodiploria197889,0.373280793843327
Pseudodiploria197891,0.356807232518352
Pseudodiploria197894,-1.62277726905268
Pseudodiploria197895,1.28819716162907
Pseudodiploria197899,0.208086741910636
Pseudodiploria197900,0.00587546226075757
Pseudodiploria197903,-0.173946891986143
Pseudodiploria197908,-0.415285296425486
Pseudodiploria197912,-0.317758428478957
Pseudodiploria197913,-0.083979786955093
Pseudodiploria197915,-0.049521849391682
Pseudodiploria197916,0.0978154889740562
Pseudodiploria197917,-0.577160919880857
Pseudodiploria197918,0.531227734761168
Pseudodiploria197919,-0.0770103330054279
Pseudodiploria197920,-0.345274624108966
Pseudodiploria197921,-0.612522027434506
Pseudodiploria197925,-0.273627456778335
Pseudodiploria197926,0.867126019467557
Pseudodiploria197927,-0.258130910125055
Pseudodiploria197928,-0.241947445166454
Pseudodiploria197929,0.427174184383632
Pseudodiploria197930,-0.41241941339943
Pseudodiploria197931,0.213609865065973
Pseudodiploria197932,0.0308880812914928
Pseudodiploria197933,-0.477126008886032
Pseudodiploria197934,-0.552475344518467
Pseudodiploria197935,-0.0848812154398385
Pseudodiploria197937,-0.761270901994861
Pseudodiploria197938,0.393597471185668
Pseudodiploria197939,-0.113150142258605
Pseudodiploria197940,0.0744053092572333
Pseudodiploria197941,-0.00841110456343632
Pseudodiploria197944,-0.364843747989275
Pseudodiploria197945,0.0470267757457243
Pseudodiploria197946,0.346764691253552
Pseudodiploria197947,-0.652526407600931
Pseudodiploria197948,-0.575771586244321
Pseudodiploria197951,-0.498052839183005
Pseudodiploria197952,-0.432776780933991
Pseudodiploria197954,-0.329924763257853
Pseudodiploria197955,-1.13913858871039
Pseudodiploria197958,-0.162363569043977
Pseudodiploria197959,0.0262900098095179
Pseudodiploria197960,1.18201438258004
Pseudodiploria197961,-0.537394952736353
Pseudodiploria197963,-0.0453009509656317
Pseudodiploria197964,1.0285785067114
Pseudodiploria197967,-0.0511754629128898
Pseudodiploria197968,0.350869808415331
Pseudodiploria197969,-0.498477370653158
Pseudodiploria197970,1.10666421210982
Pseudodiploria197971,-0.572979994448545
Pseudodiploria197972,0.435808864542649
Pseudodiploria197974,0.13814200636651
Pseudodiploria197976,-0.133084757707407
Pseudodiploria197978,0.283539494573547
Pseudodiploria197979,-0.56198663813244
Pseudodiploria197980,-0.193800735467792
Pseudodiploria197982,0.145342124123944
Pseudodiploria197983,-0.474980195817727
Pseudodiploria197985,-0.93966302233481
Pseudodiploria197986,0.119610847207567
Pseudodiploria197987,0.107446293092744
Pseudodiploria197989,0.0781526653217326
Pseudodiploria197992,0.34979829753866
Pseudodiploria197994,-0.543423037040371
Pseudodiploria197995,-0.312368160718624
Pseudodiploria197996,0.315211626348409
Pseudodiploria197999,1.19491314119608
Pseudodiploria198001,-0.278127233000607
Pseudodiploria198002,-1.55980492457629
Pseudodiploria198003,0.393219150441971
Pseudodiploria198004,0.194868772889244
Pseudodiploria198005,0.198547010643706
Pseudodiploria198006,-0.419285374623575
Pseudodiploria198007,0.450750685031241
Pseudodiploria198009,0.0172188889323318
Pseudodiploria198012,0.339334326045973
Pseudodiploria198013,-0.598666168300582
Pseudodiploria198015,0.282958037490856
Pseudodiploria198017,0.353200149488408
Pseudodiploria198018,-0.34804385435269
Pseudodiploria198019,0.26821112559289
Pseudodiploria198020,-0.831759833707371
Pseudodiploria198021,-0.531566876439194
Pseudodiploria198022,-0.933101982925063
Pseudodiploria198023,0.507934662816146
Pseudodiploria198025,-0.326142387367252
Pseudodiploria198026,0.144834913490952
Pseudodiploria198027,-0.268477510168995
Pseudodiploria198028,-0.0627976946192239
Pseudodiploria198029,-0.043065492946395
Pseudodiploria198030,-0.250349697019883
Pseudodiploria198031,-0.173125773593231
Pseudodiploria198032,0.081893590671271
Pseudodiploria198034,-0.242760184969864
Pseudodiploria198035,-0.0501309601919471
Pseudodiploria198036,0.478709653907789
Pseudodiploria198038,0.329038743044416
Pseudodiploria198040,-0.729935517908313
Pseudodiploria198041,-0.562567868646058
Pseudodiploria198044,-0.187925658179059
Pseudodiploria198045,0.056906659224318
Pseudodiploria198046,-0.517657911795215
Pseudodiploria198050,-0.0383146733379063
Pseudodiploria198052,-0.638373792522465
Pseudodiploria198054,-0.0738380666806163
Pseudodiploria198055,-0.78648068300548
Pseudodiploria198056,-0.422230446442091
Pseudodiploria198059,0.128104724809245
Pseudodiploria198060,-0.683608199951774
Pseudodiploria198061,-0.335349985168536
Pseudodiploria198063,-1.41626477800834
Pseudodiploria198065,-0.000181132562966228
Pseudodiploria198068,-0.336415843389239
Pseudodiploria198069,0.27654024193705
Pseudodiploria198070,0.318714807184686
Pseudodiploria198072,0.313243233770256
Pseudodiploria198073,0.0416880128638302
Pseudodiploria198074,-0.357022708519804
Pseudodiploria198075,-0.147921760524974
Pseudodiploria198076,0.194696969887437
Pseudodiploria198077,0.267796044607738
Pseudodiploria198078,-0.519088918970833
Pseudodiploria198080,-1.12607767088669
Pseudodiploria198081,-0.0801395054149487
Pseudodiploria198082,-0.47584252496547
Pseudodiploria198083,0.137192459980391
Pseudodiploria198085,0.485749921802204
Pseudodiploria198086,-1.21316522230178
Pseudodiploria198087,0.2707219074882
Pseudodiploria198089,-0.0669434532867153
Pseudodiploria198092,0.0894717296746021
Pseudodiploria198093,0.0680804840657147
Pseudodiploria198094,-0.404945767082346
Pseudodiploria198095,0.854914200468154
Pseudodiploria198097,-0.5170912958148
Pseudodiploria198098,-0.0393729859730718
Pseudodiploria198099,0.0726126466690049
Pseudodiploria198100,-0.421460498038061
Pseudodiploria198103,0.0490145424994138
Pseudodiploria198107,-0.493258416405161
Pseudodiploria198109,1.06590151759341
Pseudodiploria198110,-0.129428131112707
Pseudodiploria198111,0.0261762606282256
Pseudodiploria198112,0.778835753083079
Pseudodiploria198114,0.0220921240117509
Pseudodiploria198115,-0.302231404932651
Pseudodiploria198116,-0.774408694100295
Pseudodiploria198120,-0.117915915452126
Pseudodiploria198121,-0.0480168246427646
Pseudodiploria198124,0.0298225160792841
Pseudodiploria198126,-0.42238333791209
Pseudodiploria198127,-0.247361400269702
Pseudodiploria198128,0.517280227381392
Pseudodiploria198130,0.00186172487897338
Pseudodiploria198131,-0.516665631922271
Pseudodiploria198132,0.267401620825425
Pseudodiploria198134,0.303086069880759
Pseudodiploria198136,0.431257138220843
Pseudodiploria198139,0.703210755206417
Pseudodiploria198140,0.209379099732955
Pseudodiploria198141,0.0321842075812272
Pseudodiploria198145,-0.0157836207899384
Pseudodiploria198149,0.435896417557053
Pseudodiploria198150,1.88710841272311
Pseudodiploria198151,0.0269341490258286
Pseudodiploria198153,0.298045747067953
Pseudodiploria198156,0.0397455555737405
Pseudodiploria198157,0.122038465515357
Pseudodiploria198158,0.356996500845962
Pseudodiploria198161,0.0697259381588048
Pseudodiploria198163,0.359286389635812
Pseudodiploria198164,-1.03112435383029
Pseudodiploria198165,0.356669705524899
Pseudodiploria198167,-0.240532545101954
Pseudodiploria198169,1.0275815407296
Pseudodiploria198170,0.256279879409142
Pseudodiploria198171,-0.848374505663086
Pseudodiploria198172,0.0353321610519649
Pseudodiploria198173,-0.359697396671694
Pseudodiploria198174,0.384449041280805
Pseudodiploria198175,0.407738236524762
Pseudodiploria198176,0.215138834904454
Pseudodiploria198178,-0.237333575059792
Pseudodiploria198179,0.218976510208843
Pseudodiploria198182,-0.0633471939324046
Pseudodiploria198183,1.6938373604303
Pseudodiploria198185,0.128376514637585
Pseudodiploria198186,-0.214895911662967
Pseudodiploria198187,0.135547002038902
Pseudodiploria198188,-0.326907065011041
Pseudodiploria198190,-0.288606932657598
Pseudodiploria198191,-0.3634269509294
Pseudodiploria198192,0.331945876832669
Pseudodiploria198195,-0.538977265728611
Pseudodiploria198196,0.619733591683687
Pseudodiploria198197,0.712026027760146
Pseudodiploria198198,-0.0921073675056476
Pseudodiploria198201,-0.535385651956127
Pseudodiploria198205,-0.10784547691087
Pseudodiploria198207,-0.200820108477163
Pseudodiploria198211,2.23497661261596
Pseudodiploria198212,0.54719963331451
Pseudodiploria198214,-1.03434142868371
Pseudodiploria198216,1.5021345012117
Pseudodiploria198217,0.144871548076429
Pseudodiploria198221,0.0334332643886345
Pseudodiploria198225,-0.439776244933042
Pseudodiploria198226,-0.0103256098752495
Pseudodiploria198227,-1.54161324679841
Pseudodiploria198228,-0.883568802588041
Pseudodiploria198230,0.0153521581299105
Pseudodiploria198231,-0.480913340925604
Pseudodiploria198232,-0.411470974025091
Pseudodiploria198233,0.153636179233403
Pseudodiploria198234,-1.13667152819605
Pseudodiploria198236,0.595376600178763
Pseudodiploria198237,0.0217556321916766
Pseudodiploria198238,0.0115159252290625
Pseudodiploria198239,0.251633406666296
Pseudodiploria198240,-0.00965973173783782
Pseudodiploria198242,-0.820663149915821
Pseudodiploria198243,0.103673205141072
Pseudodiploria198245,-0.273439823773787
Pseudodiploria198246,0.0953794286864966
Pseudodiploria198248,-0.14777121291511
Pseudodiploria198250,-0.256796342313094
Pseudodiploria198251,1.20619446066629
Pseudodiploria198253,0.509285233547602
Pseudodiploria198254,0.5810799332642
Pseudodiploria198255,0.265603460571342
Pseudodiploria198256,0.0423854520942487
Pseudodiploria198260,0.0997540006151587
Pseudodiploria198261,0.46323339689177
Pseudodiploria198262,-0.484877659861842
Pseudodiploria198263,-0.109482156727933
Pseudodiploria198266,0.097173655999511
Pseudodiploria198269,-0.156001271263604
Pseudodiploria198272,0.332855491837596
Pseudodiploria198274,0.479738575336959
Pseudodiploria198278,-0.116045906872926
Pseudodiploria198279,-0.638742856111735
Pseudodiploria198280,0.289202571584969
Pseudodiploria198281,0.228728205384321
Pseudodiploria198282,-1.08703924654747
Pseudodiploria198283,0.300694389816008
Pseudodiploria198285,0.493050055439959
Pseudodiploria198286,-0.524207335588688
Pseudodiploria198289,-0.172651493779544
Pseudodiploria198290,0.329170788084295
Pseudodiploria198292,0.441044897318997
Pseudodiploria198293,0.309827470385626
Pseudodiploria198294,-0.452958615669256
Pseudodiploria198297,0.224887104183897
Pseudodiploria198298,-0.263311035055248
Pseudodiploria198300,-0.574747294433219
Pseudodiploria198302,-0.120178014297791
Pseudodiploria198303,0.39895421326806
Pseudodiploria198304,0.00151171682032512
Pseudodiploria198305,-1.07063224123908
Pseudodiploria198306,0.759163289482653
Pseudodiploria198307,-0.360564269056359
Pseudodiploria198311,-0.493811073490028
Pseudodiploria198312,0.0372562590627735
Pseudodiploria198313,0.10727590612148
Pseudodiploria198314,-0.077269808954344
Pseudodiploria198316,-0.106291002182833
Pseudodiploria198318,0.423661325969888
Pseudodiploria198319,0.0208734311567812
Pseudodiploria198321,-0.837423999029444
Pseudodiploria198323,-0.498016406575026
Pseudodiploria198324,0.153797154968514
Pseudodiploria198327,-0.477250453228803
Pseudodiploria198328,0.508327897717769
Pseudodiploria198330,0.554342093878504
Pseudodiploria198331,0.164091603374048
Pseudodiploria198332,0.0315725262033992
Pseudodiploria198335,-1.10567612710405
Pseudodiploria198336,-0.800006833571281
Pseudodiploria198337,-0.485191740224069
Pseudodiploria198338,-0.730378163364611
Pseudodiploria198340,-0.165712113698608
Pseudodiploria198341,-0.560783544931296
Pseudodiploria198342,-0.133011202649442
Pseudodiploria198345,-0.0876210157060284
Pseudodiploria198347,0.55401998093692
Pseudodiploria198348,0.0180329614393052
Pseudodiploria198349,-0.689221449049761
Pseudodiploria198351,-0.0625617221464089
Pseudodiploria198352,0.251410589254593
Pseudodiploria198354,-0.399691764311917
Pseudodiploria198358,-0.27829676803349
Pseudodiploria198359,-0.338400934887548
Pseudodiploria198361,-0.0155009795973958
Pseudodiploria198364,0.228785354681263
Pseudodiploria198367,-1.34623693151821
Pseudodiploria198369,0.139925612684944
Pseudodiploria198370,-1.87355980412156
Pseudodiploria198372,-0.82188285328688
Pseudodiploria198374,-0.190088008010048
Pseudodiploria198375,0.761996190164455
Pseudodiploria198376,0.472003781184751
Pseudodiploria198377,0.805273517015839
Pseudodiploria198378,-0.107595891292455
Pseudodiploria198380,-0.605791000185624
Pseudodiploria198381,-0.566662417147328
Pseudodiploria198382,0.448964129210968
Pseudodiploria198383,-0.295511451957181
Pseudodiploria198384,-0.0523333101683221
Pseudodiploria198386,0.652565235052527
Pseudodiploria198387,-0.120044918088548
Pseudodiploria198389,1.12860420243386
Pseudodiploria198390,0.111401153469551
Pseudodiploria198391,0.144150547668597
Pseudodiploria198393,-0.952687330445719
Pseudodiploria198394,0.502519294983168
Pseudodiploria198396,-0.153426399942792
Pseudodiploria198397,0.269351116599016
Pseudodiploria198398,-0.201441727786288
Pseudodiploria198399,-0.178871031262988
Pseudodiploria198403,0.296902321973513
Pseudodiploria198404,0.0450089860371171
Pseudodiploria198405,-0.338881091767386
Pseudodiploria198407,-0.392647281151044
Pseudodiploria198408,0.359951339671315
Pseudodiploria198409,-0.0178467667251426
Pseudodiploria198410,-0.331802731035152
Pseudodiploria198413,-0.71076898277829
Pseudodiploria198414,0.158706818470761
Pseudodiploria198416,0.05926842514674
Pseudodiploria198417,1.26461701542153
Pseudodiploria198420,-0.0664138030518574
Pseudodiploria198421,0.122618977260949
Pseudodiploria198422,-0.255625440631819
Pseudodiploria198423,-0.402206934443244
Pseudodiploria198425,-0.399274177787685
Pseudodiploria198428,-2.30855756477366
Pseudodiploria198431,-0.0807473438712611
Pseudodiploria198432,0.0586593828778458
Pseudodiploria198433,-0.745681544169564
Pseudodiploria198434,-0.652427050857246
Pseudodiploria198435,-0.181375072117822
Pseudodiploria198437,0.519253678538611
Pseudodiploria198438,-0.024003176884814
Pseudodiploria198439,0.433903907507419
Pseudodiploria198441,0.163997726856412
Pseudodiploria198442,-0.0510105072391376
Pseudodiploria198447,-0.267385504332011
Pseudodiploria198449,-0.175979645233632
Pseudodiploria198450,0.584393460392547
Pseudodiploria198451,-0.231326556617519
Pseudodiploria198452,0.60857279542726
Pseudodiploria198456,0.067499194219678
Pseudodiploria198458,0.156783852363005
Pseudodiploria198460,0.162028632925114
Pseudodiploria198462,-0.226310932803427
Pseudodiploria198463,-0.359921957226569
Pseudodiploria198464,-0.46858834532496
Pseudodiploria198468,0.176631271987283
Pseudodiploria198470,0.0716565884055914
Pseudodiploria198471,-0.114369224191329
Pseudodiploria198474,-0.846816582468293
Pseudodiploria198475,-0.0298287362146354
Pseudodiploria198476,0.737039692886929
Pseudodiploria198479,0.0164492370994766
Pseudodiploria198481,0.691794966637709
Pseudodiploria198482,-0.0190948260781164
Pseudodiploria198485,0.190355801158753
Pseudodiploria198487,0.106838586405628
Pseudodiploria198489,0.00457356720970114
Pseudodiploria198490,-0.28441321179613
Pseudodiploria198493,-0.266295232645733
Pseudodiploria198494,0.771447578161861
Pseudodiploria198496,-0.162683980356118
Pseudodiploria198497,-0.0142769426243423
Pseudodiploria198500,0.321666154360177
Pseudodiploria198503,-1.12046666664537
Pseudodiploria198504,0.608822909173837
Pseudodiploria198506,0.0110817109377621
Pseudodiploria198507,-0.627181448279426
Pseudodiploria198508,-0.824182026309719
Pseudodiploria198509,-1.11708134316762
Pseudodiploria198510,0.203416027391718
Pseudodiploria198511,1.09611225747097
Pseudodiploria198513,1.14052921799112
Pseudodiploria198515,0.112460922728066
Pseudodiploria198517,-0.224204894812749
Pseudodiploria198519,-0.0981920710848635
Pseudodiploria198521,-1.33987651186314
Pseudodiploria198522,0.0972654366957176
Pseudodiploria198524,0.278948406833619
Pseudodiploria198526,-0.388035797672125
Pseudodiploria198527,0.446144240523047
Pseudodiploria198528,0.143227615093563
Pseudodiploria198529,0.23888906448532
Pseudodiploria198531,0.379648119178838
Pseudodiploria198532,0.127376934371294
Pseudodiploria198533,-0.12694548189347
Pseudodiploria198534,0.350102499477488
Pseudodiploria198535,-0.237564917101975
Pseudodiploria198537,0.163169219577456
Pseudodiploria198539,0.261713533742883
Pseudodiploria198540,0.321951907240101
Pseudodiploria198544,-0.0180328273954009
Pseudodiploria198548,0.818546314576127
Pseudodiploria198549,-0.0173477422893016
Pseudodiploria198553,0.788715321748127
Pseudodiploria198554,0.25212185558895
Pseudodiploria198556,-0.170872348369232
Pseudodiploria198557,0.657210097540535
Pseudodiploria198558,-0.569962027706779
Pseudodiploria198559,-0.516558339233143
Pseudodiploria198560,0.678892848845192
Pseudodiploria198562,0.272910675840524
Pseudodiploria198563,-1.30767229450438
Pseudodiploria198566,0.403819933842995
Pseudodiploria198567,0.0195133616256147
Pseudodiploria198568,-0.367306655545471
Pseudodiploria198569,0.155886121755057
Pseudodiploria198570,-0.0482474709531721
Pseudodiploria198571,-0.00649002988941022
Pseudodiploria198572,1.28457847621195
Pseudodiploria198573,1.0747926231525
Pseudodiploria198575,0.0660548506427814
Pseudodiploria198576,0.0178484865807231
Pseudodiploria198579,0.0771063973128081
Pseudodiploria198581,0.870951606081217
Pseudodiploria198583,-0.168771409492725
Pseudodiploria198588,-0.355831040548846
Pseudodiploria198589,0.722153669084765
Pseudodiploria198591,-0.0469864066310422
Pseudodiploria198593,-0.50581337815462
Pseudodiploria198594,0.52836821829445
Pseudodiploria198595,-0.0869977864086787
Pseudodiploria198596,0.329674965282324
Pseudodiploria198597,-0.153057258936428
Pseudodiploria198598,0.0623671135365922
Pseudodiploria198602,-0.570595600323974
Pseudodiploria198604,0.179587718906218
Pseudodiploria198605,-0.0334401117759998
Pseudodiploria198606,0.337769545427189
Pseudodiploria198607,-0.0245595233720765
Pseudodiploria198610,0.429909750790273
Pseudodiploria198611,0.142274060901005
Pseudodiploria198612,0.0560917319089598
Pseudodiploria198616,-0.145773335150361
Pseudodiploria198617,0.150331870940916
Pseudodiploria198620,1.07901235364727
Pseudodiploria198621,-0.217953871518747
Pseudodiploria198623,-0.0224676915649363
Pseudodiploria198624,0.326613650395986
Pseudodiploria198625,0.0961297355804262
Pseudodiploria198626,0.558373664045118
Pseudodiploria198627,-0.654325166747826
Pseudodiploria198629,-0.308529738581811
Pseudodiploria198631,-0.283972736898247
Pseudodiploria198632,-0.421830923903339
Pseudodiploria198634,0.321506095835211
Pseudodiploria198635,-0.334018650508129
Pseudodiploria198637,-1.0402911838619
Pseudodiploria198638,0.804494579250986
Pseudodiploria198639,-1.21463410664779
Pseudodiploria198640,0.634185897820263
Pseudodiploria198641,-0.428548385213174
Pseudodiploria198644,0.598211000993279
Pseudodiploria198645,-0.428420073274042
Pseudodiploria198649,0.160547429951515
Pseudodiploria198650,0.418945811568755
Pseudodiploria198651,1.03600804232808
Pseudodiploria198652,0.849762718256037
Pseudodiploria198654,-0.774688854673032
Pseudodiploria198656,-0.175365726905722
Pseudodiploria198657,0.187426232462439
Pseudodiploria198659,-0.232745991999189
Pseudodiploria198662,0.130212608264178
Pseudodiploria198664,-0.222382161878677
Pseudodiploria198668,0.30117938172091
Pseudodiploria198669,-1.23758747485012
Pseudodiploria198670,0.946106649696678
Pseudodiploria198674,-0.0528667310436993
Pseudodiploria198675,-0.0382452924070913
Pseudodiploria198677,-0.0352297319375265
Pseudodiploria198679,-0.158303266647961
Pseudodiploria198680,0.0175963661493584
Pseudodiploria198681,0.225133423745508
Pseudodiploria198682,-0.0771483787336971
Pseudodiploria198684,0.0193108249657902
Pseudodiploria198686,-0.87975001790651
Pseudodiploria198687,0.0910030348597965
Pseudodiploria198688,0.708886149501328
Pseudodiploria198690,-1.14156736409804
Pseudodiploria198692,0.247630584928333
Pseudodiploria198693,0.321114601984795
Pseudodiploria198694,-0.716798515604482
Pseudodiploria198700,0.128489391705358
Pseudodiploria198701,0.355380852516673
Pseudodiploria198702,0.0823687841232927
Pseudodiploria198703,-0.464271197309932
Pseudodiploria198707,-0.553190767507157
Pseudodiploria198710,0.747734436141988
Pseudodiploria198711,-0.123739484047022
Pseudodiploria198712,-0.81182177175714
Pseudodiploria198713,-0.473066911889576
Pseudodiploria198714,-0.584233229531
Pseudodiploria198715,0.103217570634484
Pseudodiploria198716,0.595374014068887
Pseudodiploria198718,-1.1360227827161
Pseudodiploria198719,-0.598083319735065
Pseudodiploria198720,0.289948604153593
Pseudodiploria198722,0.230329920806838
Pseudodiploria198723,0.329113601943771
Pseudodiploria198725,-0.496239234950696
Pseudodiploria198727,-0.695718410259762
Pseudodiploria198730,0.116846543934623
Pseudodiploria198731,-0.426432998528262
Pseudodiploria198732,0.873065435820598
Pseudodiploria198734,0.0985196715556035
Pseudodiploria198735,0.202206973673989
Pseudodiploria198736,-0.4043811945881
Pseudodiploria198737,-0.0595752727285153
Pseudodiploria198741,-0.386954511473836
Pseudodiploria198742,0.807429433318686
Pseudodiploria198746,-0.0436758875779867
Pseudodiploria198747,0.0189815526413647
Pseudodiploria198749,-0.513652831654483
Pseudodiploria198750,-0.604757674610455
Pseudodiploria198751,0.174476846818768
Pseudodiploria198752,0.468445361332961
Pseudodiploria198753,0.000119800033245292
Pseudodiploria198755,-0.66535604311155
Pseudodiploria198757,0.146422806491465
Pseudodiploria198758,0.603275278168396
Pseudodiploria198761,0.218832351513664
Pseudodiploria198762,0.374766687495415
Pseudodiploria198763,1.12217809504895
Pseudodiploria198764,0.183952420330189
Pseudodiploria198765,0.969184913798704
Pseudodiploria198770,-0.194848237580892
Pseudodiploria198771,-0.355975451732809
Pseudodiploria198772,-0.212100379697123
Pseudodiploria198775,-0.618172419499837
Pseudodiploria198776,0.312011377831419
Pseudodiploria198777,-0.384866308189054
Pseudodiploria198778,-0.293902344177051
Pseudodiploria198779,0.533326680566071
Pseudodiploria198780,-0.322959155085987
Pseudodiploria198781,0.514395618861181
Pseudodiploria198783,-0.13645579302698
Pseudodiploria198784,-0.381440300164771
Pseudodiploria198786,-0.095213446733144
Pseudodiploria198787,-0.158299399475279
Pseudodiploria198788,-0.49328331699521
Pseudodiploria198789,-0.169865644783932
Pseudodiploria198790,0.444972227036375
Pseudodiploria198792,0.184611369315786
Pseudodiploria198793,-0.0147809387531512
Pseudodiploria198794,0.354337149642384
Pseudodiploria198797,0.418229919413963
Pseudodiploria198800,0.381651651884582
Pseudodiploria198801,-0.178414358963893
Pseudodiploria198802,0.0782319777856433
Pseudodiploria198803,-0.276508417900786
Pseudodiploria198805,0.31588204077811
Pseudodiploria198806,0.266078223764239
Pseudodiploria198807,0.298792067417189
Pseudodiploria198808,-0.17916928498141
Pseudodiploria198809,-0.330402267622064
Pseudodiploria198811,0.180682869787751
Pseudodiploria198812,0.272664041202593
Pseudodiploria198813,-0.180081094210169
Pseudodiploria198814,0.660932151636617
Pseudodiploria198815,-0.965222135412777
Pseudodiploria198816,-0.334381403655913
Pseudodiploria198817,0.369102841813454
Pseudodiploria198818,0.271504471078038
Pseudodiploria198819,-0.091544057981013
Pseudodiploria198821,0.220048459970441
Pseudodiploria198822,0.601427704785585
Pseudodiploria198824,0.125945158188079
Pseudodiploria198825,0.0912242091018275
Pseudodiploria198828,0.235166346999749
Pseudodiploria198829,0.141078041376134
Pseudodiploria198830,0.0745853143446599
Pseudodiploria198832,0.0797763222186202
Pseudodiploria198834,0.0400082229922745
Pseudodiploria198835,-0.588260242821125
Pseudodiploria198837,0.026533553665371
Pseudodiploria198838,-0.0527067044460684
Pseudodiploria198839,-0.267057180166326
Pseudodiploria198840,0.390024341116916
Pseudodiploria198842,-0.0638734422086335
Pseudodiploria198843,-0.294680212785486
Pseudodiploria198844,-0.106895715838794
Pseudodiploria198846,-0.629517836897882
Pseudodiploria198847,-0.153597721961103
Pseudodiploria198849,-0.95552197943602
Pseudodiploria198851,-0.272829041445355
Pseudodiploria198852,0.032980158380456
Pseudodiploria198855,-0.511859701093084
Pseudodiploria198858,0.422605759045763
Pseudodiploria198859,-0.423427855881982
Pseudodiploria198860,-0.120413101036541
Pseudodiploria198861,0.0523858717874978
Pseudodiploria198862,-0.321117476751054
Pseudodiploria198863,-0.278676212705374
Pseudodiploria198866,-0.0134548576505754
Pseudodiploria198868,0.225467367276254
Pseudodiploria198870,0.115489090030103
Pseudodiploria198871,0.0489059642133649
Pseudodiploria198875,0.0323418226217617
Pseudodiploria198876,0.358415704594334
Pseudodiploria198878,0.45691748125045
Pseudodiploria198880,-0.846965094064558
Pseudodiploria198882,-0.236583200948749
Pseudodiploria198885,0.248160838500869
Pseudodiploria198886,-0.803823920220056
Pseudodiploria198887,-0.625605944352054
Pseudodiploria198888,-0.725011123463181
Pseudodiploria198889,0.101973134602918
Pseudodiploria198890,-0.149095320822802
Pseudodiploria198891,0.425949697455931
Pseudodiploria198892,0.109133596253546
Pseudodiploria198893,0.232878164261813
Pseudodiploria198894,-0.570449371982142
Pseudodiploria198895,-0.538933875140589
Pseudodiploria198899,0.0254004142107534
Pseudodiploria198900,-0.573558116729568
Pseudodiploria198901,0.26365212663474
Pseudodiploria198903,-0.500493316184657
Pseudodiploria198905,0.167350409418985
Pseudodiploria198906,0.114218595793525
Pseudodiploria198908,0.191669840856604
Pseudodiploria198909,-1.53042442086065
Pseudodiploria198910,-0.0311566592832702
Pseudodiploria198911,-0.20564838239941
Pseudodiploria198913,0.505136897113555
Pseudodiploria198915,-0.675124667847303
Pseudodiploria198916,-0.94548764312759
Pseudodiploria198917,-0.408475814298274
Pseudodiploria198921,0.0194472910858378
Pseudodiploria198924,0.365747612781361
Pseudodiploria198925,-0.543938121923796
Pseudodiploria198926,0.137938466662632
Pseudodiploria198928,0.17455426720541
Pseudodiploria198929,-0.808806985223918
Pseudodiploria198930,-1.2172635107328
Pseudodiploria198931,-0.577454466501016
Pseudodiploria198932,0.243509870272725
Pseudodiploria198934,-0.0100477761140724
Pseudodiploria198935,0.920419798707766
Pseudodiploria198936,-0.175049246223881
Pseudodiploria198938,-0.183606640598691
Pseudodiploria198939,-1.66381080601724
Pseudodiploria198940,-0.018883264430154
Pseudodiploria198941,-0.00228466468679658
Pseudodiploria198942,0.718900507883928
Pseudodiploria198945,0.404575251562062
Pseudodiploria198946,-0.00728767273559094
Pseudodiploria198947,-1.0983462454293
Pseudodiploria198949,0.352718800359295
Pseudodiploria198951,-0.543021645058212
Pseudodiploria198952,-1.06399545026052
Pseudodiploria198953,-0.239442699891963
Pseudodiploria198955,-0.163988834601533
Pseudodiploria198957,-0.310756328373316
Pseudodiploria198958,0.380634481851294
Pseudodiploria198960,-0.338650906659949
Pseudodiploria198963,-0.0588194775629123
Pseudodiploria198964,0.0431399989320133
Pseudodiploria198965,0.304422379788011
Pseudodiploria198966,-0.476280660751861
Pseudodiploria198967,-0.0495299439096719
Pseudodiploria198970,0.18313315474105
Pseudodiploria198973,0.463276317104039
Pseudodiploria198975,-0.0568524209561093
Pseudodiploria198976,1.25898749255943
Pseudodiploria198977,-0.0818759844616228
Pseudodiploria198978,-0.0177896200271213
Pseudodiploria198980,0.290699796961015
Pseudodiploria198982,-0.558836014566847
Pseudodiploria198987,0.123499825359881
Pseudodiploria198988,0.0148499532729769
Pseudodiploria198989,-0.0632247992024488
Pseudodiploria198991,0.771604364483829
Pseudodiploria198992,-0.624094198209216
Pseudodiploria198995,0.580143193781062
Pseudodiploria198996,-0.00596352501704484
Pseudodiploria199002,0.257942927143379
Pseudodiploria199003,0.183032101078227
Pseudodiploria199004,-1.34872013979793
Pseudodiploria199006,0.917194956776672
Pseudodiploria199009,-0.294281390704267
Pseudodiploria199010,0.111889653423841
Pseudodiploria199012,-0.585674732027639
Pseudodiploria199013,-0.104442654581437
Pseudodiploria199017,-0.179101032112252
Pseudodiploria199019,-0.0058199866683584
Pseudodiploria199020,1.58428824886494
Pseudodiploria199021,0.447017853112162
Pseudodiploria199022,-0.113996515792544
Pseudodiploria199023,0.295418405631016
Pseudodiploria199024,-0.0946540988704663
Pseudodiploria199025,-0.0756570734235351
Pseudodiploria199026,-0.908486997277384
Pseudodiploria199029,0.0937007532123984
Pseudodiploria199030,0.0867514831103178
Pseudodiploria199031,-0.358875338195811
Pseudodiploria199034,0.395445001592919
Pseudodiploria199035,0.330944267404367
Pseudodiploria199036,0.0153290144584836
Pseudodiploria199038,0.0965337412426086
Pseudodiploria199040,1.05877735275737
Pseudodiploria199042,-0.315324735797882
Pseudodiploria199044,0.189878835097455
Pseudodiploria199045,0.196970190284433
Pseudodiploria199047,0.226900511933914
Pseudodiploria199049,-0.0784414846208119
Pseudodiploria199052,0.378743908143489
Pseudodiploria199053,-0.380608751487245
Pseudodiploria199056,-0.305327119707518
Pseudodiploria199058,-0.669924735370856
Pseudodiploria199060,0.0269937372058895
Pseudodiploria199063,0.142534811521786
Pseudodiploria199064,0.0810448938759687
Pseudodiploria199065,-0.709073806280898
Pseudodiploria199066,-0.547434274880975
Pseudodiploria199069,0.0828783538120581
Pseudodiploria199070,0.986497480765001
Pseudodiploria199072,0.292756221890659
Pseudodiploria199077,0.14090834916913
Pseudodiploria199078,-0.649708385253676
Pseudodiploria199079,0.843272547922138
Pseudodiploria199082,0.433476247192782
Pseudodiploria199083,-0.353143964341711
Pseudodiploria199084,-0.110652326946662
Pseudodiploria199088,0.410329507312899
Pseudodiploria199089,-0.925394064393146
Pseudodiploria199090,-1.06767857312094
Pseudodiploria199092,0.241963477046371
Pseudodiploria199094,-0.423184469476096
Pseudodiploria199095,0.509302082151196
Pseudodiploria199096,-0.11060960283093
Pseudodiploria199098,-0.0270191793795535
Pseudodiploria199099,-0.452648134456789
Pseudodiploria199101,0.373391733129064
Pseudodiploria199103,-0.0919965213167285
Pseudodiploria199105,-1.25454620311693
Pseudodiploria199107,0.0520826649166457
Pseudodiploria199109,-0.541024196356928
Pseudodiploria199111,-0.281020481171489
Pseudodiploria199113,0.0692860899147079
Pseudodiploria199114,0.393209642160206
Pseudodiploria199115,-0.43017332229099
Pseudodiploria199116,0.844366423346377
Pseudodiploria199117,0.304773268401506
Pseudodiploria199120,-0.36753114129701
Pseudodiploria199123,-0.0284848052875537
Pseudodiploria199125,-0.0853087025686547
Pseudodiploria199126,-0.695550348424306
Pseudodiploria199127,0.571873546058196
Pseudodiploria199128,-0.00937578706003794
Pseudodiploria199129,-0.0458687662527198
Pseudodiploria199130,-0.10693334184906
Pseudodiploria199131,0.115434850745733
Pseudodiploria199132,-0.132246212838066
Pseudodiploria199133,0.459170469542181
Pseudodiploria199134,0.380342892932809
Pseudodiploria199139,0.0733970084672312
Pseudodiploria199140,0.112963921789265
Pseudodiploria199142,-0.468759712506972
Pseudodiploria199143,-0.470884098640166
Pseudodiploria199144,-0.161548691060605
Pseudodiploria199145,-0.0246623974805449
Pseudodiploria199146,-0.226659137300872
Pseudodiploria199148,0.278742583014442
Pseudodiploria199150,-0.0297917500947291
Pseudodiploria199151,0.0761197770893548
Pseudodiploria199152,-0.0785413225548777
Pseudodiploria199153,0.0596142792247285
Pseudodiploria199157,-0.558758251272814
Pseudodiploria199158,0.0897954176032444
Pseudodiploria199159,-0.199303823912606
Pseudodiploria199160,0.533380473712421
Pseudodiploria199161,-0.311044239787939
Pseudodiploria199163,0.441907855095576
Pseudodiploria199164,-0.514448550406276
Pseudodiploria199166,-0.614316460350031
Pseudodiploria199167,2.31443471444565
Pseudodiploria199169,-0.139340318592555
Pseudodiploria199171,0.187935465546316
Pseudodiploria199173,0.0730007436875671
Pseudodiploria199175,-1.41796461051413
Pseudodiploria199176,-0.466775267986032
Pseudodiploria199178,-0.0889335445502893
Pseudodiploria199181,0.0663308824932341
Pseudodiploria199182,-0.351978639800156
Pseudodiploria199183,0.0542107473171582
Pseudodiploria199185,0.373294429974773
Pseudodiploria199187,0.327658922360095
Pseudodiploria199188,0.114631687156081
Pseudodiploria199189,-0.664280979005674
Pseudodiploria199194,-0.155211255224324
Pseudodiploria199196,-0.467616497093587
Pseudodiploria199197,0.752029288169543
Pseudodiploria199200,-0.0713738186563335
Pseudodiploria199202,0.614829844162188
Pseudodiploria199203,0.145882622483424
Pseudodiploria199206,0.780384263851101
Pseudodiploria199207,-1.23938416771103
Pseudodiploria199214,0.29193131055518
Pseudodiploria199215,0.388185140471882
Pseudodiploria199218,-0.546461097256845
Pseudodiploria199219,-0.179893117311276
Pseudodiploria199221,-1.89491944487432
Pseudodiploria199222,-0.988442379874522
Pseudodiploria199224,0.0441683833523856
Pseudodiploria199225,0.792140719329259
Pseudodiploria199226,0.227139752693486
Pseudodiploria199227,0.200566305034299
Pseudodiploria199231,0.22277308010656
Pseudodiploria199232,-0.0580764494377853
Pseudodiploria199233,0.682199468537061
Pseudodiploria199234,-0.529058556989096
Pseudodiploria199235,-0.12674542944289
Pseudodiploria199236,0.317245695009502
Pseudodiploria199239,-1.39721601169798
Pseudodiploria199240,0.623450058424142
Pseudodiploria199243,0.253422254530534
Pseudodiploria199245,-0.084820741900555
Pseudodiploria199247,0.071596781901851
Pseudodiploria199248,0.0994766039466742
Pseudodiploria199250,1.0348516809035
Pseudodiploria199253,0.15675763934182
Pseudodiploria199256,0.0202087027798634
Pseudodiploria199258,-0.812823909312222
Pseudodiploria199259,0.159541485904455
Pseudodiploria199261,0.540654919426548
Pseudodiploria199264,-0.3824757202464
Pseudodiploria199266,0.842620795815679
Pseudodiploria199267,0.495467445254889
Pseudodiploria199268,0.0916102773550248
Pseudodiploria199269,0.0529860104966636
Pseudodiploria199270,-0.335798661949859
Pseudodiploria199271,-0.794426834852609
Pseudodiploria199272,-0.139565023084527
Pseudodiploria199273,-0.314400232687928
Pseudodiploria199274,0.518107283209215
Pseudodiploria199277,0.0281626933121724
Pseudodiploria199279,1.23921441660203
Pseudodiploria199280,-0.032161549010213
Pseudodiploria199281,-0.0670553440127778
Pseudodiploria199282,-0.608980345969381
Pseudodiploria199283,0.100693772805777
Pseudodiploria199284,-0.0672668575184606
Pseudodiploria199286,-1.84847253808386
Pseudodiploria199287,0.310826874767635
Pseudodiploria199288,-0.184270798925935
Pseudodiploria199289,-0.165196297971494
Pseudodiploria199290,0.28748226624865
Pseudodiploria199291,0.114645383988529
Pseudodiploria199292,-0.838894217029197
Pseudodiploria199293,0.723060157946794
Pseudodiploria199295,0.0433355735372954
Pseudodiploria199296,-0.966125335983602
Pseudodiploria199297,-0.118712388054853
Pseudodiploria199298,1.75471601710165
Pseudodiploria199299,-0.337750211879715
Pseudodiploria199302,-0.227604078545532
Pseudodiploria199304,-0.019762881232303
Pseudodiploria199306,0.251998259156272
Pseudodiploria199307,-1.35956797660548
Pseudodiploria199308,0.0650188822294254
Pseudodiploria199309,-0.377715165494642
Pseudodiploria199311,0.309615314406947
Pseudodiploria199312,-0.422648990894775
Pseudodiploria199313,-0.105683249428183
Pseudodiploria199315,0.0106570977428419
Pseudodiploria199316,0.0951978944659691
Pseudodiploria199319,-0.577900698176397
Pseudodiploria199320,0.516411268930711
Pseudodiploria199324,-0.109831901475142
Pseudodiploria199325,0.751656486010521
Pseudodiploria199327,-0.083650708329186
Pseudodiploria199328,0.160066589846721
Pseudodiploria199329,0.517324198411118
Pseudodiploria199332,-0.0363272272936088
Pseudodiploria199333,0.896494274794842
Pseudodiploria199334,1.16642226753563
Pseudodiploria199336,-0.647253434370112
Pseudodiploria199339,-0.431254753550391
Pseudodiploria199340,0.439535884905395
Pseudodiploria199343,-1.50920162494279
Pseudodiploria199344,-0.535162229192333
Pseudodiploria199345,0.231871224681486
Pseudodiploria199346,0.199393494546167
Pseudodiploria199347,-0.481975687588034
Pseudodiploria199348,0.157883345182438
Pseudodiploria199349,-0.472987090495806
Pseudodiploria199350,-0.336286735074648
Pseudodiploria199353,0.083109478270756
Pseudodiploria199354,-0.827328381870042
Pseudodiploria199361,0.710582849842891
Pseudodiploria199362,0.0490434579594878
Pseudodiploria199363,-0.200034150047505
Pseudodiploria199365,-0.474053514705787
Pseudodiploria199367,-0.754979159947894
Pseudodiploria199369,0.185887516100772
Pseudodiploria199370,0.324362730036439
Pseudodiploria199373,-0.245993847745362
Pseudodiploria199374,-0.277879518354819
Pseudodiploria199375,-0.365732918754625
Pseudodiploria199377,-0.408304755821305
Pseudodiploria199378,0.0496806795770336
Pseudodiploria199380,-0.368194655109722
Pseudodiploria199381,0.53478053212045
Pseudodiploria199382,-0.241459978755339
Pseudodiploria199386,0.0913249479174852
Pseudodiploria199387,-0.335396398561226
Pseudodiploria199388,-0.809383659057422
Pseudodiploria199389,1.47429859416121
Pseudodiploria199390,-0.0331615457682606
Pseudodiploria199391,-0.229577271112661
Pseudodiploria199392,0.134933143306721
Pseudodiploria199393,0.182248368205451
Pseudodiploria199394,-0.454130493631818
Pseudodiploria199395,0.0803664083743095
Pseudodiploria199396,0.0145193417546379
Pseudodiploria199399,-0.939347361113198
Pseudodiploria199402,-0.808930851680055
Pseudodiploria199403,-0.779107002701205
Pseudodiploria199404,0.42227929213661
Pseudodiploria199405,0.0756029542177412
Pseudodiploria199406,1.1917845283882
Pseudodiploria199407,1.07640125357027
Pseudodiploria199408,-0.521474032272794
Pseudodiploria199409,0.116536548716667
Pseudodiploria199411,0.144611371239612
Pseudodiploria199412,0.181748588007754
Pseudodiploria199413,-0.315637174178744
Pseudodiploria199415,-0.402954939464709
Pseudodiploria199416,-1.24842156570682
Pseudodiploria199419,0.0751992533542137
Pseudodiploria199421,-0.142998981967288
Pseudodiploria199424,-0.00735089219466235
Pseudodiploria199425,0.00230064285892695
Pseudodiploria199427,0.328050314210791
Pseudodiploria199429,-0.277100096631708
Pseudodiploria199430,-0.576611852641962
Pseudodiploria199433,0.0292718515845752
Pseudodiploria199435,-0.563198071178235
Pseudodiploria199438,0.198242336141338
Pseudodiploria199441,-0.656210000216185
Pseudodiploria199442,0.217949303492957
Pseudodiploria199443,0.35669524475491
Pseudodiploria199444,0.29571644511634
Pseudodiploria199445,0.221098037178895
Pseudodiploria199446,-0.142457243409663
Pseudodiploria199447,0.0449521804013078
Pseudodiploria199448,-0.0167081531026027
Pseudodiploria199449,0.173540665653812
Pseudodiploria199454,0.304134551975786
Pseudodiploria199456,-1.8223353697279
Pseudodiploria199461,-0.358932558507203
Pseudodiploria199462,0.687963997537284
Pseudodiploria199463,0.360602123379929
Pseudodiploria199464,-0.127733568088207
Pseudodiploria199466,0.627476146579279
Pseudodiploria199469,0.07014682144228
Pseudodiploria199471,-0.44825574804316
Pseudodiploria199472,-0.873737325978949
Pseudodiploria199473,-0.295018386260724
Pseudodiploria199476,-0.438669234758171
Pseudodiploria199478,0.249674352560665
Pseudodiploria199479,0.351163386519435
Pseudodiploria199480,0.0588430301195806
Pseudodiploria199483,-0.227674871290319
Pseudodiploria199484,-0.924829763353338
Pseudodiploria199485,-0.0953970907047167
Pseudodiploria199486,0.71112874946349
Pseudodiploria199487,-0.631928610156237
Pseudodiploria199488,-0.730500573383205
Pseudodiploria199489,0.235476942401552
Pseudodiploria199493,0.257114982437095
Pseudodiploria199500,0.486273367058974
Pseudodiploria199501,0.314414271210626
Pseudodiploria199502,0.167114651407808
Pseudodiploria199503,-0.124320240224366
Pseudodiploria199504,0.00563287479762443
Pseudodiploria199505,-0.0497174995363488
Pseudodiploria199506,0.404604709760657
Pseudodiploria199510,-0.240128884721691
Pseudodiploria199511,-0.203406625874314
Pseudodiploria199512,0.45357475141904
Pseudodiploria199515,0.564175027839879
Pseudodiploria199517,0.145061557204059
Pseudodiploria199518,-0.330547510313082
Pseudodiploria199519,-0.361355885299271
Pseudodiploria199524,-0.497931300977924
Pseudodiploria199525,1.83044043844633
Pseudodiploria199527,-0.846982372786342
Pseudodiploria199528,-0.991118202701287
Pseudodiploria199529,-1.12555355565961
Pseudodiploria199530,0.0815851779836843
Pseudodiploria199535,0.552074535797933
Pseudodiploria199536,-0.618885531314254
Pseudodiploria199537,-0.301234169778202
Pseudodiploria199538,-0.0241642276887861
Pseudodiploria199539,-0.616012277247861
Pseudodiploria199540,-0.516217965747785
Pseudodiploria199542,0.00292955747572757
Pseudodiploria199546,0.382401588888352
Pseudodiploria199547,-1.33128466119377
Pseudodiploria199548,-0.401346557969842
Pseudodiploria199549,0.088902290723293
Pseudodiploria199551,0.528679445023433
Pseudodiploria199553,0.336424111520465
Pseudodiploria199554,-0.0430564323297024
Pseudodiploria199556,0.983252900404769
Pseudodiploria199559,-0.121943380624482
Pseudodiploria199561,0.513609026423763
Pseudodiploria199563,0.330643870590259
Pseudodiploria199564,0.0160407238108261
Pseudodiploria199565,0.00707375036668604
Pseudodiploria199568,0.805415056587082
Pseudodiploria199570,0.439227009266739
Pseudodiploria199571,-0.220721502737182
Pseudodiploria199572,0.782678218625593
Pseudodiploria199574,-0.22296093082078
Pseudodiploria199576,0.386577858824495
Pseudodiploria199577,-0.153422421125089
Pseudodiploria199578,0.279292275830029
Pseudodiploria199582,0.0817051386143275
Pseudodiploria199584,-0.498436326577245
Pseudodiploria199585,-0.0247406128760165
Pseudodiploria199586,-0.203393879876611
Pseudodiploria199588,0.698312451244705
Pseudodiploria199589,-0.449880391976252
Pseudodiploria199590,-0.00552647244298329
Pseudodiploria199591,0.965632312668226
Pseudodiploria199593,-0.036678781218884
Pseudodiploria199594,1.02009413447021
Pseudodiploria199595,-0.379610070308266
Pseudodiploria199596,0.0478001420776725
Pseudodiploria199599,-0.276362466308592
Pseudodiploria199602,-0.344764211238904
Pseudodiploria199604,-0.257664338822696
Pseudodiploria199606,0.0418345451501923
Pseudodiploria199607,0.346302350162867
Pseudodiploria199610,-0.191676750781651
Pseudodiploria199611,-0.566469896024975
Pseudodiploria199612,0.668410294024034
Pseudodiploria199616,-0.0365471550211115
Pseudodiploria199617,0.451668180303656
Pseudodiploria199620,-0.0780259674058811
Pseudodiploria199621,0.162621606068513
Pseudodiploria199622,0.125431097254966
Pseudodiploria199623,-0.426347288596376
Pseudodiploria199626,0.913153499628929
Pseudodiploria199627,-0.298836090915941
Pseudodiploria199628,0.759424615966947
Pseudodiploria199630,-0.126719075314312
Pseudodiploria199631,-0.950189163065091
Pseudodiploria199632,-1.38761547646291
Pseudodiploria199634,-0.793223845909345
Pseudodiploria199636,-0.0742744151005784
Pseudodiploria199637,-0.800346415982317
Pseudodiploria199638,-0.68916515673405
Pseudodiploria199639,0.102874113303319
Pseudodiploria199640,1.14959705968378
Pseudodiploria199641,-0.0429814861818268
Pseudodiploria199642,-0.00447416838444924
Pseudodiploria199645,0.540481998740656
Pseudodiploria199648,0.14013411739816
Pseudodiploria199649,-0.108895000318801
Pseudodiploria199650,-0.0336884009398723
Pseudodiploria199652,0.585175297166663
Pseudodiploria199655,-0.08486575746878
Pseudodiploria199656,-1.19819023218837
Pseudodiploria199657,0.196885155153297
Pseudodiploria199658,-0.038374685874334
Pseudodiploria199659,-0.316436939645244
Pseudodiploria199661,-0.23573062569529
Pseudodiploria199662,0.960312458670939
Pseudodiploria199663,0.23538976303985
Pseudodiploria199664,0.9565615161823
Pseudodiploria199666,0.388576052850844
Pseudodiploria199667,0.323130656094421
Pseudodiploria199668,-0.283581967241864
Pseudodiploria199669,-0.205846509460544
Pseudodiploria199670,0.078972473476433
Pseudodiploria199673,-0.0922272694088085
Pseudodiploria199674,0.793157626228115
Pseudodiploria199675,0.361149797856654
Pseudodiploria199676,0.0690766012453667
Pseudodiploria199677,-0.591651010700164
Pseudodiploria199678,0.173637961947736
Pseudodiploria199680,-0.361148321538469
Pseudodiploria199681,-0.469429357708338
Pseudodiploria199682,1.3147758516593
Pseudodiploria199683,-0.128071786640566
Pseudodiploria199684,0.230693374593128
Pseudodiploria199685,-0.21843630362278
Pseudodiploria199687,-0.0481132803633401
Pseudodiploria199688,0.426438400346703
Pseudodiploria199690,-0.56290744665177
Pseudodiploria199691,-0.262711768464097
Pseudodiploria199693,0.0400359128978992
Pseudodiploria199694,0.0879078602907727
Pseudodiploria199695,1.19878709847796
Pseudodiploria199696,0.224025648084393
Pseudodiploria199697,0.379700915126826
Pseudodiploria199698,0.360512484152994
Pseudodiploria199701,-0.276815148962929
Pseudodiploria199702,0.205104396526332
Pseudodiploria199703,-0.974427978660273
Pseudodiploria199704,0.254697398764022
Pseudodiploria199705,0.0216066374919679
Pseudodiploria199707,-0.276628611988754
Pseudodiploria199710,0.379253789491912
Pseudodiploria199711,0.461686167188956
Pseudodiploria199712,-0.216232171243431
Pseudodiploria199714,-0.0345776829053982
Pseudodiploria199715,-0.30745897606383
Pseudodiploria199716,-0.37902755970868
Pseudodiploria199718,-0.617170098762566
Pseudodiploria199719,-0.119835041625667
Pseudodiploria199720,0.105363014788015
Pseudodiploria199722,-0.365576124750069
Pseudodiploria199727,0.535457332623026
Pseudodiploria199728,-0.064610305942556
Pseudodiploria199730,-0.601919277424142
Pseudodiploria199731,-0.545976530541051
Pseudodiploria199733,0.278582377861109
Pseudodiploria199736,0.308847228192455
Pseudodiploria199737,0.631920863990839
Pseudodiploria199738,-0.20842950827351
Pseudodiploria199739,-0.355626746688239
Pseudodiploria199741,-0.228783280930715
Pseudodiploria199742,0.944181051480662
Pseudodiploria199744,-0.497673622194789
Pseudodiploria199745,0.922513691701136
Pseudodiploria199747,0.356815481359875
Pseudodiploria199749,0.120710527448407
Pseudodiploria199750,0.289994608199225
Pseudodiploria199751,-0.00186954801445681
Pseudodiploria199752,-0.561218788677647
Pseudodiploria199756,0.715504224370432
Pseudodiploria199758,0.137270598145894
Pseudodiploria199760,-0.179036208578536
Pseudodiploria199762,-0.318811069742104
Pseudodiploria199764,-1.0358194162731
Pseudodiploria199766,-0.486854276495472
Pseudodiploria199767,0.790125714808699
Pseudodiploria199768,0.392709823337703
Pseudodiploria199769,0.393388975475822
Pseudodiploria199770,-0.23776897622966
Pseudodiploria199771,-0.124888213237599
Pseudodiploria199772,1.13159767497887
Pseudodiploria199774,-0.161161882596819
Pseudodiploria199776,-1.38708255936553
Pseudodiploria199777,-0.41700266721581
Pseudodiploria199778,0.914611304462995
Pseudodiploria199779,1.04208650983199
Pseudodiploria199784,-0.227003693153488
Pseudodiploria199785,0.647842970864381
Pseudodiploria199786,-0.965194739760612
Pseudodiploria199788,-0.266452860068995
Pseudodiploria199789,0.000143122443863654
Pseudodiploria199790,-0.0173994273453923
Pseudodiploria199791,0.588115066985921
Pseudodiploria199792,0.0162588714093987
Pseudodiploria199794,-0.12565434655781
Pseudodiploria199795,-0.19701320657724
Pseudodiploria199796,0.849869184095301
Pseudodiploria199797,0.412430518801106
Pseudodiploria199799,0.181037750588191
Pseudodiploria199800,-0.32900206720411
Pseudodiploria199801,0.610592751128752
Pseudodiploria199803,-0.067431694488191
Pseudodiploria199804,0.644304367998509
Pseudodiploria199807,0.278053526833524
Pseudodiploria199808,0.190119412101081
Pseudodiploria199809,1.33073997626803
Pseudodiploria199811,0.617527647477523
Pseudodiploria199812,-0.340696787003856
Pseudodiploria199813,-0.49395995695764
Pseudodiploria199814,-0.591852010305901
Pseudodiploria199815,0.712270544219024
Pseudodiploria199818,-0.264112965466857
Pseudodiploria199820,-0.238764130488678
Pseudodiploria199821,0.650254127337732
Pseudodiploria199822,-0.058049077052767
Pseudodiploria199824,-0.133484887954187
Pseudodiploria199825,-0.471201341283863
Pseudodiploria199826,0.0776635648778844
Pseudodiploria199831,-0.43275764287323
Pseudodiploria199832,-0.0499743061715292
Pseudodiploria199833,0.332701727547156
Pseudodiploria199835,0.543383614236758
Pseudodiploria199836,-0.412908572329814
Pseudodiploria199839,-0.105587810869564
Pseudodiploria199841,-1.25586103861878
Pseudodiploria199842,0.0381217167947672
Pseudodiploria199843,-0.7829633687961
Pseudodiploria199848,0.231166497391946
Pseudodiploria199850,0.477005455220465
Pseudodiploria199851,-0.0865481818701422
Pseudodiploria199852,-0.0763789553664953
Pseudodiploria199853,-0.0593454578892358
Pseudodiploria199854,-0.0890302694410028
Pseudodiploria199855,-0.337287030951078
Pseudodiploria199856,-0.295248793451414
Pseudodiploria199857,0.411736675643359
Pseudodiploria199860,0.954943108806683
Pseudodiploria199861,0.132333204697523
Pseudodiploria199863,-0.554790230927287
Pseudodiploria199865,0.307439485714101
Pseudodiploria199866,0.810420343069455
Pseudodiploria199867,-0.289343306141043
Pseudodiploria199869,0.160167389936306
Pseudodiploria199872,-0.210335910950148
Pseudodiploria199873,-0.0957157770073851
Pseudodiploria199874,0.53043571706761
Pseudodiploria199875,0.0290850329701151
Pseudodiploria199877,-0.182082381186061
Pseudodiploria199878,-0.0215982542862236
Pseudodiploria199879,0.0593812247985594
Pseudodiploria199881,0.728739962549191
Pseudodiploria199886,0.0957110631531216
Pseudodiploria199887,-0.578130323190029
Pseudodiploria199890,0.442189413377199
Pseudodiploria199892,-0.163792814994488
Pseudodiploria199894,0.890660286029821
Pseudodiploria199896,0.84262792870969
Pseudodiploria199898,-0.334411683624495
Pseudodiploria199899,0.0676584968712809
Pseudodiploria199904,-0.420469699490618
Pseudodiploria199906,-0.535120429028509
Pseudodiploria199908,0.707900152546746
Pseudodiploria199909,-0.315927426510318
Pseudodiploria199910,-0.81523113652968
Pseudodiploria199911,-0.804223771672871
Pseudodiploria199912,-0.0876115988377003
Pseudodiploria199915,-0.375544363622379
Pseudodiploria199916,0.226708031413611
Pseudodiploria199917,0.841979738425266
Pseudodiploria199918,0.524883103555222
Pseudodiploria199919,0.0645820747270063
Pseudodiploria199921,-0.0187207766611499
Pseudodiploria199923,-0.00940039844535169
Pseudodiploria199926,0.185901076386709
Pseudodiploria199927,-0.0171039282293089
Pseudodiploria199929,0.0804735175658457
Pseudodiploria19993,-0.251490907769129
Pseudodiploria199930,-0.10695083749779
Pseudodiploria199931,-0.154751913081818
Pseudodiploria199932,0.205489487237126
Pseudodiploria199933,-0.86355172485124
Pseudodiploria199934,0.123300593469723
Pseudodiploria199935,0.312013217296376
Pseudodiploria199936,-0.195226313050332
Pseudodiploria199938,0.446005712957615
Pseudodiploria199940,1.59001817553686
Pseudodiploria199942,0.541141632135768
Pseudodiploria199943,0.472307431864533
Pseudodiploria199945,-0.101416352321528
Pseudodiploria199951,1.73703943819589
Pseudodiploria199952,0.4087783975175
Pseudodiploria199954,0.0497255697357593
Pseudodiploria199955,-0.825127649855728
Pseudodiploria199957,-0.649367535151361
Pseudodiploria199958,-0.138639699702924
Pseudodiploria199959,0.235246861133297
Pseudodiploria199961,0.0125200673544107
Pseudodiploria199962,-0.185806503384718
Pseudodiploria199966,-0.434479545668613
Pseudodiploria199967,-0.0750522539113438
Pseudodiploria199968,0.591408653856562
Pseudodiploria199969,0.0843833693548857
Pseudodiploria199970,-0.141919601684059
Pseudodiploria199971,-0.447192036305745
Pseudodiploria199972,-0.10710877873189
Pseudodiploria199973,0.372308765655736
Pseudodiploria199974,0.142947697956492
Pseudodiploria199978,1.15841541841442
Pseudodiploria199979,1.1183757224695
Pseudodiploria199980,-0.880057398048426
Pseudodiploria199982,-0.380409360282401
Pseudodiploria199983,1.18179310082455
Pseudodiploria199986,0.132384423959509
Pseudodiploria199988,0.000433429060517967
Pseudodiploria199989,0.230698301766152
Pseudodiploria199990,-0.0232478123240672
Pseudodiploria199991,0.172034992915706
Pseudodiploria199992,-0.255012095493721
Pseudodiploria199994,0.351507680139792
Pseudodiploria199995,-0.160812546274996
Pseudodiploria199996,0.000201364343061543
Pseudodiploria199998,0.172987733909872
Pseudodiploria199999,0.118850918854799
Pseudodiploria200000,-0.0820725810678867
Pseudodiploria200001,-0.292263538217817
Pseudodiploria200002,-0.596505737186163
Pseudodiploria200003,-0.0938946399639333
Pseudodiploria200005,0.543879952326493
Pseudodiploria200006,-0.225357404431895
Pseudodiploria200007,-0.322761956014054
Pseudodiploria200008,0.286358909816408
Pseudodiploria200010,-1.07006813356304
Pseudodiploria200011,-0.00718549524155921
Pseudodiploria200012,0.0458673954513135
Pseudodiploria200013,0.21037468247819
Pseudodiploria200016,0.666946703802192
Pseudodiploria200017,0.0581618939564259
Pseudodiploria200018,-0.223211506204419
Pseudodiploria200019,-0.345127431535482
Pseudodiploria200020,-0.115020117705877
Pseudodiploria200021,0.203299298848928
Pseudodiploria200022,-0.258744013759963
Pseudodiploria200023,1.1973229925805
Pseudodiploria200024,0.454870484474702
Pseudodiploria200025,-0.0107722155702061
Pseudodiploria200026,-0.157158607888471
Pseudodiploria200027,-0.251463612485323
Pseudodiploria200028,-0.00303080871633924
Pseudodiploria200031,0.0679401827436054
Pseudodiploria200032,0.135958461825801
Pseudodiploria200033,0.033780473607803
Pseudodiploria200037,-0.0455640718812366
Pseudodiploria200039,-0.194056063735324
Pseudodiploria200042,-0.125083678760384
Pseudodiploria200044,0.43975758404698
Pseudodiploria200046,-0.0838628546125019
Pseudodiploria200047,-0.22446584729621
Pseudodiploria200048,0.0997803970853254
Pseudodiploria200049,0.484110838518783
Pseudodiploria200053,0.283123841073691
Pseudodiploria200055,0.146872460778096
Pseudodiploria200057,-0.46295827686154
Pseudodiploria200058,0.150046941697974
Pseudodiploria200060,-0.47466165766814
Pseudodiploria200061,0.392039117156746
Pseudodiploria200062,-0.175099242747405
Pseudodiploria200065,0.274918799071234
Pseudodiploria200066,-0.297356901574079
Pseudodiploria200068,0.0786242223857848
Pseudodiploria200070,-0.255566586546783
Pseudodiploria200071,0.202992903777496
Pseudodiploria200073,-0.37150484699943
Pseudodiploria200074,0.231880387828978
Pseudodiploria200078,0.230422927927084
Pseudodiploria200079,-0.369743381846705
Pseudodiploria200083,0.10941814113438
Pseudodiploria200086,-0.0397560089999763
Pseudodiploria200088,-0.12415968260832
Pseudodiploria200089,-0.201693088747284
Pseudodiploria200090,0.0165065750470315
Pseudodiploria200091,0.922272471774619
Pseudodiploria200092,-0.182952851111325
Pseudodiploria200094,0.931474843201622
Pseudodiploria200095,-0.0323401305634864
Pseudodiploria200096,0.847406858573052
Pseudodiploria200097,0.292561436388246
Pseudodiploria200099,-0.122955937800384
Pseudodiploria200100,-0.174869852649104
Pseudodiploria200101,-0.588942145462315
Pseudodiploria200102,-0.0737512507211769
Pseudodiploria200103,-0.61253615232264
Pseudodiploria200104,0.298918495745707
Pseudodiploria200105,-1.00616155845669
Pseudodiploria200107,0.503722921114291
Pseudodiploria200108,-0.210156145261349
Pseudodiploria200110,-0.52794659574744
Pseudodiploria200111,0.938625250764805
Pseudodiploria200112,0.00409798638818009
Pseudodiploria200113,0.338196333670472
Pseudodiploria200116,0.917174146281104
Pseudodiploria200117,-1.06334787129952
Pseudodiploria200118,0.263484886470344
Pseudodiploria200121,0.752419991966754
Pseudodiploria200122,-0.149432471700954
Pseudodiploria200123,-0.221800216529627
Pseudodiploria200125,-0.389795448459859
Pseudodiploria200126,-0.260468994531625
Pseudodiploria200128,0.439647080303303
Pseudodiploria200129,-0.856004625528566
Pseudodiploria200130,-1.51441179238567
Pseudodiploria200131,0.908896422344768
Pseudodiploria200133,0.874719540230644
Pseudodiploria200136,-0.740445866805738
Pseudodiploria200137,-0.0636544148860403
Pseudodiploria200138,0.148212284161503
Pseudodiploria200139,-0.0782855553762396
Pseudodiploria200140,0.13281746172078
Pseudodiploria200141,-0.616795117852105
Pseudodiploria200143,-0.0155809779323631
Pseudodiploria200144,-0.0150308353741968
Pseudodiploria200145,0.181896658843085
Pseudodiploria200147,0.0168707793502007
Pseudodiploria200148,-0.863343359222941
Pseudodiploria200149,0.302462208180185
Pseudodiploria200150,-0.0537021823027846
Pseudodiploria200153,-0.807208280206695
Pseudodiploria200154,-0.541297770115117
Pseudodiploria200156,0.246791324409378
Pseudodiploria200157,-0.182408666886192
Pseudodiploria200158,-0.0889830394015839
Pseudodiploria200160,0.247389216027425
Pseudodiploria200163,-0.226224434083245
Pseudodiploria200164,-0.0733819991969081
Pseudodiploria200167,-1.26555955791774
Pseudodiploria200168,-0.104841177180424
Pseudodiploria200169,0.283086826473257
Pseudodiploria200172,-1.03729859776434
Pseudodiploria200173,0.382730548216768
Pseudodiploria200175,0.14357087239388
Pseudodiploria200176,0.104719735880552
Pseudodiploria200177,0.401753047649629
Pseudodiploria200178,0.0588217461934106
Pseudodiploria200179,0.100460211307451
Pseudodiploria200181,-1.60737819604953
Pseudodiploria200182,0.010272189313082
Pseudodiploria200185,-0.0735709208147906
Pseudodiploria200188,0.00588883488574244
Pseudodiploria200192,-0.423797409775535
Pseudodiploria200196,-0.438361525472089
Pseudodiploria200197,0.0746568342773264
Pseudodiploria200198,0.487159860552698
Pseudodiploria200199,-0.133112442683264
Pseudodiploria200200,-0.617124087170501
Pseudodiploria200202,-0.096690802652548
Pseudodiploria200203,0.846309576455465
Pseudodiploria200204,-0.448383385178452
Pseudodiploria200206,-0.00937661549351791
Pseudodiploria200207,0.154046876129547
Pseudodiploria200208,0.133261761407567
Pseudodiploria200209,0.376876234149001
Pseudodiploria200210,-0.165030341840119
Pseudodiploria200211,-0.0820509851136042
Pseudodiploria200212,0.371537631831282
Pseudodiploria200216,0.00676299750309653
Pseudodiploria200217,0.12311612140572
Pseudodiploria200218,-1.15945728815108
Pseudodiploria200219,0.423570127029429
Pseudodiploria200220,1.03334270062049
Pseudodiploria200221,-0.237975656377927
Pseudodiploria200223,0.349821920663316
Pseudodiploria200224,-0.417179071617017
Pseudodiploria200226,0.246660133725068
Pseudodiploria200227,-0.206579333987138
Pseudodiploria200230,-0.162612480308151
Pseudodiploria200231,-0.47103556839813
Pseudodiploria200232,-0.659237576651527
Pseudodiploria200233,-0.407978485681956
Pseudodiploria200234,0.108272887094937
Pseudodiploria200235,0.0738210405807545
Pseudodiploria200236,0.370301608503303
Pseudodiploria200237,-0.43978371775179
Pseudodiploria200238,-0.678761186108588
Pseudodiploria200240,-1.20003711940816
Pseudodiploria200241,0.27584420091904
Pseudodiploria200242,0.056667153561852
Pseudodiploria200244,-0.655776697772597
Pseudodiploria200246,1.24966143672102
Pseudodiploria200248,0.437129769831442
Pseudodiploria200250,-0.882739399966023
Pseudodiploria200251,-0.543609353074701
Pseudodiploria200253,0.205988584495632
Pseudodiploria200254,0.0370388554423281
Pseudodiploria200255,-0.064602645771817
Pseudodiploria200257,0.448491306429409
Pseudodiploria200258,-0.300698968720789
Pseudodiploria200260,-0.179913584548033
Pseudodiploria200262,-0.596998656188798
Pseudodiploria200263,-0.204361207481857
Pseudodiploria200264,0.508186325635671
Pseudodiploria200265,-0.375634212223861
Pseudodiploria200266,0.0123542352684916
Pseudodiploria200269,0.091472714704011
Pseudodiploria200270,-0.127854468779582
Pseudodiploria200271,-0.375912524336914
Pseudodiploria200272,-0.848583132602769
Pseudodiploria200273,-0.169432787575906
Pseudodiploria200274,-0.59073678993677
Pseudodiploria200277,-0.0649325420509024
Pseudodiploria200280,0.19064246669834
Pseudodiploria200282,0.136636784901546
Pseudodiploria200284,-0.134767802245346
Pseudodiploria200286,0.344628820664431
Pseudodiploria200287,-1.31606252977434
Pseudodiploria200290,1.30766535084624
Pseudodiploria200292,0.371193428673031
Pseudodiploria200293,-0.197965721541683
Pseudodiploria200295,0.0250220768396998
Pseudodiploria200296,0.0105006911505861
Pseudodiploria200297,-0.122709764596402
Pseudodiploria200299,0.586550766021366
Pseudodiploria200300,-0.177123426717622
Pseudodiploria200301,-0.194934700176486
Pseudodiploria200302,-0.27407284220323
Pseudodiploria200306,0.229572441422814
Pseudodiploria200308,-0.358268305634108
Pseudodiploria200309,0.622596863123643
Pseudodiploria200310,0.571247711512595
Pseudodiploria200311,0.313248317828202
Pseudodiploria200314,0.000737580849269739
Pseudodiploria200317,0.0418618195638544
Pseudodiploria200318,-0.502111617474188
Pseudodiploria200319,-0.617902867848851
Pseudodiploria200321,0.133624839937503
Pseudodiploria200322,0.00686084880919809
Pseudodiploria200323,0.36289165727573
Pseudodiploria200325,0.120670615419577
Pseudodiploria200326,0.285309146334069
Pseudodiploria200327,0.209972587174866
Pseudodiploria200329,0.193353663571121
Pseudodiploria200330,-0.0292573640654835
Pseudodiploria200331,0.0252849893014162
Pseudodiploria200333,-0.0155008053318481
Pseudodiploria200334,-0.0823779504660966
Pseudodiploria200335,0.306315630483068
Pseudodiploria200336,-0.997638056585122
Pseudodiploria200340,1.48046648478663
Pseudodiploria200341,-0.352038861058409
Pseudodiploria200343,0.34846921596515
Pseudodiploria200344,0.432749749400775
Pseudodiploria200346,-0.311136195632787
Pseudodiploria200347,0.0787617309797896
Pseudodiploria200348,-0.356798484730474
Pseudodiploria200350,-0.123145612867398
Pseudodiploria200351,-0.413068089977522
Pseudodiploria200353,-0.043884851666017
Pseudodiploria200355,0.0698783723003039
Pseudodiploria200359,0.336874804332262
Pseudodiploria200361,-0.252405044461738
Pseudodiploria200362,0.287389058500422
Pseudodiploria200363,-0.0631666218973548
Pseudodiploria200364,0.122334892854469
Pseudodiploria200365,-0.101297796437881
Pseudodiploria200366,-0.455753087390934
Pseudodiploria200367,-1.69160408185312
Pseudodiploria200368,-2.02875562284014
Pseudodiploria200373,0.323679733559106
Pseudodiploria200375,-0.0424426835147888
Pseudodiploria200376,0.128595298646348
Pseudodiploria200378,-0.139326338482285
Pseudodiploria200379,0.223084651294509
Pseudodiploria200380,-0.0743014488850758
Pseudodiploria200381,-0.0648023102041531
Pseudodiploria200382,0.093229658742846
Pseudodiploria200383,0.510368771220909
Pseudodiploria200384,-0.994080563998362
Pseudodiploria200386,-0.179199047232015
Pseudodiploria200388,-0.355280863562764
Pseudodiploria200389,-0.891284907791794
Pseudodiploria200391,0.15328518612899
Pseudodiploria200392,-0.17821521266347
Pseudodiploria200393,-0.484106116452961
Pseudodiploria200394,0.395665768025341
Pseudodiploria200399,0.485200861831203
Pseudodiploria200400,-0.499774635538836
Pseudodiploria200401,0.598929948851545
Pseudodiploria200402,-0.127957179872533
Pseudodiploria200403,0.539333238149525
Pseudodiploria200404,-1.09541274623635
Pseudodiploria200405,-0.115315730151876
Pseudodiploria200406,0.584774721476347
Pseudodiploria200407,-0.383965362042493
Pseudodiploria200412,0.0249567727874447
Pseudodiploria200415,-0.294023190107861
Pseudodiploria200417,-0.223363850526912
Pseudodiploria200418,-0.571349573037423
Pseudodiploria200419,1.09918557056561
Pseudodiploria200420,0.127739405569722
Pseudodiploria200421,0.379797601891715
Pseudodiploria200422,0.400086140833231
Pseudodiploria200423,0.135150317237165
Pseudodiploria200424,0.198484666973942
Pseudodiploria200425,-0.411479308426171
Pseudodiploria200427,0.170267722097494
Pseudodiploria200428,-0.299385173582905
Pseudodiploria200429,-0.741181844505596
Pseudodiploria200432,0.447225306863766
Pseudodiploria200433,1.44170488347113
Pseudodiploria200434,-0.324367596715296
Pseudodiploria200435,0.229553914534851
Pseudodiploria200439,0.629125513502489
Pseudodiploria200440,-0.234601553696286
Pseudodiploria200441,-0.190332392714819
Pseudodiploria200442,-1.68773121736701
Pseudodiploria200443,0.409722324020393
Pseudodiploria200444,0.0197502457216684
Pseudodiploria200445,0.312311683715606
Pseudodiploria200446,-0.149425835330392
Pseudodiploria200447,-0.187847004153206
Pseudodiploria200448,-0.319814075497463
Pseudodiploria200449,0.0353182711059518
Pseudodiploria200450,0.714982815191462
Pseudodiploria200452,-0.275105276999945
Pseudodiploria200453,0.231167537682531
Pseudodiploria200458,-0.421171019475246
Pseudodiploria200460,1.07972273322932
Pseudodiploria200461,-0.250438866453986
Pseudodiploria200462,0.677342867944426
Pseudodiploria200468,0.351909018999964
Pseudodiploria200469,-0.142844706175198
Pseudodiploria200470,-0.2009628638312
Pseudodiploria200471,0.176843383097775
Pseudodiploria200473,0.707803927928097
Pseudodiploria200475,0.0127345059682895
Pseudodiploria200476,-0.207957104738293
Pseudodiploria200478,-0.0374337818954075
Pseudodiploria200479,-0.17665747577923
Pseudodiploria200480,0.399710631772643
Pseudodiploria200481,0.283921135350589
Pseudodiploria200485,-0.354270956087213
Pseudodiploria200486,-0.474173309642143
Pseudodiploria200487,0.317846460927963
Pseudodiploria200488,0.0843081827948963
Pseudodiploria200489,-0.207303031399792
Pseudodiploria200491,0.176731918913178
Pseudodiploria200493,1.15077419770139
Pseudodiploria200494,-0.232988884206737
Pseudodiploria200495,0.0847059781303257
Pseudodiploria200497,0.0968531860679097
Pseudodiploria200498,0.0866273787852722
Pseudodiploria200499,-0.302794421589355
Pseudodiploria200500,-0.164993789896991
Pseudodiploria200501,0.812760246713865
Pseudodiploria200503,-0.553672867223882
Pseudodiploria200504,0.56762652312044
Pseudodiploria200506,0.0960914562187914
Pseudodiploria200507,1.17181061165541
Pseudodiploria200509,0.41601968131143
Pseudodiploria200510,0.128833893350543
Pseudodiploria200513,-1.21321658658517
Pseudodiploria200514,-0.762966290399226
Pseudodiploria200516,0.46864193042199
Pseudodiploria200518,-0.404440047836747
Pseudodiploria200519,0.172249966900582
Pseudodiploria200520,0.57430091802616
Pseudodiploria200522,-1.26431780625135
Pseudodiploria200523,0.751541487175805
Pseudodiploria200524,-0.0964511832903769
Pseudodiploria200525,-0.0476464100249913
Pseudodiploria200527,-0.0242138111480745
Pseudodiploria200528,0.409621215288841
Pseudodiploria200529,-0.431553256707114
Pseudodiploria200532,-0.0346529652846794
Pseudodiploria200533,-0.148532177096962
Pseudodiploria200534,0.477541208122477
Pseudodiploria200536,-0.23579374814597
Pseudodiploria200537,0.0445718603417492
Pseudodiploria200538,-0.379942284023146
Pseudodiploria200539,0.373917421587907
Pseudodiploria200540,-0.073825372080276
Pseudodiploria200543,0.336232792363754
Pseudodiploria200545,0.0260468365420233
Pseudodiploria200546,-0.584029035796686
Pseudodiploria200547,0.0789421125207817
Pseudodiploria200549,-0.293894039781448
Pseudodiploria200550,0.66423006208977
Pseudodiploria200551,0.200344841521496
Pseudodiploria200552,-0.257696365824318
Pseudodiploria200555,0.0497902404948557
Pseudodiploria200556,-1.54358554927248
Pseudodiploria200557,-0.143199187239341
Pseudodiploria200560,-0.178061347005069
Pseudodiploria200561,0.0441842084745239
Pseudodiploria200562,-0.445751336871583
Pseudodiploria200563,-1.07997093218541
Pseudodiploria200565,0.359108081437531
Pseudodiploria200567,-0.154039394663051
Pseudodiploria200568,0.0827084422509081
Pseudodiploria200570,-0.210292443427669
Pseudodiploria200571,0.519400432909337
Pseudodiploria200572,-0.0869390178597924
Pseudodiploria200573,0.14714445549545
Pseudodiploria200575,-0.362415936011086
Pseudodiploria200576,-0.279571490831184
Pseudodiploria200577,-0.111136700612294
Pseudodiploria200578,-0.510837848023519
Pseudodiploria200579,-0.106639596705878
Pseudodiploria200582,0.226794786218289
Pseudodiploria200583,-0.921713589058942
Pseudodiploria200584,0.513911428893612
Pseudodiploria200586,-0.107791925593283
Pseudodiploria200587,0.398464096426386
Pseudodiploria200588,0.0508206160122404
Pseudodiploria200589,-0.0156710407073768
Pseudodiploria200590,0.133139301925645
Pseudodiploria200591,0.227512477305537
Pseudodiploria200592,-0.666390737606248
Pseudodiploria200593,1.35229881649716
Pseudodiploria200594,0.302760086884555
Pseudodiploria200595,0.436982959553192
Pseudodiploria200597,-0.194063792044364
Pseudodiploria200598,-0.0803403697218133
Pseudodiploria200600,0.492207946823613
Pseudodiploria200603,0.604514781626504
Pseudodiploria200605,-0.259252508692101
Pseudodiploria200608,-0.170164944525818
Pseudodiploria200609,0.090610518341113
Pseudodiploria200610,0.741611980929233
Pseudodiploria200611,0.0150721931122057
Pseudodiploria200612,-0.0454228927977818
Pseudodiploria200613,0.799493669734348
Pseudodiploria200614,-0.163390153665588
Pseudodiploria200615,0.128256477245538
Pseudodiploria200618,0.221981723465741
Pseudodiploria200621,-0.162281884944129
Pseudodiploria200622,0.382500984681012
Pseudodiploria200627,-0.988570288947478
Pseudodiploria200628,-0.839627635459711
Pseudodiploria200629,0.237655643288836
Pseudodiploria200630,-0.206061504466802
Pseudodiploria200631,-0.637758295635001
Pseudodiploria200632,0.326104026647751
Pseudodiploria200633,0.515802368369572
Pseudodiploria200634,0.290766270762037
Pseudodiploria200639,-0.253724135616729
Pseudodiploria200640,-0.346096759436049
Pseudodiploria200641,-1.26987104752055
Pseudodiploria200643,0.0696412030002047
Pseudodiploria200646,-0.165733293709962
Pseudodiploria200647,-0.835418982854488
Pseudodiploria200648,-0.22460910758801
Pseudodiploria200649,-0.689525123930424
Pseudodiploria200652,0.0840992746062513
Pseudodiploria200653,-0.0847907886485046
Pseudodiploria200656,-0.0720456061749725
Pseudodiploria200657,0.500527164766876
Pseudodiploria200658,0.504427963151945
Pseudodiploria200659,0.458096544420997
Pseudodiploria200660,0.289833247261648
Pseudodiploria200661,-0.826958308167045
Pseudodiploria200662,0.529439090148128
Pseudodiploria200663,-0.230007016724101
Pseudodiploria200665,0.0724477669375699
Pseudodiploria200666,-0.0878972377814307
Pseudodiploria200667,-0.106283449500568
Pseudodiploria200668,-0.176558448166778
Pseudodiploria200669,0.197530590608046
Pseudodiploria200670,-0.885750873224737
Pseudodiploria200671,0.127617316403954
Pseudodiploria200673,0.552202457688037
Pseudodiploria200674,0.614776764774687
Pseudodiploria200675,1.40120485629533
Pseudodiploria200676,-0.00720797796231736
Pseudodiploria200678,-0.432311191893653
Pseudodiploria200679,-0.283443098585556
Pseudodiploria200680,-0.260546705343249
Pseudodiploria200681,-0.926510798021066
Pseudodiploria200682,-0.050645011023223
Pseudodiploria200686,0.299272309390871
Pseudodiploria200690,-0.258271090351055
Pseudodiploria200692,-0.146851352715395
Pseudodiploria200693,-0.00311160753772738
Pseudodiploria200694,-0.209707331526102
Pseudodiploria200697,-0.194358788957098
Pseudodiploria200699,0.434414725282834
Pseudodiploria200700,1.10170549272606
Pseudodiploria200701,0.250014479776881
Pseudodiploria200704,0.196278119814529
Pseudodiploria200705,-0.22490945624978
Pseudodiploria200707,0.0507049672650167
Pseudodiploria200708,-0.58537191741901
Pseudodiploria200711,-0.118714663016652
Pseudodiploria200712,0.291944404985563
Pseudodiploria200713,-0.0260145398804513
Pseudodiploria200714,1.76514896186257
Pseudodiploria200716,0.342404676033087
Pseudodiploria200717,0.271480809222311
Pseudodiploria200718,0.223951885488179
Pseudodiploria200719,0.544325265788615
Pseudodiploria200721,0.288291629843291
Pseudodiploria200722,0.253360909472654
Pseudodiploria200723,-0.537292697239164
Pseudodiploria200724,-0.245648322927406
Pseudodiploria200725,0.318993046464013
Pseudodiploria200726,0.0348992911403865
Pseudodiploria200729,-1.00114968788805
Pseudodiploria200730,0.366715058181734
Pseudodiploria200731,0.0466275035689248
Pseudodiploria200732,-0.375870925481149
Pseudodiploria200733,-0.258407470017161
Pseudodiploria200734,0.141827019771434
Pseudodiploria200735,0.605480257089814
Pseudodiploria200736,0.720559010895359
Pseudodiploria200739,0.0208960165248347
Pseudodiploria200743,-0.119378124527492
Pseudodiploria200744,-0.135304060517826
Pseudodiploria200745,0.179937290862306
Pseudodiploria200746,0.389089853492637
Pseudodiploria200747,-0.379124818860338
Pseudodiploria200748,0.252231588006179
Pseudodiploria200752,-0.747864405726801
Pseudodiploria200754,0.106922467624075
Pseudodiploria200755,-0.445367647097211
Pseudodiploria200757,-0.0139541381321732
Pseudodiploria200759,-1.03239299669556
Pseudodiploria200760,-0.367618037844796
Pseudodiploria200761,-0.0110985314744714
Pseudodiploria200762,-0.830921787512588
Pseudodiploria200763,0.353143984070625
Pseudodiploria200764,0.394893667586421
Pseudodiploria200765,0.249566043797058
Pseudodiploria200770,0.143410091120407
Pseudodiploria200771,0.0510692811430862
Pseudodiploria200772,0.534905250755279
Pseudodiploria200773,0.215749295170588
Pseudodiploria200775,-0.0104912904302469
Pseudodiploria200776,-0.0524130643848724
Pseudodiploria200777,-0.103126692460103
Pseudodiploria200779,0.165733142369017
Pseudodiploria200781,-0.459086938673104
Pseudodiploria200783,0.799208358417314
Pseudodiploria200784,-0.532598386645381
Pseudodiploria200785,0.216248660508474
Pseudodiploria200787,-0.0122469261543332
Pseudodiploria200788,-0.907098931850451
Pseudodiploria200789,-0.199654767613358
Pseudodiploria200790,0.199069546761608
Pseudodiploria200791,0.0503942380276008
Pseudodiploria200792,0.179528037591669
Pseudodiploria200793,0.379534972991285
Pseudodiploria200795,0.0892253156579994
Pseudodiploria200797,-0.296969665551965
Pseudodiploria200800,-0.660763847791639
Pseudodiploria200801,-0.220669625634729
Pseudodiploria200802,-0.00182340813746351
Pseudodiploria200804,-0.182823759419558
Pseudodiploria200805,-0.116538243579388
Pseudodiploria200806,0.197682941412994
Pseudodiploria200808,0.732176459235514
Pseudodiploria200809,0.259211490502821
Pseudodiploria200810,0.0988360758055462
Pseudodiploria200812,-0.525547480434615
Pseudodiploria200813,1.30213954919724
Pseudodiploria200814,-0.156290929594396
Pseudodiploria200815,0.160284643070876
Pseudodiploria200816,0.0484196656794931
Pseudodiploria200817,-0.231739062425503
Pseudodiploria200818,-0.0223883575386199
Pseudodiploria200819,-0.0471062314175495
Pseudodiploria200820,0.0717838442073992
Pseudodiploria200821,-0.105491903474527
Pseudodiploria200823,-0.15827854935207
Pseudodiploria200824,-0.103682510348432
Pseudodiploria200827,-0.428165786624223
Pseudodiploria200828,1.24585135452791
Pseudodiploria200829,-0.19706768195607
Pseudodiploria200830,-0.431519248843892
Pseudodiploria200832,-0.107710179200407
Pseudodiploria200834,-0.119089326912158
Pseudodiploria200836,0.323290966798689
Pseudodiploria200837,-0.0237179417660098
Pseudodiploria200838,0.0453725478438055
Pseudodiploria200840,-0.381998383892657
Pseudodiploria200845,0.657869856330678
Pseudodiploria200846,0.274746016695929
Pseudodiploria200847,-0.246384619912323
Pseudodiploria200851,-0.225023762389782
Pseudodiploria200852,-0.166249908636193
Pseudodiploria200854,0.498793750227705
Pseudodiploria200856,-0.0706730575157737
Pseudodiploria200857,-0.334701218261136
Pseudodiploria200858,-0.452277403272373
Pseudodiploria200859,-0.451455438478038
Pseudodiploria200860,-0.138813928447977
Pseudodiploria200861,-0.122347466070114
Pseudodiploria200862,0.152050069256356
Pseudodiploria200863,-0.301914439153295
Pseudodiploria200864,0.563119245802031
Pseudodiploria200865,-0.715652296339571
Pseudodiploria200866,-0.222136984104913
Pseudodiploria200868,0.199922388219485
Pseudodiploria200869,0.288991600147387
Pseudodiploria200870,0.713211788377213
Pseudodiploria200871,-0.282957496574849
Pseudodiploria200872,-0.112235289843014
Pseudodiploria200873,0.203425534970766
Pseudodiploria200874,-0.0777225120083074
Pseudodiploria200876,0.15087147555521
Pseudodiploria200877,-0.475505220388761
Pseudodiploria200879,-0.996420124022333
Pseudodiploria200880,0.330418901976718
Pseudodiploria200883,-0.281962531250827
Pseudodiploria200884,-0.224205108768413
Pseudodiploria200885,0.148894892020765
Pseudodiploria200887,0.299425133056186
Pseudodiploria200888,-0.0633189073690748
Pseudodiploria200889,1.23389733777568
Pseudodiploria200890,-0.172582772715999
Pseudodiploria200891,-0.56237494996657
Pseudodiploria200892,-0.0122750469647322
Pseudodiploria200893,-0.183336727744563
Pseudodiploria200894,0.336692051826886
Pseudodiploria200895,-0.0900382608353787
Pseudodiploria200896,0.212701420690118
Pseudodiploria200897,0.0230062445763082
Pseudodiploria200898,-0.0186966275584318
Pseudodiploria200899,-0.0683574998568863
Pseudodiploria200900,0.335818958553048
Pseudodiploria200903,-0.185633730485844
Pseudodiploria200904,0.224264593953838
Pseudodiploria200905,-0.146992890463238
Pseudodiploria200906,-0.185042544609418
Pseudodiploria200908,0.870715463850214
Pseudodiploria200909,0.214092824862385
Pseudodiploria200910,-0.108849960934551
Pseudodiploria200911,-0.464984741172861
Pseudodiploria200912,0.122482645533423
Pseudodiploria200913,-0.590370158030515
Pseudodiploria200914,0.189530584242965
Pseudodiploria200915,-0.280706601671386
Pseudodiploria200917,-0.846729143485902
Pseudodiploria200918,0.068506474046077
Pseudodiploria200919,0.37287236428031
Pseudodiploria200920,0.0724813645304382
Pseudodiploria200921,0.26447026720707
Pseudodiploria200922,-0.252552454615623
Pseudodiploria200923,-1.71863455438675
Pseudodiploria200925,-0.185625769420462
Pseudodiploria200927,-0.373977002800923
Pseudodiploria200928,1.36114790259946
Pseudodiploria200929,0.227378901356979
Pseudodiploria200932,-0.0198132125024073
Pseudodiploria200933,-0.339934768397767
Pseudodiploria200934,0.0788106750588371
Pseudodiploria200936,-0.213718382150644
Pseudodiploria200937,0.0376454153377359
Pseudodiploria200940,0.0270754040279001
Pseudodiploria200942,-0.199871627079976
Pseudodiploria200943,0.398454824965163
Pseudodiploria200944,0.223385694404934
Pseudodiploria200945,0.415360040993757
Pseudodiploria200946,-0.255071578681619
Pseudodiploria200948,0.278778826497107
Pseudodiploria200949,-0.252427007574017
Pseudodiploria200950,-0.0778390026816983
Pseudodiploria200954,0.280081719439173
Pseudodiploria200955,0.10339352498824
Pseudodiploria200957,1.19561828042368
Pseudodiploria200958,-0.124303233829656
Pseudodiploria200959,-0.415417788097654
Pseudodiploria200960,-0.513649575093769
Pseudodiploria200961,0.10424032105356
Pseudodiploria200963,0.198483866644568
Pseudodiploria200964,1.06623381453454
Pseudodiploria200965,-0.401434659530007
Pseudodiploria200966,-0.224287247631117
Pseudodiploria200967,1.20746750735274
Pseudodiploria200970,0.126973819100034
Pseudodiploria200971,1.33186856871707
Pseudodiploria200972,-0.463206396987164
Pseudodiploria200973,-0.134372308793828
Pseudodiploria200975,-0.29584120376153
Pseudodiploria200977,-0.309995222633614
Pseudodiploria200978,0.00634407580271481
Pseudodiploria200980,0.0799418340358022
Pseudodiploria200981,-0.782032755779377
Pseudodiploria200982,0.240949160203553
Pseudodiploria200984,0.187006948239856
Pseudodiploria200985,0.142388432960089
Pseudodiploria200986,0.0675949421682189
Pseudodiploria200987,-0.107323396394255
Pseudodiploria200988,0.107080898399817
Pseudodiploria200989,0.231376673448377
Pseudodiploria200990,0.516916914132914
Pseudodiploria200993,1.06697271115158
Pseudodiploria200994,-0.449646317661549
Pseudodiploria200997,0.831300652348375
Pseudodiploria201000,-0.556249555178809
Pseudodiploria201002,-0.085352622357091
Pseudodiploria201003,-0.143469853214681
Pseudodiploria201004,-0.843664013649479
Pseudodiploria201007,-0.259814155380122
Pseudodiploria201008,-0.579871215411815
Pseudodiploria201009,0.0898797950551195
Pseudodiploria201013,1.12297778198852
Pseudodiploria201014,0.167124941124727
Pseudodiploria201015,0.126397416641323
Pseudodiploria201017,0.039533545502173
Pseudodiploria201020,0.170366010870886
Pseudodiploria201021,0.16894007547873
Pseudodiploria201022,0.0756034510896027
Pseudodiploria201025,0.778206373529695
Pseudodiploria201026,-1.26289136921648
Pseudodiploria201027,-1.43278662327264
Pseudodiploria201030,0.195841608817341
Pseudodiploria201032,-1.23709925416532
Pseudodiploria201033,1.46420432296594
Pseudodiploria201034,-0.0794785090325159
Pseudodiploria201037,-0.0960614683179658
Pseudodiploria201038,0.543241408654764
Pseudodiploria201042,0.606033698735484
Pseudodiploria201043,-0.907166242616346
Pseudodiploria201044,-0.0340325308277652
Pseudodiploria201045,0.121464994584683
Pseudodiploria201046,0.729895248148753
Pseudodiploria201047,-0.873923674921628
Pseudodiploria201049,-0.186268552032884
Pseudodiploria201052,-0.248005522930433
Pseudodiploria201053,-0.0170755852086827
Pseudodiploria201054,0.00135050668979476
Pseudodiploria201055,-0.443649829864248
Pseudodiploria201058,-0.755060375568545
Pseudodiploria201059,-0.481847255098206
Pseudodiploria201060,-0.194302923708075
Pseudodiploria201061,-0.0796179131962222
Pseudodiploria201062,-0.0890537838635825
Pseudodiploria201063,0.093208767663219
Pseudodiploria201066,-1.00920499397351
Pseudodiploria201067,-0.851788285913965
Pseudodiploria201069,0.0457515636809816
Pseudodiploria201072,0.0161239405244555
Pseudodiploria201073,0.162777998576339
Pseudodiploria201077,-0.108649253888491
Pseudodiploria201079,0.282015149389788
Pseudodiploria201080,-0.462163511844502
Pseudodiploria201081,0.48046779637157
Pseudodiploria201084,-0.892903442977888
Pseudodiploria201085,-0.23123058151136
Pseudodiploria201086,-0.490613913131573
Pseudodiploria201088,-0.0444758513654667
Pseudodiploria201089,-0.126685934628366
Pseudodiploria201091,-0.143878880145065
Pseudodiploria201092,-0.172144045238988
Pseudodiploria201093,-0.0902560034347939
Pseudodiploria201096,0.553248692639922
Pseudodiploria201099,-0.399102668575798
Pseudodiploria201100,0.263667388120187
Pseudodiploria201101,0.485774073137922
Pseudodiploria201102,0.21798117292752
Pseudodiploria201103,-0.275971926126203
Pseudodiploria201104,0.755060400075829
Pseudodiploria201105,0.132456744025285
Pseudodiploria201107,0.579301502159852
Pseudodiploria201108,-0.609294134198266
Pseudodiploria201109,-0.316339462995417
Pseudodiploria201110,-0.217164293921107
Pseudodiploria201111,-0.177612665136486
Pseudodiploria201113,-0.317655384105966
Pseudodiploria201114,-0.0494697432539291
Pseudodiploria201115,-0.0869888387547695
Pseudodiploria201116,-0.557209524751927
Pseudodiploria201117,0.784432799524435
Pseudodiploria201118,0.0319026602703784
Pseudodiploria201119,0.414235339089311
Pseudodiploria201120,0.0552847452034784
Pseudodiploria201121,0.056289103591516
Pseudodiploria201122,-0.115443644954201
Pseudodiploria201123,1.23778457432791
Pseudodiploria201124,0.338549596308348
Pseudodiploria201125,-1.65120487789151
Pseudodiploria201126,0.219989926135789
Pseudodiploria201127,0.107150991040333
Pseudodiploria201128,0.443427867912463
Pseudodiploria201129,-0.024706540673882
Pseudodiploria201131,-0.246482452448544
Pseudodiploria201132,-0.227545247631365
Pseudodiploria201134,0.00273579817024488
Pseudodiploria201135,-0.660150936350747
Pseudodiploria201136,-0.97176277497796
Pseudodiploria201137,0.0870950501600859
Pseudodiploria201138,-0.336206751157608
Pseudodiploria201140,-0.333713814688152
Pseudodiploria201141,-1.26164187572818
Pseudodiploria201142,0.0106567478657821
Pseudodiploria201143,0.507748348951856
Pseudodiploria201144,-0.180693980198997
Pseudodiploria201145,0.328338861063224
Pseudodiploria201147,-0.226871959237718
Pseudodiploria201148,1.09820585971176
Pseudodiploria201149,-0.0106854661772049
Pseudodiploria201150,-0.0987033631879547
Pseudodiploria201151,-0.420077613009114
Pseudodiploria201152,-0.958148781299018
Pseudodiploria201156,-0.0901462081682666
Pseudodiploria201157,1.08629341014377
Pseudodiploria201158,0.0132639465342815
Pseudodiploria201159,-0.159093119672193
Pseudodiploria201160,0.365511925806952
Pseudodiploria201161,0.193522514885005
Pseudodiploria201162,-1.16211186651774
Pseudodiploria201163,-1.0702661557605
Pseudodiploria201165,0.214086440263521
Pseudodiploria201166,0.144896630091445
Pseudodiploria201168,-0.456467248607584
Pseudodiploria201169,-0.379964750374379
Pseudodiploria201171,-0.0856411430525932
Pseudodiploria201172,-0.407980342362775
Pseudodiploria201173,-0.518099923579281
Pseudodiploria201174,-0.247327253410975
Pseudodiploria201175,-0.0654986568431137
Pseudodiploria201176,0.0336864850576513
Pseudodiploria201178,0.318094058650281
Pseudodiploria201180,0.15112141292747
Pseudodiploria201181,0.345659788082068
Pseudodiploria201182,-0.237098883883875
Pseudodiploria201183,-0.202766666115591
Pseudodiploria201184,-1.19363502052371
Pseudodiploria201186,-0.310147298623962
Pseudodiploria201187,0.0631190852425327
Pseudodiploria201188,0.145947355388585
Pseudodiploria201190,-0.0768280609176851
Pseudodiploria201191,1.19657605252476
Pseudodiploria201192,-0.170465067197792
Pseudodiploria201193,0.378909552455268
Pseudodiploria201194,0.450972758756921
Pseudodiploria201195,0.0473546836928211
Pseudodiploria201197,0.461675276069536
Pseudodiploria201198,-0.106335460506145
Pseudodiploria201199,-0.0446726927978877
Pseudodiploria201200,0.237498588518707
Pseudodiploria201202,-0.0303103955536301
Pseudodiploria201203,0.160935639262579
Pseudodiploria201204,0.175823852715412
Pseudodiploria201205,-0.0585599266070811
Pseudodiploria201206,-0.106001518296012
Pseudodiploria201207,0.378078677643259
Pseudodiploria201208,-0.0608402291059374
Pseudodiploria201210,-0.333505276923583
Pseudodiploria201212,0.212657832957091
Pseudodiploria201214,0.278945412865131
Pseudodiploria201216,-0.329582738494077
Pseudodiploria201218,0.450855916878348
Pseudodiploria201219,-0.0890175549515378
Pseudodiploria201220,0.961634920725845
Pseudodiploria201221,0.125589071456494
Pseudodiploria201225,0.0340827757812293
Pseudodiploria201226,-0.52437724139326
Pseudodiploria201229,0.313501201105332
Pseudodiploria201230,0.241993512468536
Pseudodiploria201231,-0.414662464445293
Pseudodiploria201232,-0.30681826107064
Pseudodiploria201233,-0.556696030725294
Pseudodiploria201234,0.25613440503187
Pseudodiploria201235,-0.228221382025489
Pseudodiploria201236,0.495116803224181
Pseudodiploria201237,-0.314515574830668
Pseudodiploria201238,0.0851743260448201
Pseudodiploria201240,0.89445195257136
Pseudodiploria201241,-0.17920640259889
Pseudodiploria201242,-0.0567630669436084
Pseudodiploria201243,-0.433832854168565
Pseudodiploria201244,0.307287059092133
Pseudodiploria201245,-0.00362061695684973
Pseudodiploria201249,-0.274857397359316
Pseudodiploria201250,-0.0498305415461195
Pseudodiploria201252,0.0581733224871527
Pseudodiploria201254,-0.283950555135858
Pseudodiploria201255,0.0896491683231304
Pseudodiploria201256,0.668894561410022
Pseudodiploria201257,-0.164658653300242
Pseudodiploria201258,0.337474688598623
Pseudodiploria201260,0.21894727008758
Pseudodiploria201261,0.683839778636154
Pseudodiploria201262,0.0657471809583739
Pseudodiploria201263,-0.0933508030676609
Pseudodiploria201264,-0.490149273720749
Pseudodiploria201265,0.108474563084236
Pseudodiploria201269,-1.05731381341812
Pseudodiploria201272,0.262819089693734
Pseudodiploria201273,-0.0741535257131492
Pseudodiploria201274,-0.378781575531539
Pseudodiploria201276,-0.0090301640003822
Pseudodiploria201277,-0.111514031858146
Pseudodiploria201278,0.475964090729907
Pseudodiploria201279,0.0966268083758225
Pseudodiploria201282,-0.00222556124091359
Pseudodiploria201283,-0.0500687463604753
Pseudodiploria201284,-0.0720482062113252
Pseudodiploria201287,0.647036959017329
Pseudodiploria201289,0.0631166769908375
Pseudodiploria201291,-0.317533924160514
Pseudodiploria201295,0.330399134183937
Pseudodiploria201296,0.658304687027842
Pseudodiploria201297,0.0634815465430879
Pseudodiploria201298,0.228485075239091
Pseudodiploria201299,0.319769235121554
Pseudodiploria201300,0.0857297320506947
Pseudodiploria201301,-0.493684733478895
Pseudodiploria201302,-1.19882856355314
Pseudodiploria201303,-1.08210523528182
Pseudodiploria201304,-0.196678011642548
Pseudodiploria201305,-0.338496330167667
Pseudodiploria201306,0.275439546611734
Pseudodiploria201308,0.0101891018410561
Pseudodiploria201310,0.486995949285369
Pseudodiploria201311,-0.241446170410149
Pseudodiploria201313,-0.449772519179194
Pseudodiploria201314,-0.64229692541208
Pseudodiploria201316,0.126845794329743
Pseudodiploria201317,-0.274991168253168
Pseudodiploria201318,-0.194498166414867
Pseudodiploria201319,-0.251662302913768
Pseudodiploria201320,0.133600787660268
Pseudodiploria201321,-0.0970634512535878
Pseudodiploria201324,0.0181021447157106
Pseudodiploria201326,-0.015244978942066
Pseudodiploria201328,0.136620907820647
Pseudodiploria201329,-0.0864248816161803
Pseudodiploria201330,0.045599636893674
Pseudodiploria201334,0.440169771391385
Pseudodiploria201339,0.46470353513492
Pseudodiploria201341,-0.067133081066892
Pseudodiploria201342,-0.509174854338409
Pseudodiploria201343,1.38342491366151
Pseudodiploria201344,-0.364710029955645
Pseudodiploria201347,-0.259879487593315
Pseudodiploria201348,-0.0747893759482591
Pseudodiploria201349,0.0663551131217428
Pseudodiploria201351,-0.357190669921345
Pseudodiploria201352,-0.32132419055251
Pseudodiploria201355,-0.249864809554483
Pseudodiploria201357,0.217657462871454
Pseudodiploria201360,0.380798925728396
Pseudodiploria201362,0.0686203196227181
Pseudodiploria201363,0.141837556434621
Pseudodiploria201364,-0.522423036598215
Pseudodiploria201365,0.166308373562284
Pseudodiploria201366,-0.807258885219192
Pseudodiploria201367,-0.13182314275983
Pseudodiploria201368,-0.0114659530130071
Pseudodiploria201369,-0.00846712437966402
Pseudodiploria201370,-1.14384878502466
Pseudodiploria201371,-0.115590031466847
Pseudodiploria201373,-0.0639020644611284
Pseudodiploria201374,0.206412320449268
Pseudodiploria201375,-0.171225794819455
Pseudodiploria201377,0.149254113222027
Pseudodiploria201379,0.316755310179899
Pseudodiploria201380,-0.333376952004638
Pseudodiploria201381,-0.0891551715781728
Pseudodiploria201382,-1.14198834529484
Pseudodiploria201383,0.0208126370743884
Pseudodiploria201384,-0.11792157747912
Pseudodiploria201386,-0.621523422472486
Pseudodiploria201387,0.340986397443651
Pseudodiploria201388,0.522782314540518
Pseudodiploria201390,0.580129030605708
Pseudodiploria201395,-0.381045482402694
Pseudodiploria201399,0.177959066130878
Pseudodiploria201400,-0.291506258764231
Pseudodiploria201403,0.584618352920985
Pseudodiploria201406,-0.257847172588883
Pseudodiploria201407,0.166768486105331
Pseudodiploria201409,0.658323669208304
Pseudodiploria201410,-0.772281828290173
Pseudodiploria201411,0.133668912113527
Pseudodiploria201412,0.0507904581802337
Pseudodiploria201413,0.454591200611899
Pseudodiploria201414,-0.328366600863135
Pseudodiploria201417,-0.00524277420098302
Pseudodiploria201418,-0.0244109262532548
Pseudodiploria201419,-0.165687965526198
Pseudodiploria201420,-0.121700714589183
Pseudodiploria201421,0.232945966159473
Pseudodiploria201422,0.0440343286551259
Pseudodiploria201423,0.0178937151347445
Pseudodiploria201424,-0.192636339237992
Pseudodiploria201425,0.214694182792201
Pseudodiploria201427,0.0875294378611224
Pseudodiploria201429,-0.264173602165103
Pseudodiploria201432,0.144643408936205
Pseudodiploria201433,0.470114640191638
Pseudodiploria201434,0.193840127831435
Pseudodiploria201435,-0.00871434515530425
Pseudodiploria201436,-0.500039061342115
Pseudodiploria201437,1.62656981667725
Pseudodiploria201440,0.00415706560242462
Pseudodiploria201441,-0.215709384880255
Pseudodiploria201442,-0.0653461494169094
Pseudodiploria201443,-0.00372191790856273
Pseudodiploria201444,0.304381696608816
Pseudodiploria201448,0.25799676228857
Pseudodiploria201449,-0.77448180492936
Pseudodiploria201450,-0.171770908556373
Pseudodiploria201451,-0.21155346420304
Pseudodiploria201453,-0.315203483884309
Pseudodiploria201454,-0.590097842051459
Pseudodiploria201455,0.0839768314315039
Pseudodiploria201456,0.61118470851773
Pseudodiploria201457,0.129362861368498
Pseudodiploria201458,-0.18963338080747
Pseudodiploria201459,0.177956025761071
Pseudodiploria201462,0.122059084450715
Pseudodiploria201463,0.0314478584853906
Pseudodiploria201464,0.868893143190398
Pseudodiploria201466,-0.169129119840296
Pseudodiploria201470,-0.0932770824616447
Pseudodiploria201472,-0.0183279927976627
Pseudodiploria201473,0.363583932395356
Pseudodiploria201474,-0.0817074512969163
Pseudodiploria201475,0.127987431971157
Pseudodiploria201477,0.042503214395642
Pseudodiploria201479,-0.524313206183746
Pseudodiploria201480,0.167820786462874
Pseudodiploria201481,-0.381152256607897
Pseudodiploria201483,-0.318613126794237
Pseudodiploria201484,-0.258847972399114
Pseudodiploria201485,-0.200441702721425
Pseudodiploria201487,0.248825817496634
Pseudodiploria201488,0.0287390322574522
Pseudodiploria201491,0.598418448936559
Pseudodiploria201492,0.0770764823011791
Pseudodiploria201494,0.323407533166756
Pseudodiploria201495,0.00706147753656421
Pseudodiploria201500,-0.336781816527979
Pseudodiploria201501,-0.0126965917437424
Pseudodiploria201502,-0.315758171981874
Pseudodiploria201503,-0.0418559358943469
Pseudodiploria201504,-0.181286724972399
Pseudodiploria201505,0.263693756348997
Pseudodiploria201506,0.0545149339471639
Pseudodiploria201507,0.527569304041135
Pseudodiploria201508,1.10920635470407
Pseudodiploria201509,-0.103719144169243
Pseudodiploria201513,0.386257868247062
Pseudodiploria201514,-0.683807355239401
Pseudodiploria201515,0.310638446281537
Pseudodiploria201516,-0.612893214002283
Pseudodiploria201517,-0.770936950910779
Pseudodiploria201520,-0.129488266219313
Pseudodiploria201521,-0.0860151071466924
Pseudodiploria201522,-0.330901569026792
Pseudodiploria201523,0.781793974273447
Pseudodiploria201524,0.200999031173251
Pseudodiploria201525,0.0978210676654686
Pseudodiploria201526,0.00582814237609359
Pseudodiploria201527,0.455135843427784
Pseudodiploria201529,0.731853681667584
Pseudodiploria201530,-1.20060288412193
Pseudodiploria201532,-0.9622719759556
Pseudodiploria201533,1.26342261587525
Pseudodiploria201534,-0.159544034196314
Pseudodiploria201536,0.675801832018956
Pseudodiploria201539,0.830481181272817
Pseudodiploria201540,0.102781761284992
Pseudodiploria201542,-0.109478584495709
Pseudodiploria201543,0.764361271891688
Pseudodiploria201544,-0.0805515892941686
Pseudodiploria201545,0.688383654622872
Pseudodiploria201547,-0.0400846103298521
Pseudodiploria201548,-0.418677097687339
Pseudodiploria201549,0.205847764960834
Pseudodiploria201551,0.181755947994732
Pseudodiploria201552,-0.344145185920308
Pseudodiploria201553,0.306701469453906
Pseudodiploria201554,-0.157830380334392
Pseudodiploria201555,-0.571094763897522
Pseudodiploria201556,-0.376896093997909
Pseudodiploria201558,-0.650242503167281
Pseudodiploria201559,0.370623530175751
Pseudodiploria201560,-0.011364943926796
Pseudodiploria201562,0.0766847779419404
Pseudodiploria201563,0.911765838374573
Pseudodiploria201564,0.0877344753206375
Pseudodiploria201565,-1.08638763630929
Pseudodiploria201566,0.257482968607788
Pseudodiploria201567,-0.685386038928131
Pseudodiploria201569,-0.363419529068984
Pseudodiploria201570,-0.402278381921217
Pseudodiploria201571,-0.121094557303953
Pseudodiploria201575,0.321477036453792
Pseudodiploria201576,-0.0584811318224502
Pseudodiploria201578,-0.245577117567464
Pseudodiploria201580,0.336456874688685
Pseudodiploria201581,0.212516465106347
Pseudodiploria201582,0.254830259262194
Pseudodiploria201583,0.0246131675109563
Pseudodiploria201585,-0.331971549336137
Pseudodiploria201586,0.108688350424904
Pseudodiploria201587,0.145068237917568
Pseudodiploria201588,0.273676689521636
Pseudodiploria201589,0.317112959073667
Pseudodiploria201590,-0.471197029008615
Pseudodiploria201591,0.178563786753875
Pseudodiploria201592,0.386395929169028
Pseudodiploria201593,-0.243270922280025
Pseudodiploria201594,-0.401133946065187
Pseudodiploria201596,-0.136989502404257
Pseudodiploria201598,-0.131944722974998
Pseudodiploria201599,-1.39903160662724
Pseudodiploria201601,-1.79987857419185
Pseudodiploria201602,-0.561409497616295
Pseudodiploria201603,0.00736513909108638
Pseudodiploria201605,-0.0120354398618617
Pseudodiploria201607,-0.531897344088176
Pseudodiploria201609,-0.364124546831558
Pseudodiploria201612,-0.236330010239458
Pseudodiploria201613,0.333215531284803
Pseudodiploria201614,0.288622007913608
Pseudodiploria201616,0.39070262408265
Pseudodiploria201617,0.456773137210018
Pseudodiploria201619,0.128994714567889
Pseudodiploria201621,0.601642601118328
Pseudodiploria201623,0.256255265338613
Pseudodiploria201624,-0.112278200103949
Pseudodiploria201625,0.61988903479779
Pseudodiploria201626,-0.0254860260303271
Pseudodiploria201627,0.973201139580151
Pseudodiploria201628,-0.00814228255069413
Pseudodiploria201629,-0.247143417938344
Pseudodiploria201630,-0.114197509410298
Pseudodiploria201631,-0.586229686318068
Pseudodiploria201632,-0.347552394674756
Pseudodiploria201635,0.0313647401705265
Pseudodiploria201636,-0.355859841214287
Pseudodiploria201639,0.335947175725656
Pseudodiploria201640,0.0552209291895731
Pseudodiploria201641,-0.204015034294909
Pseudodiploria201642,-0.155197749323551
Pseudodiploria201643,-0.622473142135274
Pseudodiploria201644,0.253853774917518
Pseudodiploria201648,-0.110138499813065
Pseudodiploria201649,0.458282678616941
Pseudodiploria201650,0.180829424637086
Pseudodiploria201652,-0.155593529949015
Pseudodiploria201654,-0.151694396460397
Pseudodiploria201655,0.0799670731629238
Pseudodiploria201658,-0.760455978583914
Pseudodiploria201659,-0.393643483348332
Pseudodiploria20166,-0.138527952986879
Pseudodiploria201660,0.061300091559834
Pseudodiploria201662,-0.474697023502707
Pseudodiploria201663,-0.762255442687708
Pseudodiploria201664,-0.424628121815393
Pseudodiploria201665,-0.703504543774799
Pseudodiploria201666,-0.133465659102131
Pseudodiploria201667,0.358077325468498
Pseudodiploria201668,-1.03207556194363
Pseudodiploria201670,0.156209915332429
Pseudodiploria201673,0.353111048830282
Pseudodiploria201674,-0.265772507974969
Pseudodiploria201675,0.0410627387612329
Pseudodiploria201676,-0.129015463225875
Pseudodiploria201677,-0.126088659444436
Pseudodiploria201678,0.71223000529321
Pseudodiploria201679,0.00624395513518306
Pseudodiploria201680,0.385895839306399
Pseudodiploria201681,-0.130078968523958
Pseudodiploria201682,0.246921818793827
Pseudodiploria201684,-0.331587742665136
Pseudodiploria201685,0.198928834296678
Pseudodiploria201686,-0.0248164352485495
Pseudodiploria201688,0.0351810512905212
Pseudodiploria201690,0.0236506726449785
Pseudodiploria201691,0.285955763924082
Pseudodiploria201692,0.156416612189602
Pseudodiploria201693,-0.179226582090276
Pseudodiploria201694,-0.230325951652063
Pseudodiploria201695,-0.701143312775852
Pseudodiploria201696,0.930090546775031
Pseudodiploria201698,-0.361043920770778
Pseudodiploria201699,0.417265199144716
Pseudodiploria201700,0.123347999090324
Pseudodiploria201701,0.546644092465945
Pseudodiploria201703,0.100564641900707
Pseudodiploria201705,0.135309007295943
Pseudodiploria201706,1.15793715543608
Pseudodiploria201707,-0.0027432626728043
Pseudodiploria201708,-0.878598957250446
Pseudodiploria201709,-0.0768946874218821
Pseudodiploria201710,-0.830383159470355
Pseudodiploria201711,0.132996430687415
Pseudodiploria201712,-1.58570209503558
Pseudodiploria201713,0.14349764077007
Pseudodiploria201714,0.110574582633773
Pseudodiploria201715,-0.169807273799679
Pseudodiploria201716,-0.324507932533987
Pseudodiploria201718,2.03646319693385
Pseudodiploria201719,-0.363499439225997
Pseudodiploria201722,0.737950582266249
Pseudodiploria201723,0.283767657070737
Pseudodiploria201724,0.302534227104775
Pseudodiploria201725,0.675987725785276
Pseudodiploria201726,0.0579375803315895
Pseudodiploria201727,0.0831836004059969
Pseudodiploria201728,-0.154276354413841
Pseudodiploria201729,-0.108682001078527
Pseudodiploria201730,-0.422059074347501
Pseudodiploria201731,-0.0737488352650865
Pseudodiploria201732,-0.0172953189259059
Pseudodiploria201735,0.281703094208051
Pseudodiploria201736,-0.182833880326572
Pseudodiploria201737,-1.1273628045775
Pseudodiploria201739,0.431178050249879
Pseudodiploria201740,0.0428510638519669
Pseudodiploria201742,-0.232852190577842
Pseudodiploria201745,0.0665021602131621
Pseudodiploria201746,0.266184568260822
Pseudodiploria201747,-2.15980806400687
Pseudodiploria201748,-1.07219853802946
Pseudodiploria201749,0.274393495789175
Pseudodiploria201750,-0.207095488667164
Pseudodiploria201751,0.528969151333185
Pseudodiploria201752,0.141407448286753
Pseudodiploria201753,0.415280960088695
Pseudodiploria201754,-0.360232608566142
Pseudodiploria201755,0.0295895101298694
Pseudodiploria201757,-0.379947640715123
Pseudodiploria201758,0.467796889953003
Pseudodiploria201759,0.0179850391396393
Pseudodiploria201760,0.604762352132864
Pseudodiploria201763,0.0896624759862937
Pseudodiploria201764,-1.15575904406736
Pseudodiploria201766,0.148618584935081
Pseudodiploria201768,-0.251153978078792
Pseudodiploria201770,-0.364405939852003
Pseudodiploria201771,0.129426204445304
Pseudodiploria201772,-0.660151885691939
Pseudodiploria201773,-0.38497155253818
Pseudodiploria201775,0.147244733221029
Pseudodiploria201776,-0.698896839484301
Pseudodiploria201780,0.957632389632252
Pseudodiploria201782,0.232379334964134
Pseudodiploria201783,-0.118626571551697
Pseudodiploria201784,-0.030693840444328
Pseudodiploria201786,-0.59241433967061
Pseudodiploria201789,0.405652877935502
Pseudodiploria201790,-0.564127951178544
Pseudodiploria201791,0.0414326383156716
Pseudodiploria201793,0.0866706410878935
Pseudodiploria201794,-1.01291414557529
Pseudodiploria201795,-0.255666734080067
Pseudodiploria201796,0.0410821048275841
Pseudodiploria201799,-1.21233168684328
Pseudodiploria201802,0.505113937848358
Pseudodiploria201805,-0.140022891479722
Pseudodiploria201806,0.117033565736463
Pseudodiploria201807,0.913015817049752
Pseudodiploria201808,-1.14587108254161
Pseudodiploria201809,-1.06711690845531
Pseudodiploria201810,-0.987554718427677
Pseudodiploria201811,-0.468665344270916
Pseudodiploria201812,-0.418419476205334
Pseudodiploria201813,0.542161893150082
Pseudodiploria201814,-0.050151225512315
Pseudodiploria201815,-0.16961711295014
Pseudodiploria201816,-0.0619390210514179
Pseudodiploria201817,-0.287871137866323
Pseudodiploria201818,-0.00478172411591492
Pseudodiploria201820,0.655348057929692
Pseudodiploria201821,-0.096256991522128
Pseudodiploria201822,0.12755325983047
Pseudodiploria201823,-0.220029885165218
Pseudodiploria201825,-0.606123283915227
Pseudodiploria201826,0.176463752604984
Pseudodiploria201829,1.3541659936246
Pseudodiploria201830,0.385501700723233
Pseudodiploria201831,-0.28360140482051
Pseudodiploria201832,0.501499381068631
Pseudodiploria201835,-0.439839396765113
Pseudodiploria201837,0.116984484486909
Pseudodiploria201838,0.311474763506118
Pseudodiploria201839,-0.532926288467279
Pseudodiploria201840,0.390100783342871
Pseudodiploria201841,0.831291391844357
Pseudodiploria201842,-0.00101794892021446
Pseudodiploria201843,-0.176954582631021
Pseudodiploria201846,0.126552272571835
Pseudodiploria201848,-0.0341871848208186
Pseudodiploria201849,0.0607443405098483
Pseudodiploria201851,0.209301062984943
Pseudodiploria201853,0.0251044636948597
Pseudodiploria201854,-0.371644846398476
Pseudodiploria201858,0.105203535378632
Pseudodiploria201859,-0.0684163024006749
Pseudodiploria201860,-0.247267430067901
Pseudodiploria201861,0.129498428646155
Pseudodiploria201862,0.196362734107669
Pseudodiploria201864,-0.26076593817071
Pseudodiploria201865,-0.245547247250335
Pseudodiploria201867,0.0608852583919424
Pseudodiploria201868,0.0427587116482582
Pseudodiploria201871,0.0536316296987187
Pseudodiploria201872,-0.836597088409513
Pseudodiploria201873,0.0522559325157852
Pseudodiploria201875,0.415040330105496
Pseudodiploria201876,-0.618107815561812
Pseudodiploria201878,0.0149228664204783
Pseudodiploria201879,-0.909930282828874
Pseudodiploria201880,-0.0677039129295248
Pseudodiploria201882,-0.339722784629373
Pseudodiploria201886,0.0609349701273471
Pseudodiploria201888,-0.861230455176626
Pseudodiploria201889,-0.0544889915824077
Pseudodiploria201890,0.107819510595723
Pseudodiploria201891,-0.297195156863555
Pseudodiploria201892,0.133742111575911
Pseudodiploria201893,0.929245584532347
Pseudodiploria201894,-0.0850903307927079
Pseudodiploria201895,-0.152918207015662
Pseudodiploria201896,-0.195947180265967
Pseudodiploria201898,0.620151240041378
Pseudodiploria201900,0.617418926933812
Pseudodiploria201901,0.238036266163835
Pseudodiploria201906,0.17685570583934
Pseudodiploria201908,1.27629424239815
Pseudodiploria201909,-0.436218319752353
Pseudodiploria201912,-0.155049768398726
Pseudodiploria201913,0.174367289308411
Pseudodiploria201915,-0.123308068351159
Pseudodiploria201916,-0.154109303146219
Pseudodiploria201917,0.0668769997458531
Pseudodiploria201918,0.274047156029666
Pseudodiploria201919,-0.390917961487015
Pseudodiploria201920,0.0173211537535088
Pseudodiploria201922,0.605730099674317
Pseudodiploria201923,0.0925245342770011
Pseudodiploria201924,-0.108744872519384
Pseudodiploria201926,-0.00312907317282028
Pseudodiploria201927,0.10357257921097
Pseudodiploria201928,0.072614391119835
Pseudodiploria201929,0.982570983213045
Pseudodiploria201930,-0.0873815527217762
Pseudodiploria201933,-0.263647313958096
Pseudodiploria201934,0.352714972446636
Pseudodiploria201936,0.155852334974715
Pseudodiploria201939,0.227055882654019
Pseudodiploria201942,0.0992975216919429
Pseudodiploria201943,-0.116938833255472
Pseudodiploria201944,-0.188571958001549
Pseudodiploria201945,-0.300506237183761
Pseudodiploria201946,-0.0228802623145426
Pseudodiploria201948,-0.298620091473794
Pseudodiploria201950,0.0282047202540254
Pseudodiploria201951,0.555550579318643
Pseudodiploria201953,0.352647495009815
Pseudodiploria201955,0.347772876249886
Pseudodiploria201956,-0.202734314948763
Pseudodiploria201957,-0.0151876228596158
Pseudodiploria201960,0.680329728885578
Pseudodiploria201961,-0.487141831548861
Pseudodiploria201962,-1.48769991407707
Pseudodiploria201964,0.0832721256590803
Pseudodiploria201966,-0.678519778386272
Pseudodiploria201967,-1.01167722087919
Pseudodiploria201968,0.133096301727686
Pseudodiploria201969,-0.249592198038664
Pseudodiploria201970,0.00459043416237961
Pseudodiploria201971,0.270058043928205
Pseudodiploria201972,-0.43242528165571
Pseudodiploria201973,0.461428372668499
Pseudodiploria201974,-0.216271637830542
Pseudodiploria201975,0.147758476184474
Pseudodiploria201976,-0.278766707303073
Pseudodiploria201977,-0.0748279105140662
Pseudodiploria201979,-0.944311937895575
Pseudodiploria201980,0.314078367135292
Pseudodiploria201981,0.0173003122674501
Pseudodiploria201982,0.954437067387808
Pseudodiploria201983,-0.157577476820858
Pseudodiploria201984,0.0582317387152772
Pseudodiploria201986,-0.325367112561461
Pseudodiploria201987,-0.126667024056883
Pseudodiploria201988,0.0823438538330713
Pseudodiploria201989,-0.197926254312066
Pseudodiploria201992,-0.261902439065609
Pseudodiploria201993,0.0277542166263699
Pseudodiploria201995,-0.635004158279175
Pseudodiploria201996,-0.157628032561832
Pseudodiploria201997,-0.0674513110146011
Pseudodiploria201998,-0.185277002689233
Pseudodiploria201999,-0.482619332282514
Pseudodiploria202000,0.758531587935045
Pseudodiploria202001,0.00462531318971961
Pseudodiploria202003,-0.251585589666652
Pseudodiploria202005,-0.0840069159484085
Pseudodiploria202006,-0.279436234664838
Pseudodiploria202008,0.00295535200928744
Pseudodiploria202010,-0.101799439756499
Pseudodiploria202012,0.700216704799783
Pseudodiploria202013,-0.0623537972532245
Pseudodiploria202014,-0.614187346931235
Pseudodiploria202021,-0.281435319687086
Pseudodiploria202022,0.408010389828462
Pseudodiploria202024,-0.0490509700741907
Pseudodiploria202025,0.228276280205956
Pseudodiploria202029,-0.782621274071006
Pseudodiploria202030,0.300567482294409
Pseudodiploria202031,-0.547441659665432
Pseudodiploria202033,-0.00799290679961851
Pseudodiploria202034,0.0858133484948752
Pseudodiploria202037,0.436633004815179
Pseudodiploria202039,-0.287205546964316
Pseudodiploria202040,0.110400588698914
Pseudodiploria202041,0.0819183060000295
Pseudodiploria202045,0.0567611965408949
Pseudodiploria202047,0.204107859130723
Pseudodiploria202051,-0.480912304231406
Pseudodiploria202052,0.0310208069311499
Pseudodiploria202053,-0.432354345642964
Pseudodiploria202054,0.330626617616954
Pseudodiploria202056,0.0566177664139528
Pseudodiploria202057,-0.353079886012623
Pseudodiploria202059,-0.109156949822011
Pseudodiploria202060,0.216802582525653
Pseudodiploria202061,0.0745940265139172
Pseudodiploria202062,-0.370239683216426
Pseudodiploria202063,0.110878783804028
Pseudodiploria202064,-0.350348708463558
Pseudodiploria202065,0.223328844706645
Pseudodiploria202068,0.865147246879127
Pseudodiploria202069,0.277667644526522
Pseudodiploria202070,0.8624973900114
Pseudodiploria202072,0.00409424775043945
Pseudodiploria202073,1.12139253642382
Pseudodiploria202074,-0.150357922917123
Pseudodiploria202075,-0.445163845912499
Pseudodiploria202077,-0.478192010720019
Pseudodiploria202078,0.250623012715309
Pseudodiploria202080,0.403132404760002
Pseudodiploria202083,0.217106329685564
Pseudodiploria202084,0.141085004132444
Pseudodiploria202085,0.054247462047466
Pseudodiploria202086,0.0905021574732789
Pseudodiploria202087,0.202145355285094
Pseudodiploria202088,0.357958231097618
Pseudodiploria202091,-0.0202911362788065
Pseudodiploria202092,0.363187654279713
Pseudodiploria202093,-0.0142207335668085
Pseudodiploria202095,0.305162570426
Pseudodiploria202098,0.723585240353867
Pseudodiploria202099,-0.0369035916701971
Pseudodiploria202100,0.323039796030026
Pseudodiploria202101,0.799917709941049
Pseudodiploria202105,0.455104128989734
Pseudodiploria202106,0.0111391228292648
Pseudodiploria202107,0.156737595321401
Pseudodiploria202108,0.0931016409359663
Pseudodiploria202109,0.097442740526767
Pseudodiploria202111,0.0132550266533903
Pseudodiploria202113,-0.125623228102942
Pseudodiploria202115,-0.0783043601150841
Pseudodiploria202116,0.535847479290758
Pseudodiploria202117,-0.342139581102578
Pseudodiploria202118,0.369767971348398
Pseudodiploria202120,0.449012188018691
Pseudodiploria202121,-0.26198042133747
Pseudodiploria202124,0.407987141663268
Pseudodiploria202125,0.491340864079691
Pseudodiploria202126,-1.4357032783683
Pseudodiploria202127,1.02180421642648
Pseudodiploria202128,-0.0820398988824121
Pseudodiploria202129,0.292573918213955
Pseudodiploria202130,-0.0953084636305258
Pseudodiploria202133,0.387994366225135
Pseudodiploria202135,0.161894914850912
Pseudodiploria202137,-0.379881403938884
Pseudodiploria202138,0.0312283248272555
Pseudodiploria202139,-0.153843386052294
Pseudodiploria202140,0.438488494270593
Pseudodiploria202142,0.316587308203897
Pseudodiploria202143,-0.758338069685206
Pseudodiploria202144,0.0568968832802286
Pseudodiploria202146,0.326236366667715
Pseudodiploria202147,0.445049456575063
Pseudodiploria202148,-0.052035912279142
Pseudodiploria202149,0.275335265786079
Pseudodiploria202150,-0.913005897131289
Pseudodiploria202151,-0.0347765194589103
Pseudodiploria202152,0.189403820485849
Pseudodiploria202153,0.156550634746335
Pseudodiploria202154,0.443863557631772
Pseudodiploria202155,0.186246510588086
Pseudodiploria202156,-0.162621288042655
Pseudodiploria202159,0.307198660222726
Pseudodiploria202160,0.504231986042833
Pseudodiploria202161,-0.502962280777126
Pseudodiploria202162,0.165309875071966
Pseudodiploria202163,-0.331003886911413
Pseudodiploria202164,-0.24212533132028
Pseudodiploria202166,-0.0332215711651058
Pseudodiploria202168,1.58162313862299
Pseudodiploria202169,-0.474779750980946
Pseudodiploria202171,-0.0428415336466078
Pseudodiploria202173,0.0726952099426055
Pseudodiploria202176,-0.552759988165058
Pseudodiploria202177,0.454619286856656
Pseudodiploria202178,0.351805390537213
Pseudodiploria202180,0.071519108629729
Pseudodiploria202182,-0.259825266436673
Pseudodiploria202183,-0.256224556779591
Pseudodiploria202185,-0.506980760703254
Pseudodiploria202186,-0.331785314868125
Pseudodiploria202187,-0.42535176524921
Pseudodiploria202188,0.0567325338602078
Pseudodiploria202189,0.000104632615556536
Pseudodiploria202190,0.0337788789525066
Pseudodiploria202191,-0.233397661038459
Pseudodiploria202192,-0.707444856060454
Pseudodiploria202193,0.0143037322549439
Pseudodiploria202194,-0.311320998473575
Pseudodiploria202195,-0.508716918796078
Pseudodiploria202196,0.26766957059385
Pseudodiploria202197,-0.425873695527847
Pseudodiploria202198,0.0712268448016103
Pseudodiploria202200,1.00553840306872
Pseudodiploria202201,-0.268482821638649
Pseudodiploria202202,0.0568207918473685
Pseudodiploria202203,0.0528117026850181
Pseudodiploria202204,0.330532109768862
Pseudodiploria202206,-0.0161027914107074
Pseudodiploria202207,-0.361020903604601
Pseudodiploria202208,0.100232840823509
Pseudodiploria202209,0.50307782562536
Pseudodiploria202211,-0.34933790482517
Pseudodiploria202212,0.0151276988211787
Pseudodiploria202213,-0.285091038396739
Pseudodiploria202214,0.133629065624414
Pseudodiploria202215,-0.639234388249041
Pseudodiploria202216,-0.340406141077123
Pseudodiploria202218,-0.188492487046653
Pseudodiploria202219,-0.474705326571618
Pseudodiploria202220,-0.0150140604569508
Pseudodiploria202221,-0.171650258895021
Pseudodiploria202222,-0.48324417359007
Pseudodiploria202223,-0.348869594101659
Pseudodiploria202224,-0.0222948258933029
Pseudodiploria202225,-0.594131771383872
Pseudodiploria202226,-0.181163623235119
Pseudodiploria202227,-0.0447723279020231
Pseudodiploria202228,0.220689212970074
Pseudodiploria202229,0.551515425870474
Pseudodiploria202230,-0.00564899482274309
Pseudodiploria202231,0.233601458319526
Pseudodiploria202232,0.00155890115439431
Pseudodiploria202233,0.040218409009258
Pseudodiploria202234,0.117061210767069
Pseudodiploria202235,-0.687006012155794
Pseudodiploria202236,-0.178876505673121
Pseudodiploria202237,0.00103454818312433
Pseudodiploria202238,-0.0826287042205219
Pseudodiploria202239,-0.788488829905218
Pseudodiploria202240,1.09732053758804
Pseudodiploria202241,-0.0414556927934631
Pseudodiploria202242,0.0549673593679194
Pseudodiploria202243,-0.290258471807143
Pseudodiploria202244,-1.06185632779986
Pseudodiploria202245,-0.512420581557357
Pseudodiploria202246,0.129316897123013
Pseudodiploria202247,0.407025869799635
Pseudodiploria202248,0.317448216166937
Pseudodiploria202249,-0.261586215130117
Pseudodiploria202250,1.11843958205018
Pseudodiploria202252,-0.11676413749402
Pseudodiploria202253,0.0702377142225827
Pseudodiploria202255,0.0907497324999235
Pseudodiploria202256,-0.0787173259771028
Pseudodiploria202257,0.416454980370414
Pseudodiploria202259,-0.377430075267475
Pseudodiploria202263,2.39793630106824
Pseudodiploria202264,0.405944258404607
Pseudodiploria202266,0.425286645617761
Pseudodiploria202268,-0.398505224006013
Pseudodiploria202269,-0.0285423565946792
Pseudodiploria202271,-0.477277353989629
Pseudodiploria202272,-0.6744386079094
Pseudodiploria202273,0.463613722779815
Pseudodiploria202274,-0.421951085710741
Pseudodiploria202277,-0.469842796093107
Pseudodiploria202278,-0.345519806634496
Pseudodiploria202279,-0.181849057455616
Pseudodiploria202280,-0.209485082306468
Pseudodiploria202281,-0.303522250809738
Pseudodiploria202282,-0.748954512149173
Pseudodiploria202284,-0.448964187832334
Pseudodiploria202285,-0.131173986852299
Pseudodiploria202286,0.150452092163493
Pseudodiploria202287,-0.315725188513617
Pseudodiploria202288,-0.237977347388146
Pseudodiploria202289,-0.170029528985102
Pseudodiploria202290,-0.0307120028097175
Pseudodiploria202291,-0.116648229945434
Pseudodiploria202292,1.43374698336445
Pseudodiploria202293,0.147532594077236
Pseudodiploria202295,0.654712258884291
Pseudodiploria202296,0.532719280720911
Pseudodiploria202298,-0.349286113354793
Pseudodiploria202299,-0.410985154541184
Pseudodiploria202300,0.467083208475313
Pseudodiploria202302,0.110984167910402
Pseudodiploria202303,-0.563229970794183
Pseudodiploria202304,0.0235760695487549
Pseudodiploria202306,-0.222629982105428
Pseudodiploria202307,-0.389693241333834
Pseudodiploria202308,-0.129440993721818
Pseudodiploria202309,0.414501550315115
Pseudodiploria202310,0.343452018860031
Pseudodiploria202311,-0.377814345846244
Pseudodiploria202313,0.267163631044086
Pseudodiploria202314,0.906716554271616
Pseudodiploria202315,-0.146859129173502
Pseudodiploria202319,0.377406213241757
Pseudodiploria202320,-0.39006181457167
Pseudodiploria202322,-0.54359191743898
Pseudodiploria202323,-0.283495950860508
Pseudodiploria202324,-0.60048951631733
Pseudodiploria202326,1.37314931977332
Pseudodiploria202328,0.415018175742734
Pseudodiploria202329,-0.13023411579615
Pseudodiploria202331,0.0158766550434776
Pseudodiploria202332,-0.10394433198548
Pseudodiploria202333,-0.90695216910581
Pseudodiploria202334,-1.36655286211702
Pseudodiploria202335,0.0289479514195505
Pseudodiploria202336,0.0577657074083799
Pseudodiploria202338,0.0600178763170624
Pseudodiploria202339,-0.191160489433504
Pseudodiploria202340,0.486650740163796
Pseudodiploria202342,-0.0137003760596896
Pseudodiploria202343,-0.261298781724661
Pseudodiploria202344,0.794459925183967
Pseudodiploria202345,0.294154470495274
Pseudodiploria202346,-0.384969224982873
Pseudodiploria202347,0.295410655294823
Pseudodiploria202348,0.240948910157652
Pseudodiploria202349,0.925041736038839
Pseudodiploria202350,-0.0233132415298969
Pseudodiploria202351,0.316532330587086
Pseudodiploria202354,-0.103895832923584
Pseudodiploria202355,-0.0162938445834678
Pseudodiploria202359,0.503721527221012
Pseudodiploria202360,-0.426109024278791
Pseudodiploria202361,0.6685612731142
Pseudodiploria202363,0.460753798064875
Pseudodiploria202364,-0.254391573960693
Pseudodiploria202367,0.17731477859477
Pseudodiploria202368,0.142345934909705
Pseudodiploria202369,-0.132911941878752
Pseudodiploria202370,0.963927424190477
Pseudodiploria202371,-0.198021875035583
Pseudodiploria202372,0.868584006071763
Pseudodiploria202373,-0.0499329383989389
Pseudodiploria202374,-0.248229737160877
Pseudodiploria202375,-0.471598933544432
Pseudodiploria202376,0.360144317369461
Pseudodiploria202377,-0.144875940822081
Pseudodiploria202378,0.23084090110506
Pseudodiploria202379,0.0271019245440895
Pseudodiploria202380,-0.411160810051699
Pseudodiploria202381,0.699832435588563
Pseudodiploria202382,-0.0845821680231951
Pseudodiploria202383,0.236021254593255
Pseudodiploria202384,-0.332957534731439
Pseudodiploria202385,-0.0402664939148716
Pseudodiploria202386,-0.00622090092418338
Pseudodiploria202387,0.326388054877017
Pseudodiploria202388,-0.151617438296226
Pseudodiploria202389,0.236199100569065
Pseudodiploria202390,0.179438911276831
Pseudodiploria202392,1.05432093618788
Pseudodiploria202393,-0.18678334289043
Pseudodiploria202394,-0.590117605698153
Pseudodiploria202395,0.291505912138821
Pseudodiploria202396,0.311473746980591
Pseudodiploria202397,0.149227099820593
Pseudodiploria202399,-0.344228314838234
Pseudodiploria202400,0.475142839633395
Pseudodiploria202402,0.0849614114290106
Pseudodiploria202403,-0.309963458560739
Pseudodiploria202404,0.946750665610619
Pseudodiploria202406,1.39871447495263
Pseudodiploria202407,0.360588218093106
Pseudodiploria202408,0.112357286426958
Pseudodiploria202411,-0.282296681087311
Pseudodiploria202412,-0.479338100618658
Pseudodiploria202416,-0.0261819565678468
Pseudodiploria202418,0.725623931102524
Pseudodiploria202420,-0.329607298483163
Pseudodiploria202422,-0.433015334710092
Pseudodiploria202423,-0.12337587014904
Pseudodiploria202424,-0.341112823094316
Pseudodiploria202425,0.482204280411042
Pseudodiploria202426,-0.232647266809924
Pseudodiploria202428,-0.0565142284223527
Pseudodiploria202429,-0.0499787896289037
Pseudodiploria202430,-0.0422521017007924
Pseudodiploria202431,-0.0601071483774741
Pseudodiploria202434,-0.092059347962408
Pseudodiploria202435,0.187275192698149
Pseudodiploria202437,0.402517383455575
Pseudodiploria202439,-0.392350935585946
Pseudodiploria202441,0.413778119607566
Pseudodiploria202443,0.71810857939082
Pseudodiploria202445,0.20213168635771
Pseudodiploria202447,-0.259851998760849
Pseudodiploria202448,0.511298915083603
Pseudodiploria202449,0.0935461096379593
Pseudodiploria202450,-0.101931751726756
Pseudodiploria202452,0.059044840559533
Pseudodiploria202456,0.467787804012157
Pseudodiploria202457,-0.638049975290458
Pseudodiploria202458,0.840490399213948
Pseudodiploria202459,0.240991178936191
Pseudodiploria202460,1.14951554876512
Pseudodiploria202461,0.0228013127797215
Pseudodiploria202462,0.0898498379041029
Pseudodiploria202463,0.293410808982401
Pseudodiploria202464,0.124667704823521
Pseudodiploria202465,-0.104686736732707
Pseudodiploria202466,0.069342945361524
Pseudodiploria202467,-0.641804777840827
Pseudodiploria202468,-0.121266800193866
Pseudodiploria202470,0.532348934044745
Pseudodiploria202471,-0.0176128920953314
Pseudodiploria202473,-0.128366171606183
Pseudodiploria202474,0.0257175552310213
Pseudodiploria202475,0.333020271367282
Pseudodiploria202478,0.130959972403752
Pseudodiploria202479,-1.20849700609586
Pseudodiploria202480,0.231789935514368
Pseudodiploria202481,0.477728080739076
Pseudodiploria202485,0.0399582914492953
Pseudodiploria202486,-0.440304738375539
Pseudodiploria202487,-0.104137626458512
Pseudodiploria202488,0.450589854452155
Pseudodiploria202489,0.122970639664721
Pseudodiploria202491,0.291967034562285
Pseudodiploria202492,-0.551318396205426
Pseudodiploria202495,0.153860697798856
Pseudodiploria202496,0.178298703338256
Pseudodiploria202497,-0.253771272183186
Pseudodiploria202498,-0.656050447137219
Pseudodiploria202500,0.136051661751409
Pseudodiploria202502,-0.0279354004220091
Pseudodiploria202504,0.309283681491611
Pseudodiploria202505,-0.236600638002405
Pseudodiploria202506,-0.271241466446963
Pseudodiploria202507,-0.053945049534859
Pseudodiploria202508,-0.0596477431597847
Pseudodiploria202509,-0.144949688524223
Pseudodiploria202510,-0.770796203490648
Pseudodiploria202512,-0.752690611726819
Pseudodiploria202515,-1.02757267890591
Pseudodiploria202516,0.512973665415816
Pseudodiploria202518,-0.176318800456886
Pseudodiploria202520,-0.198861315912718
Pseudodiploria202521,0.075861143170685
Pseudodiploria202522,-0.718250655489906
Pseudodiploria202523,0.242841366929114
Pseudodiploria202525,-0.130708894203779
Pseudodiploria202526,0.0547330169811788
Pseudodiploria202529,0.223443537588518
Pseudodiploria202530,0.393878332358702
Pseudodiploria202531,-0.067368929705718
Pseudodiploria202533,-0.210614998722034
Pseudodiploria202535,-0.366835226102581
Pseudodiploria202536,-0.162308787143087
Pseudodiploria202537,-0.904479230152935
Pseudodiploria202538,0.412787706460139
Pseudodiploria202539,0.0808583923059791
Pseudodiploria202540,-0.333361117296198
Pseudodiploria202541,0.472175057970872
Pseudodiploria202543,-0.691815376760945
Pseudodiploria202544,-0.269720330418676
Pseudodiploria202545,0.00832900097681228
Pseudodiploria202546,-0.165289561014873
Pseudodiploria202547,0.134155818079308
Pseudodiploria202548,0.537518640503309
Pseudodiploria202549,-0.357487793219695
Pseudodiploria202550,-0.382101249955944
Pseudodiploria202551,-0.120492715411115
Pseudodiploria202552,-0.047699850104373
Pseudodiploria202554,-0.420181439480177
Pseudodiploria202556,-0.101535854527475
Pseudodiploria202557,-1.25125577620083
Pseudodiploria202558,-0.148369711298904
Pseudodiploria202559,0.0382751309276408
Pseudodiploria202560,-0.224441891198497
Pseudodiploria202561,-0.843746553817858
Pseudodiploria202562,-0.54752163422267
Pseudodiploria202563,0.116254480660734
Pseudodiploria202564,-0.357854973709567
Pseudodiploria202566,-0.236700820277472
Pseudodiploria202567,-0.590757992252165
Pseudodiploria202568,-1.43491010018806
Pseudodiploria202569,0.307425021132493
Pseudodiploria202570,0.215739962955133
Pseudodiploria202571,0.709133971840635
Pseudodiploria202572,0.415892583253334
Pseudodiploria202573,1.03394301730786
Pseudodiploria202574,0.00139708316634348
Pseudodiploria202575,0.694407051914418
Pseudodiploria202576,-0.455843237648083
Pseudodiploria202577,-0.196912081486832
Pseudodiploria202578,-0.140399851130472
Pseudodiploria202579,-0.292677057073175
Pseudodiploria202580,0.0405202510950129
Pseudodiploria202581,0.660528115910526
Pseudodiploria202582,-0.514333249632976
Pseudodiploria202583,-0.356445221040793
Pseudodiploria202584,-0.0279192040841542
Pseudodiploria202585,0.73261277336914
Pseudodiploria202586,0.12642336955462
Pseudodiploria202588,-0.00981496401923382
Pseudodiploria202589,-0.592160000322568
Pseudodiploria202590,0.91038608686604
Pseudodiploria202591,0.627040928077421
Pseudodiploria202592,-0.11429560002155
Pseudodiploria202594,-0.0529741022092408
Pseudodiploria202597,-0.237699779996957
Pseudodiploria202598,-0.152417198114272
Pseudodiploria202600,0.124577361105858
Pseudodiploria202601,0.191882294434157
Pseudodiploria202605,-0.893642861772605
Pseudodiploria202606,0.152109199786477
Pseudodiploria202608,-1.1198453335773
Pseudodiploria202610,-0.00230387877813446
Pseudodiploria202611,1.82855015856383
Pseudodiploria202613,-0.388447431784337
Pseudodiploria202614,0.156777021696955
Pseudodiploria202615,-0.503144979747659
Pseudodiploria202616,0.100142704759604
Pseudodiploria202617,0.0537182782445388
Pseudodiploria202618,0.0183955678392127
Pseudodiploria202620,0.297568138728914
Pseudodiploria202622,0.153406893850605
Pseudodiploria202623,1.00963615818274
Pseudodiploria202624,-0.185971220358289
Pseudodiploria202625,-0.117648106583147
Pseudodiploria202626,-0.498764485312085
Pseudodiploria202628,-0.899427124353823
Pseudodiploria202629,-1.32341849495997
Pseudodiploria202630,-0.309427120742466
Pseudodiploria202631,1.14574464478835
Pseudodiploria202633,-0.269524452244424
Pseudodiploria202636,-0.181008408064844
Pseudodiploria202637,-0.161904806242936
Pseudodiploria202638,0.716607101380114
Pseudodiploria202639,-1.17696928711252
Pseudodiploria202641,-0.202069575907241
Pseudodiploria202642,-0.0454045761706647
Pseudodiploria202644,0.255475463063891
Pseudodiploria202645,-0.131246458485465
Pseudodiploria202646,0.240335426923439
Pseudodiploria202648,-0.167533003273351
Pseudodiploria202649,0.136394772152386
Pseudodiploria202650,0.330157330866503
Pseudodiploria202651,-0.202314533967664
Pseudodiploria202652,-1.19324957214914
Pseudodiploria202653,0.167308572988205
Pseudodiploria202654,0.52749687378744
Pseudodiploria202656,0.0745450754477291
Pseudodiploria202658,-0.131710192480287
Pseudodiploria202659,0.150159001018927
Pseudodiploria202661,-0.134369232742322
Pseudodiploria202662,0.495483759045328
Pseudodiploria202663,0.0490821256472075
Pseudodiploria202664,0.0112071039002109
Pseudodiploria202665,0.0529956329357748
Pseudodiploria202666,-0.837251350685744
Pseudodiploria202667,-0.241756548442138
Pseudodiploria202668,0.234584016434065
Pseudodiploria202670,0.293007723850894
Pseudodiploria202671,-0.608851885742416
Pseudodiploria202672,-0.260973931256401
Pseudodiploria202673,0.416958962575858
Pseudodiploria202674,0.694062665953831
Pseudodiploria202675,-0.381223569755054
Pseudodiploria202677,0.146299733646669
Pseudodiploria202680,-0.117436867842004
Pseudodiploria202682,-0.129860408511727
Pseudodiploria202683,-0.0386744334050569
Pseudodiploria202684,0.083362729404173
Pseudodiploria202685,0.530896970036275
Pseudodiploria202686,0.168961723912184
Pseudodiploria202688,0.0934879259701659
Pseudodiploria202689,-0.428938048362126
Pseudodiploria202690,0.332631758676518
Pseudodiploria202692,-0.445095060036262
Pseudodiploria202693,-0.0832187726726702
Pseudodiploria202694,0.754152753959799
Pseudodiploria202695,-0.796583978106417
Pseudodiploria202696,-0.470730347512714
Pseudodiploria202697,0.126469109400244
Pseudodiploria202698,0.357674793125451
Pseudodiploria202699,-0.174379843943385
Pseudodiploria202700,-0.0605571119857759
Pseudodiploria202701,0.122830591706901
Pseudodiploria202702,-0.00799031980568771
Pseudodiploria202704,0.319554365811244
Pseudodiploria202706,0.159352930413256
Pseudodiploria202707,-0.104486056732076
Pseudodiploria202708,-0.866352232372501
Pseudodiploria202710,0.0326583628383407
Pseudodiploria202712,0.358343090850158
Pseudodiploria202713,0.375903631497798
Pseudodiploria202714,-0.181278280609434
Pseudodiploria202715,0.0662029933662223
Pseudodiploria202716,-0.465367349428893
Pseudodiploria202718,0.19395553723471
Pseudodiploria202719,-0.485719076122166
Pseudodiploria202720,-0.0176971937826913
Pseudodiploria202721,-0.0131685453727232
Pseudodiploria202722,1.22113191095714
Pseudodiploria202723,-0.341227107633543
Pseudodiploria202724,-1.07510603090734
Pseudodiploria202725,0.189984549741908
Pseudodiploria202726,0.00677814459355432
Pseudodiploria202727,0.214623046169067
Pseudodiploria202729,0.0132569871937465
Pseudodiploria202730,0.0509821266134543
Pseudodiploria202731,-0.662361940108637
Pseudodiploria202733,-0.486664680238668
Pseudodiploria202734,0.805468551552541
Pseudodiploria202735,-0.106468609204205
Pseudodiploria202737,-0.00971110436684624
Pseudodiploria202738,0.0208734409921072
Pseudodiploria202739,0.509467626704674
Pseudodiploria202740,0.116158827762323
Pseudodiploria202741,-0.417878369877632
Pseudodiploria202742,-0.0622626296299128
Pseudodiploria202743,0.14252186656359
Pseudodiploria202744,-0.372667402734543
Pseudodiploria202745,-0.400336259006571
Pseudodiploria202747,0.338399759929049
Pseudodiploria202748,0.312539445323244
Pseudodiploria202749,-0.111150802753374
Pseudodiploria202751,1.0988688885135
Pseudodiploria202752,0.146634410425984
Pseudodiploria202754,0.214212762414143
Pseudodiploria202755,0.544708823253851
Pseudodiploria202756,-0.0698162998973331
Pseudodiploria202757,-0.00611735031394511
Pseudodiploria202758,-0.475282665131794
Pseudodiploria202759,0.235227904959961
Pseudodiploria202760,-0.964449320032408
Pseudodiploria202762,0.108857171889066
Pseudodiploria202763,-0.632972499895705
Pseudodiploria202764,-0.0329822842871677
Pseudodiploria202765,-0.802213626884545
Pseudodiploria202766,-0.0019048677655977
Pseudodiploria202767,-0.984888379862131
Pseudodiploria202768,0.159969707778449
Pseudodiploria202769,0.0738484025961446
Pseudodiploria202770,0.271149783393447
Pseudodiploria202771,-0.196236828350773
Pseudodiploria202772,0.113202942685574
Pseudodiploria202773,0.364057394285954
Pseudodiploria202774,0.126857720629507
Pseudodiploria202775,-0.46485579238881
Pseudodiploria202776,-0.440178471048647
Pseudodiploria202777,-0.21548766932422
Pseudodiploria202778,-0.63364458079947
Pseudodiploria202779,-1.9311711067262
Pseudodiploria202780,-0.396655954788405
Pseudodiploria202781,-0.675825793527469
Pseudodiploria202782,0.815163621651219
Pseudodiploria202783,0.187232714396756
Pseudodiploria202784,-0.380659559707969
Pseudodiploria202785,0.295326044363511
Pseudodiploria202786,-1.08520476780955
Pseudodiploria202788,-0.606261352836738
Pseudodiploria202789,0.792688943447741
Pseudodiploria202791,0.505596673365545
Pseudodiploria202792,0.203728018832586
Pseudodiploria202793,0.0528960003432768
Pseudodiploria202797,-0.146038751957163
Pseudodiploria202799,0.0504186097138942
Pseudodiploria202802,0.311742623320427
Pseudodiploria202803,-0.175288754584528
Pseudodiploria202804,0.202932360666458
Pseudodiploria202805,-0.35156109942089
Pseudodiploria202806,0.789524758403441
Pseudodiploria202807,-0.237212116690947
Pseudodiploria202808,-0.133471751429593
Pseudodiploria202809,0.102538572860846
Pseudodiploria202810,0.381438946204413
Pseudodiploria202811,0.785551684070602
Pseudodiploria202812,-0.468062427845551
Pseudodiploria202813,-0.251232055043015
Pseudodiploria202814,0.184888991268347
Pseudodiploria202816,0.0234965212910535
Pseudodiploria202817,0.348160550972261
Pseudodiploria202818,-0.615541809970882
Pseudodiploria202819,0.24805696255547
Pseudodiploria202820,-1.1249309461304
Pseudodiploria202822,-0.226092104971181
Pseudodiploria202824,-0.345751072740489
Pseudodiploria202825,-0.164953779771162
Pseudodiploria202826,-0.239905010694276
Pseudodiploria202828,0.0441793818736043
Pseudodiploria202829,0.269807615297893
Pseudodiploria202830,0.014997965970463
Pseudodiploria202831,-0.066265138416428
Pseudodiploria202832,0.479556509759326
Pseudodiploria202833,0.412323012148578
Pseudodiploria202834,0.512888465092672
Pseudodiploria202835,-0.473583034457493
Pseudodiploria202836,-0.309090100134035
Pseudodiploria202839,-0.388062738962699
Pseudodiploria202840,-0.0309340812592607
Pseudodiploria202841,0.133829857041017
Pseudodiploria202842,-0.335592727416327
Pseudodiploria202843,-0.21462188441474
Pseudodiploria202845,-0.292506765503672
Pseudodiploria202846,-0.245720140475767
Pseudodiploria202847,-0.636672784175546
Pseudodiploria202848,0.242446960475966
Pseudodiploria202849,0.154885843878129
Pseudodiploria202852,-0.550991894339363
Pseudodiploria202853,-0.15883013723275
Pseudodiploria202856,-0.16917228425346
Pseudodiploria202857,0.271183692227183
Pseudodiploria202858,0.250041966126275
Pseudodiploria202859,-0.0902294605369276
Pseudodiploria202862,0.0716153114792638
Pseudodiploria202863,-1.22399063571588
Pseudodiploria202864,0.0336353348325156
Pseudodiploria202866,0.0860755817591515
Pseudodiploria202867,-0.0339691744966759
Pseudodiploria202869,-0.0844930559863954
Pseudodiploria202870,-0.0388052014959975
Pseudodiploria202873,0.346128303634444
Pseudodiploria202874,-0.0212833970807355
Pseudodiploria202875,1.25184190423958
Pseudodiploria202877,0.498699146016357
Pseudodiploria202878,-0.474205607885652
Pseudodiploria202879,-0.27260107554032
Pseudodiploria202881,-0.112004634337991
Pseudodiploria202882,-0.697441484816416
Pseudodiploria202883,-0.651075821016351
Pseudodiploria202886,0.0545548459483633
Pseudodiploria202889,0.0618082946407239
Pseudodiploria202890,-0.113627288334195
Pseudodiploria202891,-0.608622089883363
Pseudodiploria202892,0.140545267651256
Pseudodiploria202893,-0.177379236213643
Pseudodiploria202894,-0.259970727926384
Pseudodiploria202895,-0.470097050519498
Pseudodiploria202896,0.0213965539966479
Pseudodiploria202897,0.54440722045723
Pseudodiploria202898,-0.186339499002441
Pseudodiploria202899,0.0619663024649093
Pseudodiploria202900,0.0600257885781308
Pseudodiploria202901,0.741609848233406
Pseudodiploria202902,1.04400494662049
Pseudodiploria202903,0.588693295851755
Pseudodiploria202905,-0.497482735938207
Pseudodiploria202906,0.387336776174623
Pseudodiploria202907,-0.0805504575257811
Pseudodiploria202908,0.212250791336265
Pseudodiploria202909,-0.133275322283197
Pseudodiploria202910,0.451308507082761
Pseudodiploria202911,0.329152487084547
Pseudodiploria202912,0.219558237102915
Pseudodiploria202915,0.484788968016019
Pseudodiploria202916,0.641433953406831
Pseudodiploria202918,-0.0650158428470425
Pseudodiploria202919,0.605313437237804
Pseudodiploria202920,0.241604496549523
Pseudodiploria202921,-0.184752834784712
Pseudodiploria202922,-0.798545934785875
Pseudodiploria202923,0.332299871925784
Pseudodiploria202924,0.0350271479881983
Pseudodiploria202925,0.0260790850615397
Pseudodiploria202927,-0.227190966605428
Pseudodiploria202929,-0.330972672763174
Pseudodiploria202930,0.188778789307192
Pseudodiploria202931,-0.0752774508099449
Pseudodiploria202932,0.220018010471069
Pseudodiploria202934,-0.548176774069337
Pseudodiploria202935,0.0292063987173351
Pseudodiploria202938,-0.111118397233513
Pseudodiploria202939,-0.00213573739063317
Pseudodiploria202940,-0.0532956252532006
Pseudodiploria202941,0.312894834220225
Pseudodiploria202943,-0.79877844329091
Pseudodiploria202944,0.151553907782841
Pseudodiploria202945,-0.308158248234377
Pseudodiploria202946,-0.230252329855172
Pseudodiploria202947,-0.1878692138764
Pseudodiploria202949,-0.278799847906858
Pseudodiploria202950,0.239979409986858
Pseudodiploria202951,0.0173056374934178
Pseudodiploria202953,0.423453267078997
Pseudodiploria202954,0.249409947733975
Pseudodiploria202955,0.218178017117697
Pseudodiploria202957,0.00285117246819517
Pseudodiploria202960,-0.682274756305376
Pseudodiploria202962,-0.0498927523271404
Pseudodiploria202964,0.164106295954544
Pseudodiploria202965,0.131733996270517
Pseudodiploria202967,0.120423948101756
Pseudodiploria202969,-0.134615574520385
Pseudodiploria202970,-0.335062340455048
Pseudodiploria202971,0.394670211996515
Pseudodiploria202972,0.42128209502755
Pseudodiploria202973,0.554903727047673
Pseudodiploria202977,-0.0783148022832104
Pseudodiploria202978,0.362986210685216
Pseudodiploria202979,0.0439022400621816
Pseudodiploria202981,0.237346662502942
Pseudodiploria202982,-0.0515926930690197
Pseudodiploria202983,0.137952340021051
Pseudodiploria202985,0.163920251999062
Pseudodiploria202986,-0.29421416216492
Pseudodiploria202987,-0.446412946712282
Pseudodiploria202988,0.0235603224156928
Pseudodiploria202989,0.113013608133096
Pseudodiploria202991,0.343049646694252
Pseudodiploria202992,0.210296592860578
Pseudodiploria202993,-0.262599700219111
Pseudodiploria202994,-0.807165753122859
Pseudodiploria202995,-0.150344805936433
Pseudodiploria202998,-0.425633044426555
Pseudodiploria202999,0.320447920578443
Pseudodiploria203000,0.124199758733314
Pseudodiploria203001,-0.109752545020152
Pseudodiploria203002,0.30570635500896
Pseudodiploria203003,0.0771709523070832
Pseudodiploria203004,-0.22640899494049
Pseudodiploria203006,-0.462536203640236
Pseudodiploria203007,-0.743564568621112
Pseudodiploria203008,-0.29101211049551
Pseudodiploria203009,-0.180686572332411
Pseudodiploria203011,0.154478424197676
Pseudodiploria203012,-0.186541100212802
Pseudodiploria203013,0.307524423990735
Pseudodiploria203014,-0.66966344959689
Pseudodiploria203016,0.2798477844276
Pseudodiploria203017,0.288479423428326
Pseudodiploria203019,-0.0332704351154661
Pseudodiploria203020,-0.0321345974728677
Pseudodiploria203021,-0.152106330993496
Pseudodiploria203023,-0.517557719862131
Pseudodiploria203024,0.156945387120509
Pseudodiploria203026,0.497324737215192
Pseudodiploria203027,0.783393542785149
Pseudodiploria203029,-0.2568676594213
Pseudodiploria203030,-0.188784253681987
Pseudodiploria203032,-0.258636866926742
Pseudodiploria203035,-0.623385876657686
Pseudodiploria203036,-0.0732137062502992
Pseudodiploria203037,0.48495014302851
Pseudodiploria203040,-0.191556471409695
Pseudodiploria203042,0.0164490422322753
Pseudodiploria203044,0.876314900884536
Pseudodiploria203045,0.132885788384181
Pseudodiploria203046,0.0571253474742062
Pseudodiploria203048,0.430978753725174
Pseudodiploria203049,0.185334033040283
Pseudodiploria203050,0.457650433101923
Pseudodiploria203051,0.130955560971188
Pseudodiploria203052,-0.362510472521368
Pseudodiploria203053,-0.513687497783498
Pseudodiploria203054,-0.032151345910411
Pseudodiploria203055,0.0274768368513652
Pseudodiploria203056,0.787124605056378
Pseudodiploria203058,-0.548565436966328
Pseudodiploria203059,-0.00403838997035362
Pseudodiploria203060,-0.127136478870315
Pseudodiploria203061,-0.0390287207836399
Pseudodiploria203062,-0.923547804794916
Pseudodiploria203065,0.332914222758726
Pseudodiploria203066,-0.271151413295014
Pseudodiploria203067,-0.634881881206147
Pseudodiploria203068,-0.498979043810039
Pseudodiploria203069,0.386106486527882
Pseudodiploria203070,-0.256814723566467
Pseudodiploria203072,0.497477422633235
Pseudodiploria203073,0.425286439932582
Pseudodiploria203074,-0.392832474798497
Pseudodiploria203075,1.06833698567422
Pseudodiploria203077,-1.32049643756959
Pseudodiploria203078,-0.367136713429066
Pseudodiploria203081,0.225462168713559
Pseudodiploria203082,-0.253315979270686
Pseudodiploria203083,0.213754230076256
Pseudodiploria203085,0.20325672718133
Pseudodiploria203088,-0.115501525723972
Pseudodiploria203089,0.950001147400893
Pseudodiploria203090,-0.110435406275188
Pseudodiploria203091,0.570674783502637
Pseudodiploria203092,-0.209209568910347
Pseudodiploria203094,-0.0584169082713545
Pseudodiploria203096,-0.436266601470579
Pseudodiploria203097,-0.205851692096684
Pseudodiploria203098,0.612077542910403
Pseudodiploria203099,-0.276835027157937
Pseudodiploria203101,0.000314361756219086
Pseudodiploria203102,-0.20194203657868
Pseudodiploria203103,0.13881164115672
Pseudodiploria203104,0.0681139165972617
Pseudodiploria203105,-0.0633249869956235
Pseudodiploria203106,0.186333955798533
Pseudodiploria203107,0.650028756846365
Pseudodiploria203108,0.208590064857181
Pseudodiploria203109,-0.103653555128405
Pseudodiploria203110,-0.105233661918624
Pseudodiploria203111,-0.531106641259049
Pseudodiploria203112,-0.833191077648639
Pseudodiploria203113,0.100954915811443
Pseudodiploria203115,0.0886799539209044
Pseudodiploria203117,-0.201853286187965
Pseudodiploria203118,-0.15623813943075
Pseudodiploria203119,-0.167376172479805
Pseudodiploria203121,-0.519201553422389
Pseudodiploria203122,-0.315069248694482
Pseudodiploria203123,0.231038458664053
Pseudodiploria203124,0.429639800249562
Pseudodiploria203126,-0.0732448852300915
Pseudodiploria203128,0.226145148410773
Pseudodiploria203129,-0.020445881560547
Pseudodiploria203131,-0.410028623874625
Pseudodiploria203132,0.152186607680568
Pseudodiploria203133,0.527587776504099
Pseudodiploria203134,-0.0222693623714486
Pseudodiploria203135,0.422296423002636
Pseudodiploria203137,-0.349352125862852
Pseudodiploria203138,0.221934233692144
Pseudodiploria203139,0.0366506150232462
Pseudodiploria203140,-0.560962698303774
Pseudodiploria203141,-1.06980164409238
Pseudodiploria203142,0.156582641051748
Pseudodiploria203144,0.0401766923895339
Pseudodiploria203145,-0.505536015462096
Pseudodiploria203146,-1.43323731498459
Pseudodiploria203147,-0.233805868322447
Pseudodiploria203148,0.131307949927798
Pseudodiploria203149,0.272072687417061
Pseudodiploria203150,-0.267782746767811
Pseudodiploria203154,0.0462787076136867
Pseudodiploria203155,-0.351082347376018
Pseudodiploria203156,-0.824722412969051
Pseudodiploria203157,-0.233469398859492
Pseudodiploria203160,0.00968622227714283
Pseudodiploria203161,-0.571902590298334
Pseudodiploria203164,-0.0606856285412015
Pseudodiploria203167,-0.100446819729749
Pseudodiploria203168,0.411710244391904
Pseudodiploria203170,0.257576073256004
Pseudodiploria203171,-0.224134626864488
Pseudodiploria203172,-0.048424603476715
Pseudodiploria203173,0.137164010711065
Pseudodiploria203174,0.15443880315726
Pseudodiploria203175,0.589181190653571
Pseudodiploria203178,-0.201156274194567
Pseudodiploria203180,-0.535763198347376
Pseudodiploria203181,-0.16596232674213
Pseudodiploria203182,0.0565746078486751
Pseudodiploria203184,0.274774758199459
Pseudodiploria203185,0.0286378631375224
Pseudodiploria203186,-0.0409188749775926
Pseudodiploria203187,-0.36737610938133
Pseudodiploria203189,-0.341478713272573
Pseudodiploria203190,-0.981194570840592
Pseudodiploria203191,-0.399365833007791
Pseudodiploria203193,0.208518848925845
Pseudodiploria203194,0.0119509993573653
Pseudodiploria203196,-0.295839198579418
Pseudodiploria203197,0.288293131518493
Pseudodiploria203198,-0.325832345569658
Pseudodiploria203200,0.149306436340851
Pseudodiploria203202,-1.29814935653149
Pseudodiploria203204,0.104010533909
Pseudodiploria203205,1.86260785093658
Pseudodiploria203206,-0.378896967196781
Pseudodiploria203207,-0.824901193530812
Pseudodiploria203208,0.21318224174137
Pseudodiploria203210,-0.116945842273443
Pseudodiploria203211,0.605543407321972
Pseudodiploria203212,-0.242174580723001
Pseudodiploria203213,-0.521900293260083
Pseudodiploria203214,0.861133504277051
Pseudodiploria203215,-0.0801603989107196
Pseudodiploria203217,-0.108423808029193
Pseudodiploria203218,-0.0670037075013198
Pseudodiploria203219,0.130458144392535
Pseudodiploria203220,0.0706691889336814
Pseudodiploria203222,0.125579246104746
Pseudodiploria203223,1.52674486995421
Pseudodiploria203224,-0.353579840111968
Pseudodiploria203225,-0.0794786910248259
Pseudodiploria203227,0.977760703435189
Pseudodiploria203230,-0.703544263156643
Pseudodiploria203231,-0.701789984416444
Pseudodiploria203232,-0.1990100409865
Pseudodiploria203237,0.16591878114896
Pseudodiploria203238,0.62925068628589
Pseudodiploria203239,-0.404320012083929
Pseudodiploria203240,-0.0407546608510268
Pseudodiploria203241,1.30013106880275
Pseudodiploria203243,0.0800386972934251
Pseudodiploria203244,-0.604944243036233
Pseudodiploria203245,-0.0597264621302726
Pseudodiploria203246,0.62956945345107
Pseudodiploria203247,0.0150079791032109
Pseudodiploria203248,-0.19597560553127
Pseudodiploria203250,0.293539077997661
Pseudodiploria203252,0.227331028757602
Pseudodiploria203253,0.0514397323927775
Pseudodiploria203254,0.830464958075265
Pseudodiploria203255,0.594673420175905
Pseudodiploria203256,0.149924592006945
Pseudodiploria203257,0.17131918907719
Pseudodiploria203258,-0.186160951936524
Pseudodiploria203259,0.517368293648147
Pseudodiploria203260,0.215233598697518
Pseudodiploria203263,0.289676372239031
Pseudodiploria203265,-0.12166500720222
Pseudodiploria203267,0.326737350000587
Pseudodiploria203269,-0.348237095073423
Pseudodiploria203270,-0.100212842204305
Pseudodiploria203272,0.124118178886596
Pseudodiploria203273,-0.00934006075942615
Pseudodiploria203275,1.23127612722825
Pseudodiploria203276,-1.06768572250667
Pseudodiploria203277,-0.353816102470003
Pseudodiploria203278,0.123992063326112
Pseudodiploria203279,-0.234071630992413
Pseudodiploria203280,0.231077608679239
Pseudodiploria203281,0.0127690734275456
Pseudodiploria203282,-0.53581130510042
Pseudodiploria203283,-0.557627456030194
Pseudodiploria203285,-1.9501459872941
Pseudodiploria203286,1.29587995001457
Pseudodiploria203287,0.195685812109258
Pseudodiploria203288,-0.244666040124432
Pseudodiploria203289,0.0331970310319303
Pseudodiploria203290,-0.143838394961961
Pseudodiploria203291,-0.318730622495754
Pseudodiploria203292,0.212350544222277
Pseudodiploria203296,-0.0519296019033751
Pseudodiploria203298,0.104250126005133
Pseudodiploria203299,-0.017887180096322
Pseudodiploria203301,0.285705298263603
Pseudodiploria203303,0.0347953770611491
Pseudodiploria203304,0.186461691995083
Pseudodiploria203305,1.07143646710178
Pseudodiploria203306,0.936128222143366
Pseudodiploria203308,-0.041842386375192
Pseudodiploria203310,0.10372032225616
Pseudodiploria203312,-0.251482280355851
Pseudodiploria203313,0.00645576059384778
Pseudodiploria203314,0.0631661091277722
Pseudodiploria203316,0.246871220511115
Pseudodiploria203319,0.250980796165352
Pseudodiploria203320,0.617654840255775
Pseudodiploria203321,0.567380539603641
Pseudodiploria203322,0.205177681003648
Pseudodiploria203323,1.79483605593761
Pseudodiploria203324,-0.142777533668707
Pseudodiploria203325,1.0505066512823
Pseudodiploria203326,-0.276734067645952
Pseudodiploria203327,0.44249252291266
Pseudodiploria203328,0.0905502485077909
Pseudodiploria203329,0.514427496852332
Pseudodiploria203331,0.836073588516436
Pseudodiploria203332,0.158304333223007
Pseudodiploria203333,-0.340947236846452
Pseudodiploria203335,0.0327331840254429
Pseudodiploria203336,-0.45028640882531
Pseudodiploria203338,-0.0436433129347439
Pseudodiploria203339,-0.28467013327697
Pseudodiploria203340,-0.317307009606601
Pseudodiploria203341,-0.0225617951790886
Pseudodiploria203342,0.251971353148029
Pseudodiploria203343,-0.127644571219699
Pseudodiploria203344,0.347029668125171
Pseudodiploria203345,-1.44937099543154
Pseudodiploria203346,0.619346152897972
Pseudodiploria203347,0.176431392001468
Pseudodiploria203350,0.516459560761681
Pseudodiploria203351,-0.117611125988551
Pseudodiploria203352,0.0410402227183477
Pseudodiploria203354,-0.162533390522219
Pseudodiploria203355,0.184677620997633
Pseudodiploria203358,-0.0015180616578791
Pseudodiploria203359,0.418003970923493
Pseudodiploria203361,0.116823812238817
Pseudodiploria203362,0.0263349359081335
Pseudodiploria203363,0.377512208976172
Pseudodiploria203364,0.50218196024923
Pseudodiploria203365,-0.0197590056054287
Pseudodiploria203368,0.127153061321167
Pseudodiploria203369,0.301741584582115
Pseudodiploria203370,-0.73432291003908
Pseudodiploria203371,-1.30962341342544
Pseudodiploria203372,0.40816066159563
Pseudodiploria203373,-0.0917780369975128
Pseudodiploria203374,0.0406232793687584
Pseudodiploria203375,0.100629003293364
Pseudodiploria203376,-0.439354096565019
Pseudodiploria203379,-0.259125409907327
Pseudodiploria203381,0.614551628474895
Pseudodiploria203382,-0.0203471099407456
Pseudodiploria203383,-0.230830523792588
Pseudodiploria203384,-0.246126779111852
Pseudodiploria203385,-0.107804854680875
Pseudodiploria203386,0.156459291954877
Pseudodiploria203387,0.153702951404134
Pseudodiploria203388,0.104199132432299
Pseudodiploria203389,-0.263227454184442
Pseudodiploria203390,0.0899029420820504
Pseudodiploria203391,-0.0631196420283456
Pseudodiploria203393,-1.80152117819807
Pseudodiploria203394,0.228834466496086
Pseudodiploria203395,-0.948120317562311
Pseudodiploria203397,0.766489944530941
Pseudodiploria203398,-0.232452115150122
Pseudodiploria203399,0.100213197830651
Pseudodiploria203400,-0.834882024460012
Pseudodiploria203401,0.0389104859007792
Pseudodiploria203402,-0.0473806093691454
Pseudodiploria203404,0.125403530290583
Pseudodiploria203405,-0.295655127645901
Pseudodiploria203406,0.540830817344949
Pseudodiploria203407,0.494762303630918
Pseudodiploria203408,0.364672091394688
Pseudodiploria203409,0.0557470546339662
Pseudodiploria203410,0.247024336291621
Pseudodiploria203411,-0.00515619237409096
Pseudodiploria203413,-0.0342207790950608
Pseudodiploria203414,-0.00967681848936537
Pseudodiploria203415,0.0656438583712893
Pseudodiploria203416,0.292496118232232
Pseudodiploria203418,0.137844265939082
Pseudodiploria203419,0.565746269901299
Pseudodiploria203420,-0.198558542366062
Pseudodiploria203421,0.071146601159959
Pseudodiploria203422,-0.909686983411349
Pseudodiploria203423,0.0144587555196335
Pseudodiploria203429,0.369227812282597
Pseudodiploria203430,-0.310823364073613
Pseudodiploria203431,0.0513801489416351
Pseudodiploria203432,-0.0519630325568463
Pseudodiploria203433,0.0712537994022248
Pseudodiploria203434,0.0117379503495879
Pseudodiploria203435,-0.0344474699047071
Pseudodiploria203436,0.703766265111713
Pseudodiploria203437,-0.0588836495421511
Pseudodiploria203438,0.351301995698903
Pseudodiploria203439,-0.564940443755233
Pseudodiploria203441,0.284805552372332
Pseudodiploria203443,-0.412812327783323
Pseudodiploria203444,-1.08822064938527
Pseudodiploria203445,0.190344425991304
Pseudodiploria203447,0.11577629045709
Pseudodiploria203448,-0.62539768442565
Pseudodiploria203449,-0.167551956042053
Pseudodiploria203451,0.165224092561528
Pseudodiploria203452,-0.0538060740500185
Pseudodiploria203454,0.223487334473276
Pseudodiploria203455,-0.303475313281408
Pseudodiploria203456,0.813093335179111
Pseudodiploria203458,-0.179511368228728
Pseudodiploria203459,-0.186307866771374
Pseudodiploria203460,0.314781100012563
Pseudodiploria203461,0.0671853344203645
Pseudodiploria203463,-0.0257672625803062
Pseudodiploria203465,0.218682911955333
Pseudodiploria203466,-0.0599152209688531
Pseudodiploria203467,-0.0321552502939008
Pseudodiploria203468,0.0366114153454012
Pseudodiploria203470,-0.499949273273299
Pseudodiploria203471,-0.184745259708357
Pseudodiploria203473,-0.151689825723558
Pseudodiploria203474,0.174958460453474
Pseudodiploria203477,-0.210403598672942
Pseudodiploria203480,-0.0802508204586444
Pseudodiploria203481,-0.305949740714945
Pseudodiploria203483,0.725697963653365
Pseudodiploria203485,0.0396662588709
Pseudodiploria203486,-0.114259054757249
Pseudodiploria203488,-0.0831670920423607
Pseudodiploria203490,-0.000338007405120189
Pseudodiploria203491,0.377600793264544
Pseudodiploria203493,-0.486678933724883
Pseudodiploria203494,-0.695094267918046
Pseudodiploria203495,-0.180882080273592
Pseudodiploria203496,-0.514028217792213
Pseudodiploria203497,-0.389013615878403
Pseudodiploria203498,-0.0736434776067122
Pseudodiploria203499,-0.524496312583174
Pseudodiploria203500,0.212815148829748
Pseudodiploria203501,-0.0207331150864755
Pseudodiploria203502,0.433667108228916
Pseudodiploria203503,0.515337474264356
Pseudodiploria203504,-0.215525637165448
Pseudodiploria203507,-0.106033521061924
Pseudodiploria203508,-0.66532979231181
Pseudodiploria203509,-0.409495088477162
Pseudodiploria203510,0.26678606516037
Pseudodiploria203511,0.58124355741476
Pseudodiploria203514,-0.0806563354031844
Pseudodiploria203515,0.861539755807977
Pseudodiploria203516,-0.174650522835885
Pseudodiploria203517,-0.398645138713477
Pseudodiploria203519,0.0070129972309449
Pseudodiploria203520,-0.0268456706674291
Pseudodiploria203521,0.140803540487627
Pseudodiploria203522,0.66348871839208
Pseudodiploria203523,0.136050778840064
Pseudodiploria203525,-0.0918128657950218
Pseudodiploria203526,-1.1314574976563
Pseudodiploria203528,0.11064551782971
Pseudodiploria203529,0.206987335017001
Pseudodiploria203530,-0.203617778368044
Pseudodiploria203532,-0.404031873918053
Pseudodiploria203533,0.346374821954337
Pseudodiploria203536,0.625703581081641
Pseudodiploria203537,-0.617475228000994
Pseudodiploria203538,-0.146051402774747
Pseudodiploria203539,-0.117889395572692
Pseudodiploria203540,-0.422837404094029
Pseudodiploria203541,-0.135122334266482
Pseudodiploria203542,-0.0644339410598189
Pseudodiploria203543,-0.827932495384814
Pseudodiploria203544,0.140585029450111
Pseudodiploria203545,-0.320790887806686
Pseudodiploria203546,-0.253178900768992
Pseudodiploria203547,-1.39666102444165
Pseudodiploria203548,-0.195558542808033
Pseudodiploria203549,0.145533574410845
Pseudodiploria203550,-0.407603230585046
Pseudodiploria203551,-1.19961655947732
Pseudodiploria203553,-0.155420762668179
Pseudodiploria203554,-0.220533320345935
Pseudodiploria203555,0.0858672672459733
Pseudodiploria203556,-0.117501175702349
Pseudodiploria203557,0.0894834588083656
Pseudodiploria203558,-0.298510243905678
Pseudodiploria203560,-0.106585661078459
Pseudodiploria203561,-0.599921537020655
Pseudodiploria203562,0.180794348638473
Pseudodiploria203564,-0.986899652683033
Pseudodiploria203565,0.311503288500218
Pseudodiploria203567,0.290938815314912
Pseudodiploria203568,-0.201536642219882
Pseudodiploria203569,0.700942496852218
Pseudodiploria203570,0.0463206166907263
Pseudodiploria203571,0.0165974781964687
Pseudodiploria203572,-0.170603798616746
Pseudodiploria203573,-0.740649034102415
Pseudodiploria203574,-0.279370096791674
Pseudodiploria203577,1.04174616735284
Pseudodiploria203578,0.0106692614752576
Pseudodiploria203579,-0.0585228336426813
Pseudodiploria203580,0.10598243305557
Pseudodiploria203581,-0.244774193057656
Pseudodiploria203582,0.0384829531746747
Pseudodiploria203583,-0.0630869700620341
Pseudodiploria203584,0.0264764154988809
Pseudodiploria203585,-0.23437189548475
Pseudodiploria203586,0.391494536064973
Pseudodiploria203587,0.0962378381757294
Pseudodiploria203589,0.307379244317947
Pseudodiploria203590,-0.113080051425899
Pseudodiploria203591,0.154555767114515
Pseudodiploria203593,0.440168432350752
Pseudodiploria203594,-0.06767039827979
Pseudodiploria203595,-0.0129169908268756
Pseudodiploria203597,-0.60690947716474
Pseudodiploria203598,-0.00676671651943566
Pseudodiploria203599,0.0152897886384434
Pseudodiploria203600,1.16488076091722
Pseudodiploria203601,-0.71094247303972
Pseudodiploria203602,-0.323305135617322
Pseudodiploria203603,0.37383342566169
Pseudodiploria203604,-0.00216967402613807
Pseudodiploria203605,0.54024422844591
Pseudodiploria203606,-0.146666297549059
Pseudodiploria203607,0.683729163074377
Pseudodiploria203608,-0.210897253314428
Pseudodiploria203609,-0.101648868581838
Pseudodiploria203610,0.193219095224567
Pseudodiploria203611,0.178234115356067
Pseudodiploria203612,0.148161060941861
Pseudodiploria203613,-0.40310427434512
Pseudodiploria203616,0.21676583255601
Pseudodiploria203617,-0.247926754263305
Pseudodiploria203618,0.2296944418955
Pseudodiploria203619,0.147721691650283
Pseudodiploria203620,-0.330095207469387
Pseudodiploria203622,-0.139464061052912
Pseudodiploria203623,-0.230468429179036
Pseudodiploria203625,-0.118765234858534
Pseudodiploria203626,0.172369827737063
Pseudodiploria203627,-0.171508815038999
Pseudodiploria203628,0.0134385776510768
Pseudodiploria203629,-0.763423827477724
Pseudodiploria203630,0.201242543922303
Pseudodiploria203632,0.107992806346413
Pseudodiploria203633,0.375838092840238
Pseudodiploria203634,0.290187891211439
Pseudodiploria203635,0.0267155867854129
Pseudodiploria203636,-0.134479506568951
Pseudodiploria203637,0.106993420849288
Pseudodiploria203638,-0.317527411012752
Pseudodiploria203640,0.131610521668092
Pseudodiploria203642,0.410870733260188
Pseudodiploria203644,0.252211912199004
Pseudodiploria203645,-0.00760710912994099
Pseudodiploria203646,0.085338184534554
Pseudodiploria203647,-0.324143410671468
Pseudodiploria203649,0.169226706612925
Pseudodiploria203650,0.176857258895675
Pseudodiploria203651,0.152779782016986
Pseudodiploria203652,0.213825715866401
Pseudodiploria203653,0.444245230007767
Pseudodiploria203654,-0.38819528332729
Pseudodiploria203655,0.285724529081915
Pseudodiploria203656,0.329221397759093
Pseudodiploria203658,0.058345316086615
Pseudodiploria203659,0.267566947430795
Pseudodiploria203660,0.23952957229769
Pseudodiploria203661,-0.0728445164341311
Pseudodiploria203662,0.15334550130501
Pseudodiploria203663,0.92462203437732
Pseudodiploria203665,-0.20205143152553
Pseudodiploria203667,0.346535171928201
Pseudodiploria203668,0.598603526060379
Pseudodiploria203669,-0.155473092497765
Pseudodiploria203670,-0.121397999895641
Pseudodiploria203671,-0.0185971565137134
Pseudodiploria203672,0.290063699201841
Pseudodiploria203673,-1.14851288433813
Pseudodiploria203674,0.426924097971806
Pseudodiploria203675,-0.25266458294573
Pseudodiploria203677,0.528752205500888
Pseudodiploria203679,-0.450122181817298
Pseudodiploria203680,-0.451419476094118
Pseudodiploria203681,-0.369037590903918
Pseudodiploria203683,-0.0470918437479933
Pseudodiploria203684,0.0159502817990178
Pseudodiploria203685,-0.189334862084215
Pseudodiploria203686,0.544665217990557
Pseudodiploria203687,-0.57394502427327
Pseudodiploria203688,0.307129996890416
Pseudodiploria203689,0.265653956603317
Pseudodiploria203690,-0.122827303127648
Pseudodiploria203692,0.896334051937878
Pseudodiploria203696,-0.323849095486246
Pseudodiploria203697,-0.174521728522798
Pseudodiploria203699,-0.152077473822775
Pseudodiploria203700,-0.101915153089814
Pseudodiploria203701,0.228994339312738
Pseudodiploria203703,0.164390216334282
Pseudodiploria203704,0.00918320126756026
Pseudodiploria203705,-0.282676844732572
Pseudodiploria203706,-0.926867402634655
Pseudodiploria203707,0.447799903553727
Pseudodiploria203708,0.0963098897919853
Pseudodiploria203709,0.677216058392788
Pseudodiploria203710,-0.245938724809043
Pseudodiploria203711,-0.554504597050749
Pseudodiploria203712,-0.0158420976488976
Pseudodiploria203713,-0.459335093561899
Pseudodiploria203714,0.0975457749796493
Pseudodiploria203715,-0.0536337470534705
Pseudodiploria203716,0.177144340375457
Pseudodiploria203719,0.0652909966052834
Pseudodiploria203720,0.382675691206852
Pseudodiploria203722,1.09132918738524
Pseudodiploria203725,0.363229122492079
Pseudodiploria203726,-0.384856464241265
Pseudodiploria203727,-0.319782909666223
Pseudodiploria203728,-0.0961690305861545
Pseudodiploria203729,0.145020686750269
Pseudodiploria203730,-1.23437215597906
Pseudodiploria203731,-0.358937618389252
Pseudodiploria203732,-0.151121884219801
Pseudodiploria203733,0.480742549865535
Pseudodiploria203735,0.0479370341307459
Pseudodiploria203736,-0.00810078421513638
Pseudodiploria203737,0.0650221867348298
Pseudodiploria203738,-0.365465198821566
Pseudodiploria203739,0.26298740757797
Pseudodiploria203740,0.0202201806820443
Pseudodiploria203741,-0.224691336131175
Pseudodiploria203742,0.134629051280845
Pseudodiploria203743,-0.441402080520774
Pseudodiploria203744,-0.0824786322977923
Pseudodiploria203746,0.510115696474187
Pseudodiploria203747,0.0301906276739647
Pseudodiploria203748,-0.175818895530847
Pseudodiploria203749,0.267775014857559
Pseudodiploria203750,-0.487213353523388
Pseudodiploria203753,0.39763502753392
Pseudodiploria203754,-0.406380968916045
Pseudodiploria203755,0.105806440330447
Pseudodiploria203756,-0.300939971264093
Pseudodiploria203757,-0.61110287681773
Pseudodiploria203758,0.224570113439436
Pseudodiploria203759,-0.656968226135565
Pseudodiploria203762,0.136238877175277
Pseudodiploria203764,0.0696223787021323
Pseudodiploria203765,-0.268624768708901
Pseudodiploria203766,0.475856906267082
Pseudodiploria203769,0.0569312847335227
Pseudodiploria203771,0.18635574250054
Pseudodiploria203772,0.323924118915026
Pseudodiploria203773,-0.973822751970509
Pseudodiploria203775,0.296582322778918
Pseudodiploria203776,-1.5213605639997
Pseudodiploria203777,-0.136651603435262
Pseudodiploria203778,0.284120746932125
Pseudodiploria203779,0.0617999587809462
Pseudodiploria203781,-0.192889824033542
Pseudodiploria203783,0.441322820999087
Pseudodiploria203787,0.605569841715319
Pseudodiploria203788,-0.0311987094307842
Pseudodiploria203789,-0.230271552288427
Pseudodiploria203790,-0.28242995255723
Pseudodiploria203792,-0.460115183451217
Pseudodiploria203793,0.0465038934476374
Pseudodiploria203794,0.276559420760559
Pseudodiploria203795,-0.272197568320212
Pseudodiploria203796,-0.205364188394324
Pseudodiploria203797,-0.34523434149366
Pseudodiploria203798,0.456198211850904
Pseudodiploria203799,-0.468805642868132
Pseudodiploria203801,-0.779368158447964
Pseudodiploria203802,-0.477585358385116
Pseudodiploria203803,-0.530526789138346
Pseudodiploria203804,0.645657004621719
Pseudodiploria203805,-0.208750560755063
Pseudodiploria203806,0.106124664196454
Pseudodiploria203807,-1.01107205515804
Pseudodiploria203808,-0.406830544490077
Pseudodiploria203809,0.0871857451226468
Pseudodiploria203810,-0.20111279127979
Pseudodiploria203811,-0.0398680145002661
Pseudodiploria203812,0.138357247519178
Pseudodiploria203813,-0.15536806915751
Pseudodiploria203814,-0.71646713158731
Pseudodiploria203815,0.335226307447064
Pseudodiploria203816,0.146306428132456
Pseudodiploria203817,-0.386230260336779
Pseudodiploria203818,0.539274612118575
Pseudodiploria203819,-0.300428705890419
Pseudodiploria203820,-0.0121717194197559
Pseudodiploria203822,0.666344068468251
Pseudodiploria203823,0.537914853435753
Pseudodiploria203824,0.113306330813784
Pseudodiploria203825,0.386736234411822
Pseudodiploria203827,0.723101914372628
Pseudodiploria203828,-0.0807724645027104
Pseudodiploria203829,-0.0923864993287382
Pseudodiploria203830,-0.233270178049094
Pseudodiploria203832,0.138909555687461
Pseudodiploria203833,-0.00895652905161252
Pseudodiploria203835,-0.31128166181509
Pseudodiploria203837,-0.279438881651746
Pseudodiploria203838,-1.28147720452795
Pseudodiploria203840,-0.0407491998139734
Pseudodiploria203842,0.228786237454553
Pseudodiploria203843,0.175718987533046
Pseudodiploria203845,-0.31234453927277
Pseudodiploria203846,-1.09368169151407
Pseudodiploria203849,-0.735772865133179
Pseudodiploria203850,0.590059305827964
Pseudodiploria203852,0.0742522736056003
Pseudodiploria203853,-0.507987386267814
Pseudodiploria203854,-0.182567275882019
Pseudodiploria203855,0.139661949239252
Pseudodiploria203856,0.364575412604295
Pseudodiploria203857,-1.34697397884734
Pseudodiploria203859,-0.550655134636127
Pseudodiploria203860,-0.379004015485046
Pseudodiploria203861,-0.230991827742765
Pseudodiploria203863,0.291747574039878
Pseudodiploria203865,-0.458261594343126
Pseudodiploria203866,-0.44148873721948
Pseudodiploria203867,-1.24871249212882
Pseudodiploria203868,1.53242758244937
Pseudodiploria203869,-0.447442002281525
Pseudodiploria203871,0.358939616116798
Pseudodiploria203873,0.378100226437016
Pseudodiploria203874,0.263534029275972
Pseudodiploria203875,0.121796574782046
Pseudodiploria203876,0.12720561927353
Pseudodiploria203877,-0.101217203693091
Pseudodiploria203878,0.195277438781067
Pseudodiploria203879,-0.338008053333894
Pseudodiploria203880,-0.222485199430994
Pseudodiploria203881,0.486489197663934
Pseudodiploria203882,0.202720785704048
Pseudodiploria203884,0.234474666979064
Pseudodiploria203885,0.114026313145082
Pseudodiploria203886,-0.477982317596658
Pseudodiploria203887,0.60962150945889
Pseudodiploria203888,-0.649544571160601
Pseudodiploria203889,-0.114942775920058
Pseudodiploria203890,0.125262249793435
Pseudodiploria203892,0.673641986258329
Pseudodiploria203893,-0.17906837316112
Pseudodiploria203894,0.306299445597772
Pseudodiploria203896,-0.237355227700442
Pseudodiploria203897,-0.0276209268109482
Pseudodiploria203899,0.0342729229331142
Pseudodiploria203900,-0.330170038703796
Pseudodiploria203901,-0.0532369412113781
Pseudodiploria203902,-1.0348443731397
Pseudodiploria203904,-0.133877320688149
Pseudodiploria203907,0.846522437655237
Pseudodiploria203909,-0.433179556930146
Pseudodiploria203910,0.0483434639213053
Pseudodiploria203911,0.0738827679555716
Pseudodiploria203912,-1.62272255427468
Pseudodiploria203913,0.74213890152011
Pseudodiploria203914,0.430701019802846
Pseudodiploria203915,-0.543730759313809
Pseudodiploria203916,0.269209968327584
Pseudodiploria203917,0.433334377378323
Pseudodiploria203918,-0.554651006893509
Pseudodiploria203919,-0.0449646595551898
Pseudodiploria203920,-0.08138128158592
Pseudodiploria203922,-0.588766501452762
Pseudodiploria203924,0.184051381473025
Pseudodiploria203925,0.672784862103954
Pseudodiploria203926,-0.145884060586504
Pseudodiploria203927,-0.18343284691893
Pseudodiploria203928,-0.0782622143947054
Pseudodiploria203929,0.299571835351826
Pseudodiploria203932,0.193989821554565
Pseudodiploria203933,-0.484259795171986
Pseudodiploria203934,-0.196462855062066
Pseudodiploria203936,-0.0490054808046749
Pseudodiploria203937,-0.691617899665004
Pseudodiploria203938,-0.305085929128455
Pseudodiploria203940,-0.0345673399182218
Pseudodiploria203941,0.0524545998143712
Pseudodiploria203942,-0.139114688755184
Pseudodiploria203943,0.772703187965776
Pseudodiploria203944,-0.467237006228061
Pseudodiploria203945,-0.428840882465012
Pseudodiploria203947,-0.673278680326689
Pseudodiploria203948,0.0142378618893338
Pseudodiploria203949,0.717694419184028
Pseudodiploria203950,0.203992908855158
Pseudodiploria203951,0.0618397915676646
Pseudodiploria203953,0.750365730612512
Pseudodiploria203955,-1.10351217729891
Pseudodiploria203956,-0.304561435138924
Pseudodiploria203957,-0.029902351876607
Pseudodiploria203960,0.62900823024461
Pseudodiploria203961,0.0816747919030119
Pseudodiploria203962,0.254518319276548
Pseudodiploria203963,-0.498718034831165
Pseudodiploria203965,0.128285990732411
Pseudodiploria203966,0.015119927674279
Pseudodiploria203967,-0.00423099245867045
Pseudodiploria203968,-0.141695941069114
Pseudodiploria203969,-0.156004599395757
Pseudodiploria203970,0.546474679921953
Pseudodiploria203972,0.367825746293495
Pseudodiploria203973,-0.657037487591277
Pseudodiploria203974,-0.222248841145583
Pseudodiploria203975,-0.191237931707397
Pseudodiploria203979,-0.17574281978233
Pseudodiploria203980,-0.109221019604344
Pseudodiploria203981,0.0290378876983274
Pseudodiploria203982,-0.112119166403862
Pseudodiploria203983,-0.274274979491478
Pseudodiploria203984,0.157400779826153
Pseudodiploria203985,0.657142374810429
Pseudodiploria203989,-0.562466935472834
Pseudodiploria203990,0.530509080555244
Pseudodiploria203991,-0.253964291992866
Pseudodiploria203992,-0.208528365332516
Pseudodiploria203993,0.623848691439294
Pseudodiploria203995,-0.434677194201977
Pseudodiploria203996,0.0118135489273278
Pseudodiploria203997,0.192961252911363
Pseudodiploria203998,-0.0264564390072064
Pseudodiploria203999,-0.749509268867365
Pseudodiploria204000,-0.300901007899446
Pseudodiploria204001,0.473787446888324
Pseudodiploria204003,-0.15204463122985
Pseudodiploria204004,0.286872396622698
Pseudodiploria204005,0.226325749484832
Pseudodiploria204006,0.169266372793331
Pseudodiploria204007,-0.0836718364763146
Pseudodiploria204008,-0.207732401031592
Pseudodiploria204009,0.216126899297937
Pseudodiploria204010,0.0982056607419887
Pseudodiploria204011,-0.165907984220567
Pseudodiploria204012,-0.111219695094273
Pseudodiploria204016,-0.45561107888635
Pseudodiploria204017,0.039341937495086
Pseudodiploria204018,0.286815589638563
Pseudodiploria204019,1.15081107027437
Pseudodiploria204020,0.01827472652101
Pseudodiploria204021,-1.01146104944072
Pseudodiploria204024,0.032811804646089
Pseudodiploria204025,0.0298606637408189
Pseudodiploria204026,0.148789162592563
Pseudodiploria204027,-0.261751756111143
Pseudodiploria204028,-0.226898605270697
Pseudodiploria204029,-0.070849574191608
Pseudodiploria204030,-0.313923137904431
Pseudodiploria204031,-0.0208377466409455
Pseudodiploria204032,-0.00837094610639239
Pseudodiploria204033,-0.0325803775563518
Pseudodiploria204034,-0.272893760471937
Pseudodiploria204036,0.0525916261713907
Pseudodiploria204039,-0.300816520422011
Pseudodiploria204040,0.187270902914283
Pseudodiploria204041,-0.053264653424459
Pseudodiploria204042,-0.573366710508221
Pseudodiploria204043,0.167824772794573
Pseudodiploria204044,-1.73145041264654
Pseudodiploria204045,0.216476802171283
Pseudodiploria204046,0.00346868890774183
Pseudodiploria204047,-0.341186282051237
Pseudodiploria204048,-0.837421208821992
Pseudodiploria204049,-1.32068400836144
Pseudodiploria204050,0.113162713591643
Pseudodiploria204051,-0.864607803193106
Pseudodiploria204052,-0.0524356283495984
Pseudodiploria204053,0.950152941419988
Pseudodiploria204054,-0.613578743286545
Pseudodiploria204056,-0.256838653122565
Pseudodiploria204059,-0.134594301313258
Pseudodiploria204060,-1.07870966489255
Pseudodiploria204061,-0.306516890154356
Pseudodiploria204064,0.296241715936864
Pseudodiploria204066,-0.0677879742749082
Pseudodiploria204067,-0.46262002121942
Pseudodiploria204068,0.325513299253959
Pseudodiploria204071,-0.57950768672378
Pseudodiploria204072,-0.0292069896055567
Pseudodiploria204074,0.0294195762924125
Pseudodiploria204075,0.81813882872786
Pseudodiploria204077,-0.200042975180868
Pseudodiploria204078,0.364963559553609
Pseudodiploria204080,-0.251804110846101
Pseudodiploria204081,0.0688964304025208
Pseudodiploria204083,0.441248352905437
Pseudodiploria204084,0.414184078741923
Pseudodiploria204085,0.0767866744992458
Pseudodiploria204086,-0.655255548157976
Pseudodiploria204088,-0.406072037822248
Pseudodiploria204090,-0.234316247058291
Pseudodiploria204091,0.486063839570573
Pseudodiploria204093,-0.161385317595791
Pseudodiploria204094,0.0421940068159811
Pseudodiploria204095,0.029034524327525
Pseudodiploria204098,0.697070052039583
Pseudodiploria204099,0.917899095911533
Pseudodiploria204100,-0.672336532517374
Pseudodiploria204101,-0.218094986804527
Pseudodiploria204102,0.144229186276104
Pseudodiploria204103,-0.00700215391265794
Pseudodiploria204104,0.0587673473513775
Pseudodiploria204106,0.0370341684441064
Pseudodiploria204107,-0.112978998552751
Pseudodiploria204108,0.0428542246019119
Pseudodiploria204110,0.139737259998012
Pseudodiploria204111,-1.02362777130214
Pseudodiploria204112,-0.93670345190849
Pseudodiploria204113,0.33077418860324
Pseudodiploria204117,0.293036838473365
Pseudodiploria204118,-0.558127304043799
Pseudodiploria204119,-0.332577654040119
Pseudodiploria204120,0.530829370258689
Pseudodiploria204121,0.155334156306379
Pseudodiploria204123,-0.457467005133091
Pseudodiploria204126,0.167577982249674
Pseudodiploria204128,-0.136507465379122
Pseudodiploria204129,0.04807899078356
Pseudodiploria204131,0.181032284036995
Pseudodiploria204132,-0.11853217435369
Pseudodiploria204133,-0.349394290595418
Pseudodiploria204134,0.0547537611870558
Pseudodiploria204135,-0.11681515842511
Pseudodiploria204136,0.276020207493973
Pseudodiploria204137,0.780578871013642
Pseudodiploria204138,-0.325076837516954
Pseudodiploria204139,-0.294076813536699
Pseudodiploria204141,-0.175217030435198
Pseudodiploria204142,1.42771593870783
Pseudodiploria204144,-0.343843396757588
Pseudodiploria204146,0.196082779011407
Pseudodiploria204147,0.062395291277872
Pseudodiploria204148,0.0467594168893652
Pseudodiploria204150,-0.319589938814249
Pseudodiploria204151,-0.233535312790299
Pseudodiploria204152,0.174547735793948
Pseudodiploria204153,-0.144498660970996
Pseudodiploria204154,1.0335631167089
Pseudodiploria204155,-1.57287362911201
Pseudodiploria204156,-0.182517086907322
Pseudodiploria204157,-0.123277391795708
Pseudodiploria204158,-0.13569755536299
Pseudodiploria204159,-0.413798815786446
Pseudodiploria204161,-0.633293999976799
Pseudodiploria204162,-0.154401724503705
Pseudodiploria204163,0.53243415385797
Pseudodiploria204165,-0.46609542604082
Pseudodiploria204166,-0.347984107027907
Pseudodiploria204167,-0.190102114119291
Pseudodiploria204168,-0.0387445129185449
Pseudodiploria204169,-0.00687529930782166
Pseudodiploria204170,0.401679143017902
Pseudodiploria204172,0.152778387185897
Pseudodiploria204173,-0.193517898877506
Pseudodiploria204174,-0.409261228307676
Pseudodiploria204175,-0.50807368699998
Pseudodiploria204177,-0.0018088161777547
Pseudodiploria204178,-0.228965028119563
Pseudodiploria204179,0.00760705129261869
Pseudodiploria204180,0.0259105972640606
Pseudodiploria204181,0.0364962401923624
Pseudodiploria204182,0.268223839276937
Pseudodiploria204183,-0.936785182652993
Pseudodiploria204184,-0.551519683584913
Pseudodiploria204185,-0.0724498513857469
Pseudodiploria204188,0.0635005964451396
Pseudodiploria204189,-0.600869257895682
Pseudodiploria204192,1.39067237897618
Pseudodiploria204194,-1.55068555886358
Pseudodiploria204195,-0.555459987587798
Pseudodiploria204196,0.0257413401114751
Pseudodiploria204197,0.715181541936731
Pseudodiploria204199,-0.630714928217521
Pseudodiploria204200,-0.0173459179883359
Pseudodiploria204201,-0.39961668182271
Pseudodiploria204202,0.205210691502235
Pseudodiploria204204,-0.16465007148028
Pseudodiploria204206,0.822096842446925
Pseudodiploria204207,0.448594611102883
Pseudodiploria204208,0.175832180873737
Pseudodiploria204209,-0.329033896362893
Pseudodiploria204210,-0.0347624888071551
Pseudodiploria204212,-0.18710870726515
Pseudodiploria204213,-0.0600842882512291
Pseudodiploria204215,0.689572257118603
Pseudodiploria204217,-0.645656502339217
Pseudodiploria204218,-0.316858334718824
Pseudodiploria204219,0.708707357401035
Pseudodiploria204220,-0.449317125976898
Pseudodiploria204221,0.24177758351488
Pseudodiploria204222,-0.0517857353454822
Pseudodiploria204223,-0.352138981449634
Pseudodiploria204224,0.182445759967272
Pseudodiploria204228,-0.134230481720013
Pseudodiploria204229,-0.119161626564362
Pseudodiploria204230,-0.536248270102852
Pseudodiploria204231,0.203801906607978
Pseudodiploria204232,-0.300802408300869
Pseudodiploria204233,0.281258148051669
Pseudodiploria204235,0.615770165824888
Pseudodiploria204236,0.835762298528876
Pseudodiploria204239,-0.0667985872024672
Pseudodiploria204240,-0.185192545393752
Pseudodiploria204241,0.585235144701835
Pseudodiploria204242,-0.0383876779090188
Pseudodiploria204243,0.180388727374728
Pseudodiploria204244,0.047092769904424
Pseudodiploria204245,-0.396452634801805
Pseudodiploria204247,0.546733700114991
Pseudodiploria204248,-0.261430683922552
Pseudodiploria204250,-0.206764491828645
Pseudodiploria204251,1.46575939918337
Pseudodiploria204253,-0.152735706083679
Pseudodiploria204254,-0.0232120796940199
Pseudodiploria204255,0.608311163960891
Pseudodiploria204257,0.552847339293036
Pseudodiploria204258,-0.354866150004468
Pseudodiploria204259,-0.175303817868535
Pseudodiploria204260,0.158261941426395
Pseudodiploria204263,0.334803042096845
Pseudodiploria204265,0.148607712543536
Pseudodiploria204266,0.249886832930401
Pseudodiploria204267,-0.419964724694273
Pseudodiploria204269,0.0557819465346988
Pseudodiploria204270,0.459722500243517
Pseudodiploria204271,0.168071675549853
Pseudodiploria204272,0.0813441724121444
Pseudodiploria204273,0.28942624639912
Pseudodiploria204274,0.310154502990664
Pseudodiploria204275,0.244705905709662
Pseudodiploria204276,-0.059575287762382
Pseudodiploria204277,0.0317373524262974
Pseudodiploria204279,-1.39447149743569
Pseudodiploria204280,-0.0330217720714358
Pseudodiploria204282,-0.177836030190738
Pseudodiploria204283,-0.210996525489803
Pseudodiploria204284,0.326945413011651
Pseudodiploria204285,-0.128255890696437
Pseudodiploria204287,-0.446830491852305
Pseudodiploria204288,0.158103454556342
Pseudodiploria204289,-0.044004177403258
Pseudodiploria204290,0.311070739881022
Pseudodiploria204291,0.507354388419432
Pseudodiploria204295,-0.00857734714419185
Pseudodiploria204298,-0.184554694703081
Pseudodiploria204299,0.196371864141431
Pseudodiploria204300,0.277556857125225
Pseudodiploria204302,-0.0375329491315969
Pseudodiploria204304,-0.465840154593743
Pseudodiploria204305,-0.617023401265369
Pseudodiploria204306,0.215084188411396
Pseudodiploria204307,0.386248271433097
Pseudodiploria204308,-0.507855534577565
Pseudodiploria204310,-0.0807974392317948
Pseudodiploria204311,-0.400329912403787
Pseudodiploria204313,-0.444255666486917
Pseudodiploria204316,-0.464389071006219
Pseudodiploria204317,-0.899718231003185
Pseudodiploria204318,-0.129782693851381
Pseudodiploria204319,0.130434769090109
Pseudodiploria204320,-0.354531946525485
Pseudodiploria204327,0.380550222099283
Pseudodiploria204328,-0.760616458610094
Pseudodiploria204329,0.49244114276659
Pseudodiploria204330,-0.15027041522371
Pseudodiploria204331,-0.192928616943398
Pseudodiploria204332,-0.655000298371475
Pseudodiploria204333,0.150955446922032
Pseudodiploria204334,0.255375534370829
Pseudodiploria204335,0.22287991565998
Pseudodiploria204336,0.0424380127274687
Pseudodiploria204337,0.214302324276506
Pseudodiploria204340,-0.242102179629787
Pseudodiploria204341,0.974148250899882
Pseudodiploria204342,-0.0272567364287015
Pseudodiploria204344,0.586874523731024
Pseudodiploria204345,0.00259836661235359
Pseudodiploria204346,-0.313484488599788
Pseudodiploria204347,1.18725650777304
Pseudodiploria204348,-0.182017197215742
Pseudodiploria204349,-0.365802454725947
Pseudodiploria204350,-0.327122980265042
Pseudodiploria204351,0.438676510845881
Pseudodiploria204354,0.827665900364606
Pseudodiploria204355,0.0726782205402732
Pseudodiploria204356,0.0632006699219884
Pseudodiploria204357,-0.781730589008573
Pseudodiploria204358,0.0246525648280921
Pseudodiploria204359,-0.470039245238919
Pseudodiploria204361,-0.609162578584373
Pseudodiploria204362,0.0756250753214783
Pseudodiploria204363,0.0317604117200733
Pseudodiploria204364,0.206633385109186
Pseudodiploria204365,0.232617731882795
Pseudodiploria204366,-0.189610996630789
Pseudodiploria204367,-0.319752615200169
Pseudodiploria204368,0.592410692366526
Pseudodiploria204369,-0.489268920411184
Pseudodiploria204370,-0.456333517206424
Pseudodiploria204371,-0.28061735701747
Pseudodiploria204372,-0.209885599780504
Pseudodiploria204373,-0.0244456510428793
Pseudodiploria204374,-0.0606734851780906
Pseudodiploria204376,-0.39134795583529
Pseudodiploria204377,0.0824487551679635
Pseudodiploria204378,0.151824058360262
Pseudodiploria204379,0.2304359821321
Pseudodiploria204380,-0.364782359851273
Pseudodiploria204382,-1.14255236946493
Pseudodiploria204384,-0.126273652748353
Pseudodiploria204385,-0.0338154875917038
Pseudodiploria204386,0.101740989294782
Pseudodiploria204387,-0.218378331272555
Pseudodiploria204388,0.357839207057664
Pseudodiploria204389,0.209992179265406
Pseudodiploria204390,-0.252649765001906
Pseudodiploria204391,0.541590184782527
Pseudodiploria204395,0.0454562290470337
Pseudodiploria204396,-0.141988729939082
Pseudodiploria204397,-0.0593850845979357
Pseudodiploria204398,1.75877683964671
Pseudodiploria204399,-0.116009914482424
Pseudodiploria204400,-0.363426965217684
Pseudodiploria204402,0.140723173952247
Pseudodiploria204404,-0.694985606864052
Pseudodiploria204405,-0.150939657507555
Pseudodiploria204406,-0.0286514602992051
Pseudodiploria204407,0.217668713625561
Pseudodiploria204409,0.594933951909436
Pseudodiploria204412,-0.355584004897035
Pseudodiploria204413,-0.200972552601034
Pseudodiploria204414,0.0538351816839523
Pseudodiploria204415,-0.180981219732625
Pseudodiploria204418,0.0947355626671614
Pseudodiploria204419,-0.961560151658747
Pseudodiploria204420,0.105006570391206
Pseudodiploria204421,0.407290483190453
Pseudodiploria204422,-0.185572083075846
Pseudodiploria204423,0.370240467913236
Pseudodiploria204424,-0.90374867520848
Pseudodiploria204425,-0.18809395731674
Pseudodiploria204430,0.228758576256748
Pseudodiploria204431,-0.0411013186425857
Pseudodiploria204432,-0.402611376396379
Pseudodiploria204433,0.611437216957089
Pseudodiploria204434,0.347126486001915
Pseudodiploria204435,-0.280489575357782
Pseudodiploria204436,-0.619897579497427
Pseudodiploria204437,0.298210154748364
Pseudodiploria204438,0.449558912385079
Pseudodiploria204440,0.0247815496424378
Pseudodiploria204441,-0.38335771435363
Pseudodiploria204442,-0.800856671053412
Pseudodiploria204443,0.375488846310196
Pseudodiploria204444,-0.254634689646264
Pseudodiploria204446,-0.708636861143438
Pseudodiploria204447,0.42378144227115
Pseudodiploria204448,-0.0762163164955675
Pseudodiploria204449,0.28631533375698
Pseudodiploria204452,-0.23104404015375
Pseudodiploria204455,-0.0272427902976886
Pseudodiploria204457,-0.194728423884352
Pseudodiploria204458,0.243758732405601
Pseudodiploria204459,0.130202677754208
Pseudodiploria204460,-0.282466014256383
Pseudodiploria204461,-0.064906992066945
Pseudodiploria204462,0.249729742664478
Pseudodiploria204464,-0.301346100882788
Pseudodiploria204468,0.411954286718751
Pseudodiploria204469,0.0687006694694415
Pseudodiploria204470,0.780957761785344
Pseudodiploria204472,-0.734192919295998
Pseudodiploria204473,-0.147917090597184
Pseudodiploria204474,-0.463624104018544
Pseudodiploria204476,0.563734173065916
Pseudodiploria204477,-0.033452792418939
Pseudodiploria204481,0.105987120179314
Pseudodiploria204483,0.0330028073419235
Pseudodiploria204484,0.0211304582382236
Pseudodiploria204485,0.0739841546768705
Pseudodiploria204486,-0.226447432805989
Pseudodiploria204488,0.128870427740914
Pseudodiploria204490,-0.178505486101489
Pseudodiploria204491,0.142762554591118
Pseudodiploria204492,0.0413757081780732
Pseudodiploria204493,-0.28205621777656
Pseudodiploria204495,0.107912701772708
Pseudodiploria204496,-0.12012376902399
Pseudodiploria204497,0.0704087755489756
Pseudodiploria204498,-0.0110807018329645
Pseudodiploria204499,-0.89335855885664
Pseudodiploria204500,0.258326244519335
Pseudodiploria204501,-0.18984082411447
Pseudodiploria204502,0.204322770713066
Pseudodiploria204503,-0.30339898543964
Pseudodiploria204504,0.528027695296917
Pseudodiploria204505,-0.11576109753874
Pseudodiploria204506,-0.338567579029861
Pseudodiploria204507,0.154861336452086
Pseudodiploria204508,-0.0177559473966672
Pseudodiploria204509,-0.416176480868835
Pseudodiploria204510,-0.0971769433983858
Pseudodiploria204511,-0.35897529843761
Pseudodiploria204512,-0.0616117501591948
Pseudodiploria204513,-0.615687265082722
Pseudodiploria204514,0.0133083048830463
Pseudodiploria204515,0.0484013728178355
Pseudodiploria204516,0.938987436112602
Pseudodiploria204517,-0.124178983487779
Pseudodiploria204519,-0.0527538946980341
Pseudodiploria204520,0.631788844194034
Pseudodiploria204523,0.0885055001544592
Pseudodiploria204525,0.0361100082301792
Pseudodiploria204526,0.143742873315742
Pseudodiploria204527,-0.160216717906272
Pseudodiploria204528,0.178551530929545
Pseudodiploria204529,0.0686777245752542
Pseudodiploria204530,1.46902008786524
Pseudodiploria204531,0.124168529513198
Pseudodiploria204533,0.100750303663615
Pseudodiploria204534,0.238209688645248
Pseudodiploria204535,-0.183251805383202
Pseudodiploria204536,-0.411430224731019
Pseudodiploria204537,-0.646060942439537
Pseudodiploria204540,-0.207942847883922
Pseudodiploria204541,-1.17062313298544
Pseudodiploria204542,-0.392405417881966
Pseudodiploria204545,-0.091664010792213
Pseudodiploria204547,-0.349172791003822
Pseudodiploria204549,0.133017825884957
Pseudodiploria204550,0.343695397301198
Pseudodiploria204552,-0.277080211236836
Pseudodiploria204553,0.0378565302887321
Pseudodiploria204554,-0.0846422961623103
Pseudodiploria204555,0.225743490779649
Pseudodiploria204556,-0.306470065323918
Pseudodiploria204557,-0.177455023099361
Pseudodiploria204559,0.178075482005604
Pseudodiploria204560,-0.307032409122753
Pseudodiploria204562,-0.0768456608442487
Pseudodiploria204563,-0.0565407765061429
Pseudodiploria204564,-0.0486379134413384
Pseudodiploria204565,0.32460218919138
Pseudodiploria204566,0.96234793522349
Pseudodiploria204567,-0.352515336560299
Pseudodiploria204569,-0.177611688539476
Pseudodiploria204570,0.0105412634969771
Pseudodiploria204571,0.856855268708048
Pseudodiploria204572,-0.904765215735663
Pseudodiploria204573,0.283116368373879
Pseudodiploria204574,-0.205630167534016
Pseudodiploria204577,-0.517624955292613
Pseudodiploria204579,-0.227848001738925
Pseudodiploria204580,-0.420614685214529
Pseudodiploria204581,0.233732372694412
Pseudodiploria204582,0.388449487031655
Pseudodiploria204583,-0.975522418635837
Pseudodiploria204586,0.149040237177568
Pseudodiploria204587,0.13853275037553
Pseudodiploria204588,-0.100779691468845
Pseudodiploria204589,-0.14069360197902
Pseudodiploria204590,0.200314191869796
Pseudodiploria204591,0.451356302402966
Pseudodiploria204594,0.0922251839241854
Pseudodiploria204595,0.896753917653283
Pseudodiploria204596,0.576266476490058
Pseudodiploria204597,0.0822328000297574
Pseudodiploria204599,-0.407325389701909
Pseudodiploria204602,0.282487613324556
Pseudodiploria204603,0.294675812865612
Pseudodiploria204604,-0.637794607819058
Pseudodiploria204605,0.193670491727165
Pseudodiploria204606,0.154777307855982
Pseudodiploria204607,0.280100018018349
Pseudodiploria204608,-0.270076669381395
Pseudodiploria204609,0.458976602163184
Pseudodiploria204613,0.128369404578759
Pseudodiploria204615,-0.706747486972111
Pseudodiploria204616,-0.523434422612022
Pseudodiploria204618,-0.0643193800260195
Pseudodiploria204619,-0.234176111143232
Pseudodiploria204620,0.151511150653764
Pseudodiploria204622,-0.932333828030163
Pseudodiploria204623,1.00455248138454
Pseudodiploria204624,0.436831468119954
Pseudodiploria204625,-0.218619006407852
Pseudodiploria204626,0.0934757397099904
Pseudodiploria204627,-0.245390376248091
Pseudodiploria204628,-0.145670637012843
Pseudodiploria204629,0.218551427709542
Pseudodiploria204631,-0.0855903381341818
Pseudodiploria204632,0.772809224212485
Pseudodiploria204633,0.0486408075529328
Pseudodiploria204634,-0.136641289407504
Pseudodiploria204635,0.0234347078518421
Pseudodiploria204636,0.00013766769962611
Pseudodiploria204637,-0.0838807250372422
Pseudodiploria204638,0.336777114466543
Pseudodiploria204639,0.0603436495718014
Pseudodiploria204640,-0.929992779464191
Pseudodiploria204641,-0.295560313891091
Pseudodiploria204642,0.11231112797
Pseudodiploria204643,0.132796186296105
Pseudodiploria204645,-0.208125931788187
Pseudodiploria204647,0.236059438789267
Pseudodiploria204648,-0.00111810631273287
Pseudodiploria204649,0.788659624382026
Pseudodiploria204650,-0.571106839737646
Pseudodiploria204651,-0.0837195602180425
Pseudodiploria204652,-0.0149513294922551
Pseudodiploria204653,0.0250284098562478
Pseudodiploria204654,-0.910342817246605
Pseudodiploria204655,-0.185142763726739
Pseudodiploria204656,0.188910016693947
Pseudodiploria204657,0.425133410161664
Pseudodiploria204658,-0.300912939029768
Pseudodiploria204659,0.025115881549387
Pseudodiploria204661,-0.210295286199504
Pseudodiploria204662,-0.235778455175008
Pseudodiploria204663,-0.317190262214724
Pseudodiploria204664,-0.211177031805804
Pseudodiploria204665,0.172927808091273
Pseudodiploria204667,-1.3225210452447
Pseudodiploria204668,-0.387905393501694
Pseudodiploria204669,0.302720977990335
Pseudodiploria204670,-0.1203210157923
Pseudodiploria204671,0.522892847931733
Pseudodiploria204672,-0.312533367210908
Pseudodiploria204673,0.447969681710837
Pseudodiploria204675,-0.0980080568236079
Pseudodiploria204676,0.0131550936321304
Pseudodiploria204681,0.324935858800376
Pseudodiploria204683,-0.498644401429313
Pseudodiploria204684,0.304864835898825
Pseudodiploria204685,-0.164203427573439
Pseudodiploria204687,0.24235836331054
Pseudodiploria204688,-0.566256601580778
Pseudodiploria204689,0.0922277934568916
Pseudodiploria204690,0.0192106974637071
Pseudodiploria204691,0.804404582228402
Pseudodiploria204692,-0.224147129483108
Pseudodiploria204693,0.0954246345673382
Pseudodiploria204694,0.541910594849781
Pseudodiploria204695,-0.209173363489587
Pseudodiploria204696,-0.145931143809378
Pseudodiploria204697,0.131222128532278
Pseudodiploria204699,-0.0290285884690647
Pseudodiploria204700,0.743459467719223
Pseudodiploria204701,0.0252631655031845
Pseudodiploria204702,-0.104144707700003
Pseudodiploria204704,-0.0353294047730438
Pseudodiploria204705,0.425937712810236
Pseudodiploria204706,0.216384432781402
Pseudodiploria204707,0.146026353782684
Pseudodiploria204708,-0.456081415437868
Pseudodiploria204709,0.268880196467502
Pseudodiploria204710,-0.0432831303868563
Pseudodiploria204711,-0.20714517383136
Pseudodiploria204712,0.0955397559325273
Pseudodiploria204715,-0.129541861691975
Pseudodiploria204716,-0.143981166191878
Pseudodiploria204717,0.00254469020666618
Pseudodiploria204718,0.260953352819801
Pseudodiploria204719,0.227286313940709
Pseudodiploria204721,-0.859379345450024
Pseudodiploria204722,-0.266835079428902
Pseudodiploria204723,0.371373454893616
Pseudodiploria204724,0.246247289675104
Pseudodiploria204726,0.325104601075518
Pseudodiploria204727,-1.8104426847995
Pseudodiploria204728,0.227090301675422
Pseudodiploria204729,-0.107594240236654
Pseudodiploria204730,0.486789055151722
Pseudodiploria204731,0.0499998305837979
Pseudodiploria204732,-0.168041333614768
Pseudodiploria204733,-0.247827044163499
Pseudodiploria204734,-0.0875781455459572
Pseudodiploria204735,0.752538911752699
Pseudodiploria204736,-0.381737096805418
Pseudodiploria204737,1.01346492791272
Pseudodiploria204738,-0.20810261778158
Pseudodiploria204739,0.350478014329866
Pseudodiploria204740,0.0886214528215201
Pseudodiploria204741,-0.018141534090163
Pseudodiploria204742,0.73086364857363
Pseudodiploria204743,0.593118245972318
Pseudodiploria204744,-0.397443390723473
Pseudodiploria204745,0.422068543309813
Pseudodiploria204746,-0.32004554891478
Pseudodiploria204747,-0.21606106455651
Pseudodiploria204748,0.251372169749406
Pseudodiploria204749,0.898048195072627
Pseudodiploria204750,0.245410767249325
Pseudodiploria204751,-0.338380985057067
Pseudodiploria204752,-0.0806962016321595
Pseudodiploria204753,0.1359140609853
Pseudodiploria204754,-0.0402432308731419
Pseudodiploria204755,-0.170510967403138
Pseudodiploria204756,0.036449881388175
Pseudodiploria204758,1.05913343920501
Pseudodiploria204759,0.203526440934937
Pseudodiploria204760,-0.877267787817536
Pseudodiploria204761,-0.301165237553459
Pseudodiploria204762,0.432258190650543
Pseudodiploria204763,0.151233492298458
Pseudodiploria204764,0.252940067394739
Pseudodiploria204765,1.02698440136828
Pseudodiploria204767,-0.345336040898084
Pseudodiploria204768,-0.188311042852098
Pseudodiploria204769,-0.170494095045907
Pseudodiploria204770,-0.432439786685344
Pseudodiploria204771,-0.192436893060115
Pseudodiploria204772,0.14098647393429
Pseudodiploria204773,0.678662020894163
Pseudodiploria204774,-0.122267084747807
Pseudodiploria204775,-0.200351512471876
Pseudodiploria204776,0.397657013989179
Pseudodiploria204777,-0.670857868744661
Pseudodiploria204778,0.206047452589298
Pseudodiploria204779,-0.363794893317701
Pseudodiploria204780,-1.42542347960373
Pseudodiploria204781,0.0442209956949923
Pseudodiploria204783,-0.587590571380347
Pseudodiploria204784,-0.67871836679654
Pseudodiploria204785,0.156511245242287
Pseudodiploria204787,-0.40334519234536
Pseudodiploria204788,0.206900989376587
Pseudodiploria204789,0.119816525722173
Pseudodiploria204790,-0.192268134302593
Pseudodiploria204791,0.0402037609970185
Pseudodiploria204792,0.141797684687888
Pseudodiploria204793,-0.0469538380662283
Pseudodiploria204794,-0.185674615034896
Pseudodiploria204795,-0.251861511919386
Pseudodiploria204796,-0.160829056974671
Pseudodiploria204797,-1.19205205383068
Pseudodiploria204798,-0.199210579208215
Pseudodiploria204799,-0.103646917623807
Pseudodiploria204800,0.00723648690609049
Pseudodiploria204801,0.104927730553396
Pseudodiploria204802,-0.00872784372110116
Pseudodiploria204803,0.386743504476263
Pseudodiploria204804,-0.798054504292275
Pseudodiploria204805,0.490730596402434
Pseudodiploria204807,0.429743499209831
Pseudodiploria204808,-0.901594121928051
Pseudodiploria204809,-0.602146914467542
Pseudodiploria204810,0.304504826569682
Pseudodiploria204811,0.397177325238748
Pseudodiploria204812,-0.371780333068416
Pseudodiploria204813,-0.0273770499491361
Pseudodiploria204814,-0.197774135606449
Pseudodiploria204815,-0.66170237445744
Pseudodiploria204816,0.155176951018146
Pseudodiploria204818,0.441513067660941
Pseudodiploria204819,-1.16050641024484
Pseudodiploria204820,0.325333754988895
Pseudodiploria204821,-0.0922326524950525
Pseudodiploria204822,-0.0699006596482593
Pseudodiploria204823,-0.56543556649473
Pseudodiploria204827,-0.603301890946275
Pseudodiploria204828,-0.308172211774695
Pseudodiploria204829,0.327420404461266
Pseudodiploria204830,0.936838844354915
Pseudodiploria204831,-0.213084794764079
Pseudodiploria204832,-0.2500642142051
Pseudodiploria204833,0.727955313227171
Pseudodiploria204834,-0.249278274588968
Pseudodiploria204835,0.473715396689506
Pseudodiploria204836,0.146193532236047
Pseudodiploria204837,-0.419683429084666
Pseudodiploria204838,0.129419760781733
Pseudodiploria204840,-0.293706395075491
Pseudodiploria204841,0.112700131656513
Pseudodiploria204842,-0.127498803766581
Pseudodiploria204843,0.0375126691589986
Pseudodiploria204844,-0.136717731718503
Pseudodiploria204845,-0.214227579012492
Pseudodiploria204846,0.294316601238129
Pseudodiploria204847,-0.0569009382840385
Pseudodiploria204848,-0.148365293119946
Pseudodiploria204849,1.37003145114859
Pseudodiploria204850,-0.285282970812835
Pseudodiploria204852,0.813809337504333
Pseudodiploria204853,0.155100141595563
Pseudodiploria204854,-0.237600603778004
Pseudodiploria204855,-0.207686917029596
Pseudodiploria204856,-0.772707939200768
Pseudodiploria204857,0.100288453302713
Pseudodiploria204858,-0.73870648384592
Pseudodiploria204859,-0.397777944362202
Pseudodiploria204860,-0.119347113229803
Pseudodiploria204861,-0.313503253800505
Pseudodiploria204862,-0.182425930599911
Pseudodiploria204863,-0.492643094018619
Pseudodiploria204864,-1.19236223305603
Pseudodiploria204866,0.0106959522235631
Pseudodiploria204868,-0.284146826874882
Pseudodiploria204869,-0.202363668565043
Pseudodiploria204870,0.393550574468971
Pseudodiploria204872,0.224828977391558
Pseudodiploria204873,-0.0628667116047529
Pseudodiploria204874,-0.0536660240616833
Pseudodiploria204876,0.092317049113406
Pseudodiploria204878,0.187947909786661
Pseudodiploria204879,0.223173978350726
Pseudodiploria204882,0.0951299171042546
Pseudodiploria204883,-0.0707351807187005
Pseudodiploria204884,-0.0717045399241383
Pseudodiploria204885,-0.297519450486946
Pseudodiploria204886,0.059255988312716
Pseudodiploria204887,-0.19277898907525
Pseudodiploria204888,0.639590971130314
Pseudodiploria204889,0.360727474458534
Pseudodiploria204890,-0.0486246779926603
Pseudodiploria204891,0.895967549460611
Pseudodiploria204892,0.111114056984091
Pseudodiploria204893,0.0195484335083903
Pseudodiploria204895,-0.097858958543591
Pseudodiploria204897,0.0192699186799806
Pseudodiploria204898,-0.194160816956581
Pseudodiploria204899,-0.0556798669121253
Pseudodiploria204900,0.0940691828883958
Pseudodiploria204901,-0.106644062412355
Pseudodiploria204902,-0.139318768352728
Pseudodiploria204903,0.285833652226173
Pseudodiploria204905,-0.318468485423615
Pseudodiploria204906,-0.142216304643848
Pseudodiploria204908,0.235107487690509
Pseudodiploria204909,0.721127650660826
Pseudodiploria204910,-0.855986199329287
Pseudodiploria204911,-0.164775974501252
Pseudodiploria204912,0.0532725541842485
Pseudodiploria204913,0.0845797074279458
Pseudodiploria204914,0.349494567441571
Pseudodiploria204915,-0.259406249480405
Pseudodiploria204916,-0.274325560807339
Pseudodiploria204917,0.643943757387981
Pseudodiploria204919,-0.226524479404433
Pseudodiploria204920,0.0327614474064375
Pseudodiploria204921,0.357509294226033
Pseudodiploria204922,-0.0240335345043976
Pseudodiploria204923,-0.0669510881681069
Pseudodiploria204924,-0.178060302696896
Pseudodiploria204925,-0.189017668540245
Pseudodiploria204929,-0.711318958077747
Pseudodiploria204930,-0.134438099827006
Pseudodiploria204932,-0.711034728392937
Pseudodiploria204933,0.411582235931647
Pseudodiploria204934,0.196213680294078
Pseudodiploria204935,-0.196721712035477
Pseudodiploria204936,0.0927272253119537
Pseudodiploria204937,-0.0761926222922677
Pseudodiploria204938,-0.550021499848012
Pseudodiploria204940,-0.936958730098455
Pseudodiploria204941,0.0863981942848134
Pseudodiploria204943,0.204597162161696
Pseudodiploria204944,0.71177413091038
Pseudodiploria204945,0.273242222346464
Pseudodiploria204947,-0.211329565556385
Pseudodiploria204948,0.740634837967389
Pseudodiploria204949,-0.127406720158897
Pseudodiploria204950,0.38446367531886
Pseudodiploria204951,1.01801146038842
Pseudodiploria204952,0.545148159027902
Pseudodiploria204953,0.341641479853809
Pseudodiploria204954,-0.209826103130619
Pseudodiploria204955,0.483286780627102
Pseudodiploria204957,0.358107529090427
Pseudodiploria204958,-0.193749926761002
Pseudodiploria204959,0.324131912716227
Pseudodiploria204961,0.196202048575182
Pseudodiploria204962,-0.0968804366166962
Pseudodiploria204963,-0.0705942649782486
Pseudodiploria204964,0.889067918413847
Pseudodiploria204965,0.213745196376295
Pseudodiploria204967,-0.416096392728452
Pseudodiploria204968,0.15439032596194
Pseudodiploria204969,0.146623660611897
Pseudodiploria204970,-0.372918613567979
Pseudodiploria204971,0.339143256778483
Pseudodiploria204974,1.02795199669778
Pseudodiploria204975,0.0913197080411172
Pseudodiploria204977,0.944960455401993
Pseudodiploria204979,-0.467802700703132
Pseudodiploria204980,0.144733505491929
Pseudodiploria204981,0.343745544633159
Pseudodiploria204982,-0.616054195059167
Pseudodiploria204983,-0.432042337914438
Pseudodiploria204984,0.00064834495194436
Pseudodiploria204985,-0.207697480880951
Pseudodiploria204986,0.0851365527510796
Pseudodiploria204987,0.136297250224978
Pseudodiploria204988,-1.01052370007418
Pseudodiploria204989,-0.1100405012406
Pseudodiploria204990,0.557254739275895
Pseudodiploria204991,0.219608993081221
Pseudodiploria204994,-0.273411079954906
Pseudodiploria204995,0.193523349111689
Pseudodiploria204997,-0.996749590279856
Pseudodiploria204998,-0.447868049797443
Pseudodiploria204999,-0.245185246192815
Pseudodiploria205000,-0.235123525061716
Pseudodiploria205001,-1.78583496372049
Pseudodiploria205002,-0.278346053688704
Pseudodiploria205004,0.231000217496835
Pseudodiploria205005,-0.274789727199722
Pseudodiploria205006,0.0147905288309204
Pseudodiploria205007,0.0613999342201472
Pseudodiploria205008,-0.374669020317736
Pseudodiploria205009,-0.390768142860498
Pseudodiploria205010,0.586519297755698
Pseudodiploria205011,0.435167159211181
Pseudodiploria205012,0.361763966836934
Pseudodiploria205013,-0.570549687811046
Pseudodiploria205015,-1.07931799492736
Pseudodiploria205016,-1.40792976693849
Pseudodiploria205017,0.152456449157619
Pseudodiploria205018,0.097462818942126
Pseudodiploria205019,-0.128713322813191
Pseudodiploria205020,-0.16175710216574
Pseudodiploria205021,-0.971294958158786
Pseudodiploria205022,0.0155826238084516
Pseudodiploria205023,-0.428778041971535
Pseudodiploria205024,-0.178818301187977
Pseudodiploria205025,0.0499879621092195
Pseudodiploria205026,-0.351060887306983
Pseudodiploria205029,-0.1350859373997
Pseudodiploria205030,-0.0645612208322926
Pseudodiploria205032,0.115440349704179
Pseudodiploria205033,-0.0709235263128701
Pseudodiploria205034,-1.11614229290043
Pseudodiploria205035,0.191130028270642
Pseudodiploria205036,0.0333041662823411
Pseudodiploria205037,-0.268256979609641
Pseudodiploria205038,0.0191984369490754
Pseudodiploria205039,0.177094397468131
Pseudodiploria205040,-0.155897043656422
Pseudodiploria205041,-0.325511895363202
Pseudodiploria205042,-0.463474631000789
Pseudodiploria205043,-0.0974570086051931
Pseudodiploria205044,1.11309051415516
Pseudodiploria205045,0.577913995143511
Pseudodiploria205046,0.255015128456958
Pseudodiploria205047,0.299138340383758
Pseudodiploria205048,-0.49066196396475
Pseudodiploria205049,-0.245130666603866
Pseudodiploria205050,-0.252272054283584
Pseudodiploria205051,0.982229548754486
Pseudodiploria205052,-0.355367431374581
Pseudodiploria205053,0.172916213126131
Pseudodiploria205054,-0.323720540734147
Pseudodiploria205055,0.384603189738011
Pseudodiploria205057,-0.152659325126828
Pseudodiploria205058,0.0402895839652056
Pseudodiploria205059,-0.309522042119385
Pseudodiploria205060,0.310847765697624
Pseudodiploria205061,0.457439862610917
Pseudodiploria205062,0.0145151451874006
Pseudodiploria205063,-0.0038787135584118
Pseudodiploria205064,0.0551477901122535
Pseudodiploria205065,0.0763797447081986
Pseudodiploria205066,0.273947923519533
Pseudodiploria205067,0.197581746694664
Pseudodiploria205068,-0.176183714409156
Pseudodiploria205070,0.190292537104068
Pseudodiploria205071,0.0432845130731139
Pseudodiploria205073,-0.478574879030722
Pseudodiploria205074,0.525632726477937
Pseudodiploria205076,0.76604529760355
Pseudodiploria205077,0.434561338911209
Pseudodiploria205078,0.0291747086813368
Pseudodiploria205080,-0.619820202168015
Pseudodiploria205081,-0.0819719395734908
Pseudodiploria205082,0.392681702846445
Pseudodiploria205083,-0.271127877687688
Pseudodiploria205084,-0.407995259936415
Pseudodiploria205085,-0.143555865370167
Pseudodiploria205086,-0.182444391459263
Pseudodiploria205087,0.538027548227538
Pseudodiploria205088,-0.281585101713817
Pseudodiploria205089,-0.844880783593721
Pseudodiploria205090,0.0177224906371246
Pseudodiploria205091,-0.293900783424645
Pseudodiploria205092,-0.24778829989007
Pseudodiploria205093,-0.227739072719001
Pseudodiploria205094,-0.394257765461968
Pseudodiploria205097,-0.0183133298627114
Pseudodiploria205099,-0.29609203348259
Pseudodiploria205100,0.0199419336249469
Pseudodiploria205101,-0.261012026628337
Pseudodiploria205102,0.612203094884066
Pseudodiploria205103,0.00321433342814891
Pseudodiploria205104,0.30505526614819
Pseudodiploria205105,0.182295305970691
Pseudodiploria205106,-0.739772945069008
Pseudodiploria205107,-0.159727868618494
Pseudodiploria205108,-0.28556164402638
Pseudodiploria205109,-1.05544036884124
Pseudodiploria205110,0.00395483035435974
Pseudodiploria205111,-0.375247772545303
Pseudodiploria205112,-0.414775734749476
Pseudodiploria205113,-0.303696225606819
Pseudodiploria205115,-1.10342482072324
Pseudodiploria205116,0.402519460674705
Pseudodiploria205117,1.00748297331447
Pseudodiploria205118,-0.0295434681732469
Pseudodiploria205120,0.666363975182562
Pseudodiploria205121,0.445362725871206
Pseudodiploria205122,-0.0664729719619038
Pseudodiploria205123,0.107065405177312
Pseudodiploria205124,-1.00052463596093
Pseudodiploria205125,-0.153169313321894
Pseudodiploria205126,-0.0219297337825172
Pseudodiploria205128,0.147822240722732
Pseudodiploria205129,-0.470940167254442
Pseudodiploria205130,0.440358223395074
Pseudodiploria205131,0.07038128038955
Pseudodiploria205134,-0.545446569925386
Pseudodiploria205136,0.0890797924528044
Pseudodiploria205137,0.055019863895761
Pseudodiploria205138,0.112952631635869
Pseudodiploria205139,0.0992651153448081
Pseudodiploria205140,-0.332605639956579
Pseudodiploria205141,-0.0693486435842241
Pseudodiploria205142,-0.590341602080201
Pseudodiploria205143,0.294465949297229
Pseudodiploria205144,0.14409873111627
Pseudodiploria205146,0.280727637499938
Pseudodiploria205147,-0.0547600140059103
Pseudodiploria205148,0.833453719112273
Pseudodiploria205149,0.000185329552978361
Pseudodiploria205151,0.42716625107451
Pseudodiploria205152,-0.154140922671103
Pseudodiploria205153,-0.0604996499742072
Pseudodiploria205154,-0.661069670821481
Pseudodiploria205156,0.705539754641303
Pseudodiploria205157,0.91991572010105
Pseudodiploria205158,-2.44836667508709
Pseudodiploria205159,-0.108882162217136
Pseudodiploria205160,0.272554177639531
Pseudodiploria205162,0.598784085151903
Pseudodiploria205163,-0.208989672338195
Pseudodiploria205164,0.643866962373544
Pseudodiploria205165,-0.157914538381615
Pseudodiploria205166,-0.122172825748364
Pseudodiploria205167,-1.57362205153682
Pseudodiploria205168,0.124178148898919
Pseudodiploria205169,-0.198948210751815
Pseudodiploria205170,-0.0927023316258552
Pseudodiploria205171,-0.264401365048315
Pseudodiploria205172,-0.464103294558435
Pseudodiploria205173,-0.475398980721958
Pseudodiploria205174,0.441649378937386
Pseudodiploria205176,0.607239865824562
Pseudodiploria205177,0.224592517487655
Pseudodiploria205178,-0.0714727962260063
Pseudodiploria205179,0.234919167156628
Pseudodiploria205180,-0.0371300021492881
Pseudodiploria205182,0.106802667531986
Pseudodiploria205183,0.00111690425821903
Pseudodiploria205184,0.180185028124756
Pseudodiploria205186,0.115729412469424
Pseudodiploria205187,0.00553961055681338
Pseudodiploria205188,0.495701789916044
Pseudodiploria205189,0.581311305413053
Pseudodiploria205191,-0.131424012450542
Pseudodiploria205192,-0.157171855974419
Pseudodiploria205193,-0.320681745704767
Pseudodiploria205194,0.810908992947395
Pseudodiploria205195,-0.04852930029698
Pseudodiploria205196,1.12487601390046
Pseudodiploria205197,-0.383228166494884
Pseudodiploria205198,-0.0346900531789938
Pseudodiploria205200,-0.248026960748599
Pseudodiploria205201,-0.121958035709888
Pseudodiploria205202,-0.058127905049858
Pseudodiploria205203,-0.16561209102461
Pseudodiploria205204,-0.303011103581454
Pseudodiploria205205,0.0425372409955296
Pseudodiploria205206,0.429512456088213
Pseudodiploria205208,0.285765276936375
Pseudodiploria205209,-0.575942983249083
Pseudodiploria205210,0.505105803798633
Pseudodiploria205211,-0.378921021366832
Pseudodiploria205212,0.0223874575949666
Pseudodiploria205213,1.24707586723524
Pseudodiploria205215,-0.303389510754838
Pseudodiploria205216,0.108440927597966
Pseudodiploria205217,0.377324409871994
Pseudodiploria205218,-0.0962616353790446
Pseudodiploria205219,-0.349898828897983
Pseudodiploria205220,-0.170963895427792
Pseudodiploria205221,0.123752947239277
Pseudodiploria205222,-0.208339170483311
Pseudodiploria205223,0.365150197201217
Pseudodiploria205224,-0.0530083735934361
Pseudodiploria205225,2.56110584553944
Pseudodiploria205226,0.0069369811735443
Pseudodiploria205227,-0.463093305527252
Pseudodiploria205228,0.0867977189421335
Pseudodiploria205229,-0.0194331261170003
Pseudodiploria205230,-0.721585174506076
Pseudodiploria205231,0.0449946612284825
Pseudodiploria205232,0.0205743349323742
Pseudodiploria205233,-0.792737337643507
Pseudodiploria205234,-0.408540793455992
Pseudodiploria205235,0.340352144589595
Pseudodiploria205237,0.473829233052858
Pseudodiploria205238,-0.928400298249486
Pseudodiploria205239,0.090818931710229
Pseudodiploria205240,0.481803711306208
Pseudodiploria205241,0.129121353820883
Pseudodiploria205242,-0.262111701755963
Pseudodiploria205243,-0.500518336889662
Pseudodiploria205244,-0.172676878235399
Pseudodiploria205245,0.0474777166312665
Pseudodiploria205246,-0.105827841655811
Pseudodiploria205247,0.202371047911896
Pseudodiploria205248,0.0635993665547713
Pseudodiploria205250,-0.144532091614472
Pseudodiploria205252,-0.075697989555641
Pseudodiploria205253,-0.227437360246152
Pseudodiploria205254,-0.22599387475006
Pseudodiploria205255,-0.218240458039516
Pseudodiploria205256,0.0959298961552515
Pseudodiploria205257,-0.125821494983606
Pseudodiploria205258,-0.190509839838697
Pseudodiploria205259,-0.182489895255661
Pseudodiploria205260,0.0714550039450331
Pseudodiploria205261,0.0454994743123247
Pseudodiploria205262,-0.682554148461265
Pseudodiploria205263,-0.186996733273893
Pseudodiploria205264,-0.257258395817799
Pseudodiploria205265,-0.142981301112269
Pseudodiploria205266,-0.00830893644218857
Pseudodiploria205267,-0.132542563748768
Pseudodiploria205268,-0.162605747651908
Pseudodiploria205269,-0.194861562557718
Pseudodiploria205270,-0.302586807655253
Pseudodiploria205272,-0.357410112271931
Pseudodiploria205273,-0.323852280507101
Pseudodiploria205274,-0.728007546410024
Pseudodiploria205275,-0.0155020663453723
Pseudodiploria205276,-0.0150261141998807
Pseudodiploria205277,-0.107787080936238
Pseudodiploria205278,-0.0473322314687503
Pseudodiploria205279,-0.278790437358819
Pseudodiploria205280,0.774619468153358
Pseudodiploria205281,-0.963295108040592
Pseudodiploria205282,0.0351046399147926
Pseudodiploria205283,0.281177704051899
Pseudodiploria205284,0.700541784608068
Pseudodiploria205285,-0.657758101814279
Pseudodiploria205286,0.137696153467085
Pseudodiploria205287,0.0406777815288386
Pseudodiploria205288,-0.329110227107868
Pseudodiploria205289,-0.266517507243324
Pseudodiploria205290,-0.0829524714374991
Pseudodiploria205291,-0.00845985042311407
Pseudodiploria205292,-0.637842294194222
Pseudodiploria205293,-0.221276570357569
Pseudodiploria205294,0.268929552575485
Pseudodiploria205295,-0.328713408822738
Pseudodiploria205296,0.0603777267275821
Pseudodiploria205297,0.00395378692431734
Pseudodiploria205298,-0.267161107496802
Pseudodiploria205299,-0.737362920680015
Pseudodiploria205300,-0.133591913327823
Pseudodiploria205301,0.422654989360107
Pseudodiploria205302,0.575050694121183
Pseudodiploria205304,-0.768448545849685
Pseudodiploria205305,0.0120976819966124
Pseudodiploria205306,0.279525991911518
Pseudodiploria205307,-0.107504534567571
Pseudodiploria205308,-0.318519459327351
Pseudodiploria205309,0.278831417441738
Pseudodiploria205310,-0.42016589358105
Pseudodiploria205311,-0.273018629889628
Pseudodiploria205312,0.194962102933669
Pseudodiploria205313,-0.0775313111634134
Pseudodiploria205314,-0.0481701710123583
Pseudodiploria205315,0.230125336719421
Pseudodiploria205316,-0.438088485614543
Pseudodiploria205317,-0.420631590595637
Pseudodiploria205318,0.0530144101595184
Pseudodiploria205319,0.134983842544726
Pseudodiploria205320,-0.162925411456101
Pseudodiploria205321,-0.276538652692141
Pseudodiploria205322,0.229471174455036
Pseudodiploria205323,-0.0143915729692284
Pseudodiploria205324,-0.416048572596028
Pseudodiploria205325,-0.461165334136234
Pseudodiploria205326,0.0763639931287378
Pseudodiploria205327,-0.218900145649222
Pseudodiploria205328,-0.351329693703021
Pseudodiploria205329,-0.468414533759948
Pseudodiploria205330,-0.197996758526334
Pseudodiploria205331,-0.403329988179434
Pseudodiploria205332,1.19243923419625
Pseudodiploria205333,-0.0375535421519814
Pseudodiploria205334,0.176963704768676
Pseudodiploria205336,0.0194210781862755
Pseudodiploria205337,0.322668572739499
Pseudodiploria205338,0.0429728050205267
Pseudodiploria205339,0.193255552951394
Pseudodiploria205340,-0.149397079703348
Pseudodiploria205342,-1.56410366283538
Pseudodiploria205343,-0.112821412123033
Pseudodiploria205344,-0.0335226374860938
Pseudodiploria205345,-0.0621318993101572
Pseudodiploria205346,-1.25155719498606
Pseudodiploria205347,-0.000912591498812624
Pseudodiploria205348,-0.0781477719313238
Pseudodiploria205349,-0.260516095857072
Pseudodiploria205350,-0.149914091003849
Pseudodiploria205351,0.126297923499045
Pseudodiploria205352,0.135196507357222
Pseudodiploria205353,0.0880719600741089
Pseudodiploria205354,-0.145861646164975
Pseudodiploria205355,0.243315056193983
Pseudodiploria205356,-0.0702046128440133
Pseudodiploria205357,0.363492954664516
Pseudodiploria205358,0.270880846064929
Pseudodiploria205359,-0.373742921623421
Pseudodiploria205360,-0.065083136093789
Pseudodiploria205361,-0.287204929785064
Pseudodiploria205362,-0.0467623816245483
Pseudodiploria205363,0.220808507218956
Pseudodiploria205365,-0.416154982468271
Pseudodiploria205366,0.175387487079583
Pseudodiploria205367,-0.663076081836446
Pseudodiploria205368,0.362996397061179
Pseudodiploria205369,-0.172891167237321
Pseudodiploria205370,-0.271399030612777
Pseudodiploria205371,0.387707193156584
Pseudodiploria205372,0.148220942818396
Pseudodiploria205374,0.463141100105116
Pseudodiploria205375,-0.0521109286231936
Pseudodiploria205376,1.07846665300147
Pseudodiploria205377,-0.187207230539095
Pseudodiploria205378,0.121347909630317
Pseudodiploria205379,0.00966491026297462
Pseudodiploria205380,-0.0350295040838739
Pseudodiploria205381,0.383065387167242
Pseudodiploria205382,-0.130712096301153
Pseudodiploria205383,0.616727548239212
Pseudodiploria205384,-0.771029537735519
Pseudodiploria205385,0.552746678733137
Pseudodiploria205386,0.191299775749009
Pseudodiploria205387,0.306944340749991
Pseudodiploria205389,0.479208663158271
Pseudodiploria205390,-0.159140784527304
Pseudodiploria205392,-0.124033686418714
Pseudodiploria205393,0.598992193405406
Pseudodiploria205394,0.46290616925168
Pseudodiploria205395,-0.812307141507319
Pseudodiploria205396,-0.0687793012215256
Pseudodiploria205397,0.101797898485878
Pseudodiploria205398,0.119836779002534
Pseudodiploria205399,-0.248599159433599
Pseudodiploria205400,0.462054759846023
Pseudodiploria205401,-0.00408330765259019
Pseudodiploria205402,0.0149949262683593
Pseudodiploria205403,-0.130273387142981
Pseudodiploria205404,0.0475655355735434
Pseudodiploria205405,-0.314710869306819
Pseudodiploria205406,0.336502443636563
Pseudodiploria205407,0.229963108115404
Pseudodiploria205408,0.302059376710532
Pseudodiploria205409,0.0629361401390751
Pseudodiploria20541,-0.53351899942581
Pseudodiploria205410,-0.0961831489418689
Pseudodiploria205411,-0.0946149987686689
Pseudodiploria205412,-0.584451254924823
Pseudodiploria205413,-0.385372612259999
Pseudodiploria205414,-0.164534241459172
Pseudodiploria205415,-0.0795431257584521
Pseudodiploria205416,-0.0659925442753361
Pseudodiploria205417,0.0121802742450071
Pseudodiploria205418,-0.892462534354396
Pseudodiploria205419,-0.163180654274207
Pseudodiploria205420,0.213556192872894
Pseudodiploria205421,0.0775309473723355
Pseudodiploria205422,-0.0863016503288584
Pseudodiploria205423,-0.742305467844506
Pseudodiploria205424,0.103396397357818
Pseudodiploria205425,-0.179856922231614
Pseudodiploria205426,-0.525519240028937
Pseudodiploria205427,0.131809206338725
Pseudodiploria205428,0.39247696801251
Pseudodiploria205429,0.707118813968293
Pseudodiploria205430,-0.185569154724782
Pseudodiploria205431,0.221408076474785
Pseudodiploria205432,-0.804003284272122
Pseudodiploria205433,0.147775757690445
Pseudodiploria205434,-0.192671272795646
Pseudodiploria205435,-0.639857102565703
Pseudodiploria205436,0.147103539584172
Pseudodiploria205437,0.0307822323610397
Pseudodiploria205438,-0.0744336722480756
Pseudodiploria205439,-0.0836503458095376
Pseudodiploria205440,-0.00744241481370947
Pseudodiploria205441,0.547646104772631
Pseudodiploria205442,0.0402588871726043
Pseudodiploria205443,0.626588472731546
Pseudodiploria205444,-0.253899898427079
Pseudodiploria205445,-0.306995907694642
Pseudodiploria205446,-0.019003766645836
Pseudodiploria205447,-0.550521374067542
Pseudodiploria205448,-0.215161129539309
Pseudodiploria205449,0.228806274238071
Pseudodiploria205450,0.0733644899193412
Pseudodiploria205452,0.157450742051227
Pseudodiploria205453,-0.194790066215038
Pseudodiploria205454,-0.0987365973792163
Pseudodiploria205455,-0.732842481483535
Pseudodiploria205456,0.156928897621531
Pseudodiploria205457,1.38188394652328
Pseudodiploria205458,-0.41232063813637
Pseudodiploria205459,-0.210607038478907
Pseudodiploria205460,0.0356004023393682
Pseudodiploria205461,0.0189635990110018
Pseudodiploria205462,0.211260510604927
Pseudodiploria205463,0.00955895273944962
Pseudodiploria205464,0.123851070091664
Pseudodiploria205465,-0.00243243418645949
Pseudodiploria205466,0.0276679247887519
Pseudodiploria205467,-0.247010448363127
Pseudodiploria205468,-0.631396815921697
Pseudodiploria205469,0.122113265564562
Pseudodiploria205470,-0.376112961251464
Pseudodiploria205471,-0.471814482385456
Pseudodiploria205472,-0.249558930396459
Pseudodiploria205474,0.0708934780953405
Pseudodiploria205475,0.143873124193049
Pseudodiploria205476,-0.228836131991264
Pseudodiploria205477,-0.0180531763273779
Pseudodiploria205478,0.23488741058797
Pseudodiploria205479,0.202082704571295
Pseudodiploria205480,-0.149850191828392
Pseudodiploria205481,-0.198935853466657
Pseudodiploria205482,-0.148228307626388
Pseudodiploria205483,-0.0934472184071226
Pseudodiploria205484,-0.465421920204158
Pseudodiploria205485,0.0230783443351387
Pseudodiploria205486,-0.250123939416767
Pseudodiploria205487,0.19486014574819
Pseudodiploria205488,0.260879424547458
Pseudodiploria205489,-0.112086314353977
Pseudodiploria205490,-0.0964431019860717
Pseudodiploria205491,0.465222792302274
Pseudodiploria205492,0.147293963848027
Pseudodiploria205493,0.250720212778903
Pseudodiploria205494,-0.26570815377471
Pseudodiploria205495,-0.0167702338724076
Pseudodiploria205496,0.0271518702774341
Pseudodiploria205497,0.0844088812884372
Pseudodiploria205498,0.262740910446135
Pseudodiploria205499,-0.093468877713892
Pseudodiploria205500,-0.732041426926041
Pseudodiploria205501,0.0637150137790982
Pseudodiploria205502,0.0325688937303162
Pseudodiploria205503,-0.0795767283422963
Pseudodiploria205504,-0.103997544554916
Pseudodiploria205505,-0.479044633685374
Pseudodiploria205506,-0.170039168082734
Pseudodiploria205507,-0.240223862853905
Pseudodiploria205508,-0.0547870087258773
Pseudodiploria205509,-0.642199271041595
Pseudodiploria205510,0.102835173498965
Pseudodiploria205511,0.934782453204003
Pseudodiploria205512,-0.547460689655481
Pseudodiploria205513,-2.07604091715135
Pseudodiploria205514,-0.615269888159659
Pseudodiploria205515,-0.100773753038925
Pseudodiploria205516,-0.233485897780284
Pseudodiploria205517,-0.744680221644853
Pseudodiploria205518,0.191542446076381
Pseudodiploria205519,-0.196825697994992
Pseudodiploria205520,-0.497727056344943
Pseudodiploria205521,0.351395753523913
Pseudodiploria205522,-0.182790616618667
Pseudodiploria205523,0.346285587562516
Pseudodiploria205524,-0.222042419479494
Pseudodiploria205525,0.032872110204564
Pseudodiploria205526,-0.738913915438053
Pseudodiploria205527,-0.306171838348806
Pseudodiploria205528,-0.380415963576235
Pseudodiploria205529,-0.439051073032099
Pseudodiploria205530,-0.20716518070966
Pseudodiploria205531,0.144849870155764
Pseudodiploria205532,0.191447096695456
Pseudodiploria205533,-0.173279101454395
Pseudodiploria205534,0.221457785230693
Pseudodiploria205535,-0.351473462398546
Pseudodiploria205536,-0.478675146498524
Pseudodiploria205537,0.0641469569078143
Pseudodiploria205538,0.686767867123286
Pseudodiploria205539,-0.0884621197080231
Pseudodiploria205540,0.370181093420766
Pseudodiploria205541,-0.44653750161584
Pseudodiploria205542,-0.0557873101751472
Pseudodiploria205543,-0.0327734243454845
Pseudodiploria205544,-0.158080629602657
Pseudodiploria205545,0.100032983745944
Pseudodiploria205546,0.0669499163339427
Pseudodiploria205547,0.0657273242949549
Pseudodiploria205549,-0.244670480777266
Pseudodiploria205550,0.317884671061356
Pseudodiploria205551,0.285821538786059
Pseudodiploria205552,-0.0266773024095636
Pseudodiploria205553,0.0428333422263169
Pseudodiploria205554,-0.0930112547516819
Pseudodiploria205555,-0.216077880863449
Pseudodiploria205556,0.0102165454238491
Pseudodiploria205557,-0.198741714349494
Pseudodiploria205558,-0.0630683867942043
Pseudodiploria205559,-0.053566985495888
Pseudodiploria205560,-0.112175046425818
Pseudodiploria205561,-0.0241791701265115
Pseudodiploria205562,-0.359819396208928
Pseudodiploria205563,0.120831568188542
Pseudodiploria205564,-0.168016299198764
Pseudodiploria205565,-0.533158138152668
Pseudodiploria205566,-0.00891222537094434
Pseudodiploria205567,-0.718254791948448
Pseudodiploria205568,0.203145842842408
Pseudodiploria205569,-0.0914785329284833
Pseudodiploria205570,-0.0391595683949812
Pseudodiploria205571,-0.100665722558624
Pseudodiploria205572,-0.0479972710419575
Pseudodiploria205573,-0.137016193960047
Pseudodiploria205574,-0.347316260206843
Pseudodiploria205575,0.110809879562418
Pseudodiploria20727,-2.06601103118672
Pseudodiploria20736,0.022050556188985
Pseudodiploria21091,-1.25838727598891
Pseudodiploria212375,-1.48103434128144
Pseudodiploria213373,-0.797466598157999
Pseudodiploria214270,1.51178261725429
Pseudodiploria215462,-0.584516523501217
Pseudodiploria21592,0.841058072554631
Pseudodiploria21626,-0.589518693601665
Pseudodiploria216854,0.19743408321924
Pseudodiploria219147,-0.397340979530742
Pseudodiploria22050,0.579480161768924
Pseudodiploria222347,-0.176716993214117
Pseudodiploria22562,-0.126064441446083
Pseudodiploria22727,0.0826882680785288
Pseudodiploria22818,-0.204816292391117
Pseudodiploria22924,0.730717486529038
Pseudodiploria229953,0.844040058619042
Pseudodiploria232031,-0.0326263665267052
Pseudodiploria233980,-0.526896103986829
Pseudodiploria234131,-0.158885213909907
Pseudodiploria234480,0.0937379162734546
Pseudodiploria234626,-0.459186166412483
Pseudodiploria23589,0.049272255781202
Pseudodiploria236055,-0.133469504028167
Pseudodiploria238978,0.364937527079425
Pseudodiploria244456,-0.0612750670064051
Pseudodiploria244539,1.07927221589769
Pseudodiploria245929,-0.615446186569825
Pseudodiploria246332,0.258731650794778
Pseudodiploria247421,-0.289391030862322
Pseudodiploria24939,-0.308866569702739
Pseudodiploria249717,-0.743764487514077
Pseudodiploria250624,-0.575537425149658
Pseudodiploria251329,1.32659270052942
Pseudodiploria251786,1.30850282871021
Pseudodiploria252869,0.223324479563178
Pseudodiploria25499,0.402995201047391
Pseudodiploria26035,-1.24265927552744
Pseudodiploria26211,-0.0285505943321738
Pseudodiploria263582,-0.871698866444063
Pseudodiploria263983,0.237500250656373
Pseudodiploria264033,-0.260956152910161
Pseudodiploria264345,-0.254695822003926
Pseudodiploria264476,-1.02310677211732
Pseudodiploria266972,0.277626874597504
Pseudodiploria267186,0.167268785502473
Pseudodiploria270243,-0.37915164901304
Pseudodiploria271325,-0.127888675208539
Pseudodiploria273216,-0.597583674886925
Pseudodiploria276884,0.335284664005403
Pseudodiploria279832,0.823694455257821
Pseudodiploria281665,0.383875907780849
Pseudodiploria283855,0.643324285937931
Pseudodiploria28432,-0.110952096311131
Pseudodiploria284379,1.0663193547886
Pseudodiploria287196,-0.415618684861947
Pseudodiploria287824,0.386463659537919
Pseudodiploria28803,1.21235411214614
Pseudodiploria29032,0.00597846454046353
Pseudodiploria29238,-0.73744037759094
Pseudodiploria293394,-0.81131738128462
Pseudodiploria299687,0.441637585337278
Pseudodiploria30264,-0.392887923211283
Pseudodiploria30316,0.0777631329932396
Pseudodiploria304480,-0.504783920867792
Pseudodiploria30721,0.532242798568949
Pseudodiploria307406,0.695264278779638
Pseudodiploria307949,-0.210590838676958
Pseudodiploria308557,-0.506143249695992
Pseudodiploria309003,0.52554355747731
Pseudodiploria310053,-0.532230218085315
Pseudodiploria312354,-1.22597038606607
Pseudodiploria31760,0.497979588952144
Pseudodiploria319325,-0.0182788511962036
Pseudodiploria32329,-0.0124091306376923
Pseudodiploria323387,-2.21860885565651
Pseudodiploria326217,0.104788559829604
Pseudodiploria326492,0.0635420996009903
Pseudodiploria32751,-0.0175057510454607
Pseudodiploria327719,0.805760894355498
Pseudodiploria328981,-1.60162915602714
Pseudodiploria331839,0.37661292927037
Pseudodiploria33256,0.136358680394819
Pseudodiploria332636,1.39867356749272
Pseudodiploria333170,-0.305544835491508
Pseudodiploria334777,-0.754557634844025
Pseudodiploria335280,0.692116155779165
Pseudodiploria335428,0.98841118458764
Pseudodiploria335842,0.991636367475295
Pseudodiploria336430,1.46772881994244
Pseudodiploria34037,-0.341922278329372
Pseudodiploria341077,1.27316918685836
Pseudodiploria34205,0.404717451735496
Pseudodiploria34222,0.272059900082618
Pseudodiploria342959,-0.69531626465183
Pseudodiploria34479,-0.0272662434818933
Pseudodiploria34681,0.412548740424317
Pseudodiploria348436,-0.0370727469302831
Pseudodiploria350992,-0.138520735453101
Pseudodiploria35284,0.494002208638404
Pseudodiploria353617,0.193329656439124
Pseudodiploria35591,-0.474100356685127
Pseudodiploria35625,0.953373114666326
Pseudodiploria356374,-0.527886857560693
Pseudodiploria356459,-2.29638285629572
Pseudodiploria357568,-0.0602838414423661
Pseudodiploria361051,0.190204187060059
Pseudodiploria36132,-0.651123097069063
Pseudodiploria361420,-0.696928377495367
Pseudodiploria361513,3.60589852139778
Pseudodiploria361831,-0.00916216224340296
Pseudodiploria36217,-0.322987581273595
Pseudodiploria36587,-0.29012358215967
Pseudodiploria368413,-0.570189888091091
Pseudodiploria369843,-0.993213761738169
Pseudodiploria370373,0.502236937146826
Pseudodiploria371390,1.30771427832618
Pseudodiploria371782,-0.774681712880205
Pseudodiploria372185,0.240718330502825
Pseudodiploria37249,-0.34920708405198
Pseudodiploria373175,1.09257519824629
Pseudodiploria375084,-1.07946935595432
Pseudodiploria375114,1.52259113896769
Pseudodiploria375694,-0.965417126327633
Pseudodiploria37673,-0.0654861332496634
Pseudodiploria37797,0.116660628972841
Pseudodiploria3786,-1.052894192179
Pseudodiploria381675,-1.28818668859077
Pseudodiploria382883,-0.759290159875316
Pseudodiploria38525,-0.89541159164718
Pseudodiploria38534,-0.357455316518775
Pseudodiploria386198,0.438087114766049
Pseudodiploria386221,-0.0974842960399703
Pseudodiploria387785,0.0275722000951219
Pseudodiploria38911,-0.399415403952325
Pseudodiploria39521,-0.150457454515237
Pseudodiploria397183,0.145881401178886
Pseudodiploria397291,1.83547719272999
Pseudodiploria39730,0.847882611005713
Pseudodiploria398600,1.06807147432777
Pseudodiploria399232,-0.0507406825993565
Pseudodiploria400924,-0.208407756217937
Pseudodiploria40559,0.283373346327546
Pseudodiploria405770,1.34050062001862
Pseudodiploria406784,-0.0180662821632944
Pseudodiploria409655,-0.0396300313273536
Pseudodiploria409797,0.716909331655244
Pseudodiploria410650,0.38063093850766
Pseudodiploria411222,-0.561755028505883
Pseudodiploria4115,-0.146972683955352
Pseudodiploria411926,0.309323158211689
Pseudodiploria41380,-0.532505333469124
Pseudodiploria413827,-0.91496902301333
Pseudodiploria41413,-0.182243117412864
Pseudodiploria41532,-0.0977337265587547
Pseudodiploria416553,-0.520788860487412
Pseudodiploria416636,-0.185829662171702
Pseudodiploria418101,0.511939188184643
Pseudodiploria42675,1.68378982773104
Pseudodiploria43500,-1.35918687487449
Pseudodiploria4400,0.455750210331941
Pseudodiploria44593,1.37755449191556
Pseudodiploria44698,0.330803884366652
Pseudodiploria44813,-0.643433226257053
Pseudodiploria46077,-0.435658547546815
Pseudodiploria46207,0.476336357869972
Pseudodiploria46525,-1.33933736486993
Pseudodiploria46675,0.044901708783479
Pseudodiploria47067,-0.960293526670097
Pseudodiploria48586,0.0636161698019086
Pseudodiploria4919,-0.450800663989022
Pseudodiploria51011,0.329483438684372
Pseudodiploria51935,-0.56717293292186
Pseudodiploria5202,0.405519132780791
Pseudodiploria52249,-0.296629086358129
Pseudodiploria53773,-0.616782886765673
Pseudodiploria54417,0.793252399204403
Pseudodiploria54727,0.0664258498622405
Pseudodiploria55302,-0.131703711971869
Pseudodiploria55315,0.444087064159059
Pseudodiploria55828,-0.0834192452598013
Pseudodiploria56223,0.0164149217226956
Pseudodiploria56372,0.536043251563926
Pseudodiploria56411,-1.60922907063344
Pseudodiploria56418,0.29003976171708
Pseudodiploria56496,1.25839520350863
Pseudodiploria56532,1.77243071787436
Pseudodiploria56593,0.307292115519585
Pseudodiploria56622,0.2233146589985
Pseudodiploria56690,-0.486030344587507
Pseudodiploria57229,-0.527866252224078
Pseudodiploria57413,1.73554247835555
Pseudodiploria57633,1.0723631954601
Pseudodiploria57800,-0.837962891202938
Pseudodiploria58156,0.306036521866769
Pseudodiploria58247,1.09244020125874
Pseudodiploria58478,1.21294377832496
Pseudodiploria58677,0.455619447118776
Pseudodiploria5871,-0.013606789602599
Pseudodiploria58856,-0.285768928327237
Pseudodiploria59004,-0.138103670595503
Pseudodiploria59109,-0.766265417164236
Pseudodiploria59469,-0.742476479960446
Pseudodiploria59748,-0.0815110995903955
Pseudodiploria59922,-0.0555640121613533
Pseudodiploria60125,-1.09957306613217
Pseudodiploria60163,0.0498680665431696
Pseudodiploria60243,-0.640072034276436
Pseudodiploria6026,-0.536670969800285
Pseudodiploria60451,1.19255493568828
Pseudodiploria60543,-0.430638910006719
Pseudodiploria60712,-0.0326439101535647
Pseudodiploria60744,-1.02369814572443
Pseudodiploria60843,-0.637480796951275
Pseudodiploria60855,-0.374537223517879
Pseudodiploria61034,0.120537503872174
Pseudodiploria61129,-0.173917283580963
Pseudodiploria61580,-0.298474345204114
Pseudodiploria62234,-1.2643293045465
Pseudodiploria62304,-0.637534258868832
Pseudodiploria62723,1.15671764088406
Pseudodiploria62818,0.00148591001024295
Pseudodiploria63028,-0.0781186310511717
Pseudodiploria63031,0.222419303018135
Pseudodiploria63211,-0.306126433816528
Pseudodiploria63413,0.0814974146014306
Pseudodiploria63621,0.210528276211444
Pseudodiploria63717,1.01544142304481
Pseudodiploria63792,1.77355096443207
Pseudodiploria64020,-1.16475263126287
Pseudodiploria64249,-0.234877179927505
Pseudodiploria64254,0.550594212379634
Pseudodiploria64345,-0.113785534531199
Pseudodiploria64447,1.00508055252264
Pseudodiploria64577,1.20674633277647
Pseudodiploria6462,0.420694348918189
Pseudodiploria64782,0.60885205769143
Pseudodiploria64997,-0.0379025120182932
Pseudodiploria65066,0.196595451232477
Pseudodiploria65094,-0.43418855410088
Pseudodiploria65113,0.531588948489269
Pseudodiploria65240,-0.0242448796477027
Pseudodiploria65268,-0.156835578308803
Pseudodiploria65299,0.112432998873607
Pseudodiploria65570,0.149031683386931
Pseudodiploria65684,-1.49097592998307
Pseudodiploria65766,-0.66453379640505
Pseudodiploria65855,-0.0463694701532862
Pseudodiploria65906,-0.203703700412984
Pseudodiploria65957,-1.46874795701056
Pseudodiploria66019,-0.190264413946426
Pseudodiploria66163,0.0943310013740196
Pseudodiploria6621,-0.0583010471244101
Pseudodiploria66327,0.0935631250241277
Pseudodiploria66540,-0.246993909117048
Pseudodiploria66544,-0.74912382480967
Pseudodiploria66571,0.0362373048449124
Pseudodiploria66583,1.20807997725766
Pseudodiploria66688,-0.0662304275200978
Pseudodiploria66723,1.10265266025341
Pseudodiploria66779,-1.40187650235333
Pseudodiploria66983,-0.714809575234682
Pseudodiploria67035,0.20696802525235
Pseudodiploria67058,-0.672202659216187
Pseudodiploria6707,-0.397363181581279
Pseudodiploria67127,-0.635987575762645
Pseudodiploria67193,0.228538033591148
Pseudodiploria67275,0.0167057617759769
Pseudodiploria67309,1.66417566760039
Pseudodiploria67436,0.237178357823828
Pseudodiploria67488,0.920941658381469
Pseudodiploria6753,0.961981948262
Pseudodiploria67714,0.710522660030178
Pseudodiploria67717,-0.0148349736930588
Pseudodiploria67733,0.795928397548752
Pseudodiploria67814,-0.524623704548683
Pseudodiploria68007,0.098487909948199
Pseudodiploria68068,0.0332981062116194
Pseudodiploria68113,-0.0432529527894922
Pseudodiploria68168,-0.311032939000576
Pseudodiploria68281,0.074011568397003
Pseudodiploria68288,0.29297109759869
Pseudodiploria68411,0.201671258721514
Pseudodiploria68911,-0.561792169181423
Pseudodiploria69085,0.0177218112012918
Pseudodiploria69481,0.240522559319466
Pseudodiploria69636,-0.579754643661228
Pseudodiploria69670,0.344461245026138
Pseudodiploria69718,0.453744550532516
Pseudodiploria69948,-0.654202302914755
Pseudodiploria69958,0.467918807196768
Pseudodiploria70234,-0.728289052193341
Pseudodiploria70580,-0.514793167026273
Pseudodiploria70903,0.881495358710359
Pseudodiploria71324,-0.91055908299497
Pseudodiploria71456,-0.0289518046809941
Pseudodiploria71545,-1.43607396450968
Pseudodiploria71567,-0.0358856294509466
Pseudodiploria71695,-0.484287858921139
Pseudodiploria71757,-0.486202013194801
Pseudodiploria71842,-0.0376944767514448
Pseudodiploria72136,-0.60819827842533
Pseudodiploria72144,-0.0819102557816347
Pseudodiploria72189,-0.0808622483426231
Pseudodiploria72207,-0.242374517464733
Pseudodiploria72249,-0.384577773180177
Pseudodiploria72306,0.0344487460082581
Pseudodiploria72367,2.091539962342
Pseudodiploria72471,-0.330564677195758
Pseudodiploria72652,0.1291817048275
Pseudodiploria72679,-0.399741345965925
Pseudodiploria72697,0.435907011519584
Pseudodiploria72826,-0.395640414468552
Pseudodiploria72881,-0.470047195615976
Pseudodiploria73014,-0.26973668419747
Pseudodiploria73083,0.563753987706804
Pseudodiploria73198,0.22985233646933
Pseudodiploria73382,0.198421621246671
Pseudodiploria73624,0.708451430147343
Pseudodiploria73864,-0.311502285321874
Pseudodiploria73891,0.428641708914244
Pseudodiploria74022,0.37557599430211
Pseudodiploria74026,0.0498592798408393
Pseudodiploria74161,-0.306725231898612
Pseudodiploria74238,-0.561571876720391
Pseudodiploria74294,-0.763307147879738
Pseudodiploria74414,-0.674747741762506
Pseudodiploria74516,-0.781793233941644
Pseudodiploria74531,0.797222068890053
Pseudodiploria74815,0.0370190230720198
Pseudodiploria74892,-1.03687674428192
Pseudodiploria74904,1.11041357553239
Pseudodiploria74978,0.121780131210823
Pseudodiploria75094,-0.237693765873645
Pseudodiploria75288,0.81456732101378
Pseudodiploria75507,-0.0214088146046121
Pseudodiploria7553,0.850789669543595
Pseudodiploria75603,-0.0952597753241558
Pseudodiploria75610,-0.544812557275038
Pseudodiploria75812,0.457475113685063
Pseudodiploria75839,0.465900516447598
Pseudodiploria76066,0.0838615558040541
Pseudodiploria76144,1.09469701085554
Pseudodiploria76164,0.478035984166164
Pseudodiploria76426,1.71088402610321
Pseudodiploria76464,-2.18463729884297
Pseudodiploria76518,-0.269951009067621
Pseudodiploria76557,0.604489823781361
Pseudodiploria76749,0.177038061538808
Pseudodiploria76789,-0.358270176810463
Pseudodiploria76855,0.273716455413892
Pseudodiploria76858,-0.113567762548161
Pseudodiploria76976,0.402602490442903
Pseudodiploria77160,0.17897347708131
Pseudodiploria77300,0.0962522267116235
Pseudodiploria77303,0.161772513751868
Pseudodiploria77367,-0.762763623208627
Pseudodiploria77504,-0.537123149950943
Pseudodiploria77522,-0.00558963507367307
Pseudodiploria77559,0.296431597017945
Pseudodiploria77585,0.188581134617948
Pseudodiploria78507,1.72441962032199
Pseudodiploria78729,-0.144088021079426
Pseudodiploria78732,-1.16055253676014
Pseudodiploria78835,0.431629391148078
Pseudodiploria78860,0.65551292107202
Pseudodiploria78952,-0.242643635073555
Pseudodiploria79185,1.94386367038607
Pseudodiploria79189,-0.65629614759189
Pseudodiploria79380,-1.83803097583225
Pseudodiploria79481,-0.184426975753213
Pseudodiploria79561,0.287681087574824
Pseudodiploria79606,0.697517604449313
Pseudodiploria79837,-0.774300112741587
Pseudodiploria79880,0.181733218954167
Pseudodiploria80124,0.614089648683246
Pseudodiploria8016,-0.65824472231505
Pseudodiploria80228,-0.88623560762133
Pseudodiploria80350,-0.693107318023146
Pseudodiploria8037,0.293589056340641
Pseudodiploria80425,-0.126114692953663
Pseudodiploria80508,0.327360335083929
Pseudodiploria80831,0.190201962177125
Pseudodiploria80880,-0.506134203199208
Pseudodiploria80906,0.123095359182643
Pseudodiploria8103,0.585389823022629
Pseudodiploria81085,0.460768042862173
Pseudodiploria81979,0.183350538322686
Pseudodiploria82470,0.0360141846698062
Pseudodiploria82579,-0.480916688466002
Pseudodiploria82612,0.396485463696478
Pseudodiploria82689,-0.246891489745786
Pseudodiploria83015,-0.847947379050676
Pseudodiploria83045,0.171309866321899
Pseudodiploria83077,0.998163790367724
Pseudodiploria83362,-0.157552989133285
Pseudodiploria83397,-1.43771790068508
Pseudodiploria83439,0.289550292539383
Pseudodiploria83478,-0.294824507306846
Pseudodiploria83483,-0.0472856080400111
Pseudodiploria83515,-0.690342225865988
Pseudodiploria83773,2.02234240864255
Pseudodiploria83788,-0.414819133293764
Pseudodiploria83929,0.435108992080094
Pseudodiploria83945,-1.53907339435481
Pseudodiploria84093,-0.552447768823641
Pseudodiploria84348,-0.402260595095278
Pseudodiploria8435,-0.353750084614503
Pseudodiploria84375,-0.0348393330165516
Pseudodiploria84433,0.476070134953833
Pseudodiploria84521,-0.837135223218408
Pseudodiploria84583,-0.556295960468642
Pseudodiploria84650,-0.717268619260041
Pseudodiploria84800,-0.0904647911546614
Pseudodiploria84865,1.61119573383893
Pseudodiploria84919,1.62423005272582
Pseudodiploria84923,0.199708796078158
Pseudodiploria85148,-0.155089199541416
Pseudodiploria85306,-0.421949880222479
Pseudodiploria85345,-1.17499334821945
Pseudodiploria85536,-0.263429893494939
Pseudodiploria85660,-0.615477474394816
Pseudodiploria85917,-0.0112755789195071
Pseudodiploria85920,-0.28071883323988
Pseudodiploria86006,-0.85844313871297
Pseudodiploria86081,-0.897832367195126
Pseudodiploria86112,-0.265271147193977
Pseudodiploria86128,0.0638241109412727
Pseudodiploria86542,0.306702863229165
Pseudodiploria86631,0.426978323147497
Pseudodiploria86697,0.664645010830606
Pseudodiploria86736,0.172510965845372
Pseudodiploria86881,-0.582656932042159
Pseudodiploria86945,-0.512457483504794
Pseudodiploria8695,0.0072712124410902
Pseudodiploria86956,-0.00762304921932646
Pseudodiploria86968,0.433861240005208
Pseudodiploria87002,-0.0817342711882189
Pseudodiploria87053,-0.566258276285875
Pseudodiploria87219,-0.8252052105104
Pseudodiploria87276,0.801879503821064
Pseudodiploria87282,0.37117879678516
Pseudodiploria87352,-0.00582072647556327
Pseudodiploria87365,-0.313395147013061
Pseudodiploria87445,0.203304627311926
Pseudodiploria87487,-0.710724068711336
Pseudodiploria87697,0.270535990799617
Pseudodiploria87774,-0.0338034407571484
Pseudodiploria87804,-0.630171583619025
Pseudodiploria87990,0.140482654920799
Pseudodiploria88035,0.474149048431387
Pseudodiploria88074,-0.830534757588699
Pseudodiploria88127,-1.15138842548231
Pseudodiploria88200,0.314759374077658
Pseudodiploria88202,1.31447991569689
Pseudodiploria88205,0.0978598771719724
Pseudodiploria88315,0.980063081481173
Pseudodiploria88473,-0.184117233918071
Pseudodiploria88496,0.0823275363706465
Pseudodiploria88536,0.032559893708864
Pseudodiploria88573,0.331731140282236
Pseudodiploria88682,0.160105061665242
Pseudodiploria88738,-0.678571331596512
Pseudodiploria88918,1.11196756064332
Pseudodiploria88932,-0.206130671398326
Pseudodiploria88951,-1.36059799179018
Pseudodiploria89031,0.0340216472619773
Pseudodiploria89066,-1.24583743716207
Pseudodiploria89412,-1.29648198657366
Pseudodiploria89525,-1.50793773485692
Pseudodiploria89677,-0.243713118686415
Pseudodiploria89803,-0.78148108352707
Pseudodiploria89810,-0.639049493093692
Pseudodiploria89849,-0.779054563555319
Pseudodiploria89890,-0.144521908582826
Pseudodiploria89927,0.0613505308030955
Pseudodiploria89956,1.04397783668041
Pseudodiploria90125,0.664061303687969
Pseudodiploria90132,-0.464480270744055
Pseudodiploria90141,0.731512343147459
Pseudodiploria90155,0.00393836053395748
Pseudodiploria90187,0.580303899448737
Pseudodiploria90311,-0.0426937332990108
Pseudodiploria90364,0.903124617867476
Pseudodiploria90429,-0.184117126851343
Pseudodiploria90460,-0.939716437376231
Pseudodiploria90464,-0.27562771181521
Pseudodiploria90486,-0.186488420645183
Pseudodiploria90594,0.996886383962419
Pseudodiploria90735,0.624123966952055
Pseudodiploria90846,0.206386691411091
Pseudodiploria90861,-1.30705722936194
Pseudodiploria90874,-0.117485219928009
Pseudodiploria90914,-0.420994345730198
Pseudodiploria91075,-0.630263685670182
Pseudodiploria91090,0.189672261652246
Pseudodiploria91130,0.589408407993011
Pseudodiploria91199,-0.256568456633705
Pseudodiploria91227,-0.00627672390585601
Pseudodiploria91252,0.822776177586184
Pseudodiploria91406,-0.274178802876765
Pseudodiploria91422,0.431420100727766
Pseudodiploria91437,-0.502727140487176
Pseudodiploria91533,0.554919562994539
Pseudodiploria91604,0.866935728418683
Pseudodiploria91715,-0.121673139671762
Pseudodiploria91718,0.236051160053581
Pseudodiploria91753,0.411801064436241
Pseudodiploria91825,0.305202081164439
Pseudodiploria9193,-1.34864946796188
Pseudodiploria92287,-1.2106082796009
Pseudodiploria923,0.110844836817506
Pseudodiploria92399,-0.176755839957578
Pseudodiploria92419,-0.28073373403637
Pseudodiploria92534,-0.169526473352246
Pseudodiploria92651,0.4485035085466
Pseudodiploria92817,0.339460355448732
Pseudodiploria93195,-0.425849679512224
Pseudodiploria93260,-0.848696554169808
Pseudodiploria93319,0.358130673660017
Pseudodiploria93361,0.398701050505384
Pseudodiploria93435,-1.0216749560877
Pseudodiploria93499,-0.843528715608681
Pseudodiploria93531,0.0579975201172735
Pseudodiploria93551,-0.100620559559626
Pseudodiploria93553,-0.3605340844981
Pseudodiploria93648,-0.513196013964053
Pseudodiploria93691,-0.179435070183682
Pseudodiploria93757,-0.191872471271521
Pseudodiploria93758,-0.0182654387204173
Pseudodiploria93819,0.817245965686557
Pseudodiploria93826,0.2603903255783
Pseudodiploria93848,-0.13987331181518
Pseudodiploria93885,0.14306077660189
Pseudodiploria93906,-0.0275483660051614
Pseudodiploria93921,0.253363257212612
Pseudodiploria9408,0.132658302444388
Pseudodiploria94108,0.572569368600739
Pseudodiploria94158,0.339038957236213
Pseudodiploria94370,-0.150729564461707
Pseudodiploria94414,0.76147896917124
Pseudodiploria94416,-1.21678084204775
Pseudodiploria94476,0.104868825280032
Pseudodiploria94559,-0.151601234094332
Pseudodiploria94570,-0.16869964371831
Pseudodiploria94605,0.111004334118383
Pseudodiploria94657,1.09723368878515
Pseudodiploria94680,0.972034430077359
Pseudodiploria94759,-0.777538373914009
Pseudodiploria94815,-0.256857461080626
Pseudodiploria95126,-0.64614439803241
Pseudodiploria95241,-0.0214406213294719
Pseudodiploria95284,-0.100194108151889
Pseudodiploria95529,0.322234284642212
Pseudodiploria95541,0.537437546730443
Pseudodiploria95545,-0.033305002251701
Pseudodiploria95668,-1.84054205436195
Pseudodiploria95701,0.0387175522367971
Pseudodiploria95707,-0.912158678861763
Pseudodiploria95872,-1.898438461616
Pseudodiploria96045,-0.558747391229362
Pseudodiploria96103,-0.0495855845768865
Pseudodiploria96305,-0.462082626205381
Pseudodiploria96342,-0.662567657746596
Pseudodiploria96456,-1.02211592611108
Pseudodiploria96519,-0.094968771406164
Pseudodiploria96554,0.0763321704237872
Pseudodiploria96573,0.772600868213259
Pseudodiploria96611,0.00488802794198439
Pseudodiploria96644,-0.541304379617502
Pseudodiploria96656,1.06129233924218
Pseudodiploria96710,1.15992360604381
Pseudodiploria96854,0.844130811979451
Pseudodiploria96886,-0.672117296092263
Pseudodiploria96903,0.4153862630628
Pseudodiploria96966,-0.0928872729732478
Pseudodiploria97146,-0.334346947345752
Pseudodiploria97289,-0.215480884319733
Pseudodiploria97310,-0.421020318241033
Pseudodiploria97420,1.02295619621876
Pseudodiploria97723,-0.800601632761437
Pseudodiploria97764,-0.51880400636018
Pseudodiploria97776,0.879176919571186
Pseudodiploria97796,-0.352099276245745
Pseudodiploria97895,-0.020526198506689
Pseudodiploria97937,0.23878728278132
Pseudodiploria97995,-1.18095480752986
Pseudodiploria98008,0.231774747090198
Pseudodiploria98046,0.0641898707631685
Pseudodiploria98049,0.00869734786139075
Pseudodiploria98081,-0.185917697586937
Pseudodiploria98085,-0.12554360134928
Pseudodiploria98087,0.023406805867696
Pseudodiploria98173,0.0997343653282145
Pseudodiploria98255,-0.122988591878225
Pseudodiploria98386,1.14277832688101
Pseudodiploria98427,0.00734398643466105
Pseudodiploria98466,-0.580896236754102
Pseudodiploria98478,-0.932017736118074
Pseudodiploria98546,-0.160813171789301
Pseudodiploria98643,-0.445114309220448
Pseudodiploria98663,-0.685020799230261
Pseudodiploria98801,-0.629109711166012
Pseudodiploria98809,-0.0946898864156615
Pseudodiploria98909,-1.32213294677304
Pseudodiploria98936,-0.181648273262727
Pseudodiploria99002,-0.0991942398334786
Pseudodiploria99058,0.790417636385786
Pseudodiploria99111,0.0135994396658118
Pseudodiploria99279,-0.461892730202267
Pseudodiploria99294,0.0173659814826189
Pseudodiploria99428,-0.724247007955163
Pseudodiploria99465,-0.122581988193923
Pseudodiploria99598,-0.368833375451724
Pseudodiploria99599,0.49022158911499
Pseudodiploria99627,0.173202580004381
Pseudodiploria99899,0.129524112736731
Pseudodiploria99944,-0.477786401545442
