gene,lfc
Pseudodiploria164233,-0.488623771410567
Pseudodiploria164235,0.470571171360163
Pseudodiploria164308,0.734370345490107
Pseudodiploria164312,-0.299637374723843
Pseudodiploria164314,-0.117297807785437
Pseudodiploria164330,0.0661729892471862
Pseudodiploria164335,0.0491817039051882
Pseudodiploria164343,-0.0627633116544911
Pseudodiploria164353,0.616183214061981
Pseudodiploria164358,0.817323574093056
Pseudodiploria164361,-0.150009114596163
Pseudodiploria164366,0.148264605751891
Pseudodiploria164382,-0.72133002204642
Pseudodiploria164401,-0.760435186840729
Pseudodiploria164412,0.165275280724078
Pseudodiploria164416,-0.52464659821833
Pseudodiploria164437,0.283736976525854
Pseudodiploria164444,0.375655903747022
Pseudodiploria164445,0.190801551116737
Pseudodiploria164446,0.26598107721206
Pseudodiploria164456,0.0258504195958309
Pseudodiploria164478,-1.09891159603272
Pseudodiploria164493,0.0580996396742385
Pseudodiploria164497,0.311491621540863
Pseudodiploria164503,0.031190847125133
Pseudodiploria164519,0.54581281905075
Pseudodiploria164531,-0.0137204657450454
Pseudodiploria164549,0.301934632705437
Pseudodiploria164566,0.246935521972294
Pseudodiploria164570,0.0812935097620996
Pseudodiploria164572,0.388515403387883
Pseudodiploria164590,0.563367329276174
Pseudodiploria164595,0.587063604740592
Pseudodiploria164612,0.0298501320813818
Pseudodiploria164622,0.543782339072473
Pseudodiploria164624,0.105687748627267
Pseudodiploria164628,-0.182488327530925
Pseudodiploria164646,1.06356743378782
Pseudodiploria164647,-0.280823295362419
Pseudodiploria164655,-0.123547425469324
Pseudodiploria164681,0.430907931609895
Pseudodiploria164697,0.132533258126366
Pseudodiploria164735,-1.77560091379413
Pseudodiploria164748,-0.0296923856202426
Pseudodiploria164762,1.34154151937292
Pseudodiploria164764,-0.330604564698245
Pseudodiploria164777,-0.0993108745168823
Pseudodiploria164795,0.0714440890735282
Pseudodiploria164798,0.108163368963649
Pseudodiploria164810,0.304911051923048
Pseudodiploria164812,0.0531719492813489
Pseudodiploria164835,0.0166429895448677
Pseudodiploria164853,-0.161244956964641
Pseudodiploria164857,0.106998138474524
Pseudodiploria164858,-0.0212544259012074
Pseudodiploria164874,0.17708101630662
Pseudodiploria164875,0.302090950895923
Pseudodiploria164885,0.0571642658297396
Pseudodiploria164897,0.213747171188372
Pseudodiploria164907,-0.0490820894939628
Pseudodiploria164921,0.478308862242407
Pseudodiploria164935,-1.07293620515541
Pseudodiploria164946,0.0885243635169818
Pseudodiploria164962,0.0520717206646781
Pseudodiploria164968,-0.715048548710621
Pseudodiploria164969,-0.0614781736328604
Pseudodiploria164980,0.297595327253183
Pseudodiploria164990,-0.413185894983308
Pseudodiploria164991,-0.234051430225896
Pseudodiploria164993,-0.840064846256771
Pseudodiploria164997,1.43961652062127
Pseudodiploria165019,-0.493020693725674
Pseudodiploria165027,-0.191378389790489
Pseudodiploria165047,0.690158977771533
Pseudodiploria165082,0.066610449156453
Pseudodiploria165105,-0.304763639019835
Pseudodiploria165106,-0.613783261412817
Pseudodiploria165119,-0.518907530207258
Pseudodiploria165123,-0.107456528066729
Pseudodiploria165131,0.0183751077102363
Pseudodiploria165132,-0.36859502077467
Pseudodiploria165140,0.0534017752032299
Pseudodiploria165149,-0.336107695264122
Pseudodiploria165155,0.207324247674529
Pseudodiploria165180,0.544523168022697
Pseudodiploria165200,0.077256356656686
Pseudodiploria165214,0.787239808409748
Pseudodiploria165237,0.00902852816936813
Pseudodiploria165276,-0.952983543675977
Pseudodiploria165277,-0.323506482542625
Pseudodiploria165280,-0.322144552961685
Pseudodiploria165290,0.855604029661057
Pseudodiploria165292,-0.268191457350478
Pseudodiploria165348,-0.00240814794507442
Pseudodiploria165375,0.0783856726741995
Pseudodiploria165376,-0.463207456824939
Pseudodiploria165388,-0.412360635009712
Pseudodiploria165391,-0.260358694968162
Pseudodiploria165409,0.358224074334409
Pseudodiploria165412,-0.400119318472905
Pseudodiploria165418,0.0463453564225697
Pseudodiploria165429,0.164851348051608
Pseudodiploria165438,-1.27270949969016
Pseudodiploria165441,-0.318102328482155
Pseudodiploria165458,0.299990566525837
Pseudodiploria165463,-0.551116068696331
Pseudodiploria165500,-0.193117969444658
Pseudodiploria165506,-0.597788597494362
Pseudodiploria165522,0.444214499756206
Pseudodiploria165526,0.435016672009434
Pseudodiploria165536,-0.701015766647815
Pseudodiploria165538,-0.420411301175893
Pseudodiploria165563,0.131902124924478
Pseudodiploria165566,0.150162651318358
Pseudodiploria165572,0.250435256145006
Pseudodiploria165592,0.0848741033272802
Pseudodiploria165598,0.917120933196292
Pseudodiploria165604,0.125560646299565
Pseudodiploria165605,0.197027061957049
Pseudodiploria165613,-0.141821343602897
Pseudodiploria165626,0.946541884134945
Pseudodiploria165629,-0.131330749425457
Pseudodiploria165656,-0.0107574161990903
Pseudodiploria165662,-0.706079849598622
Pseudodiploria165688,-0.774930355235835
Pseudodiploria165689,-0.430029683199421
Pseudodiploria165697,-0.402141253501799
Pseudodiploria165707,0.483466666681746
Pseudodiploria165714,-0.289566482700248
Pseudodiploria165727,0.084600256975999
Pseudodiploria165744,-0.387696070343077
Pseudodiploria165745,0.39962194583259
Pseudodiploria165754,-0.0982834928897666
Pseudodiploria165765,-0.243652426770841
Pseudodiploria165774,0.108890685750974
Pseudodiploria165799,0.255680604015157
Pseudodiploria165817,0.224181415962218
Pseudodiploria165824,0.288962684591815
Pseudodiploria165837,-0.0779576449939112
Pseudodiploria165848,0.0843254772446115
Pseudodiploria165858,0.0899500142360065
Pseudodiploria165873,0.501380838835254
Pseudodiploria165884,-0.49889646394517
Pseudodiploria165903,0.626409892194957
Pseudodiploria165908,0.334651007087865
Pseudodiploria165918,0.194892619471302
Pseudodiploria165922,0.0731902964301124
Pseudodiploria165927,-0.424934481588899
Pseudodiploria165929,-0.217452942174797
Pseudodiploria165941,-0.717595736286841
Pseudodiploria165952,0.002289920558368
Pseudodiploria165982,-0.231642798128401
Pseudodiploria165995,0.246725169686516
Pseudodiploria165997,0.313042466655934
Pseudodiploria166015,1.04478073534648
Pseudodiploria166027,0.528302361850177
Pseudodiploria166037,0.297316529532134
Pseudodiploria166044,-0.585949170623011
Pseudodiploria166061,-0.198282802550684
Pseudodiploria166067,0.245017346262614
Pseudodiploria166072,0.0114088789951837
Pseudodiploria166077,-1.03587873627809
Pseudodiploria166086,-0.883367026494786
Pseudodiploria166088,-0.719540800116879
Pseudodiploria166101,0.120420577588417
Pseudodiploria166106,-0.0464882205342076
Pseudodiploria166107,0.138256742650996
Pseudodiploria166116,0.0169243868732428
Pseudodiploria166133,0.441915311080135
Pseudodiploria166151,0.467399543856767
Pseudodiploria166156,-0.331022083255438
Pseudodiploria166171,-0.133202343604455
Pseudodiploria166176,-1.06631084310388
Pseudodiploria166179,-0.0665885285860907
Pseudodiploria166183,0.838302211789194
Pseudodiploria166186,-0.155406104486691
Pseudodiploria166193,0.0791063027551197
Pseudodiploria166194,0.451182808536711
Pseudodiploria166197,-0.161177105560572
Pseudodiploria166200,0.264225723263892
Pseudodiploria166201,-0.191043382780911
Pseudodiploria166207,0.759737756753818
Pseudodiploria166217,-0.080913947032204
Pseudodiploria166221,-0.251515235135492
Pseudodiploria166235,-0.333565306947571
Pseudodiploria166268,0.417982175723749
Pseudodiploria166287,0.264537719065776
Pseudodiploria166294,-0.817965898999868
Pseudodiploria166304,-0.833978559148209
Pseudodiploria166306,-0.0225705898493942
Pseudodiploria166326,0.420713575164722
Pseudodiploria166358,-0.42415324071181
Pseudodiploria166370,0.209306451446729
Pseudodiploria166380,-2.41934718419861
Pseudodiploria166404,0.292352671113543
Pseudodiploria166409,0.113376418529927
Pseudodiploria166432,-0.130191432510212
Pseudodiploria166433,-0.0878538685142006
Pseudodiploria166437,-0.0515105222984891
Pseudodiploria166438,0.26737045568125
Pseudodiploria166446,0.321917815919341
Pseudodiploria166451,-0.337145053938631
Pseudodiploria166459,-0.257846611805403
Pseudodiploria166466,0.0205867201478021
Pseudodiploria166478,0.22733743055271
Pseudodiploria166481,0.701975597249733
Pseudodiploria166488,-0.401286702725704
Pseudodiploria166500,0.155593569514151
Pseudodiploria166512,-0.158250494208791
Pseudodiploria166516,-0.815338301960719
Pseudodiploria166530,0.00226274927331613
Pseudodiploria166568,0.410027637945869
Pseudodiploria166574,-0.351301924728598
Pseudodiploria166585,0.181243700077207
Pseudodiploria166594,-0.138033276521978
Pseudodiploria166604,-0.0896496769651531
Pseudodiploria166610,1.1463471668457
Pseudodiploria166659,-0.530635300701228
Pseudodiploria166660,-0.153626702434228
Pseudodiploria166663,-0.324462989874406
Pseudodiploria166682,0.062899794242271
Pseudodiploria166687,0.446301040821932
Pseudodiploria166691,0.210662233331386
Pseudodiploria166694,0.741928945086378
Pseudodiploria166695,-0.503928522914928
Pseudodiploria166708,-0.680994274804378
Pseudodiploria166737,-0.197022477407041
Pseudodiploria166741,0.361796227180741
Pseudodiploria166752,0.314609207224489
Pseudodiploria166760,-0.00697216477333433
Pseudodiploria166768,-0.439951416336328
Pseudodiploria166782,-0.296345508689075
Pseudodiploria166787,0.0951697658147485
Pseudodiploria166791,-0.024062228160232
Pseudodiploria166798,0.551927475990713
Pseudodiploria166823,0.190353594291986
Pseudodiploria166827,0.26201855598082
Pseudodiploria166865,-0.543792222894376
Pseudodiploria166874,-0.0411637242147558
Pseudodiploria166885,-0.160875262860397
Pseudodiploria166895,0.672548311405478
Pseudodiploria166896,0.228997981884943
Pseudodiploria166902,-0.185963351989153
Pseudodiploria166918,0.190025535860526
Pseudodiploria166945,-0.343955140435969
Pseudodiploria166978,0.324572225310055
Pseudodiploria166984,0.289413414052148
Pseudodiploria166997,-0.156806969924406
Pseudodiploria167015,0.135271978876039
Pseudodiploria167028,-0.0147015904257615
Pseudodiploria167040,0.844681325608734
Pseudodiploria167046,-0.139531059844222
Pseudodiploria167047,0.00364790761156346
Pseudodiploria167064,0.0637088476651303
Pseudodiploria167070,-0.90762869939902
Pseudodiploria167074,-0.656899127421364
Pseudodiploria167077,0.114405048945582
Pseudodiploria167087,0.161922793899518
Pseudodiploria167090,0.341905958515402
Pseudodiploria167101,0.202534310196175
Pseudodiploria167103,-0.0624128329890168
Pseudodiploria167113,-0.936242510299765
Pseudodiploria167121,-0.247409441064739
Pseudodiploria167135,0.152799035801902
Pseudodiploria167143,0.163578458575983
Pseudodiploria167160,0.24993796608496
Pseudodiploria167167,0.136465773853804
Pseudodiploria167170,-0.824982767685345
Pseudodiploria167177,0.880223263609597
Pseudodiploria167198,0.560732182749901
Pseudodiploria167202,0.0525076913733608
Pseudodiploria167257,0.585197126412069
Pseudodiploria167294,-0.0450859288137313
Pseudodiploria167297,0.21596899225171
Pseudodiploria167319,0.124815757123376
Pseudodiploria167321,0.171308029335633
Pseudodiploria167325,-0.188689312096589
Pseudodiploria167330,0.0947941125433552
Pseudodiploria167340,-0.253541181184351
Pseudodiploria167343,-0.446176427825089
Pseudodiploria167350,0.0815683343987419
Pseudodiploria167352,0.111719851231778
Pseudodiploria167371,0.254168273687195
Pseudodiploria167375,-0.264213035144946
Pseudodiploria167381,-0.427104440466979
Pseudodiploria167400,-0.388739026422862
Pseudodiploria167427,-0.0956438370855843
Pseudodiploria167431,0.276947901850675
Pseudodiploria167439,-0.131320069942092
Pseudodiploria167447,0.0662229292195876
Pseudodiploria167455,0.29344659437502
Pseudodiploria167469,0.420251470557812
Pseudodiploria167470,0.680802668674607
Pseudodiploria167480,0.166449529658558
Pseudodiploria167485,0.282268622349016
Pseudodiploria167491,0.400985502229266
Pseudodiploria167493,0.488310713385719
Pseudodiploria167495,0.67769594110497
Pseudodiploria167506,-0.0468701010058966
Pseudodiploria167511,0.728226088356572
Pseudodiploria167513,1.09629293405175
Pseudodiploria167533,0.0684782191234412
Pseudodiploria167537,0.232486160288027
Pseudodiploria167546,0.124032307071377
Pseudodiploria167552,0.00593077914218959
Pseudodiploria167555,0.581436246504506
Pseudodiploria167558,0.104027309891246
Pseudodiploria167569,-0.64676070386148
Pseudodiploria167582,0.68527447292482
Pseudodiploria167590,0.172721899974316
Pseudodiploria167593,-0.153152362188548
Pseudodiploria167615,-0.110713611024538
Pseudodiploria167619,0.249988792136292
Pseudodiploria167631,0.225750707798705
Pseudodiploria167633,-0.0175466821717855
Pseudodiploria167634,0.139877675303237
Pseudodiploria167639,-0.27651176255199
Pseudodiploria167643,-0.304986157464918
Pseudodiploria167652,-0.153846039958993
Pseudodiploria167655,0.0952482566052957
Pseudodiploria167662,-0.231629849079658
Pseudodiploria167669,0.185577590496134
Pseudodiploria167679,-0.564237913389735
Pseudodiploria167683,0.175192782567375
Pseudodiploria167684,0.294445652923177
Pseudodiploria167712,0.293887285310811
Pseudodiploria167717,0.764451008011059
Pseudodiploria167722,-0.248260058913909
Pseudodiploria167732,-0.0816749722149133
Pseudodiploria167761,0.0671746848044728
Pseudodiploria167765,-0.603883581244549
Pseudodiploria167772,0.600638192146946
Pseudodiploria167786,-0.160948881624838
Pseudodiploria167791,-0.0524653154725364
Pseudodiploria167793,-0.207694138027551
Pseudodiploria167823,0.344128293345201
Pseudodiploria167824,0.597861677392199
Pseudodiploria167843,0.18107707599386
Pseudodiploria167849,-0.515449628912849
Pseudodiploria167857,-0.364770064960435
Pseudodiploria167862,0.647104327469086
Pseudodiploria167867,-0.0733453912988874
Pseudodiploria167871,-0.0859707920887758
Pseudodiploria167877,-0.194576335551358
Pseudodiploria167880,0.910774887971986
Pseudodiploria167885,-0.14096623883557
Pseudodiploria167889,-0.0987550547145815
Pseudodiploria167945,0.363646903541223
Pseudodiploria167956,0.644611007387492
Pseudodiploria167995,0.325966463299113
Pseudodiploria168010,0.123488076730164
Pseudodiploria168019,0.0616602641363186
Pseudodiploria168031,-0.0742270944492186
Pseudodiploria168038,0.226350146423568
Pseudodiploria168053,0.144255266494404
Pseudodiploria168066,-0.535705923636642
Pseudodiploria168075,0.227282866795171
Pseudodiploria168090,0.155095432446715
Pseudodiploria168105,-0.166291748796293
Pseudodiploria168111,0.0539533272034344
Pseudodiploria168120,0.108363284768821
Pseudodiploria168146,0.247819328535983
Pseudodiploria168148,-0.225180134531034
Pseudodiploria168150,0.19872493877208
Pseudodiploria168154,0.603012400162721
Pseudodiploria168157,-0.239593956342855
Pseudodiploria168196,-0.139266799005064
Pseudodiploria168198,0.123777853375548
Pseudodiploria168206,0.382580473013585
Pseudodiploria168210,-0.336877038372042
Pseudodiploria168212,-3.04287025830116
Pseudodiploria168214,1.22531270177738
Pseudodiploria168216,0.205739368130344
Pseudodiploria168220,-0.591950591649178
Pseudodiploria168222,0.218434063461604
Pseudodiploria168249,-0.130040630740277
Pseudodiploria168268,-0.686298168625791
Pseudodiploria168270,0.38166110081667
Pseudodiploria168273,-0.045608887217909
Pseudodiploria168294,-0.236181229944774
Pseudodiploria168310,0.0562746304321861
Pseudodiploria168311,0.0190050174987323
Pseudodiploria168317,0.0820895518477486
Pseudodiploria168324,-0.123643414886802
Pseudodiploria168349,0.181054295697503
Pseudodiploria168355,-0.104334292245454
Pseudodiploria168372,-0.524514464511328
Pseudodiploria168387,-1.0573398561758
Pseudodiploria168389,0.695869743291139
Pseudodiploria168394,0.424457627026795
Pseudodiploria168399,0.516428356174445
Pseudodiploria168401,0.192957366512026
Pseudodiploria168408,-0.223383609713315
Pseudodiploria168409,0.203329260968898
Pseudodiploria168415,-0.924213614175533
Pseudodiploria168417,-1.26018953971572
Pseudodiploria168420,-0.196244894021288
Pseudodiploria168427,-1.31633208542342
Pseudodiploria168430,0.135474612047923
Pseudodiploria168441,0.0889899195275924
Pseudodiploria168451,0.440277519254418
Pseudodiploria168458,-0.0323751047817042
Pseudodiploria168474,-0.376957967812522
Pseudodiploria168479,0.951020955098817
Pseudodiploria168481,0.129014114484642
Pseudodiploria168482,-0.468248934508096
Pseudodiploria168484,0.131949472808064
Pseudodiploria168487,-0.113612071703205
Pseudodiploria168503,0.457278188615655
Pseudodiploria168504,-0.125525239091514
Pseudodiploria168508,-0.154239542965789
Pseudodiploria168523,-0.0248016350728638
Pseudodiploria168524,-0.108451139326567
Pseudodiploria168525,-0.23760041584339
Pseudodiploria168526,-1.07221743091946
Pseudodiploria168539,0.3544906599437
Pseudodiploria168554,0.230699904402202
Pseudodiploria168564,0.0204606555267539
Pseudodiploria168580,-0.194158990294815
Pseudodiploria168584,0.344440776039533
Pseudodiploria168589,-0.369487978697472
Pseudodiploria168591,0.224053150492191
Pseudodiploria168596,0.24325117802562
Pseudodiploria168615,-0.20027383687011
Pseudodiploria168620,-0.719534452278076
Pseudodiploria168627,-1.00139073769362
Pseudodiploria168640,0.546210479419085
Pseudodiploria168646,-0.150387057085666
Pseudodiploria168660,0.284740634337793
Pseudodiploria168666,-0.460031700966486
Pseudodiploria168672,0.302526759743055
Pseudodiploria168673,0.0173019274122212
Pseudodiploria168692,-0.223105576764488
Pseudodiploria168694,0.1226335538068
Pseudodiploria168700,0.213387370596241
Pseudodiploria168707,-0.0409989261417184
Pseudodiploria168721,-0.482868914023196
Pseudodiploria168725,-0.149322704244487
Pseudodiploria168730,-0.0121631477214028
Pseudodiploria168744,0.0718526310050133
Pseudodiploria168751,-0.55386493751681
Pseudodiploria168757,-0.730622588918544
Pseudodiploria168758,-0.221101602830985
Pseudodiploria168765,0.0714728536480559
Pseudodiploria168768,-0.0246772939965409
Pseudodiploria168772,0.0849035950855006
Pseudodiploria168776,-0.0286461524819767
Pseudodiploria168780,1.35055255156561
Pseudodiploria168786,0.0642069559229223
Pseudodiploria168788,0.148141356596293
Pseudodiploria168789,-0.318161847396456
Pseudodiploria168801,-0.168647153317424
Pseudodiploria168813,-0.101386745195109
Pseudodiploria168825,-0.0184903249133908
Pseudodiploria168827,-1.21563216604399
Pseudodiploria168859,-0.568194540250702
Pseudodiploria168861,0.806727268441612
Pseudodiploria168864,-0.184581506006353
Pseudodiploria168887,-0.175722534980319
Pseudodiploria168896,0.411475319282176
Pseudodiploria168902,1.27972235634363
Pseudodiploria168935,-0.57983644408539
Pseudodiploria168946,-0.0758271117373556
Pseudodiploria168947,0.418758912391274
Pseudodiploria168948,0.1610802673028
Pseudodiploria168952,0.702010117169819
Pseudodiploria168970,-0.126225529649547
Pseudodiploria168972,1.16870436245062
Pseudodiploria168975,-0.687952484781073
Pseudodiploria168977,0.183230510035602
Pseudodiploria168980,-0.0673396660875041
Pseudodiploria168985,-0.990204132985977
Pseudodiploria168989,-0.23952010371734
Pseudodiploria168991,-0.510721263579035
Pseudodiploria168998,0.594660637602998
Pseudodiploria168999,0.183159159055118
Pseudodiploria169001,-0.153991331934269
Pseudodiploria169010,-0.343531123639701
Pseudodiploria169012,-0.143387086002718
Pseudodiploria169019,-0.0113217392983302
Pseudodiploria169039,-0.166623695203827
Pseudodiploria169064,0.450957627993091
Pseudodiploria169068,-0.230559282729254
Pseudodiploria169086,-0.149868107315951
Pseudodiploria169089,1.04146228710402
Pseudodiploria169105,-0.208684533455366
Pseudodiploria169111,-0.67398714611136
Pseudodiploria169125,0.236557364925971
Pseudodiploria169138,0.451214025531507
Pseudodiploria169153,-0.10745535384815
Pseudodiploria169154,0.0501855946559426
Pseudodiploria169157,-0.0327673544411083
Pseudodiploria169164,-1.12549813240807
Pseudodiploria169174,-0.460526690926281
Pseudodiploria169176,-0.292870030983137
Pseudodiploria169198,0.0333932624392457
Pseudodiploria169199,-0.325379804443985
Pseudodiploria169203,-0.323539668835962
Pseudodiploria169209,0.562562659636408
Pseudodiploria169220,0.789369058821085
Pseudodiploria169221,-0.24096313991851
Pseudodiploria169223,0.371434567202216
Pseudodiploria169225,0.108614875749836
Pseudodiploria169228,-0.459308297749974
Pseudodiploria169237,-0.204117272447193
Pseudodiploria169238,-0.336268899658342
Pseudodiploria169254,0.0739130086469744
Pseudodiploria169262,0.471346286840426
Pseudodiploria169263,0.729263472535815
Pseudodiploria169280,-1.14386631166245
Pseudodiploria169293,0.23147110743334
Pseudodiploria169296,0.319952794387304
Pseudodiploria169297,0.522281885790425
Pseudodiploria169302,-0.0762929306705492
Pseudodiploria169309,0.614677353324788
Pseudodiploria169313,-0.0231856569430337
Pseudodiploria169318,0.164240057028837
Pseudodiploria169319,-0.0430127101910349
Pseudodiploria169323,-0.156208821029129
Pseudodiploria169327,0.436678745705541
Pseudodiploria169328,0.472764052148126
Pseudodiploria169335,0.120882601792001
Pseudodiploria169340,0.0177935729298343
Pseudodiploria169343,0.131639425511011
Pseudodiploria169372,0.306943763973962
Pseudodiploria169377,-0.232781298833435
Pseudodiploria169378,0.756954381196604
Pseudodiploria169381,0.161499252253216
Pseudodiploria169385,0.282585310222284
Pseudodiploria169387,0.398694965497061
Pseudodiploria169394,-0.454087274394303
Pseudodiploria169403,-0.849753473676408
Pseudodiploria169405,-0.165753063943503
Pseudodiploria169414,0.126151340107863
Pseudodiploria169431,0.574369672292055
Pseudodiploria169435,0.52549969690972
Pseudodiploria169437,-0.0725006927658238
Pseudodiploria169438,-1.00485636765831
Pseudodiploria169443,-0.115655006523192
Pseudodiploria169448,0.289051063006727
Pseudodiploria169456,0.06476392045083
Pseudodiploria169476,0.221824107417198
Pseudodiploria169478,-1.18463465110681
Pseudodiploria169480,0.690299041327053
Pseudodiploria169511,-0.214026148155015
Pseudodiploria169518,0.144975142112549
Pseudodiploria169520,0.635481002346951
Pseudodiploria169542,-0.647018518787675
Pseudodiploria169546,-0.691967877198018
Pseudodiploria169556,0.0181563247240246
Pseudodiploria169558,0.285806615200939
Pseudodiploria169559,-0.348207219616373
Pseudodiploria169582,-0.549000519522092
Pseudodiploria169583,0.0486156560364378
Pseudodiploria169585,0.393314137344361
Pseudodiploria169587,-0.517456443531698
Pseudodiploria169594,0.0498119191519598
Pseudodiploria169595,0.0309877180143082
Pseudodiploria169626,0.105688761573472
Pseudodiploria169637,0.134671700862924
Pseudodiploria169644,0.063985778838962
Pseudodiploria169654,-0.290995888330695
Pseudodiploria169660,0.984176310916753
Pseudodiploria169663,-0.0229429592487236
Pseudodiploria169674,0.495743687990748
Pseudodiploria169675,0.309303164092417
Pseudodiploria169686,-0.525511556369016
Pseudodiploria169687,0.0622797205567095
Pseudodiploria169690,-0.187728856942398
Pseudodiploria169699,0.214482016734146
Pseudodiploria169706,0.1095219177065
Pseudodiploria169715,-0.50588342727408
Pseudodiploria169722,-0.0114923945113085
Pseudodiploria169731,0.430796145786063
Pseudodiploria169748,-0.212509391199377
Pseudodiploria169762,-0.661210644421782
Pseudodiploria169764,0.829083476686025
Pseudodiploria169772,-0.249188347469018
Pseudodiploria169778,-0.12291463870533
Pseudodiploria169779,-0.199358012716499
Pseudodiploria169788,-0.272569264856177
Pseudodiploria169795,-0.184520578660411
Pseudodiploria169809,0.236374413952743
Pseudodiploria169813,0.183874272482606
Pseudodiploria169814,-0.389039992491378
Pseudodiploria169817,-0.19824643988461
Pseudodiploria169822,-0.864203333665241
Pseudodiploria169824,-0.438062230853881
Pseudodiploria169843,0.23195972386408
Pseudodiploria169844,0.209845985607571
Pseudodiploria169848,0.0805995208433711
Pseudodiploria169853,0.387104022854918
Pseudodiploria169854,-0.0553105487219749
Pseudodiploria169864,-0.721755395891736
Pseudodiploria169874,-1.10322769359941
Pseudodiploria169881,0.206262917577822
Pseudodiploria169882,0.174602439474397
Pseudodiploria169884,0.358320515926572
Pseudodiploria169885,-0.121063419208255
Pseudodiploria169892,-1.10474670346807
Pseudodiploria169900,-0.178313732191787
Pseudodiploria169914,-0.167118914607765
Pseudodiploria169937,0.155108281101142
Pseudodiploria169938,0.0941779402568465
Pseudodiploria169950,0.441161924892257
Pseudodiploria169951,-0.352338364128876
Pseudodiploria169955,-0.104339656539865
Pseudodiploria169966,0.0930720942536535
Pseudodiploria169968,0.0924330007296309
Pseudodiploria169995,-1.0106109694316
Pseudodiploria170001,-0.109710518391401
Pseudodiploria170005,0.534886828544963
Pseudodiploria170014,-0.313059003078982
Pseudodiploria170025,0.294620838598431
Pseudodiploria170028,0.730174663282989
Pseudodiploria170034,0.00955788213584104
Pseudodiploria170059,0.331867247127782
Pseudodiploria170065,0.388877542792222
Pseudodiploria170066,0.0942360533941412
Pseudodiploria170073,-0.366819523159713
Pseudodiploria170076,-0.395663334646399
Pseudodiploria170102,0.234243688979646
Pseudodiploria170111,0.0487992614881407
Pseudodiploria170115,-0.000399796359181304
Pseudodiploria170118,-0.2432036786693
Pseudodiploria170124,0.0890933179844077
Pseudodiploria170128,0.864331037433342
Pseudodiploria170129,-0.343314205345444
Pseudodiploria170139,-0.0756777427118524
Pseudodiploria170148,-0.652835725478754
Pseudodiploria170154,0.192006834100601
Pseudodiploria170157,0.704951746432516
Pseudodiploria170158,-0.0777885197697574
Pseudodiploria170184,0.127901988922162
Pseudodiploria170185,-0.803881540835146
Pseudodiploria170201,-0.549777975072619
Pseudodiploria170202,0.297846268314434
Pseudodiploria170208,-0.198003598533949
Pseudodiploria170215,-0.294924763585507
Pseudodiploria170218,0.0403804277575442
Pseudodiploria17022,-0.359793477628245
Pseudodiploria170224,0.758509512625872
Pseudodiploria170278,0.245707084058551
Pseudodiploria170279,0.135118238767052
Pseudodiploria170280,-0.0810536336056426
Pseudodiploria170281,0.72516988102903
Pseudodiploria170282,0.945498886229062
Pseudodiploria170289,-0.0268063533031246
Pseudodiploria170294,0.365806614148282
Pseudodiploria170299,-0.138418985824029
Pseudodiploria170301,-0.785800414941142
Pseudodiploria170313,-0.323191477327181
Pseudodiploria170318,0.637061978534532
Pseudodiploria170323,-0.335165894205438
Pseudodiploria170326,0.44006896742279
Pseudodiploria170338,0.125279706889779
Pseudodiploria170340,0.387453030679802
Pseudodiploria170347,-0.744650416084795
Pseudodiploria170356,-1.01300939291578
Pseudodiploria170361,-0.0165977178369925
Pseudodiploria170362,0.00746667377358873
Pseudodiploria170364,-0.00752906229848237
Pseudodiploria170374,0.0202596892588506
Pseudodiploria170377,0.348074454917133
Pseudodiploria170389,-0.0121265106712186
Pseudodiploria170394,-0.250807286898017
Pseudodiploria170399,0.312702915643446
Pseudodiploria170400,-0.539436635324127
Pseudodiploria170411,0.336116871104638
Pseudodiploria170414,0.430282743612351
Pseudodiploria170418,-0.229559824485635
Pseudodiploria170421,0.157978786959704
Pseudodiploria170429,-0.0220859907738446
Pseudodiploria170431,1.07143719685316
Pseudodiploria170457,-0.248364443803613
Pseudodiploria170465,-0.110945347877287
Pseudodiploria170469,0.0340849288803405
Pseudodiploria170477,-0.0052760111953553
Pseudodiploria170490,-0.141306937887478
Pseudodiploria170493,-0.415981612560831
Pseudodiploria170497,-0.407827595744471
Pseudodiploria170502,0.791637252570336
Pseudodiploria170515,0.322991282121944
Pseudodiploria170524,0.317089994636092
Pseudodiploria170534,0.0552929404902681
Pseudodiploria170539,-0.152391429401898
Pseudodiploria170545,0.120305011015744
Pseudodiploria170546,0.527904389887128
Pseudodiploria170549,0.0581746822566623
Pseudodiploria170556,-0.113894544267941
Pseudodiploria170559,0.0412238100561829
Pseudodiploria170568,-0.352850975263445
Pseudodiploria170580,-1.24374094197219
Pseudodiploria170588,-0.135869617574117
Pseudodiploria170599,-0.156712707307403
Pseudodiploria170612,-0.280654043964885
Pseudodiploria170614,0.327673464653637
Pseudodiploria170623,0.330481879506208
Pseudodiploria170633,0.0703553679780909
Pseudodiploria170636,0.308845574257831
Pseudodiploria170644,-0.298306540727261
Pseudodiploria170658,0.469746472343996
Pseudodiploria170668,-0.0427584170327973
Pseudodiploria170674,0.328535195484114
Pseudodiploria170680,0.68994472168875
Pseudodiploria170682,0.154944623984346
Pseudodiploria170683,0.432394991238593
Pseudodiploria170688,-0.185172694788564
Pseudodiploria170692,-0.995251897362804
Pseudodiploria170693,-0.0282173393549987
Pseudodiploria170697,0.234604925891719
Pseudodiploria170725,-0.28336539353096
Pseudodiploria170733,0.048885168115626
Pseudodiploria170734,0.419598196246736
Pseudodiploria170740,0.196989115641825
Pseudodiploria170782,-0.309072171883645
Pseudodiploria170783,0.933672139081311
Pseudodiploria170800,0.455199975971978
Pseudodiploria170804,0.00784096330643163
Pseudodiploria170821,-0.439041524602917
Pseudodiploria170827,-0.0217779678126451
Pseudodiploria170837,0.194628218021649
Pseudodiploria170849,-0.347615788141789
Pseudodiploria170860,0.731574537023687
Pseudodiploria170862,-0.181284154948633
Pseudodiploria170865,-0.977519737618231
Pseudodiploria170873,-0.519382304645853
Pseudodiploria170874,-0.0091165567573054
Pseudodiploria170876,0.859924689772254
Pseudodiploria170879,0.0170215087853946
Pseudodiploria170886,0.690837128054799
Pseudodiploria170887,0.180703838708932
Pseudodiploria170897,0.896123567977861
Pseudodiploria170901,0.190767934261647
Pseudodiploria170919,0.464411251216235
Pseudodiploria170937,0.31994420574674
Pseudodiploria170956,-0.272400791343916
Pseudodiploria170957,-0.00573611519665229
Pseudodiploria170962,0.597698936285193
Pseudodiploria170964,-0.323093749018623
Pseudodiploria170971,0.452355881544057
Pseudodiploria170978,-0.071328590212694
Pseudodiploria170980,0.476592233131369
Pseudodiploria170982,-0.263908406948212
Pseudodiploria170983,-1.43709504841912
Pseudodiploria170985,-0.288069734380392
Pseudodiploria170993,0.48027772879893
Pseudodiploria170997,-0.126418802829752
Pseudodiploria171003,-0.408429489328606
Pseudodiploria171009,1.41091862086317
Pseudodiploria171034,0.850813670979918
Pseudodiploria171038,-0.716207356760974
Pseudodiploria171049,-0.309551278320746
Pseudodiploria171062,-0.0121845409766805
Pseudodiploria171064,-0.786470441065922
Pseudodiploria171071,-0.592769717504829
Pseudodiploria171075,0.0279161328097216
Pseudodiploria171078,0.228855730243076
Pseudodiploria171082,-0.817680647218218
Pseudodiploria171106,0.27524095213529
Pseudodiploria171107,0.247893416830334
Pseudodiploria171109,-0.493989265618235
Pseudodiploria171120,0.403625901907949
Pseudodiploria171121,-0.185715721847011
Pseudodiploria171125,2.07828296199855
Pseudodiploria171129,-0.823878869512224
Pseudodiploria171136,-0.268139932966879
Pseudodiploria171145,0.702115487357816
Pseudodiploria171153,0.68339389915814
Pseudodiploria171157,-0.373979512138488
Pseudodiploria171161,-0.360688134820278
Pseudodiploria171168,0.860400949735387
Pseudodiploria171172,0.121939387347175
Pseudodiploria171175,0.839657554947746
Pseudodiploria171196,0.399901559826816
Pseudodiploria171201,-0.585155651838096
Pseudodiploria171212,0.0933907438506335
Pseudodiploria171216,0.105369026304895
Pseudodiploria171229,-0.219695730086616
Pseudodiploria171234,0.12504997136734
Pseudodiploria171236,-0.176625514476117
Pseudodiploria171250,0.179906881202061
Pseudodiploria171274,-0.385302307220467
Pseudodiploria171275,0.0383486930960203
Pseudodiploria171291,0.393590211598498
Pseudodiploria171293,-0.16300883475896
Pseudodiploria171301,-0.043424415418796
Pseudodiploria171303,-0.171492021110992
Pseudodiploria171308,-1.3807465062833
Pseudodiploria171312,0.0781195826355104
Pseudodiploria171314,-0.185287702702595
Pseudodiploria171322,0.507383920695486
Pseudodiploria171324,-0.147408114155972
Pseudodiploria171329,-0.280915431896886
Pseudodiploria171337,0.0114535996530629
Pseudodiploria171348,-0.666814312921456
Pseudodiploria171377,0.110320820861166
Pseudodiploria171378,0.281438601696126
Pseudodiploria171384,-0.715784829323348
Pseudodiploria171398,0.110116803651969
Pseudodiploria171404,-0.224471618129104
Pseudodiploria171408,-0.0159533070893593
Pseudodiploria171409,-0.162403034965079
Pseudodiploria171411,0.0141580825998073
Pseudodiploria171422,-0.3652127306475
Pseudodiploria171434,-0.103390212287042
Pseudodiploria171438,0.516087593864885
Pseudodiploria171443,-0.075423614251346
Pseudodiploria171450,0.112095675763858
Pseudodiploria171452,-0.255538983439385
Pseudodiploria171466,-0.010245979384333
Pseudodiploria171484,0.415412360417348
Pseudodiploria171488,-0.490851695865603
Pseudodiploria171489,-0.191933325257124
Pseudodiploria171494,-0.210034183236554
Pseudodiploria171496,-1.57149243610175
Pseudodiploria171503,0.498776185118572
Pseudodiploria171505,1.14279011546242
Pseudodiploria171509,0.752750307001998
Pseudodiploria171515,0.0951004866664911
Pseudodiploria171525,0.131551866316893
Pseudodiploria171529,-0.0535760932569885
Pseudodiploria171542,0.101072188514579
Pseudodiploria171553,0.624432574555968
Pseudodiploria171558,0.303928952995341
Pseudodiploria171559,0.144947838836468
Pseudodiploria171567,0.114922323859083
Pseudodiploria171570,-0.257895147128036
Pseudodiploria171573,-0.183065096121611
Pseudodiploria171574,-0.273945930181164
Pseudodiploria171579,0.215959376690647
Pseudodiploria171583,-0.190502741174891
Pseudodiploria171592,-0.314640643814391
Pseudodiploria171596,-0.263517017793353
Pseudodiploria171599,0.104811985164872
Pseudodiploria171602,0.329917006821644
Pseudodiploria171603,-0.0393990427578075
Pseudodiploria171608,0.498135401447652
Pseudodiploria171614,-0.0397880231441073
Pseudodiploria171628,-0.19643151525665
Pseudodiploria171629,-0.100358676336192
Pseudodiploria171635,-0.55589299619
Pseudodiploria171639,0.152629861333778
Pseudodiploria171642,-0.378721261049781
Pseudodiploria171661,-1.2396986006583
Pseudodiploria171663,0.186143723638697
Pseudodiploria171674,0.0537209887972499
Pseudodiploria171676,0.430469326452553
Pseudodiploria171685,0.00397843112275761
Pseudodiploria171687,0.539695912013754
Pseudodiploria171692,0.0803017962473528
Pseudodiploria171702,0.215709912648858
Pseudodiploria171706,0.0365623435294229
Pseudodiploria171707,0.223759181844647
Pseudodiploria171713,-0.326470019059595
Pseudodiploria171716,-0.3124694061286
Pseudodiploria171719,0.526405088753095
Pseudodiploria171727,-0.0651762029012934
Pseudodiploria171729,0.407041901594773
Pseudodiploria171736,0.826445029448285
Pseudodiploria171737,-0.878940058530039
Pseudodiploria171754,0.186082994867984
Pseudodiploria171762,-0.281731830803827
Pseudodiploria171772,-0.0883955052366683
Pseudodiploria171777,0.0359191048125731
Pseudodiploria171783,-0.419622025681506
Pseudodiploria171788,0.167240868733556
Pseudodiploria171792,-0.319921365244663
Pseudodiploria171795,-0.134733667484342
Pseudodiploria171796,0.127095989172194
Pseudodiploria171799,-0.275570056813246
Pseudodiploria171801,-0.0414487997901835
Pseudodiploria171804,-0.449176937413819
Pseudodiploria171805,-0.512036436277623
Pseudodiploria171807,-0.424593159950654
Pseudodiploria171809,0.291689082110192
Pseudodiploria171820,0.371943963593561
Pseudodiploria171826,-0.3469293216542
Pseudodiploria171838,0.199377356655203
Pseudodiploria171839,0.440533616990374
Pseudodiploria171840,-0.00705810862744228
Pseudodiploria171844,-0.401809858559883
Pseudodiploria171847,0.131693010196605
Pseudodiploria171848,-0.376488088041205
Pseudodiploria171852,0.262605946346598
Pseudodiploria171863,0.340033025310287
Pseudodiploria171864,0.286728364364007
Pseudodiploria171876,-0.111980588136925
Pseudodiploria171885,0.308028410305286
Pseudodiploria171886,-0.205046151553719
Pseudodiploria171911,0.374543706826262
Pseudodiploria171913,0.136220137360872
Pseudodiploria171914,-0.592759929038437
Pseudodiploria171916,0.0929199221653073
Pseudodiploria171919,0.833561611634538
Pseudodiploria171922,0.284232685433883
Pseudodiploria171925,0.265018793115346
Pseudodiploria171928,-0.0857441109666804
Pseudodiploria171932,0.125054624686024
Pseudodiploria171937,0.553185218676134
Pseudodiploria171945,-0.738379874129983
Pseudodiploria171946,-0.165855852764203
Pseudodiploria171950,-0.622554602556244
Pseudodiploria171952,0.176798212805114
Pseudodiploria171965,0.0370192498550806
Pseudodiploria171971,-0.33468907810606
Pseudodiploria171973,0.345243388856818
Pseudodiploria171980,-0.109074157329686
Pseudodiploria171981,-0.535250479905507
Pseudodiploria171982,0.258393238903179
Pseudodiploria171985,0.0897289581111611
Pseudodiploria171993,0.113259241076879
Pseudodiploria172011,0.506929997041649
Pseudodiploria172012,-0.122181182835282
Pseudodiploria172013,0.134653586090941
Pseudodiploria172016,-0.113373476378979
Pseudodiploria172019,0.138809271699725
Pseudodiploria172021,0.147703005790587
Pseudodiploria172026,-0.996239036351951
Pseudodiploria172028,0.180410140710767
Pseudodiploria172035,0.0418701970536879
Pseudodiploria172039,0.480543879766183
Pseudodiploria172040,-2.12423973531882
Pseudodiploria172041,0.308117339310929
Pseudodiploria172053,1.81934295139686
Pseudodiploria172063,-1.35485395059177
Pseudodiploria172071,-0.129196578708971
Pseudodiploria172076,0.313980326756759
Pseudodiploria172085,0.129622153114976
Pseudodiploria172105,0.397371657587668
Pseudodiploria172120,-0.2325828655462
Pseudodiploria172122,-0.141938635552167
Pseudodiploria172130,0.430089325653601
Pseudodiploria172132,-0.0924865993694076
Pseudodiploria172137,0.339028227287636
Pseudodiploria172139,0.127929599026686
Pseudodiploria172146,0.0397531456210592
Pseudodiploria172158,-1.0279982038865
Pseudodiploria172176,-0.625907609010611
Pseudodiploria172179,0.114134435539696
Pseudodiploria172183,-0.112167011453459
Pseudodiploria172187,-0.631732047294556
Pseudodiploria172199,-0.46258763143203
Pseudodiploria172203,-0.120972108826439
Pseudodiploria172233,0.141701117740956
Pseudodiploria172239,-0.324226536379963
Pseudodiploria172263,0.43564844922103
Pseudodiploria172266,-0.112570779731839
Pseudodiploria172272,-0.200772781305448
Pseudodiploria172278,0.694364482865368
Pseudodiploria172279,0.245385214946402
Pseudodiploria172290,0.294188653856176
Pseudodiploria172294,0.378970692857828
Pseudodiploria172295,-0.0911219383922948
Pseudodiploria172299,0.40658293869552
Pseudodiploria172306,0.0716802131582936
Pseudodiploria172318,-0.0444009418116612
Pseudodiploria172321,0.0901219951150062
Pseudodiploria172325,-0.0662621302867422
Pseudodiploria172328,0.0631166516656021
Pseudodiploria172329,-0.175631140335052
Pseudodiploria172334,0.316762153357985
Pseudodiploria172341,0.231139396167881
Pseudodiploria172343,0.0415738183668117
Pseudodiploria172344,0.101208184946739
Pseudodiploria172347,-0.0135463047342028
Pseudodiploria172353,0.102268747413544
Pseudodiploria172360,0.221764996593306
Pseudodiploria172361,0.146989996336632
Pseudodiploria172362,-0.326090953213806
Pseudodiploria172369,0.500963613510304
Pseudodiploria172370,-0.138522776911776
Pseudodiploria172371,0.45741244266265
Pseudodiploria172373,0.636291813089714
Pseudodiploria172374,-0.727639460041659
Pseudodiploria172392,-0.156446786328227
Pseudodiploria172416,-0.484536068238267
Pseudodiploria172425,0.345438049084096
Pseudodiploria172437,0.102826464708258
Pseudodiploria172439,-0.327075899169263
Pseudodiploria172447,0.106830574990304
Pseudodiploria172448,0.455101075006064
Pseudodiploria172450,-0.237493520501935
Pseudodiploria172460,-0.118980310151396
Pseudodiploria172469,-0.0546811088710604
Pseudodiploria172471,-0.0510494630284519
Pseudodiploria172475,0.0808026633993028
Pseudodiploria172477,0.640574434686788
Pseudodiploria172482,-0.125498965398143
Pseudodiploria172483,-0.46833060367609
Pseudodiploria172484,-0.0358695046372325
Pseudodiploria172496,-0.0607167195282848
Pseudodiploria172499,0.678349108204936
Pseudodiploria172501,-0.108355180935296
Pseudodiploria172503,-0.415388025028242
Pseudodiploria172505,-0.371443306666891
Pseudodiploria172512,1.08565914072602
Pseudodiploria172519,-0.380093307975937
Pseudodiploria172529,0.0816892503733978
Pseudodiploria172537,-0.27179917226864
Pseudodiploria172552,0.43318546155198
Pseudodiploria172556,-0.123116345740412
Pseudodiploria172584,-0.611292731783606
Pseudodiploria172585,0.0445837584666592
Pseudodiploria172587,-0.115314796775752
Pseudodiploria172606,0.121007122422556
Pseudodiploria172609,-0.00350300316317555
Pseudodiploria172611,0.0388629889707205
Pseudodiploria172615,-0.413496722200611
Pseudodiploria172630,0.040584693978202
Pseudodiploria172634,-0.217922322401795
Pseudodiploria172639,0.523476337486502
Pseudodiploria172653,-0.706315071673896
Pseudodiploria172662,-0.584571636810856
Pseudodiploria172663,0.101549298183268
Pseudodiploria172677,0.152912471275005
Pseudodiploria172679,0.262355075893288
Pseudodiploria172705,0.140613811339451
Pseudodiploria172709,-0.0801823108718213
Pseudodiploria172715,0.0845121730760047
Pseudodiploria172718,0.951688966943224
Pseudodiploria172723,0.282276234477337
Pseudodiploria172735,0.0423482823217886
Pseudodiploria172749,0.390671895961446
Pseudodiploria172774,0.129606524634083
Pseudodiploria172782,-0.331920297350122
Pseudodiploria172783,0.0767800777187453
Pseudodiploria172789,-0.0470711336414897
Pseudodiploria17279,0.559774234414808
Pseudodiploria172790,0.415311759856873
Pseudodiploria172792,-0.0852383671187785
Pseudodiploria172806,-0.0830624225399463
Pseudodiploria172809,-0.0432466739538815
Pseudodiploria172815,0.0173794263705343
Pseudodiploria172820,-0.68018198736136
Pseudodiploria172828,0.391253019305237
Pseudodiploria172830,-0.982096852438022
Pseudodiploria172839,-0.138936140812601
Pseudodiploria172840,0.18318189691802
Pseudodiploria172844,0.123673480716004
Pseudodiploria172845,0.273393866627278
Pseudodiploria172847,0.106311924843543
Pseudodiploria172850,-0.286855262691889
Pseudodiploria172855,0.109968397498168
Pseudodiploria172857,0.0549329096108515
Pseudodiploria172859,0.110530183543827
Pseudodiploria172861,0.00932977282939649
Pseudodiploria172862,-0.0925528554736661
Pseudodiploria172868,-0.289000837715605
Pseudodiploria172874,-0.261945614212523
Pseudodiploria172878,0.241170224304288
Pseudodiploria172884,0.82707365672973
Pseudodiploria172891,0.108060270214304
Pseudodiploria172893,-1.0175360072369
Pseudodiploria172894,0.0531707188127619
Pseudodiploria172909,-0.823497011329112
Pseudodiploria172920,-0.0558793199397266
Pseudodiploria172938,0.110905696200285
Pseudodiploria172939,-0.134131924268903
Pseudodiploria172955,-0.452356692138678
Pseudodiploria172957,0.208362730198481
Pseudodiploria172962,-0.237588891112492
Pseudodiploria172966,-0.381863225577306
Pseudodiploria172972,-1.85292423037481
Pseudodiploria172984,0.612131161527777
Pseudodiploria172985,0.378647408527942
Pseudodiploria172986,-0.232531934109177
Pseudodiploria172989,0.236945557879118
Pseudodiploria172997,0.693377865596546
Pseudodiploria173000,0.20859268752673
Pseudodiploria173009,0.25303327333752
Pseudodiploria173011,-0.231699478593049
Pseudodiploria173017,-0.209417172465348
Pseudodiploria173018,0.0234386127903219
Pseudodiploria173020,0.163047255355473
Pseudodiploria173026,-0.0621565448275369
Pseudodiploria173028,-0.0162935524644349
Pseudodiploria173030,0.396814960411333
Pseudodiploria173039,0.260295032625939
Pseudodiploria173040,0.108007790730017
Pseudodiploria173042,0.452131498331334
Pseudodiploria173046,-0.131671407163467
Pseudodiploria173047,0.639426533393804
Pseudodiploria173055,-1.60325325543178
Pseudodiploria173056,-1.41011430651026
Pseudodiploria173071,-0.587773901204814
Pseudodiploria173072,0.19475758773405
Pseudodiploria173077,-0.149761346895566
Pseudodiploria173082,-0.89551562265596
Pseudodiploria173085,0.23784502118745
Pseudodiploria173088,-0.671781351349302
Pseudodiploria173097,-0.105492651498984
Pseudodiploria173099,0.0797026319526667
Pseudodiploria173108,0.148682278186859
Pseudodiploria173111,0.586408525467279
Pseudodiploria173113,-0.0614463092869263
Pseudodiploria173121,-0.0407687665177136
Pseudodiploria173125,0.247363625991341
Pseudodiploria173130,0.188032635923236
Pseudodiploria173146,-0.255138259567772
Pseudodiploria173148,-0.181544537326266
Pseudodiploria173156,0.0930500664532178
Pseudodiploria173158,0.0498210324969808
Pseudodiploria173159,0.535697497519721
Pseudodiploria173162,0.360974610494907
Pseudodiploria173170,-0.0610175828980484
Pseudodiploria173171,1.01011232392528
Pseudodiploria173173,-0.0186989830401473
Pseudodiploria173180,-0.449099904016247
Pseudodiploria173184,-0.0401517592334234
Pseudodiploria173185,-0.985804551756702
Pseudodiploria173196,0.0365901556476192
Pseudodiploria173206,0.70708940056039
Pseudodiploria173211,-0.464294949601247
Pseudodiploria173218,-0.295769046530013
Pseudodiploria173220,-0.0288344585690181
Pseudodiploria173221,0.361384429296468
Pseudodiploria173224,0.0018837582889959
Pseudodiploria173226,-1.40656978978886
Pseudodiploria173231,0.221402208702801
Pseudodiploria173241,0.332687272042212
Pseudodiploria173244,0.296440742965813
Pseudodiploria173248,0.114579839643389
Pseudodiploria173256,0.0218598964424211
Pseudodiploria173258,-0.452130978456623
Pseudodiploria173270,1.21787126141138
Pseudodiploria173277,0.0680110571562896
Pseudodiploria173278,-0.25136443051535
Pseudodiploria173284,0.141266968728483
Pseudodiploria173287,-0.384572282685868
Pseudodiploria173293,-0.418358483941989
Pseudodiploria173300,-0.104120190999807
Pseudodiploria173301,0.689892443316463
Pseudodiploria173308,-0.176971858177334
Pseudodiploria173316,-0.052789327537954
Pseudodiploria173321,-0.00261066240951931
Pseudodiploria173322,-0.206764049284771
Pseudodiploria173323,-0.505125850289523
Pseudodiploria173334,0.344904946273126
Pseudodiploria173336,-0.537631728325376
Pseudodiploria173337,0.201630844180264
Pseudodiploria173341,-0.203800521660344
Pseudodiploria173344,0.690181078272539
Pseudodiploria173349,0.658299041436958
Pseudodiploria173358,-0.202538791479672
Pseudodiploria173360,-0.23479776402127
Pseudodiploria173363,-0.0702245917539971
Pseudodiploria173369,0.118334623757346
Pseudodiploria173370,-0.0793454209543858
Pseudodiploria173376,-0.224781251152018
Pseudodiploria173386,0.0795404442972382
Pseudodiploria173394,-0.483373690294384
Pseudodiploria173403,-0.900573448090823
Pseudodiploria173404,-0.188174463652843
Pseudodiploria173411,0.275144227960994
Pseudodiploria173417,0.0562611208275423
Pseudodiploria173420,0.248064542588245
Pseudodiploria173422,-0.288433933643442
Pseudodiploria173432,0.0942886953692398
Pseudodiploria173449,-0.647188095782576
Pseudodiploria173457,-0.0612963183913826
Pseudodiploria173459,-0.0697939465776852
Pseudodiploria173461,-0.19407807830645
Pseudodiploria173462,0.45496228979097
Pseudodiploria173467,-0.313626104711888
Pseudodiploria173475,-0.196617718287128
Pseudodiploria173480,0.859403108587782
Pseudodiploria173486,0.116104822301186
Pseudodiploria173509,0.241449378918979
Pseudodiploria173517,1.26985123473562
Pseudodiploria173524,0.165266000024316
Pseudodiploria173531,-0.998129027292967
Pseudodiploria173533,0.335485742813697
Pseudodiploria173542,-0.0942222200459583
Pseudodiploria173547,-0.0554953471694767
Pseudodiploria173551,0.0327794448978361
Pseudodiploria173556,0.514095040580297
Pseudodiploria173574,0.157091733523473
Pseudodiploria173575,-0.0108280912977773
Pseudodiploria173578,-0.38600432756402
Pseudodiploria173584,0.324392415101352
Pseudodiploria173592,-0.0565019667430826
Pseudodiploria173599,-1.00173136236357
Pseudodiploria173601,-0.264338582513059
Pseudodiploria173605,-0.135558718646878
Pseudodiploria173612,-0.350668873271559
Pseudodiploria173616,0.0720914381975434
Pseudodiploria173617,0.194774480410381
Pseudodiploria173620,-0.520568292838167
Pseudodiploria173628,-0.490055479997819
Pseudodiploria173634,0.0893576359823811
Pseudodiploria173637,0.0118415478630687
Pseudodiploria173645,-0.176373952511348
Pseudodiploria173648,0.33311732351181
Pseudodiploria173651,-0.50210964201272
Pseudodiploria173656,0.33812529051618
Pseudodiploria173675,-0.133855495185241
Pseudodiploria173686,0.571575821321304
Pseudodiploria173688,-0.432335704428475
Pseudodiploria173692,-0.51591087047986
Pseudodiploria173694,1.16491848176948
Pseudodiploria173695,1.10788890825922
Pseudodiploria173699,0.714034014414053
Pseudodiploria173700,-0.21151610318473
Pseudodiploria173702,-0.868451689444461
Pseudodiploria173711,0.508068230099859
Pseudodiploria173715,0.342868049540431
Pseudodiploria173719,0.0411458883776742
Pseudodiploria173724,-0.066619738751182
Pseudodiploria173731,-0.0412754282759254
Pseudodiploria173734,-0.173623393051651
Pseudodiploria173740,-0.47713002639887
Pseudodiploria173742,0.0218769043611124
Pseudodiploria173751,0.0796674308372337
Pseudodiploria173771,0.418928730748472
Pseudodiploria173773,-3.14868477953006e-05
Pseudodiploria173780,-0.126100335008393
Pseudodiploria173784,-0.00715628263688781
Pseudodiploria173786,0.263755259449784
Pseudodiploria173788,-0.0269048989251854
Pseudodiploria173790,0.399140597873471
Pseudodiploria173793,0.259451346204453
Pseudodiploria173800,0.130236635287573
Pseudodiploria173803,0.0160986624130189
Pseudodiploria173808,0.625006915095832
Pseudodiploria173818,0.0758718477110165
Pseudodiploria173825,0.0214948880566763
Pseudodiploria173831,0.0669523159946068
Pseudodiploria173839,-0.36549004325525
Pseudodiploria173855,-0.0425314024216883
Pseudodiploria173860,0.313140344777845
Pseudodiploria173861,-0.248439468476009
Pseudodiploria173862,-0.157088523705005
Pseudodiploria173863,0.101434739029234
Pseudodiploria173873,0.283771364677191
Pseudodiploria173877,-0.551688492356903
Pseudodiploria173879,0.236541942573141
Pseudodiploria173885,-0.174447367058189
Pseudodiploria173903,0.370670458705504
Pseudodiploria173906,-1.36181608443358
Pseudodiploria173922,0.115131267611794
Pseudodiploria173926,0.16111022337953
Pseudodiploria173928,0.267970338571284
Pseudodiploria173929,-0.922780825046003
Pseudodiploria173937,0.860626554878389
Pseudodiploria173952,0.622683207466427
Pseudodiploria173954,-0.0214735494289547
Pseudodiploria173957,0.368070007316832
Pseudodiploria173959,-0.0304868143200064
Pseudodiploria173962,0.358538278784143
Pseudodiploria173963,0.301321615922691
Pseudodiploria173966,-0.257777059897439
Pseudodiploria173977,0.473398050588813
Pseudodiploria173993,-0.33783987710315
Pseudodiploria174004,0.167234289833344
Pseudodiploria174009,-0.0470905543242197
Pseudodiploria174010,-0.121609405444528
Pseudodiploria174014,0.0166903151770488
Pseudodiploria174016,-0.0578877869396791
Pseudodiploria174022,0.0389440040467965
Pseudodiploria174026,-0.6777928886069
Pseudodiploria174027,-0.688152709485828
Pseudodiploria174030,-0.507165421879518
Pseudodiploria174033,0.179510882388103
Pseudodiploria174043,0.307126166570382
Pseudodiploria174047,-0.49564344576213
Pseudodiploria174057,-0.0197148582765067
Pseudodiploria174058,0.492864461361044
Pseudodiploria174061,0.730525138964363
Pseudodiploria174063,-1.50606454501591
Pseudodiploria174066,-0.582307590377198
Pseudodiploria174067,0.305878158553828
Pseudodiploria174075,0.192537906615564
Pseudodiploria174081,-0.229073326703666
Pseudodiploria174093,-0.0162985257184941
Pseudodiploria174100,0.0264174659679813
Pseudodiploria174124,-0.157286334247444
Pseudodiploria174129,0.337042908265895
Pseudodiploria174131,0.31362547863298
Pseudodiploria174139,-0.0612098840170168
Pseudodiploria174148,0.240810418142838
Pseudodiploria174149,-0.397159633046529
Pseudodiploria174158,0.605558013178699
Pseudodiploria174159,0.54957398504206
Pseudodiploria174160,0.0370799633009612
Pseudodiploria174172,-0.505935061425108
Pseudodiploria174180,0.181803124329567
Pseudodiploria174189,-0.163628651481785
Pseudodiploria174196,0.217021617772892
Pseudodiploria174204,0.172263371964434
Pseudodiploria174219,-1.10330931130309
Pseudodiploria174220,0.706882981144158
Pseudodiploria174221,0.301473850810545
Pseudodiploria174222,-0.136613781734048
Pseudodiploria174226,0.174208878242285
Pseudodiploria174228,-0.147082773221369
Pseudodiploria174229,0.164236652861874
Pseudodiploria174233,0.140714384293818
Pseudodiploria174240,0.407687971245026
Pseudodiploria174242,0.839243683506325
Pseudodiploria174246,0.00648568017752065
Pseudodiploria174254,-0.244910074333289
Pseudodiploria174256,-0.330729350776187
Pseudodiploria174258,0.112697232525065
Pseudodiploria174260,-0.0290992472369446
Pseudodiploria174264,-0.246341531295816
Pseudodiploria174265,-0.0828223020284891
Pseudodiploria174266,0.112905002483586
Pseudodiploria174267,-1.29177026482017
Pseudodiploria174269,-0.134060106321543
Pseudodiploria174272,0.173543904808229
Pseudodiploria174274,-0.183521335570796
Pseudodiploria174278,0.413294636259526
Pseudodiploria174290,0.0231679561518857
Pseudodiploria174302,-0.647638406590502
Pseudodiploria174312,-0.474239088100416
Pseudodiploria174320,-0.944145571207252
Pseudodiploria174331,0.590790366862596
Pseudodiploria174335,0.0338154962412461
Pseudodiploria174337,-0.00250259681228029
Pseudodiploria174347,0.939202338373793
Pseudodiploria174349,-0.044243412568634
Pseudodiploria174350,0.151909230939916
Pseudodiploria174356,0.118503916044568
Pseudodiploria174360,-0.160651837572251
Pseudodiploria174363,-0.208417103266427
Pseudodiploria174367,-0.408660830291905
Pseudodiploria174378,-0.663422889251924
Pseudodiploria174379,0.439194462453957
Pseudodiploria174395,0.186485436434149
Pseudodiploria174411,0.151346311348759
Pseudodiploria174416,0.253775643461547
Pseudodiploria174420,0.310838956666315
Pseudodiploria174422,-0.33195771787521
Pseudodiploria174424,0.313028624741495
Pseudodiploria174425,0.389496676295513
Pseudodiploria174432,-0.216302952119814
Pseudodiploria174436,0.267019944548166
Pseudodiploria174440,-1.48386368716545
Pseudodiploria174443,-0.61231221987856
Pseudodiploria174451,-0.848421167531511
Pseudodiploria174458,0.59103597644487
Pseudodiploria174467,-0.350597396768492
Pseudodiploria174470,-0.174859513101733
Pseudodiploria174480,-0.280399142310894
Pseudodiploria174488,-0.111569481467705
Pseudodiploria174495,-0.0679526572879621
Pseudodiploria174498,-0.345098985146344
Pseudodiploria174501,-0.142516665997597
Pseudodiploria174510,0.183733492306833
Pseudodiploria174511,-0.180658934869538
Pseudodiploria174516,0.237486729176626
Pseudodiploria174517,0.287405722988048
Pseudodiploria174526,0.16762623901337
Pseudodiploria174532,0.200434650458577
Pseudodiploria174541,-0.151586517552071
Pseudodiploria174542,-0.293297081754605
Pseudodiploria174544,0.238644975386455
Pseudodiploria174547,0.220022339315426
Pseudodiploria174562,0.481774150152866
Pseudodiploria174564,0.427506421227357
Pseudodiploria174567,0.167110717138882
Pseudodiploria174570,0.0277999019847143
Pseudodiploria174573,-0.767372605406839
Pseudodiploria174574,-0.0498238845326169
Pseudodiploria174578,0.315169148715959
Pseudodiploria174581,-0.0491128286334533
Pseudodiploria174588,-0.333483001063851
Pseudodiploria174590,0.374574747524618
Pseudodiploria174596,-0.749875632983218
Pseudodiploria174597,0.170016863470136
Pseudodiploria174603,0.497837484573345
Pseudodiploria174604,0.541819728231225
Pseudodiploria174605,0.262072968252887
Pseudodiploria174611,0.465530055484502
Pseudodiploria174618,-0.0829660390182601
Pseudodiploria174622,0.287145011204033
Pseudodiploria174625,-0.0310299449091342
Pseudodiploria174636,-0.016157273454766
Pseudodiploria174637,-0.0661149382866607
Pseudodiploria174639,0.100949273826117
Pseudodiploria174644,0.70294508718829
Pseudodiploria174650,-0.420526311954263
Pseudodiploria174657,0.0530485201079906
Pseudodiploria174658,-1.34723616496365
Pseudodiploria174660,0.170338267920141
Pseudodiploria174670,0.328068606740318
Pseudodiploria174674,0.644910057657187
Pseudodiploria174675,-0.0964754230826876
Pseudodiploria174692,0.0724308246429356
Pseudodiploria174693,-0.207131312478196
Pseudodiploria174698,-1.04771450788426
Pseudodiploria174700,-0.426759990375214
Pseudodiploria174705,0.085275117130509
Pseudodiploria174710,-1.33165822797092
Pseudodiploria174719,-0.195076272316135
Pseudodiploria174722,-0.285540673805268
Pseudodiploria174724,0.282864053796186
Pseudodiploria174730,0.155020951281549
Pseudodiploria174736,-0.315189117031375
Pseudodiploria174739,0.484020773139288
Pseudodiploria174742,0.390654273070505
Pseudodiploria174743,-0.194597421263192
Pseudodiploria174747,-0.482518771644892
Pseudodiploria174748,-0.129271511139902
Pseudodiploria174751,-0.0179037368042342
Pseudodiploria174752,-0.741296342970704
Pseudodiploria174754,0.0620840688070433
Pseudodiploria174760,0.263231461646516
Pseudodiploria174761,0.161185153630267
Pseudodiploria174763,-0.173659997792826
Pseudodiploria174765,-0.0534483885296093
Pseudodiploria174780,-0.162467622187131
Pseudodiploria174786,0.504242597828351
Pseudodiploria174791,0.826663917468042
Pseudodiploria174797,0.328467588845854
Pseudodiploria174810,-0.0951092033889939
Pseudodiploria174813,-0.510886337241066
Pseudodiploria174819,0.373792782056742
Pseudodiploria174820,-0.272148920136217
Pseudodiploria174821,-0.13890239546189
Pseudodiploria174822,-0.543519272921412
Pseudodiploria174825,-0.193560094184652
Pseudodiploria174828,0.173380097935385
Pseudodiploria174830,0.476167593086665
Pseudodiploria174838,-0.337972559965998
Pseudodiploria174842,-0.226819652651729
Pseudodiploria174845,0.636745946604862
Pseudodiploria174847,0.154581306186012
Pseudodiploria174853,-1.38440546542957
Pseudodiploria174854,-0.401030191817075
Pseudodiploria174863,-0.374238473870118
Pseudodiploria174872,-0.069123694482171
Pseudodiploria174874,0.650659541964392
Pseudodiploria174878,0.685333960428998
Pseudodiploria174886,-0.355186061145191
Pseudodiploria174889,-0.337676501276463
Pseudodiploria174890,0.21416904402652
Pseudodiploria174891,-0.00614528377638421
Pseudodiploria174892,0.587318559618477
Pseudodiploria174900,-0.201451019648964
Pseudodiploria174901,0.097451771945204
Pseudodiploria174915,-0.340851860097543
Pseudodiploria174916,0.27190044190192
Pseudodiploria174917,-0.114152890773382
Pseudodiploria174922,0.145319363151325
Pseudodiploria174927,0.526232073735126
Pseudodiploria174930,0.27092455205861
Pseudodiploria174932,0.0779217548623266
Pseudodiploria174936,0.0833445018019522
Pseudodiploria174949,0.338251780006669
Pseudodiploria174952,0.130674269822686
Pseudodiploria174953,0.0369970729999465
Pseudodiploria174955,0.0111139016099688
Pseudodiploria174956,0.429011592857033
Pseudodiploria174957,0.443436564391034
Pseudodiploria174962,-1.55775635568834
Pseudodiploria174965,-0.041891233772844
Pseudodiploria174968,-0.1849882432805
Pseudodiploria174973,-1.52607077877323
Pseudodiploria174975,-0.217952856856886
Pseudodiploria174978,0.0694078167608157
Pseudodiploria174981,0.148034600018158
Pseudodiploria174982,0.233842760656976
Pseudodiploria174985,-0.114008373173828
Pseudodiploria174987,0.177637537413555
Pseudodiploria174993,-0.571355416911581
Pseudodiploria174999,0.0869129657077581
Pseudodiploria175001,0.348929006095641
Pseudodiploria175005,-0.541841119799888
Pseudodiploria175012,0.0895677472739882
Pseudodiploria175014,0.228183110606581
Pseudodiploria175015,-0.232604003406791
Pseudodiploria175023,-0.448758714458939
Pseudodiploria175028,-0.853270528992046
Pseudodiploria175029,-0.63014895496885
Pseudodiploria175034,-0.0417047215210431
Pseudodiploria175035,0.0486634963650098
Pseudodiploria175041,-0.0620584471054965
Pseudodiploria175045,-0.147161471792435
Pseudodiploria175054,0.0736480369161203
Pseudodiploria175057,0.0966936919610181
Pseudodiploria175067,-0.816713047880647
Pseudodiploria175074,0.393447016144221
Pseudodiploria175077,0.645569748389986
Pseudodiploria175078,-0.0872619033778294
Pseudodiploria175086,-0.321657524226368
Pseudodiploria175088,-0.00439237885180035
Pseudodiploria175089,0.325813824845748
Pseudodiploria175092,0.315547903106612
Pseudodiploria175099,-0.00726668593021952
Pseudodiploria175101,0.57635886898412
Pseudodiploria175105,0.0657517128533621
Pseudodiploria175111,-0.0559574368216848
Pseudodiploria175112,0.325864697591001
Pseudodiploria175114,-0.174222772960561
Pseudodiploria175116,0.263183880004537
Pseudodiploria175121,-0.359853590762021
Pseudodiploria175125,-0.0538356116789739
Pseudodiploria175130,-0.320345963551158
Pseudodiploria175131,0.2675785432169
Pseudodiploria175136,0.368496810060081
Pseudodiploria175145,-0.146350598233512
Pseudodiploria175147,-0.126063893414567
Pseudodiploria175148,-0.259722019529424
Pseudodiploria175149,0.336220107689242
Pseudodiploria175151,0.11965579765457
Pseudodiploria175155,-0.301156796285164
Pseudodiploria175166,0.223613650898723
Pseudodiploria175168,0.411707203410724
Pseudodiploria175170,-0.170985399535756
Pseudodiploria175184,-0.738315994970448
Pseudodiploria175185,0.904097407982527
Pseudodiploria175190,-0.7502338120014
Pseudodiploria175196,-0.299175831230086
Pseudodiploria175199,-0.376979420392352
Pseudodiploria175203,0.813160651850864
Pseudodiploria175207,0.0573652352865043
Pseudodiploria175209,0.377589990173088
Pseudodiploria175218,0.0389081583037774
Pseudodiploria175222,0.0170131791185436
Pseudodiploria175228,0.133923214013448
Pseudodiploria175230,-1.59093951312735
Pseudodiploria175235,0.0490948398046035
Pseudodiploria175236,-0.240286936928
Pseudodiploria175249,-0.00937122973034765
Pseudodiploria175255,0.651310569789298
Pseudodiploria175258,-0.104988262991792
Pseudodiploria175263,-0.145450988413395
Pseudodiploria175264,0.0617315023118192
Pseudodiploria175279,-0.163166180886075
Pseudodiploria175282,0.749588073946414
Pseudodiploria175283,-1.23933051418052
Pseudodiploria175285,-1.00912885315124
Pseudodiploria175286,0.0924806415098853
Pseudodiploria175294,0.385727770067438
Pseudodiploria175296,-0.667811287120309
Pseudodiploria175306,-1.05486733224623
Pseudodiploria175308,-0.794756273217894
Pseudodiploria175313,0.00690817379635963
Pseudodiploria175315,0.00433443785653296
Pseudodiploria175317,0.085787146392614
Pseudodiploria175331,0.858567739691399
Pseudodiploria175332,-0.973615082382252
Pseudodiploria175340,-0.0350609971407594
Pseudodiploria175344,0.817018558150035
Pseudodiploria175346,-0.0440309586567383
Pseudodiploria175363,0.236042922472343
Pseudodiploria175371,1.14991609008005
Pseudodiploria175372,-0.462805631991061
Pseudodiploria175376,-0.262646960212264
Pseudodiploria175384,-0.161932973588307
Pseudodiploria175399,1.06813431861028
Pseudodiploria175400,0.197140985231171
Pseudodiploria175406,0.317701618592467
Pseudodiploria175409,-1.25843617976305
Pseudodiploria175414,-0.0185714157138806
Pseudodiploria175420,0.287484802873541
Pseudodiploria175421,0.362583848794017
Pseudodiploria175422,-0.104262697932979
Pseudodiploria175423,0.210036649286068
Pseudodiploria175426,0.130339228924223
Pseudodiploria175432,-0.82628391351884
Pseudodiploria175436,0.0278330070401025
Pseudodiploria175437,-0.252059560292236
Pseudodiploria175443,0.0645475530720192
Pseudodiploria175444,-0.344635307697827
Pseudodiploria175447,0.170332556749481
Pseudodiploria175448,0.807353314283833
Pseudodiploria175454,0.343391574079405
Pseudodiploria175459,-0.153121713858729
Pseudodiploria175463,0.621947430140307
Pseudodiploria175465,-0.645532795464858
Pseudodiploria175474,0.0656342520262337
Pseudodiploria175475,0.504480787372149
Pseudodiploria175481,-0.0899914089376222
Pseudodiploria175484,0.46915605637965
Pseudodiploria175488,0.630748082672928
Pseudodiploria175490,1.25872518714138
Pseudodiploria175491,0.0794748366640364
Pseudodiploria175493,-0.149288904267855
Pseudodiploria175495,-0.354087746471057
Pseudodiploria175497,-0.656037174420475
Pseudodiploria175501,-0.0631877045846445
Pseudodiploria175504,-0.237398756501213
Pseudodiploria175511,-0.00150164347327261
Pseudodiploria175514,0.16093006839695
Pseudodiploria175515,-0.368713377362999
Pseudodiploria175518,0.739676339648389
Pseudodiploria175520,0.64813902020354
Pseudodiploria175523,0.231412672018071
Pseudodiploria175526,-0.0596746110483099
Pseudodiploria175530,-0.00466631812692559
Pseudodiploria175534,0.168784910194762
Pseudodiploria175535,0.00881934923726288
Pseudodiploria175536,-0.17115702989351
Pseudodiploria175541,-0.676159651403994
Pseudodiploria175542,0.4644738515318
Pseudodiploria175547,0.179863271679152
Pseudodiploria175548,0.276039014255066
Pseudodiploria175557,0.447281424116151
Pseudodiploria175558,0.0538794742914969
Pseudodiploria175566,0.0283111977012197
Pseudodiploria175567,-0.235849796905411
Pseudodiploria175570,0.137102061956214
Pseudodiploria175577,0.778568835015936
Pseudodiploria175580,-0.052760947062676
Pseudodiploria175583,-0.753472192646574
Pseudodiploria175585,-0.509373081800014
Pseudodiploria175586,0.12800819847483
Pseudodiploria175591,0.0537412508970099
Pseudodiploria175593,0.0183061005058601
Pseudodiploria175596,0.695832063336954
Pseudodiploria175601,0.345580686321553
Pseudodiploria175604,-0.350786643115891
Pseudodiploria175609,-0.279218517773814
Pseudodiploria175610,0.264537979622967
Pseudodiploria175616,-0.000777874129592679
Pseudodiploria175618,-0.0222735157398694
Pseudodiploria175621,-0.308385472366317
Pseudodiploria175624,0.740289745019312
Pseudodiploria175633,-0.128192858423883
Pseudodiploria175636,0.133330213944591
Pseudodiploria175640,2.10860488405583
Pseudodiploria175655,0.577119787421232
Pseudodiploria175668,-0.0596732471324768
Pseudodiploria175670,0.0573091823432798
Pseudodiploria175684,-0.339724681712208
Pseudodiploria175710,-0.277510240963594
Pseudodiploria175711,0.127446294355169
Pseudodiploria175712,0.505266861298273
Pseudodiploria175722,0.163443620041105
Pseudodiploria175725,0.419853433338034
Pseudodiploria175726,-0.689155581068243
Pseudodiploria175728,0.288799941674701
Pseudodiploria175732,-0.148344571592651
Pseudodiploria175733,0.334750353886354
Pseudodiploria175734,-0.0606563108396558
Pseudodiploria175739,0.0348020851993168
Pseudodiploria175746,-1.54598986800298
Pseudodiploria175747,0.333880535639397
Pseudodiploria175755,0.681471185088535
Pseudodiploria175761,-0.188265078339126
Pseudodiploria175770,0.239833584175442
Pseudodiploria175771,-0.0806449906984929
Pseudodiploria175775,0.0217605409763316
Pseudodiploria175782,-0.482907744845496
Pseudodiploria175794,0.387165922801456
Pseudodiploria175795,-0.0794184367810534
Pseudodiploria175804,-0.254934783239561
Pseudodiploria175807,0.166383790547658
Pseudodiploria175808,-0.28161348468053
Pseudodiploria175818,0.00961524244805408
Pseudodiploria175821,-0.34372484614454
Pseudodiploria175822,-0.284525241611205
Pseudodiploria175824,-1.11371081235484
Pseudodiploria175828,-0.560456822459343
Pseudodiploria175833,0.0482909060319558
Pseudodiploria175835,-0.212387328294796
Pseudodiploria175836,0.108462392842201
Pseudodiploria175843,0.00611430883359557
Pseudodiploria175844,0.27897176429023
Pseudodiploria175847,0.109707542451333
Pseudodiploria175856,0.0222529076966894
Pseudodiploria175857,-0.123683562118884
Pseudodiploria175859,-0.244358963678861
Pseudodiploria175860,0.206971749406366
Pseudodiploria175868,0.207298917276519
Pseudodiploria175869,-1.37057885278829
Pseudodiploria175874,-0.715090224472638
Pseudodiploria175893,0.0632851544590387
Pseudodiploria175898,0.546804402995224
Pseudodiploria175904,0.40345019016939
Pseudodiploria175905,0.122325228718069
Pseudodiploria175909,-0.0106446147245719
Pseudodiploria175911,-0.0881416783980891
Pseudodiploria175912,0.592713020244849
Pseudodiploria175914,-0.282877462553203
Pseudodiploria175920,0.10563794685169
Pseudodiploria175923,-0.145814549832849
Pseudodiploria175924,-0.223788050439733
Pseudodiploria175927,-0.0131409979745489
Pseudodiploria175934,-0.0143805287110568
Pseudodiploria175940,-0.0281522625289527
Pseudodiploria175941,-0.298176294745335
Pseudodiploria175950,-0.0133958942914726
Pseudodiploria175953,0.74335352285077
Pseudodiploria175959,-0.1118949025109
Pseudodiploria175964,0.441226031958517
Pseudodiploria175969,0.00102953119529673
Pseudodiploria175971,-0.120982541936773
Pseudodiploria175972,0.0274782443907699
Pseudodiploria175980,0.143287984458632
Pseudodiploria175983,-0.431152398792863
Pseudodiploria175989,0.0858884810539494
Pseudodiploria175992,0.0520282425050178
Pseudodiploria175993,0.234207718417863
Pseudodiploria175994,-0.0536454177491671
Pseudodiploria175996,0.395330491892365
Pseudodiploria176000,0.952152706650887
Pseudodiploria176004,-0.9215366207073
Pseudodiploria176007,0.462209936199161
Pseudodiploria176009,0.173820277217421
Pseudodiploria176011,1.14531310656253
Pseudodiploria176021,0.00995952810281659
Pseudodiploria176027,0.329188951014993
Pseudodiploria176030,0.13417648272941
Pseudodiploria176035,0.109122074070218
Pseudodiploria176036,0.462392452417288
Pseudodiploria176038,0.257548521262314
Pseudodiploria176040,0.123558309029482
Pseudodiploria176044,-0.429683971868761
Pseudodiploria176045,-0.866354813274358
Pseudodiploria176052,0.822095654101945
Pseudodiploria176055,0.322090170523667
Pseudodiploria176056,0.0817710547211543
Pseudodiploria176069,0.736820532038396
Pseudodiploria176070,0.596923601552748
Pseudodiploria176071,-0.187657001801082
Pseudodiploria176074,-0.536861906027436
Pseudodiploria176078,-0.217363898583296
Pseudodiploria176082,0.0204932344521736
Pseudodiploria176087,0.015996783697645
Pseudodiploria176094,0.195120693337497
Pseudodiploria176097,-0.0590526927948438
Pseudodiploria176098,-0.168937007909057
Pseudodiploria176099,-0.674396154641941
Pseudodiploria176101,-0.418268478917019
Pseudodiploria176102,-0.489245316670942
Pseudodiploria176106,0.0139759662602387
Pseudodiploria176113,0.452025878006239
Pseudodiploria176117,-0.0116298657575622
Pseudodiploria176123,-0.391412433928004
Pseudodiploria176127,0.538865847273237
Pseudodiploria176128,0.0861280319339812
Pseudodiploria176138,0.189878764013638
Pseudodiploria176142,0.0145109633474311
Pseudodiploria176147,-0.882564646600539
Pseudodiploria176148,0.295669893840462
Pseudodiploria176149,0.323864130155601
Pseudodiploria176159,-0.142965441408189
Pseudodiploria176161,0.193328864214498
Pseudodiploria176162,-0.0964822739807218
Pseudodiploria176164,-0.339111550621101
Pseudodiploria176168,-0.953718760003131
Pseudodiploria176170,-0.500822022716309
Pseudodiploria176171,0.0928935045958744
Pseudodiploria176174,0.0103583090661442
Pseudodiploria176175,-0.391684141391322
Pseudodiploria176177,0.205018431070438
Pseudodiploria176192,0.118169424403559
Pseudodiploria176193,-0.173872707370289
Pseudodiploria176200,-0.822896072551482
Pseudodiploria176201,-0.0968386187464421
Pseudodiploria176209,-0.111643921194229
Pseudodiploria176210,-0.0551999934081813
Pseudodiploria176211,0.192135482590466
Pseudodiploria176214,0.779901410383881
Pseudodiploria176222,-0.0302830703662929
Pseudodiploria176230,0.271107491940216
Pseudodiploria176234,-0.262061040560042
Pseudodiploria176237,0.163429712730276
Pseudodiploria176244,0.380703709754373
Pseudodiploria176252,0.187826670764257
Pseudodiploria176253,0.0280866046550696
Pseudodiploria176254,0.475052791265232
Pseudodiploria176255,-0.349214191620013
Pseudodiploria176257,0.160395653948492
Pseudodiploria176260,0.61974809184429
Pseudodiploria176264,0.107037147743625
Pseudodiploria176267,0.201738812911684
Pseudodiploria176268,0.360672862360941
Pseudodiploria176271,0.261710013285227
Pseudodiploria176273,0.120219668190867
Pseudodiploria176274,-0.474207769711757
Pseudodiploria176277,0.404595737339037
Pseudodiploria176282,0.122493293298449
Pseudodiploria176292,0.728716672662781
Pseudodiploria176299,-0.486669223481055
Pseudodiploria176300,0.389481596530101
Pseudodiploria176301,-0.0749494479264342
Pseudodiploria176302,-0.313563328618346
Pseudodiploria176306,-0.398490813499341
Pseudodiploria176318,0.0660742259237521
Pseudodiploria176321,0.0387773208414098
Pseudodiploria176326,0.125653633833597
Pseudodiploria176328,-0.418404274373455
Pseudodiploria176330,0.370902209359892
Pseudodiploria176335,0.14941748383497
Pseudodiploria176338,-0.197189527295318
Pseudodiploria176348,-0.092864017644465
Pseudodiploria176356,0.129441376438182
Pseudodiploria176359,0.548607895784977
Pseudodiploria176360,1.04428818065746
Pseudodiploria176367,-0.403368910003489
Pseudodiploria176372,0.0448439640495535
Pseudodiploria176373,-0.0585130820800853
Pseudodiploria176376,-1.57824233220496
Pseudodiploria176377,0.973310120844292
Pseudodiploria176378,-0.267473819935931
Pseudodiploria176380,0.701109838956244
Pseudodiploria176381,0.483297380699895
Pseudodiploria176384,-0.305794859852705
Pseudodiploria176385,0.528037949856682
Pseudodiploria176389,-0.320393312150329
Pseudodiploria176390,-0.0800668587466039
Pseudodiploria176391,0.22491134421677
Pseudodiploria176395,-1.24355350753214
Pseudodiploria176397,0.278434142464642
Pseudodiploria176400,-0.558639546205364
Pseudodiploria176408,0.550021103886388
Pseudodiploria176421,0.316613358629976
Pseudodiploria176431,0.144637075082461
Pseudodiploria176438,0.430100319086433
Pseudodiploria176439,-0.172938223736602
Pseudodiploria176442,-0.0666691122865705
Pseudodiploria176443,0.274010964514289
Pseudodiploria176445,-0.460196431910193
Pseudodiploria176450,0.117876815381423
Pseudodiploria176456,-0.002039540620625
Pseudodiploria176457,0.300616676508314
Pseudodiploria176459,-0.385440428383125
Pseudodiploria176462,-0.0322132336571562
Pseudodiploria176465,0.41291435413585
Pseudodiploria176470,0.324435015486103
Pseudodiploria176485,0.378160455336254
Pseudodiploria176488,-0.269650872949228
Pseudodiploria176490,0.146841919684751
Pseudodiploria176493,-0.349390515034304
Pseudodiploria176503,0.12719609624672
Pseudodiploria176504,-0.376132136918008
Pseudodiploria176511,-0.282172987613163
Pseudodiploria176514,0.223946481918909
Pseudodiploria176519,1.78683297634019
Pseudodiploria176522,0.311185763231682
Pseudodiploria176538,-0.0560007593414786
Pseudodiploria176539,0.035763302842733
Pseudodiploria176542,0.935392795421926
Pseudodiploria176553,-0.0285762088264828
Pseudodiploria176555,0.0903332447238788
Pseudodiploria176556,0.186672805097852
Pseudodiploria176568,-0.254372048329035
Pseudodiploria176570,-0.159956811996293
Pseudodiploria176578,0.73447096920624
Pseudodiploria176579,-0.0150163324536054
Pseudodiploria176582,-0.535455168201523
Pseudodiploria176583,-0.0831738918534794
Pseudodiploria176585,0.113811112866481
Pseudodiploria176603,-0.667713946282103
Pseudodiploria176605,-0.589248626316895
Pseudodiploria176612,0.880316484852214
Pseudodiploria176618,0.257130169564657
Pseudodiploria176620,-0.194772208605316
Pseudodiploria176625,-0.267317372424035
Pseudodiploria176631,-0.789199642456918
Pseudodiploria176635,0.0483633372105339
Pseudodiploria176645,-0.544688287908828
Pseudodiploria176646,0.189074630881449
Pseudodiploria176648,-0.013897299493248
Pseudodiploria176649,0.11463944992472
Pseudodiploria176654,-0.0789497781038892
Pseudodiploria176671,-0.377244870229279
Pseudodiploria176683,-0.0777818868861776
Pseudodiploria176687,-0.4429375279068
Pseudodiploria176690,0.960916874844763
Pseudodiploria176694,0.414801672602722
Pseudodiploria176698,-0.920308654694975
Pseudodiploria176702,0.480382850671385
Pseudodiploria176705,0.163460188726312
Pseudodiploria176706,1.08131251282174
Pseudodiploria176707,-0.00743227376002024
Pseudodiploria176717,-0.211221171913627
Pseudodiploria176723,0.489693961033385
Pseudodiploria176727,0.229563497107904
Pseudodiploria176731,-0.135927655581907
Pseudodiploria176732,0.281576091461408
Pseudodiploria176737,0.0910162952928943
Pseudodiploria176741,0.0289386452294024
Pseudodiploria176742,-0.349026486720486
Pseudodiploria176743,-0.00939664857489958
Pseudodiploria176754,-0.437173327059218
Pseudodiploria176755,-0.564273995095533
Pseudodiploria176761,-0.307678327703022
Pseudodiploria176764,-0.0162679423620919
Pseudodiploria176773,0.00805620449516444
Pseudodiploria176786,-0.330904026112709
Pseudodiploria176787,0.226060309790774
Pseudodiploria176788,-0.638303665424769
Pseudodiploria176793,0.262794408200456
Pseudodiploria176797,-1.56797922160397
Pseudodiploria176799,0.625389962554786
Pseudodiploria176800,0.113009502236843
Pseudodiploria176802,-0.332065408180019
Pseudodiploria176805,1.09261675797305
Pseudodiploria176811,-0.36296603249828
Pseudodiploria176813,0.215167389128906
Pseudodiploria176814,-0.344626631415144
Pseudodiploria176822,0.866827281540217
Pseudodiploria176827,0.690635830582661
Pseudodiploria176847,0.218707954355718
Pseudodiploria176850,-0.64120704955714
Pseudodiploria176861,0.358394839763976
Pseudodiploria176870,-0.174673721853075
Pseudodiploria176877,0.0844598265609406
Pseudodiploria176880,0.203565804509208
Pseudodiploria176883,0.138316380403531
Pseudodiploria176886,0.161719165989379
Pseudodiploria176888,0.72873714535469
Pseudodiploria176890,-0.985978497853757
Pseudodiploria176899,0.238888261472431
Pseudodiploria176900,0.248384433958293
Pseudodiploria176904,1.00804138945989
Pseudodiploria176906,0.271200275083201
Pseudodiploria176915,0.35529121903969
Pseudodiploria176918,0.0699209206096531
Pseudodiploria176923,-0.566957296436251
Pseudodiploria176926,0.226816610000718
Pseudodiploria176928,-0.161316755754027
Pseudodiploria176930,0.0325412046179423
Pseudodiploria176931,-0.0476177324554141
Pseudodiploria176940,-0.390020009929953
Pseudodiploria176941,0.335973045926742
Pseudodiploria176944,-0.147664441517445
Pseudodiploria176945,0.804486554347307
Pseudodiploria176952,0.31017507654183
Pseudodiploria176954,0.153470177010078
Pseudodiploria176957,0.422866016267579
Pseudodiploria176959,0.410843854361931
Pseudodiploria176965,0.0838873405714237
Pseudodiploria176967,0.0622457767980053
Pseudodiploria176969,-0.776443025224114
Pseudodiploria176970,1.07338275828938
Pseudodiploria176973,-0.232751223028363
Pseudodiploria176977,0.26122290105071
Pseudodiploria176978,-0.101055899331829
Pseudodiploria176979,-0.277792375848514
Pseudodiploria176981,0.0209853675209302
Pseudodiploria176982,-0.813835244902822
Pseudodiploria176983,0.646937507918994
Pseudodiploria176988,-0.391567517114395
Pseudodiploria176990,0.512216550750435
Pseudodiploria177009,-0.0759461511257787
Pseudodiploria177011,0.434905195925279
Pseudodiploria177012,-0.318170878092921
Pseudodiploria177014,-0.980839292596544
Pseudodiploria177015,-0.402966695623023
Pseudodiploria177016,0.0534373963189111
Pseudodiploria177017,-0.29565060636056
Pseudodiploria177021,-0.161385995356393
Pseudodiploria177022,0.0684802982851251
Pseudodiploria177026,-0.0613569934153596
Pseudodiploria177044,0.23712871042891
Pseudodiploria177051,-0.672272706606001
Pseudodiploria177060,-1.69427800784005
Pseudodiploria177062,-0.146669207062642
Pseudodiploria177067,-0.133054144383149
Pseudodiploria177076,0.211014884869331
Pseudodiploria177094,-0.232433604504674
Pseudodiploria177101,-0.239200711458018
Pseudodiploria177102,-0.182228907957971
Pseudodiploria177105,0.442371977282318
Pseudodiploria177107,-0.126362052924471
Pseudodiploria177110,-0.198595336733042
Pseudodiploria177111,-0.0600982753922776
Pseudodiploria177113,0.0529916395139161
Pseudodiploria177114,0.0119428849297406
Pseudodiploria177116,-0.211924035198205
Pseudodiploria177117,-0.304572618815695
Pseudodiploria177118,0.603444998854304
Pseudodiploria177119,0.463044910789739
Pseudodiploria177132,-0.0319241906157084
Pseudodiploria177134,0.0411008510538395
Pseudodiploria177141,-0.0551163391820278
Pseudodiploria177144,-0.0695258792069775
Pseudodiploria177146,-0.11082718565355
Pseudodiploria177148,0.104958954548298
Pseudodiploria177153,0.490056178296928
Pseudodiploria177164,-0.471721550298745
Pseudodiploria177167,-0.88904910167563
Pseudodiploria177173,-0.0239465069555837
Pseudodiploria177177,-0.00159413253919931
Pseudodiploria177178,-0.0830580650362548
Pseudodiploria177185,0.34668428021531
Pseudodiploria177189,0.4133428544645
Pseudodiploria177193,-0.704322790610272
Pseudodiploria177195,-0.176666367472642
Pseudodiploria177199,0.20422611218726
Pseudodiploria177202,-0.0722879608772133
Pseudodiploria177205,-0.149959234709321
Pseudodiploria177206,-0.169466789425337
Pseudodiploria177215,-0.189464803783532
Pseudodiploria177217,-0.237829848585759
Pseudodiploria177222,-0.914964835054739
Pseudodiploria177223,-1.27984847309004
Pseudodiploria177224,0.058136648227458
Pseudodiploria177226,-0.250190636213972
Pseudodiploria177234,-0.421982506880074
Pseudodiploria177240,-0.953662366719536
Pseudodiploria177251,0.572573192576945
Pseudodiploria177252,0.617153202769379
Pseudodiploria177259,0.106752503031364
Pseudodiploria177262,0.337466997726754
Pseudodiploria177267,-0.122313353443819
Pseudodiploria177269,0.318417551190578
Pseudodiploria177276,0.111940621379417
Pseudodiploria177277,-0.0462231565264551
Pseudodiploria177282,-0.20830042999112
Pseudodiploria177287,-1.1174897598964
Pseudodiploria177291,0.21093420048089
Pseudodiploria177295,-0.70094358747972
Pseudodiploria177303,-0.211306821389141
Pseudodiploria177309,-0.0119252773756576
Pseudodiploria177316,0.00263206655073622
Pseudodiploria177317,0.168854016281414
Pseudodiploria177323,0.0499379686470633
Pseudodiploria177328,-0.087945886180816
Pseudodiploria177333,0.319656528238052
Pseudodiploria177349,0.358714911246395
Pseudodiploria177352,-0.0357019924137335
Pseudodiploria177353,-0.428847706153818
Pseudodiploria177360,-0.0434060379356985
Pseudodiploria177368,-0.727675566743328
Pseudodiploria177374,0.0298156158308361
Pseudodiploria177376,-0.189036964645597
Pseudodiploria177378,0.313780574651703
Pseudodiploria177380,-0.237315443829825
Pseudodiploria177384,0.228725714010564
Pseudodiploria177388,0.633263267986456
Pseudodiploria177393,0.378910562931609
Pseudodiploria177395,0.161732111651561
Pseudodiploria177399,1.37484698954998
Pseudodiploria177402,0.67798311289226
Pseudodiploria177407,-0.717022006576838
Pseudodiploria177409,-0.712365070984794
Pseudodiploria177411,0.137609799694313
Pseudodiploria177414,-0.217148057768694
Pseudodiploria177417,-0.450628667715248
Pseudodiploria177422,-0.305842137613414
Pseudodiploria177424,0.350168609190955
Pseudodiploria177425,0.114431185559013
Pseudodiploria177427,0.799856190451775
Pseudodiploria177428,0.334759931712701
Pseudodiploria177429,0.110559099581626
Pseudodiploria177430,-0.180820801410704
Pseudodiploria177433,0.56533960931407
Pseudodiploria177435,0.403526617005353
Pseudodiploria177443,-0.918429266024842
Pseudodiploria177449,-0.597583213467232
Pseudodiploria177455,-0.168895291739342
Pseudodiploria177456,-0.313084207891101
Pseudodiploria177457,0.199262509879245
Pseudodiploria177463,0.376806410086116
Pseudodiploria177464,0.00147328911454812
Pseudodiploria177467,-0.429472432771598
Pseudodiploria177471,-0.0427188644487752
Pseudodiploria177474,-0.314040490828011
Pseudodiploria177475,0.462801228781921
Pseudodiploria177479,0.173683731101253
Pseudodiploria177482,-0.30578363853852
Pseudodiploria177488,0.261826924109161
Pseudodiploria177491,0.772047770261476
Pseudodiploria177492,0.389424287417622
Pseudodiploria177494,-0.0584589828216698
Pseudodiploria177495,0.152532688693138
Pseudodiploria177499,0.0646500202688952
Pseudodiploria177502,0.238698144365826
Pseudodiploria177503,-0.518184931756157
Pseudodiploria177504,0.232125439038108
Pseudodiploria177509,-0.445500545931117
Pseudodiploria177510,0.122387476433352
Pseudodiploria177511,0.0587945399766293
Pseudodiploria177513,0.586415726081138
Pseudodiploria177516,-0.0132528570724983
Pseudodiploria177522,-0.811614782618295
Pseudodiploria177525,0.558322919796401
Pseudodiploria177526,0.084792151430066
Pseudodiploria177528,-0.808193970353111
Pseudodiploria177533,0.363146168765166
Pseudodiploria177536,0.108415659875529
Pseudodiploria177538,0.128999522556476
Pseudodiploria177541,-0.357748545319797
Pseudodiploria177552,0.0327485806334629
Pseudodiploria177556,0.328644752380445
Pseudodiploria177561,0.624927946955509
Pseudodiploria177562,0.441492677005142
Pseudodiploria177564,-0.447152805993787
Pseudodiploria177571,0.290761380420272
Pseudodiploria177577,-0.426181001980977
Pseudodiploria177579,-0.255576383444557
Pseudodiploria177581,-0.000934857596987878
Pseudodiploria177588,0.602439346651194
Pseudodiploria177594,0.129866903689015
Pseudodiploria177596,-0.114352926081813
Pseudodiploria177600,0.101890630363003
Pseudodiploria177603,-0.106380773017377
Pseudodiploria177604,0.352169918521312
Pseudodiploria177605,-0.524494490267389
Pseudodiploria177613,0.276625456485197
Pseudodiploria177615,0.00318502786605742
Pseudodiploria177616,0.528082655259166
Pseudodiploria177623,-0.610726597313653
Pseudodiploria177628,-0.3133047398871
Pseudodiploria177629,0.1969268952329
Pseudodiploria177640,-0.244041182475109
Pseudodiploria177641,0.215429004054626
Pseudodiploria177643,0.116839940455038
Pseudodiploria177645,-0.435571408203761
Pseudodiploria177649,0.221725965718233
Pseudodiploria177653,0.100476084742506
Pseudodiploria177664,0.240354009072553
Pseudodiploria177681,-0.544081685203367
Pseudodiploria177693,0.109154931549213
Pseudodiploria177694,0.393642322013427
Pseudodiploria177696,-0.344569590618054
Pseudodiploria177701,-0.449345221110574
Pseudodiploria177706,0.0472274163165732
Pseudodiploria177707,0.0164102680010352
Pseudodiploria177715,0.204556781255834
Pseudodiploria177721,0.0427248591482301
Pseudodiploria177724,0.841769714459743
Pseudodiploria177725,0.65777402493029
Pseudodiploria177730,0.648982137241463
Pseudodiploria177734,0.0702564407432907
Pseudodiploria177736,0.0697850752815901
Pseudodiploria177741,-0.380320807511467
Pseudodiploria177742,-0.0961245158264626
Pseudodiploria177745,-0.0530531992972577
Pseudodiploria177750,-0.430114925537338
Pseudodiploria177751,0.777269175654774
Pseudodiploria177771,-0.00020593994956774
Pseudodiploria177773,0.0237164536095402
Pseudodiploria177775,0.0788371563115344
Pseudodiploria177777,-0.753463154674912
Pseudodiploria177780,0.444701013213043
Pseudodiploria177781,-0.731741527623671
Pseudodiploria177783,0.119115226529729
Pseudodiploria177788,0.32707854243652
Pseudodiploria177790,0.290101765047083
Pseudodiploria177792,-0.74890148613014
Pseudodiploria177794,0.371693326420975
Pseudodiploria177796,-0.131324540213109
Pseudodiploria177798,-0.157267246411643
Pseudodiploria177806,-0.354985718715527
Pseudodiploria177812,-0.432321099301168
Pseudodiploria177815,0.0418884572559819
Pseudodiploria177822,0.26731702823091
Pseudodiploria177825,-0.23798869803185
Pseudodiploria177826,0.273339370756762
Pseudodiploria177830,0.12953076333474
Pseudodiploria177833,-0.465205169467262
Pseudodiploria177834,-0.0614901240383962
Pseudodiploria177836,0.184495717358317
Pseudodiploria177839,-0.820650099532503
Pseudodiploria177842,0.00758529831798442
Pseudodiploria177844,0.208335454807458
Pseudodiploria177845,-1.16763165689702
Pseudodiploria177849,0.113035361502178
Pseudodiploria177853,-0.244060523328088
Pseudodiploria177861,-0.926094708210533
Pseudodiploria177866,0.0941722791170673
Pseudodiploria177877,0.0502206404002866
Pseudodiploria177879,0.95558908673513
Pseudodiploria177880,0.000767219160741205
Pseudodiploria177887,-0.152170869058485
Pseudodiploria177895,0.0743442593855149
Pseudodiploria177907,0.187884875404636
Pseudodiploria177910,-0.538035883501721
Pseudodiploria177912,0.134792358853014
Pseudodiploria177916,0.00117789942649871
Pseudodiploria177917,-0.46870761885675
Pseudodiploria177918,0.297039955709961
Pseudodiploria177919,-0.361124893381087
Pseudodiploria177921,-0.39255259028786
Pseudodiploria177924,0.593428054957228
Pseudodiploria177928,0.528120574445171
Pseudodiploria177932,-0.0175319440402305
Pseudodiploria177936,-0.655905284957024
Pseudodiploria177938,0.338943321597339
Pseudodiploria177942,-0.561020522760043
Pseudodiploria177943,-0.116833916026416
Pseudodiploria177946,0.38439269188153
Pseudodiploria177952,0.248888722716538
Pseudodiploria177958,-0.587874779376966
Pseudodiploria177963,0.0513315296493658
Pseudodiploria177965,-0.606419747056488
Pseudodiploria177966,0.601469098274459
Pseudodiploria177970,-0.291427644686002
Pseudodiploria177973,-0.147467609231484
Pseudodiploria177974,0.132631417222865
Pseudodiploria177976,-0.979041299499163
Pseudodiploria177983,-0.293728846219561
Pseudodiploria177985,-0.0861690537088707
Pseudodiploria177987,-0.135564729107955
Pseudodiploria177988,-0.159215629122923
Pseudodiploria177995,-0.339697165311871
Pseudodiploria177996,0.162760683222598
Pseudodiploria178003,0.168955673229441
Pseudodiploria178005,0.0945801772101307
Pseudodiploria178009,-0.331481813537631
Pseudodiploria178011,0.00987347015736378
Pseudodiploria178016,-0.0944141896420205
Pseudodiploria178026,0.10222135031564
Pseudodiploria178030,0.84264477023526
Pseudodiploria178034,0.0116686435568357
Pseudodiploria178040,0.493702485085522
Pseudodiploria178042,-0.236943675416954
Pseudodiploria178046,-0.140717125659856
Pseudodiploria178049,-0.196802892369899
Pseudodiploria178050,-0.424469961626079
Pseudodiploria178054,0.352455793200726
Pseudodiploria178055,0.335736831413085
Pseudodiploria178058,-0.872019841973634
Pseudodiploria178061,0.0787994667414333
Pseudodiploria178062,-0.320655590661507
Pseudodiploria178069,0.00742420111286438
Pseudodiploria178072,-0.207237120334257
Pseudodiploria178074,-0.503617424006042
Pseudodiploria178080,-0.0140032362991861
Pseudodiploria178091,-0.400291990294786
Pseudodiploria178092,-0.206298749386096
Pseudodiploria178093,0.494347274948561
Pseudodiploria178096,-0.809273487574279
Pseudodiploria178102,-0.421036215244077
Pseudodiploria178110,-0.247031908546792
Pseudodiploria178112,0.382751404558757
Pseudodiploria178113,0.240775645137406
Pseudodiploria178117,-0.0028103006434395
Pseudodiploria178119,0.210692054654576
Pseudodiploria178130,0.284807293970586
Pseudodiploria178136,-0.336554792877275
Pseudodiploria178138,0.000697097811608304
Pseudodiploria178142,0.947298501765751
Pseudodiploria178146,-0.0403877391523141
Pseudodiploria178147,0.22252337180649
Pseudodiploria178149,0.302857793089688
Pseudodiploria178150,0.143604364786084
Pseudodiploria178153,-0.338937315224564
Pseudodiploria178154,0.31185092409257
Pseudodiploria178159,0.062133807635335
Pseudodiploria178160,0.576412176376618
Pseudodiploria178162,-0.432718806050927
Pseudodiploria178166,0.519930536061207
Pseudodiploria178170,-0.324852173130475
Pseudodiploria178174,-1.0235494356586
Pseudodiploria178177,0.0164841016108408
Pseudodiploria178181,-0.161826023836377
Pseudodiploria178184,0.403764459835882
Pseudodiploria178185,0.173794693585505
Pseudodiploria178188,-0.331205664906334
Pseudodiploria178195,0.179808701526731
Pseudodiploria178197,-0.317110699604288
Pseudodiploria178198,0.101236990893431
Pseudodiploria178199,0.334094875183718
Pseudodiploria178200,-0.328013942178718
Pseudodiploria178203,0.475995823470215
Pseudodiploria178205,0.136169174980952
Pseudodiploria178213,0.521776438874562
Pseudodiploria178214,0.999499824824702
Pseudodiploria178215,0.0652804310318238
Pseudodiploria178216,0.195730745360575
Pseudodiploria178223,-0.246316948896414
Pseudodiploria178229,-0.402930830612269
Pseudodiploria178231,-0.16317543954319
Pseudodiploria178236,-0.52443604366106
Pseudodiploria178240,-0.156442961023253
Pseudodiploria178243,0.128655006448516
Pseudodiploria178255,0.0807825177329603
Pseudodiploria178265,-0.516804130997281
Pseudodiploria178269,0.204347102481253
Pseudodiploria178277,0.0729399681241483
Pseudodiploria178278,-0.337026756383807
Pseudodiploria178280,-0.674848881424346
Pseudodiploria178281,-0.350251212940625
Pseudodiploria178282,-0.333468405409732
Pseudodiploria178283,0.31291239557813
Pseudodiploria178288,-0.0892513703799855
Pseudodiploria178289,0.180147742218714
Pseudodiploria178292,-0.0823375917828506
Pseudodiploria178295,-0.29400166663732
Pseudodiploria178297,0.269352678278218
Pseudodiploria178301,-0.232428970855478
Pseudodiploria178308,-0.44870497928729
Pseudodiploria178313,-0.052793058991594
Pseudodiploria178314,0.354174394260788
Pseudodiploria178316,-0.368319290197883
Pseudodiploria178317,-0.202331424692168
Pseudodiploria178318,0.0700626666114859
Pseudodiploria178319,-0.143047635232663
Pseudodiploria178323,0.638541725372444
Pseudodiploria178324,0.32107303200346
Pseudodiploria178325,0.474853716944711
Pseudodiploria178328,-0.154045711831895
Pseudodiploria178331,0.428147085339026
Pseudodiploria178335,-0.0917150128274583
Pseudodiploria178336,-0.197647351069007
Pseudodiploria178337,-0.111440053306024
Pseudodiploria178339,0.612677627209559
Pseudodiploria178342,-0.0150254989335052
Pseudodiploria178343,0.2959820028671
Pseudodiploria178350,-0.287037213070645
Pseudodiploria178352,0.406384425480123
Pseudodiploria178355,-0.217102520354646
Pseudodiploria178360,0.726184694520186
Pseudodiploria178363,0.110409915303694
Pseudodiploria178366,0.296534014139384
Pseudodiploria178367,0.202581009176428
Pseudodiploria178368,0.244965684392213
Pseudodiploria178376,0.0301772833742093
Pseudodiploria178383,0.189928948196937
Pseudodiploria178388,-0.294461284609516
Pseudodiploria178394,-0.0289074182632733
Pseudodiploria178396,0.271692621372626
Pseudodiploria178404,0.15066893907715
Pseudodiploria178408,-0.0796060160589312
Pseudodiploria178409,0.150062671398863
Pseudodiploria178410,0.566422937659284
Pseudodiploria178413,-0.0400619298098015
Pseudodiploria178424,0.388332278077048
Pseudodiploria178427,0.147042525434992
Pseudodiploria178429,0.259586760748101
Pseudodiploria178430,-0.148493970416688
Pseudodiploria178437,-0.244554218494315
Pseudodiploria178440,0.322131450492625
Pseudodiploria178443,-0.614689104437334
Pseudodiploria178444,0.284477351220446
Pseudodiploria178450,0.616937549666081
Pseudodiploria178452,0.175304691690906
Pseudodiploria178460,-0.921148346176024
Pseudodiploria178463,-0.624292438727354
Pseudodiploria178465,-0.246126976540849
Pseudodiploria178470,0.136861111106559
Pseudodiploria178474,0.169027516304782
Pseudodiploria178477,-0.480765479617671
Pseudodiploria178478,0.00321278977578926
Pseudodiploria178481,-1.04783555137642
Pseudodiploria178488,-0.410188198801525
Pseudodiploria178494,0.242025094686493
Pseudodiploria178509,-0.0141859576495075
Pseudodiploria178510,-0.573868481906441
Pseudodiploria178511,-0.0374615866191201
Pseudodiploria178516,-0.534448990070281
Pseudodiploria178535,-0.0342459532960061
Pseudodiploria178536,-0.17215727918661
Pseudodiploria178540,0.947198396331082
Pseudodiploria178546,0.607698600056596
Pseudodiploria178547,0.200326635575797
Pseudodiploria178548,0.261657068204861
Pseudodiploria178555,0.327614812834305
Pseudodiploria178556,0.559530645137435
Pseudodiploria178559,-0.221934602279649
Pseudodiploria178560,0.0744783723093459
Pseudodiploria178561,-0.0192140019901086
Pseudodiploria178572,0.520604003880491
Pseudodiploria178573,0.0515346708260662
Pseudodiploria178577,0.0577460960609539
Pseudodiploria178580,0.0123498194724757
Pseudodiploria178582,0.514132908811004
Pseudodiploria178585,0.147553547739957
Pseudodiploria178597,-0.000535697027494709
Pseudodiploria178598,0.0544637271599667
Pseudodiploria178601,0.168939903615009
Pseudodiploria178602,0.26662299272569
Pseudodiploria178608,-0.15429036199346
Pseudodiploria178612,-0.0390878605185459
Pseudodiploria178616,-0.116783102413254
Pseudodiploria178621,0.0236828663455775
Pseudodiploria178632,-0.826036614208797
Pseudodiploria178634,0.980418289579315
Pseudodiploria178636,0.121348973845385
Pseudodiploria178646,0.695804780140203
Pseudodiploria178650,0.818435250780129
Pseudodiploria178652,-0.593740273661943
Pseudodiploria178653,-0.183042722088091
Pseudodiploria178664,0.701607002032272
Pseudodiploria178669,0.384358298979377
Pseudodiploria178673,-0.0361618492639527
Pseudodiploria178674,-0.344728501566299
Pseudodiploria178676,-0.111509868619518
Pseudodiploria178679,0.159725983126547
Pseudodiploria178683,-0.229258854631364
Pseudodiploria178685,0.210845637957871
Pseudodiploria178689,-0.33109771234694
Pseudodiploria178692,-0.00673020927156401
Pseudodiploria178698,-0.982380679965029
Pseudodiploria178709,0.117958912822034
Pseudodiploria178731,-0.886741711095465
Pseudodiploria178732,0.0181833532186915
Pseudodiploria178743,1.15668913385286
Pseudodiploria178745,-0.166341936781946
Pseudodiploria178746,-0.175451123787525
Pseudodiploria178748,0.99179983936258
Pseudodiploria178760,0.277457269876203
Pseudodiploria178761,0.111594299611069
Pseudodiploria178765,-0.0938766410179962
Pseudodiploria178778,-0.136840657701666
Pseudodiploria178779,-0.125289279654529
Pseudodiploria178781,0.181690072696979
Pseudodiploria178783,-0.332716113025533
Pseudodiploria178789,-0.427048524899769
Pseudodiploria178792,0.975942571640361
Pseudodiploria178796,0.403076084577885
Pseudodiploria178801,0.013156373977269
Pseudodiploria178802,0.340290228485135
Pseudodiploria178804,-0.073307681817062
Pseudodiploria178813,-0.130969774756272
Pseudodiploria178814,-0.461415719110904
Pseudodiploria178818,0.188896014859003
Pseudodiploria178819,0.64003514739357
Pseudodiploria178823,0.769781102870179
Pseudodiploria178830,0.321732926267604
Pseudodiploria178831,0.841716568842034
Pseudodiploria178832,-0.147219598238702
Pseudodiploria178835,0.0209929414790051
Pseudodiploria178836,0.0694580098074591
Pseudodiploria178837,-0.313911566426257
Pseudodiploria178840,0.0844255220742602
Pseudodiploria178854,-0.596594591487066
Pseudodiploria178857,0.278337482328527
Pseudodiploria178858,0.687041328224213
Pseudodiploria178859,0.204814161191228
Pseudodiploria178862,-0.426391884563151
Pseudodiploria178865,0.206062931758197
Pseudodiploria178868,-0.354124816137019
Pseudodiploria178872,-0.0353111100326546
Pseudodiploria178876,-0.551492517424466
Pseudodiploria178877,-0.205302386479044
Pseudodiploria178879,0.346756700762357
Pseudodiploria178887,-0.469151490325187
Pseudodiploria178891,-0.0897704737646685
Pseudodiploria178896,-0.349067313016256
Pseudodiploria178904,0.021921016845379
Pseudodiploria178905,-0.0641172917712905
Pseudodiploria178906,0.189563073738047
Pseudodiploria178907,-0.32964324722821
Pseudodiploria178910,0.0360205888382169
Pseudodiploria178922,0.299072957059357
Pseudodiploria178924,0.0405296229829823
Pseudodiploria178928,0.348888799486548
Pseudodiploria178940,-0.205847551960193
Pseudodiploria178945,-0.443296667990627
Pseudodiploria178946,-0.249260280618919
Pseudodiploria178954,-0.267344049283388
Pseudodiploria178955,-0.453174290055501
Pseudodiploria178966,-0.0806707705422699
Pseudodiploria178967,0.102064653401514
Pseudodiploria178969,-0.0417766964671693
Pseudodiploria178970,0.0913620953272886
Pseudodiploria178973,-0.11998064148237
Pseudodiploria178974,0.400626245637978
Pseudodiploria178979,-0.279052738703824
Pseudodiploria178986,0.0179911342590003
Pseudodiploria178987,-0.0515918287416539
Pseudodiploria178989,0.329446360756823
Pseudodiploria179000,-0.0765282645848283
Pseudodiploria179001,0.157191104247974
Pseudodiploria179002,0.018661759796324
Pseudodiploria179003,0.0361870957075209
Pseudodiploria179008,-0.0311050046411291
Pseudodiploria179009,0.0415179606335613
Pseudodiploria179018,-0.382046540269995
Pseudodiploria179021,0.0559012471671548
Pseudodiploria179024,-0.492661577410243
Pseudodiploria179034,0.420864363046013
Pseudodiploria179041,-0.76662518417854
Pseudodiploria179042,0.0188778169540669
Pseudodiploria179046,0.359321276020815
Pseudodiploria179051,-0.0413628980637062
Pseudodiploria179056,-0.242147311486488
Pseudodiploria179065,0.0970420760342949
Pseudodiploria179067,-0.0799206725843279
Pseudodiploria179072,-0.262477910907626
Pseudodiploria179077,-0.12254251648559
Pseudodiploria179082,0.0104585193392056
Pseudodiploria179084,-0.0476918554436318
Pseudodiploria179086,0.727967669166673
Pseudodiploria179089,-0.933478795536783
Pseudodiploria179090,-0.0595827536392468
Pseudodiploria179091,-0.644661645931025
Pseudodiploria179092,0.476724821634833
Pseudodiploria179093,0.309606755503465
Pseudodiploria179101,0.0542528858631683
Pseudodiploria179103,-0.299917205853333
Pseudodiploria179108,-0.32756238307991
Pseudodiploria179112,0.194661756444163
Pseudodiploria179118,-0.323785713305268
Pseudodiploria179119,-0.54503847699009
Pseudodiploria179128,0.157201045127415
Pseudodiploria179131,0.438017251401775
Pseudodiploria179136,-0.00895821418496206
Pseudodiploria179137,0.337805519638097
Pseudodiploria179146,-0.303324502098912
Pseudodiploria179152,-0.131946372767668
Pseudodiploria179154,-0.395111558939907
Pseudodiploria179156,-0.580685617731922
Pseudodiploria179157,-0.109493221976837
Pseudodiploria179158,-0.0694343257970546
Pseudodiploria179159,-0.15972353921413
Pseudodiploria179161,-0.144365643682458
Pseudodiploria179162,-0.00963695775026849
Pseudodiploria179165,0.739347802124449
Pseudodiploria179167,-0.207877576905156
Pseudodiploria179172,-0.0691063621266778
Pseudodiploria179178,0.00660496707683207
Pseudodiploria179185,1.03634536864342
Pseudodiploria179187,-0.333043111483946
Pseudodiploria179202,0.0479605932255895
Pseudodiploria179209,-0.664888321447201
Pseudodiploria179211,-0.0972353714828446
Pseudodiploria179213,0.65814655983587
Pseudodiploria179223,0.0494348226934469
Pseudodiploria179229,0.305603070928012
Pseudodiploria17923,0.540362965143618
Pseudodiploria179234,-0.096901115359232
Pseudodiploria179235,-0.124023259677842
Pseudodiploria179236,-0.184178012328957
Pseudodiploria179237,-0.397523569987182
Pseudodiploria179247,-0.0214537406584677
Pseudodiploria179248,0.0108706881402087
Pseudodiploria179251,-0.0490151778229665
Pseudodiploria179257,0.0948855388342076
Pseudodiploria179263,0.0557985778166393
Pseudodiploria179264,1.18525553270172
Pseudodiploria179275,-0.093229229895424
Pseudodiploria179279,0.14908916544699
Pseudodiploria179280,-0.0289320726482439
Pseudodiploria179283,-0.331018199592836
Pseudodiploria179284,1.1437905644196
Pseudodiploria179285,-0.809827492431636
Pseudodiploria179286,0.0190838305035793
Pseudodiploria179288,0.665061654357
Pseudodiploria179295,-0.0939977052334134
Pseudodiploria179298,0.193913914660019
Pseudodiploria179306,0.433930602646773
Pseudodiploria179309,0.304107434122774
Pseudodiploria179310,-0.226861031063639
Pseudodiploria179311,-0.314861914314064
Pseudodiploria179315,0.33938186288884
Pseudodiploria179316,-0.184962370691665
Pseudodiploria179317,0.159593311104822
Pseudodiploria179318,0.200021246126523
Pseudodiploria179320,0.830243284367897
Pseudodiploria179323,-0.918543587815044
Pseudodiploria179326,-0.797277831333521
Pseudodiploria179328,0.33593062875283
Pseudodiploria179330,0.0227402510395863
Pseudodiploria179339,-0.27867718469782
Pseudodiploria179345,-0.160585867151103
Pseudodiploria179346,0.210744495975631
Pseudodiploria179355,0.0458739478803062
Pseudodiploria179367,0.0513551063328931
Pseudodiploria179373,0.038992291414076
Pseudodiploria179378,-0.586005560164511
Pseudodiploria179380,0.342363661175075
Pseudodiploria179384,0.164656106718515
Pseudodiploria179386,-0.165346277073884
Pseudodiploria179391,-0.244731426231327
Pseudodiploria179396,-0.623938504254726
Pseudodiploria179398,0.258183142247464
Pseudodiploria179399,0.837567204008151
Pseudodiploria179402,-0.351589470586982
Pseudodiploria179406,-0.478450368158946
Pseudodiploria179408,-0.635236147625839
Pseudodiploria179409,0.37387532997499
Pseudodiploria179410,-0.353232791197563
Pseudodiploria179412,0.0583302909707288
Pseudodiploria179414,-0.0950379346599482
Pseudodiploria179417,0.437039744564845
Pseudodiploria179418,0.115900626381434
Pseudodiploria179420,-1.15880211114049
Pseudodiploria179421,-0.123849628486369
Pseudodiploria179425,0.543728410253227
Pseudodiploria179427,-0.783128020465991
Pseudodiploria179428,0.386973673148247
Pseudodiploria179429,0.116509543215036
Pseudodiploria179432,0.778490444615818
Pseudodiploria179433,0.104290499596926
Pseudodiploria179436,0.257883842621505
Pseudodiploria179438,0.284061404194654
Pseudodiploria179441,0.195204606665026
Pseudodiploria179442,0.771017286262634
Pseudodiploria179456,1.00934991798556
Pseudodiploria179461,-0.152772904799092
Pseudodiploria179462,0.431864984356891
Pseudodiploria179463,-0.404969333172796
Pseudodiploria179464,-0.330043315960865
Pseudodiploria179465,0.140116304656127
Pseudodiploria179466,0.202847864239021
Pseudodiploria179468,-0.362759294278697
Pseudodiploria179472,-0.738447586436383
Pseudodiploria179473,0.595905153287629
Pseudodiploria179474,-0.564824321496742
Pseudodiploria179475,-0.857529419805672
Pseudodiploria179476,-0.38483693022431
Pseudodiploria179478,0.41256366932918
Pseudodiploria179480,0.226287283157387
Pseudodiploria179486,0.0566984050669741
Pseudodiploria179487,-0.175421964139446
Pseudodiploria179493,0.139152770120854
Pseudodiploria179499,-0.0222362336487685
Pseudodiploria179505,0.536600036716773
Pseudodiploria179509,0.894921896739091
Pseudodiploria179515,-0.200877864402689
Pseudodiploria179523,-0.356646277513483
Pseudodiploria179530,0.439046832183158
Pseudodiploria179533,0.417121248182219
Pseudodiploria179538,0.0605361144304058
Pseudodiploria179539,-0.000139017044213445
Pseudodiploria179540,-0.29268477751067
Pseudodiploria179542,0.318226478443262
Pseudodiploria179543,0.247839209568678
Pseudodiploria179544,0.210528073771627
Pseudodiploria179546,-0.138876079133411
Pseudodiploria179549,-0.145379835466783
Pseudodiploria179551,-0.445467338420429
Pseudodiploria179553,0.443418460209074
Pseudodiploria179554,0.389645657865027
Pseudodiploria179556,-0.173176456799205
Pseudodiploria179561,-0.64433984437077
Pseudodiploria179564,-0.347490062018403
Pseudodiploria179565,-0.41756885316573
Pseudodiploria179579,0.0396368656771471
Pseudodiploria179582,0.247451926019119
Pseudodiploria179586,0.207691275210471
Pseudodiploria179590,0.245762952281195
Pseudodiploria179591,0.483378709589018
Pseudodiploria179592,0.240530173418935
Pseudodiploria179594,0.226095857195145
Pseudodiploria179598,0.0690536700580664
Pseudodiploria179600,-0.0940424611608646
Pseudodiploria179609,0.382084041018247
Pseudodiploria179610,0.130711213755171
Pseudodiploria179611,0.412265068766863
Pseudodiploria179618,-0.358874740861544
Pseudodiploria179623,0.0867665268427648
Pseudodiploria179625,0.395666857751683
Pseudodiploria179627,-0.847954826947883
Pseudodiploria179632,0.616545915625282
Pseudodiploria179639,-0.390698211310205
Pseudodiploria179640,0.0236887525156965
Pseudodiploria179646,-0.161274246405648
Pseudodiploria179647,-0.0693223848540606
Pseudodiploria17965,-0.0438859320311875
Pseudodiploria179658,0.187312544384241
Pseudodiploria179660,0.532480143547699
Pseudodiploria179674,-0.688550496375262
Pseudodiploria179678,0.317094667485311
Pseudodiploria179680,0.14654481530044
Pseudodiploria179684,0.314696692456392
Pseudodiploria179689,-0.447353317650397
Pseudodiploria179693,-0.0420850859841735
Pseudodiploria179694,-0.0498160628474762
Pseudodiploria179698,0.291299096977161
Pseudodiploria179702,0.636344954726185
Pseudodiploria179703,-0.686318216654538
Pseudodiploria179705,-0.0926527833292916
Pseudodiploria179708,-0.379464101572752
Pseudodiploria179711,-0.0463611056594435
Pseudodiploria179712,0.20133052270244
Pseudodiploria179722,-0.189787508749238
Pseudodiploria179725,0.116749407915382
Pseudodiploria179727,0.16299598250586
Pseudodiploria179728,-0.846875355627628
Pseudodiploria179734,0.0609271932900072
Pseudodiploria179737,-0.169371949384967
Pseudodiploria179738,0.958648857568456
Pseudodiploria179748,0.214342220833402
Pseudodiploria179749,-0.228712509745946
Pseudodiploria179750,0.237034206817536
Pseudodiploria179751,0.044564385805839
Pseudodiploria179752,-0.120273870231472
Pseudodiploria179755,1.06913009745737
Pseudodiploria179756,-0.280016778982699
Pseudodiploria179763,0.184200881008219
Pseudodiploria179766,0.195853101798194
Pseudodiploria179769,0.102593820949802
Pseudodiploria179770,-0.0673931328195572
Pseudodiploria179776,0.16281275082955
Pseudodiploria179777,0.26014968549272
Pseudodiploria179780,0.298824264698497
Pseudodiploria179783,-0.0733834786415905
Pseudodiploria179784,-0.155352127596908
Pseudodiploria179786,-0.378000062265452
Pseudodiploria179787,-0.50059239401167
Pseudodiploria179788,-0.533407361863175
Pseudodiploria179792,0.148770652463665
Pseudodiploria179795,-0.529863512897025
Pseudodiploria179799,0.126153648836683
Pseudodiploria179800,-0.214478294158263
Pseudodiploria179802,0.64153666612724
Pseudodiploria179805,0.340805836676417
Pseudodiploria179806,-0.0531657341578721
Pseudodiploria179821,-0.0463978467363033
Pseudodiploria179823,-0.286486093717266
Pseudodiploria179828,0.0741661152793924
Pseudodiploria179830,-0.645711632846417
Pseudodiploria179831,-0.17193296573544
Pseudodiploria179832,0.149452531371174
Pseudodiploria179835,-0.549712948103869
Pseudodiploria179837,-0.71015616989971
Pseudodiploria179838,-1.07217997212704
Pseudodiploria179839,0.616600859081393
Pseudodiploria179840,-0.277707014208836
Pseudodiploria179842,-0.562800636852045
Pseudodiploria179843,-0.00660233415878043
Pseudodiploria179848,-0.757990102841934
Pseudodiploria179849,0.279982974477072
Pseudodiploria179851,0.00301680267505388
Pseudodiploria179853,0.446185319140294
Pseudodiploria179854,0.360140802247195
Pseudodiploria179856,0.189976138423548
Pseudodiploria179857,-0.968424774439334
Pseudodiploria179862,-0.444681535076822
Pseudodiploria179866,-0.314186902087807
Pseudodiploria179868,-0.0036101882893339
Pseudodiploria179869,-0.170425538830541
Pseudodiploria179871,-0.400304137047087
Pseudodiploria179876,-0.118921004449894
Pseudodiploria179877,0.491135658998012
Pseudodiploria179881,0.0862083697737437
Pseudodiploria179883,-0.621048537216554
Pseudodiploria179888,-0.235550541090446
Pseudodiploria179892,0.123342763346348
Pseudodiploria179897,-0.148108120179242
Pseudodiploria179899,0.124512323052608
Pseudodiploria179900,0.805106787048685
Pseudodiploria179906,0.241739511036141
Pseudodiploria179909,0.275047837991707
Pseudodiploria179911,0.0565735515526805
Pseudodiploria179913,-0.444311898505158
Pseudodiploria179918,-0.312410913432479
Pseudodiploria179921,-0.098095246264997
Pseudodiploria179927,-0.047263701520376
Pseudodiploria179928,-0.320505695957765
Pseudodiploria179929,0.509195649498321
Pseudodiploria179931,0.594687271751444
Pseudodiploria179936,-0.0794267422193833
Pseudodiploria179941,-0.115982647167642
Pseudodiploria179942,-0.27762722044201
Pseudodiploria179944,-0.12759125429729
Pseudodiploria179949,-0.526092715861807
Pseudodiploria179958,-0.257882959214015
Pseudodiploria179963,0.213935860562738
Pseudodiploria179965,-0.0573846418530781
Pseudodiploria179970,0.14667768635751
Pseudodiploria179971,-0.371564128558602
Pseudodiploria179972,0.536635231657295
Pseudodiploria179974,-0.590668882702165
Pseudodiploria179975,-0.594190309100698
Pseudodiploria179981,0.438279610913139
Pseudodiploria179982,0.37453429798683
Pseudodiploria179983,-0.159320830633681
Pseudodiploria179984,0.877013715570615
Pseudodiploria179985,0.601535239886504
Pseudodiploria179989,-0.123806984942082
Pseudodiploria179992,0.277314855409708
Pseudodiploria180000,-0.0689394628786849
Pseudodiploria180002,-0.129668194042848
Pseudodiploria180006,-0.383753029574506
Pseudodiploria180019,0.0447348757148604
Pseudodiploria180020,1.23859150292552
Pseudodiploria180028,0.0835578241787201
Pseudodiploria180037,-0.370078384961643
Pseudodiploria180038,-0.0556693923184421
Pseudodiploria180042,-0.0892944003841722
Pseudodiploria180044,0.644801903627988
Pseudodiploria180048,0.0365543439010546
Pseudodiploria180053,0.199473257529706
Pseudodiploria180054,0.00924045934637962
Pseudodiploria180056,0.272593474547067
Pseudodiploria180058,0.127124115645493
Pseudodiploria180059,0.0547898198352841
Pseudodiploria180060,0.351812420474753
Pseudodiploria180065,0.213873193576127
Pseudodiploria180066,0.249487838958363
Pseudodiploria180067,0.44620295218843
Pseudodiploria180069,0.664575299708345
Pseudodiploria180072,-0.645279832759523
Pseudodiploria180076,-0.392407975103602
Pseudodiploria180081,0.955441990310725
Pseudodiploria180082,0.153817976629181
Pseudodiploria180084,-0.373931837250378
Pseudodiploria180086,0.251994101320773
Pseudodiploria180087,0.213672325976125
Pseudodiploria180091,0.329530282388286
Pseudodiploria180098,-0.287478220209146
Pseudodiploria180103,-0.342489317745495
Pseudodiploria180107,-0.25454372787149
Pseudodiploria180111,-0.0790356186013302
Pseudodiploria180113,0.710548980495078
Pseudodiploria180114,0.704945699582304
Pseudodiploria180116,0.257412148735715
Pseudodiploria180117,-0.0483713595624744
Pseudodiploria180123,2.15494717930217
Pseudodiploria180126,-0.0587597067333381
Pseudodiploria180127,0.70273573672102
Pseudodiploria180129,-2.76315494989149
Pseudodiploria180133,0.258598943451469
Pseudodiploria180135,0.175348657092194
Pseudodiploria180142,-0.104733488330499
Pseudodiploria180144,-0.179292202585364
Pseudodiploria180147,-0.12586973332608
Pseudodiploria180148,0.0907506736315592
Pseudodiploria180156,0.197867370862283
Pseudodiploria180160,0.160789950296368
Pseudodiploria180162,0.981599066873533
Pseudodiploria180163,0.0491960961834435
Pseudodiploria180164,-0.166007214819171
Pseudodiploria180166,-0.728501952141759
Pseudodiploria180169,-0.0963600724832213
Pseudodiploria180170,-0.310091279071825
Pseudodiploria180171,-0.0237098311584753
Pseudodiploria180172,0.832821471151062
Pseudodiploria180176,0.0157285892419197
Pseudodiploria180180,0.513016092576828
Pseudodiploria180181,0.305090177260707
Pseudodiploria180182,0.67266106900742
Pseudodiploria180183,0.0264075768651826
Pseudodiploria180185,-0.041830920744029
Pseudodiploria180187,0.584625859266066
Pseudodiploria180191,0.033950120990934
Pseudodiploria180195,0.436747286320974
Pseudodiploria180199,0.0335804911086215
Pseudodiploria180201,0.414470688551716
Pseudodiploria180205,0.306136108808237
Pseudodiploria180213,0.09985642279978
Pseudodiploria180222,0.135127139814212
Pseudodiploria180223,-0.403290276416633
Pseudodiploria180224,-0.485279119817841
Pseudodiploria180226,-0.258089229292827
Pseudodiploria180228,-1.32235515707787
Pseudodiploria180236,-0.187877411467596
Pseudodiploria180239,0.150870166616066
Pseudodiploria180245,0.746618871472983
Pseudodiploria180246,0.00867008539278014
Pseudodiploria180252,0.328228936512266
Pseudodiploria180254,-0.310656913048509
Pseudodiploria180255,-0.302660109643423
Pseudodiploria180257,0.112776597966655
Pseudodiploria180258,-0.293760587182403
Pseudodiploria180271,0.48166903633596
Pseudodiploria180276,0.0898827653208558
Pseudodiploria180282,-0.435803464498123
Pseudodiploria180286,0.400585157339902
Pseudodiploria180287,-0.417218402721464
Pseudodiploria180288,-0.849243425711697
Pseudodiploria180293,0.259578699707394
Pseudodiploria180295,0.0512799834774697
Pseudodiploria180296,0.352008479746698
Pseudodiploria180305,0.607807578991458
Pseudodiploria180306,0.304391437408678
Pseudodiploria180310,-1.4666488013785
Pseudodiploria180315,-0.240624143335121
Pseudodiploria180317,-0.161023827747511
Pseudodiploria180322,0.0394703268949163
Pseudodiploria180325,0.4686867798593
Pseudodiploria180328,0.0726124078834289
Pseudodiploria180332,-0.430869440222316
Pseudodiploria180334,0.320133349968476
Pseudodiploria180335,-0.343222508813363
Pseudodiploria180336,-0.253001240841636
Pseudodiploria180337,0.0403976659339229
Pseudodiploria180340,-0.214274356715851
Pseudodiploria180342,-0.190265928935496
Pseudodiploria180344,0.730230370124277
Pseudodiploria180345,0.582098568951126
Pseudodiploria180350,-0.141385565218
Pseudodiploria180351,0.097648594385127
Pseudodiploria180353,-0.953959820252709
Pseudodiploria180354,0.328394261400954
Pseudodiploria180370,0.170598874182862
Pseudodiploria180371,0.0797451499497846
Pseudodiploria180374,-0.257222455703202
Pseudodiploria180378,-0.220479677154303
Pseudodiploria180379,0.504394919049778
Pseudodiploria180380,-0.389075108688519
Pseudodiploria180382,0.0835266954321668
Pseudodiploria180383,0.447993085998711
Pseudodiploria180385,0.0329488976521726
Pseudodiploria180386,0.893255009363097
Pseudodiploria180392,-1.11925082259847
Pseudodiploria180393,-0.0368629157632496
Pseudodiploria180395,-1.04625794302544
Pseudodiploria180397,0.105752875170022
Pseudodiploria180402,0.94530900822573
Pseudodiploria180403,0.18507858282426
Pseudodiploria180405,0.163852886108917
Pseudodiploria180410,0.658480927250263
Pseudodiploria180416,-0.920235209961705
Pseudodiploria180418,0.305716701274886
Pseudodiploria180421,0.0484167551592826
Pseudodiploria180422,-0.465682916846672
Pseudodiploria180426,0.50150887166591
Pseudodiploria180439,-0.0545799115766513
Pseudodiploria180448,-0.407614905976931
Pseudodiploria180449,-0.373856084503264
Pseudodiploria180454,-0.219518830743674
Pseudodiploria180455,-0.834927571689444
Pseudodiploria180458,-0.177319921362248
Pseudodiploria180463,0.362123229918378
Pseudodiploria180464,-0.972029447311494
Pseudodiploria180465,0.185443388148247
Pseudodiploria180473,-0.834464675759625
Pseudodiploria180474,-0.152391491610024
Pseudodiploria180479,-0.346101838435486
Pseudodiploria180482,0.761862745499512
Pseudodiploria180483,0.0960508552685193
Pseudodiploria180487,-0.122262693700726
Pseudodiploria180488,-0.0927651110503066
Pseudodiploria180489,0.680530767552229
Pseudodiploria180499,-0.406459197659059
Pseudodiploria180502,0.2790330307279
Pseudodiploria180504,-0.288227716980757
Pseudodiploria180506,0.182378672034748
Pseudodiploria180509,-0.080841203933126
Pseudodiploria180510,0.0470145212309492
Pseudodiploria180513,0.149617210241223
Pseudodiploria180514,0.284292892792698
Pseudodiploria180515,-0.789508079340295
Pseudodiploria180518,0.179237869870461
Pseudodiploria180520,-0.12088235660513
Pseudodiploria180537,0.517852578943507
Pseudodiploria180538,-0.117777977127566
Pseudodiploria180539,0.65826309445314
Pseudodiploria180542,0.146820391514059
Pseudodiploria180546,-0.252824401759611
Pseudodiploria180549,-0.00778760712604331
Pseudodiploria180554,0.155775320887773
Pseudodiploria180560,0.461932243573579
Pseudodiploria180566,-0.0974350366882217
Pseudodiploria180570,0.367243846805426
Pseudodiploria180572,0.337691257835377
Pseudodiploria180573,0.251610394504772
Pseudodiploria180574,0.53643930373588
Pseudodiploria180575,-0.209192094339732
Pseudodiploria180576,-0.51246390270182
Pseudodiploria180578,0.683298844510448
Pseudodiploria180579,0.11164124649044
Pseudodiploria180594,0.455849761157505
Pseudodiploria180604,0.357869549342194
Pseudodiploria180610,0.471357034088564
Pseudodiploria180611,0.239805270374393
Pseudodiploria180613,-0.0117377097885762
Pseudodiploria180615,0.938119271555528
Pseudodiploria180619,0.569944530526289
Pseudodiploria180620,-0.538868061040929
Pseudodiploria180621,0.225154587586627
Pseudodiploria180622,-0.225890841491257
Pseudodiploria180624,0.921836805950925
Pseudodiploria180628,-1.52600433792216
Pseudodiploria180629,1.01402482015788
Pseudodiploria180630,-0.0445554452007456
Pseudodiploria180638,0.152352793432256
Pseudodiploria180645,-0.877803763448926
Pseudodiploria180649,-0.0578030405520979
Pseudodiploria180650,0.102444398200422
Pseudodiploria180651,-0.503048407183723
Pseudodiploria180653,-0.0141611614019661
Pseudodiploria180657,0.42007518776726
Pseudodiploria180661,0.147399644328401
Pseudodiploria180663,-0.35412713617525
Pseudodiploria180666,-0.984484816237664
Pseudodiploria180668,1.07845875951516
Pseudodiploria180671,-0.0148401967861996
Pseudodiploria180674,0.227018888627807
Pseudodiploria180677,-0.0795522222327296
Pseudodiploria180680,0.457592216930967
Pseudodiploria180685,-0.441572460579131
Pseudodiploria180686,0.00461958601162749
Pseudodiploria180691,0.512749365493096
Pseudodiploria180693,0.149800707636649
Pseudodiploria180694,-0.0179483009567696
Pseudodiploria180701,-0.152910142098887
Pseudodiploria180703,-0.296147708547561
Pseudodiploria180719,0.48210556607975
Pseudodiploria180720,0.35762214170985
Pseudodiploria180721,0.564831910477786
Pseudodiploria180723,-0.133430013562977
Pseudodiploria180724,0.97521786990696
Pseudodiploria180725,-0.887754717187511
Pseudodiploria180728,0.293520052679532
Pseudodiploria180731,0.433400787370434
Pseudodiploria180734,0.634869351120791
Pseudodiploria180737,0.716180726061285
Pseudodiploria180739,0.192138844816089
Pseudodiploria180740,0.0882499681470717
Pseudodiploria180741,-0.173453784124178
Pseudodiploria180744,1.8921689981747
Pseudodiploria180747,0.209558134619756
Pseudodiploria180753,-0.280558457478142
Pseudodiploria180754,0.25934830669626
Pseudodiploria180759,-1.08233487460179
Pseudodiploria180760,0.609993833860004
Pseudodiploria180761,0.0178868232668843
Pseudodiploria180766,-0.235913793895663
Pseudodiploria180775,-0.249637972041444
Pseudodiploria180776,0.0800247434831572
Pseudodiploria180782,-0.240379353698228
Pseudodiploria180786,0.174885251422416
Pseudodiploria180794,-0.00285141084376384
Pseudodiploria180795,-0.167543598068919
Pseudodiploria180801,-0.200255334474658
Pseudodiploria180802,0.0668438989883048
Pseudodiploria180807,-0.540985824403624
Pseudodiploria180813,-0.113248408573933
Pseudodiploria180818,0.154368303767667
Pseudodiploria180821,-0.219123857141294
Pseudodiploria180822,-0.410547429192045
Pseudodiploria180826,0.371469636975985
Pseudodiploria180828,-0.203090852513146
Pseudodiploria180835,-0.503786105296388
Pseudodiploria180837,-1.12671622100584
Pseudodiploria180838,0.443576294024373
Pseudodiploria180839,1.01167689745553
Pseudodiploria180843,-0.494404866341994
Pseudodiploria180848,0.406521372408054
Pseudodiploria180851,0.0813276250682407
Pseudodiploria180866,-0.274275506184758
Pseudodiploria180868,0.383594878918346
Pseudodiploria180870,0.773957722940544
Pseudodiploria180876,-0.196311213867387
Pseudodiploria180877,-0.724308292862256
Pseudodiploria180887,0.441103720357554
Pseudodiploria180888,0.171545974500943
Pseudodiploria180889,-0.128286831888139
Pseudodiploria180891,0.226681537991334
Pseudodiploria180892,0.217197748776675
Pseudodiploria180894,-0.218572686119751
Pseudodiploria180897,1.59144210209789
Pseudodiploria180907,0.176172391274253
Pseudodiploria180915,0.248054458686953
Pseudodiploria180916,0.117661349678431
Pseudodiploria180918,-0.365249260295271
Pseudodiploria180924,0.115166803637904
Pseudodiploria180929,-1.0358350272937
Pseudodiploria180934,-0.409707480741253
Pseudodiploria180935,-0.215036145720962
Pseudodiploria180939,-0.0417168730015125
Pseudodiploria180940,-0.147975893588536
Pseudodiploria180941,0.0785556603616378
Pseudodiploria180948,0.225742281154389
Pseudodiploria180953,-0.660156722483819
Pseudodiploria180954,0.322029840673
Pseudodiploria180955,-0.0510541368097277
Pseudodiploria180956,-0.134038553384215
Pseudodiploria180957,-0.484989090483132
Pseudodiploria180964,-0.00715938510307018
Pseudodiploria180970,-0.262252648442565
Pseudodiploria180974,-0.018601773094017
Pseudodiploria180975,0.126886838875831
Pseudodiploria180976,-0.175647181124503
Pseudodiploria180980,-0.833619738479195
Pseudodiploria180982,0.395489494766374
Pseudodiploria180984,-0.334317455275168
Pseudodiploria180988,0.0933336360283508
Pseudodiploria180991,-0.535201490515964
Pseudodiploria180993,-0.193014100154121
Pseudodiploria180994,-0.656056630195605
Pseudodiploria180997,-0.15612865592632
Pseudodiploria180998,-0.287257795823213
Pseudodiploria180999,-0.118206062426308
Pseudodiploria181001,0.335273675813513
Pseudodiploria181002,0.234571159540575
Pseudodiploria181009,0.0500147218632449
Pseudodiploria181010,0.349952552517605
Pseudodiploria181011,-0.328439212494696
Pseudodiploria181014,-0.0993789895503403
Pseudodiploria181018,0.109638065504288
Pseudodiploria181019,0.0761306577635196
Pseudodiploria181020,0.426699922093992
Pseudodiploria181021,0.431486516938388
Pseudodiploria181026,-0.0321684273454419
Pseudodiploria181032,-0.584743409753547
Pseudodiploria181035,0.311559376690578
Pseudodiploria181036,0.330001827086679
Pseudodiploria181039,-0.212897008538668
Pseudodiploria181042,-0.135893422826413
Pseudodiploria181043,-0.285127811764905
Pseudodiploria181046,0.0652577163054484
Pseudodiploria181048,-1.38994888509079
Pseudodiploria181049,0.697504971752851
Pseudodiploria181055,0.0988372353865688
Pseudodiploria181056,-0.246672795985016
Pseudodiploria181060,0.164535784863646
Pseudodiploria181062,0.0548542989256254
Pseudodiploria181063,0.175076384411892
Pseudodiploria181065,-0.0475511411044309
Pseudodiploria181066,0.0563695480904666
Pseudodiploria181072,0.38949343259077
Pseudodiploria181082,0.738630088697089
Pseudodiploria181083,-0.121188068405535
Pseudodiploria181084,0.683013201682374
Pseudodiploria181088,0.171938565650814
Pseudodiploria181089,0.148211887122791
Pseudodiploria181091,0.271088120970822
Pseudodiploria181096,0.0267923283060229
Pseudodiploria181102,0.568087098909204
Pseudodiploria181105,-0.152922758014049
Pseudodiploria181115,0.434745209402218
Pseudodiploria181116,0.111369794301287
Pseudodiploria181122,-0.820292105100483
Pseudodiploria181124,0.231427570849031
Pseudodiploria181133,-0.90316276489921
Pseudodiploria181136,0.00867330857691457
Pseudodiploria181140,0.403405911091119
Pseudodiploria181143,0.35110584262674
Pseudodiploria181147,0.482963540914674
Pseudodiploria181149,-0.39940070941564
Pseudodiploria181150,0.270779739123203
Pseudodiploria181152,-0.384834871178203
Pseudodiploria181157,-0.732403455843908
Pseudodiploria181160,-0.101052850209374
Pseudodiploria181165,-0.627379908062387
Pseudodiploria181168,-0.628609940983642
Pseudodiploria181170,0.0770834173420545
Pseudodiploria181173,0.200836869704812
Pseudodiploria181176,0.0107369971202765
Pseudodiploria181179,0.0991773256057185
Pseudodiploria181180,-0.0686091609425254
Pseudodiploria181181,-0.579679756283439
Pseudodiploria181184,0.289250124930869
Pseudodiploria181186,-0.177208566692494
Pseudodiploria181190,-0.17395125970142
Pseudodiploria181191,0.0596681422416165
Pseudodiploria181192,0.218686261587053
Pseudodiploria181202,-0.332152925263346
Pseudodiploria181204,0.487759249341098
Pseudodiploria181205,-0.0596561011674131
Pseudodiploria181208,0.642189897390015
Pseudodiploria181211,-0.698335643860526
Pseudodiploria181212,-0.19015885708137
Pseudodiploria181214,-0.643468710165053
Pseudodiploria181217,-0.0414234357753017
Pseudodiploria181223,0.094035242513574
Pseudodiploria181225,-0.622560630521281
Pseudodiploria181228,-0.0498922710120549
Pseudodiploria181232,-0.159822742669887
Pseudodiploria181233,-0.143775905741312
Pseudodiploria181236,0.434257632961908
Pseudodiploria181237,-0.625097139113927
Pseudodiploria181238,0.385160204246126
Pseudodiploria181245,0.0179521982143312
Pseudodiploria181251,0.228858416834581
Pseudodiploria181253,0.141097099083582
Pseudodiploria181257,0.0331052980283984
Pseudodiploria181258,-0.373741440826955
Pseudodiploria181262,0.249412588816899
Pseudodiploria181263,-0.631846682743994
Pseudodiploria181266,-0.199684135563668
Pseudodiploria181271,0.400218454243546
Pseudodiploria181273,-0.259616070657544
Pseudodiploria181274,-0.518871044310109
Pseudodiploria181277,0.108481069928855
Pseudodiploria181278,-0.0978277475318782
Pseudodiploria181280,0.0209641198302319
Pseudodiploria181283,0.00726706399779635
Pseudodiploria181289,0.264022079317512
Pseudodiploria181291,0.702467104799548
Pseudodiploria181293,-0.175341792648205
Pseudodiploria181298,-0.33599776539704
Pseudodiploria181302,-0.25478151799087
Pseudodiploria181303,0.475542982647631
Pseudodiploria181311,0.0334936050540298
Pseudodiploria181312,0.0632864592736314
Pseudodiploria181319,0.0473844539065243
Pseudodiploria181322,-0.0572617486807846
Pseudodiploria181323,-0.0527865763417012
Pseudodiploria181324,0.391963233443615
Pseudodiploria181328,0.21986859643882
Pseudodiploria181333,-0.223933819191298
Pseudodiploria181334,0.36731400652366
Pseudodiploria181337,-0.125894873772177
Pseudodiploria181340,-0.29790944676001
Pseudodiploria181342,0.296675707407389
Pseudodiploria181345,0.815040117591698
Pseudodiploria181347,0.699226000428606
Pseudodiploria181352,0.476316177974456
Pseudodiploria181353,0.0019239756858714
Pseudodiploria181357,0.359228221257689
Pseudodiploria181360,-0.10914461111319
Pseudodiploria181361,-0.056655179012858
Pseudodiploria181362,0.230854256970635
Pseudodiploria181365,-0.0281347185161256
Pseudodiploria181369,-0.50740477120379
Pseudodiploria181371,0.59091282937101
Pseudodiploria181375,-0.0957061332996857
Pseudodiploria181376,-0.165545073166998
Pseudodiploria181377,-0.135929498431052
Pseudodiploria181378,-0.263772454254942
Pseudodiploria181379,-0.0570771287218972
Pseudodiploria181380,0.0471093350186937
Pseudodiploria181382,0.446479908669706
Pseudodiploria181384,-0.505876580622033
Pseudodiploria181386,0.784753895974291
Pseudodiploria181389,0.306055338026313
Pseudodiploria181392,-0.132322669901727
Pseudodiploria181394,-0.414232487669066
Pseudodiploria181395,-0.592280864817822
Pseudodiploria181399,1.09395584200809
Pseudodiploria181400,0.263742634714083
Pseudodiploria181409,-0.830736194445881
Pseudodiploria181412,0.319848567181124
Pseudodiploria181415,-0.360448743175416
Pseudodiploria181417,0.80723325960184
Pseudodiploria181422,-0.0595227430825845
Pseudodiploria181423,0.027513861624155
Pseudodiploria181428,0.0465381892844828
Pseudodiploria181429,0.0209439379313689
Pseudodiploria181433,-0.321482432039477
Pseudodiploria181434,0.179096971636158
Pseudodiploria181435,0.739182912279663
Pseudodiploria181436,-0.278656946663328
Pseudodiploria181448,0.323551391718664
Pseudodiploria181450,0.467276668702762
Pseudodiploria181452,0.13422076828137
Pseudodiploria181454,0.498575835130713
Pseudodiploria181461,-0.233561857447753
Pseudodiploria181466,0.131639351338447
Pseudodiploria181467,1.3887155801632
Pseudodiploria181473,0.151995585268696
Pseudodiploria181479,0.0156443021649352
Pseudodiploria181480,0.188957020225542
Pseudodiploria181483,0.0219961291173748
Pseudodiploria181489,-0.0157623651118375
Pseudodiploria181490,0.103043574194768
Pseudodiploria181492,0.0918865992278799
Pseudodiploria181498,0.375858666598176
Pseudodiploria181500,-0.291104115729787
Pseudodiploria181501,-0.960200503287825
Pseudodiploria181505,-0.265829483825381
Pseudodiploria181510,-0.14373166995477
Pseudodiploria181513,0.0140309605037592
Pseudodiploria181514,0.0220411574451409
Pseudodiploria181517,0.646836143282898
Pseudodiploria181523,-0.100312479293875
Pseudodiploria181525,0.152438047420156
Pseudodiploria181527,0.0483535510293401
Pseudodiploria181531,0.0197180796327437
Pseudodiploria181534,-0.0252642336974385
Pseudodiploria181537,-0.688968063402262
Pseudodiploria181541,-0.155859895622691
Pseudodiploria181543,0.806597121818604
Pseudodiploria181544,-0.197347799610591
Pseudodiploria181545,0.0224051533644791
Pseudodiploria181546,0.402152973916347
Pseudodiploria181550,-0.596098350730702
Pseudodiploria181551,-0.0909960057142082
Pseudodiploria181552,-0.325842434570475
Pseudodiploria181556,-0.104203144377783
Pseudodiploria181558,-0.42428759152883
Pseudodiploria181560,-0.00399253750862354
Pseudodiploria181565,0.455958390138254
Pseudodiploria181566,-1.1932038881903
Pseudodiploria181567,0.244712043667781
Pseudodiploria181569,-0.570971943630272
Pseudodiploria181570,-0.00217353673737127
Pseudodiploria181571,1.2317819324174
Pseudodiploria181575,0.0373166615071576
Pseudodiploria181577,0.426549815172804
Pseudodiploria181580,0.155647129099449
Pseudodiploria181582,0.445933467679786
Pseudodiploria181584,-0.67256266608797
Pseudodiploria181585,-0.170777936025867
Pseudodiploria181586,0.906171735755543
Pseudodiploria181589,0.259719905507985
Pseudodiploria181596,0.0668985393741629
Pseudodiploria181600,-0.298076655233115
Pseudodiploria181603,0.50425512641673
Pseudodiploria181604,-0.178009214604979
Pseudodiploria181614,-0.330588891317016
Pseudodiploria181616,-0.295071469232347
Pseudodiploria181619,-0.0275273209783956
Pseudodiploria181622,0.465844577881454
Pseudodiploria181628,0.234049211004604
Pseudodiploria181630,-0.11944982434836
Pseudodiploria181632,-0.0354038860910209
Pseudodiploria181634,0.479334061720539
Pseudodiploria181638,-0.371221137720539
Pseudodiploria181639,-1.41488252917433
Pseudodiploria181644,0.0490588034474503
Pseudodiploria181646,0.4343523874856
Pseudodiploria181648,-0.273761544872611
Pseudodiploria181649,-0.0742944904418797
Pseudodiploria181652,-0.715522712500217
Pseudodiploria181656,0.100825936574752
Pseudodiploria181664,0.156025397808319
Pseudodiploria181671,-0.546142988769977
Pseudodiploria181673,-1.22910525373978
Pseudodiploria181677,-0.0039658182041456
Pseudodiploria181684,-0.298819178293639
Pseudodiploria181685,-0.100673730947952
Pseudodiploria181687,-0.204914146061551
Pseudodiploria181689,-0.614130810329965
Pseudodiploria181691,0.855257631894251
Pseudodiploria181692,0.144109894329798
Pseudodiploria181699,-0.244442343459748
Pseudodiploria181707,-0.125404043206
Pseudodiploria181709,-0.00283127081691315
Pseudodiploria181711,0.290551121321128
Pseudodiploria181716,0.148933201243601
Pseudodiploria181717,-0.0708864419706423
Pseudodiploria181719,0.184853489965441
Pseudodiploria181723,-0.0345375867412568
Pseudodiploria181725,0.0548462775732363
Pseudodiploria181727,-0.426927721034723
Pseudodiploria181728,0.0353090531598382
Pseudodiploria181729,0.397721172415051
Pseudodiploria181732,-0.295232577771395
Pseudodiploria181734,0.446463607599083
Pseudodiploria181743,0.0156528432469158
Pseudodiploria181754,-0.0331968602652578
Pseudodiploria181757,0.155887799508318
Pseudodiploria181761,-0.0789515718799711
Pseudodiploria181764,0.0162225616218796
Pseudodiploria181766,-0.0645340541878221
Pseudodiploria181769,0.72124837330424
Pseudodiploria181771,0.196681776751636
Pseudodiploria181775,-0.232625586700262
Pseudodiploria181779,0.165792711408339
Pseudodiploria181785,-0.828564757491211
Pseudodiploria181789,-0.0338049039786696
Pseudodiploria181790,-0.00611919824264195
Pseudodiploria181795,-0.445393331622272
Pseudodiploria181796,-0.536670756611339
Pseudodiploria181798,-1.73527601806955
Pseudodiploria181799,0.113199357685395
Pseudodiploria181803,0.567182137748566
Pseudodiploria181814,-0.335182254296365
Pseudodiploria181815,0.105906222119243
Pseudodiploria181820,-0.408059560019138
Pseudodiploria181822,0.0390024898936748
Pseudodiploria181823,-0.054092110233842
Pseudodiploria181826,0.236834731903519
Pseudodiploria181828,0.00605123237230434
Pseudodiploria181831,0.421888913627623
Pseudodiploria181834,-0.0373054344700406
Pseudodiploria181835,0.40596994918064
Pseudodiploria181836,-0.572829192477858
Pseudodiploria181840,1.57309160168171
Pseudodiploria181845,0.188157190986968
Pseudodiploria181847,-0.138879859664595
Pseudodiploria181850,-0.147787740273646
Pseudodiploria181852,-0.566350344313459
Pseudodiploria181856,-0.301628398890149
Pseudodiploria181859,0.0955486820430776
Pseudodiploria181860,-0.421884036208532
Pseudodiploria181865,0.791265621297539
Pseudodiploria181877,-0.254751944930448
Pseudodiploria181878,-0.0518418358876784
Pseudodiploria181886,0.589631104871761
Pseudodiploria181897,-0.137432671824197
Pseudodiploria181903,0.230714373362127
Pseudodiploria181908,0.128872924732971
Pseudodiploria181913,-0.107421598020809
Pseudodiploria181916,-0.826956314044193
Pseudodiploria181917,-0.32669394884656
Pseudodiploria181918,0.410551802697332
Pseudodiploria181920,0.467753893346079
Pseudodiploria181922,0.130454010885978
Pseudodiploria181923,0.376621984418588
Pseudodiploria181924,-0.065101921976666
Pseudodiploria181928,0.349562621794351
Pseudodiploria181929,0.138771135076231
Pseudodiploria181932,0.301839437450426
Pseudodiploria181934,-0.375353016474202
Pseudodiploria181935,0.463488529410258
Pseudodiploria181938,-0.95163653493895
Pseudodiploria181944,-0.973883465129463
Pseudodiploria181945,-0.820262925025064
Pseudodiploria181953,0.31182896194421
Pseudodiploria181954,-0.0748214898117175
Pseudodiploria181958,0.555021304572024
Pseudodiploria181961,-0.356257892881454
Pseudodiploria181963,0.190313867534712
Pseudodiploria181965,0.0592182886991229
Pseudodiploria181966,0.460449872273591
Pseudodiploria181968,0.498179768621682
Pseudodiploria181971,-0.676409875712236
Pseudodiploria181974,-0.285513449795238
Pseudodiploria181978,0.590492248519894
Pseudodiploria181980,-0.144897768075996
Pseudodiploria181982,-0.341206632729006
Pseudodiploria181987,-0.120501804962555
Pseudodiploria181988,0.0600931738451807
Pseudodiploria181989,-0.250090873185561
Pseudodiploria181993,0.0593131260996522
Pseudodiploria181995,-0.452120882112715
Pseudodiploria181996,-0.437539000446694
Pseudodiploria181999,0.0179023307229982
Pseudodiploria182003,0.141118091252306
Pseudodiploria182004,0.282493535721624
Pseudodiploria182005,-0.641722576333599
Pseudodiploria182006,0.281436478868844
Pseudodiploria182008,-0.599153158116157
Pseudodiploria182010,0.165826683315879
Pseudodiploria182014,-0.458420532743603
Pseudodiploria182019,0.645957108816943
Pseudodiploria182020,-0.494703502663994
Pseudodiploria182021,0.00472533705781171
Pseudodiploria182024,-0.0305463049584308
Pseudodiploria182026,0.66069453030949
Pseudodiploria182027,0.637166866336706
Pseudodiploria182030,0.446646488699314
Pseudodiploria182032,0.246713349733038
Pseudodiploria182035,-0.0476818107137888
Pseudodiploria182041,-0.142611914551663
Pseudodiploria182042,-0.128463875749531
Pseudodiploria182045,0.34628729109976
Pseudodiploria182047,0.242089920503812
Pseudodiploria182058,0.371047903956179
Pseudodiploria182065,-0.044339609302829
Pseudodiploria182066,-0.217639100063477
Pseudodiploria182070,0.312164775197329
Pseudodiploria182074,0.153172187563019
Pseudodiploria182076,0.119989762694514
Pseudodiploria182077,-0.127904597395715
Pseudodiploria182080,-0.170860548328964
Pseudodiploria182085,0.432158924952009
Pseudodiploria182086,0.0947178863894996
Pseudodiploria182092,-0.553142029332368
Pseudodiploria182095,-0.48127502453696
Pseudodiploria182096,0.933185414612387
Pseudodiploria182097,-0.430439416932557
Pseudodiploria182098,0.528155004397893
Pseudodiploria182101,0.8250713300796
Pseudodiploria182102,0.362275320203713
Pseudodiploria182104,0.0398003005939794
Pseudodiploria182109,-1.7930459513613
Pseudodiploria182110,-0.0848885829672865
Pseudodiploria182111,-0.281668927957722
Pseudodiploria182116,-0.379314775706319
Pseudodiploria182118,-0.815585634817445
Pseudodiploria182119,0.218161386978747
Pseudodiploria182124,0.175188075255163
Pseudodiploria182128,-1.34603395900513
Pseudodiploria182129,-0.264641951087657
Pseudodiploria182132,-0.377943114990247
Pseudodiploria182135,-0.0752846058052839
Pseudodiploria182137,-0.407587308224232
Pseudodiploria182150,0.0842760730500315
Pseudodiploria182152,-0.529962954514704
Pseudodiploria182155,0.306709078625809
Pseudodiploria182160,0.262247852743896
Pseudodiploria182162,-0.0598509417156141
Pseudodiploria182163,-0.104551354362355
Pseudodiploria182166,0.180692730893367
Pseudodiploria182168,0.100567096447768
Pseudodiploria182172,0.433511877547672
Pseudodiploria182173,0.0627721882960825
Pseudodiploria182178,-0.430090584195732
Pseudodiploria182180,-0.45977428656762
Pseudodiploria182182,-0.148703685724692
Pseudodiploria182186,0.410270800193779
Pseudodiploria182188,0.0492731009049504
Pseudodiploria182193,0.127262204779452
Pseudodiploria182194,0.0977081856635115
Pseudodiploria182195,0.1473846732423
Pseudodiploria182196,0.48906554138243
Pseudodiploria182197,-0.243833728568042
Pseudodiploria182201,-0.0523963375555472
Pseudodiploria182206,0.104838328424841
Pseudodiploria182209,0.00896375405746414
Pseudodiploria182210,0.132194279459357
Pseudodiploria182212,0.453632971574152
Pseudodiploria182216,-0.746129491261163
Pseudodiploria182217,0.603876222549842
Pseudodiploria182219,-0.0312685051011614
Pseudodiploria182220,-0.279574417272969
Pseudodiploria182229,-0.0127524960849961
Pseudodiploria182230,-0.377035248480149
Pseudodiploria182232,-0.112115780104961
Pseudodiploria182235,0.439868869379233
Pseudodiploria182237,0.215783018863881
Pseudodiploria182239,-0.754525889582457
Pseudodiploria182240,-0.146227679177147
Pseudodiploria182241,0.138330660222908
Pseudodiploria182249,-0.0768838135141903
Pseudodiploria182253,0.357358484009128
Pseudodiploria182254,0.166283182187579
Pseudodiploria182255,-0.413321506531737
Pseudodiploria182259,-0.221127286188486
Pseudodiploria182266,-0.104816621977039
Pseudodiploria182268,0.688588799828332
Pseudodiploria182271,1.21272983661092
Pseudodiploria182276,0.339445595515511
Pseudodiploria182280,-0.420011237081485
Pseudodiploria182281,0.55187419268113
Pseudodiploria182285,0.400974657771345
Pseudodiploria182286,0.120100346030241
Pseudodiploria182288,0.0467354435250246
Pseudodiploria182291,-0.014510015418035
Pseudodiploria182292,0.338238808697397
Pseudodiploria182294,0.135040703180293
Pseudodiploria182295,1.27944902507124
Pseudodiploria182297,0.047877931014602
Pseudodiploria182304,-0.0151517357449952
Pseudodiploria182312,-0.0435272544502716
Pseudodiploria182317,-0.020098197931974
Pseudodiploria182320,0.828147963050878
Pseudodiploria182325,-0.276442520886453
Pseudodiploria182326,0.235700332156102
Pseudodiploria182330,0.0293310594108891
Pseudodiploria182334,-0.375581872662684
Pseudodiploria182336,0.053890447007278
Pseudodiploria182337,-0.175506196570697
Pseudodiploria182338,-0.0423597595472203
Pseudodiploria182344,0.355000128057601
Pseudodiploria182345,-0.256680199217264
Pseudodiploria182351,0.203338170249019
Pseudodiploria182352,0.26303504917878
Pseudodiploria182358,-0.00757443339795422
Pseudodiploria182359,-0.394223861666645
Pseudodiploria182360,-0.215758115733785
Pseudodiploria182366,-0.0263226801141679
Pseudodiploria182367,-0.502944274741566
Pseudodiploria182371,0.0613930196322364
Pseudodiploria182373,-0.256612983487701
Pseudodiploria182374,0.515135000669773
Pseudodiploria182376,1.1706550550392
Pseudodiploria182383,0.354161568710115
Pseudodiploria182385,0.132398583674453
Pseudodiploria182386,0.371909578332403
Pseudodiploria182387,0.106593500198821
Pseudodiploria182391,0.405755540240617
Pseudodiploria182399,-0.239412198638349
Pseudodiploria182408,-0.219203015389916
Pseudodiploria182412,-0.928543157733995
Pseudodiploria182418,-0.214285270105694
Pseudodiploria182422,-0.800774863744496
Pseudodiploria182428,-0.122092693335494
Pseudodiploria182430,0.142700408664171
Pseudodiploria182431,-0.33909610978231
Pseudodiploria182433,-0.391140622457352
Pseudodiploria182436,0.156534496173524
Pseudodiploria182438,0.391182034408027
Pseudodiploria182439,-0.431726831039127
Pseudodiploria182441,-0.042512592416844
Pseudodiploria182445,0.0607172720203383
Pseudodiploria182448,0.322804936318816
Pseudodiploria182452,-0.00656238796492752
Pseudodiploria182453,0.236187577584312
Pseudodiploria182454,-0.311672572906109
Pseudodiploria182457,-0.546488035113448
Pseudodiploria182460,-0.20772737925643
Pseudodiploria182461,0.159919437040125
Pseudodiploria182464,-0.305536358763782
Pseudodiploria182469,-0.062250788052077
Pseudodiploria182471,-0.362032116865992
Pseudodiploria182473,-0.697140131314283
Pseudodiploria182475,-0.273030943923492
Pseudodiploria182481,-1.06919462770445
Pseudodiploria182482,-0.300032598909536
Pseudodiploria182488,1.46568067641939
Pseudodiploria182489,-0.0751256946342514
Pseudodiploria182499,0.651254305459717
Pseudodiploria182500,0.22632476016317
Pseudodiploria182501,-0.436303228341616
Pseudodiploria182505,0.197436234570827
Pseudodiploria182509,0.338579162685837
Pseudodiploria182528,0.232747384583292
Pseudodiploria182533,0.504268082731969
Pseudodiploria182534,-0.0931455501066658
Pseudodiploria182546,-0.121223034532945
Pseudodiploria182547,0.979320303980116
Pseudodiploria182548,0.382347860011888
Pseudodiploria182550,0.0491259038658767
Pseudodiploria182552,-0.264580710204475
Pseudodiploria182553,-0.00815735104644545
Pseudodiploria182556,-0.0452673063435484
Pseudodiploria182559,-0.0706437759349277
Pseudodiploria182560,0.411265415537793
Pseudodiploria182562,0.877631746221667
Pseudodiploria182568,-0.206947246868469
Pseudodiploria182569,0.278418139549042
Pseudodiploria182573,0.0537923242045137
Pseudodiploria182577,0.159510442895824
Pseudodiploria182578,-0.236180278813692
Pseudodiploria182580,0.218686238192057
Pseudodiploria182584,-0.0254393984784591
Pseudodiploria182586,0.428441601551518
Pseudodiploria182587,-0.333595858389308
Pseudodiploria182591,-0.244530189655788
Pseudodiploria182594,0.362205651917032
Pseudodiploria182595,-0.495065945666017
Pseudodiploria182599,-0.353988373402536
Pseudodiploria182600,0.133756237073448
Pseudodiploria182603,-0.0330279026671836
Pseudodiploria182605,-0.0460012054260148
Pseudodiploria182607,0.487342384923199
Pseudodiploria182611,0.0334781748472913
Pseudodiploria182612,-0.255817949407907
Pseudodiploria182621,0.208783398625195
Pseudodiploria182623,-0.813232937088914
Pseudodiploria182626,-0.0974765423568046
Pseudodiploria182627,0.160341991937988
Pseudodiploria182628,-0.180496250347649
Pseudodiploria182630,-0.218322141275862
Pseudodiploria182637,-0.916028170079623
Pseudodiploria182644,0.999423933000535
Pseudodiploria182645,0.0968118434174743
Pseudodiploria182652,0.00414551766338573
Pseudodiploria182653,-0.369436788072802
Pseudodiploria182660,0.0932048701002983
Pseudodiploria182661,-0.403732012777974
Pseudodiploria182664,1.06334228851039
Pseudodiploria182665,-0.147113403469574
Pseudodiploria182667,0.133032017832747
Pseudodiploria182668,-0.557008418990595
Pseudodiploria182672,0.0633351118847489
Pseudodiploria182688,0.276320156153306
Pseudodiploria182690,0.0794888401580329
Pseudodiploria182691,-1.2129691716784
Pseudodiploria182693,1.40996408409748
Pseudodiploria182694,0.47631708452518
Pseudodiploria182695,-0.0519081601545074
Pseudodiploria182703,-0.358962739524096
Pseudodiploria182712,-0.212177461250074
Pseudodiploria182716,-0.143969205725099
Pseudodiploria182727,0.514869643738351
Pseudodiploria182729,0.358856724659408
Pseudodiploria182730,0.0828781168755629
Pseudodiploria182732,-0.660454144095044
Pseudodiploria182739,0.421794425274223
Pseudodiploria182743,0.26843834126415
Pseudodiploria182744,-0.104348566040339
Pseudodiploria182747,0.0215066549103637
Pseudodiploria182754,-0.793178007786959
Pseudodiploria182758,-0.00393562536441623
Pseudodiploria182760,-0.107959903905929
Pseudodiploria182765,-0.194494538371097
Pseudodiploria182767,-0.474878318601728
Pseudodiploria182771,-0.0897982252271876
Pseudodiploria182772,0.70216887266035
Pseudodiploria182775,0.0199407167477177
Pseudodiploria182776,0.00553492113573061
Pseudodiploria182779,0.300281419688274
Pseudodiploria182787,0.050200400206655
Pseudodiploria182788,-0.508105360136536
Pseudodiploria182789,0.389156826849448
Pseudodiploria182792,0.264924012825097
Pseudodiploria182795,-0.322946259455745
Pseudodiploria182797,-0.179787538231877
Pseudodiploria182799,0.547659834729468
Pseudodiploria182800,0.240247208684299
Pseudodiploria182801,0.527624606790557
Pseudodiploria182802,0.267871558545092
Pseudodiploria182809,-0.127802620700543
Pseudodiploria182812,0.326204208894416
Pseudodiploria182814,-0.220283800790313
Pseudodiploria182818,0.123016200718436
Pseudodiploria182819,0.0388384993746618
Pseudodiploria182821,0.642703570181445
Pseudodiploria182822,-0.114628396141445
Pseudodiploria182824,0.0473238402401829
Pseudodiploria182825,0.632093744863917
Pseudodiploria182826,0.156947540093113
Pseudodiploria182828,0.310126211878397
Pseudodiploria182830,-0.345777682065866
Pseudodiploria182832,0.133339981825211
Pseudodiploria182833,0.398412078030342
Pseudodiploria182835,-0.104076194814224
Pseudodiploria182837,-0.405516101025496
Pseudodiploria182838,-0.611150075476583
Pseudodiploria182841,-0.448341437542376
Pseudodiploria182843,0.998391213717056
Pseudodiploria182849,0.0607060259275763
Pseudodiploria182851,0.0746425390907658
Pseudodiploria182853,0.194734010223513
Pseudodiploria182855,-0.167387984367196
Pseudodiploria182858,-0.367772472184356
Pseudodiploria182863,0.632581018810996
Pseudodiploria182865,0.210253466621261
Pseudodiploria182866,0.173826793809132
Pseudodiploria182868,-0.00499417517696709
Pseudodiploria182870,-0.563605163591137
Pseudodiploria182873,-0.339859497823137
Pseudodiploria182876,0.000511686425349096
Pseudodiploria182877,0.573828294673787
Pseudodiploria182881,0.746905309497728
Pseudodiploria182883,-0.263876322136927
Pseudodiploria182884,0.188111538765656
Pseudodiploria182885,0.260065457581098
Pseudodiploria182888,0.0222273260068335
Pseudodiploria182889,0.0309730065994649
Pseudodiploria182890,0.0647742547043366
Pseudodiploria182897,-0.365869998953181
Pseudodiploria182898,0.373671972891918
Pseudodiploria182902,0.346184817942798
Pseudodiploria182904,-0.0632121832156076
Pseudodiploria182905,-0.252201768293907
Pseudodiploria182907,-0.116803018716309
Pseudodiploria182909,0.199505809335228
Pseudodiploria182915,-0.635845794784503
Pseudodiploria182916,-0.155608534755108
Pseudodiploria182917,0.125650941424525
Pseudodiploria182920,-0.625977850678943
Pseudodiploria182921,-0.260725416690041
Pseudodiploria182922,0.521233061184515
Pseudodiploria182925,-1.646428628554
Pseudodiploria182926,-0.319929622134837
Pseudodiploria182928,-0.427880690797319
Pseudodiploria182935,0.362064682280967
Pseudodiploria182937,-0.0480705899030874
Pseudodiploria182939,0.0342509130822512
Pseudodiploria182941,0.366086792822286
Pseudodiploria182944,-0.0595266765208013
Pseudodiploria182948,-0.510609098927945
Pseudodiploria182956,0.0982084971316786
Pseudodiploria182957,-0.0711009607343319
Pseudodiploria182963,0.223633986921737
Pseudodiploria182964,0.14384085872485
Pseudodiploria182968,0.284113803596653
Pseudodiploria182971,0.166706746081579
Pseudodiploria182977,0.138029691341901
Pseudodiploria182979,-1.08458599486279
Pseudodiploria182980,-0.907405327398673
Pseudodiploria182981,-0.0484210015212301
Pseudodiploria182982,0.962581540065591
Pseudodiploria182984,0.594751613110565
Pseudodiploria182987,0.0386077075749135
Pseudodiploria182989,-0.0988508313633761
Pseudodiploria182990,0.01374880633125
Pseudodiploria182991,-0.178032329889503
Pseudodiploria182992,0.624332096203937
Pseudodiploria182993,0.435596963471201
Pseudodiploria182994,-0.510347755016939
Pseudodiploria183000,0.103197929511014
Pseudodiploria183001,-0.259454954145038
Pseudodiploria183002,0.182012401625656
Pseudodiploria183003,0.841413679984851
Pseudodiploria183004,0.363763487040776
Pseudodiploria183007,-0.731453885720189
Pseudodiploria183008,-0.213953715249786
Pseudodiploria183009,0.014401608852475
Pseudodiploria183010,-0.331180954388926
Pseudodiploria183012,-0.0230928280664909
Pseudodiploria183013,-0.0136511858433932
Pseudodiploria183014,0.455316297162364
Pseudodiploria183015,0.345911292036465
Pseudodiploria183017,0.0318786597798864
Pseudodiploria183020,-0.485330884860199
Pseudodiploria183022,-0.0640610513479561
Pseudodiploria183023,0.865460368319847
Pseudodiploria183025,0.246144527712156
Pseudodiploria183033,-0.152890246317192
Pseudodiploria183034,0.107339308126954
Pseudodiploria183038,-0.305774370468046
Pseudodiploria183043,0.443263078380574
Pseudodiploria183045,0.281329438667633
Pseudodiploria183046,-0.093527005433434
Pseudodiploria183049,-0.43423389753265
Pseudodiploria183050,-1.64658023593109
Pseudodiploria183058,0.21177164447111
Pseudodiploria183063,0.20292644866999
Pseudodiploria183065,-0.109917013754875
Pseudodiploria183071,0.158624621872432
Pseudodiploria183073,0.705064332535785
Pseudodiploria183075,0.313868694635558
Pseudodiploria183076,-0.12659847903525
Pseudodiploria183078,-0.100788944810944
Pseudodiploria183079,0.365186521712279
Pseudodiploria183089,-0.0841894630527132
Pseudodiploria183097,-0.029380503888077
Pseudodiploria183098,-1.01916950859492
Pseudodiploria183102,0.178187611634771
Pseudodiploria183103,-0.365386938306148
Pseudodiploria183105,0.341363873765749
Pseudodiploria183111,0.58384185417273
Pseudodiploria183113,-0.385713845151138
Pseudodiploria183116,-0.121526474572544
Pseudodiploria183120,-0.719907561563012
Pseudodiploria183124,0.0103871681313036
Pseudodiploria183126,0.563168292366847
Pseudodiploria183137,-0.501714661733623
Pseudodiploria183138,0.453843420530938
Pseudodiploria183156,0.495283206759975
Pseudodiploria183158,0.481208619342704
Pseudodiploria183160,-0.313781575604912
Pseudodiploria183163,0.508000432586856
Pseudodiploria183165,0.0366347029319942
Pseudodiploria183171,0.102247934508728
Pseudodiploria183173,0.114354189527512
Pseudodiploria183175,0.00840959667836707
Pseudodiploria183176,0.134855505911254
Pseudodiploria183177,0.133342604538478
Pseudodiploria183179,0.0707294330361963
Pseudodiploria183182,-0.269866309608563
Pseudodiploria183183,0.0960950292095134
Pseudodiploria183187,0.0252473728792859
Pseudodiploria183190,0.0895995427528735
Pseudodiploria183192,-0.250757053353972
Pseudodiploria183196,-0.332735757919582
Pseudodiploria183198,0.0307618717616244
Pseudodiploria183203,0.176483337078391
Pseudodiploria183205,0.0542532137067498
Pseudodiploria183206,0.124803812520759
Pseudodiploria183208,0.84154538160859
Pseudodiploria183211,-0.114966938562025
Pseudodiploria183212,-0.245101104911763
Pseudodiploria183213,-0.588497123916041
Pseudodiploria183217,-0.824640745279817
Pseudodiploria183218,-0.623749039472076
Pseudodiploria183222,-0.117581955199152
Pseudodiploria183223,0.257028085401767
Pseudodiploria183230,0.444823137736158
Pseudodiploria183232,0.0791306044217413
Pseudodiploria183234,-0.0742865390738003
Pseudodiploria183235,0.296523122266886
Pseudodiploria183239,0.147296893575204
Pseudodiploria183245,-0.351420340425921
Pseudodiploria183250,0.142106729891347
Pseudodiploria183262,0.371318548628088
Pseudodiploria183263,-0.585603146534886
Pseudodiploria183266,0.509862235848174
Pseudodiploria183267,0.147395347248743
Pseudodiploria183268,-0.0961392707801687
Pseudodiploria183273,1.5082365169466
Pseudodiploria183278,0.00571418980483642
Pseudodiploria183283,-0.14639817861064
Pseudodiploria183284,-0.049704894491411
Pseudodiploria183291,0.034986828837745
Pseudodiploria183297,0.904582383674462
Pseudodiploria183298,-0.441519034802908
Pseudodiploria183302,0.285861136503889
Pseudodiploria183303,-0.545404642015478
Pseudodiploria183313,0.14357703846379
Pseudodiploria183314,0.0125735046875989
Pseudodiploria183315,-0.258486695267684
Pseudodiploria183316,0.383906260369461
Pseudodiploria183317,0.36323628719443
Pseudodiploria183321,0.339749629149702
Pseudodiploria183323,0.183242130672042
Pseudodiploria183324,-0.0214327985477243
Pseudodiploria183325,0.572290192985008
Pseudodiploria183328,0.0836798855789139
Pseudodiploria183338,0.428817318716562
Pseudodiploria183341,0.825256873516723
Pseudodiploria183342,0.87580067903308
Pseudodiploria183345,-0.273913741660804
Pseudodiploria183349,-0.30874220494007
Pseudodiploria183353,0.347428621596351
Pseudodiploria183356,0.298149973763706
Pseudodiploria183360,-0.47892770287463
Pseudodiploria183363,0.442641787946492
Pseudodiploria183364,-0.276727385098368
Pseudodiploria183365,-0.502951512766749
Pseudodiploria183367,-0.0725062640658015
Pseudodiploria183371,0.510798323049849
Pseudodiploria183372,0.12713081636033
Pseudodiploria183383,0.118626876789407
Pseudodiploria183385,0.0671398000822674
Pseudodiploria183388,-0.0159657388448531
Pseudodiploria183391,0.0293205923194661
Pseudodiploria183405,0.125962263941664
Pseudodiploria183410,0.0291663245638013
Pseudodiploria183411,0.0566837029916597
Pseudodiploria183412,0.157438654844126
Pseudodiploria183418,-0.0451146235420386
Pseudodiploria183419,-0.562625235073953
Pseudodiploria183430,-0.430333744240848
Pseudodiploria183434,0.140903446947914
Pseudodiploria183435,0.490174494674092
Pseudodiploria183439,0.373618627985588
Pseudodiploria183441,-0.83525149534362
Pseudodiploria183443,-0.122424149482366
Pseudodiploria183445,-0.173088212788336
Pseudodiploria183448,0.0845996927589277
Pseudodiploria183450,0.0922840325588195
Pseudodiploria183451,-0.0341777334053691
Pseudodiploria183452,0.177437753353086
Pseudodiploria183456,-0.221789033294598
Pseudodiploria183459,0.111570530209297
Pseudodiploria183464,0.0111216233569176
Pseudodiploria183465,-0.498506976664993
Pseudodiploria183467,-1.39010025424537
Pseudodiploria183474,0.0584332272463323
Pseudodiploria183487,-0.61653216695698
Pseudodiploria183490,0.0527845095896559
Pseudodiploria183492,0.0215833932940976
Pseudodiploria183493,0.160990635407303
Pseudodiploria183495,-0.462707957970998
Pseudodiploria183498,0.0308002413128451
Pseudodiploria183499,-0.63795179696997
Pseudodiploria183500,-0.243823740093754
Pseudodiploria183502,0.21110052391551
Pseudodiploria183503,-0.0160913096612721
Pseudodiploria183505,-1.23686736249435
Pseudodiploria183507,0.297675012902324
Pseudodiploria183510,0.392947920679013
Pseudodiploria183524,-0.0666960045422891
Pseudodiploria183531,0.861775275575589
Pseudodiploria183539,-0.221411294589331
Pseudodiploria183542,0.573626882959578
Pseudodiploria183545,-0.665523256200218
Pseudodiploria183546,0.0922728487038839
Pseudodiploria183549,-0.391411403727755
Pseudodiploria183551,-0.109209476675159
Pseudodiploria183552,0.0970417102706526
Pseudodiploria183556,0.0413419004083315
Pseudodiploria183557,-0.012132502084709
Pseudodiploria183561,0.466289692238599
Pseudodiploria183562,-0.194412272888713
Pseudodiploria183563,-0.386254935403371
Pseudodiploria183564,-0.212220641121937
Pseudodiploria183566,0.206095589906744
Pseudodiploria183575,0.0418274191690588
Pseudodiploria183576,-0.438752563667115
Pseudodiploria183577,0.500053117673756
Pseudodiploria183581,0.0226742799273398
Pseudodiploria183586,-0.0811435013554299
Pseudodiploria183588,0.00951878094145076
Pseudodiploria183592,0.308096759414271
Pseudodiploria183593,-0.323130445626107
Pseudodiploria183594,-0.182224213419735
Pseudodiploria183597,0.160452221966196
Pseudodiploria183598,0.227089275604151
Pseudodiploria183600,-0.245433699036727
Pseudodiploria183604,0.137078688539899
Pseudodiploria183605,0.468456470231007
Pseudodiploria183610,0.0275484203329914
Pseudodiploria183612,0.555085754083632
Pseudodiploria183614,-0.0807524236348057
Pseudodiploria183617,0.0223515043237997
Pseudodiploria183622,0.395637647085229
Pseudodiploria183624,-0.178292676216245
Pseudodiploria183631,0.240797309679271
Pseudodiploria183636,-0.15259537935785
Pseudodiploria183640,-0.416193356055787
Pseudodiploria183642,-0.145027920564583
Pseudodiploria183648,-0.0442757035973517
Pseudodiploria183657,-0.0207863341811291
Pseudodiploria183659,1.10603484125214
Pseudodiploria183661,0.0291985240760838
Pseudodiploria183662,-0.0839455537143873
Pseudodiploria183664,0.382302034590047
Pseudodiploria183665,0.500670453761876
Pseudodiploria183667,-0.75523334732207
Pseudodiploria183668,-0.314279367214507
Pseudodiploria183669,0.199565337521859
Pseudodiploria183673,0.226767382364317
Pseudodiploria183674,0.0441084686093768
Pseudodiploria183677,-0.0057652410682503
Pseudodiploria183680,0.174482876632593
Pseudodiploria183682,-0.869442319710254
Pseudodiploria183684,0.0446170017481308
Pseudodiploria183687,-0.254861424947084
Pseudodiploria183689,0.00822281322381855
Pseudodiploria183690,0.0718440929534607
Pseudodiploria183693,0.177355379151407
Pseudodiploria183698,0.588775833359284
Pseudodiploria183699,0.166478505836858
Pseudodiploria183701,0.0264280398125925
Pseudodiploria183702,-0.183019059394754
Pseudodiploria183705,0.24535851791307
Pseudodiploria183707,0.294229781928958
Pseudodiploria183710,0.205574148964048
Pseudodiploria183712,-0.109201519446103
Pseudodiploria183713,-0.924371114539438
Pseudodiploria183719,0.0774763012132887
Pseudodiploria183722,-0.235809891064895
Pseudodiploria183723,0.242957660287234
Pseudodiploria183730,0.337994568143863
Pseudodiploria183731,1.17187395781929
Pseudodiploria183732,-0.112926152374083
Pseudodiploria183742,-1.17181805351173
Pseudodiploria183743,0.12485407886589
Pseudodiploria183744,0.707925717680401
Pseudodiploria183746,-0.00577109386238084
Pseudodiploria183748,0.068265148012785
Pseudodiploria183754,1.00500215389578
Pseudodiploria183755,-0.633782438748014
Pseudodiploria183764,0.499467861440952
Pseudodiploria183767,-0.124392039723473
Pseudodiploria183771,-0.524379800270969
Pseudodiploria183780,-0.401716510966182
Pseudodiploria183783,-0.376395783733565
Pseudodiploria183784,-1.52429602986177
Pseudodiploria183788,-0.0281884680465691
Pseudodiploria183790,-0.617289756092956
Pseudodiploria183791,-0.362722145752585
Pseudodiploria183793,0.196298225673434
Pseudodiploria183799,0.354326385337678
Pseudodiploria183800,-0.108632400316283
Pseudodiploria183804,0.340293059002929
Pseudodiploria183805,0.10059896114629
Pseudodiploria183813,0.313162307367146
Pseudodiploria183815,0.0954617679319778
Pseudodiploria183817,0.026019868259303
Pseudodiploria183819,0.0800173121848859
Pseudodiploria183820,0.0719409582716391
Pseudodiploria183826,-0.108885514876237
Pseudodiploria183829,-0.12312008621106
Pseudodiploria183831,-0.116938589747069
Pseudodiploria183843,-0.338671200794684
Pseudodiploria183846,-0.181458747253209
Pseudodiploria183852,0.0926983432740589
Pseudodiploria183853,-0.689764484209268
Pseudodiploria183855,-0.75342742983321
Pseudodiploria183857,-0.422545045377025
Pseudodiploria183859,0.099703119320258
Pseudodiploria183860,-0.258836109465371
Pseudodiploria183863,-0.25426361371965
Pseudodiploria183869,0.247670574709072
Pseudodiploria183872,-0.235856183345235
Pseudodiploria183877,0.0378569120350929
Pseudodiploria183878,0.0279683828294488
Pseudodiploria183880,0.0505704167009366
Pseudodiploria183884,-0.0646933027216199
Pseudodiploria183886,-0.0615532372923971
Pseudodiploria183889,0.0648771301216556
Pseudodiploria183890,-0.24348167423649
Pseudodiploria183895,-0.297728152309931
Pseudodiploria183897,0.0235746529455849
Pseudodiploria183899,0.285383647754535
Pseudodiploria183907,-0.308569095815253
Pseudodiploria183912,-0.0311264725181327
Pseudodiploria183914,0.359254298466265
Pseudodiploria183915,0.246674944052535
Pseudodiploria183920,0.228698689002717
Pseudodiploria183923,0.0769242840278089
Pseudodiploria183924,0.416376943940881
Pseudodiploria183925,-0.316646154008919
Pseudodiploria183926,-0.471549015126977
Pseudodiploria183927,-0.816706766120965
Pseudodiploria183934,0.194601290142349
Pseudodiploria183935,-0.306188409422
Pseudodiploria183936,-0.418008226552916
Pseudodiploria183937,0.137403022435777
Pseudodiploria183938,-0.235064341524801
Pseudodiploria183939,0.161112454656871
Pseudodiploria183941,-0.130650345799188
Pseudodiploria183942,0.00874115366593532
Pseudodiploria183947,-0.309972861336355
Pseudodiploria183950,0.316363857087671
Pseudodiploria183951,0.773914187038566
Pseudodiploria183952,0.117064912508773
Pseudodiploria183953,0.500424063687253
Pseudodiploria183954,0.827367684045107
Pseudodiploria183955,0.110025373454879
Pseudodiploria183956,-0.380773542062239
Pseudodiploria183958,-0.376215345353782
Pseudodiploria183960,-0.0909556933757051
Pseudodiploria183961,0.390874597403189
Pseudodiploria183965,-0.352984385959354
Pseudodiploria183969,0.48539562240927
Pseudodiploria183977,0.876629708223877
Pseudodiploria183982,0.530983577956237
Pseudodiploria183988,0.119949668526993
Pseudodiploria183993,-0.429148520223069
Pseudodiploria183994,-0.113505720040575
Pseudodiploria183998,0.711234207683707
Pseudodiploria184001,0.0612192637244543
Pseudodiploria184009,0.697529160591134
Pseudodiploria184013,0.472970592219897
Pseudodiploria184016,-0.168919707988486
Pseudodiploria184020,0.290035771755334
Pseudodiploria184023,0.0413199433409465
Pseudodiploria184024,0.393404001014326
Pseudodiploria184028,0.00397307742843273
Pseudodiploria184031,0.0512347906404933
Pseudodiploria184035,0.639853760377945
Pseudodiploria184036,0.325014129028859
Pseudodiploria184039,0.318971875282933
Pseudodiploria184043,0.184269867554259
Pseudodiploria184044,0.597914491156161
Pseudodiploria184045,-0.0741826404838895
Pseudodiploria184048,-0.0518936501952624
Pseudodiploria184056,-0.0219888932914176
Pseudodiploria184061,-0.518815458040737
Pseudodiploria184063,-0.0108915478223514
Pseudodiploria184065,0.129406856034654
Pseudodiploria184066,-0.428683567397991
Pseudodiploria184067,-0.540676327919997
Pseudodiploria184068,0.456510268846711
Pseudodiploria184069,-0.133403449825105
Pseudodiploria184070,0.207675476945614
Pseudodiploria184072,-0.387724277811729
Pseudodiploria184073,-0.162222618917768
Pseudodiploria184075,0.021174336532307
Pseudodiploria184076,0.113824457519019
Pseudodiploria184080,0.503067552300765
Pseudodiploria184087,-0.464758837913252
Pseudodiploria184088,-0.0326382978792261
Pseudodiploria184089,-0.217731884041158
Pseudodiploria184091,0.435859188722721
Pseudodiploria184093,-0.133017471058228
Pseudodiploria184094,0.838947570376266
Pseudodiploria184096,0.05434151470661
Pseudodiploria184101,-0.431510646065809
Pseudodiploria184102,-0.196583074039546
Pseudodiploria184103,0.605766561030011
Pseudodiploria184107,0.14271792691736
Pseudodiploria184108,-0.118415312512589
Pseudodiploria184115,-0.0295228286040143
Pseudodiploria184121,-0.0316717874719334
Pseudodiploria184122,-0.249083253886119
Pseudodiploria184124,-0.207248468147801
Pseudodiploria184125,0.0518389240879723
Pseudodiploria184126,-0.218089810420411
Pseudodiploria184130,0.695839358090142
Pseudodiploria184131,0.305078278543642
Pseudodiploria184133,-0.528670173296231
Pseudodiploria184145,0.563960555526232
Pseudodiploria184151,0.522239127111782
Pseudodiploria184152,0.125761092488588
Pseudodiploria184155,0.23819045275182
Pseudodiploria184158,0.0704682983938254
Pseudodiploria184161,1.1192326331197
Pseudodiploria184162,0.103622083987653
Pseudodiploria184163,0.0157161685092079
Pseudodiploria184172,-0.885476199465492
Pseudodiploria184173,0.721353066282002
Pseudodiploria184175,0.0229705728440284
Pseudodiploria184180,-0.608745041254674
Pseudodiploria184183,-1.16353463776398
Pseudodiploria184184,0.30907433152177
Pseudodiploria184187,0.246139392132655
Pseudodiploria184189,-0.203492921416094
Pseudodiploria184190,-0.318083567303887
Pseudodiploria184195,0.171967148161208
Pseudodiploria184196,0.0946547461344282
Pseudodiploria184197,0.0418963781560318
Pseudodiploria184198,0.19921830055082
Pseudodiploria184199,-0.373881029235946
Pseudodiploria184206,-0.223494688476713
Pseudodiploria184208,0.11814419495817
Pseudodiploria184212,0.437533272649165
Pseudodiploria184216,0.283732252842069
Pseudodiploria184217,-0.148112215633964
Pseudodiploria184225,-0.144336415381246
Pseudodiploria184226,0.137113208333635
Pseudodiploria184231,-0.152475376753653
Pseudodiploria184232,0.140682315297038
Pseudodiploria184233,-0.517755799649279
Pseudodiploria184236,-0.481572405193942
Pseudodiploria184237,-0.592509524238237
Pseudodiploria184239,1.0985163669531
Pseudodiploria184242,0.0123464085910911
Pseudodiploria184243,-0.510724804192122
Pseudodiploria184245,0.382098629666569
Pseudodiploria184251,-0.308124976360932
Pseudodiploria184252,0.595986522816982
Pseudodiploria184256,0.127809596044712
Pseudodiploria184257,-0.275831667323921
Pseudodiploria184259,-0.389536289818102
Pseudodiploria184260,0.457620077901432
Pseudodiploria184261,0.39973028397829
Pseudodiploria184264,-0.180958469978773
Pseudodiploria184268,-0.822597665628962
Pseudodiploria184270,-0.333767798413467
Pseudodiploria184271,0.517865734300381
Pseudodiploria184272,0.2038999992154
Pseudodiploria184275,0.252079324395093
Pseudodiploria184277,-0.0255941873829542
Pseudodiploria184278,0.602270768894115
Pseudodiploria184282,-0.135293399047647
Pseudodiploria184287,-0.331543424132565
Pseudodiploria184288,0.0464393725847024
Pseudodiploria184299,0.341301120853504
Pseudodiploria184305,-0.00499492984068192
Pseudodiploria184311,-0.0618099697336742
Pseudodiploria184312,-0.486834879631446
Pseudodiploria184317,0.421305652128979
Pseudodiploria184319,0.484860365681375
Pseudodiploria184320,-0.597446484284647
Pseudodiploria184323,0.00199914247663928
Pseudodiploria184324,0.158332025253775
Pseudodiploria184326,-0.774762892024497
Pseudodiploria184328,-0.502669496547897
Pseudodiploria184329,0.580947879619924
Pseudodiploria184331,-0.0742496847006969
Pseudodiploria184332,0.263920714170889
Pseudodiploria184333,0.186463934600782
Pseudodiploria184335,0.355456785619573
Pseudodiploria184340,-0.0545394151545887
Pseudodiploria184342,0.0786384632057227
Pseudodiploria184343,-0.148138693999999
Pseudodiploria184346,-0.561874048871187
Pseudodiploria184350,0.45063332438694
Pseudodiploria184351,0.398693379750354
Pseudodiploria184355,-0.0319774159135299
Pseudodiploria184357,0.233438325672953
Pseudodiploria184359,-0.784374336779689
Pseudodiploria184362,-0.133139291631342
Pseudodiploria184367,-0.226657306841709
Pseudodiploria184371,0.31297049697586
Pseudodiploria184376,0.684784631446642
Pseudodiploria184377,-0.107501467237769
Pseudodiploria184378,-0.0634668164835693
Pseudodiploria184381,-0.111220798648641
Pseudodiploria184383,0.853381502904056
Pseudodiploria184385,-0.270132455599093
Pseudodiploria184387,-0.154936906312173
Pseudodiploria184388,0.065774887239358
Pseudodiploria184390,0.0698971136674959
Pseudodiploria184393,-0.249728986265651
Pseudodiploria184398,0.112582158754064
Pseudodiploria184399,0.0454618826779478
Pseudodiploria184402,0.0127256810403711
Pseudodiploria184405,-0.026205324681807
Pseudodiploria184406,0.16600866857773
Pseudodiploria184409,-0.334421524649745
Pseudodiploria184411,0.308548133113483
Pseudodiploria184414,0.394572157727007
Pseudodiploria184417,0.152594054859782
Pseudodiploria184420,1.33150086297159
Pseudodiploria184423,-0.300025075028286
Pseudodiploria184428,0.0432048741153954
Pseudodiploria184429,0.431737673831898
Pseudodiploria184431,-0.0778203821163596
Pseudodiploria184432,-0.271569333882559
Pseudodiploria184433,0.0486344084915398
Pseudodiploria184440,-0.119201720156538
Pseudodiploria184441,0.851285962317159
Pseudodiploria184448,-0.837541596200325
Pseudodiploria184450,-0.168810557093704
Pseudodiploria184452,-0.272150398694565
Pseudodiploria184457,0.00654353020070803
Pseudodiploria184460,-0.60624978379055
Pseudodiploria184462,-0.097455193910489
Pseudodiploria184468,0.0800022153070606
Pseudodiploria184469,0.277295939447484
Pseudodiploria184474,0.149248296845159
Pseudodiploria184475,0.366589527169653
Pseudodiploria184477,-0.0925633956622286
Pseudodiploria184478,0.296986037735688
Pseudodiploria184479,0.0883599456919778
Pseudodiploria184480,-0.261787014231332
Pseudodiploria184483,0.909508600298031
Pseudodiploria184485,-0.0196185578849408
Pseudodiploria184489,-0.178413033427239
Pseudodiploria184490,0.786857241832833
Pseudodiploria184491,0.714656014731119
Pseudodiploria184492,-0.306850020114372
Pseudodiploria184494,-0.1867694785483
Pseudodiploria184495,0.257801458419919
Pseudodiploria184496,0.144858064325547
Pseudodiploria184498,0.784874131033272
Pseudodiploria184501,0.423080097755394
Pseudodiploria184505,0.281479782312603
Pseudodiploria184506,0.243603759831798
Pseudodiploria184509,0.93706106832689
Pseudodiploria184510,0.49471152895892
Pseudodiploria184515,0.346269298162472
Pseudodiploria184516,-0.259895650129364
Pseudodiploria184517,0.766734465427134
Pseudodiploria184519,0.714676141716351
Pseudodiploria184520,-0.0580778819962447
Pseudodiploria184522,-1.24408885324291
Pseudodiploria184523,0.560320024471108
Pseudodiploria184525,0.20616990117798
Pseudodiploria184526,-0.176886089793676
Pseudodiploria184538,0.218043863602957
Pseudodiploria184540,-0.148669201446836
Pseudodiploria184543,-0.0769136279211766
Pseudodiploria184544,0.0903034382127715
Pseudodiploria184545,0.0435995748212318
Pseudodiploria184546,0.208616145776846
Pseudodiploria184547,0.489062236500444
Pseudodiploria184549,-0.413372996826823
Pseudodiploria184552,-0.571313848601346
Pseudodiploria184553,-0.0094398084262951
Pseudodiploria184556,1.31709524580434
Pseudodiploria184557,-0.0712422324391471
Pseudodiploria184561,-0.338844793078729
Pseudodiploria184562,0.231093194319504
Pseudodiploria184564,-0.180719182402874
Pseudodiploria184570,0.014128937214401
Pseudodiploria184574,0.106647604213802
Pseudodiploria184578,0.161299297662432
Pseudodiploria184580,-0.244269649467182
Pseudodiploria184581,-0.0200745788257837
Pseudodiploria184582,0.10641157918172
Pseudodiploria184583,0.590005033705406
Pseudodiploria184586,0.175619699366597
Pseudodiploria184591,-0.0144566407483823
Pseudodiploria184595,-0.000230511809876984
Pseudodiploria184600,0.118317115825452
Pseudodiploria184601,0.211409284508623
Pseudodiploria184602,0.629075542121216
Pseudodiploria184603,-0.9522376310058
Pseudodiploria184604,-0.0436093762924055
Pseudodiploria184607,-0.549860371819709
Pseudodiploria184608,-0.0121594879245364
Pseudodiploria184609,0.130659585249342
Pseudodiploria184612,0.615806182464355
Pseudodiploria184615,0.26645747074329
Pseudodiploria184616,0.952678970758808
Pseudodiploria184618,0.777608090455852
Pseudodiploria184619,-0.216852079710414
Pseudodiploria184620,-0.472206819635194
Pseudodiploria184623,-0.35089913609241
Pseudodiploria184630,-0.748192650752447
Pseudodiploria184632,1.54922226880263
Pseudodiploria184634,0.028484701197993
Pseudodiploria184638,-0.637578060386276
Pseudodiploria184650,-0.523065636050151
Pseudodiploria184654,-0.029603591307769
Pseudodiploria184655,-0.36331865621358
Pseudodiploria184656,-0.180870261001417
Pseudodiploria184659,-0.0481742141522083
Pseudodiploria184660,0.1398552719118
Pseudodiploria184661,0.156160947832245
Pseudodiploria184662,0.0874399233078033
Pseudodiploria184665,-0.297835966490992
Pseudodiploria184667,-0.560868779594083
Pseudodiploria184669,0.517298010223981
Pseudodiploria184670,-0.302709290305725
Pseudodiploria184671,-0.159753299633286
Pseudodiploria184674,-0.228523503361696
Pseudodiploria184675,0.00973776955961493
Pseudodiploria184677,0.226634368398703
Pseudodiploria184681,-0.0119659375580437
Pseudodiploria184683,-0.770118983701584
Pseudodiploria184684,0.483421305432783
Pseudodiploria184686,0.0285755339636251
Pseudodiploria184688,0.292983693378681
Pseudodiploria184689,-0.170455414803881
Pseudodiploria184692,-0.150478424176388
Pseudodiploria184693,1.32760066075327
Pseudodiploria184694,0.18427580418395
Pseudodiploria184695,0.469022231952668
Pseudodiploria184698,0.0245584509003719
Pseudodiploria184700,0.0126767124026097
Pseudodiploria184704,0.0547887695337149
Pseudodiploria184708,-0.0832008299295512
Pseudodiploria184709,0.479738907216131
Pseudodiploria184711,0.881079282244815
Pseudodiploria184717,0.315135009277569
Pseudodiploria184719,-0.20691571081394
Pseudodiploria184721,-0.538119316536404
Pseudodiploria184723,0.393435857713439
Pseudodiploria184727,-0.793679739522913
Pseudodiploria184728,0.405596141025798
Pseudodiploria184733,-0.154277281489866
Pseudodiploria184735,0.348300127188054
Pseudodiploria184740,0.319483121165357
Pseudodiploria184746,0.275248467412958
Pseudodiploria184749,0.0902440214721619
Pseudodiploria184750,0.535782402592145
Pseudodiploria184754,0.807013610347975
Pseudodiploria184756,0.11569994187654
Pseudodiploria184758,-0.330404661956992
Pseudodiploria184759,-0.0746800888647344
Pseudodiploria184762,0.000347619370884812
Pseudodiploria184763,0.0456008810440444
Pseudodiploria184765,0.082476630446589
Pseudodiploria184768,-0.305282738046793
Pseudodiploria184769,-0.215485605719168
Pseudodiploria184770,-0.070291963651111
Pseudodiploria184773,-0.405551748070628
Pseudodiploria184775,0.238753440883257
Pseudodiploria184776,-0.0948236740316998
Pseudodiploria184778,-0.628168104021612
Pseudodiploria184779,1.24984613273679
Pseudodiploria184781,0.0394374458227339
Pseudodiploria184782,0.349767075331911
Pseudodiploria184784,-0.58647417984209
Pseudodiploria184786,0.271240652639143
Pseudodiploria184787,0.505994380915631
Pseudodiploria184788,-0.171654864118919
Pseudodiploria184791,-0.444819427191436
Pseudodiploria184792,-0.0363670251290668
Pseudodiploria184793,-0.273086748336639
Pseudodiploria184796,0.990281197000135
Pseudodiploria184797,-0.196553102721018
Pseudodiploria184799,0.795783746568632
Pseudodiploria184803,0.7184391092358
Pseudodiploria184804,-0.149486764577044
Pseudodiploria184805,-0.0323792187874147
Pseudodiploria184807,0.129636498479314
Pseudodiploria184809,-0.0129662290072746
Pseudodiploria184811,0.101596204508734
Pseudodiploria184813,-0.17482762670866
Pseudodiploria184816,0.690554958427371
Pseudodiploria184817,-0.115553263212255
Pseudodiploria184818,0.393236377923826
Pseudodiploria184822,0.352298572679148
Pseudodiploria184830,0.529246155082764
Pseudodiploria184836,0.0845906628440341
Pseudodiploria184838,0.0670708670479932
Pseudodiploria184839,-0.388610244829375
Pseudodiploria184840,-0.740988902717561
Pseudodiploria184841,-0.0490328449550106
Pseudodiploria184842,-0.11874120389514
Pseudodiploria184845,0.532615584669138
Pseudodiploria184846,0.210474608411293
Pseudodiploria184847,-0.128753416420437
Pseudodiploria184859,0.191691923923409
Pseudodiploria184861,0.122589248929238
Pseudodiploria184863,0.467166793588233
Pseudodiploria184865,0.532943655207101
Pseudodiploria184866,0.0391596259739386
Pseudodiploria184867,0.0368029555914047
Pseudodiploria184869,0.308500963180842
Pseudodiploria184872,0.105572606656118
Pseudodiploria184875,0.114149044974226
Pseudodiploria184879,-0.011629847348087
Pseudodiploria184882,-0.457185504157923
Pseudodiploria184884,-0.0963271788993388
Pseudodiploria184888,0.281851863376341
Pseudodiploria184892,0.316223666119348
Pseudodiploria184893,0.00723306901246909
Pseudodiploria184895,0.191539695788263
Pseudodiploria184899,-0.086376763005602
Pseudodiploria184900,-0.258572897023295
Pseudodiploria184906,-0.00406274786979885
Pseudodiploria184908,0.272996537610627
Pseudodiploria184909,-0.176229008034665
Pseudodiploria184910,0.0831789968102518
Pseudodiploria184911,0.685320358806965
Pseudodiploria184913,0.222651999494954
Pseudodiploria184915,0.511489516499368
Pseudodiploria184920,0.0144991654564781
Pseudodiploria184922,-0.353437655379035
Pseudodiploria184923,-0.0326827678888009
Pseudodiploria184924,0.426226938127324
Pseudodiploria184925,0.228071746241471
Pseudodiploria184926,0.144473316055538
Pseudodiploria184928,-0.10948559881314
Pseudodiploria184929,-0.137353859127241
Pseudodiploria184938,0.532632856295656
Pseudodiploria184942,0.083804500911101
Pseudodiploria184945,-0.162396332123103
Pseudodiploria184947,-0.26549211274882
Pseudodiploria184948,0.0109961454063976
Pseudodiploria184952,0.596801582362304
Pseudodiploria184954,0.225785934997082
Pseudodiploria184956,0.137295866355552
Pseudodiploria184957,0.213718286364493
Pseudodiploria184960,0.0891053956180859
Pseudodiploria184961,0.156139657918126
Pseudodiploria184962,0.108428052056028
Pseudodiploria184964,-0.742635390131986
Pseudodiploria184966,0.140326506406923
Pseudodiploria184968,0.192222582313248
Pseudodiploria184970,0.0244252381996315
Pseudodiploria184971,0.456362630177049
Pseudodiploria184972,-0.525077612978345
Pseudodiploria184978,0.209260890611348
Pseudodiploria184980,0.132320710689973
Pseudodiploria184981,-0.048836788164706
Pseudodiploria184985,-0.363247999834673
Pseudodiploria184988,0.407155933552019
Pseudodiploria184989,-0.663599986029534
Pseudodiploria184992,1.04165879940967
Pseudodiploria184994,-0.0281491412891832
Pseudodiploria184995,-1.16535006269254
Pseudodiploria184998,-0.285119452709877
Pseudodiploria185003,0.111474028496131
Pseudodiploria185004,0.231118276276816
Pseudodiploria185005,-0.738179654603676
Pseudodiploria185006,-0.25636471005256
Pseudodiploria185009,-0.0683994925647212
Pseudodiploria185010,0.906963411412495
Pseudodiploria185014,-0.27135130012329
Pseudodiploria185015,0.0143344998679721
Pseudodiploria185017,-0.556942352287461
Pseudodiploria185018,0.0456485157734885
Pseudodiploria185021,-1.05448123099972
Pseudodiploria185024,-0.066758628036675
Pseudodiploria185026,0.226087713551197
Pseudodiploria185029,0.567357515205828
Pseudodiploria185030,0.028444258038002
Pseudodiploria185033,-0.882893963677871
Pseudodiploria185035,-0.148723211434847
Pseudodiploria185037,0.0624370777523147
Pseudodiploria185039,-0.151576240542197
Pseudodiploria185041,-1.38536612574248
Pseudodiploria185043,-0.171302897590947
Pseudodiploria185047,-0.156444352329761
Pseudodiploria185049,-0.298226983826282
Pseudodiploria185050,0.239472946179205
Pseudodiploria185055,0.297840342064352
Pseudodiploria185056,0.573604219251658
Pseudodiploria185060,-0.718186986915801
Pseudodiploria185065,0.205260651689757
Pseudodiploria185067,-0.104092248262914
Pseudodiploria185068,0.0611894446736086
Pseudodiploria185069,-0.175063068603845
Pseudodiploria185070,0.142148873164207
Pseudodiploria185074,-0.789876227689665
Pseudodiploria185075,0.400433129879827
Pseudodiploria185078,-0.459735960861865
Pseudodiploria185083,1.37993662801949
Pseudodiploria185084,0.14508373209703
Pseudodiploria185085,-0.410411756842834
Pseudodiploria185088,0.175709448208678
Pseudodiploria185093,-0.27157303979256
Pseudodiploria185096,-0.217903254482014
Pseudodiploria185098,-0.40177901226256
Pseudodiploria185100,0.139025393430862
Pseudodiploria185102,0.0346679537375082
Pseudodiploria185103,0.905983107895536
Pseudodiploria185104,-0.469876312408951
Pseudodiploria185106,0.169470238942559
Pseudodiploria185109,0.0668173573422086
Pseudodiploria185110,0.276522351464439
Pseudodiploria185113,-0.281705863554562
Pseudodiploria185114,0.136420829510456
Pseudodiploria185115,0.0945331187667925
Pseudodiploria185117,-0.0840382784539121
Pseudodiploria185123,-0.40922185594174
Pseudodiploria185126,0.0612414823542883
Pseudodiploria185131,0.14809616447858
Pseudodiploria185134,-0.143124112724471
Pseudodiploria185141,0.671118564174783
Pseudodiploria185142,0.0719744509976351
Pseudodiploria185143,0.20669247070548
Pseudodiploria185147,-0.0421254528839787
Pseudodiploria185148,0.00101999388924484
Pseudodiploria185149,-0.00559782034095071
Pseudodiploria185150,0.0473588573930022
Pseudodiploria185151,-0.050563921981868
Pseudodiploria185153,0.279981070361572
Pseudodiploria185154,0.493283982821875
Pseudodiploria185156,-1.40013646650957
Pseudodiploria185158,-0.0891468436481211
Pseudodiploria185160,0.503956966436824
Pseudodiploria185161,0.0673936706775053
Pseudodiploria185164,-0.00039131685405902
Pseudodiploria185165,0.325384650204113
Pseudodiploria185167,0.00181051868894689
Pseudodiploria185168,-0.414901198741592
Pseudodiploria185169,-0.153164891640749
Pseudodiploria185170,-0.0753713590204571
Pseudodiploria185173,0.0886443268287179
Pseudodiploria185174,0.317931968002886
Pseudodiploria185180,-0.373560593125102
Pseudodiploria185186,-0.657585108835137
Pseudodiploria185191,-0.570342957114472
Pseudodiploria185192,0.238072464620116
Pseudodiploria185193,0.573106913851786
Pseudodiploria185194,0.00536593523991494
Pseudodiploria185200,0.0891512511490402
Pseudodiploria185201,0.572543358668594
Pseudodiploria185203,0.380880432329344
Pseudodiploria185205,0.199178744945189
Pseudodiploria185213,-0.0399021458407159
Pseudodiploria185214,0.420265594767596
Pseudodiploria185219,0.0750749350999019
Pseudodiploria185222,-0.165265369990151
Pseudodiploria185225,-0.70161988530963
Pseudodiploria185226,-0.0273126236579113
Pseudodiploria185227,-0.0138521485529995
Pseudodiploria185233,-0.00546333256726833
Pseudodiploria185234,0.210248666938776
Pseudodiploria185235,-0.716486264602683
Pseudodiploria185240,0.0350981464953866
Pseudodiploria185244,0.23450331431246
Pseudodiploria185247,-0.0765420256612534
Pseudodiploria185250,1.25370382392902
Pseudodiploria185251,-0.183748274235316
Pseudodiploria185254,1.36938469344879
Pseudodiploria185255,0.290372239931938
Pseudodiploria185258,-0.211909271140405
Pseudodiploria185261,0.232914180928095
Pseudodiploria185267,-0.714801070271783
Pseudodiploria185271,0.649724456921385
Pseudodiploria185273,0.663269382357944
Pseudodiploria185275,-0.20906515693825
Pseudodiploria185277,-0.427016909150398
Pseudodiploria185280,0.376859255505733
Pseudodiploria185283,-0.324640331447497
Pseudodiploria185288,0.16901230478113
Pseudodiploria185290,-0.0835072793002549
Pseudodiploria185291,0.110934434187443
Pseudodiploria185294,-0.0384896633538739
Pseudodiploria185297,0.287727582247617
Pseudodiploria185299,-0.243506354633339
Pseudodiploria185304,-0.478183608054397
Pseudodiploria185306,-0.0456967257709007
Pseudodiploria185307,-0.114896059347776
Pseudodiploria185308,-0.277426496219187
Pseudodiploria185310,0.969305870630564
Pseudodiploria185313,-0.143738735492509
Pseudodiploria185314,0.420185492773637
Pseudodiploria185320,0.146884625637651
Pseudodiploria185324,0.60921301189926
Pseudodiploria185332,0.0086124886017994
Pseudodiploria185336,0.265364663998677
Pseudodiploria185337,0.0225251091306296
Pseudodiploria185338,-0.774538431819692
Pseudodiploria185343,0.0517651701233458
Pseudodiploria185346,0.265403828306034
Pseudodiploria185354,0.322325062600982
Pseudodiploria185357,-0.131035330344086
Pseudodiploria185360,-0.529713871947921
Pseudodiploria185361,0.357879518407322
Pseudodiploria185372,0.0114072067729763
Pseudodiploria185374,-0.61939750417527
Pseudodiploria185380,0.0341773157848441
Pseudodiploria185381,0.0794024712054545
Pseudodiploria185382,0.593186326590454
Pseudodiploria185383,-0.261995026150597
Pseudodiploria185384,-0.00756606785949057
Pseudodiploria185387,0.0976281956739675
Pseudodiploria185391,-0.0738994657859895
Pseudodiploria185394,0.113183490644122
Pseudodiploria185400,-0.00752193933066139
Pseudodiploria185401,0.259689857621971
Pseudodiploria185402,-0.538840841293491
Pseudodiploria185405,-0.220058184031975
Pseudodiploria185406,-0.0168518801614658
Pseudodiploria185411,-0.141641372353049
Pseudodiploria185412,0.00962124000988441
Pseudodiploria185429,0.390602023830373
Pseudodiploria185430,-0.206783835339277
Pseudodiploria185432,0.198291447789925
Pseudodiploria185436,0.0875995565264974
Pseudodiploria185439,0.170365490240376
Pseudodiploria185441,1.22985393237174
Pseudodiploria185443,1.07846755670393
Pseudodiploria185446,-0.0849475688655118
Pseudodiploria185447,-0.0380383554756871
Pseudodiploria185448,-0.363762676595644
Pseudodiploria185451,-0.12718693698049
Pseudodiploria185452,-0.180998815565943
Pseudodiploria185460,0.31100393787647
Pseudodiploria185463,0.29069190442319
Pseudodiploria185464,-0.188367960581265
Pseudodiploria185469,-0.0646478559536994
Pseudodiploria185472,-0.400648739603037
Pseudodiploria185473,-0.176623308415391
Pseudodiploria185474,0.488035384403413
Pseudodiploria185475,-0.0159603417526229
Pseudodiploria185477,0.419985992153655
Pseudodiploria185479,0.377232731791989
Pseudodiploria185480,-0.0865420682052837
Pseudodiploria185485,-0.423993902677957
Pseudodiploria185488,0.305297084831791
Pseudodiploria185492,0.560978734384709
Pseudodiploria185494,-0.2372412064262
Pseudodiploria185495,0.287674608719795
Pseudodiploria185496,0.479601507242519
Pseudodiploria185497,0.189983122506509
Pseudodiploria185498,-0.959421450370192
Pseudodiploria185501,-0.0238919470131677
Pseudodiploria185508,-0.236171119213766
Pseudodiploria185511,0.0109909222294187
Pseudodiploria185512,-0.802926912896358
Pseudodiploria185514,-0.253202349026993
Pseudodiploria185516,-0.00249158055973809
Pseudodiploria185518,-0.643355618463743
Pseudodiploria185519,-0.0316829673393285
Pseudodiploria185522,0.519608388131867
Pseudodiploria185523,0.140917440946516
Pseudodiploria185524,-0.214737459005075
Pseudodiploria185525,-0.155729760410866
Pseudodiploria185527,-0.546131230791717
Pseudodiploria185528,-0.332999282847271
Pseudodiploria185530,-0.285956242470824
Pseudodiploria185535,0.223750266880109
Pseudodiploria185536,0.713489070421271
Pseudodiploria185538,0.504069628463433
Pseudodiploria185539,-0.0816631909380331
Pseudodiploria185541,0.160682700638529
Pseudodiploria185544,-0.0179552969511652
Pseudodiploria185545,-0.0351037283374993
Pseudodiploria185548,-0.685457520602754
Pseudodiploria185551,0.710386630754621
Pseudodiploria185552,-0.0779290952685229
Pseudodiploria185553,0.00105235057162923
Pseudodiploria185555,0.296400269764498
Pseudodiploria185556,-0.399075295960162
Pseudodiploria185557,0.221416684756842
Pseudodiploria185558,-0.224301186781855
Pseudodiploria185559,-1.26979069734108
Pseudodiploria185562,-0.179097497966197
Pseudodiploria185563,0.197526943005939
Pseudodiploria185564,0.239949876891474
Pseudodiploria185569,-0.279272666055899
Pseudodiploria185573,-0.158601845749188
Pseudodiploria185574,-0.147337089867007
Pseudodiploria185575,-0.0354524580498993
Pseudodiploria185577,-0.143265990438925
Pseudodiploria185586,0.206558128292544
Pseudodiploria185587,0.155498186797208
Pseudodiploria185588,0.107254529363145
Pseudodiploria185589,-0.042269573909061
Pseudodiploria185594,-0.0632471232258711
Pseudodiploria185597,0.0570182214415607
Pseudodiploria185605,0.0670992889084465
Pseudodiploria185614,0.624152021889488
Pseudodiploria185618,0.0819558154275578
Pseudodiploria185620,0.640609974101203
Pseudodiploria185621,-0.215302655076598
Pseudodiploria185624,-1.02310017041275
Pseudodiploria185625,0.422930223358152
Pseudodiploria185627,-0.0588116026612071
Pseudodiploria185628,-0.0229544166750447
Pseudodiploria185631,-0.260194422962582
Pseudodiploria185632,-0.018764630932892
Pseudodiploria185637,0.0507626418153352
Pseudodiploria185645,0.664946601152601
Pseudodiploria185646,-0.266084976300316
Pseudodiploria185647,-0.435649339443847
Pseudodiploria185651,0.519461711734225
Pseudodiploria185653,0.329288811075998
Pseudodiploria185654,0.1933925974884
Pseudodiploria185655,1.02857041871841
Pseudodiploria185658,0.144432663143338
Pseudodiploria185659,-0.116535067740888
Pseudodiploria185664,-0.332733799023914
Pseudodiploria185665,-0.195556060036558
Pseudodiploria185668,-0.0595622501146483
Pseudodiploria185670,-1.61237007861436
Pseudodiploria185671,-0.0835723076233451
Pseudodiploria185672,-0.216823654903492
Pseudodiploria185673,-0.493027078973884
Pseudodiploria185675,0.556468010146519
Pseudodiploria185676,0.325199739421861
Pseudodiploria185677,-0.202014848846127
Pseudodiploria185678,0.257023385960499
Pseudodiploria185681,0.054453095755496
Pseudodiploria185687,-0.312295974345915
Pseudodiploria185690,-0.121422411331361
Pseudodiploria185692,0.274654789646443
Pseudodiploria185700,0.315281071250578
Pseudodiploria185703,-0.461736020806104
Pseudodiploria185704,0.0561317683912789
Pseudodiploria185705,-0.0588751827584093
Pseudodiploria185708,0.327991683787844
Pseudodiploria185713,-0.665933828070738
Pseudodiploria185714,0.381046606143831
Pseudodiploria185715,-0.390337602709488
Pseudodiploria185724,0.0776138915774279
Pseudodiploria185726,-0.0724395807327439
Pseudodiploria185727,0.0938475956021769
Pseudodiploria185729,-0.0394493711307713
Pseudodiploria185730,0.171206259808424
Pseudodiploria185732,-0.632854204284077
Pseudodiploria185735,0.219034812407194
Pseudodiploria185737,-0.122469802318717
Pseudodiploria185739,0.339024030712635
Pseudodiploria185740,0.962576847542949
Pseudodiploria185744,0.514621164491729
Pseudodiploria185745,0.312447836101654
Pseudodiploria185746,-0.229929697652591
Pseudodiploria185751,0.612665769463198
Pseudodiploria185752,-0.240868788660021
Pseudodiploria185755,0.145083131578366
Pseudodiploria185756,-0.239557230802881
Pseudodiploria185759,-0.359187203435417
Pseudodiploria185760,-0.514769191477618
Pseudodiploria185761,0.169533393076506
Pseudodiploria185762,0.385747123630513
Pseudodiploria185767,0.379449789570477
Pseudodiploria185768,-0.100861129428662
Pseudodiploria185769,-0.0660310515183646
Pseudodiploria185771,0.0689108916663034
Pseudodiploria185774,-0.299737432858038
Pseudodiploria185776,0.195518601029898
Pseudodiploria185786,-0.41193781767733
Pseudodiploria185788,0.354524341518842
Pseudodiploria185790,0.731149045392586
Pseudodiploria185791,-0.90069791608694
Pseudodiploria185795,-0.0833800293043065
Pseudodiploria185796,-0.183192604564368
Pseudodiploria185797,0.163897605622466
Pseudodiploria185800,0.77832796693438
Pseudodiploria185801,-0.204202751695386
Pseudodiploria185802,0.420861784197249
Pseudodiploria185803,-1.41747216526416
Pseudodiploria185805,-0.168969496330515
Pseudodiploria185807,0.25233178170653
Pseudodiploria185808,-0.127646379871468
Pseudodiploria185809,-1.07808199689917
Pseudodiploria185812,0.392012599035246
Pseudodiploria185813,-0.804812092861958
Pseudodiploria185814,0.214848254565116
Pseudodiploria185815,-0.434980645752261
Pseudodiploria185816,0.025609115430088
Pseudodiploria185819,0.455753921507459
Pseudodiploria185820,0.41648727344691
Pseudodiploria185821,0.040380273030782
Pseudodiploria185823,0.0571652977202513
Pseudodiploria185826,0.00746917660545802
Pseudodiploria185833,-0.0724929102526225
Pseudodiploria185835,-0.525572760240045
Pseudodiploria185842,0.166564953657769
Pseudodiploria185843,-0.0168053610308174
Pseudodiploria185844,0.330836749372009
Pseudodiploria185847,-0.614919996759132
Pseudodiploria185853,-0.414399676509193
Pseudodiploria185855,0.11702381745712
Pseudodiploria185857,0.101575348391889
Pseudodiploria185859,0.0324488944020556
Pseudodiploria185860,0.0457090551843119
Pseudodiploria185862,0.320615384080309
Pseudodiploria185865,0.769925712514393
Pseudodiploria185868,0.485860574404774
Pseudodiploria185875,0.642540231700214
Pseudodiploria185877,-0.185120036845284
Pseudodiploria185878,-0.0724160888650059
Pseudodiploria185884,-0.25269149181097
Pseudodiploria185885,0.175498024172922
Pseudodiploria185886,-0.266911562519633
Pseudodiploria185887,0.0511592088410383
Pseudodiploria185889,-0.42064812893259
Pseudodiploria185891,-0.504993155765545
Pseudodiploria185896,0.2146453464129
Pseudodiploria185904,-0.0466990856273592
Pseudodiploria185908,0.45664995984881
Pseudodiploria185909,0.491111309577887
Pseudodiploria185912,0.194953053996571
Pseudodiploria185913,0.315114125901941
Pseudodiploria185914,-0.250018071774504
Pseudodiploria185916,0.110034588773018
Pseudodiploria185917,1.11061680105996
Pseudodiploria185918,-0.200831754673617
Pseudodiploria185925,0.237039738272054
Pseudodiploria185927,-0.177219065841455
Pseudodiploria185928,-0.253800270241493
Pseudodiploria185930,0.724273642742282
Pseudodiploria185933,0.806684090012647
Pseudodiploria185935,-0.902083090140035
Pseudodiploria185937,0.408193616208938
Pseudodiploria185938,0.416999460625105
Pseudodiploria185939,0.298930949364509
Pseudodiploria185940,-0.122286088577915
Pseudodiploria185941,-0.246922388642881
Pseudodiploria185947,-0.36383499381506
Pseudodiploria185950,-0.0275588969972509
Pseudodiploria185951,-0.177477437987585
Pseudodiploria185953,0.178628726884979
Pseudodiploria185956,-0.0623489328722527
Pseudodiploria185957,0.688756567288003
Pseudodiploria185964,-0.510403298484228
Pseudodiploria185967,0.444009928352318
Pseudodiploria185968,0.344666907258698
Pseudodiploria185971,0.174843285840865
Pseudodiploria185972,-0.507520366798438
Pseudodiploria185973,0.417859386407609
Pseudodiploria185974,-0.0322359051780131
Pseudodiploria185975,-0.257810993131696
Pseudodiploria185977,-0.654552291055721
Pseudodiploria185978,0.292754840227221
Pseudodiploria185979,-0.0169991581264315
Pseudodiploria185981,0.0956438740380947
Pseudodiploria185982,-0.143074044776293
Pseudodiploria185983,0.450996033543395
Pseudodiploria185993,-0.74964562981787
Pseudodiploria185998,-0.512722522606819
Pseudodiploria185999,0.340373927439107
Pseudodiploria186001,-0.471438765447454
Pseudodiploria186006,-0.634290559467162
Pseudodiploria186007,-0.2387790098074
Pseudodiploria186010,0.146759866189142
Pseudodiploria186012,-0.193230924334699
Pseudodiploria186013,0.0710828596426496
Pseudodiploria186015,0.195233436543002
Pseudodiploria186017,-0.0784015203389672
Pseudodiploria186021,-0.117791221202072
Pseudodiploria186028,0.270462266758954
Pseudodiploria186029,-0.587932511285928
Pseudodiploria186030,-0.311157292525782
Pseudodiploria186032,0.197067174318939
Pseudodiploria186034,0.0859487683041621
Pseudodiploria186035,0.188419612344126
Pseudodiploria186036,-0.132400471571119
Pseudodiploria186037,-0.642604650956596
Pseudodiploria186038,-0.473038513512667
Pseudodiploria186042,0.272195707933727
Pseudodiploria186043,0.460932560273359
Pseudodiploria186047,-0.00981584573865936
Pseudodiploria186051,0.274797586277696
Pseudodiploria186054,-0.364453327132191
Pseudodiploria186055,-0.0396095957623096
Pseudodiploria186057,0.277300282747385
Pseudodiploria186062,0.28599903277979
Pseudodiploria186063,0.0855858150730261
Pseudodiploria186067,0.0898985317070117
Pseudodiploria186068,-0.215924825182327
Pseudodiploria186069,-0.103710663842192
Pseudodiploria186073,0.668575103496369
Pseudodiploria186074,-0.0252716340075446
Pseudodiploria186077,0.318686377659621
Pseudodiploria186079,0.243037307309057
Pseudodiploria186084,0.338620910269287
Pseudodiploria186088,-0.153398619127318
Pseudodiploria186092,-0.620014115347317
Pseudodiploria186099,0.372799949012114
Pseudodiploria186101,-0.248479026299762
Pseudodiploria186105,-0.29382878994833
Pseudodiploria186106,-0.192275204140883
Pseudodiploria186110,0.0247045719707508
Pseudodiploria186111,0.112731514065971
Pseudodiploria186113,0.178948906686472
Pseudodiploria186114,0.271701463742103
Pseudodiploria186116,0.161864266308801
Pseudodiploria186119,-0.119226761683292
Pseudodiploria186120,-0.2763777352052
Pseudodiploria186122,0.922873897446022
Pseudodiploria186123,0.614004904516956
Pseudodiploria186124,-0.995315847790663
Pseudodiploria186125,-0.0708370936469908
Pseudodiploria186127,0.511665587251382
Pseudodiploria186128,0.158642613178738
Pseudodiploria186130,0.40225758943203
Pseudodiploria186131,-0.374496226042678
Pseudodiploria186133,0.154473513951101
Pseudodiploria186135,-0.891192567500338
Pseudodiploria186139,0.545959768437165
Pseudodiploria186143,0.733979725663591
Pseudodiploria186146,0.108953537664966
Pseudodiploria186147,-0.0318160478021071
Pseudodiploria186150,-0.176125508300202
Pseudodiploria186156,0.0961161804241483
Pseudodiploria186161,1.63328057521076
Pseudodiploria186163,0.121027561949841
Pseudodiploria186167,0.171768405403882
Pseudodiploria186170,-0.224159065088261
Pseudodiploria186171,0.150531202764719
Pseudodiploria186177,0.515753911638522
Pseudodiploria186178,0.0953200108711762
Pseudodiploria186180,0.710255703156039
Pseudodiploria186182,0.242280663742097
Pseudodiploria186186,-0.650490505120058
Pseudodiploria186187,0.315828770290854
Pseudodiploria186188,-0.207686277126462
Pseudodiploria186192,-0.264149395715675
Pseudodiploria186193,-0.211443581561716
Pseudodiploria186195,0.527842620600853
Pseudodiploria186197,-0.141035493937681
Pseudodiploria186199,0.278671463208938
Pseudodiploria186202,-0.616758962840903
Pseudodiploria186206,-0.142039607318589
Pseudodiploria186207,0.104674205305881
Pseudodiploria186210,-0.123132057081798
Pseudodiploria186211,0.322596754983783
Pseudodiploria186212,0.851469516541648
Pseudodiploria186219,-0.45515810765053
Pseudodiploria186220,-0.245891011133066
Pseudodiploria186222,0.322865303563485
Pseudodiploria186223,-0.254420660868392
Pseudodiploria186225,0.20599113402743
Pseudodiploria186226,0.0713430038368124
Pseudodiploria186227,-0.321822285839318
Pseudodiploria186228,0.0705391759655703
Pseudodiploria186229,-0.272413958701833
Pseudodiploria186236,0.20049916637635
Pseudodiploria186240,-0.171802801345312
Pseudodiploria186242,-0.383261238354375
Pseudodiploria186246,0.711223880911337
Pseudodiploria186247,0.434733968729885
Pseudodiploria186249,0.0531220616498197
Pseudodiploria186260,0.459869596289592
Pseudodiploria186262,-0.0707642138559371
Pseudodiploria186266,-0.0469467347047472
Pseudodiploria186269,-0.0483290221568285
Pseudodiploria186275,-0.391285911663525
Pseudodiploria186277,-0.204043126591654
Pseudodiploria186281,0.336760075512887
Pseudodiploria186292,0.281266252636465
Pseudodiploria186295,0.547632100134301
Pseudodiploria186296,0.554559256976556
Pseudodiploria186297,0.117939270673982
Pseudodiploria186299,0.0573728959256865
Pseudodiploria186300,0.230634059989584
Pseudodiploria186306,-0.574927450031104
Pseudodiploria186309,0.185339256658238
Pseudodiploria186316,0.100820320213255
Pseudodiploria186319,-0.403233053288152
Pseudodiploria186324,1.1535530088105
Pseudodiploria186325,-0.267293228875911
Pseudodiploria186326,0.111698726293687
Pseudodiploria186327,0.377433306035981
Pseudodiploria186331,-0.306788177213441
Pseudodiploria186332,-0.0287602656280119
Pseudodiploria186340,0.303684431449726
Pseudodiploria186346,0.286436690362159
Pseudodiploria186347,-0.195245056291346
Pseudodiploria186348,0.35430162537327
Pseudodiploria186350,-0.0362495138657314
Pseudodiploria186351,0.185331103468946
Pseudodiploria186354,-0.276145723006481
Pseudodiploria186355,0.133577708825493
Pseudodiploria186356,1.03311639592048
Pseudodiploria186357,0.557690454103893
Pseudodiploria186358,0.0283377121248541
Pseudodiploria186359,1.08451556514436
Pseudodiploria186361,0.479811122281012
Pseudodiploria186362,-0.0243146087756313
Pseudodiploria186363,-0.153793840067958
Pseudodiploria186364,0.693617728182131
Pseudodiploria186367,-0.358846033830837
Pseudodiploria186370,-0.32174969200828
Pseudodiploria186371,-0.4892709043422
Pseudodiploria186372,-0.221417519525417
Pseudodiploria186373,-0.00748426197334568
Pseudodiploria186374,0.152815021481423
Pseudodiploria186375,-0.304131021543408
Pseudodiploria186378,0.176589162226608
Pseudodiploria186387,-0.0762856516217485
Pseudodiploria186390,-0.316280877477312
Pseudodiploria186391,-0.288907553540803
Pseudodiploria186393,-0.443028565602862
Pseudodiploria186394,-0.0558866952707661
Pseudodiploria186395,-0.320604756760826
Pseudodiploria186396,-0.295575519794092
Pseudodiploria186398,-0.262573192699541
Pseudodiploria186400,0.253532877988465
Pseudodiploria186402,-0.0333466990691003
Pseudodiploria186403,-0.533650049273949
Pseudodiploria186404,-0.189499146765627
Pseudodiploria186405,-0.313936540158932
Pseudodiploria186406,0.607415666435743
Pseudodiploria186409,-0.313590178440125
Pseudodiploria186410,0.384893023448827
Pseudodiploria186414,0.185521631784827
Pseudodiploria186418,-0.282531702165131
Pseudodiploria186419,-0.325890333689463
Pseudodiploria186420,0.219951996265409
Pseudodiploria186423,-0.0845350805387592
Pseudodiploria186424,0.751219530526725
Pseudodiploria186426,0.107079948862911
Pseudodiploria186431,-0.4124595621482
Pseudodiploria186433,-0.139618784765185
Pseudodiploria186434,-0.31939210518536
Pseudodiploria186435,0.344396863649632
Pseudodiploria186441,0.229553006208544
Pseudodiploria186442,-0.128667178023331
Pseudodiploria186445,-0.369746276629234
Pseudodiploria186447,-0.225987948997258
Pseudodiploria186450,0.388607470238034
Pseudodiploria186454,-0.161670540421862
Pseudodiploria186455,-0.54972061828215
Pseudodiploria186456,-0.2047545787554
Pseudodiploria186459,-0.679149366979624
Pseudodiploria186461,0.173478784755794
Pseudodiploria186464,0.741322652147042
Pseudodiploria186466,0.581991361987057
Pseudodiploria186467,-0.111121190170044
Pseudodiploria186469,-0.270754864589114
Pseudodiploria186470,-0.1415782143302
Pseudodiploria186471,-0.548150601650581
Pseudodiploria186473,0.355487173029949
Pseudodiploria186477,-0.42578882228305
Pseudodiploria186478,-1.20151662600735
Pseudodiploria186482,0.22064010173321
Pseudodiploria186484,0.426666500631553
Pseudodiploria186485,-0.183363642582304
Pseudodiploria186486,0.472474853078549
Pseudodiploria186492,-0.230659645947267
Pseudodiploria186494,0.137264263076319
Pseudodiploria186504,-1.00133838186308
Pseudodiploria186505,-0.45481277140448
Pseudodiploria186507,-0.0515221637043529
Pseudodiploria186508,-1.09976688016831
Pseudodiploria186509,0.0843040314762585
Pseudodiploria186513,-0.495041719415798
Pseudodiploria186517,0.800379980095652
Pseudodiploria186518,-0.0593874346709213
Pseudodiploria186519,-0.253832770058919
Pseudodiploria186520,-0.160105297457581
Pseudodiploria186522,-0.200626388347101
Pseudodiploria186524,0.0262800019016082
Pseudodiploria186525,-0.168340157739275
Pseudodiploria186526,-0.898459236476292
Pseudodiploria186528,0.119299410908056
Pseudodiploria186534,0.00416523697012914
Pseudodiploria186538,-0.857418701217378
Pseudodiploria186540,0.0566189743647308
Pseudodiploria186543,-0.416105728846749
Pseudodiploria186544,0.57734472331021
Pseudodiploria186545,0.0992313817007315
Pseudodiploria186548,0.358727706936257
Pseudodiploria186549,-0.142312652433867
Pseudodiploria186550,0.179895237081769
Pseudodiploria186552,-0.187198791894471
Pseudodiploria186553,0.151502366706303
Pseudodiploria186554,-0.144195493055497
Pseudodiploria186555,-0.312786784065183
Pseudodiploria186556,-0.23827839423925
Pseudodiploria186559,0.316018028246604
Pseudodiploria186560,0.0441536986523184
Pseudodiploria186561,0.116940422429948
Pseudodiploria186562,-0.0620710962858008
Pseudodiploria186564,0.505849302823523
Pseudodiploria186568,-1.06367456748764
Pseudodiploria186570,0.0620843376338398
Pseudodiploria186572,-0.32235766320592
Pseudodiploria186575,0.208260205245664
Pseudodiploria186576,0.521472136076736
Pseudodiploria186577,0.317901182506758
Pseudodiploria186579,-0.0780433913818179
Pseudodiploria186580,0.141563953591135
Pseudodiploria186581,0.632377822293738
Pseudodiploria186584,-0.176621802691668
Pseudodiploria186586,0.210747744349636
Pseudodiploria186590,-0.0169218826975805
Pseudodiploria186593,-0.0471077286779616
Pseudodiploria186594,0.213826034677957
Pseudodiploria186598,-0.0487226408967611
Pseudodiploria186599,0.146781396242144
Pseudodiploria186602,0.0245576460761353
Pseudodiploria186604,-0.462275737740935
Pseudodiploria186606,-0.297067969606183
Pseudodiploria186607,-0.143548630124556
Pseudodiploria186608,-0.0522227495516882
Pseudodiploria186609,-0.00791129533499468
Pseudodiploria186611,-0.257333442012869
Pseudodiploria186612,0.0287364955173735
Pseudodiploria186613,0.0852043807158265
Pseudodiploria186619,-0.793858232899138
Pseudodiploria186620,-0.428910993441179
Pseudodiploria186623,0.520107183219547
Pseudodiploria186624,-0.107467330239558
Pseudodiploria186625,-0.396373201462095
Pseudodiploria186627,-0.164879089996135
Pseudodiploria186630,-0.465764566728125
Pseudodiploria186633,0.141595226912049
Pseudodiploria186637,0.0313363599481145
Pseudodiploria186638,-0.26114568808631
Pseudodiploria186639,-0.985125684697013
Pseudodiploria186643,-0.00930681831457437
Pseudodiploria186647,-0.486975203494409
Pseudodiploria186650,0.511683694677005
Pseudodiploria186653,-0.430085266638927
Pseudodiploria186654,0.0591812960306083
Pseudodiploria186660,0.209952816678883
Pseudodiploria186661,0.507684237601566
Pseudodiploria186662,0.903437540258324
Pseudodiploria186663,0.498235650745687
Pseudodiploria186666,0.69997909717736
Pseudodiploria186670,0.099873357421026
Pseudodiploria186677,-0.209041902826382
Pseudodiploria186685,0.220268767544455
Pseudodiploria186688,-0.359807041328513
Pseudodiploria186692,-0.183324354972021
Pseudodiploria186693,-0.750221168858051
Pseudodiploria186694,-0.78379245111575
Pseudodiploria186698,0.217111803160308
Pseudodiploria186699,-0.767295871304279
Pseudodiploria186700,-0.000274288288392669
Pseudodiploria186702,-0.325606693073293
Pseudodiploria186703,0.14269063483892
Pseudodiploria186704,0.391111656619262
Pseudodiploria186705,0.030735133722382
Pseudodiploria186708,-0.434160104458253
Pseudodiploria186711,-0.487627660032965
Pseudodiploria186714,-0.0934976494758476
Pseudodiploria186715,0.158059479550559
Pseudodiploria186717,0.463791245066664
Pseudodiploria186718,0.369182247813549
Pseudodiploria186720,-0.183866900539849
Pseudodiploria186722,-0.317068566560296
Pseudodiploria186723,0.74867299125585
Pseudodiploria186724,-0.700074920011473
Pseudodiploria186725,0.119725790148379
Pseudodiploria186729,-0.0936373712024694
Pseudodiploria186731,-0.0566907848787836
Pseudodiploria186732,0.471786734929592
Pseudodiploria186733,0.276354583844765
Pseudodiploria186734,-0.25187099330054
Pseudodiploria186736,-0.582374696897505
Pseudodiploria186737,0.300281133110101
Pseudodiploria186740,-0.108617100923244
Pseudodiploria186746,-0.159377759401076
Pseudodiploria186747,-0.290802622319586
Pseudodiploria186749,0.43077594052788
Pseudodiploria186751,-0.379294042107126
Pseudodiploria186754,0.0408912906766205
Pseudodiploria186756,-0.351315687811962
Pseudodiploria186758,1.10070136023584
Pseudodiploria186759,0.302408472401151
Pseudodiploria186761,0.787995853627589
Pseudodiploria186765,-0.218708830932931
Pseudodiploria186770,0.481620696703125
Pseudodiploria186772,0.255047479104696
Pseudodiploria186776,0.546957850360189
Pseudodiploria186779,-0.441900217772264
Pseudodiploria186780,0.488853673680935
Pseudodiploria186782,0.432748595385714
Pseudodiploria186783,-0.612706106089695
Pseudodiploria186788,-0.193243919916416
Pseudodiploria186789,0.128099244082517
Pseudodiploria186792,0.220576899668641
Pseudodiploria186793,-0.759344106967724
Pseudodiploria186795,0.268775085767447
Pseudodiploria186796,-0.304744730587223
Pseudodiploria186798,-0.186528606575232
Pseudodiploria186799,-0.369353499316421
Pseudodiploria186800,0.82211557471605
Pseudodiploria186801,0.559998315323308
Pseudodiploria186805,-0.136696148321318
Pseudodiploria186806,0.921827964038252
Pseudodiploria186808,-0.396882872036904
Pseudodiploria186811,0.156375384234448
Pseudodiploria186813,-1.058787409251
Pseudodiploria186816,0.322221220216934
Pseudodiploria186818,-0.190954825494029
Pseudodiploria186819,0.174847733438989
Pseudodiploria186820,0.169535469080791
Pseudodiploria186821,-0.189855038902826
Pseudodiploria186822,0.520824280304456
Pseudodiploria186823,-0.0128269997451269
Pseudodiploria186824,0.127363446727084
Pseudodiploria186826,-0.0532086729906001
Pseudodiploria186827,0.302687906196257
Pseudodiploria186829,0.0128478209413075
Pseudodiploria186832,0.223578965374019
Pseudodiploria186834,-0.427747186144174
Pseudodiploria186835,0.133257452937729
Pseudodiploria186836,-0.218708079905074
Pseudodiploria186839,0.204575621557757
Pseudodiploria186841,-0.306771822851101
Pseudodiploria186842,0.451334581463009
Pseudodiploria186843,0.0075271446546725
Pseudodiploria186845,0.673485109480026
Pseudodiploria186847,0.48504791597201
Pseudodiploria186848,0.354683033548135
Pseudodiploria186849,0.221578041921377
Pseudodiploria186851,0.238046223136799
Pseudodiploria186856,0.618035181217612
Pseudodiploria186862,0.418925549881977
Pseudodiploria186874,0.36019028097135
Pseudodiploria186876,-0.803388214112963
Pseudodiploria186877,0.494422201013437
Pseudodiploria186880,0.288660324820869
Pseudodiploria186882,-0.26354019356096
Pseudodiploria186883,0.319142184219492
Pseudodiploria186891,-0.137482426372333
Pseudodiploria186895,0.152705000643562
Pseudodiploria186898,0.561415227494438
Pseudodiploria186899,-0.0837555710643813
Pseudodiploria186906,0.62764380783429
Pseudodiploria186910,3.39371405321019e-05
Pseudodiploria186911,-0.00130934560099974
Pseudodiploria186915,0.1004400087056
Pseudodiploria186917,-0.692349890888507
Pseudodiploria186919,-1.02675626903597
Pseudodiploria186920,0.136958036347305
Pseudodiploria186924,0.199986799385043
Pseudodiploria186927,-0.263808188711464
Pseudodiploria186928,-0.955821602995854
Pseudodiploria186935,-0.189580863959578
Pseudodiploria186937,-0.0279236213567808
Pseudodiploria186943,0.107872607861425
Pseudodiploria186944,0.0801232379298795
Pseudodiploria186945,1.46914232515154
Pseudodiploria186953,-0.646275780017541
Pseudodiploria186959,-1.01598445209681
Pseudodiploria186960,-0.0390494771583999
Pseudodiploria186962,0.364034623649699
Pseudodiploria186966,-0.24546634503059
Pseudodiploria186968,0.0875274410750032
Pseudodiploria186969,0.282244324996696
Pseudodiploria186973,-0.103822209866502
Pseudodiploria186979,-0.686826439085403
Pseudodiploria186981,0.418355504423953
Pseudodiploria186983,-0.177790577117313
Pseudodiploria186985,0.141044185335178
Pseudodiploria186990,-0.291536004667022
Pseudodiploria186995,-0.0668438358887837
Pseudodiploria186996,-0.180394131484751
Pseudodiploria186999,-0.392092611592953
Pseudodiploria187001,0.35643905947511
Pseudodiploria187003,0.0251725860118706
Pseudodiploria187005,0.0424016747409067
Pseudodiploria187006,0.104510724752123
Pseudodiploria187007,0.00948719763666935
Pseudodiploria187013,-0.174367346451497
Pseudodiploria187015,-0.0873103929684677
Pseudodiploria187020,0.113486099218076
Pseudodiploria187022,0.412127256347969
Pseudodiploria187023,-0.119179032514076
Pseudodiploria187025,-0.58650221445439
Pseudodiploria187026,0.169568714619723
Pseudodiploria187030,0.834433645197802
Pseudodiploria187031,0.969297103562204
Pseudodiploria187032,-0.0325114483964635
Pseudodiploria187036,0.219826957560941
Pseudodiploria187037,0.232917601906085
Pseudodiploria187038,-0.396039130076654
Pseudodiploria187040,-0.734753815519885
Pseudodiploria187042,0.296676343618107
Pseudodiploria187044,0.18962221322018
Pseudodiploria187045,1.13511966465232
Pseudodiploria187049,-0.0373156681466556
Pseudodiploria187052,-0.416289798362909
Pseudodiploria187055,0.728998425818381
Pseudodiploria187057,0.0767053610616978
Pseudodiploria187058,0.396911443102492
Pseudodiploria187061,0.000106722193361884
Pseudodiploria187063,0.350873052256006
Pseudodiploria187064,0.411215168530822
Pseudodiploria187067,0.167130008516445
Pseudodiploria187069,0.160788007464801
Pseudodiploria187071,0.168777620789145
Pseudodiploria187072,0.254683600283515
Pseudodiploria187074,0.238981941029968
Pseudodiploria187075,0.443608155571635
Pseudodiploria187076,-0.461871203353998
Pseudodiploria187078,0.430382560313389
Pseudodiploria187079,0.145985579423631
Pseudodiploria187080,-0.0120438413623775
Pseudodiploria187085,0.0198084136782249
Pseudodiploria187086,0.134720647760463
Pseudodiploria187094,-0.345124467065385
Pseudodiploria187099,0.016942609937467
Pseudodiploria187101,-0.505816199385252
Pseudodiploria187103,0.45591187078178
Pseudodiploria187105,0.351093468160494
Pseudodiploria187106,0.270802366118026
Pseudodiploria187107,-0.0773834340337316
Pseudodiploria187108,-0.656358175659327
Pseudodiploria187110,-0.450848936582035
Pseudodiploria187111,0.657488665716613
Pseudodiploria187115,-0.0846506694375478
Pseudodiploria187117,0.118160976625387
Pseudodiploria187122,0.137663023929787
Pseudodiploria187123,-0.397154923385528
Pseudodiploria187124,-0.683996700510034
Pseudodiploria187125,-0.200549729698678
Pseudodiploria187127,-0.402609343639823
Pseudodiploria187128,-0.0790228683124377
Pseudodiploria187132,-0.127657510522457
Pseudodiploria187134,-0.236111185632339
Pseudodiploria187137,1.22341950064397
Pseudodiploria187143,-0.650005873053847
Pseudodiploria187148,-0.370890870920487
Pseudodiploria187150,0.265548893327128
Pseudodiploria187151,0.371921534436814
Pseudodiploria187154,-0.217529492476258
Pseudodiploria187156,0.792734992223856
Pseudodiploria187158,0.18981715794624
Pseudodiploria187160,-0.0402261144708523
Pseudodiploria187162,0.18674368332769
Pseudodiploria187163,-0.500259747813447
Pseudodiploria187166,-0.210517894179467
Pseudodiploria187167,-0.325130360491237
Pseudodiploria187174,-0.896069936156358
Pseudodiploria187175,0.0616955388526546
Pseudodiploria187178,0.0805269090425758
Pseudodiploria187180,-0.0174937220707161
Pseudodiploria187182,0.0444093200037649
Pseudodiploria187184,0.327536454195254
Pseudodiploria187188,0.101690202766339
Pseudodiploria187190,0.62883621657897
Pseudodiploria187194,0.46109290346498
Pseudodiploria187196,0.254446097192428
Pseudodiploria187200,-0.0382439731247039
Pseudodiploria187201,0.141259342839107
Pseudodiploria187203,0.432807007683645
Pseudodiploria187205,0.905863325206435
Pseudodiploria187206,0.43832910386518
Pseudodiploria187208,0.505763145710436
Pseudodiploria187209,1.29555997530439
Pseudodiploria187210,0.231042064453578
Pseudodiploria187211,-0.475561402032211
Pseudodiploria187213,-0.243481400555033
Pseudodiploria187214,-0.15977467940004
Pseudodiploria187217,0.350157917563036
Pseudodiploria187218,0.071451418863937
Pseudodiploria187219,0.082948863512676
Pseudodiploria187220,-0.00573443601709888
Pseudodiploria187224,0.234976281472211
Pseudodiploria187225,0.269352536170184
Pseudodiploria187226,-1.9982798189141
Pseudodiploria187227,0.200676039508983
Pseudodiploria187228,0.349907843606238
Pseudodiploria187229,0.387350055218438
Pseudodiploria187230,-0.303301974885359
Pseudodiploria187232,0.0956465632525024
Pseudodiploria187233,0.388571809213432
Pseudodiploria187238,0.698829476789277
Pseudodiploria187240,0.207002077480339
Pseudodiploria187241,0.61253128847489
Pseudodiploria187245,-0.19434088545436
Pseudodiploria187250,0.192720562801134
Pseudodiploria187258,0.26088209257978
Pseudodiploria187263,-0.393657414007371
Pseudodiploria187266,-0.294316294357774
Pseudodiploria187267,0.0620046338809236
Pseudodiploria187270,0.30925573818227
Pseudodiploria187273,0.0860128342710454
Pseudodiploria187275,-0.227142754399629
Pseudodiploria187277,0.548413385208475
Pseudodiploria187279,0.112876570450751
Pseudodiploria187282,-0.128195285021583
Pseudodiploria187283,0.219991922698307
Pseudodiploria187284,-0.350051495240648
Pseudodiploria187287,0.0757934848309234
Pseudodiploria187288,-0.494068445160944
Pseudodiploria187291,-0.457787676275502
Pseudodiploria187292,1.02718771887581
Pseudodiploria187293,0.00373235387973824
Pseudodiploria187295,0.975700660308226
Pseudodiploria187300,0.469763335903178
Pseudodiploria187301,0.0325214966619704
Pseudodiploria187303,-0.204763542734253
Pseudodiploria187304,0.256774892335744
Pseudodiploria187306,0.17216445635698
Pseudodiploria187307,0.102886757471545
Pseudodiploria187309,0.732140345304649
Pseudodiploria187311,-0.46587720785728
Pseudodiploria187312,-0.264822049540793
Pseudodiploria187314,-0.0943458362018967
Pseudodiploria187315,-0.192466300938331
Pseudodiploria187316,0.409059120451263
Pseudodiploria187320,0.109973781998322
Pseudodiploria187321,0.625977785913584
Pseudodiploria187322,-1.32467104275277
Pseudodiploria187324,-0.494718649092784
Pseudodiploria187328,-0.154859508949804
Pseudodiploria187329,-0.0690324769431143
Pseudodiploria187330,0.303975307446689
Pseudodiploria187335,-0.237833248930646
Pseudodiploria187338,-0.0535503870913217
Pseudodiploria187341,-1.17475241082274
Pseudodiploria187344,-0.57103607417476
Pseudodiploria187348,0.387363358731246
Pseudodiploria187352,0.046568796458607
Pseudodiploria187356,0.0485865443350271
Pseudodiploria187357,0.462210745479928
Pseudodiploria187358,0.406739413589468
Pseudodiploria187362,0.0767007039056158
Pseudodiploria187363,-1.01480224766676
Pseudodiploria187364,0.551122239177375
Pseudodiploria187369,0.204438205395291
Pseudodiploria187372,-0.63493089883338
Pseudodiploria187378,0.163044664271209
Pseudodiploria187379,-0.0643253493869359
Pseudodiploria187385,-0.69247029634426
Pseudodiploria187391,0.071372261784289
Pseudodiploria187392,-0.337321584893456
Pseudodiploria187397,0.161622019282635
Pseudodiploria187399,-0.312333755685807
Pseudodiploria187402,0.8046149267615
Pseudodiploria187406,0.34033412365671
Pseudodiploria187408,0.668552696746261
Pseudodiploria187411,-0.110803880519271
Pseudodiploria187414,-0.0266591690476741
Pseudodiploria187415,0.154483652962032
Pseudodiploria187418,0.183181282300816
Pseudodiploria187419,-0.152982982679947
Pseudodiploria187421,0.139749104524501
Pseudodiploria187427,-0.548602779411816
Pseudodiploria187429,-0.362082462326048
Pseudodiploria187430,0.144818281274326
Pseudodiploria187434,-0.0986862315231804
Pseudodiploria187437,0.599661820435988
Pseudodiploria187441,-0.128518938808575
Pseudodiploria187442,-1.0105216110775
Pseudodiploria187446,-0.0288926501749742
Pseudodiploria187447,0.463174420961945
Pseudodiploria187450,-0.312913700661534
Pseudodiploria187455,0.805331438515453
Pseudodiploria187456,-0.62160442183836
Pseudodiploria187458,0.253356968069446
Pseudodiploria187459,0.114234251168472
Pseudodiploria187460,-0.337304083194493
Pseudodiploria187466,0.260932034935205
Pseudodiploria187467,-0.395102558834232
Pseudodiploria187468,0.3045642768441
Pseudodiploria187469,-0.123085982952016
Pseudodiploria187470,0.216719229855649
Pseudodiploria187471,-0.490351419572431
Pseudodiploria187472,0.674360816846589
Pseudodiploria187473,0.0363977552086338
Pseudodiploria187479,-0.376140194966166
Pseudodiploria187480,0.489494609458176
Pseudodiploria187483,0.16619476238766
Pseudodiploria187485,0.197576865837172
Pseudodiploria187486,-0.0760005597854261
Pseudodiploria187487,-0.263035341528328
Pseudodiploria187489,0.11717260560629
Pseudodiploria187490,0.158336821304492
Pseudodiploria187492,-0.312561679002309
Pseudodiploria187493,0.307051943421478
Pseudodiploria187495,0.0371808058753535
Pseudodiploria187499,-1.02034851189764
Pseudodiploria187501,-0.782357906999454
Pseudodiploria187502,-0.342673195090548
Pseudodiploria187506,-0.267750594709066
Pseudodiploria187510,0.094684496424498
Pseudodiploria187519,-0.706570449131448
Pseudodiploria187521,0.343864019127131
Pseudodiploria187523,-0.0973990973178924
Pseudodiploria187524,-0.531281619300151
Pseudodiploria187527,-0.0396267200520625
Pseudodiploria187534,0.0617162612995887
Pseudodiploria187536,-0.507315604402394
Pseudodiploria187538,0.795509284302373
Pseudodiploria187541,0.648871125289918
Pseudodiploria187542,-0.0846715524746647
Pseudodiploria187546,-0.0485074083083743
Pseudodiploria187550,-1.34484945153323
Pseudodiploria187551,0.0320793416669615
Pseudodiploria187552,-0.522015158276688
Pseudodiploria187555,0.0417507445679944
Pseudodiploria187556,-0.225947976234526
Pseudodiploria187557,-0.388658724570684
Pseudodiploria187561,-0.305741411201016
Pseudodiploria187562,-0.184506997882036
Pseudodiploria187563,0.00854583072308739
Pseudodiploria187564,-0.0013720758745179
Pseudodiploria187575,0.0934045964591721
Pseudodiploria187579,-0.121575456606229
Pseudodiploria187580,0.0439095527891051
Pseudodiploria187581,1.32087620460736
Pseudodiploria187584,0.712023811771881
Pseudodiploria187589,0.651147686901319
Pseudodiploria187590,-0.432481422140751
Pseudodiploria187593,0.0550549566501923
Pseudodiploria187594,0.0293938322414732
Pseudodiploria187595,0.0642513120399825
Pseudodiploria187596,0.259287259401342
Pseudodiploria187597,0.542947018948982
Pseudodiploria187601,0.329514467627233
Pseudodiploria187604,0.699142042809032
Pseudodiploria187606,-0.766595074186346
Pseudodiploria187607,0.174674063335417
Pseudodiploria187608,0.118429558692919
Pseudodiploria187611,0.81157661642414
Pseudodiploria187612,-0.321342379583595
Pseudodiploria187613,-0.110387111200709
Pseudodiploria187616,0.160842426013931
Pseudodiploria187617,0.718423215766276
Pseudodiploria187620,-0.0813327391267365
Pseudodiploria187627,0.0960006708317035
Pseudodiploria187628,0.0987402488857342
Pseudodiploria187629,-0.280512233024173
Pseudodiploria187635,-0.565061827826351
Pseudodiploria187642,-0.130288633630011
Pseudodiploria187650,-0.238179922699999
Pseudodiploria187651,0.122552338650701
Pseudodiploria187652,0.17966099643019
Pseudodiploria187656,-0.7419483693319
Pseudodiploria187658,-0.137842152054371
Pseudodiploria187659,-0.254979220578177
Pseudodiploria187662,-0.013103474971819
Pseudodiploria187664,0.158596679181362
Pseudodiploria187665,0.230656910720081
Pseudodiploria187668,0.305179072374819
Pseudodiploria187669,-2.44801483301979
Pseudodiploria187671,-0.0026718228641489
Pseudodiploria187674,-0.117691193103312
Pseudodiploria187675,-0.405116431504607
Pseudodiploria187676,-0.457394412109563
Pseudodiploria187680,-0.125695144359026
Pseudodiploria187682,0.157427571725775
Pseudodiploria187683,-0.0707488566451221
Pseudodiploria187686,0.143082053642363
Pseudodiploria187687,-0.170330670368349
Pseudodiploria187689,0.00138243488350004
Pseudodiploria187692,0.279905741340941
Pseudodiploria187693,0.186247238324886
Pseudodiploria187695,-0.0791810474958513
Pseudodiploria187697,0.251112335956405
Pseudodiploria187704,-0.358983188411
Pseudodiploria187706,-0.455196763345957
Pseudodiploria187708,1.11086473051259
Pseudodiploria187709,0.164335616772888
Pseudodiploria187710,-0.105787455505888
Pseudodiploria187712,0.272835585616649
Pseudodiploria187714,-0.0327429028012541
Pseudodiploria187717,-0.357635303799767
Pseudodiploria187719,-0.00162099163212332
Pseudodiploria187723,-0.150439948203806
Pseudodiploria187727,0.119539800437477
Pseudodiploria187731,-0.18949403304421
Pseudodiploria187733,0.774515508857501
Pseudodiploria187736,0.121227070028315
Pseudodiploria187739,-0.392986124041637
Pseudodiploria187741,0.939140959261446
Pseudodiploria187742,0.224234980434601
Pseudodiploria187747,0.663535303235745
Pseudodiploria187749,-0.0841366346406822
Pseudodiploria187753,0.494810489414059
Pseudodiploria187754,-0.0516985311135499
Pseudodiploria187755,0.119693204584155
Pseudodiploria187756,0.00707302152148456
Pseudodiploria187757,0.23478615147456
Pseudodiploria187758,0.201712771326837
Pseudodiploria187759,0.0267954124504744
Pseudodiploria187766,0.0575903326893578
Pseudodiploria187768,0.342228559756411
Pseudodiploria187774,-0.176598970432777
Pseudodiploria187780,0.189476943086902
Pseudodiploria187781,0.101044965538635
Pseudodiploria187782,-0.122895688722196
Pseudodiploria187784,-0.416656836287342
Pseudodiploria187785,0.317573467094259
Pseudodiploria187790,0.201936078093004
Pseudodiploria187793,1.95946571537899
Pseudodiploria187801,-0.196314986054778
Pseudodiploria187803,0.0693813470174825
Pseudodiploria187805,0.0563117702772862
Pseudodiploria187807,-0.99104620134923
Pseudodiploria187811,-0.352969453284121
Pseudodiploria187815,-0.137418039754543
Pseudodiploria187823,-0.421134268088995
Pseudodiploria187827,0.0104974402889655
Pseudodiploria187828,-0.082976327189396
Pseudodiploria187829,-0.0653002745207473
Pseudodiploria187832,0.638871360820784
Pseudodiploria187833,0.199510618988136
Pseudodiploria187835,-0.40221886183811
Pseudodiploria187839,-1.47778775836792
Pseudodiploria187840,0.555962398250034
Pseudodiploria187841,-0.385544119493933
Pseudodiploria187842,0.250072286070041
Pseudodiploria187845,-0.830282113745989
Pseudodiploria187846,-0.29989676773987
Pseudodiploria187850,0.423055106153577
Pseudodiploria187851,0.902479588646063
Pseudodiploria187855,0.12576833019816
Pseudodiploria187861,0.5958880724861
Pseudodiploria187864,0.329730580467254
Pseudodiploria187865,0.474724998520896
Pseudodiploria187872,-0.293861112197267
Pseudodiploria187873,1.10174219143575
Pseudodiploria187877,0.220687665288709
Pseudodiploria187879,-0.0279623133724958
Pseudodiploria187880,-0.0180285730927163
Pseudodiploria187883,0.41605270984381
Pseudodiploria187885,-0.609676854006704
Pseudodiploria187886,0.334203339233417
Pseudodiploria187887,0.258526908976309
Pseudodiploria187894,-1.12806147938347
Pseudodiploria187896,0.45869301649612
Pseudodiploria187898,0.859119235887375
Pseudodiploria187901,-0.482689838253558
Pseudodiploria187902,0.823187687540401
Pseudodiploria187903,-0.866730959419932
Pseudodiploria187904,0.00543084148230208
Pseudodiploria187907,0.270036721194243
Pseudodiploria187909,0.0977517798281837
Pseudodiploria187913,0.0420051804374951
Pseudodiploria187916,0.0330865446129628
Pseudodiploria187917,-0.713347500611494
Pseudodiploria187918,0.825490130310128
Pseudodiploria187919,0.199702201219662
Pseudodiploria187921,0.282253670456672
Pseudodiploria187930,-0.608472417398451
Pseudodiploria187931,0.376766101407501
Pseudodiploria187932,0.884013834942719
Pseudodiploria187933,0.244978468148628
Pseudodiploria187934,-0.365768889086167
Pseudodiploria187936,-0.128261650165575
Pseudodiploria187942,-0.57324650905478
Pseudodiploria187947,-0.0289584732926825
Pseudodiploria187953,0.103118600141728
Pseudodiploria187954,-0.231725045962314
Pseudodiploria187955,0.521183503434434
Pseudodiploria187957,-0.185975320809743
Pseudodiploria187958,0.127618770470173
Pseudodiploria187961,-0.366574293249723
Pseudodiploria187966,0.23649290898487
Pseudodiploria187970,0.0107548157190179
Pseudodiploria187972,-0.123224625997751
Pseudodiploria187975,0.289276612556513
Pseudodiploria187976,0.833975317991023
Pseudodiploria187977,-0.0637424534174519
Pseudodiploria187978,0.0634302651819349
Pseudodiploria187979,0.292192639276433
Pseudodiploria187980,0.772846886719469
Pseudodiploria187983,-0.15881682003832
Pseudodiploria187984,-0.169721435535552
Pseudodiploria187988,0.637665346968341
Pseudodiploria187993,-0.0415494209826209
Pseudodiploria187994,0.693802985162837
Pseudodiploria188000,0.110099711490241
Pseudodiploria188005,-0.398273721567127
Pseudodiploria188008,0.5427435192816
Pseudodiploria188013,-0.354880860147492
Pseudodiploria188015,-0.0760835583320276
Pseudodiploria188023,0.425712188620076
Pseudodiploria188030,-0.626430638454789
Pseudodiploria188035,-0.848771802960997
Pseudodiploria188045,0.139985915055162
Pseudodiploria188049,-0.116888851439367
Pseudodiploria188054,0.154168462588744
Pseudodiploria188055,-0.332031552329875
Pseudodiploria188056,1.05490574779076
Pseudodiploria188057,0.213859647106682
Pseudodiploria188059,0.00521082250144547
Pseudodiploria188060,0.185936789616772
Pseudodiploria188061,-0.134801891488693
Pseudodiploria188063,0.400673886588464
Pseudodiploria188064,-0.936193662526252
Pseudodiploria188066,-0.0362253135768789
Pseudodiploria188068,0.140969095167211
Pseudodiploria188069,-1.36047522727336
Pseudodiploria188071,0.655734485003235
Pseudodiploria188074,0.0264996366329361
Pseudodiploria188075,0.202241852595366
Pseudodiploria188076,-0.386582333565981
Pseudodiploria188078,0.157668532446765
Pseudodiploria188081,0.193370192221096
Pseudodiploria188083,0.125553790862585
Pseudodiploria188084,-0.195115034293655
Pseudodiploria188089,-0.548224591315772
Pseudodiploria188091,-0.0184039607989974
Pseudodiploria188094,0.479399844147721
Pseudodiploria188096,-0.190091125252304
Pseudodiploria188105,-0.12999234547237
Pseudodiploria188106,-0.885363476788445
Pseudodiploria188107,0.2150219601149
Pseudodiploria188112,0.0603423052718846
Pseudodiploria188113,-0.609132364683449
Pseudodiploria188119,-0.0582516120898467
Pseudodiploria188123,-0.406020249479588
Pseudodiploria188125,0.0103909762863918
Pseudodiploria188127,-0.141089656082974
Pseudodiploria188129,-0.183343629909479
Pseudodiploria188134,-0.0919131560843991
Pseudodiploria188135,-0.806354595787268
Pseudodiploria188137,-0.11242124129257
Pseudodiploria188138,-0.0276990886132828
Pseudodiploria188141,0.664010311362955
Pseudodiploria188142,-0.253195135572738
Pseudodiploria188144,-0.522871685437516
Pseudodiploria188145,-0.291789765001495
Pseudodiploria188149,0.328818136820773
Pseudodiploria188151,0.172591093324496
Pseudodiploria188152,0.0286583479856498
Pseudodiploria188157,-0.255983503412498
Pseudodiploria188159,-0.62749400427619
Pseudodiploria188161,0.193237489568934
Pseudodiploria188163,0.224163878266966
Pseudodiploria188164,0.657361636868804
Pseudodiploria188167,-1.10322035655718
Pseudodiploria188168,-0.111190573705549
Pseudodiploria188170,0.785455150573358
Pseudodiploria188177,-0.235030708907278
Pseudodiploria188179,-0.105363825751554
Pseudodiploria188181,0.168254258747429
Pseudodiploria188186,0.0150191727590965
Pseudodiploria188189,0.450562734737945
Pseudodiploria188190,-0.0457922037003937
Pseudodiploria188191,0.100553069990183
Pseudodiploria188193,-0.276990576313567
Pseudodiploria188195,0.0612722780886883
Pseudodiploria188197,0.198739688746071
Pseudodiploria188198,-0.132154718099985
Pseudodiploria188201,-0.0848796444103861
Pseudodiploria188202,0.0839316628310582
Pseudodiploria188203,-0.694053710010978
Pseudodiploria188205,-0.0177852174972843
Pseudodiploria188209,-0.0204468337434197
Pseudodiploria188211,0.343989922334243
Pseudodiploria188216,-0.481833619639882
Pseudodiploria188217,0.20664237504818
Pseudodiploria188221,-0.546660722341963
Pseudodiploria188222,0.587371127344896
Pseudodiploria188223,0.0104675079317027
Pseudodiploria188224,0.103651163368091
Pseudodiploria188225,-0.0515560584208129
Pseudodiploria188226,0.125292380590833
Pseudodiploria188230,0.860760324412856
Pseudodiploria188234,0.493917525689895
Pseudodiploria188239,0.0875290207534394
Pseudodiploria188242,0.39161459793279
Pseudodiploria188246,0.0711574790530364
Pseudodiploria188247,0.284314979364387
Pseudodiploria188251,-0.627350607350842
Pseudodiploria188252,-0.188083560848865
Pseudodiploria188255,1.2399766414825
Pseudodiploria188256,0.350130585844337
Pseudodiploria188258,-0.36217881287226
Pseudodiploria188261,-0.263527173840246
Pseudodiploria188262,0.307925301924946
Pseudodiploria188263,-0.147339321801996
Pseudodiploria188266,-0.177193177958684
Pseudodiploria188268,-0.0562634475565013
Pseudodiploria188269,-0.760152258965626
Pseudodiploria188271,0.154857831165487
Pseudodiploria188272,-0.486649972106459
Pseudodiploria188273,0.694804862395315
Pseudodiploria188274,-0.406357690392878
Pseudodiploria188275,-0.162136609800397
Pseudodiploria188276,0.853765004127429
Pseudodiploria188278,0.339578782081503
Pseudodiploria188280,0.146494565994636
Pseudodiploria188282,-0.724642357917892
Pseudodiploria188285,-0.0635588672130898
Pseudodiploria188287,0.656113268369967
Pseudodiploria188288,0.0560750090256292
Pseudodiploria188289,0.145641843761394
Pseudodiploria188290,0.0817530472314254
Pseudodiploria188291,-0.0545053839704399
Pseudodiploria188296,0.0663772776384232
Pseudodiploria188298,-0.0436531956009505
Pseudodiploria188301,0.256587739885308
Pseudodiploria188304,-0.0347341036639012
Pseudodiploria188306,-0.141915773782214
Pseudodiploria188308,0.614446617998738
Pseudodiploria188310,-0.136362411503771
Pseudodiploria188314,-0.0644300684138637
Pseudodiploria188316,-0.131104999320443
Pseudodiploria188319,-0.498625071150027
Pseudodiploria188322,0.106571503871306
Pseudodiploria188323,0.539151728817844
Pseudodiploria188324,0.170901901688214
Pseudodiploria188326,0.22813840207168
Pseudodiploria188328,0.535855533546703
Pseudodiploria188331,-0.0845791420384354
Pseudodiploria188332,-0.175202036875924
Pseudodiploria188333,0.0602020951805677
Pseudodiploria188336,0.683036161592178
Pseudodiploria188338,0.207636939566918
Pseudodiploria188339,-1.13507760380398
Pseudodiploria188340,0.0380866830138501
Pseudodiploria188343,-0.623434724279288
Pseudodiploria188345,-0.711016029132347
Pseudodiploria188347,-0.0458543331800194
Pseudodiploria188349,-0.159977743439044
Pseudodiploria188350,0.123663805479442
Pseudodiploria188351,0.322461282886532
Pseudodiploria188354,-0.648517648154175
Pseudodiploria188356,0.0936145146507672
Pseudodiploria188357,-0.0152950242529787
Pseudodiploria188359,0.601960114923827
Pseudodiploria188360,0.222463017252068
Pseudodiploria188361,0.0856651012813164
Pseudodiploria188364,0.0594620282159213
Pseudodiploria188365,-0.050778199462455
Pseudodiploria188371,-0.304081230768495
Pseudodiploria188373,0.250431584564992
Pseudodiploria188374,-0.276130537489815
Pseudodiploria188375,-0.437832221443849
Pseudodiploria188378,-0.356020367546619
Pseudodiploria188379,0.322942005607717
Pseudodiploria188382,-1.04157394019615
Pseudodiploria188384,-0.249877756135624
Pseudodiploria188387,-0.0435936864163698
Pseudodiploria188393,0.305051754694043
Pseudodiploria188396,0.104358927912879
Pseudodiploria188398,-0.353933813034144
Pseudodiploria188405,1.05069282748341
Pseudodiploria188407,-0.17022448389449
Pseudodiploria188410,0.406824584481934
Pseudodiploria188412,0.113608205616253
Pseudodiploria188414,-0.292711679794441
Pseudodiploria188415,0.371564677472508
Pseudodiploria188423,-0.291253943435623
Pseudodiploria188424,-0.889296244551505
Pseudodiploria188428,0.0156655259888249
Pseudodiploria188432,0.250532101285161
Pseudodiploria188434,0.146287384839546
Pseudodiploria188437,0.612070409229908
Pseudodiploria188438,0.235452341321602
Pseudodiploria188442,0.106343901407026
Pseudodiploria188443,0.465058120657982
Pseudodiploria188445,0.378119523331072
Pseudodiploria188446,0.228411663706535
Pseudodiploria188449,0.351928954027759
Pseudodiploria188451,0.0707480513945749
Pseudodiploria188456,0.492147281304607
Pseudodiploria188457,-0.158288565133845
Pseudodiploria188460,-0.0540239493095544
Pseudodiploria188462,-0.334091859200513
Pseudodiploria188466,-0.292314525939964
Pseudodiploria188467,0.127102975259029
Pseudodiploria188469,0.513915188592494
Pseudodiploria188472,-0.276371613215467
Pseudodiploria188473,-0.182933631629063
Pseudodiploria188474,-0.174018138172
Pseudodiploria188475,-0.0484960139079517
Pseudodiploria188478,0.0874201623226364
Pseudodiploria188479,0.118788609176493
Pseudodiploria188482,0.393905128814741
Pseudodiploria188484,-0.0328907604571202
Pseudodiploria188486,-0.402928420222281
Pseudodiploria188487,0.0687791152607042
Pseudodiploria188489,-0.247603298882661
Pseudodiploria188497,-0.400623623707879
Pseudodiploria188498,-0.725894151703642
Pseudodiploria188499,-0.388288776470313
Pseudodiploria188505,0.233439616584469
Pseudodiploria188506,0.04670484987888
Pseudodiploria188507,0.518102329162453
Pseudodiploria188508,0.250804438805286
Pseudodiploria188512,-0.209916369524676
Pseudodiploria188513,0.357034570380046
Pseudodiploria188514,-0.215392648852738
Pseudodiploria188515,0.0518238738107474
Pseudodiploria188516,-0.760037195414676
Pseudodiploria188523,0.0682419440980527
Pseudodiploria188524,0.461181497112845
Pseudodiploria188527,0.0465376840424218
Pseudodiploria188528,0.166358347051438
Pseudodiploria188530,-0.481425166492337
Pseudodiploria188531,-0.0705806189254963
Pseudodiploria188534,0.102352106623808
Pseudodiploria188535,0.254337906251005
Pseudodiploria188536,0.279604072457155
Pseudodiploria188537,0.294962404950969
Pseudodiploria188539,-0.0588974624095757
Pseudodiploria188541,-0.475888383928294
Pseudodiploria188545,-0.0221597037756016
Pseudodiploria188547,0.210224704222905
Pseudodiploria188552,0.376859074924447
Pseudodiploria188554,0.241759253710174
Pseudodiploria188560,-0.642272649569193
Pseudodiploria188561,-0.426990852540926
Pseudodiploria188562,0.416565928843459
Pseudodiploria188564,-0.601086670603523
Pseudodiploria188565,0.915513962968181
Pseudodiploria188567,1.00723216591774
Pseudodiploria188568,-0.0770051278973237
Pseudodiploria188573,-0.439612934717896
Pseudodiploria188576,0.245955224003454
Pseudodiploria188577,0.0818110436159542
Pseudodiploria188579,-0.0242026092769913
Pseudodiploria188582,0.398213949380719
Pseudodiploria188583,0.104465616764067
Pseudodiploria188584,0.722798301310999
Pseudodiploria188585,0.0539311713491628
Pseudodiploria188586,0.0146394923200313
Pseudodiploria188587,0.0632383431827083
Pseudodiploria188588,0.271781467364628
Pseudodiploria188589,-0.0728373823149221
Pseudodiploria188590,-0.594882800059271
Pseudodiploria188593,-0.272011910967133
Pseudodiploria188595,-0.160200498650737
Pseudodiploria188596,0.0179268314441679
Pseudodiploria188598,-0.018816747334051
Pseudodiploria188599,0.288837006869054
Pseudodiploria188602,-0.942113124957338
Pseudodiploria188607,-0.461503960462557
Pseudodiploria188608,-0.389518329818924
Pseudodiploria188609,0.378964850322746
Pseudodiploria188610,-0.412335231036301
Pseudodiploria188612,0.200418341442278
Pseudodiploria188619,0.181097511646035
Pseudodiploria188622,0.150244449063786
Pseudodiploria188624,-0.715564581391527
Pseudodiploria188625,0.164797530412976
Pseudodiploria188626,0.98734018524892
Pseudodiploria188628,-1.09116935986234
Pseudodiploria188630,-0.203867785713511
Pseudodiploria188635,-0.0698576342340156
Pseudodiploria188637,-0.532458684793828
Pseudodiploria188638,0.169610184862624
Pseudodiploria188639,0.407330963959811
Pseudodiploria188640,0.179221265055933
Pseudodiploria188642,-0.0389827061295323
Pseudodiploria188643,-0.199242681135247
Pseudodiploria188645,0.164548560065534
Pseudodiploria188646,-0.212045412647041
Pseudodiploria188649,0.0369886571381308
Pseudodiploria188652,0.288967416510571
Pseudodiploria188656,0.116682289497935
Pseudodiploria188658,-0.0209267776104862
Pseudodiploria188659,-0.446355536534301
Pseudodiploria188665,0.111172542790721
Pseudodiploria188669,-0.419104492923354
Pseudodiploria188671,0.290068487131209
Pseudodiploria188678,0.226802631447366
Pseudodiploria188681,-0.590047430044909
Pseudodiploria188682,0.0479565040801299
Pseudodiploria188683,-0.270823322273345
Pseudodiploria188685,-0.275038051192955
Pseudodiploria188686,-0.227687292978182
Pseudodiploria188687,0.201862792756104
Pseudodiploria188688,-1.64566985069878
Pseudodiploria188689,-0.232792829095509
Pseudodiploria188693,-0.336226161776883
Pseudodiploria188694,0.18443981835026
Pseudodiploria188699,-0.135636300910271
Pseudodiploria188700,-0.602094526731484
Pseudodiploria188705,0.289202567182794
Pseudodiploria188710,0.415021304134063
Pseudodiploria188714,0.3292736419067
Pseudodiploria188715,-0.0240109692470126
Pseudodiploria188716,-0.601336629532806
Pseudodiploria188718,0.118156024293454
Pseudodiploria188719,0.421198815359311
Pseudodiploria188721,0.0931982923215613
Pseudodiploria188724,0.414983085658845
Pseudodiploria188725,0.318628193164059
Pseudodiploria188728,0.327943342389926
Pseudodiploria188730,-0.356163968273829
Pseudodiploria188731,-0.0883493457398106
Pseudodiploria188733,-0.264528606805392
Pseudodiploria188737,0.0387676356343339
Pseudodiploria188738,-0.208929228134013
Pseudodiploria188739,0.692547500405744
Pseudodiploria188741,-0.885816173009855
Pseudodiploria188743,-0.524309137269299
Pseudodiploria188745,0.411309277925148
Pseudodiploria188750,0.0674532477044052
Pseudodiploria188751,0.0546925895292616
Pseudodiploria188757,-0.293405499075724
Pseudodiploria188760,-0.876534211151411
Pseudodiploria188761,0.129604341914936
Pseudodiploria188764,-0.503927103141494
Pseudodiploria188765,-0.0270459564847979
Pseudodiploria188766,-0.565457402241932
Pseudodiploria188767,-0.650006787553093
Pseudodiploria188770,-0.113219983150757
Pseudodiploria188771,0.029655043570845
Pseudodiploria188775,-0.107560552029351
Pseudodiploria188778,0.100534062961567
Pseudodiploria188779,0.636768403095807
Pseudodiploria188780,-0.058407203424827
Pseudodiploria188782,0.257739940465667
Pseudodiploria188783,0.121940287339173
Pseudodiploria188784,-0.82989270622863
Pseudodiploria188786,0.760663456074142
Pseudodiploria188787,-0.477881808156571
Pseudodiploria188788,-0.0859212350926755
Pseudodiploria188790,0.386346974181436
Pseudodiploria188793,0.266462457950157
Pseudodiploria188794,0.490487691039042
Pseudodiploria188797,-0.133650894699906
Pseudodiploria188800,-0.356501542939627
Pseudodiploria188803,-0.169857131597274
Pseudodiploria188805,0.10910153207453
Pseudodiploria188806,-0.275108978460317
Pseudodiploria188808,-0.29540691329439
Pseudodiploria188810,0.366339211067985
Pseudodiploria188812,0.0872697657992264
Pseudodiploria188815,0.241687427112113
Pseudodiploria188817,0.0569404518288388
Pseudodiploria188818,0.510908266414218
Pseudodiploria188819,-0.897422214129938
Pseudodiploria188821,-0.46844944642255
Pseudodiploria188824,-0.832779409531814
Pseudodiploria188827,0.0339488210680702
Pseudodiploria188829,0.372634313934263
Pseudodiploria188832,-0.214525680067809
Pseudodiploria188833,-0.301033759865426
Pseudodiploria188835,-0.378974484999985
Pseudodiploria188836,-0.231951319294639
Pseudodiploria188842,0.420173949953812
Pseudodiploria188843,0.123305981429214
Pseudodiploria188845,-0.615230417103347
Pseudodiploria188846,0.081239776297905
Pseudodiploria188849,-0.170824462114618
Pseudodiploria188850,0.0642085290166665
Pseudodiploria188853,-0.402098312008427
Pseudodiploria188855,0.0526638049430774
Pseudodiploria188860,0.103461065328401
Pseudodiploria188861,-0.871242835726848
Pseudodiploria188862,-0.217384770525503
Pseudodiploria188865,0.379994256760523
Pseudodiploria188866,-0.000563957932140287
Pseudodiploria188867,-1.96134120275913
Pseudodiploria188868,-1.62857395357963
Pseudodiploria188871,0.112232236015447
Pseudodiploria188872,0.285826769444059
Pseudodiploria188874,0.23531430872372
Pseudodiploria188886,0.00291928750726789
Pseudodiploria188887,-0.685434824860582
Pseudodiploria188888,0.151385761679398
Pseudodiploria188889,0.0645993684061449
Pseudodiploria188891,-0.437788802763629
Pseudodiploria188894,0.00687062182031143
Pseudodiploria188899,-0.154996550691819
Pseudodiploria188900,0.434145607119067
Pseudodiploria188905,0.164014416584042
Pseudodiploria188906,0.716652234942291
Pseudodiploria188908,0.0546264858736095
Pseudodiploria188910,-0.088433577282592
Pseudodiploria188911,0.0718931701440054
Pseudodiploria188917,0.330739176013389
Pseudodiploria188920,-0.23955973655799
Pseudodiploria188923,-0.135794081214371
Pseudodiploria188926,0.569687940493072
Pseudodiploria188929,0.744657756557061
Pseudodiploria188930,-0.0744310764203054
Pseudodiploria188931,0.596172149245715
Pseudodiploria188932,-0.228987227640671
Pseudodiploria188936,0.182419057618352
Pseudodiploria188937,0.517472990401199
Pseudodiploria188939,-0.0600277352040416
Pseudodiploria188940,-0.297425293935554
Pseudodiploria188943,0.369859893285244
Pseudodiploria188945,-0.127198689870883
Pseudodiploria188949,-0.537381394911183
Pseudodiploria188951,1.19168179107345
Pseudodiploria188952,0.409935214843669
Pseudodiploria188953,0.00183920692228249
Pseudodiploria188954,0.171971773728139
Pseudodiploria188956,0.405122556025729
Pseudodiploria188957,-0.0628426523902678
Pseudodiploria188959,0.181106720349124
Pseudodiploria188960,0.384728995469275
Pseudodiploria188965,-0.53345258042695
Pseudodiploria188969,-0.258187681739432
Pseudodiploria188970,0.371122674276826
Pseudodiploria188977,-0.128830663904001
Pseudodiploria188978,-0.268697386757529
Pseudodiploria188980,-0.132784058643529
Pseudodiploria188981,0.600791658250371
Pseudodiploria188986,-0.312949306572103
Pseudodiploria188987,-0.0515103508067337
Pseudodiploria188988,0.200537981666133
Pseudodiploria188990,0.395289756934369
Pseudodiploria188992,0.302582179873487
Pseudodiploria188994,-0.0566106778327306
Pseudodiploria188997,-0.14379988300498
Pseudodiploria189004,0.44512377954886
Pseudodiploria189005,0.193623376820589
Pseudodiploria189009,-0.351291360554901
Pseudodiploria189011,-0.762051991153842
Pseudodiploria189012,-0.487838725817301
Pseudodiploria189016,0.252640949948329
Pseudodiploria189017,0.357466706675858
Pseudodiploria189021,0.914457193905547
Pseudodiploria189023,0.506308778663649
Pseudodiploria189024,-0.6079559567229
Pseudodiploria189025,0.435198541757096
Pseudodiploria189027,0.26823835658458
Pseudodiploria189028,0.368238388524617
Pseudodiploria189029,-0.194339803940945
Pseudodiploria189030,0.517493818236344
Pseudodiploria189032,0.111242291400797
Pseudodiploria189036,0.0875056879885301
Pseudodiploria189038,1.32027199801347
Pseudodiploria189043,-0.112653384686783
Pseudodiploria189047,0.241132628039127
Pseudodiploria189050,-0.15724808117231
Pseudodiploria189052,0.495478398912014
Pseudodiploria189053,-0.887380908947943
Pseudodiploria189054,0.136221677338887
Pseudodiploria189056,-0.237572246375737
Pseudodiploria189057,0.218687148137908
Pseudodiploria189058,0.00689968500785752
Pseudodiploria189060,0.243308243679044
Pseudodiploria189061,-0.170587987741323
Pseudodiploria189065,0.454454626267053
Pseudodiploria189068,-0.400549634640218
Pseudodiploria189069,-0.307964302695206
Pseudodiploria189070,0.208713114621145
Pseudodiploria189071,-0.0317364744639461
Pseudodiploria189072,-0.257988495203936
Pseudodiploria189074,-0.1806375661342
Pseudodiploria189075,-1.32859614610665
Pseudodiploria189076,-0.384012842322502
Pseudodiploria189077,0.174251342298675
Pseudodiploria189079,-0.140864686471927
Pseudodiploria189082,0.456349537741384
Pseudodiploria189084,-0.510619453462452
Pseudodiploria189087,0.297035828321588
Pseudodiploria189089,0.0242323810363905
Pseudodiploria189091,-0.300827661372752
Pseudodiploria189095,-0.322521681653862
Pseudodiploria189096,-0.179594621074879
Pseudodiploria189097,0.161611816191504
Pseudodiploria189100,0.617772571592908
Pseudodiploria189101,0.227478183801709
Pseudodiploria189102,0.386815760194083
Pseudodiploria189104,-1.02610333402621
Pseudodiploria189106,-0.172725319072875
Pseudodiploria189109,0.120417732776206
Pseudodiploria189110,0.205863994356316
Pseudodiploria189111,-0.387588036246237
Pseudodiploria189113,1.10379084029186
Pseudodiploria189114,1.16991110791247
Pseudodiploria189123,-0.4932859227569
Pseudodiploria189124,0.0783895167766742
Pseudodiploria189127,0.0874706586436272
Pseudodiploria189131,0.483878738038671
Pseudodiploria189133,0.0527688850116103
Pseudodiploria189134,-0.103994000120744
Pseudodiploria189136,-0.265776282494155
Pseudodiploria189137,0.440791191565193
Pseudodiploria189138,-0.0533774156043506
Pseudodiploria189139,0.391738584814505
Pseudodiploria189141,-0.108883216247741
Pseudodiploria189145,-0.0472791975062282
Pseudodiploria189146,0.434729184523607
Pseudodiploria189149,0.0129459870870765
Pseudodiploria189153,0.261295694889239
Pseudodiploria189156,-0.0978654184489907
Pseudodiploria189160,0.477513971826871
Pseudodiploria189162,0.196211625171497
Pseudodiploria189163,0.165565156370734
Pseudodiploria189165,-0.963286920997058
Pseudodiploria189166,-0.674193211178326
Pseudodiploria189168,0.452821940495166
Pseudodiploria189169,0.176099512944339
Pseudodiploria189170,0.0858694930209297
Pseudodiploria189174,0.277464977622252
Pseudodiploria189176,0.535106636226089
Pseudodiploria189178,-0.241400802081936
Pseudodiploria189179,-0.59182370731774
Pseudodiploria189180,0.0175372843679212
Pseudodiploria189181,0.414150180504384
Pseudodiploria189182,0.0750310359543286
Pseudodiploria189184,-0.604088213166784
Pseudodiploria189185,0.47837735457957
Pseudodiploria189186,-0.0691911752322933
Pseudodiploria189188,0.448702407986063
Pseudodiploria189189,-0.182967383287878
Pseudodiploria189190,0.109391346552328
Pseudodiploria189191,-0.00875331945426096
Pseudodiploria189196,0.00601004751413214
Pseudodiploria189197,-0.286299912465526
Pseudodiploria189198,0.161118077656827
Pseudodiploria189200,0.0832615404808656
Pseudodiploria189202,-0.282145350349231
Pseudodiploria189203,0.0924780439004538
Pseudodiploria189208,-0.32567499740638
Pseudodiploria189209,0.375406648990844
Pseudodiploria189211,0.420549290944431
Pseudodiploria189212,0.366192045280759
Pseudodiploria189214,0.0591645438800978
Pseudodiploria189217,0.0405566289586463
Pseudodiploria189218,0.260562328221583
Pseudodiploria189220,-0.34127143815913
Pseudodiploria189222,-0.349802171563631
Pseudodiploria189225,0.00912560453962248
Pseudodiploria189228,-0.0980572302698401
Pseudodiploria189230,0.545846928656968
Pseudodiploria189231,0.00403567405769746
Pseudodiploria189232,-0.328969854781102
Pseudodiploria189233,-0.0715225563860038
Pseudodiploria189235,0.013920556467826
Pseudodiploria189238,0.769031575368012
Pseudodiploria189239,0.177124657298277
Pseudodiploria189246,-0.17269642916311
Pseudodiploria189247,0.548829953459799
Pseudodiploria189248,-1.30243145468704
Pseudodiploria189249,-0.400446373761298
Pseudodiploria189252,-0.0078200504771893
Pseudodiploria189258,0.0428312640370285
Pseudodiploria189264,0.756656505508711
Pseudodiploria189265,-0.332120669464182
Pseudodiploria189266,-0.342477780192516
Pseudodiploria189267,-0.034419308812548
Pseudodiploria189270,0.612041039266186
Pseudodiploria189273,-0.0583985893088429
Pseudodiploria189276,-0.270522020794466
Pseudodiploria189277,-0.545582006223687
Pseudodiploria189278,-0.565396918019055
Pseudodiploria189280,0.0591122567710527
Pseudodiploria189281,-0.242241623234591
Pseudodiploria189282,-0.961135646860886
Pseudodiploria189286,0.556327939559875
Pseudodiploria189287,0.841309336390577
Pseudodiploria189289,-0.172283253627265
Pseudodiploria189290,-0.0742328929575231
Pseudodiploria189292,0.922166342299899
Pseudodiploria189293,0.403852930041224
Pseudodiploria189294,-0.0907296403823287
Pseudodiploria189295,0.508360983003152
Pseudodiploria189299,-0.393578531416103
Pseudodiploria189303,-0.021202289675399
Pseudodiploria189304,0.786556907175865
Pseudodiploria189307,0.678655782082017
Pseudodiploria189308,-0.456670052868035
Pseudodiploria189310,0.0875808983427352
Pseudodiploria189312,0.558197542153308
Pseudodiploria189315,0.354673741277076
Pseudodiploria189316,-0.243323525133298
Pseudodiploria189317,-0.16880350810178
Pseudodiploria189326,0.105989534115438
Pseudodiploria189328,0.532138698291221
Pseudodiploria189330,0.371866038188393
Pseudodiploria189331,-0.00806930062460692
Pseudodiploria189332,0.201800181818657
Pseudodiploria189335,-0.697666141285447
Pseudodiploria189337,0.287184219305199
Pseudodiploria189340,0.0443339099919243
Pseudodiploria189341,-0.218953784875495
Pseudodiploria189347,0.390042088615523
Pseudodiploria189348,0.152705501573701
Pseudodiploria189354,-0.106736436993585
Pseudodiploria189355,-0.103459663649735
Pseudodiploria189357,0.573872309587057
Pseudodiploria189358,0.138121157769302
Pseudodiploria189359,-0.0178395939317977
Pseudodiploria189365,0.0671482410140668
Pseudodiploria189371,-0.10924870757918
Pseudodiploria189372,-0.0148172577779264
Pseudodiploria189373,0.157570814048507
Pseudodiploria189377,-0.050382299127458
Pseudodiploria189378,-0.463520740309904
Pseudodiploria189379,0.405007532455961
Pseudodiploria189382,0.518679633354951
Pseudodiploria189385,0.0612392211604287
Pseudodiploria189386,-0.324213797663151
Pseudodiploria189389,-0.0514794978627464
Pseudodiploria189390,-0.0342032024854986
Pseudodiploria189394,0.960523970932222
Pseudodiploria189395,-0.00400574967929243
Pseudodiploria189398,0.0143616458891062
Pseudodiploria189400,-0.429083949936388
Pseudodiploria189402,-0.447430375436022
Pseudodiploria189404,0.0399304842408018
Pseudodiploria189409,-0.117337892866998
Pseudodiploria189410,1.14080751947909
Pseudodiploria189411,-0.0838406546116276
Pseudodiploria189420,-0.451609406413031
Pseudodiploria189421,-0.315884776187497
Pseudodiploria189423,0.250051984424082
Pseudodiploria189427,0.0851972371905463
Pseudodiploria189429,0.274671974231202
Pseudodiploria189431,0.400760563581548
Pseudodiploria189432,-0.20027240002706
Pseudodiploria189433,0.0266586114969586
Pseudodiploria189436,0.492642533247959
Pseudodiploria189437,0.579091206927958
Pseudodiploria189438,-0.102951184478551
Pseudodiploria189439,-0.0277034690164267
Pseudodiploria189442,-0.273501148537671
Pseudodiploria189443,-0.592416618442361
Pseudodiploria189444,0.005732009174528
Pseudodiploria189448,0.0449789884633405
Pseudodiploria189452,-0.0358520061757207
Pseudodiploria189453,0.771868888929174
Pseudodiploria189457,0.0311266577026983
Pseudodiploria189458,-0.238438458911404
Pseudodiploria189462,-0.255902900994338
Pseudodiploria189463,0.0146559723370886
Pseudodiploria189465,0.259008121189131
Pseudodiploria189467,0.16125589628954
Pseudodiploria189468,-0.068664658629987
Pseudodiploria189470,-0.467216471149078
Pseudodiploria189472,0.184744581642043
Pseudodiploria189473,0.156054818969822
Pseudodiploria189477,0.697083659812742
Pseudodiploria189479,0.269453263864598
Pseudodiploria189484,-0.485542398655481
Pseudodiploria189485,-0.00133117266353907
Pseudodiploria189489,-0.308092069363689
Pseudodiploria189490,-0.537586404662379
Pseudodiploria189492,-0.212542217674391
Pseudodiploria189494,-0.889951625058778
Pseudodiploria189495,0.00908152181940573
Pseudodiploria189496,0.243889225992608
Pseudodiploria189498,-0.16190124425128
Pseudodiploria189499,-0.0514646471127715
Pseudodiploria189500,-0.264760149176495
Pseudodiploria189503,0.103870965962805
Pseudodiploria189504,-0.274294007899444
Pseudodiploria189506,-0.17814771667481
Pseudodiploria189508,0.503037770570329
Pseudodiploria189509,-0.418830188392609
Pseudodiploria189510,-0.231807218931881
Pseudodiploria189512,0.247557390916164
Pseudodiploria189513,-0.0774628928946817
Pseudodiploria189516,0.479257797920846
Pseudodiploria189519,-0.0748081354760566
Pseudodiploria189521,-0.457362359659607
Pseudodiploria189522,0.0101851838645473
Pseudodiploria189526,-0.522480330459733
Pseudodiploria189529,0.205922846810172
Pseudodiploria189533,0.28676395552561
Pseudodiploria189534,0.123691611449368
Pseudodiploria189536,0.386186365742742
Pseudodiploria189541,-0.482956812156069
Pseudodiploria189542,-0.248634894370998
Pseudodiploria189543,0.103497729089335
Pseudodiploria189545,0.446468718669661
Pseudodiploria189547,-0.0155937632392959
Pseudodiploria189549,-0.0595875249944914
Pseudodiploria189550,0.545205233724565
Pseudodiploria189551,-0.0101842970903516
Pseudodiploria189552,-0.116952036404237
Pseudodiploria189553,-0.0048513924427294
Pseudodiploria189554,-0.204621057827074
Pseudodiploria189555,0.795759930214515
Pseudodiploria189556,0.214801292285019
Pseudodiploria189557,-0.587662188765575
Pseudodiploria189558,0.224902845783131
Pseudodiploria189559,-0.196477994668086
Pseudodiploria189562,0.380320733666037
Pseudodiploria189565,0.0794644122314027
Pseudodiploria189570,0.0523581654964305
Pseudodiploria189571,-0.708147823696621
Pseudodiploria189572,-0.403807050041133
Pseudodiploria189574,0.0887439168349143
Pseudodiploria189578,0.238474526393573
Pseudodiploria189579,0.50532312783191
Pseudodiploria189580,-0.433307066368335
Pseudodiploria189583,-0.208577688936375
Pseudodiploria189584,0.256570965935192
Pseudodiploria189585,0.197781528220459
Pseudodiploria189590,-0.123021612891226
Pseudodiploria189591,-0.0860761773257293
Pseudodiploria189595,-0.569778221622396
Pseudodiploria189596,0.459453516570622
Pseudodiploria189604,-0.0332532856163001
Pseudodiploria189607,0.409050381713455
Pseudodiploria189608,-0.342556577211568
Pseudodiploria189609,-0.0165638469882404
Pseudodiploria189610,0.825218102609633
Pseudodiploria189611,-0.0962520954493113
Pseudodiploria189612,0.481747929921482
Pseudodiploria189614,-0.335552176152399
Pseudodiploria189617,-0.0362104183977948
Pseudodiploria189618,0.72366006377701
Pseudodiploria189623,-0.12039276743159
Pseudodiploria189627,0.411302492732541
Pseudodiploria189628,0.414297584361792
Pseudodiploria189630,-0.919851562580636
Pseudodiploria189631,0.0518232322987411
Pseudodiploria189632,0.408206557910041
Pseudodiploria189638,0.35194582211692
Pseudodiploria189640,-0.177559612630654
Pseudodiploria189642,0.0645018360776384
Pseudodiploria189644,0.366953292479677
Pseudodiploria189645,-0.0162275500016834
Pseudodiploria189646,0.303245038400122
Pseudodiploria189647,-0.413858192447306
Pseudodiploria189650,0.491132288171
Pseudodiploria189652,-0.145369200516802
Pseudodiploria189654,-0.331085302243098
Pseudodiploria189656,-0.0620670039542577
Pseudodiploria189657,0.174228175089829
Pseudodiploria189661,0.173144218907037
Pseudodiploria189663,0.636023518843641
Pseudodiploria189664,0.278587405008474
Pseudodiploria189666,0.238660149628688
Pseudodiploria189671,-0.858573284202621
Pseudodiploria189673,0.176801553601152
Pseudodiploria189675,-0.212212356138201
Pseudodiploria189677,-0.154879616051817
Pseudodiploria189686,1.14479103216258
Pseudodiploria189688,0.495463212288135
Pseudodiploria189689,0.547778591948371
Pseudodiploria189691,0.784007762922646
Pseudodiploria189692,-0.962950533191448
Pseudodiploria189693,-0.277295739872514
Pseudodiploria189696,0.164509645059366
Pseudodiploria189697,0.0662811727971155
Pseudodiploria189698,0.613203184821654
Pseudodiploria189699,-0.0768062234155369
Pseudodiploria189702,-0.0787685139231862
Pseudodiploria189703,-0.147271117537623
Pseudodiploria189704,0.491468551200213
Pseudodiploria189707,0.334274477629803
Pseudodiploria189711,-0.0984024033875141
Pseudodiploria189712,-1.14065082879402
Pseudodiploria189714,-0.133529585303013
Pseudodiploria189716,0.138802652266609
Pseudodiploria189718,-0.171867008668917
Pseudodiploria189721,-0.322950541973842
Pseudodiploria189723,0.161753657101818
Pseudodiploria189724,0.153340925522983
Pseudodiploria189727,-0.384836279142438
Pseudodiploria189728,0.36248086843596
Pseudodiploria189729,-0.0713702297318669
Pseudodiploria189732,-0.0764842514481404
Pseudodiploria189733,-0.280085119024922
Pseudodiploria189735,0.188968578221211
Pseudodiploria189737,-0.00649826446312605
Pseudodiploria189738,0.162151006631281
Pseudodiploria189740,-0.330144252093064
Pseudodiploria189742,0.110742674805094
Pseudodiploria189743,0.234639030249339
Pseudodiploria189747,0.138207342579227
Pseudodiploria189750,0.4320782519816
Pseudodiploria189754,-0.0202521052752717
Pseudodiploria189755,0.0981534852865752
Pseudodiploria189756,0.0133081475144844
Pseudodiploria189759,-0.134587896761707
Pseudodiploria189760,0.28456143037265
Pseudodiploria189764,-0.0706490684489859
Pseudodiploria189765,1.43971571880967
Pseudodiploria189770,0.596606368004369
Pseudodiploria189773,0.338688861457472
Pseudodiploria189774,0.431222385948012
Pseudodiploria189775,-0.177231505103175
Pseudodiploria189777,0.331947750233187
Pseudodiploria189778,-0.206329227560775
Pseudodiploria189789,0.185200202456603
Pseudodiploria189794,-0.00628717903845309
Pseudodiploria189796,0.439718462619358
Pseudodiploria189805,-0.198345173801351
Pseudodiploria189806,-0.0398667742261783
Pseudodiploria189809,-0.0147265969970118
Pseudodiploria189815,0.717016374004908
Pseudodiploria189816,0.386805732026066
Pseudodiploria189818,0.126143598220687
Pseudodiploria189820,-0.451071363254109
Pseudodiploria189825,-0.661546942523246
Pseudodiploria189826,-0.467945679466501
Pseudodiploria189827,-0.269441512723546
Pseudodiploria189830,0.308581945338405
Pseudodiploria189831,-0.0312653389106691
Pseudodiploria189832,0.0374523432276931
Pseudodiploria189834,0.62362815333998
Pseudodiploria189835,0.475770182623301
Pseudodiploria189838,0.325793226799012
Pseudodiploria189839,0.472689249277608
Pseudodiploria189840,0.960734929084354
Pseudodiploria189841,-0.471633704303314
Pseudodiploria189842,-0.161677423644397
Pseudodiploria189844,0.314286734234632
Pseudodiploria189846,0.133325939235484
Pseudodiploria189854,-0.427775265237267
Pseudodiploria189856,0.810313220080926
Pseudodiploria189857,-0.382548774805424
Pseudodiploria189858,0.310431714200912
Pseudodiploria189860,-0.118108042819485
Pseudodiploria189862,0.0702724505763658
Pseudodiploria189863,-0.034255270359592
Pseudodiploria189865,0.419678476858908
Pseudodiploria189866,-0.0641650581819411
Pseudodiploria189868,-0.054166349807773
Pseudodiploria189869,0.153621795176468
Pseudodiploria189870,-0.232220311887145
Pseudodiploria189872,-0.0990973803743535
Pseudodiploria189873,-0.30736337379724
Pseudodiploria189875,-0.129347019514123
Pseudodiploria189878,0.0250944763788749
Pseudodiploria189879,-0.103893580407692
Pseudodiploria189880,0.917628323508084
Pseudodiploria189884,-0.120742537322076
Pseudodiploria189885,0.472211559828862
Pseudodiploria189887,-0.0917148320753033
Pseudodiploria189888,-0.031873643943223
Pseudodiploria189890,-0.451711882129478
Pseudodiploria189892,-0.696633026128877
Pseudodiploria189893,-0.234795907961259
Pseudodiploria189895,-0.000342475066267153
Pseudodiploria189897,0.0743182985632126
Pseudodiploria189900,0.618100353595563
Pseudodiploria189902,-0.421215712571322
Pseudodiploria189903,-0.534855115208729
Pseudodiploria189904,-0.16401445579423
Pseudodiploria189905,0.413193875493977
Pseudodiploria189906,-0.589333630514487
Pseudodiploria189913,0.371674976061548
Pseudodiploria189916,-0.133975594931773
Pseudodiploria189918,0.411044947831508
Pseudodiploria189919,1.43982617052626
Pseudodiploria189923,-0.0115420772932476
Pseudodiploria189926,-0.240269555008985
Pseudodiploria189929,-0.612230194263664
Pseudodiploria189931,0.211128007397581
Pseudodiploria189937,-0.079708210639299
Pseudodiploria189940,-0.21743230059336
Pseudodiploria189943,0.423837268070205
Pseudodiploria189944,-0.948803500046859
Pseudodiploria189947,0.126207412943271
Pseudodiploria189950,-0.157056078902861
Pseudodiploria189951,0.06215261578112
Pseudodiploria189952,0.898981398607872
Pseudodiploria189957,0.180221365838978
Pseudodiploria189958,-0.25939849734369
Pseudodiploria189962,-0.13113547243791
Pseudodiploria189967,0.042756928619673
Pseudodiploria189968,0.22028529385746
Pseudodiploria189969,-0.349159456181601
Pseudodiploria189970,0.293794774392205
Pseudodiploria189980,0.0654902698528085
Pseudodiploria189981,0.874700323271079
Pseudodiploria189983,-1.87362768965491
Pseudodiploria189984,-0.222911663874825
Pseudodiploria189985,0.0873226180707919
Pseudodiploria189987,0.223683874279263
Pseudodiploria189989,0.112286658056987
Pseudodiploria189991,-0.593730047737163
Pseudodiploria189992,0.56611996905159
Pseudodiploria189993,-0.06821336334433
Pseudodiploria189997,-0.0126760812591847
Pseudodiploria189999,-0.2674393169702
Pseudodiploria190002,-0.906506792844289
Pseudodiploria190003,-0.838394285178681
Pseudodiploria190005,-0.827837721282529
Pseudodiploria190006,0.30960797964169
Pseudodiploria190007,0.190447499568002
Pseudodiploria190008,-0.173208613350303
Pseudodiploria190012,-0.588378299690944
Pseudodiploria190013,0.225293621113984
Pseudodiploria190016,-0.635537051386417
Pseudodiploria190020,0.226645995389721
Pseudodiploria190021,-0.296168575876741
Pseudodiploria190022,0.355260968999691
Pseudodiploria190025,0.0755099948612265
Pseudodiploria190028,-0.034912083686814
Pseudodiploria190029,0.435867180137263
Pseudodiploria190030,-0.949577045006679
Pseudodiploria190031,-0.0299084831034864
Pseudodiploria190032,0.100195470040598
Pseudodiploria190033,0.732421048757616
Pseudodiploria190034,0.424090718614626
Pseudodiploria190035,0.14769868327946
Pseudodiploria190038,0.16827064102138
Pseudodiploria190040,-0.0195735911649779
Pseudodiploria190047,-0.127801282718272
Pseudodiploria190049,-0.748884626670588
Pseudodiploria190053,-1.54612373887171
Pseudodiploria190054,-0.844345252692806
Pseudodiploria190056,0.0382037352699163
Pseudodiploria190058,0.0986385843506436
Pseudodiploria190059,0.23891286784552
Pseudodiploria190061,0.170703416257043
Pseudodiploria190066,0.305949747159186
Pseudodiploria190068,0.0271316942371733
Pseudodiploria190070,-0.230534986644209
Pseudodiploria190071,-0.354603982632258
Pseudodiploria190073,0.151903642415842
Pseudodiploria190074,-0.078475534971936
Pseudodiploria190076,-0.499159043169351
Pseudodiploria190079,0.65472071000664
Pseudodiploria190080,-0.0718449222721152
Pseudodiploria190081,0.950097661423747
Pseudodiploria190084,0.100610368745363
Pseudodiploria190085,0.411351719339686
Pseudodiploria190087,0.612734445344097
Pseudodiploria190088,-0.0204397912104329
Pseudodiploria190090,0.161688804352785
Pseudodiploria190091,-0.875895319390436
Pseudodiploria190092,-0.101622000264244
Pseudodiploria190094,0.285584507734517
Pseudodiploria190102,0.108763161737135
Pseudodiploria190105,-0.347803061762164
Pseudodiploria190106,0.0448010466366544
Pseudodiploria190109,-0.221258278213753
Pseudodiploria190111,0.213775004422443
Pseudodiploria190113,-0.0877657872258603
Pseudodiploria190114,0.320215371768957
Pseudodiploria190116,-0.168791085570736
Pseudodiploria190127,0.1040610341504
Pseudodiploria190128,0.0567698375418316
Pseudodiploria190131,-0.20570568341406
Pseudodiploria190134,0.0862518807676901
Pseudodiploria190136,0.0986352351484642
Pseudodiploria190138,-0.0172320187318308
Pseudodiploria190140,-0.209205024902686
Pseudodiploria190142,0.298836204667899
Pseudodiploria190143,0.0813660903929235
Pseudodiploria190144,-0.0930102558137249
Pseudodiploria190145,-0.0839360556764907
Pseudodiploria190146,0.601163509994978
Pseudodiploria190147,0.244498030575509
Pseudodiploria190149,-0.0697425400250275
Pseudodiploria190154,0.375155311171192
Pseudodiploria190157,-0.498321942887402
Pseudodiploria190158,-0.324363151301233
Pseudodiploria190160,0.403827685881535
Pseudodiploria190164,0.497592718661653
Pseudodiploria190166,0.155218409781437
Pseudodiploria190170,0.72198669124665
Pseudodiploria190171,0.278687225784426
Pseudodiploria190172,-0.118432666334305
Pseudodiploria190174,-0.103375200506823
Pseudodiploria190175,0.0608459614707366
Pseudodiploria190176,0.504480843418485
Pseudodiploria190178,0.200999189273239
Pseudodiploria190179,0.287347689964583
Pseudodiploria190181,-0.189389724578452
Pseudodiploria190182,-0.518319254942014
Pseudodiploria190190,0.176817823736999
Pseudodiploria190193,-0.0467746524782997
Pseudodiploria190194,0.154870081905893
Pseudodiploria190197,0.249783795513292
Pseudodiploria190199,-0.2550202878825
Pseudodiploria190201,-0.178271232319294
Pseudodiploria190204,-0.166475372729352
Pseudodiploria190208,0.710806028121595
Pseudodiploria190212,-0.154492343245472
Pseudodiploria190213,0.233231348633149
Pseudodiploria190218,0.50460335813458
Pseudodiploria190219,0.511994770593199
Pseudodiploria190222,-0.0924245705122325
Pseudodiploria190227,-0.361567349189895
Pseudodiploria190228,0.0986328196967582
Pseudodiploria190229,0.703214657537279
Pseudodiploria190231,-0.316525395724983
Pseudodiploria190233,0.286495261763171
Pseudodiploria190236,0.0992447720716674
Pseudodiploria190237,0.200647814219069
Pseudodiploria190238,-0.257672666817347
Pseudodiploria190239,0.0195512483518471
Pseudodiploria190242,-0.355009105194048
Pseudodiploria190245,0.333175873644597
Pseudodiploria190246,0.195643797589509
Pseudodiploria190248,-0.18445780217466
Pseudodiploria190250,0.659808111371969
Pseudodiploria190251,-0.0339704639495827
Pseudodiploria190252,0.549692796825945
Pseudodiploria190265,-0.0731530403131281
Pseudodiploria190267,1.47262838126787
Pseudodiploria190270,0.113701632651275
Pseudodiploria190272,0.398815336010618
Pseudodiploria190273,0.102531769053074
Pseudodiploria190277,0.0849792399404864
Pseudodiploria190278,-0.351233742648658
Pseudodiploria190279,-1.68967127664518
Pseudodiploria190281,0.13113011289422
Pseudodiploria190282,-0.181253258152677
Pseudodiploria190284,-0.482267138202822
Pseudodiploria190287,-0.471467133479254
Pseudodiploria190289,-0.0300386926807296
Pseudodiploria190290,-1.09219908369301
Pseudodiploria190292,-0.37611001608544
Pseudodiploria190294,0.173812954548971
Pseudodiploria190297,-1.1292369409305
Pseudodiploria190298,-0.0748698177800696
Pseudodiploria190301,-0.0991249137432419
Pseudodiploria190303,-0.56777376809558
Pseudodiploria190304,0.077533733273742
Pseudodiploria190305,0.0579212833022562
Pseudodiploria190308,0.0454512722842862
Pseudodiploria190309,-0.121945698110875
Pseudodiploria190311,0.0850134089646233
Pseudodiploria190316,-0.2197813610075
Pseudodiploria190317,0.872488899710788
Pseudodiploria190318,0.162271182445864
Pseudodiploria190319,0.431193278031138
Pseudodiploria190322,-0.590764755273487
Pseudodiploria190323,-0.470526817560241
Pseudodiploria190325,0.779296622338584
Pseudodiploria190327,0.188900299187835
Pseudodiploria190328,0.0109502935894147
Pseudodiploria190329,0.334358842963269
Pseudodiploria190330,-0.250088182046667
Pseudodiploria190331,-0.117089888786509
Pseudodiploria190337,-0.0955954338013261
Pseudodiploria190338,-0.0629515654245129
Pseudodiploria190339,0.0794769800137987
Pseudodiploria190340,-0.0110525919644384
Pseudodiploria190343,-0.295105704090981
Pseudodiploria190345,0.521353520047825
Pseudodiploria190348,0.285700229333381
Pseudodiploria190349,-0.0828049842688353
Pseudodiploria190350,-0.226842744995771
Pseudodiploria190355,0.575204547138777
Pseudodiploria190359,-0.250089989181972
Pseudodiploria190362,0.307480922634182
Pseudodiploria190367,-0.0809615171605569
Pseudodiploria190370,0.890261301147816
Pseudodiploria190371,0.00349587167205413
Pseudodiploria190372,-0.283612165785292
Pseudodiploria190373,-0.420112066365194
Pseudodiploria190375,-0.531766729276142
Pseudodiploria190378,-0.984491287906744
Pseudodiploria190381,0.116855477369201
Pseudodiploria190384,-0.0196931438784765
Pseudodiploria190386,-0.554859126322869
Pseudodiploria190391,-0.288219642666332
Pseudodiploria190392,0.0856039968566664
Pseudodiploria190397,0.34514562978029
Pseudodiploria190398,0.135349520028986
Pseudodiploria190399,0.111016599844087
Pseudodiploria190400,-0.294363543130963
Pseudodiploria190401,-0.273423005444187
Pseudodiploria190404,0.262222076503866
Pseudodiploria190408,-0.131714924921637
Pseudodiploria190409,-0.202437693786118
Pseudodiploria190410,0.0865141788031306
Pseudodiploria190412,0.643304585768096
Pseudodiploria190413,-0.280153332501392
Pseudodiploria190414,-0.287583698861677
Pseudodiploria190415,-0.142332630122386
Pseudodiploria190416,-0.667523186025309
Pseudodiploria190417,0.640528102193528
Pseudodiploria190419,0.213234856164516
Pseudodiploria190420,-0.270090225877704
Pseudodiploria190421,-0.476798952808334
Pseudodiploria190422,0.239297683772835
Pseudodiploria190423,-0.382900091661531
Pseudodiploria190424,-0.126482213979225
Pseudodiploria190425,0.85355383291079
Pseudodiploria190428,-0.0706654068661733
Pseudodiploria190430,0.101283933815334
Pseudodiploria190432,0.0708280771729634
Pseudodiploria190435,0.811234239872814
Pseudodiploria190436,0.228602154152776
Pseudodiploria190441,0.376637872906508
Pseudodiploria190443,-1.69197155339816
Pseudodiploria190445,0.198938210203222
Pseudodiploria190446,0.250724219802595
Pseudodiploria190447,0.635805058702747
Pseudodiploria190448,0.122490920213992
Pseudodiploria190450,-0.0176288909415114
Pseudodiploria190451,0.740773613827901
Pseudodiploria190452,-0.274553157225368
Pseudodiploria190457,0.119001555842375
Pseudodiploria190458,-0.068396654635405
Pseudodiploria190461,0.228156121227304
Pseudodiploria190464,-0.0181282225019299
Pseudodiploria190466,-0.0649886951509939
Pseudodiploria190467,0.0645239463458948
Pseudodiploria190468,-0.20965430678531
Pseudodiploria190469,0.0749053211063216
Pseudodiploria190470,0.492805569798515
Pseudodiploria190474,0.391943678625076
Pseudodiploria190476,-0.0443298502514124
Pseudodiploria190480,-0.0883541050887468
Pseudodiploria190481,0.256039630838159
Pseudodiploria190482,0.206822852192353
Pseudodiploria190483,1.05018568281111
Pseudodiploria190484,-0.301359702368567
Pseudodiploria190487,-0.65470386288502
Pseudodiploria190488,0.313563631585245
Pseudodiploria190490,-0.739794589371297
Pseudodiploria190494,-0.62295075311138
Pseudodiploria190495,0.725452295814522
Pseudodiploria190496,-0.0820604053231406
Pseudodiploria190497,-0.73396441126939
Pseudodiploria190498,-0.170259264239199
Pseudodiploria190503,-0.422131907644626
Pseudodiploria190506,-0.579905568514831
Pseudodiploria190507,0.221515638581097
Pseudodiploria190510,0.0237870904114942
Pseudodiploria190511,-0.0894560645098897
Pseudodiploria190512,0.115857911264889
Pseudodiploria190519,0.23436434911429
Pseudodiploria190521,0.286328595365722
Pseudodiploria190524,-0.1875812550423
Pseudodiploria190525,-0.21293661754074
Pseudodiploria190528,0.00532968046140749
Pseudodiploria190531,0.11703397857054
Pseudodiploria190534,-0.128916809530755
Pseudodiploria190538,0.220279054678455
Pseudodiploria190539,0.201171164080718
Pseudodiploria190542,-0.286439081891764
Pseudodiploria190545,-0.055532692719875
Pseudodiploria190550,0.514088296980756
Pseudodiploria190557,0.550208012895621
Pseudodiploria190561,0.0416272631887875
Pseudodiploria190562,0.299143823463078
Pseudodiploria190566,0.619125196895753
Pseudodiploria190575,0.0954240980962992
Pseudodiploria190577,0.0518737651322337
Pseudodiploria190580,0.6432429155665
Pseudodiploria190582,0.112556045568619
Pseudodiploria190583,-0.0652916135488283
Pseudodiploria190584,-0.123401995918971
Pseudodiploria190587,0.073543163692533
Pseudodiploria190591,-0.765375041807881
Pseudodiploria190592,-0.48995810039179
Pseudodiploria190595,1.1182358792327
Pseudodiploria190596,-0.055600144235531
Pseudodiploria190598,0.76396427316766
Pseudodiploria190600,0.23437959887451
Pseudodiploria190601,0.410912286149912
Pseudodiploria190605,0.0883211376913661
Pseudodiploria190606,0.135293795283117
Pseudodiploria190609,-0.123920075843341
Pseudodiploria190611,0.309714868282235
Pseudodiploria190612,-0.0238918449131822
Pseudodiploria190615,0.315589674747473
Pseudodiploria190616,-0.742223092068672
Pseudodiploria190617,-0.0678590844004039
Pseudodiploria190623,1.02762185183922
Pseudodiploria190624,0.498654570224142
Pseudodiploria190626,-0.02343552672189
Pseudodiploria190627,-0.434014226183637
Pseudodiploria190632,0.269953269794233
Pseudodiploria190634,-0.184044269918628
Pseudodiploria190638,-1.52766405350489
Pseudodiploria190639,0.682549644856605
Pseudodiploria190640,0.307009157536329
Pseudodiploria190642,0.685773506782052
Pseudodiploria190644,0.287050155045229
Pseudodiploria190647,0.516285869059957
Pseudodiploria190648,0.429186439242298
Pseudodiploria190651,0.168400823522336
Pseudodiploria190652,0.287028837580186
Pseudodiploria190653,0.0285831453457036
Pseudodiploria190654,-0.124660419838669
Pseudodiploria190659,-0.0905678357062718
Pseudodiploria190660,-0.0551037963407173
Pseudodiploria190661,-0.895663468089577
Pseudodiploria190664,-0.120080130441946
Pseudodiploria190667,0.202750926075926
Pseudodiploria190669,0.0902122495753799
Pseudodiploria190670,0.503224978869218
Pseudodiploria190671,-0.0176121438771561
Pseudodiploria190674,-0.848071389541165
Pseudodiploria190676,0.471162618845309
Pseudodiploria190677,0.179317987468064
Pseudodiploria190678,-0.0888918726979733
Pseudodiploria190681,0.0477322540168591
Pseudodiploria190682,0.861764356331893
Pseudodiploria190683,-0.274535186125706
Pseudodiploria190688,-0.136690319335597
Pseudodiploria190689,0.535976577095614
Pseudodiploria190693,-0.606614831710173
Pseudodiploria190698,0.190453014773397
Pseudodiploria190700,-0.205489593941973
Pseudodiploria190703,-0.185924011196717
Pseudodiploria190704,0.505664203632198
Pseudodiploria190706,1.05901923525057
Pseudodiploria190708,-0.36450375981274
Pseudodiploria190714,0.160248487045128
Pseudodiploria190716,-0.317520968731082
Pseudodiploria190717,0.0529013088287606
Pseudodiploria190718,0.0896156894371875
Pseudodiploria190719,-0.510406421127016
Pseudodiploria190721,-0.0332555107600364
Pseudodiploria190723,0.869377501314702
Pseudodiploria190724,0.151609948269402
Pseudodiploria190726,1.1920455038451
Pseudodiploria190727,-0.178369465382599
Pseudodiploria190728,0.725865387779839
Pseudodiploria190729,-0.739156695395799
Pseudodiploria190730,0.804107654460161
Pseudodiploria190731,-0.109191188356738
Pseudodiploria190733,0.452240986079455
Pseudodiploria190737,0.290735371370266
Pseudodiploria190738,-0.000215202306671031
Pseudodiploria190739,-0.301745356101285
Pseudodiploria190740,0.683324713733036
Pseudodiploria190741,-0.227269955320537
Pseudodiploria190742,-0.590677370499413
Pseudodiploria190743,-0.0188071175070771
Pseudodiploria190750,0.063217998342639
Pseudodiploria190757,-0.342511234952496
Pseudodiploria190758,0.225426117050972
Pseudodiploria190760,0.0552898796150019
Pseudodiploria190762,0.221263465193716
Pseudodiploria190765,0.659173990675289
Pseudodiploria190766,-0.225308275148178
Pseudodiploria190768,0.865983188860408
Pseudodiploria190770,-0.259249666722506
Pseudodiploria190771,0.343136691229719
Pseudodiploria190773,-0.286736892812863
Pseudodiploria190775,0.104953174497529
Pseudodiploria190777,0.0375054934404074
Pseudodiploria190779,-0.403313182026222
Pseudodiploria190780,1.15641087429208
Pseudodiploria190783,0.321262673846706
Pseudodiploria190785,-0.220942252755561
Pseudodiploria190786,0.225838285197004
Pseudodiploria190787,0.0223647825522772
Pseudodiploria190791,0.326927488339221
Pseudodiploria190792,0.416008921118095
Pseudodiploria190795,-0.20570685885516
Pseudodiploria190802,0.481298123771395
Pseudodiploria190803,-0.153662445848107
Pseudodiploria190804,0.236059749340827
Pseudodiploria190807,0.191328931150696
Pseudodiploria190809,0.181249880826668
Pseudodiploria190810,0.207054999001467
Pseudodiploria190811,-0.246682942485817
Pseudodiploria190812,0.226552666177024
Pseudodiploria190813,0.0946561795478853
Pseudodiploria190818,-0.083076251247175
Pseudodiploria190820,0.190945608923137
Pseudodiploria190824,-0.227166112913017
Pseudodiploria190825,0.0459835854364076
Pseudodiploria190826,-0.214464418662221
Pseudodiploria190827,0.196439072940775
Pseudodiploria190829,-0.225753608644905
Pseudodiploria190833,1.48793107563422
Pseudodiploria190834,-0.393387667885519
Pseudodiploria190840,0.150809916672169
Pseudodiploria190842,1.05571509759289
Pseudodiploria190843,-0.0781921369960229
Pseudodiploria190846,-0.394469510218038
Pseudodiploria190848,0.13155604396174
Pseudodiploria190849,-0.306740470609144
Pseudodiploria190850,0.1633575481084
Pseudodiploria190852,0.184701419659831
Pseudodiploria190853,0.0139407435441392
Pseudodiploria190855,-0.66202429387105
Pseudodiploria190857,0.753196128341975
Pseudodiploria190859,0.299589766319953
Pseudodiploria190862,0.170617194214716
Pseudodiploria190863,0.0707746905043629
Pseudodiploria190865,0.373747298519374
Pseudodiploria190867,-0.445275919348267
Pseudodiploria190868,0.165021092362634
Pseudodiploria190869,0.10345485193948
Pseudodiploria190871,-0.743533120840083
Pseudodiploria190872,0.544938505098858
Pseudodiploria190873,-1.17684494323834
Pseudodiploria190875,-0.439077540485788
Pseudodiploria190876,-0.870884397958264
Pseudodiploria190877,-0.17583984421621
Pseudodiploria190879,0.787704623477888
Pseudodiploria190880,0.505754407414898
Pseudodiploria190883,0.402224637621692
Pseudodiploria190887,-0.227467350595566
Pseudodiploria190889,0.48160270228835
Pseudodiploria190890,-0.0773181826083802
Pseudodiploria190893,-0.276872943320618
Pseudodiploria190894,-0.0562938693476268
Pseudodiploria190895,0.138966114440419
Pseudodiploria190900,0.361685519634004
Pseudodiploria190902,0.597934988624445
Pseudodiploria190904,-0.62740550286697
Pseudodiploria190909,-0.0319964403500887
Pseudodiploria190910,0.202195844053106
Pseudodiploria190911,-0.229106486169196
Pseudodiploria190912,-0.469520982174162
Pseudodiploria190913,-1.75155225501307
Pseudodiploria190914,-0.348082983566518
Pseudodiploria190917,-0.119833781778569
Pseudodiploria190923,0.137214425180173
Pseudodiploria190925,0.965558321675446
Pseudodiploria190926,0.341884032848383
Pseudodiploria190927,-0.0599261206253937
Pseudodiploria190931,0.470851371262408
Pseudodiploria190933,0.0412337797664729
Pseudodiploria190938,-0.160090720735513
Pseudodiploria190939,-0.218590972263971
Pseudodiploria190940,0.0588259568655781
Pseudodiploria190941,-0.0221152066665149
Pseudodiploria190944,0.0755259235883376
Pseudodiploria190946,0.169105184763858
Pseudodiploria190947,-0.0972021719183677
Pseudodiploria190949,0.811934534585204
Pseudodiploria190951,-0.00742413898174577
Pseudodiploria190959,-0.544005344415531
Pseudodiploria190960,0.100512091899109
Pseudodiploria190961,-0.100155075931151
Pseudodiploria190962,0.646901179436136
Pseudodiploria190963,-0.0425095352816793
Pseudodiploria190965,-0.125840885105195
Pseudodiploria190966,-0.243166588625766
Pseudodiploria190967,0.247660193654438
Pseudodiploria190969,-0.0203855750870435
Pseudodiploria190971,-0.680710544096096
Pseudodiploria190976,0.404978194854136
Pseudodiploria190978,0.375082640305996
Pseudodiploria190979,-1.48255817269113
Pseudodiploria190983,0.484511953806622
Pseudodiploria190988,-0.0376005360209268
Pseudodiploria190989,-0.0342528554126299
Pseudodiploria190991,0.116013133352381
Pseudodiploria190994,0.805144175281049
Pseudodiploria190995,-0.214926540191241
Pseudodiploria190996,0.381889798068547
Pseudodiploria190997,0.521287232110633
Pseudodiploria190998,-0.342781342130175
Pseudodiploria190999,0.0714094920327074
Pseudodiploria191000,-0.131211432232854
Pseudodiploria191002,-0.0620456575845648
Pseudodiploria191003,0.221537874778368
Pseudodiploria191004,-0.878981031385548
Pseudodiploria191013,-0.305979259267199
Pseudodiploria191014,0.268892933783091
Pseudodiploria191015,-0.191390329713575
Pseudodiploria191017,-0.0701457372199293
Pseudodiploria191020,0.217977893177581
Pseudodiploria191021,-0.0256423596008822
Pseudodiploria191022,0.289024573673477
Pseudodiploria191031,0.305359206026026
Pseudodiploria191037,0.272676942758901
Pseudodiploria191038,-0.894095080237991
Pseudodiploria191044,0.143315008476097
Pseudodiploria191046,-0.28298003136497
Pseudodiploria191047,-0.107837887926456
Pseudodiploria191053,0.113732599012392
Pseudodiploria191058,0.187605227919263
Pseudodiploria191060,-0.183948516022353
Pseudodiploria191061,0.105972245800594
Pseudodiploria191062,0.395049733073486
Pseudodiploria191063,0.288922366666108
Pseudodiploria191064,0.113848041362596
Pseudodiploria191065,-0.14097309429339
Pseudodiploria191066,0.0210268478961296
Pseudodiploria191068,0.0989086828468114
Pseudodiploria191071,-1.36873707401655
Pseudodiploria191073,-0.423389363010546
Pseudodiploria191075,-0.02122691980443
Pseudodiploria191076,0.348423171074078
Pseudodiploria191077,0.452861086696064
Pseudodiploria191078,0.205257597838081
Pseudodiploria191080,0.199539833802871
Pseudodiploria191086,-0.0150287631321139
Pseudodiploria191087,-0.0867311957410879
Pseudodiploria191088,-0.463069782954658
Pseudodiploria191089,-0.0802614986744348
Pseudodiploria191090,-0.249027965178516
Pseudodiploria191091,-0.374059035243462
Pseudodiploria191092,0.255076041630239
Pseudodiploria191094,-0.365160955173485
Pseudodiploria191096,-0.0849262179336738
Pseudodiploria191097,0.0530232133214258
Pseudodiploria191098,0.346919298002543
Pseudodiploria191099,-0.241750708667521
Pseudodiploria191102,-0.134515595086375
Pseudodiploria191106,0.132027004428912
Pseudodiploria191107,0.392469844649528
Pseudodiploria191114,-0.547119677993767
Pseudodiploria191115,0.1139512239577
Pseudodiploria191118,0.0272121262327534
Pseudodiploria191119,0.136213916483541
Pseudodiploria191121,-0.347579682341859
Pseudodiploria191126,0.232574521355156
Pseudodiploria191128,0.163647983170089
Pseudodiploria191129,0.146252671135901
Pseudodiploria191131,0.662488542598359
Pseudodiploria191133,0.645731205777715
Pseudodiploria191135,-0.361377451538386
Pseudodiploria191137,0.243554902005178
Pseudodiploria191144,-0.412419636693302
Pseudodiploria191145,0.790200731995566
Pseudodiploria191148,-0.145018828418447
Pseudodiploria19115,-0.445423331758506
Pseudodiploria191153,0.0334466908591246
Pseudodiploria191154,0.414477980888794
Pseudodiploria191156,0.100323367737565
Pseudodiploria191159,0.366615847091029
Pseudodiploria191162,0.088143971699716
Pseudodiploria191163,0.0769321059608919
Pseudodiploria191164,-0.413694880754297
Pseudodiploria191168,-0.185810129708588
Pseudodiploria191169,-0.114644599436357
Pseudodiploria191170,0.445935459548455
Pseudodiploria191172,-0.670695656455684
Pseudodiploria191173,-0.276404450843901
Pseudodiploria191176,0.129603315841542
Pseudodiploria191177,0.0955620512159918
Pseudodiploria191180,0.27695312629292
Pseudodiploria191182,0.0689376304141579
Pseudodiploria191184,-0.403934816518675
Pseudodiploria191187,0.00909120568071864
Pseudodiploria191188,-1.4624021073267
Pseudodiploria191193,-0.334184729829358
Pseudodiploria191195,0.38100591065095
Pseudodiploria191196,-0.134102666615638
Pseudodiploria191198,-0.363018513455533
Pseudodiploria191200,0.0627460074896523
Pseudodiploria191201,0.065608471567884
Pseudodiploria191202,-0.187475738083603
Pseudodiploria191203,-0.0125226429873677
Pseudodiploria191208,0.218198735793317
Pseudodiploria191212,-0.681595299861049
Pseudodiploria191214,-0.0433183998434612
Pseudodiploria191216,-0.144510582639466
Pseudodiploria191219,-0.206417448586
Pseudodiploria191221,0.436214790112833
Pseudodiploria191223,0.384619709779006
Pseudodiploria191225,0.229455586110811
Pseudodiploria191226,-0.320694640330573
Pseudodiploria191229,0.46028468475245
Pseudodiploria191231,0.570685552656365
Pseudodiploria191233,0.0519326414562905
Pseudodiploria191234,-0.560820429456429
Pseudodiploria191235,-0.119526923953994
Pseudodiploria191238,-0.161461498379188
Pseudodiploria191243,-0.657770925642817
Pseudodiploria191245,0.060974062712907
Pseudodiploria191249,-0.031450378162472
Pseudodiploria191250,0.426911745454119
Pseudodiploria191252,-0.0661281065742307
Pseudodiploria191253,-0.454837323419615
Pseudodiploria191254,-0.150809495048368
Pseudodiploria191255,0.375883279644062
Pseudodiploria191260,0.177207317108139
Pseudodiploria191264,-0.309503274139334
Pseudodiploria191266,0.153088266008134
Pseudodiploria191268,-0.423224420372861
Pseudodiploria191269,-0.137871155193792
Pseudodiploria191271,0.123250026458616
Pseudodiploria191274,-0.758264622614872
Pseudodiploria191275,-0.134755475869421
Pseudodiploria191277,0.121859136752545
Pseudodiploria191280,0.0808290805467552
Pseudodiploria191282,-0.836724429448353
Pseudodiploria191287,-0.316519917374018
Pseudodiploria191289,-0.240328762180218
Pseudodiploria191290,-0.151029883980095
Pseudodiploria191291,-0.495578980154865
Pseudodiploria191292,0.461448164772384
Pseudodiploria191294,0.524736544671556
Pseudodiploria191298,0.0294648173332777
Pseudodiploria191302,-0.0149284080717528
Pseudodiploria191304,0.0461530104744384
Pseudodiploria191305,0.426529696434426
Pseudodiploria191306,-0.397793056880067
Pseudodiploria191307,0.444064588110453
Pseudodiploria191309,0.659676597094372
Pseudodiploria191310,-0.317034775929265
Pseudodiploria191313,-0.115567307397517
Pseudodiploria191317,0.516707040983496
Pseudodiploria191318,-0.754586893932529
Pseudodiploria191320,-0.14114736953571
Pseudodiploria191323,0.145635585969341
Pseudodiploria191326,0.575686022320129
Pseudodiploria191327,-0.283607440153621
Pseudodiploria191331,-0.116041149136202
Pseudodiploria191333,0.350930152346222
Pseudodiploria191334,-0.130752192396118
Pseudodiploria191335,-0.0822407874624814
Pseudodiploria191336,-0.282607507751664
Pseudodiploria191338,0.237132920237644
Pseudodiploria191340,-1.54226209598337
Pseudodiploria191341,-0.0780239297215327
Pseudodiploria191346,1.06240384687767
Pseudodiploria191347,0.116794103581043
Pseudodiploria191348,-0.258418498826444
Pseudodiploria191355,0.362626739109995
Pseudodiploria191357,-0.446181678980396
Pseudodiploria191358,1.38935457985285
Pseudodiploria191361,1.11858752094689
Pseudodiploria191365,0.025797766578319
Pseudodiploria191366,-0.394985316609695
Pseudodiploria191371,0.586343718705966
Pseudodiploria191372,0.12535202115205
Pseudodiploria191374,0.158858159433923
Pseudodiploria191376,0.0453698667067089
Pseudodiploria191378,-0.0814129405895923
Pseudodiploria191381,0.991507776287299
Pseudodiploria191383,-0.340488497823689
Pseudodiploria191384,-0.42464329869011
Pseudodiploria191385,-0.634007346326683
Pseudodiploria191386,-0.278282495327928
Pseudodiploria191387,0.365214829750804
Pseudodiploria191391,-0.757679417442223
Pseudodiploria191392,0.281545184066089
Pseudodiploria191393,-0.315892165995406
Pseudodiploria191395,0.0737959066132306
Pseudodiploria191397,-0.859104365766325
Pseudodiploria191403,-0.0236893457372894
Pseudodiploria191404,0.893659019412789
Pseudodiploria191408,-0.108068250113493
Pseudodiploria191409,0.909014766875547
Pseudodiploria191411,-0.39996088556344
Pseudodiploria191414,-0.568190508035922
Pseudodiploria191416,-0.225806480042077
Pseudodiploria191419,-0.178911203155248
Pseudodiploria191421,-0.352100189029876
Pseudodiploria191422,-0.284812312722623
Pseudodiploria191423,0.355508947439133
Pseudodiploria191426,-0.158274802738261
Pseudodiploria191427,0.209279032077719
Pseudodiploria191430,0.191142040188383
Pseudodiploria191431,0.0797852875704735
Pseudodiploria191433,-0.0641881070630625
Pseudodiploria191438,1.07935431398106
Pseudodiploria191440,0.443249394978032
Pseudodiploria191441,-0.0198764463349386
Pseudodiploria191442,1.2749837430914
Pseudodiploria191443,-0.153698363535068
Pseudodiploria191444,1.29074330192802
Pseudodiploria191445,0.0941674560144828
Pseudodiploria191447,0.0463475866761851
Pseudodiploria191451,-0.0194082486542341
Pseudodiploria191452,-0.622369210844418
Pseudodiploria191453,-0.182108229817407
Pseudodiploria191455,-0.0225751245357659
Pseudodiploria191456,0.565925582624344
Pseudodiploria191458,0.75260495292453
Pseudodiploria191459,-0.183311502728813
Pseudodiploria191460,-0.116271026986474
Pseudodiploria191463,-0.0235111986056449
Pseudodiploria191467,0.0888531220609022
Pseudodiploria191468,0.531641346914541
Pseudodiploria191469,-0.153722058076705
Pseudodiploria191473,-0.32528463451195
Pseudodiploria191476,-0.325744808641221
Pseudodiploria191477,0.419687022679458
Pseudodiploria191480,-0.173558824087251
Pseudodiploria191481,-0.435466462481607
Pseudodiploria191482,0.169203789977987
Pseudodiploria191483,0.114263914866013
Pseudodiploria191484,0.613535327339716
Pseudodiploria191485,-0.262160980419863
Pseudodiploria191489,-0.690485028296846
Pseudodiploria191491,-0.00816218453254967
Pseudodiploria191495,-0.0710746340835585
Pseudodiploria191496,0.561337082033073
Pseudodiploria191497,-0.641977958516858
Pseudodiploria191498,0.708746443171409
Pseudodiploria191501,0.334297166003681
Pseudodiploria191504,-0.142542056202165
Pseudodiploria191505,-0.0451148233950425
Pseudodiploria191506,0.0717859232903141
Pseudodiploria191507,-0.111273970741074
Pseudodiploria191508,0.336627954047616
Pseudodiploria191510,-0.480149764495657
Pseudodiploria191511,0.107960316461237
Pseudodiploria191512,-0.0600698982531864
Pseudodiploria191517,0.817938276792942
Pseudodiploria191523,0.21720155715044
Pseudodiploria191525,-0.145754392325412
Pseudodiploria191527,0.203162330012786
Pseudodiploria191528,0.114684986375149
Pseudodiploria191533,-0.113432945717095
Pseudodiploria191534,-0.0569624992770737
Pseudodiploria191536,-0.0221523434813657
Pseudodiploria191537,-0.158621987167551
Pseudodiploria191538,-0.215664637190707
Pseudodiploria191544,1.23901312774284
Pseudodiploria191545,0.167937251636594
Pseudodiploria191546,-0.938640328348917
Pseudodiploria191547,0.0106337140996464
Pseudodiploria191549,-0.264182513186472
Pseudodiploria191553,-0.000268333622073214
Pseudodiploria191556,-0.341131929535799
Pseudodiploria191557,-0.955792552585527
Pseudodiploria191559,-0.204281732567944
Pseudodiploria191560,-0.135723969443133
Pseudodiploria191563,-0.148434271009546
Pseudodiploria191565,-0.197549266290353
Pseudodiploria191567,-0.407010703621727
Pseudodiploria191568,0.284282200302081
Pseudodiploria191569,-0.0582316924433634
Pseudodiploria191571,-0.0989819030809976
Pseudodiploria191575,0.137181940478878
Pseudodiploria191576,-0.895209082530274
Pseudodiploria191578,0.356441973191454
Pseudodiploria191580,0.0536001731937097
Pseudodiploria191581,0.470546108440553
Pseudodiploria191583,0.787598008664062
Pseudodiploria191587,-0.0725946104486259
Pseudodiploria191589,-0.0375959749239945
Pseudodiploria191594,-0.00762962671554026
Pseudodiploria191595,1.57593734257011
Pseudodiploria191597,0.70028263283694
Pseudodiploria191599,-0.269327804135368
Pseudodiploria191606,-0.0789155714695451
Pseudodiploria191608,0.572728246517009
Pseudodiploria191612,-0.0331141635100387
Pseudodiploria191615,0.753443441461747
Pseudodiploria191617,-0.224663350434603
Pseudodiploria191621,0.356281987614022
Pseudodiploria191626,0.410264096035929
Pseudodiploria191629,0.442322263785624
Pseudodiploria191634,0.112669799156672
Pseudodiploria191635,-0.47925105745486
Pseudodiploria191637,0.124692782894288
Pseudodiploria191642,-1.54881464518701
Pseudodiploria191643,-0.257181464443552
Pseudodiploria191644,-0.302523457259022
Pseudodiploria191645,-0.125404684962755
Pseudodiploria191647,0.052295073914043
Pseudodiploria191648,-0.246607602358865
Pseudodiploria191655,0.438896462510086
Pseudodiploria191661,0.0158546646139941
Pseudodiploria191662,0.727208276533452
Pseudodiploria191664,-2.34308902183845
Pseudodiploria191665,1.23856166518481
Pseudodiploria191666,-0.277525988466255
Pseudodiploria191669,0.144503242656728
Pseudodiploria191670,-0.907401352503757
Pseudodiploria191674,0.435653338369177
Pseudodiploria191679,0.0413083121653756
Pseudodiploria191680,-0.662076178258985
Pseudodiploria191681,0.644443716885845
Pseudodiploria191683,0.303567218383548
Pseudodiploria191688,0.295279831062886
Pseudodiploria191691,0.00809906982139525
Pseudodiploria191693,-0.1246267147356
Pseudodiploria191694,0.145021642964458
Pseudodiploria191695,-0.467429987529759
Pseudodiploria191699,0.135529937601896
Pseudodiploria191700,0.0108231046282529
Pseudodiploria191701,0.125728832340335
Pseudodiploria191703,0.276635435126241
Pseudodiploria191705,0.237338416428977
Pseudodiploria191706,0.0635115843897475
Pseudodiploria191707,-0.121859425156376
Pseudodiploria191708,0.139680049468395
Pseudodiploria191709,0.370779303482703
Pseudodiploria191712,-0.640889843104041
Pseudodiploria191715,0.11338055112712
Pseudodiploria191722,0.00632263208702069
Pseudodiploria191723,0.604298663619331
Pseudodiploria191729,0.202273314068094
Pseudodiploria191736,-1.04229864783772
Pseudodiploria191737,-0.122557438340928
Pseudodiploria191741,-0.0601607521706407
Pseudodiploria191743,0.272028663467571
Pseudodiploria191747,-0.470502534796737
Pseudodiploria191748,0.584212546473261
Pseudodiploria191750,0.372852008041159
Pseudodiploria191751,-0.463711912901456
Pseudodiploria191753,0.0599061086440298
Pseudodiploria191756,0.251053632273064
Pseudodiploria191758,0.000926115633459097
Pseudodiploria191759,-0.231556214255315
Pseudodiploria191761,0.153249254098789
Pseudodiploria191765,-0.191734739417511
Pseudodiploria191766,0.296044010801916
Pseudodiploria191767,-0.329940004497367
Pseudodiploria191769,-0.213062978712652
Pseudodiploria191770,0.0344104383952237
Pseudodiploria191773,0.384922662954443
Pseudodiploria191778,0.0279092430146374
Pseudodiploria191779,-0.16792032130036
Pseudodiploria191782,0.498116231703633
Pseudodiploria191784,-0.078355217664719
Pseudodiploria191786,-0.2012633097989
Pseudodiploria191787,-0.216844030052173
Pseudodiploria191790,-0.0794798393634328
Pseudodiploria191791,-0.243200819123969
Pseudodiploria191792,0.140983778521506
Pseudodiploria191793,-0.136468265302983
Pseudodiploria191795,0.190176913962934
Pseudodiploria191797,-0.00669683900180499
Pseudodiploria191800,0.130127570934431
Pseudodiploria191803,0.128529878394315
Pseudodiploria191806,-0.310182988026519
Pseudodiploria191809,-0.113753668905359
Pseudodiploria191810,0.431242886602657
Pseudodiploria191811,-0.194505232426811
Pseudodiploria191815,-0.620483021452368
Pseudodiploria191818,0.166977223200258
Pseudodiploria191819,0.527310930395101
Pseudodiploria191820,0.321525001582898
Pseudodiploria191821,0.117868540864102
Pseudodiploria191822,-0.457631896932035
Pseudodiploria191823,-1.12135027543296
Pseudodiploria191824,-0.287143993695976
Pseudodiploria191825,-0.12275309551441
Pseudodiploria191826,-0.0663740806711135
Pseudodiploria191827,0.352962606987027
Pseudodiploria191829,-0.358058158133139
Pseudodiploria191832,0.0603243358430925
Pseudodiploria191838,0.0202649959568211
Pseudodiploria191840,-0.300783090366313
Pseudodiploria191842,0.696479332826231
Pseudodiploria191845,0.196792403989037
Pseudodiploria191846,0.141986101693459
Pseudodiploria191848,-0.0255351320633117
Pseudodiploria191849,-0.792695821079976
Pseudodiploria191851,0.025675633343731
Pseudodiploria191853,0.495431773944841
Pseudodiploria191854,0.177543693169937
Pseudodiploria191861,0.630256839841164
Pseudodiploria191862,-0.0501565933843908
Pseudodiploria191863,-0.363509514449316
Pseudodiploria191864,-0.158711930318614
Pseudodiploria191865,-0.115823378172816
Pseudodiploria191869,-0.404382470392387
Pseudodiploria191872,0.0221020219690948
Pseudodiploria191875,1.13516460492473
Pseudodiploria191876,-0.9151577061353
Pseudodiploria191877,0.0853749561532043
Pseudodiploria191878,0.170614531969387
Pseudodiploria191879,0.260657536475831
Pseudodiploria191880,-0.389396799263911
Pseudodiploria191884,-0.327454078114553
Pseudodiploria191886,0.0884595920586626
Pseudodiploria191890,0.110555632627758
Pseudodiploria191891,-0.106859491691374
Pseudodiploria191892,-0.0366561319708493
Pseudodiploria191893,0.858742727313928
Pseudodiploria191896,-0.110287903525383
Pseudodiploria191902,-0.0299698813516214
Pseudodiploria191907,0.650508564951938
Pseudodiploria191908,-0.185881679477182
Pseudodiploria191910,0.118963772262596
Pseudodiploria191911,-0.539477356543773
Pseudodiploria191915,0.659911744430685
Pseudodiploria191916,-0.2382334398432
Pseudodiploria191920,0.396054552037426
Pseudodiploria191923,-0.0603624457505067
Pseudodiploria191927,0.454748421395958
Pseudodiploria191928,-0.274033478743962
Pseudodiploria191929,0.335775699270714
Pseudodiploria191933,-0.0829941079552938
Pseudodiploria191937,0.464537341949009
Pseudodiploria191943,-0.0347938796022809
Pseudodiploria191949,-0.4504034053013
Pseudodiploria191950,-0.157467755575452
Pseudodiploria191951,0.803805555317159
Pseudodiploria191952,0.28130270047226
Pseudodiploria191953,-0.532773848554234
Pseudodiploria191956,0.0827298236101978
Pseudodiploria191958,-0.116536161678738
Pseudodiploria191959,0.404900996241513
Pseudodiploria191960,-0.115891435469813
Pseudodiploria191962,0.340862233450185
Pseudodiploria191963,0.154022480544013
Pseudodiploria191964,-0.581132921042306
Pseudodiploria191965,0.621366260891289
Pseudodiploria191966,-0.0619576743604052
Pseudodiploria191968,-0.073810996404926
Pseudodiploria191971,0.365848010826885
Pseudodiploria191974,0.0592141989819893
Pseudodiploria191979,0.105279770265004
Pseudodiploria191981,-0.0814782625603645
Pseudodiploria191982,2.12955129533714
Pseudodiploria191983,-0.930189921121057
Pseudodiploria191986,-0.299774991692751
Pseudodiploria191987,0.260633069062118
Pseudodiploria191988,-0.305199214743165
Pseudodiploria191991,0.31860419767459
Pseudodiploria191992,-0.45480404305549
Pseudodiploria191993,0.105663186197957
Pseudodiploria191994,-0.102163929355778
Pseudodiploria191996,-0.532760389723313
Pseudodiploria191997,0.00811679643137974
Pseudodiploria191998,0.376489770967202
Pseudodiploria191999,-0.0743488813965194
Pseudodiploria1920,0.551192518992142
Pseudodiploria192001,0.0429757394473954
Pseudodiploria192005,-0.169859298199572
Pseudodiploria192007,-0.401650768130619
Pseudodiploria192008,-0.246980234380863
Pseudodiploria192010,-0.0569099365534872
Pseudodiploria192012,0.822753657862405
Pseudodiploria192013,-0.205312605000524
Pseudodiploria192016,-0.0515594565779664
Pseudodiploria192019,-0.363365115757876
Pseudodiploria192020,-0.383690984684227
Pseudodiploria192021,-0.482577503974603
Pseudodiploria192023,-0.0322729150868139
Pseudodiploria192024,0.651328928563079
Pseudodiploria192026,-0.0917811158056844
Pseudodiploria192027,-0.299906473578
Pseudodiploria192028,-0.156957642518725
Pseudodiploria192031,-0.121188350781855
Pseudodiploria192032,-0.637147115168974
Pseudodiploria192033,-0.0307263383727412
Pseudodiploria192036,0.0396318700870589
Pseudodiploria192037,0.129879508745176
Pseudodiploria192038,0.442999719473593
Pseudodiploria192044,-0.147215776791584
Pseudodiploria192045,0.163603034899166
Pseudodiploria192046,-0.611788305071126
Pseudodiploria192048,-0.295373628732343
Pseudodiploria192050,-0.0397882182138879
Pseudodiploria192052,0.0330543406889875
Pseudodiploria192053,-0.199825890752093
Pseudodiploria192058,0.660154172681119
Pseudodiploria192060,-0.121070025044328
Pseudodiploria192061,-0.362090325397839
Pseudodiploria192066,-0.33406940293213
Pseudodiploria192067,-0.0788075369352035
Pseudodiploria192068,-0.21944165904776
Pseudodiploria192069,-0.846209701309795
Pseudodiploria192070,-0.0311580404360125
Pseudodiploria192073,-0.182215612584129
Pseudodiploria192074,0.181635765627314
Pseudodiploria192075,0.687586811510176
Pseudodiploria192079,-0.767092060262197
Pseudodiploria192081,0.98812236334913
Pseudodiploria192082,0.0881649391680644
Pseudodiploria192084,-0.221450859640161
Pseudodiploria192085,0.147425789228578
Pseudodiploria192087,0.440463212069077
Pseudodiploria192089,-0.785840736890949
Pseudodiploria192090,0.189136510522897
Pseudodiploria192092,0.227191415552273
Pseudodiploria192098,-0.444605882496264
Pseudodiploria192099,-0.166389290140155
Pseudodiploria192100,0.765072311663519
Pseudodiploria192101,0.114185096719805
Pseudodiploria192103,-0.104988760749953
Pseudodiploria192106,-0.140894053599752
Pseudodiploria192107,-0.217739315055139
Pseudodiploria192111,-0.127371806356412
Pseudodiploria192114,0.0669615755901948
Pseudodiploria192116,0.0254139946344274
Pseudodiploria192117,-0.120654343450217
Pseudodiploria192121,-0.706181691216489
Pseudodiploria192122,0.39472160763899
Pseudodiploria192123,0.141681896769829
Pseudodiploria192124,-0.102626869356141
Pseudodiploria192126,-0.867904017361869
Pseudodiploria192127,0.29460376993631
Pseudodiploria192129,-0.0890184852604724
Pseudodiploria192130,0.175240800073305
Pseudodiploria192132,0.043475370150072
Pseudodiploria192133,0.1589961277571
Pseudodiploria192135,0.125942227936586
Pseudodiploria192137,0.181211002994025
Pseudodiploria192139,0.187167066353255
Pseudodiploria192144,0.27146558102113
Pseudodiploria192148,-0.00848452255905837
Pseudodiploria192150,-0.518319956521112
Pseudodiploria192151,0.376354873201996
Pseudodiploria192152,0.34046791864025
Pseudodiploria192153,0.323283992420987
Pseudodiploria192155,0.166883121820615
Pseudodiploria192160,-0.428427028853994
Pseudodiploria192162,0.0670403431820338
Pseudodiploria192166,0.128993263021107
Pseudodiploria192168,-0.18996613497215
Pseudodiploria192171,-0.0668940707904443
Pseudodiploria192173,0.0950288803241528
Pseudodiploria192174,-0.458046203638814
Pseudodiploria192175,-0.936790875949579
Pseudodiploria192177,0.377510409272517
Pseudodiploria192181,0.117169258949047
Pseudodiploria192182,-1.06885277251115
Pseudodiploria192183,-0.472796208585342
Pseudodiploria192184,-0.299742039782086
Pseudodiploria192185,0.0494224961222682
Pseudodiploria192190,-0.246610206802122
Pseudodiploria192194,0.434463285089075
Pseudodiploria192195,0.459673697809041
Pseudodiploria192197,0.37258579079402
Pseudodiploria192198,0.868868195210397
Pseudodiploria192204,1.00551114726555
Pseudodiploria192205,0.729282865541351
Pseudodiploria192206,-0.114829236186519
Pseudodiploria192209,0.583153959992043
Pseudodiploria192210,-0.0682086872896247
Pseudodiploria192211,-0.0581949838876507
Pseudodiploria192212,0.0251459540773394
Pseudodiploria192213,0.241053060818419
Pseudodiploria192219,-0.323337511016798
Pseudodiploria192220,-0.378813707857352
Pseudodiploria192221,0.300714819287446
Pseudodiploria192222,0.129790499906492
Pseudodiploria192223,-0.534264877695806
Pseudodiploria192226,0.421052849817492
Pseudodiploria192228,-0.22139295121583
Pseudodiploria192230,-0.15736983353044
Pseudodiploria192232,0.304458665103458
Pseudodiploria192235,-0.272482670155564
Pseudodiploria192236,-0.453215228393082
Pseudodiploria192237,0.583789870343407
Pseudodiploria192239,1.18560085296063
Pseudodiploria192241,0.0500293579688061
Pseudodiploria192242,-0.0307853281941396
Pseudodiploria192246,0.341454856411983
Pseudodiploria192247,0.0167253036871809
Pseudodiploria192253,0.18980785521625
Pseudodiploria192254,0.240239077161155
Pseudodiploria192255,-0.568340476019697
Pseudodiploria192256,-0.169645632049831
Pseudodiploria192265,-0.365982917429199
Pseudodiploria192267,-0.383075519508912
Pseudodiploria192269,0.0557487331918496
Pseudodiploria192270,0.330227429044491
Pseudodiploria192272,-0.249029736516625
Pseudodiploria192273,0.0952504605987599
Pseudodiploria192279,0.331550739643087
Pseudodiploria192282,0.617679960831786
Pseudodiploria192283,0.272043281478204
Pseudodiploria192284,0.253975046044479
Pseudodiploria192287,-0.0820482639821519
Pseudodiploria192288,-0.335956366170936
Pseudodiploria192290,-0.358419588060651
Pseudodiploria192293,-0.0395976566394186
Pseudodiploria192296,0.318207562418627
Pseudodiploria192297,-0.146994406678638
Pseudodiploria192298,-0.0708257162836828
Pseudodiploria192302,0.476682445496564
Pseudodiploria192303,-0.0824325706179136
Pseudodiploria192309,-0.399126686611706
Pseudodiploria192310,-0.106043149523999
Pseudodiploria192312,0.170083143492989
Pseudodiploria192313,-0.243693826727421
Pseudodiploria192314,-0.163030433323989
Pseudodiploria192315,0.407924586866273
Pseudodiploria192316,0.369671140727873
Pseudodiploria192317,0.692898038873369
Pseudodiploria192318,0.905221245671146
Pseudodiploria192320,-0.102706633406586
Pseudodiploria192325,0.474999243719541
Pseudodiploria192327,0.756828321060395
Pseudodiploria192329,0.0499469230687276
Pseudodiploria192334,-0.748017873691133
Pseudodiploria192336,-0.361372243522205
Pseudodiploria192337,0.53169259467667
Pseudodiploria192339,-0.063918483368464
Pseudodiploria192340,0.428592506014618
Pseudodiploria192341,0.337289285351619
Pseudodiploria192342,0.493250574075919
Pseudodiploria192343,0.170294029462619
Pseudodiploria192344,0.101667235841033
Pseudodiploria192347,0.0716234158428548
Pseudodiploria192348,0.182992873778991
Pseudodiploria192349,0.102288851682362
Pseudodiploria192351,-0.666203314258727
Pseudodiploria192361,0.0332242774863495
Pseudodiploria192363,-0.165674624342114
Pseudodiploria192366,-0.551787869660831
Pseudodiploria192367,-0.582308371405438
Pseudodiploria192368,-0.218493022998029
Pseudodiploria192376,0.521962126264414
Pseudodiploria192378,-0.0310910386810899
Pseudodiploria192381,-0.0319637877069995
Pseudodiploria192382,0.139340413715383
Pseudodiploria192383,0.359967537122009
Pseudodiploria192384,0.336681448364801
Pseudodiploria192385,0.187349340566999
Pseudodiploria192390,0.298990804149519
Pseudodiploria192395,0.849085129933072
Pseudodiploria192396,-0.0895972744582917
Pseudodiploria192399,-0.0310778841571472
Pseudodiploria192400,0.076670494753796
Pseudodiploria192401,0.286083811438342
Pseudodiploria192406,0.318690265995638
Pseudodiploria192408,0.50500440031492
Pseudodiploria192415,0.344583028653993
Pseudodiploria192416,0.495081204570839
Pseudodiploria192417,0.0405523537915836
Pseudodiploria192419,0.0436821668601404
Pseudodiploria192421,-0.0199990680291307
Pseudodiploria192422,0.0350979978824669
Pseudodiploria192423,0.362940499969547
Pseudodiploria192427,-0.135921936529482
Pseudodiploria192430,0.433133936805698
Pseudodiploria192431,0.21871380060173
Pseudodiploria192432,-0.381754566312233
Pseudodiploria192434,-0.301655336811328
Pseudodiploria192436,-0.331516454154835
Pseudodiploria192439,0.0998870195118025
Pseudodiploria192440,0.781223892531697
Pseudodiploria192441,0.0130914045590404
Pseudodiploria192442,0.00108709390828575
Pseudodiploria192443,0.0223933444533569
Pseudodiploria192444,-0.162481977999504
Pseudodiploria192446,0.0113135768950663
Pseudodiploria192448,0.0380256733554342
Pseudodiploria192454,0.192348020401498
Pseudodiploria192456,-0.106022375162889
Pseudodiploria192457,0.403200704952905
Pseudodiploria192460,-0.4542386120495
Pseudodiploria192463,-0.2182279682965
Pseudodiploria192465,-0.107623177255221
Pseudodiploria192472,0.17351249169348
Pseudodiploria192473,0.125207326399404
Pseudodiploria192474,0.17716583876941
Pseudodiploria192475,-0.456910316454702
Pseudodiploria192477,-0.061700398793717
Pseudodiploria192481,0.28615455123669
Pseudodiploria192483,0.22348632098513
Pseudodiploria192484,-0.37208858264878
Pseudodiploria192486,0.386937085776428
Pseudodiploria192487,-0.488136186030434
Pseudodiploria192489,-0.00763545375531537
Pseudodiploria192497,-0.481302713536276
Pseudodiploria192498,-0.0833798209108793
Pseudodiploria192504,0.196163639764911
Pseudodiploria192505,-0.0957752733357205
Pseudodiploria192506,-0.531289670454804
Pseudodiploria192508,-0.734234440507989
Pseudodiploria192509,-1.14202890651838
Pseudodiploria192512,-0.911908809030928
Pseudodiploria192516,0.637676314735247
Pseudodiploria192518,-0.377766844554894
Pseudodiploria192519,-0.170219108589519
Pseudodiploria192523,0.243868692718304
Pseudodiploria192524,-0.0182913778899472
Pseudodiploria192525,0.158350020970503
Pseudodiploria192528,0.143023765437966
Pseudodiploria192529,0.0698476815020684
Pseudodiploria192532,-0.41151116719114
Pseudodiploria192536,0.120746869402668
Pseudodiploria192537,-0.939543469658038
Pseudodiploria192542,0.247711214812306
Pseudodiploria192543,-0.19366229249925
Pseudodiploria192544,-0.516939309087389
Pseudodiploria192550,0.118739526795032
Pseudodiploria192554,-0.1749460097315
Pseudodiploria192560,0.760400010437981
Pseudodiploria192562,-0.627830302989556
Pseudodiploria192564,0.729721861646841
Pseudodiploria192565,-0.255326722337608
Pseudodiploria192567,0.255824378122155
Pseudodiploria192568,-0.232725647572655
Pseudodiploria192569,0.488148525447458
Pseudodiploria192570,0.124301886580702
Pseudodiploria192572,-0.131511300611542
Pseudodiploria192573,-0.130866324699633
Pseudodiploria192575,-0.404218601395885
Pseudodiploria192576,-1.27573694928489
Pseudodiploria192577,-0.246239136358628
Pseudodiploria192579,0.264637863437664
Pseudodiploria192581,0.935679497186038
Pseudodiploria192584,0.056217845098872
Pseudodiploria192587,0.0613295800265311
Pseudodiploria192589,-0.0430445606020575
Pseudodiploria192590,-0.171791576707913
Pseudodiploria192591,-0.420627830479593
Pseudodiploria192594,0.252583177044201
Pseudodiploria192596,0.780972745956198
Pseudodiploria192602,0.125796115088746
Pseudodiploria192604,0.79813535716927
Pseudodiploria192605,0.0966406326850086
Pseudodiploria192606,-0.0673697450252261
Pseudodiploria192609,0.288689051201166
Pseudodiploria192610,0.0796922357225914
Pseudodiploria192611,-0.00407833587634356
Pseudodiploria192613,-0.515939488073982
Pseudodiploria192615,-0.157759459145846
Pseudodiploria192616,0.130909920619709
Pseudodiploria192617,0.459714974705868
Pseudodiploria192622,-0.33051481150472
Pseudodiploria192623,-0.067579703673588
Pseudodiploria192624,0.0986699803901376
Pseudodiploria192625,-0.210167844456829
Pseudodiploria192626,0.278335798935049
Pseudodiploria192629,1.11363822002893
Pseudodiploria192632,0.149391597847081
Pseudodiploria192633,-0.0296379963763788
Pseudodiploria192636,-0.242776277909176
Pseudodiploria192638,0.375747615462396
Pseudodiploria192639,-0.705396034995778
Pseudodiploria192640,-0.0166773301796532
Pseudodiploria192641,0.206049542664439
Pseudodiploria192642,0.00290732628769574
Pseudodiploria192644,-0.293040865311574
Pseudodiploria192647,0.669329038782302
Pseudodiploria192649,0.0701593058953904
Pseudodiploria192650,1.31004998956556
Pseudodiploria192655,0.277733639947352
Pseudodiploria192660,-0.176131960742146
Pseudodiploria192664,-0.530329187396121
Pseudodiploria192667,-0.0782628549982626
Pseudodiploria192671,-0.630399204592918
Pseudodiploria192672,-0.3239065536779
Pseudodiploria192675,0.671504722485269
Pseudodiploria192680,-0.205926304257054
Pseudodiploria192682,-0.211947865654218
Pseudodiploria192685,-0.645411522653931
Pseudodiploria192686,0.766333091155605
Pseudodiploria192687,-0.0806780110866143
Pseudodiploria192688,-0.00901246391853554
Pseudodiploria192689,0.280544101234901
Pseudodiploria192692,-0.00175845136844584
Pseudodiploria192698,0.227023262782832
Pseudodiploria192699,-1.078160765085
Pseudodiploria192700,-0.979678933741961
Pseudodiploria192701,0.238642749863131
Pseudodiploria192702,0.561187231645511
Pseudodiploria192703,0.773581820883761
Pseudodiploria192705,-0.189596189672539
Pseudodiploria192708,0.0959347057164606
Pseudodiploria192709,-0.0767545314762262
Pseudodiploria192712,-0.230276014867959
Pseudodiploria192713,0.813351746738671
Pseudodiploria192717,0.159316485277191
Pseudodiploria192718,-1.06746295517696
Pseudodiploria192721,-0.263815605922117
Pseudodiploria192722,-0.145622362207679
Pseudodiploria192724,-0.414739904943992
Pseudodiploria192725,-0.673199212640803
Pseudodiploria192726,-0.254083574475932
Pseudodiploria192728,-0.174898827084618
Pseudodiploria192732,0.162995079417717
Pseudodiploria192733,0.145173495970139
Pseudodiploria192735,-0.112537227737813
Pseudodiploria192736,0.277174113986981
Pseudodiploria192737,0.124500894066254
Pseudodiploria192739,1.44345391048229
Pseudodiploria192741,0.993148884295856
Pseudodiploria192744,0.219114277570137
Pseudodiploria192747,0.167335706602
Pseudodiploria192754,0.391575852506181
Pseudodiploria192756,-1.17713107729144
Pseudodiploria192757,-0.058756644546997
Pseudodiploria192758,-0.356655054567898
Pseudodiploria192761,-0.60743361823142
Pseudodiploria192763,1.25843503764066
Pseudodiploria192767,1.13015759824413
Pseudodiploria192768,0.318824253636916
Pseudodiploria192770,0.272023290280747
Pseudodiploria192774,0.172584086711329
Pseudodiploria192776,-0.392787343943551
Pseudodiploria192778,0.300710092612634
Pseudodiploria192779,0.318428078148363
Pseudodiploria192780,-0.103609164953373
Pseudodiploria192781,0.220191308216087
Pseudodiploria192782,0.351686688127711
Pseudodiploria192783,-0.0877375581738711
Pseudodiploria192785,-0.547165721100348
Pseudodiploria192787,0.315001905560752
Pseudodiploria192788,-0.488422754609511
Pseudodiploria192793,0.0794782619950666
Pseudodiploria192795,0.0082079866976556
Pseudodiploria192797,0.0883712319870096
Pseudodiploria192799,-0.0245135233838948
Pseudodiploria192801,-0.538766862951666
Pseudodiploria192802,0.082118290492612
Pseudodiploria192806,-0.474434285769148
Pseudodiploria192807,0.347938766574863
Pseudodiploria192808,-0.0522908754346645
Pseudodiploria192811,-0.276918112801595
Pseudodiploria192812,0.648403611274244
Pseudodiploria192814,0.329770640351225
Pseudodiploria192815,0.343218287371799
Pseudodiploria192822,-0.526982166089063
Pseudodiploria192823,0.0595470014090348
Pseudodiploria192824,1.4630516891947
Pseudodiploria192825,0.142614238047762
Pseudodiploria192827,-0.0195697606502948
Pseudodiploria192829,0.597712178038297
Pseudodiploria192833,0.0619454514224193
Pseudodiploria192834,0.416882511167199
Pseudodiploria192836,0.540684765069781
Pseudodiploria192837,-0.57880635201872
Pseudodiploria192839,0.151798481513109
Pseudodiploria192840,0.544241258525242
Pseudodiploria192842,-0.486333379924466
Pseudodiploria192843,-0.147609389229663
Pseudodiploria192844,-0.181114795167841
Pseudodiploria192845,0.965737582176408
Pseudodiploria192846,0.257550444637096
Pseudodiploria192849,0.0280086916767267
Pseudodiploria192850,0.37507236663946
Pseudodiploria192851,-0.243638717317538
Pseudodiploria192853,0.511725603227018
Pseudodiploria192854,0.0370115745245521
Pseudodiploria192856,0.110381284489394
Pseudodiploria192862,-0.119933291571274
Pseudodiploria192864,0.130326037725428
Pseudodiploria192866,-0.835838040690141
Pseudodiploria192867,-0.372392836975797
Pseudodiploria192870,-0.400605795778271
Pseudodiploria192872,0.216035433493897
Pseudodiploria192873,-0.269687741669147
Pseudodiploria192876,0.0649031766662774
Pseudodiploria192877,-0.262491132118466
Pseudodiploria192881,-0.0562079900561998
Pseudodiploria192883,-0.0928746016534557
Pseudodiploria192884,0.333646559318121
Pseudodiploria192886,0.269950355485053
Pseudodiploria192889,0.213104100495659
Pseudodiploria192892,-0.0334865124871521
Pseudodiploria192893,0.188551345770443
Pseudodiploria192895,-0.605219990175101
Pseudodiploria192899,0.032110614191807
Pseudodiploria192901,-0.0273816895070531
Pseudodiploria192904,0.0994261341972786
Pseudodiploria192906,0.0709454099734703
Pseudodiploria192907,0.645352942595402
Pseudodiploria192908,0.106539380607277
Pseudodiploria192910,0.473319753331677
Pseudodiploria192911,0.18107273173807
Pseudodiploria192914,-0.102617119874387
Pseudodiploria192916,0.166527866798081
Pseudodiploria192917,-0.943028118784305
Pseudodiploria192918,0.306134743282541
Pseudodiploria192920,-0.346536907559222
Pseudodiploria192921,0.484946931103476
Pseudodiploria192927,0.093403967665376
Pseudodiploria192932,-0.794179874316219
Pseudodiploria192934,-0.179793744356807
Pseudodiploria192935,0.50401488677412
Pseudodiploria192936,-0.103601803769119
Pseudodiploria192937,0.311039257445452
Pseudodiploria192938,0.011846626921136
Pseudodiploria192940,0.104602504928488
Pseudodiploria192941,-0.453390094938432
Pseudodiploria192942,0.237024492697159
Pseudodiploria192943,-0.446064541877937
Pseudodiploria192944,-0.0547241667588066
Pseudodiploria192947,0.0607130552155939
Pseudodiploria192952,0.472366933589796
Pseudodiploria192953,0.1093587565092
Pseudodiploria192954,-0.111745529561999
Pseudodiploria192958,0.996640702572435
Pseudodiploria192960,0.14933997436966
Pseudodiploria192963,-0.261727991753164
Pseudodiploria192964,-0.215181439960416
Pseudodiploria192965,0.491724239263835
Pseudodiploria192966,0.0954000416792582
Pseudodiploria192967,0.337728178319309
Pseudodiploria192968,0.335873574663943
Pseudodiploria192970,-0.0267988013550361
Pseudodiploria192971,0.219174728729034
Pseudodiploria192972,0.0561470004185652
Pseudodiploria192974,0.119724463489914
Pseudodiploria192975,0.0319010618022664
Pseudodiploria192976,-0.182768684158211
Pseudodiploria192977,0.192574448098119
Pseudodiploria192979,0.0536599743182768
Pseudodiploria192980,-0.0792164230395602
Pseudodiploria192983,-0.139783232091435
Pseudodiploria192985,-0.0289058221473036
Pseudodiploria192986,-0.60740256074155
Pseudodiploria192987,-0.246983263581264
Pseudodiploria192988,-0.3798325814183
Pseudodiploria192992,-0.21442063556928
Pseudodiploria192993,-0.443253212289293
Pseudodiploria192994,0.0404802702071312
Pseudodiploria192996,-0.324495681379989
Pseudodiploria192997,0.0973508664962733
Pseudodiploria192998,-1.60372538133918
Pseudodiploria192999,0.266703531005292
Pseudodiploria193000,0.371096143452634
Pseudodiploria193001,0.00839717383466929
Pseudodiploria193002,-0.529491187507227
Pseudodiploria193003,-0.811886956106565
Pseudodiploria193005,-0.0989823841897985
Pseudodiploria193006,-0.598547199632354
Pseudodiploria193008,0.385506493053693
Pseudodiploria193009,-1.50302626391304
Pseudodiploria193010,0.307159325782687
Pseudodiploria193011,0.282266105791196
Pseudodiploria193012,-0.2406350502935
Pseudodiploria193013,-0.0665737714919153
Pseudodiploria193015,-0.0703679432210313
Pseudodiploria193016,-0.159762020552069
Pseudodiploria193018,-0.0953966669559574
Pseudodiploria193020,0.484515168036229
Pseudodiploria193025,-0.541259332552211
Pseudodiploria193026,0.579718979668192
Pseudodiploria193028,-0.157893618161581
Pseudodiploria193029,-0.156475839152343
Pseudodiploria193031,0.215481005184168
Pseudodiploria193033,-0.0612904475677393
Pseudodiploria193034,-0.631392460160879
Pseudodiploria193038,-0.641699695852347
Pseudodiploria193039,0.135106987928076
Pseudodiploria193040,0.286854362597798
Pseudodiploria193041,-0.192359451486729
Pseudodiploria193043,0.476509977043009
Pseudodiploria193044,-0.105974659045423
Pseudodiploria193055,0.569834242608465
Pseudodiploria193056,-0.374491869191532
Pseudodiploria193057,0.0655359696986204
Pseudodiploria193062,-0.134158646952027
Pseudodiploria193063,0.0421281430364149
Pseudodiploria193068,0.319520073515896
Pseudodiploria193069,0.45869299081631
Pseudodiploria193070,0.285845573427351
Pseudodiploria193072,-0.202952480502202
Pseudodiploria193074,-0.0230949932105548
Pseudodiploria193077,0.352849357228246
Pseudodiploria193078,-0.24423303549984
Pseudodiploria193080,-0.0927997642724795
Pseudodiploria193081,-0.0512328217911786
Pseudodiploria193082,0.075839503798985
Pseudodiploria193084,-0.290282535220122
Pseudodiploria193087,-0.282448800519334
Pseudodiploria193090,-0.1804876615783
Pseudodiploria193092,-0.0652110125000189
Pseudodiploria193094,0.543318502884145
Pseudodiploria193095,-0.215320496941081
Pseudodiploria193096,-0.515480804414305
Pseudodiploria193099,-0.0463589202578636
Pseudodiploria193101,-0.681513591690734
Pseudodiploria193103,0.564849317954892
Pseudodiploria193105,-0.805113007368591
Pseudodiploria193106,0.501094785411848
Pseudodiploria193108,-0.0235001230719855
Pseudodiploria193109,-0.128161130253714
Pseudodiploria193111,-0.17124350374412
Pseudodiploria193113,-0.227929201115178
Pseudodiploria193115,-0.78188890717915
Pseudodiploria193117,0.316191292199548
Pseudodiploria193124,0.295351802210988
Pseudodiploria193127,-0.137304352718832
Pseudodiploria193128,0.0712795021959567
Pseudodiploria193131,-0.699726626568667
Pseudodiploria193133,0.0377134376745484
Pseudodiploria193134,0.213735859095092
Pseudodiploria193135,-0.215293657714052
Pseudodiploria193136,0.0363728674644193
Pseudodiploria193138,0.0244803747863939
Pseudodiploria193143,-0.166490025834359
Pseudodiploria193144,-0.0537862240392524
Pseudodiploria193147,0.417082864479224
Pseudodiploria193151,-0.879005890360171
Pseudodiploria193155,-0.170099578731684
Pseudodiploria193157,1.18485953603276
Pseudodiploria193158,-0.342322450974423
Pseudodiploria193160,-0.249913263991859
Pseudodiploria193163,0.264293695234584
Pseudodiploria193165,-0.370789731777915
Pseudodiploria193166,0.44799247543539
Pseudodiploria193167,-0.290410769867789
Pseudodiploria193172,-0.101742195098453
Pseudodiploria193177,-0.26227461052049
Pseudodiploria193181,-0.0872251499920314
Pseudodiploria193187,-0.209066061597756
Pseudodiploria193189,-0.114855935260843
Pseudodiploria193192,-0.398657085865718
Pseudodiploria193193,-0.414933557080859
Pseudodiploria193195,-0.0803191684024355
Pseudodiploria193197,-0.805879149112244
Pseudodiploria193201,-0.257048384840361
Pseudodiploria193203,0.468023917054229
Pseudodiploria193204,-0.247489740451995
Pseudodiploria193206,-0.164997857628502
Pseudodiploria193207,0.271048140555988
Pseudodiploria193209,0.10632641521443
Pseudodiploria193210,0.408378858385409
Pseudodiploria193211,-0.00848655175205349
Pseudodiploria193214,-0.218013516409689
Pseudodiploria193215,0.318515776236836
Pseudodiploria193217,-0.0703197921739652
Pseudodiploria193220,-0.000440507398449181
Pseudodiploria193221,0.487139749664091
Pseudodiploria193224,0.391097039776442
Pseudodiploria193225,0.213289557450411
Pseudodiploria193228,-0.229437604218771
Pseudodiploria193229,0.455708220214198
Pseudodiploria193230,0.0700050596619115
Pseudodiploria193231,-0.119860994880945
Pseudodiploria193233,0.427027866509522
Pseudodiploria193235,0.26686927854281
Pseudodiploria193236,-0.725304797861445
Pseudodiploria193239,-1.00004978619345
Pseudodiploria193242,-0.538276112943858
Pseudodiploria193244,0.241943761857429
Pseudodiploria193246,0.072244581051416
Pseudodiploria193248,0.149504720730576
Pseudodiploria193249,0.251898549915223
Pseudodiploria193251,-0.171053696228985
Pseudodiploria193253,-0.0131250101399804
Pseudodiploria193260,0.101501907665161
Pseudodiploria193261,0.219165908343853
Pseudodiploria193262,-0.742926351616056
Pseudodiploria193263,0.0239699008841154
Pseudodiploria193264,-0.307683943973234
Pseudodiploria193265,-0.296181839106684
Pseudodiploria193266,-0.116840819136383
Pseudodiploria193267,0.316296863035103
Pseudodiploria193268,1.22050349838737
Pseudodiploria193270,-0.422418418367471
Pseudodiploria193271,-1.08908678690157
Pseudodiploria193273,0.259346478086652
Pseudodiploria193274,0.00749331268396144
Pseudodiploria193275,0.0125330726232984
Pseudodiploria193276,-0.228243000540951
Pseudodiploria193277,-0.200358114776354
Pseudodiploria193280,0.188276971894172
Pseudodiploria193282,-0.295507157153645
Pseudodiploria193283,-0.0372978366708863
Pseudodiploria193288,0.271491221884139
Pseudodiploria193289,0.194742974461766
Pseudodiploria193291,-0.0177217037938156
Pseudodiploria193292,-0.0871810876187208
Pseudodiploria193296,0.0715827850519863
Pseudodiploria193297,0.218563987121903
Pseudodiploria193299,-0.54337475478335
Pseudodiploria193300,-0.0302173128150288
Pseudodiploria193301,0.0279832131005822
Pseudodiploria193302,1.12854864492055
Pseudodiploria193305,-0.482013421834386
Pseudodiploria193307,0.23642625162896
Pseudodiploria193309,0.187183805852966
Pseudodiploria193310,0.374597065813111
Pseudodiploria193311,-0.688291255989754
Pseudodiploria193312,-0.0173054456804025
Pseudodiploria193313,0.166640414962544
Pseudodiploria193316,-0.303496845187526
Pseudodiploria193318,0.620564279571001
Pseudodiploria193320,0.294342354008882
Pseudodiploria193321,0.308660155524281
Pseudodiploria193322,-0.116937613373456
Pseudodiploria193323,-0.0173816716618217
Pseudodiploria193324,0.573124809282347
Pseudodiploria193327,2.1004179674052
Pseudodiploria193328,-0.878606803949011
Pseudodiploria193330,0.328419484821196
Pseudodiploria193331,0.176771198884204
Pseudodiploria193334,-0.0167380964779863
Pseudodiploria193335,-0.140349517591466
Pseudodiploria193338,0.430569271889884
Pseudodiploria193341,0.35934828727092
Pseudodiploria193342,0.427963674803912
Pseudodiploria193343,-0.0600097530911623
Pseudodiploria193346,0.0596748190851681
Pseudodiploria193349,-0.023825870890232
Pseudodiploria193350,0.0650439359000251
Pseudodiploria193352,-0.24703746331926
Pseudodiploria193354,-0.219568097414658
Pseudodiploria193356,-0.30387689912751
Pseudodiploria193358,0.247717435639736
Pseudodiploria193359,-0.632008981653346
Pseudodiploria193362,-0.193561109534527
Pseudodiploria193363,0.242308667105642
Pseudodiploria193367,0.153001317262866
Pseudodiploria193368,0.222456615479629
Pseudodiploria193373,-0.178682478240351
Pseudodiploria193376,-0.19316313750474
Pseudodiploria193379,0.199047187211308
Pseudodiploria193380,0.0186211374489002
Pseudodiploria193381,-0.933028286252515
Pseudodiploria193385,-0.0687212128645782
Pseudodiploria193391,0.272166361518199
Pseudodiploria193392,-0.132993289215296
Pseudodiploria193394,-0.111211659517926
Pseudodiploria193397,-0.298784029608811
Pseudodiploria193399,0.364561575170142
Pseudodiploria193402,0.0193469322646663
Pseudodiploria193403,0.518715028344355
Pseudodiploria193406,-0.21935801661631
Pseudodiploria193410,0.240100291466139
Pseudodiploria193412,0.272455453055604
Pseudodiploria193413,0.313017801734226
Pseudodiploria193414,0.139407401875247
Pseudodiploria193416,0.472635827966663
Pseudodiploria193418,-0.882578160624346
Pseudodiploria193419,0.314607118019989
Pseudodiploria193420,0.629682941316702
Pseudodiploria193423,-0.594325351995055
Pseudodiploria193424,0.117226814738868
Pseudodiploria193426,0.0783509214206969
Pseudodiploria193429,-0.466487035924362
Pseudodiploria193431,-0.132527093193514
Pseudodiploria193434,-0.686400980747554
Pseudodiploria193435,-0.0502548781349147
Pseudodiploria193437,0.257960147012858
Pseudodiploria193440,-0.176781312413553
Pseudodiploria193445,0.0770228416232962
Pseudodiploria193447,0.384448097800672
Pseudodiploria193452,-0.148544830805506
Pseudodiploria193454,-0.613547828297848
Pseudodiploria193456,0.408668148950294
Pseudodiploria193457,-0.015750467364771
Pseudodiploria193460,0.846659949613296
Pseudodiploria193464,-0.537474623605844
Pseudodiploria193467,0.298320691248576
Pseudodiploria193468,0.288103931836741
Pseudodiploria193469,-0.33723227577188
Pseudodiploria193470,-0.964721563647959
Pseudodiploria193473,0.250198327943243
Pseudodiploria193474,0.526221989656223
Pseudodiploria193477,-0.125359632413404
Pseudodiploria193484,-0.567277717924234
Pseudodiploria193486,-0.587921084750475
Pseudodiploria193488,-0.633617772058118
Pseudodiploria193490,0.169970074064737
Pseudodiploria193495,-0.555657262553704
Pseudodiploria193497,-0.398520819656278
Pseudodiploria193498,0.00801733206643663
Pseudodiploria193499,-0.157354809575071
Pseudodiploria193501,-0.452015143894933
Pseudodiploria193503,0.192452404429256
Pseudodiploria193504,0.0187762116122339
Pseudodiploria193505,-0.0885789958387877
Pseudodiploria193506,-0.649784327903692
Pseudodiploria193508,0.160154231678781
Pseudodiploria193512,0.0774717598343302
Pseudodiploria193513,-0.363932525737588
Pseudodiploria193514,-0.0728238104294441
Pseudodiploria193518,-0.465221609643267
Pseudodiploria193524,-0.913992789288728
Pseudodiploria193526,-0.0203777140029075
Pseudodiploria193527,-0.0770834911944273
Pseudodiploria193528,-0.0615758377035039
Pseudodiploria193529,0.0147322930761644
Pseudodiploria193530,-0.0448904687420785
Pseudodiploria193531,0.0965777789735018
Pseudodiploria193533,0.214969704811973
Pseudodiploria193544,0.00802531770867106
Pseudodiploria193545,-0.195604604322606
Pseudodiploria193547,-0.0431857157260676
Pseudodiploria193549,-0.381436800666288
Pseudodiploria193551,-0.0691484208495679
Pseudodiploria193554,0.409076619674193
Pseudodiploria193556,0.131971185953515
Pseudodiploria193557,0.0798778979409624
Pseudodiploria193558,0.259347339231978
Pseudodiploria193560,0.971060928807278
Pseudodiploria193561,0.015768529346405
Pseudodiploria193563,0.0575873279875126
Pseudodiploria193564,-0.134281114605253
Pseudodiploria193566,0.286045124544938
Pseudodiploria193567,-0.334149002626144
Pseudodiploria193569,-0.0427930752542141
Pseudodiploria193570,0.00840821716489381
Pseudodiploria193572,0.190464990668169
Pseudodiploria193573,-0.294687633930194
Pseudodiploria193574,0.564424290671011
Pseudodiploria193575,-0.0166309406554193
Pseudodiploria193576,0.435474960347709
Pseudodiploria193581,-0.0526334918719941
Pseudodiploria193584,-0.884206885158862
Pseudodiploria193585,0.266520256828392
Pseudodiploria193587,0.113485935081962
Pseudodiploria193591,-0.127492350366699
Pseudodiploria193592,0.55773608807122
Pseudodiploria193593,-0.184735141256637
Pseudodiploria193595,0.164343137811071
Pseudodiploria193596,0.787926784228507
Pseudodiploria193602,-0.158841622904748
Pseudodiploria193603,0.446344871210047
Pseudodiploria193604,0.61575759583954
Pseudodiploria193606,0.33436946094468
Pseudodiploria193609,0.10593589824185
Pseudodiploria193611,-0.116972149042798
Pseudodiploria193612,-0.473231118643262
Pseudodiploria193615,0.626107794944203
Pseudodiploria193618,0.0967294743870755
Pseudodiploria193619,-0.0500214050858655
Pseudodiploria193620,-1.02002201369671
Pseudodiploria193626,-0.0308768884792269
Pseudodiploria193627,-0.0506264874933474
Pseudodiploria193629,-0.349462666668583
Pseudodiploria193632,-0.0450718339625245
Pseudodiploria193633,-0.430816443902357
Pseudodiploria193634,0.0243544057024756
Pseudodiploria193636,0.0587618753832253
Pseudodiploria193637,0.0672879872738978
Pseudodiploria193638,0.0736280889614404
Pseudodiploria193642,-0.267884308574656
Pseudodiploria193643,0.52904043605615
Pseudodiploria193644,1.05130574081232
Pseudodiploria193645,0.249448182050348
Pseudodiploria193646,-0.389289314278382
Pseudodiploria193654,-0.15989227718325
Pseudodiploria193656,0.0403529032883264
Pseudodiploria193660,-0.228595173742082
Pseudodiploria193662,0.274453312823396
Pseudodiploria193669,-0.354492677165343
Pseudodiploria193670,0.235920447726533
Pseudodiploria193671,0.145994281709108
Pseudodiploria193673,-0.0468843113093886
Pseudodiploria193675,0.471185337952116
Pseudodiploria193677,0.145980075226055
Pseudodiploria193680,-0.753299219063439
Pseudodiploria193684,0.163889278684463
Pseudodiploria193687,-0.264286735245012
Pseudodiploria193691,-0.114005000473159
Pseudodiploria193693,0.20051245415472
Pseudodiploria193696,0.160225811151722
Pseudodiploria193697,-0.133252770386868
Pseudodiploria193698,0.355451581671143
Pseudodiploria193700,-0.257254689247968
Pseudodiploria193704,0.262784822085573
Pseudodiploria193706,0.865372038665553
Pseudodiploria193707,-0.425678835966055
Pseudodiploria193709,-0.614668619146754
Pseudodiploria193711,0.206651192320543
Pseudodiploria193713,-0.344527301885735
Pseudodiploria193714,0.405145515770474
Pseudodiploria193715,-0.00761330380336327
Pseudodiploria193716,0.271146833804007
Pseudodiploria193717,0.0603878737844162
Pseudodiploria193719,-0.146418651017073
Pseudodiploria193723,0.401878339714354
Pseudodiploria193724,-0.118973697063063
Pseudodiploria193725,-0.140658550243912
Pseudodiploria193726,-0.835523286969735
Pseudodiploria193728,-0.137085620724712
Pseudodiploria193732,-1.4013556373479
Pseudodiploria193733,0.0664536695392201
Pseudodiploria193734,0.315635785050235
Pseudodiploria193736,-0.428131366142141
Pseudodiploria193737,-0.171484667752521
Pseudodiploria193738,-0.229224380588979
Pseudodiploria193739,-0.359729433818009
Pseudodiploria193741,-0.131122508477908
Pseudodiploria193743,-0.1494422778598
Pseudodiploria193744,-0.266887732997595
Pseudodiploria193746,0.422659496627972
Pseudodiploria193747,-0.15384413132566
Pseudodiploria193748,0.322073983053443
Pseudodiploria193750,0.0337725316235462
Pseudodiploria193751,-0.197353919347169
Pseudodiploria193752,0.0793478438662549
Pseudodiploria193753,1.32320513204205
Pseudodiploria193756,-0.0246600513882549
Pseudodiploria193759,-0.534627681398247
Pseudodiploria193760,-0.0695161139213361
Pseudodiploria193761,-0.287760609270529
Pseudodiploria193763,0.170686837844714
Pseudodiploria193764,-0.43533132021855
Pseudodiploria193765,0.490441748982489
Pseudodiploria193768,-0.964222464294791
Pseudodiploria193770,-0.0919063882753847
Pseudodiploria193771,-0.33440247689658
Pseudodiploria193775,-0.164122438938239
Pseudodiploria193780,0.124346972823002
Pseudodiploria193781,0.375495163906286
Pseudodiploria193785,0.391346423183016
Pseudodiploria193787,0.105435300091792
Pseudodiploria193789,0.330744192780715
Pseudodiploria193790,-0.190664397733677
Pseudodiploria193791,0.296443397262394
Pseudodiploria193792,-0.213099650862549
Pseudodiploria193793,0.440912669772046
Pseudodiploria193794,-0.291178543785262
Pseudodiploria193797,-0.175280759578828
Pseudodiploria193798,0.586923566941519
Pseudodiploria193799,0.282535220687567
Pseudodiploria193800,0.136217125128565
Pseudodiploria193802,0.157897895562955
Pseudodiploria193807,-0.646010457836819
Pseudodiploria193808,-1.63438709185289
Pseudodiploria193809,0.205996116178388
Pseudodiploria193810,-0.0292144815496396
Pseudodiploria193811,1.51816790283296
Pseudodiploria193812,-0.329593270619902
Pseudodiploria193816,-0.113083186628301
Pseudodiploria193818,0.512572782742349
Pseudodiploria193819,-0.109272154370234
Pseudodiploria193821,0.890736860154313
Pseudodiploria193822,-0.0256065721019013
Pseudodiploria193823,0.430730341124423
Pseudodiploria193826,-0.207074849663583
Pseudodiploria193830,0.0771715496093869
Pseudodiploria193831,-0.808668958220453
Pseudodiploria193832,0.149303769770801
Pseudodiploria193833,0.207591164625962
Pseudodiploria193837,0.43689268035307
Pseudodiploria193838,-0.747503204656946
Pseudodiploria193844,0.0974783372927753
Pseudodiploria193845,0.537548394994238
Pseudodiploria193846,-0.0295324404774196
Pseudodiploria193847,-0.172847594524204
Pseudodiploria193849,-0.300889244347993
Pseudodiploria193851,0.126021259089632
Pseudodiploria193853,-0.402776575729197
Pseudodiploria193854,0.00120529694080606
Pseudodiploria193855,0.302221537308322
Pseudodiploria193859,0.00314496488462632
Pseudodiploria193860,-0.372843106612222
Pseudodiploria193864,-0.165342767425448
Pseudodiploria193866,-0.0934855164739025
Pseudodiploria193868,-0.00302433111814715
Pseudodiploria193872,-0.516330385365933
Pseudodiploria193875,-0.595779856726599
Pseudodiploria193876,0.267260789792592
Pseudodiploria193877,0.124339607602072
Pseudodiploria193878,-0.151210542635573
Pseudodiploria193880,0.2859116484625
Pseudodiploria193885,-0.00954488442627712
Pseudodiploria193887,0.236608257475029
Pseudodiploria193891,-0.364389548589421
Pseudodiploria193892,0.111464597081771
Pseudodiploria193895,0.00505680931582378
Pseudodiploria193898,-0.383224789008957
Pseudodiploria193901,0.280732476788718
Pseudodiploria193902,0.0607175631942122
Pseudodiploria193905,0.295251366239997
Pseudodiploria193907,0.529272586291122
Pseudodiploria193908,0.315826538941249
Pseudodiploria193910,0.312600435153082
Pseudodiploria193911,0.549129092008354
Pseudodiploria193912,0.175964023944519
Pseudodiploria193913,0.122108685646455
Pseudodiploria193914,-0.110866973798882
Pseudodiploria193915,-0.498528274087721
Pseudodiploria193917,-0.0451161551185308
Pseudodiploria193920,0.700626768432976
Pseudodiploria193921,-0.065910339387858
Pseudodiploria193922,-0.0573822663963079
Pseudodiploria193923,-0.228368615885195
Pseudodiploria193925,-0.178818433029524
Pseudodiploria193926,-0.0283172138605352
Pseudodiploria193928,0.0134112303935878
Pseudodiploria193930,-0.135736919166583
Pseudodiploria193931,0.601612175059843
Pseudodiploria193932,-0.388484224421357
Pseudodiploria193933,-0.466035059840319
Pseudodiploria193935,-0.3825165988265
Pseudodiploria193936,-0.637573637483733
Pseudodiploria193938,0.0356047958539479
Pseudodiploria193939,0.249002036703859
Pseudodiploria19394,0.773094648301825
Pseudodiploria193940,0.191385822827212
Pseudodiploria193941,-0.272575910004514
Pseudodiploria193942,0.590161847105756
Pseudodiploria193945,-0.292275563890567
Pseudodiploria193948,0.0177337744843001
Pseudodiploria193949,-0.114436241400183
Pseudodiploria193951,-0.445183493917806
Pseudodiploria193952,0.355917371883627
Pseudodiploria193953,0.0472145295932669
Pseudodiploria193959,0.6881162043179
Pseudodiploria193960,0.108276161480603
Pseudodiploria193961,0.0261297612826675
Pseudodiploria193964,0.225026410140627
Pseudodiploria193966,0.855174110638231
Pseudodiploria193967,-0.160545735671696
Pseudodiploria193968,-0.220218409693013
Pseudodiploria193970,-0.0108262993239057
Pseudodiploria193971,-0.256857127198433
Pseudodiploria193974,0.593467405019417
Pseudodiploria193975,0.0163724968581284
Pseudodiploria193976,0.15347290464415
Pseudodiploria193979,-0.0632607101628428
Pseudodiploria193980,0.538272751998984
Pseudodiploria193981,0.734583720156749
Pseudodiploria193983,-0.167354452030504
Pseudodiploria193985,0.421552838256364
Pseudodiploria193990,-0.172920656412755
Pseudodiploria193992,-0.0825070424100258
Pseudodiploria193993,0.529974865449836
Pseudodiploria193994,0.687519635151193
Pseudodiploria193995,-0.0347725053165688
Pseudodiploria193996,0.666335804343213
Pseudodiploria193997,0.850452907659367
Pseudodiploria193998,-0.382847293403786
Pseudodiploria194000,0.318694855633083
Pseudodiploria194001,0.174665144800959
Pseudodiploria194003,-0.336962152175544
Pseudodiploria194007,0.137578780706521
Pseudodiploria194008,0.149832571287431
Pseudodiploria194009,0.722380250966308
Pseudodiploria194010,-0.76371835324807
Pseudodiploria194011,0.172016836781809
Pseudodiploria194015,0.349198341018469
Pseudodiploria194016,0.34023155811014
Pseudodiploria194017,-0.173798345374311
Pseudodiploria194018,0.00068122416163276
Pseudodiploria194019,-0.508297437466285
Pseudodiploria194020,-0.000105904378864802
Pseudodiploria194022,0.152181531884338
Pseudodiploria194023,-0.104756108725808
Pseudodiploria194024,-0.0718920297258147
Pseudodiploria194026,-0.200343908050397
Pseudodiploria194028,-0.249094506118418
Pseudodiploria194030,0.179276898013904
Pseudodiploria194033,-0.860907945352996
Pseudodiploria194036,0.601743684222835
Pseudodiploria194037,-0.0218379645157731
Pseudodiploria194038,0.50383686818231
Pseudodiploria194040,-0.0885256948416865
Pseudodiploria194041,-0.429675773883653
Pseudodiploria194042,-0.247298752827248
Pseudodiploria194047,-1.07487069906767
Pseudodiploria194048,0.0662038951236747
Pseudodiploria194049,-0.129600727554511
Pseudodiploria194051,-0.111775028309655
Pseudodiploria194052,-0.39950923194513
Pseudodiploria194055,0.368258920610951
Pseudodiploria194056,0.153094491301607
Pseudodiploria194060,-0.162970142864101
Pseudodiploria194061,-0.14947031616902
Pseudodiploria194062,0.166444527653371
Pseudodiploria194066,0.00386297777648648
Pseudodiploria194067,0.298206879943326
Pseudodiploria194070,0.273122530685894
Pseudodiploria194073,-0.0424421896052201
Pseudodiploria194074,-0.370698686879999
Pseudodiploria194076,-0.238181325520393
Pseudodiploria194082,-0.207496889229321
Pseudodiploria194083,-0.048089830696009
Pseudodiploria194084,-0.656824310500135
Pseudodiploria194085,0.669375056334679
Pseudodiploria194089,0.265870859444423
Pseudodiploria194090,0.0673692495746333
Pseudodiploria194092,-0.0600946116620013
Pseudodiploria194095,0.430634121921398
Pseudodiploria194102,0.133560243072123
Pseudodiploria194103,0.0962149100645716
Pseudodiploria194105,-0.213058424289244
Pseudodiploria194107,0.53830739255332
Pseudodiploria194108,-0.140296568663695
Pseudodiploria194109,-0.414910831699217
Pseudodiploria194111,0.507320902301838
Pseudodiploria194112,-0.19227648635086
Pseudodiploria194113,0.275452052889276
Pseudodiploria194116,0.243289875522317
Pseudodiploria194117,0.112667546961983
Pseudodiploria194118,0.12530568159862
Pseudodiploria194120,0.218173236967409
Pseudodiploria194121,-0.548406767749607
Pseudodiploria194123,-0.604517340499544
Pseudodiploria194124,0.149794838161178
Pseudodiploria194129,0.242773858271214
Pseudodiploria194130,0.0219819292333171
Pseudodiploria194131,-0.0096490556395494
Pseudodiploria194132,0.290042109193424
Pseudodiploria194133,0.111616255634579
Pseudodiploria194134,0.0203942061838448
Pseudodiploria194137,0.623272544808944
Pseudodiploria194138,0.788545704221076
Pseudodiploria194140,0.503217852651568
Pseudodiploria194141,-0.1281613132038
Pseudodiploria194144,0.0229676638223004
Pseudodiploria194146,0.0387905103438314
Pseudodiploria194150,0.537165942791872
Pseudodiploria194155,0.13246687752339
Pseudodiploria194160,0.182570327037424
Pseudodiploria194161,0.011298159786842
Pseudodiploria194163,0.0217287395190024
Pseudodiploria194165,-0.383346237513482
Pseudodiploria194166,-0.614247603908099
Pseudodiploria194171,-0.150210823290748
Pseudodiploria194172,-0.0818606002573655
Pseudodiploria194173,0.0431403090044656
Pseudodiploria194176,0.000536279558996411
Pseudodiploria194179,0.0068309508719313
Pseudodiploria194180,0.422690245712429
Pseudodiploria194182,-0.0407764348218274
Pseudodiploria194186,0.0145586321745077
Pseudodiploria194187,-0.140813360891185
Pseudodiploria194189,0.56638525910197
Pseudodiploria194190,-0.231520634619596
Pseudodiploria194192,0.162124451698899
Pseudodiploria194194,-0.769192757488104
Pseudodiploria194195,0.454195883370273
Pseudodiploria194196,0.158987724145448
Pseudodiploria194199,-0.219067902020818
Pseudodiploria194200,0.559801238759724
Pseudodiploria194201,-0.624117458126114
Pseudodiploria194202,0.110385604812684
Pseudodiploria194204,0.170695517851646
Pseudodiploria194205,0.344113446300802
Pseudodiploria194207,0.225037808056801
Pseudodiploria194210,-0.183257123469375
Pseudodiploria194211,0.13039761826534
Pseudodiploria194212,0.283733999750565
Pseudodiploria194213,0.208616883821493
Pseudodiploria194214,0.118804969722687
Pseudodiploria194215,0.0339044304645724
Pseudodiploria194216,-0.155425265709925
Pseudodiploria194217,-0.570540469178702
Pseudodiploria194221,0.0727615530350544
Pseudodiploria194222,0.000529296665457241
Pseudodiploria194223,-0.120846771957054
Pseudodiploria194228,0.278946596476867
Pseudodiploria194230,0.269509645133754
Pseudodiploria194231,-0.0609063451561367
Pseudodiploria194234,0.165451262036992
Pseudodiploria194235,-0.573886480035553
Pseudodiploria194237,-0.000599139036801752
Pseudodiploria194239,-0.239567008617989
Pseudodiploria194240,-0.26176674048762
Pseudodiploria194241,-0.633909680355175
Pseudodiploria194242,0.432716462166028
Pseudodiploria194243,0.713425992242544
Pseudodiploria194248,-0.330576475712291
Pseudodiploria194251,0.271116491604597
Pseudodiploria194255,-0.01036501600957
Pseudodiploria194256,0.894490967062867
Pseudodiploria194257,0.0443935959409486
Pseudodiploria194261,-0.0681248549576956
Pseudodiploria194262,0.350713622716085
Pseudodiploria194264,0.600821751233769
Pseudodiploria194265,0.110943489541111
Pseudodiploria194267,0.481117593243524
Pseudodiploria194268,-0.986975446076018
Pseudodiploria194269,0.174650740032836
Pseudodiploria194273,0.187538649834188
Pseudodiploria194274,0.314226028539363
Pseudodiploria194275,-0.0974630252970911
Pseudodiploria194277,0.139246954973906
Pseudodiploria194278,0.0114520534929514
Pseudodiploria194284,-0.843238697150192
Pseudodiploria194287,-0.28869913540448
Pseudodiploria194288,0.418890707405005
Pseudodiploria194291,0.691952653608996
Pseudodiploria194293,-0.515601760215719
Pseudodiploria194294,0.281870443834866
Pseudodiploria194296,-0.38803459089845
Pseudodiploria194301,0.362008205136911
Pseudodiploria194303,-1.21662258752559
Pseudodiploria194305,0.0756054227656224
Pseudodiploria194306,0.396432806839474
Pseudodiploria194307,-0.31019865017929
Pseudodiploria194308,0.294213337441438
Pseudodiploria194309,0.647306503924143
Pseudodiploria194311,0.547340976673133
Pseudodiploria194315,0.551188873276038
Pseudodiploria194317,0.809338504720927
Pseudodiploria194318,-0.137993681915474
Pseudodiploria194321,0.710261803416622
Pseudodiploria194323,0.00211576123064249
Pseudodiploria194324,0.50272443675041
Pseudodiploria194325,0.123135413817034
Pseudodiploria194327,-0.588837380629229
Pseudodiploria194328,0.302552787106382
Pseudodiploria194329,0.228472629519052
Pseudodiploria194332,-0.381519102009262
Pseudodiploria194333,-0.692037138648425
Pseudodiploria194334,0.268218378257605
Pseudodiploria194335,0.109305482362039
Pseudodiploria194341,-0.137278901628594
Pseudodiploria194343,0.519380968054696
Pseudodiploria194348,-0.11752600927336
Pseudodiploria194352,0.0836817952880152
Pseudodiploria194354,0.479012873184989
Pseudodiploria194355,0.130854365520649
Pseudodiploria194356,0.0869008896345626
Pseudodiploria194357,0.0108328074232298
Pseudodiploria194361,0.828993360904413
Pseudodiploria194362,0.60092608927337
Pseudodiploria194364,0.0681200414873551
Pseudodiploria194365,-0.165196561127678
Pseudodiploria194366,0.098481939627967
Pseudodiploria194367,0.354694551647603
Pseudodiploria194370,1.21994557661923
Pseudodiploria194372,0.539169090409985
Pseudodiploria194375,0.925242505571417
Pseudodiploria194377,-0.936906778850362
Pseudodiploria194383,0.138446458243372
Pseudodiploria194387,-0.133830132051397
Pseudodiploria194389,-0.0781088215748404
Pseudodiploria194390,-0.375332626463478
Pseudodiploria194391,0.141588162452738
Pseudodiploria194392,-0.264515772532151
Pseudodiploria194393,0.321169472218688
Pseudodiploria194395,0.353697145035785
Pseudodiploria194396,-0.672312900384987
Pseudodiploria194397,-0.124693310776169
Pseudodiploria194399,0.197446406604025
Pseudodiploria194401,0.329539825922222
Pseudodiploria194402,-0.227829779761607
Pseudodiploria194405,0.0353173463419352
Pseudodiploria194408,0.790642713256512
Pseudodiploria194409,0.196053629908534
Pseudodiploria194411,0.0616524885864057
Pseudodiploria194413,0.186058663682155
Pseudodiploria194414,0.732688745141522
Pseudodiploria194416,-0.184589476142183
Pseudodiploria194417,0.0850861435771311
Pseudodiploria194421,-0.0410162893226806
Pseudodiploria194423,-0.212509332573538
Pseudodiploria194426,-0.315704349602539
Pseudodiploria194428,-0.294854492316026
Pseudodiploria194430,-0.391807565972222
Pseudodiploria194432,0.112486065071837
Pseudodiploria194434,-0.185926721050207
Pseudodiploria194435,-0.419301386952644
Pseudodiploria194438,-0.199681632902215
Pseudodiploria194439,0.0635429467166885
Pseudodiploria194440,-0.417822413676388
Pseudodiploria194442,-0.426098825095209
Pseudodiploria194443,-0.371741829365774
Pseudodiploria194444,0.345083259412388
Pseudodiploria194447,-0.0408077991852794
Pseudodiploria194453,0.00554597591499585
Pseudodiploria194455,-1.19126421068086
Pseudodiploria194456,-0.587931563627989
Pseudodiploria194457,0.586427535696119
Pseudodiploria194462,0.069519768637343
Pseudodiploria194464,0.125883420191902
Pseudodiploria194465,0.0475063393128138
Pseudodiploria194466,-0.843125958901262
Pseudodiploria194468,-0.12070364511641
Pseudodiploria194469,1.0868516614259
Pseudodiploria194472,-0.172743007418608
Pseudodiploria194473,-0.0457086563397599
Pseudodiploria194476,0.427655715079588
Pseudodiploria194477,-0.00884258592484089
Pseudodiploria194478,0.178296897315799
Pseudodiploria194479,0.312126374382932
Pseudodiploria194481,-0.134054900951384
Pseudodiploria194486,-2.12509226760669
Pseudodiploria194489,-1.40152457369002
Pseudodiploria194490,0.560521335935079
Pseudodiploria194492,-0.0321019558531159
Pseudodiploria194494,-0.395598939058071
Pseudodiploria194495,0.209580838305966
Pseudodiploria194496,0.257800410618908
Pseudodiploria194497,-0.268421194502969
Pseudodiploria194500,0.720346194894659
Pseudodiploria194502,0.665140584644501
Pseudodiploria194504,0.164861609830609
Pseudodiploria194505,-0.671446028102457
Pseudodiploria194506,0.283745384589963
Pseudodiploria194508,0.132196916677743
Pseudodiploria194509,-0.0130175468839373
Pseudodiploria194510,-0.226520241743978
Pseudodiploria194511,-0.100534429670436
Pseudodiploria194517,0.0209919626504031
Pseudodiploria194518,0.206735710672703
Pseudodiploria194519,1.45682349463143
Pseudodiploria194525,-0.294648599348027
Pseudodiploria194527,0.0439319392380858
Pseudodiploria194529,-0.560783642346558
Pseudodiploria194530,0.166896988170757
Pseudodiploria194531,-0.202301618558513
Pseudodiploria194533,-0.150455956997453
Pseudodiploria194534,0.313282813850348
Pseudodiploria194537,-0.0457927728189932
Pseudodiploria194538,0.117631619683053
Pseudodiploria194539,0.212093680461767
Pseudodiploria194540,0.260999949978019
Pseudodiploria194543,-0.493359154126779
Pseudodiploria194544,0.0698058002833988
Pseudodiploria194546,0.332295536204912
Pseudodiploria194550,-0.556242072861326
Pseudodiploria194552,-0.682506318296632
Pseudodiploria194554,0.438326441504497
Pseudodiploria194555,0.139134935903372
Pseudodiploria194556,-0.0344456686086321
Pseudodiploria194557,0.173388318517031
Pseudodiploria194558,0.0982224411444282
Pseudodiploria194560,-0.0213477927879476
Pseudodiploria194565,1.71271971431649
Pseudodiploria194567,0.0879376423122917
Pseudodiploria194569,-0.388434473682068
Pseudodiploria194570,0.163009600145667
Pseudodiploria194572,0.38678040316763
Pseudodiploria194573,0.0954452080545234
Pseudodiploria194576,-0.156190861309317
Pseudodiploria194577,0.380108873739445
Pseudodiploria194578,-0.00781779449034529
Pseudodiploria194579,0.239887678289268
Pseudodiploria194583,0.288206367140559
Pseudodiploria194585,-0.00988050294567701
Pseudodiploria194586,-0.249595092168459
Pseudodiploria194593,0.591184910279074
Pseudodiploria194594,-0.0269623289620128
Pseudodiploria194595,0.0774110549896785
Pseudodiploria194596,0.0120784651578457
Pseudodiploria194597,-0.203907886291413
Pseudodiploria194599,0.0347233041501019
Pseudodiploria194600,-0.36445141179913
Pseudodiploria194606,0.105452369236454
Pseudodiploria194609,-0.603389404528396
Pseudodiploria194611,0.0364829046004797
Pseudodiploria194612,0.208177266925047
Pseudodiploria194615,0.527277563338032
Pseudodiploria194617,0.836020678312744
Pseudodiploria194618,-0.205411054072091
Pseudodiploria194620,-0.133659163528327
Pseudodiploria194623,-0.89942813548667
Pseudodiploria194625,-0.0241547813070114
Pseudodiploria194628,-0.9237842464079
Pseudodiploria194629,-0.0881097809945495
Pseudodiploria194631,-0.154307001876697
Pseudodiploria194632,0.141009516585004
Pseudodiploria194633,-0.0990668117943528
Pseudodiploria194634,-0.145121311559118
Pseudodiploria194636,-0.0210105456146838
Pseudodiploria194637,0.345597448283395
Pseudodiploria194638,0.351246034337684
Pseudodiploria194639,0.363147975042171
Pseudodiploria194640,-0.157151204983927
Pseudodiploria194641,0.0803762151866764
Pseudodiploria194643,0.443943408591985
Pseudodiploria194644,-0.29459287525088
Pseudodiploria194647,0.0752363400330501
Pseudodiploria194648,-1.18132198655971
Pseudodiploria194650,0.369798397313737
Pseudodiploria194651,0.29669346663381
Pseudodiploria194652,0.0749238390947719
Pseudodiploria194653,-0.331273973997717
Pseudodiploria194654,0.0447784697082924
Pseudodiploria194655,0.757461428788823
Pseudodiploria194656,0.44381422074989
Pseudodiploria194661,-0.236369295431283
Pseudodiploria194662,0.162281138337761
Pseudodiploria194665,0.0226466000701889
Pseudodiploria194666,0.389927463428978
Pseudodiploria194668,-0.100442189744695
Pseudodiploria194669,-0.429235780662277
Pseudodiploria194670,0.125017089911203
Pseudodiploria194671,-0.228232980902138
Pseudodiploria194672,-0.53340518323274
Pseudodiploria194673,0.388336824312992
Pseudodiploria194674,0.403504720064454
Pseudodiploria194675,0.427243845813665
Pseudodiploria194677,-0.0573786994506907
Pseudodiploria194678,0.460786199094021
Pseudodiploria194679,-0.105266825049062
Pseudodiploria194680,-0.0213990968420691
Pseudodiploria194683,-0.216652905898737
Pseudodiploria194686,0.0917441625839954
Pseudodiploria194687,0.233840257115183
Pseudodiploria194688,0.584608907043764
Pseudodiploria194689,-0.153993292637451
Pseudodiploria194690,-0.293661644539922
Pseudodiploria194691,0.32306030676936
Pseudodiploria194692,0.533461431214415
Pseudodiploria194695,-0.362471040734655
Pseudodiploria194696,0.128113760480858
Pseudodiploria194697,0.376823469551015
Pseudodiploria194699,0.123155441158426
Pseudodiploria194704,0.602750180687431
Pseudodiploria194705,-0.0541053965310187
Pseudodiploria194706,0.856571829017514
Pseudodiploria194708,0.0520528818381216
Pseudodiploria194710,-0.277003846387822
Pseudodiploria194711,-0.212633781166344
Pseudodiploria194716,-0.202549051922875
Pseudodiploria194719,-0.604574523273864
Pseudodiploria194721,-0.141159174314014
Pseudodiploria194724,0.20279328932178
Pseudodiploria194725,0.571445935357349
Pseudodiploria194727,0.20544843204327
Pseudodiploria194731,-0.112117362355212
Pseudodiploria194732,0.0263039525084065
Pseudodiploria194738,-0.0300324593618171
Pseudodiploria194739,-0.0653037653305643
Pseudodiploria194740,-0.247707376509141
Pseudodiploria194745,0.290609514014346
Pseudodiploria194751,-0.835120683986549
Pseudodiploria194752,-0.401699833040452
Pseudodiploria194753,0.128150494878913
Pseudodiploria194754,0.75713252574546
Pseudodiploria194760,-0.10572623773272
Pseudodiploria194762,0.845826162554857
Pseudodiploria194765,0.15213592837724
Pseudodiploria194767,0.369547032897665
Pseudodiploria194768,0.116871767706013
Pseudodiploria194769,0.117803569129086
Pseudodiploria194771,-0.310994259195041
Pseudodiploria194772,-0.020401379157415
Pseudodiploria194773,-0.385066840462177
Pseudodiploria194774,0.411430601943212
Pseudodiploria194775,-0.544833806900073
Pseudodiploria194777,0.134871895898043
Pseudodiploria194779,0.116954120256404
Pseudodiploria194781,-0.22467181125502
Pseudodiploria194783,0.0334163634736407
Pseudodiploria194785,-0.400514113489874
Pseudodiploria194786,0.35316438214257
Pseudodiploria194789,0.487830058114015
Pseudodiploria194790,-0.297350158172032
Pseudodiploria194794,-0.381456750498968
Pseudodiploria194795,0.893006818365948
Pseudodiploria194796,-0.200031970399813
Pseudodiploria194797,-1.37998029033988
Pseudodiploria194798,-0.0384071836321427
Pseudodiploria194799,-0.0337099276961114
Pseudodiploria194800,0.0133577968757513
Pseudodiploria194805,0.16887197218146
Pseudodiploria194806,-0.0482147393673645
Pseudodiploria194807,0.185999976593624
Pseudodiploria194810,-0.445382879839362
Pseudodiploria194812,-0.147296375013226
Pseudodiploria194815,-0.160448389181121
Pseudodiploria194816,-0.315406793036268
Pseudodiploria194817,0.0906317049919923
Pseudodiploria194818,0.713593806574943
Pseudodiploria194819,0.145954578355333
Pseudodiploria194821,0.0370262552179549
Pseudodiploria194823,-0.0724680799534323
Pseudodiploria194830,-0.231895112373938
Pseudodiploria194838,-0.0675067700280463
Pseudodiploria194840,0.340560401621395
Pseudodiploria194841,-0.11786446644313
Pseudodiploria194842,-0.0898696424322276
Pseudodiploria194843,0.000785397419472596
Pseudodiploria194844,-0.22028219915771
Pseudodiploria194846,0.805581730723189
Pseudodiploria194853,0.0176658739563481
Pseudodiploria194854,-0.37845167895562
Pseudodiploria194861,0.0280428056724523
Pseudodiploria194862,-0.092021401773374
Pseudodiploria194863,-0.42584753399954
Pseudodiploria194864,-0.26136345159657
Pseudodiploria194865,-0.245892597164413
Pseudodiploria194868,-0.286232506553116
Pseudodiploria194869,0.165375342264893
Pseudodiploria194870,0.0946124679238308
Pseudodiploria194872,0.504540896909804
Pseudodiploria194873,-0.278902908790376
Pseudodiploria194874,1.12987401304486
Pseudodiploria194876,-0.160105211540928
Pseudodiploria194879,0.133685124025496
Pseudodiploria194880,-0.195211828225913
Pseudodiploria194881,0.353877433583874
Pseudodiploria194883,-0.112328593106969
Pseudodiploria194886,0.699357387749951
Pseudodiploria194887,0.25429747350769
Pseudodiploria194891,0.00415497751982788
Pseudodiploria194894,0.361407449315671
Pseudodiploria194896,0.287858954640602
Pseudodiploria194897,0.145586674396939
Pseudodiploria194900,-0.765862953106598
Pseudodiploria194902,-0.600512871013057
Pseudodiploria194908,-0.259255158606486
Pseudodiploria194910,-0.223249414018028
Pseudodiploria194913,0.129142808847299
Pseudodiploria194915,0.503135879108166
Pseudodiploria194916,-0.0997615912412019
Pseudodiploria194917,1.43136013192497
Pseudodiploria194918,-0.591761593599021
Pseudodiploria194919,0.417861742228057
Pseudodiploria194923,0.590952021244019
Pseudodiploria194925,0.255430685231043
Pseudodiploria194931,0.688952964183138
Pseudodiploria194932,0.0522841758725772
Pseudodiploria194934,-0.103800354632154
Pseudodiploria194935,-0.341963986432493
Pseudodiploria194937,0.10790957940769
Pseudodiploria194940,0.17558433416658
Pseudodiploria194945,0.00074377378125023
Pseudodiploria194946,-0.406318194550317
Pseudodiploria194947,-0.298062012326401
Pseudodiploria194948,0.442993753515562
Pseudodiploria194949,0.0322064633584001
Pseudodiploria194950,-0.318272014513381
Pseudodiploria194951,-0.0827323056638276
Pseudodiploria194956,0.221880011312906
Pseudodiploria194957,-1.07120956308581
Pseudodiploria194959,0.363019767180031
Pseudodiploria194963,0.0100850734995799
Pseudodiploria194968,0.1130974369491
Pseudodiploria194969,-0.253969214852026
Pseudodiploria194971,0.30083970040091
Pseudodiploria194973,-0.386172222617273
Pseudodiploria194975,0.304732337218795
Pseudodiploria194977,0.341671123052867
Pseudodiploria194979,0.305600543139064
Pseudodiploria194984,0.0883806901645983
Pseudodiploria194987,-0.727901606880767
Pseudodiploria194988,0.208904747309685
Pseudodiploria194989,-0.144461900178882
Pseudodiploria194992,0.0356752666752356
Pseudodiploria194995,0.225340545526563
Pseudodiploria194996,-0.286288491406795
Pseudodiploria194997,-0.122218025363798
Pseudodiploria194998,0.496565765191117
Pseudodiploria194999,0.0595507945808712
Pseudodiploria195000,-0.307564557583312
Pseudodiploria195001,0.00831969255802661
Pseudodiploria195002,-0.836857509786711
Pseudodiploria195003,-0.0040954301439502
Pseudodiploria195004,0.0852773043646947
Pseudodiploria195010,0.178543864919053
Pseudodiploria195015,-0.20715743347358
Pseudodiploria195019,-0.648904955972347
Pseudodiploria195020,0.656183974082519
Pseudodiploria195021,0.662893042898234
Pseudodiploria195023,0.16364174664079
Pseudodiploria195024,-0.415650774956356
Pseudodiploria195025,-0.559100900276115
Pseudodiploria195026,1.1685779430053
Pseudodiploria195027,-0.585782110193625
Pseudodiploria195029,0.654848708412457
Pseudodiploria195032,0.410486710945694
Pseudodiploria195033,0.19847530481627
Pseudodiploria195037,0.0552398221875333
Pseudodiploria195038,-0.180752560880398
Pseudodiploria195040,-0.558219009112252
Pseudodiploria195041,-0.472569571569774
Pseudodiploria195044,-0.0818941459589848
Pseudodiploria195045,-0.0901784492546381
Pseudodiploria195047,-0.511543405748764
Pseudodiploria195049,-0.503950579253704
Pseudodiploria195050,-0.190784848910314
Pseudodiploria195051,0.718711648746686
Pseudodiploria195053,0.901973623165316
Pseudodiploria195055,0.535793682001688
Pseudodiploria195057,-0.616447757856144
Pseudodiploria195058,-0.437732305114695
Pseudodiploria195061,-0.219578902146203
Pseudodiploria195063,-0.200491983312352
Pseudodiploria195064,0.187168173362721
Pseudodiploria195065,-0.0108679549614962
Pseudodiploria195066,0.0716567095710876
Pseudodiploria195067,0.0861098396127957
Pseudodiploria195069,-0.219237683582747
Pseudodiploria195074,-0.5457383829001
Pseudodiploria195076,0.0760926660966246
Pseudodiploria195077,0.43675655498855
Pseudodiploria195079,-0.369250779789693
Pseudodiploria195081,-0.165956074504126
Pseudodiploria195085,0.189490641791698
Pseudodiploria195086,0.011537000613308
Pseudodiploria195087,0.763067785774333
Pseudodiploria195088,-0.545435460501741
Pseudodiploria195089,0.197588581427593
Pseudodiploria195090,0.188084412438456
Pseudodiploria195091,-0.171793242920795
Pseudodiploria195092,0.114966197642405
Pseudodiploria195093,-0.273400328534611
Pseudodiploria195097,0.303672107328306
Pseudodiploria195098,0.183096887235029
Pseudodiploria195101,-0.368525945582997
Pseudodiploria195102,0.455884546800582
Pseudodiploria195103,0.142387196890411
Pseudodiploria195104,0.272027258660751
Pseudodiploria195107,0.278318301227597
Pseudodiploria195108,-0.00229367655486175
Pseudodiploria195109,-0.371654000507858
Pseudodiploria195110,1.17298606411339
Pseudodiploria195111,-0.628125061608831
Pseudodiploria195116,0.617048198419223
Pseudodiploria195117,-0.288055781089101
Pseudodiploria195118,0.0672181878009586
Pseudodiploria195120,0.389141322950519
Pseudodiploria195123,-0.446484950683147
Pseudodiploria195125,-0.392770461649193
Pseudodiploria195130,0.384492487291018
Pseudodiploria195131,0.104551452048823
Pseudodiploria195133,-1.3714131366806
Pseudodiploria195134,0.0333860147108331
Pseudodiploria195137,0.184435996682978
Pseudodiploria195139,0.522875347418281
Pseudodiploria195143,0.126355161734787
Pseudodiploria195144,0.140250072391033
Pseudodiploria195145,0.122685501666525
Pseudodiploria195146,-0.635175336073196
Pseudodiploria195148,0.335146815867288
Pseudodiploria195150,-0.186380258628742
Pseudodiploria195152,0.610304968842812
Pseudodiploria195153,-0.254580452386328
Pseudodiploria195154,-0.264984700740338
Pseudodiploria195155,-0.172868129545824
Pseudodiploria195158,0.0376964890545855
Pseudodiploria195159,-0.706600551321314
Pseudodiploria195160,-0.120563017724264
Pseudodiploria195161,0.0948022876455287
Pseudodiploria195162,0.668819473586891
Pseudodiploria195164,0.765185375707925
Pseudodiploria195167,-0.269719232727028
Pseudodiploria195168,0.604755191178517
Pseudodiploria195170,0.362620194717907
Pseudodiploria195173,-0.565539302021556
Pseudodiploria195174,-0.0237440383622746
Pseudodiploria195176,0.407566238628666
Pseudodiploria195177,0.0248799568483074
Pseudodiploria195178,0.567860094667883
Pseudodiploria195179,0.110180919477426
Pseudodiploria195180,0.00425878495638885
Pseudodiploria195181,0.408002818417839
Pseudodiploria195183,0.0721965831646296
Pseudodiploria195189,-0.0478443688017161
Pseudodiploria195190,-0.0561443535995722
Pseudodiploria195191,-0.164146560397955
Pseudodiploria195192,0.189695775674927
Pseudodiploria195193,0.256971401162395
Pseudodiploria195196,0.0876874459198875
Pseudodiploria195197,-0.410742014725607
Pseudodiploria195198,0.146144217949157
Pseudodiploria195200,0.279691964424115
Pseudodiploria195201,0.321248609972738
Pseudodiploria195203,0.0203624994914511
Pseudodiploria195205,0.21915110557093
Pseudodiploria195206,-0.619903616721693
Pseudodiploria195207,-0.102157326409265
Pseudodiploria19521,0.751917990460528
Pseudodiploria195210,0.447192272605464
Pseudodiploria195214,0.492873896360233
Pseudodiploria195215,0.57349151753198
Pseudodiploria195218,-0.243465748762152
Pseudodiploria195222,0.263827859172479
Pseudodiploria195226,0.435885292297509
Pseudodiploria195230,-0.346869344314921
Pseudodiploria195232,0.176989795585776
Pseudodiploria195236,0.149433380217829
Pseudodiploria195237,0.406068040693536
Pseudodiploria195241,-0.539300664864176
Pseudodiploria195242,0.260775582904059
Pseudodiploria195243,0.920537740491663
Pseudodiploria195244,0.0422615555735717
Pseudodiploria195248,0.0833203599018356
Pseudodiploria195251,0.105587328683579
Pseudodiploria195252,-0.109848518680601
Pseudodiploria195259,-0.533683737668706
Pseudodiploria195264,-0.142318557763677
Pseudodiploria195266,0.214594341349643
Pseudodiploria195267,-0.313983049988203
Pseudodiploria195268,-0.144365531871152
Pseudodiploria195269,-0.032544704123445
Pseudodiploria195274,-0.914059208867971
Pseudodiploria195277,0.156308516570181
Pseudodiploria195280,-0.133773462180562
Pseudodiploria195282,0.817915382298601
Pseudodiploria195287,-0.226035409899002
Pseudodiploria195290,-0.144870165092854
Pseudodiploria195291,0.303021031178454
Pseudodiploria195292,0.0667613577812678
Pseudodiploria195294,0.161398903853737
Pseudodiploria195296,0.355706760882588
Pseudodiploria195297,0.259333499051601
Pseudodiploria195298,-0.0926565312718962
Pseudodiploria195300,-0.360938393185694
Pseudodiploria195301,0.0701945486059688
Pseudodiploria195302,0.250059281531069
Pseudodiploria195303,0.0604332400292585
Pseudodiploria195304,0.163880407211668
Pseudodiploria195306,1.79085925267487
Pseudodiploria195308,0.438046614461481
Pseudodiploria195312,0.108885778933621
Pseudodiploria195313,0.346343357043736
Pseudodiploria195314,0.219819920940082
Pseudodiploria195319,-0.0254244830465064
Pseudodiploria195324,0.376866537386607
Pseudodiploria195325,-0.0561340492111365
Pseudodiploria195326,0.228727391331394
Pseudodiploria195329,0.366719471079928
Pseudodiploria195331,0.514849457385174
Pseudodiploria195332,0.255365708415067
Pseudodiploria195333,-0.226232150111648
Pseudodiploria195334,-0.0480331828538426
Pseudodiploria195335,0.329910439635557
Pseudodiploria195338,-0.220551611521349
Pseudodiploria195340,0.28110940251653
Pseudodiploria195341,0.218275708755133
Pseudodiploria195342,-0.597269525590503
Pseudodiploria195344,-0.0703634982497683
Pseudodiploria195346,-0.130501764774386
Pseudodiploria195347,-0.129846552428146
Pseudodiploria195349,0.0362260403078185
Pseudodiploria195350,-0.220230849281004
Pseudodiploria195351,-0.273346658501682
Pseudodiploria195355,-0.419163671655254
Pseudodiploria195356,-0.772012332560548
Pseudodiploria195358,0.237399731958611
Pseudodiploria195360,0.0120398550101163
Pseudodiploria195363,-0.0827251628662596
Pseudodiploria195367,-0.219932174222426
Pseudodiploria195368,0.127367109581229
Pseudodiploria195370,0.263106796599822
Pseudodiploria195371,0.393295788213394
Pseudodiploria195374,-0.0319796929967455
Pseudodiploria195376,-0.43804294572711
Pseudodiploria195378,-0.764361614142003
Pseudodiploria195380,-0.0906878885703336
Pseudodiploria195382,-0.100989621173257
Pseudodiploria195383,0.583327190823822
Pseudodiploria195384,-0.136426314185568
Pseudodiploria195387,0.14184882979515
Pseudodiploria195388,0.387323639191547
Pseudodiploria195390,0.697653931893063
Pseudodiploria195392,0.806834189266164
Pseudodiploria195395,-0.155573230541955
Pseudodiploria195396,0.554526938458492
Pseudodiploria195399,-0.045849074927064
Pseudodiploria195401,0.117050121561302
Pseudodiploria195404,0.203409321353695
Pseudodiploria195405,-0.0696704763762345
Pseudodiploria195406,-1.04954881995829
Pseudodiploria195407,-0.0526140056469092
Pseudodiploria195412,0.175142673681082
Pseudodiploria195413,-0.752721403552591
Pseudodiploria195417,-0.660562004969739
Pseudodiploria195418,-0.0954371988819281
Pseudodiploria195419,0.14826810964724
Pseudodiploria195421,0.822252836877473
Pseudodiploria195422,-0.798698264293228
Pseudodiploria195426,-0.182351584659681
Pseudodiploria195428,0.502097734459945
Pseudodiploria195430,-0.361779344658376
Pseudodiploria195431,-0.511222445676235
Pseudodiploria195433,-0.145342775584328
Pseudodiploria195435,-0.167413082254477
Pseudodiploria195436,-0.0223617267625775
Pseudodiploria195437,0.0188714411125299
Pseudodiploria195440,0.325512056681627
Pseudodiploria195442,-0.256497442124915
Pseudodiploria195445,-0.017289073821979
Pseudodiploria195447,-0.750791540214912
Pseudodiploria195449,0.572154241682079
Pseudodiploria195450,0.231902352938707
Pseudodiploria195452,0.449355546605108
Pseudodiploria195453,0.189090502614824
Pseudodiploria195454,-0.00474501290041672
Pseudodiploria195455,0.157801081798724
Pseudodiploria195457,0.0858985638940704
Pseudodiploria195460,0.0393325558614787
Pseudodiploria195463,0.118851085045979
Pseudodiploria195467,0.143143285732801
Pseudodiploria195468,-0.064031913255273
Pseudodiploria195469,0.250272328161175
Pseudodiploria195472,-0.000634692186327477
Pseudodiploria195473,0.0475423342151254
Pseudodiploria195474,0.284215666895956
Pseudodiploria195476,-0.0665493370859982
Pseudodiploria195477,-0.055455269280304
Pseudodiploria195479,0.03876092934578
Pseudodiploria195480,-0.674711879305159
Pseudodiploria195482,0.526909979553916
Pseudodiploria195483,0.0924537891885026
Pseudodiploria195485,-0.061514313966025
Pseudodiploria195488,0.0220096096056726
Pseudodiploria195490,-0.0162911701367757
Pseudodiploria195492,-0.0843555764199837
Pseudodiploria195493,-0.119480530313838
Pseudodiploria195494,-0.0228964957773077
Pseudodiploria195495,-0.294935996383434
Pseudodiploria195499,-0.619661332009793
Pseudodiploria195501,0.0425842679825211
Pseudodiploria195502,-0.0257781153941408
Pseudodiploria195503,0.135275713724019
Pseudodiploria195504,0.130311058890072
Pseudodiploria195505,-0.0991053441688076
Pseudodiploria195506,0.266135113272951
Pseudodiploria195509,-0.241487736304674
Pseudodiploria195510,-0.248820803693221
Pseudodiploria195511,0.0612912927795946
Pseudodiploria195513,0.143906169352982
Pseudodiploria195515,-0.303347529142696
Pseudodiploria195516,-0.530607509003163
Pseudodiploria195517,0.610948221523382
Pseudodiploria195518,0.160800958038622
Pseudodiploria195520,0.225623470005912
Pseudodiploria195521,-0.295226193416352
Pseudodiploria195523,0.172095233679204
Pseudodiploria195524,-0.0257282242689972
Pseudodiploria195525,-1.19456687183658
Pseudodiploria195535,-0.163874953929208
Pseudodiploria195536,0.779322504990373
Pseudodiploria195537,-0.348043966308425
Pseudodiploria195538,0.338169499297563
Pseudodiploria195539,0.745500507082124
Pseudodiploria195542,0.626662981730553
Pseudodiploria195543,0.0720705409670512
Pseudodiploria195544,0.641694597913661
Pseudodiploria195546,-0.0881396557192898
Pseudodiploria195547,0.613201260523313
Pseudodiploria195548,-0.140660031847403
Pseudodiploria195549,0.454396122684166
Pseudodiploria195550,0.0904519610980987
Pseudodiploria195551,-0.441236786899805
Pseudodiploria195554,-0.209792431491676
Pseudodiploria195555,-0.66158643097532
Pseudodiploria195557,0.465872748698851
Pseudodiploria195559,0.672282312310894
Pseudodiploria195560,-0.201563162430963
Pseudodiploria195562,-0.0806407937647109
Pseudodiploria195563,0.022366058251704
Pseudodiploria195564,-4.63584462010957e-05
Pseudodiploria195566,-0.137345795385446
Pseudodiploria195567,0.14955816492127
Pseudodiploria195570,-0.575176158796921
Pseudodiploria195571,-0.341849449434034
Pseudodiploria195572,-0.159116653689934
Pseudodiploria195575,-0.0113746276454656
Pseudodiploria195582,0.0412052124447744
Pseudodiploria195584,0.647718374277524
Pseudodiploria195585,0.129585355747195
Pseudodiploria195586,-0.879590049007207
Pseudodiploria195587,-0.36859614973557
Pseudodiploria195591,0.0858361589408539
Pseudodiploria195593,-0.106864976706238
Pseudodiploria195594,0.200698886085091
Pseudodiploria195595,-0.548985502515323
Pseudodiploria195597,0.221208544657789
Pseudodiploria195601,0.578896058165702
Pseudodiploria195603,-0.264586217945394
Pseudodiploria195604,-0.40520846542235
Pseudodiploria195607,-0.066806442350103
Pseudodiploria195609,-0.323668935035571
Pseudodiploria195611,0.65601893587182
Pseudodiploria195612,0.347691459632046
Pseudodiploria195613,0.0890469231457044
Pseudodiploria195615,-0.122857785748744
Pseudodiploria195616,0.501283920363145
Pseudodiploria195617,-0.310037492842387
Pseudodiploria195619,0.220782914869674
Pseudodiploria195620,0.00620860642541887
Pseudodiploria195621,-0.0650749735922447
Pseudodiploria195622,-0.408651828769407
Pseudodiploria195624,-0.240506043440354
Pseudodiploria195625,-0.183124126318734
Pseudodiploria195627,-0.0748922781983098
Pseudodiploria195629,-0.0316504805005687
Pseudodiploria195630,0.0137556281759604
Pseudodiploria195635,-0.0771342504223192
Pseudodiploria195638,0.308025857904922
Pseudodiploria195641,-0.10340552535816
Pseudodiploria195642,0.217962598907059
Pseudodiploria195643,-0.0432576039040542
Pseudodiploria195644,-0.031242749885097
Pseudodiploria195646,0.0304623906635094
Pseudodiploria195651,0.119705647952317
Pseudodiploria195652,-0.371189309163821
Pseudodiploria195653,0.381854760650307
Pseudodiploria195654,-0.21346764115987
Pseudodiploria195655,0.366431548745998
Pseudodiploria195658,-0.325993794122867
Pseudodiploria195660,-0.410824539473663
Pseudodiploria195662,0.025956410308928
Pseudodiploria195665,-0.248094945395006
Pseudodiploria195666,-0.572744220148973
Pseudodiploria195667,-0.223797431791151
Pseudodiploria195668,-0.241364835686919
Pseudodiploria195669,-0.0747193623429037
Pseudodiploria195670,0.07144037023529
Pseudodiploria195672,-0.0743344075929556
Pseudodiploria195673,-0.285940724731128
Pseudodiploria195675,-0.0738507341855589
Pseudodiploria195676,0.0846628774437436
Pseudodiploria195677,-0.675364178149683
Pseudodiploria195679,0.373422864695772
Pseudodiploria195683,-0.250965429767062
Pseudodiploria195684,-0.389293225104435
Pseudodiploria195685,0.0503905248945612
Pseudodiploria195686,-0.282320368084061
Pseudodiploria195688,-0.216033461723139
Pseudodiploria195690,-0.362548451284248
Pseudodiploria195691,0.474865272434358
Pseudodiploria195692,-0.166314661527577
Pseudodiploria195693,0.636560604451346
Pseudodiploria195695,0.231310910599442
Pseudodiploria195696,-0.113443114021113
Pseudodiploria195697,-0.191701269264633
Pseudodiploria195698,0.281985237614532
Pseudodiploria195699,-0.505160878056391
Pseudodiploria195700,0.317083485874563
Pseudodiploria195701,0.225459997634155
Pseudodiploria195704,0.0114164318132061
Pseudodiploria195706,-0.208825224464985
Pseudodiploria195707,0.778473484028727
Pseudodiploria195711,-0.176495300653048
Pseudodiploria195712,-0.775183093234455
Pseudodiploria195715,0.21663013011761
Pseudodiploria195719,0.305441561701014
Pseudodiploria195720,-1.0854618674397
Pseudodiploria195724,0.543296173610201
Pseudodiploria195725,-0.124386759282226
Pseudodiploria195727,0.216390846590982
Pseudodiploria195729,-0.234007506572889
Pseudodiploria195732,0.656577748480024
Pseudodiploria195734,-0.509332667318973
Pseudodiploria195735,0.135595402191684
Pseudodiploria195736,-0.276181470142238
Pseudodiploria195741,0.0606530680936412
Pseudodiploria195742,-0.820209690557482
Pseudodiploria195743,0.339612989598067
Pseudodiploria195744,-0.500729929605692
Pseudodiploria195746,-0.0262565638615258
Pseudodiploria195747,-0.630749211060321
Pseudodiploria195748,-0.0409694600191965
Pseudodiploria195749,0.401579847302114
Pseudodiploria195753,0.49256263029363
Pseudodiploria195754,-0.20747000113352
Pseudodiploria195755,-0.009968009709622
Pseudodiploria195761,-0.51565704362072
Pseudodiploria195762,-0.112555406033338
Pseudodiploria195763,0.483617901475989
Pseudodiploria195765,0.128355031384231
Pseudodiploria195766,0.396910042203629
Pseudodiploria195767,0.479341659786845
Pseudodiploria195771,-0.131295381840969
Pseudodiploria195772,-0.426749772737365
Pseudodiploria195774,-0.867338069946253
Pseudodiploria195775,0.662450491768878
Pseudodiploria195776,-0.0220223521132067
Pseudodiploria195777,-0.0890922992239308
Pseudodiploria195778,-0.0273890005932824
Pseudodiploria195781,-0.572721352238099
Pseudodiploria195782,0.0728698998164666
Pseudodiploria195786,-0.469763999571299
Pseudodiploria195790,0.0692525205239851
Pseudodiploria195792,0.0640908831559238
Pseudodiploria195795,-0.210062912767199
Pseudodiploria195796,0.190709929848708
Pseudodiploria195797,-0.10942710991307
Pseudodiploria195799,-0.562703626107649
Pseudodiploria195800,0.13451054918618
Pseudodiploria195801,-0.0708502005176405
Pseudodiploria195802,-0.0161122266625695
Pseudodiploria195804,-0.00972889897374597
Pseudodiploria195805,-0.167079437147754
Pseudodiploria195807,-0.263125274974587
Pseudodiploria195809,0.270576166165493
Pseudodiploria195812,0.0409550751886424
Pseudodiploria195813,-0.152224701894103
Pseudodiploria195815,0.204079912204074
Pseudodiploria195817,0.0369195321332788
Pseudodiploria195818,0.194324892631413
Pseudodiploria195819,0.298004884302727
Pseudodiploria195820,0.0389286233518202
Pseudodiploria195824,0.176909589986631
Pseudodiploria195825,-0.10275719150675
Pseudodiploria195827,-0.552194971437076
Pseudodiploria195828,-0.629594878053626
Pseudodiploria195829,0.443690582404909
Pseudodiploria195830,0.00195743259177972
Pseudodiploria195831,-0.17493798411669
Pseudodiploria195832,-0.0885270230760808
Pseudodiploria195833,0.0277734718438152
Pseudodiploria195834,-0.328037306119002
Pseudodiploria195835,0.543601492326166
Pseudodiploria195836,-0.190599770852097
Pseudodiploria195841,-0.117331044343457
Pseudodiploria195844,0.141654086037611
Pseudodiploria195845,0.415093576182721
Pseudodiploria195847,-0.163555609060409
Pseudodiploria195848,0.208609117897476
Pseudodiploria195850,-0.707460828502894
Pseudodiploria195853,-0.479422676590484
Pseudodiploria195855,0.254327277767522
Pseudodiploria195857,0.25226463712198
Pseudodiploria195858,-0.295262269888863
Pseudodiploria195860,-0.40937588208448
Pseudodiploria195861,-0.122045711121482
Pseudodiploria195862,-0.0392695634742811
Pseudodiploria195863,-0.0624205464898581
Pseudodiploria195864,-0.1447330979575
Pseudodiploria195866,-0.0181332752159273
Pseudodiploria195867,-0.216252676586826
Pseudodiploria195870,-0.208656134292996
Pseudodiploria195874,0.0360341372411825
Pseudodiploria195878,-1.07046723729479
Pseudodiploria195881,-0.11282702838161
Pseudodiploria195882,0.873416381728438
Pseudodiploria195883,-0.0320980610031681
Pseudodiploria195885,-0.231746161910979
Pseudodiploria195886,0.309550485857366
Pseudodiploria195888,-0.324395610420791
Pseudodiploria195889,0.171463933301611
Pseudodiploria195890,0.345327623874581
Pseudodiploria195892,-0.305780331303229
Pseudodiploria195893,-0.190689698788873
Pseudodiploria195896,0.112971467662961
Pseudodiploria195898,-0.06979662358056
Pseudodiploria195900,-0.135241726493294
Pseudodiploria195903,-0.15565970920505
Pseudodiploria195905,-0.384765244266356
Pseudodiploria195906,0.357648846810563
Pseudodiploria195911,0.386062620002589
Pseudodiploria195912,-0.0721845873676022
Pseudodiploria195913,0.31488624179084
Pseudodiploria195916,-0.0648389721838027
Pseudodiploria195917,-0.00763407870388958
Pseudodiploria195918,0.0585335141150118
Pseudodiploria195919,-0.00999901362883909
Pseudodiploria195920,0.27521337825115
Pseudodiploria195921,0.120074957814699
Pseudodiploria195923,0.229941054256556
Pseudodiploria195924,0.532536063559576
Pseudodiploria195926,-0.00357922264261639
Pseudodiploria195929,-0.0409836188768922
Pseudodiploria195930,-0.504590727586345
Pseudodiploria195931,0.159431975623423
Pseudodiploria195933,0.282171080976348
Pseudodiploria195934,-0.0534355825483382
Pseudodiploria195935,-0.206874540524096
Pseudodiploria195936,-0.351263181669156
Pseudodiploria195938,0.556084012506306
Pseudodiploria195939,0.0259399520873327
Pseudodiploria195940,-0.54187844949423
Pseudodiploria195942,-0.159077024173952
Pseudodiploria195943,-0.60203283859171
Pseudodiploria195944,1.31024579410511
Pseudodiploria195948,0.193227270031054
Pseudodiploria195949,-0.579049838237643
Pseudodiploria195951,0.183747584191972
Pseudodiploria195952,0.225737504568944
Pseudodiploria195953,0.0501333301421614
Pseudodiploria195955,0.259455621381107
Pseudodiploria195956,0.276026338683408
Pseudodiploria195964,0.125320902323564
Pseudodiploria195965,-0.248776526106608
Pseudodiploria195966,-0.31343569367755
Pseudodiploria195969,0.016892824522029
Pseudodiploria195970,-0.0377929091490441
Pseudodiploria195973,-0.423131428457327
Pseudodiploria195974,0.238307751104653
Pseudodiploria195975,-0.261823435492746
Pseudodiploria195977,-0.238949125017651
Pseudodiploria195978,-0.458835277597395
Pseudodiploria195980,-0.633090053683511
Pseudodiploria195982,0.178218297173132
Pseudodiploria195983,-0.659619836883379
Pseudodiploria195984,0.152369391298749
Pseudodiploria195986,-0.743776017442138
Pseudodiploria195987,-0.245650063480734
Pseudodiploria195991,0.151122418371375
Pseudodiploria195992,0.168012302470358
Pseudodiploria195993,0.530601297208677
Pseudodiploria195997,0.1545780368327
Pseudodiploria195998,0.023719506934941
Pseudodiploria196000,0.379747607141805
Pseudodiploria196001,-0.205508581007386
Pseudodiploria196002,-0.065909930138207
Pseudodiploria196004,0.184720597725078
Pseudodiploria196006,-0.963881821813311
Pseudodiploria196007,-1.51817409144092
Pseudodiploria196008,-0.0793893878177749
Pseudodiploria196010,0.440183960525968
Pseudodiploria196011,0.246190320966658
Pseudodiploria196013,-0.174639785704237
Pseudodiploria196014,-0.280685975638078
Pseudodiploria196015,-0.714452301661682
Pseudodiploria196016,-0.152564967598483
Pseudodiploria196017,0.836873799425925
Pseudodiploria196018,0.0117583292158651
Pseudodiploria196021,0.0915850575453827
Pseudodiploria196022,0.135635263943153
Pseudodiploria196028,0.241743329979157
Pseudodiploria196032,0.0864588723560545
Pseudodiploria196043,0.0462365764556468
Pseudodiploria196045,0.0412936606975938
Pseudodiploria196046,-0.0567763079284965
Pseudodiploria196047,0.241889847100279
Pseudodiploria196048,-0.139001464850531
Pseudodiploria196049,0.173451281994977
Pseudodiploria196050,0.155500808530446
Pseudodiploria196051,0.357257144787338
Pseudodiploria196053,0.373416813619281
Pseudodiploria196054,-0.189147508726584
Pseudodiploria196055,0.363225740832321
Pseudodiploria196056,0.401021884667451
Pseudodiploria196059,-0.0352086753492231
Pseudodiploria196061,-0.0585694938897522
Pseudodiploria196062,0.592654764676785
Pseudodiploria196063,-0.0270804666206145
Pseudodiploria196066,0.516217863899189
Pseudodiploria196067,-0.176145440511431
Pseudodiploria196068,-0.959847689217088
Pseudodiploria196069,-0.0135838287778699
Pseudodiploria196070,0.183399617136061
Pseudodiploria196072,-0.0706243924126589
Pseudodiploria196075,-0.0862316874173952
Pseudodiploria196081,0.455881895809628
Pseudodiploria196082,0.92264676957838
Pseudodiploria196086,-0.601822315490991
Pseudodiploria196088,0.153892471187433
Pseudodiploria196092,0.629497473286473
Pseudodiploria196095,0.188857014021418
Pseudodiploria196098,0.188654107022344
Pseudodiploria196099,-1.58103441166259
Pseudodiploria196100,1.34540415197647
Pseudodiploria196101,-0.39440565629006
Pseudodiploria196102,0.206139466659064
Pseudodiploria196103,0.420656147805525
Pseudodiploria196105,-0.170274206480933
Pseudodiploria196106,-0.106784381539919
Pseudodiploria196108,-0.262729621381524
Pseudodiploria196110,0.0254213554126075
Pseudodiploria196111,0.530635848549166
Pseudodiploria196112,-0.109282840213396
Pseudodiploria196114,-0.170267246075621
Pseudodiploria196115,0.259315122767343
Pseudodiploria196116,0.0589201013890726
Pseudodiploria196120,0.182412781699315
Pseudodiploria196124,0.029492613472315
Pseudodiploria196125,0.165157870806827
Pseudodiploria196126,-0.214693808633276
Pseudodiploria196127,-0.539370180925519
Pseudodiploria196128,0.19852346477176
Pseudodiploria196130,-0.00858190368165238
Pseudodiploria196131,-0.117789484217689
Pseudodiploria196135,-0.0908424822294114
Pseudodiploria196136,-0.0361914795474735
Pseudodiploria196137,-0.000363593588853812
Pseudodiploria196138,0.460602549579784
Pseudodiploria196139,-0.849444091179011
Pseudodiploria196141,1.40751288368667
Pseudodiploria196143,0.0199912471016028
Pseudodiploria196145,0.51722767681643
Pseudodiploria196148,1.43516565435054
Pseudodiploria196149,0.201060808983519
Pseudodiploria196151,-0.664652680167741
Pseudodiploria196152,0.19156997119467
Pseudodiploria196153,0.252257200524023
Pseudodiploria196156,0.0270076673127724
Pseudodiploria196158,0.413434331308045
Pseudodiploria196159,0.119034731855555
Pseudodiploria196161,0.0214293695173787
Pseudodiploria196162,0.0117703854824983
Pseudodiploria196163,-1.83927279234386
Pseudodiploria196164,0.207976825545727
Pseudodiploria196166,-0.0508169360656564
Pseudodiploria196167,0.49006590833294
Pseudodiploria196168,0.000284860635668882
Pseudodiploria196170,-0.233532068280929
Pseudodiploria196171,-0.527426759496691
Pseudodiploria196173,0.337076425155488
Pseudodiploria196174,0.0982578989305887
Pseudodiploria196175,-0.0775261582899882
Pseudodiploria196177,0.455536843992316
Pseudodiploria196179,-0.169867434791035
Pseudodiploria196180,-0.968575982599055
Pseudodiploria196181,0.119163875300635
Pseudodiploria196182,-0.039373334732061
Pseudodiploria196183,-0.161378753365709
Pseudodiploria196184,-0.478336877873332
Pseudodiploria196185,-0.104014753731578
Pseudodiploria196188,-0.0340539924566448
Pseudodiploria196189,0.0782653412823482
Pseudodiploria196190,-0.125049987946285
Pseudodiploria196191,0.376610004835662
Pseudodiploria196192,-0.323990187130942
Pseudodiploria196193,0.0376495704485201
Pseudodiploria196195,0.344523791544849
Pseudodiploria196196,-0.231229695251904
Pseudodiploria196202,-0.255703657329265
Pseudodiploria196203,0.200041871688243
Pseudodiploria196205,0.47441142306781
Pseudodiploria196208,0.0867060234306921
Pseudodiploria196209,-0.0169570403261215
Pseudodiploria196211,0.30884746711622
Pseudodiploria196213,-0.174144755215862
Pseudodiploria196214,-0.0236197162906493
Pseudodiploria196216,0.0553271858541813
Pseudodiploria196218,-0.734090726710757
Pseudodiploria196219,0.0581365885778764
Pseudodiploria196220,0.201180954958047
Pseudodiploria196221,0.0035792346947369
Pseudodiploria196222,-0.591366602237207
Pseudodiploria196224,0.106832218045978
Pseudodiploria196226,-0.123920230720818
Pseudodiploria196233,-0.0713527130895319
Pseudodiploria196234,-0.209118022575659
Pseudodiploria196238,-0.0977475640623528
Pseudodiploria196241,0.336821063204874
Pseudodiploria196242,0.367134834694583
Pseudodiploria196243,0.593930250052931
Pseudodiploria196244,-0.412352323366926
Pseudodiploria196247,-0.270354085621844
Pseudodiploria196248,0.124664328849083
Pseudodiploria196249,0.066838124195595
Pseudodiploria196253,0.222201119820749
Pseudodiploria196254,0.198746350404972
Pseudodiploria196255,-0.417641939862854
Pseudodiploria196256,-0.056993095433376
Pseudodiploria196257,-0.427852513608095
Pseudodiploria196258,0.126068973392843
Pseudodiploria196259,0.406222562267
Pseudodiploria196262,0.0376829334874675
Pseudodiploria196264,-1.05060439565307
Pseudodiploria196266,0.197617601021645
Pseudodiploria196268,0.0779989944957601
Pseudodiploria196269,-0.0820040489347896
Pseudodiploria196273,0.144912044452171
Pseudodiploria196274,0.141857368836114
Pseudodiploria196275,0.161139496331902
Pseudodiploria196276,-0.126635151584172
Pseudodiploria196277,-0.684521156403867
Pseudodiploria196278,-0.120589811183616
Pseudodiploria196279,0.0408499130414715
Pseudodiploria196280,0.0572586966942543
Pseudodiploria196281,-0.453097831743304
Pseudodiploria196285,0.175158199043634
Pseudodiploria196286,-0.322898399667485
Pseudodiploria196288,0.235895469062503
Pseudodiploria196290,0.0163627456351337
Pseudodiploria196291,-0.108903890983748
Pseudodiploria196293,0.271558770918194
Pseudodiploria196294,0.104079244887188
Pseudodiploria196298,-0.689173734490647
Pseudodiploria196299,-1.05458421993183
Pseudodiploria196300,-0.216578031995941
Pseudodiploria196301,-0.745213783237241
Pseudodiploria196303,-0.265856992276615
Pseudodiploria196305,-0.01221702850207
Pseudodiploria196306,0.00240183342205206
Pseudodiploria196307,-0.87355590658037
Pseudodiploria196308,-0.23062461264906
Pseudodiploria196310,-0.502299521784187
Pseudodiploria196313,0.0587372031872702
Pseudodiploria196314,-0.0988929975930103
Pseudodiploria196315,-1.00202600719204
Pseudodiploria196316,0.402421015545134
Pseudodiploria196317,0.179131492626768
Pseudodiploria196319,0.250109707703822
Pseudodiploria196322,-0.285237067244771
Pseudodiploria196323,0.0479734506785389
Pseudodiploria196327,0.0296576526855341
Pseudodiploria196329,0.717011114489809
Pseudodiploria196330,0.120627225956594
Pseudodiploria196333,-0.126787035405824
Pseudodiploria196336,1.32642109749298
Pseudodiploria196339,-0.356106437544722
Pseudodiploria196340,-0.151289589955925
Pseudodiploria196341,0.215648419867736
Pseudodiploria196342,-0.017275461830803
Pseudodiploria196344,-0.0378546456637213
Pseudodiploria196345,-0.727745376090004
Pseudodiploria196346,-0.398398600503022
Pseudodiploria196347,0.8296837888637
Pseudodiploria196350,1.07023143211631
Pseudodiploria196358,-0.115636548398543
Pseudodiploria196359,-0.0476556975054528
Pseudodiploria196360,0.0917749093596937
Pseudodiploria196361,0.0474932389074882
Pseudodiploria196362,-0.334231919847788
Pseudodiploria196363,-0.177360832232214
Pseudodiploria196367,-0.65904274908027
Pseudodiploria196368,0.254500551302203
Pseudodiploria196369,-1.61963696328131
Pseudodiploria196370,-0.828106270959447
Pseudodiploria196371,-0.0130407981222112
Pseudodiploria196373,-0.116493031762039
Pseudodiploria196374,-0.72707636779265
Pseudodiploria196379,0.489719881578188
Pseudodiploria196381,0.651320426615123
Pseudodiploria196382,-0.443703548379855
Pseudodiploria196383,0.150977731538491
Pseudodiploria196387,0.311171832205149
Pseudodiploria196389,-0.480005220892304
Pseudodiploria196391,0.683401302698869
Pseudodiploria196392,-0.121054491546266
Pseudodiploria196393,-0.547827813563642
Pseudodiploria196394,-0.106111679056104
Pseudodiploria196395,0.250613357108224
Pseudodiploria196396,-0.173899301677411
Pseudodiploria196397,-0.546802021271434
Pseudodiploria196398,-0.822023071126302
Pseudodiploria196400,-0.331409401471215
Pseudodiploria196402,-0.0188685000900417
Pseudodiploria196403,-0.0688056449827298
Pseudodiploria196405,-0.10811331512835
Pseudodiploria196406,-0.613696804622347
Pseudodiploria196409,0.308328615181235
Pseudodiploria196411,-0.848852863775443
Pseudodiploria196413,-0.548020996803552
Pseudodiploria196414,0.0259961171307196
Pseudodiploria196415,-0.0924583521110688
Pseudodiploria196417,-0.842588919873069
Pseudodiploria196418,0.159268168439072
Pseudodiploria196419,1.56563542829701
Pseudodiploria196422,0.354040429573985
Pseudodiploria196424,-0.362545585551956
Pseudodiploria196425,0.643159343005401
Pseudodiploria196426,0.19575153559657
Pseudodiploria196427,-0.399154047470121
Pseudodiploria196428,0.00768238364495919
Pseudodiploria196429,0.219958603047754
Pseudodiploria196430,0.0863564348001574
Pseudodiploria196431,-0.541170802318733
Pseudodiploria196432,0.532940599984897
Pseudodiploria196436,-0.0272366293920697
Pseudodiploria196437,0.0724131249370681
Pseudodiploria196438,-0.0436603148104247
Pseudodiploria196439,0.286677012343501
Pseudodiploria196440,0.00738313431029626
Pseudodiploria196442,-0.0837575910150854
Pseudodiploria196443,0.188052550622701
Pseudodiploria196445,-0.126146567039524
Pseudodiploria196446,0.118135533119136
Pseudodiploria196447,-0.453038059460849
Pseudodiploria196448,0.0195226746882954
Pseudodiploria196449,0.334422394690411
Pseudodiploria196454,0.280310999321171
Pseudodiploria196455,0.014006569561021
Pseudodiploria196456,0.302752481881999
Pseudodiploria196457,0.471326582831104
Pseudodiploria196458,1.23134604008263
Pseudodiploria196460,-0.358179450688769
Pseudodiploria196461,0.124650898222805
Pseudodiploria196463,0.138565137331824
Pseudodiploria196465,-0.134632425537437
Pseudodiploria196468,0.377512750356604
Pseudodiploria196469,-1.00298726924152
Pseudodiploria196475,-0.20590995400109
Pseudodiploria196476,-0.0384353512351959
Pseudodiploria196477,-0.399561797699747
Pseudodiploria196478,-1.05651561225782
Pseudodiploria196479,0.261697408249953
Pseudodiploria196482,0.114116636964076
Pseudodiploria196483,0.0424731852308042
Pseudodiploria196484,0.0976738972587681
Pseudodiploria196485,-0.360301645806485
Pseudodiploria196486,-0.582716856191189
Pseudodiploria196487,0.0578864450860403
Pseudodiploria196490,-0.0279681228400439
Pseudodiploria196493,-0.461701594889162
Pseudodiploria196494,-0.057662344290029
Pseudodiploria196495,-0.382972047446196
Pseudodiploria196497,-0.281627892369475
Pseudodiploria196498,0.00540585670750616
Pseudodiploria196500,0.0582733681504487
Pseudodiploria196501,0.0195894737538746
Pseudodiploria196505,0.176499220089957
Pseudodiploria196508,0.352932204490163
Pseudodiploria196509,0.129551796249064
Pseudodiploria196510,-0.889126911696875
Pseudodiploria196513,0.374660045371194
Pseudodiploria196514,-0.00970324088349852
Pseudodiploria196515,0.0294860469538374
Pseudodiploria196516,-0.208034793719619
Pseudodiploria196517,-0.122350878861618
Pseudodiploria196519,0.537879712827434
Pseudodiploria196520,0.437402633353914
Pseudodiploria196522,0.27070761598897
Pseudodiploria196527,-0.193930279495249
Pseudodiploria196529,-0.515049184155084
Pseudodiploria196530,0.33824191613086
Pseudodiploria196532,0.0552357574293086
Pseudodiploria196533,0.593400407665507
Pseudodiploria196537,0.282081801472468
Pseudodiploria196538,0.649524534797007
Pseudodiploria196540,-0.662421970398895
Pseudodiploria196541,-0.400100100466475
Pseudodiploria196545,0.641582351270418
Pseudodiploria196547,-0.106135802892956
Pseudodiploria196550,0.0785803499923687
Pseudodiploria196551,-0.0642770304900455
Pseudodiploria196552,0.230501935270529
Pseudodiploria196553,0.675199783502159
Pseudodiploria196555,0.173794367277263
Pseudodiploria196557,0.574868301269158
Pseudodiploria196558,0.189595534872532
Pseudodiploria196561,-0.0820583965813607
Pseudodiploria196563,0.588763566305512
Pseudodiploria196565,-0.147047323708224
Pseudodiploria196566,-0.201939056334723
Pseudodiploria196567,0.0586729916255955
Pseudodiploria196568,0.0766437319484206
Pseudodiploria196574,-0.439831369454703
Pseudodiploria196575,-0.0104751028423074
Pseudodiploria196577,-0.20269423932812
Pseudodiploria196578,-0.223347162578597
Pseudodiploria196579,0.0111227123300711
Pseudodiploria196581,0.143329468538019
Pseudodiploria196587,0.273097429697551
Pseudodiploria196588,-0.126920092946593
Pseudodiploria196593,0.56752506473931
Pseudodiploria196595,-0.454287350035512
Pseudodiploria196597,-0.909397737668548
Pseudodiploria196599,-0.202851500039793
Pseudodiploria196600,-0.128850658810276
Pseudodiploria196602,-0.0445246664257013
Pseudodiploria196603,0.187492092583781
Pseudodiploria196604,-0.171737414679008
Pseudodiploria196605,0.249273138296589
Pseudodiploria196606,0.110522365514597
Pseudodiploria196607,-0.446596740155436
Pseudodiploria196608,0.26939852282634
Pseudodiploria196610,-0.211956183184872
Pseudodiploria196611,0.367886635806497
Pseudodiploria196613,0.0796358092368468
Pseudodiploria196614,-0.0229921734381735
Pseudodiploria196616,-0.014414843309122
Pseudodiploria196617,-0.480337974379753
Pseudodiploria196618,0.678805227391447
Pseudodiploria196620,0.188262607797864
Pseudodiploria196622,0.296707027274493
Pseudodiploria196623,-0.261021914502236
Pseudodiploria196624,0.044534055017271
Pseudodiploria196625,-0.209482623623178
Pseudodiploria196627,-0.717333419086973
Pseudodiploria196629,0.271985914845816
Pseudodiploria196630,0.606612698585431
Pseudodiploria196631,0.0585151155184319
Pseudodiploria196632,0.304886248037287
Pseudodiploria196634,0.361553182732428
Pseudodiploria196636,0.141501096056926
Pseudodiploria196639,0.196391236792239
Pseudodiploria196640,-0.0479908025346616
Pseudodiploria196642,-0.15923016891699
Pseudodiploria196643,-0.227558970793447
Pseudodiploria196644,0.198354052631655
Pseudodiploria196645,-0.85443046292229
Pseudodiploria196646,0.0696486682026678
Pseudodiploria196647,0.120359729195668
Pseudodiploria196648,-0.0340812694354198
Pseudodiploria196649,0.499290118658092
Pseudodiploria196653,-0.229701709213056
Pseudodiploria196654,-0.0916740792013323
Pseudodiploria196655,-0.0462794549848999
Pseudodiploria196656,-0.285961914387797
Pseudodiploria196657,-0.0537752939229529
Pseudodiploria196658,0.126393728322791
Pseudodiploria196659,0.270901463880383
Pseudodiploria196660,-0.0106871993463821
Pseudodiploria196661,0.971401335183737
Pseudodiploria196662,0.254897216645177
Pseudodiploria196665,-0.10250321519025
Pseudodiploria196666,-0.160874277362239
Pseudodiploria196668,-0.149474493715335
Pseudodiploria196669,-0.340817577039113
Pseudodiploria196670,-0.0803406979739803
Pseudodiploria196672,0.170831140067382
Pseudodiploria196674,-0.1788582887992
Pseudodiploria196677,-0.044353217996807
Pseudodiploria196678,0.0200690507958996
Pseudodiploria196680,0.231097618085765
Pseudodiploria196682,-0.168883014313485
Pseudodiploria196683,-0.373344216839533
Pseudodiploria196686,0.222797793970176
Pseudodiploria196688,0.502313009868805
Pseudodiploria196689,-0.145873179295693
Pseudodiploria196693,0.413260017980832
Pseudodiploria196694,-0.0667574263246036
Pseudodiploria196697,0.104500412400954
Pseudodiploria196699,-0.0593640191517849
Pseudodiploria196700,0.116413423759178
Pseudodiploria196702,0.287644337648084
Pseudodiploria196703,0.678732028010936
Pseudodiploria196706,0.023803409975769
Pseudodiploria196707,0.0484600141624888
Pseudodiploria196710,0.190695531705703
Pseudodiploria196711,0.173361683575596
Pseudodiploria196712,-0.00699275223889151
Pseudodiploria196714,0.645086944848504
Pseudodiploria196715,0.225993397449427
Pseudodiploria196721,-0.0204784409178269
Pseudodiploria196723,-0.987650043529597
Pseudodiploria196725,-0.26485295752152
Pseudodiploria196727,0.0671536179001301
Pseudodiploria196728,-0.165846748060732
Pseudodiploria196731,0.292059296942138
Pseudodiploria196732,-0.37423506334449
Pseudodiploria196733,0.250777617154646
Pseudodiploria196734,-0.0169767003026184
Pseudodiploria196737,-0.21053715626645
Pseudodiploria196738,-0.241720646492712
Pseudodiploria196739,0.432602798922406
Pseudodiploria196741,0.0362830637078985
Pseudodiploria196743,-0.667611756663452
Pseudodiploria196750,0.00873121490265958
Pseudodiploria196752,-0.350952470619761
Pseudodiploria196753,-0.56439165985915
Pseudodiploria196754,0.212468269571656
Pseudodiploria196755,0.232970561751272
Pseudodiploria196757,-0.213277404225547
Pseudodiploria196760,0.181835273257735
Pseudodiploria196761,-0.847752049520757
Pseudodiploria196763,-0.120461625131261
Pseudodiploria196765,-0.227025578946529
Pseudodiploria196766,0.775646167084271
Pseudodiploria196768,0.213089041902645
Pseudodiploria196769,-0.0193267334385562
Pseudodiploria196770,-0.183059401607985
Pseudodiploria196773,0.154544850216018
Pseudodiploria196774,-0.25681770485815
Pseudodiploria196777,0.671357016201582
Pseudodiploria196781,0.678207726431206
Pseudodiploria196783,-0.760596796319056
Pseudodiploria196785,-0.00634620167653721
Pseudodiploria196786,0.254913508972108
Pseudodiploria196787,-0.495239614949654
Pseudodiploria196788,0.0235294518746589
Pseudodiploria196789,0.49704324087171
Pseudodiploria196790,0.0362377840153052
Pseudodiploria196791,-0.0984935698155324
Pseudodiploria196793,-0.379173053440002
Pseudodiploria196795,0.653069032729488
Pseudodiploria196797,-0.140407672167793
Pseudodiploria196799,0.511740694133408
Pseudodiploria196800,-0.141803848872786
Pseudodiploria196802,0.115698671294383
Pseudodiploria196803,0.018984638638638
Pseudodiploria196805,-0.786162576922792
Pseudodiploria196806,0.546461413854028
Pseudodiploria196808,0.147827319405961
Pseudodiploria196810,-0.223624111126518
Pseudodiploria196811,-0.0114494989128469
Pseudodiploria196812,-0.00764840474723078
Pseudodiploria196813,0.540401117423228
Pseudodiploria196817,-0.0437240208081215
Pseudodiploria196818,0.210110365855967
Pseudodiploria196819,0.355280262136694
Pseudodiploria196820,-0.808786415306699
Pseudodiploria196821,0.139168515657098
Pseudodiploria196824,0.144671106026341
Pseudodiploria196825,0.460758595920962
Pseudodiploria196826,-0.0639769840123502
Pseudodiploria196828,-0.352071639091665
Pseudodiploria196829,-0.653671329146287
Pseudodiploria196830,-0.0609359498635568
Pseudodiploria196831,0.133733030888466
Pseudodiploria196832,0.141579526739264
Pseudodiploria196834,0.381378644563581
Pseudodiploria196836,0.0214446339315588
Pseudodiploria196837,0.0792085831083658
Pseudodiploria196838,0.500290957261808
Pseudodiploria196843,-0.188124236588784
Pseudodiploria196844,-0.169515528054964
Pseudodiploria196847,-0.802108758159585
Pseudodiploria196850,-0.100708845567498
Pseudodiploria196852,0.138349620143022
Pseudodiploria196853,-0.283129727356792
Pseudodiploria196855,0.383358477916523
Pseudodiploria196856,0.600703028559199
Pseudodiploria196857,0.543805407943385
Pseudodiploria196858,0.0822000926527773
Pseudodiploria196859,0.355348560577924
Pseudodiploria196860,0.00510990989353625
Pseudodiploria196861,0.491105260984091
Pseudodiploria196862,0.224709260611194
Pseudodiploria196863,0.28056661152516
Pseudodiploria196865,-0.207351314704274
Pseudodiploria196867,0.608390214597233
Pseudodiploria196868,0.178686124569433
Pseudodiploria196871,-0.00889270991017994
Pseudodiploria196872,-0.45658139806194
Pseudodiploria196873,-0.0902771639761136
Pseudodiploria196876,0.0389877717294216
Pseudodiploria196878,-0.193651047823068
Pseudodiploria196879,-0.416902281148539
Pseudodiploria196883,-0.0324295565004649
Pseudodiploria196884,0.0391532481364549
Pseudodiploria196887,0.0221870299010942
Pseudodiploria196888,0.00461654427358605
Pseudodiploria196890,-0.41499922362565
Pseudodiploria196891,-0.0672978850465088
Pseudodiploria196896,-0.147614096718297
Pseudodiploria196897,-0.204030962495201
Pseudodiploria196898,-0.0444286857400551
Pseudodiploria196899,0.210532613792811
Pseudodiploria196905,-0.809044256144131
Pseudodiploria196906,0.311224521929465
Pseudodiploria196907,0.398497372179551
Pseudodiploria196908,-0.364648461857802
Pseudodiploria196910,-0.660318141704411
Pseudodiploria196912,0.405578787541444
Pseudodiploria196913,-0.0544441920553388
Pseudodiploria196914,0.0463187385640059
Pseudodiploria196915,-0.557688575176426
Pseudodiploria196916,-0.00401583530406579
Pseudodiploria196917,-0.0990060046212085
Pseudodiploria196918,0.143918810355355
Pseudodiploria196919,0.238638688254211
Pseudodiploria196922,-1.15288861098267
Pseudodiploria196923,-0.0764568994858731
Pseudodiploria196924,0.177376525271925
Pseudodiploria196925,0.411807423191507
Pseudodiploria196926,-0.0230598905790118
Pseudodiploria196930,0.0382022402986431
Pseudodiploria196932,0.00699629395842718
Pseudodiploria196934,0.221069935723848
Pseudodiploria196936,-0.229385075267624
Pseudodiploria196939,0.752186045874714
Pseudodiploria196940,-0.792272816074747
Pseudodiploria196942,0.219838622232697
Pseudodiploria196944,0.512398594713616
Pseudodiploria196947,1.143479250146
Pseudodiploria196949,-0.0563836959512767
Pseudodiploria196951,0.101220647703133
Pseudodiploria196954,-1.53352951519696
Pseudodiploria196956,-0.698556901487725
Pseudodiploria196957,-0.172350627999209
Pseudodiploria196958,0.325575903396574
Pseudodiploria196960,-0.296987933182313
Pseudodiploria196961,0.0935886009685503
Pseudodiploria196962,0.103456898517522
Pseudodiploria196965,0.205944753059875
Pseudodiploria196966,0.389601491362948
Pseudodiploria196967,-0.0991325222476936
Pseudodiploria196970,0.175370190617297
Pseudodiploria196973,1.05644559168749
Pseudodiploria196975,-0.138933351632134
Pseudodiploria196977,-0.0635373852763636
Pseudodiploria196978,-0.242938490169041
Pseudodiploria196979,0.293014695009849
Pseudodiploria196981,0.0144735474006977
Pseudodiploria196982,-0.0334192143994869
Pseudodiploria196983,-0.0181337073239973
Pseudodiploria196984,0.302426280471417
Pseudodiploria196985,-0.000966342351738801
Pseudodiploria196987,-0.682118593605773
Pseudodiploria196989,-0.00917414843181922
Pseudodiploria196990,-0.214821329991487
Pseudodiploria196991,-0.20685699936638
Pseudodiploria196992,0.125607318047724
Pseudodiploria196994,-0.426043739212464
Pseudodiploria196995,0.494185855118703
Pseudodiploria196996,0.162881292826144
Pseudodiploria196997,0.171053909743415
Pseudodiploria196998,0.138198283237482
Pseudodiploria197002,-0.034698291987268
Pseudodiploria197003,-0.728379288247785
Pseudodiploria197005,0.324364979895661
Pseudodiploria197006,0.607544874415547
Pseudodiploria197007,-0.0109378123236596
Pseudodiploria197008,-0.71966737675155
Pseudodiploria197009,-0.198408537191236
Pseudodiploria197011,-0.127535452500541
Pseudodiploria197012,0.406602880633781
Pseudodiploria197014,-0.0368417774735289
Pseudodiploria197015,-0.438419265667025
Pseudodiploria197016,0.518885475334309
Pseudodiploria197021,0.0390865070409983
Pseudodiploria197024,0.193361744987379
Pseudodiploria197026,-0.0204167714874638
Pseudodiploria197027,0.0702556919426036
Pseudodiploria197029,0.733511439002937
Pseudodiploria197031,0.620115278215752
Pseudodiploria197032,0.291511174071596
Pseudodiploria197035,-0.672571710843579
Pseudodiploria197036,0.217434655969042
Pseudodiploria197037,0.112508712909927
Pseudodiploria197038,-0.327111021377568
Pseudodiploria197040,0.482129198140027
Pseudodiploria197041,0.0404472364546519
Pseudodiploria197043,0.0713791849536347
Pseudodiploria197044,-0.15179845399377
Pseudodiploria197045,-0.066934824439792
Pseudodiploria197047,0.292976380466434
Pseudodiploria197048,-0.748263473139694
Pseudodiploria197049,-0.221333628965932
Pseudodiploria197050,0.252262042364722
Pseudodiploria197051,0.10581757483075
Pseudodiploria197053,0.0897116780981122
Pseudodiploria197055,-0.174605146958654
Pseudodiploria197056,0.337919567119425
Pseudodiploria197057,-0.00418740191439647
Pseudodiploria197058,1.110584528465
Pseudodiploria197059,0.50898843864169
Pseudodiploria197061,-0.0420919829471848
Pseudodiploria197064,-0.360713129529103
Pseudodiploria197065,-0.25584726692649
Pseudodiploria197066,0.0450854156377767
Pseudodiploria197067,0.222809632232813
Pseudodiploria197070,0.0142174597225832
Pseudodiploria197073,0.404304466588412
Pseudodiploria197075,-0.180013157260407
Pseudodiploria197076,0.679059291227835
Pseudodiploria197077,-0.154294546915615
Pseudodiploria197078,-0.632413735237722
Pseudodiploria197080,-0.413496668004368
Pseudodiploria197083,0.749447808134347
Pseudodiploria197084,-1.10181774349188
Pseudodiploria197087,-0.440892270018228
Pseudodiploria197090,-0.131216917004772
Pseudodiploria197093,-0.433787226696488
Pseudodiploria197094,0.630081136049113
Pseudodiploria197095,0.0404676782478856
Pseudodiploria197096,0.410506713797071
Pseudodiploria197098,-0.421606862133878
Pseudodiploria197099,0.58499687830662
Pseudodiploria197100,0.887317084792023
Pseudodiploria197101,0.928648689490244
Pseudodiploria197103,0.0138745872955067
Pseudodiploria197106,0.0404092060602491
Pseudodiploria197107,-0.443716200844253
Pseudodiploria197108,0.818977132757932
Pseudodiploria197109,0.194190772442779
Pseudodiploria197112,0.228153206305269
Pseudodiploria197113,0.341199767572478
Pseudodiploria197114,0.318113151188342
Pseudodiploria197115,0.625836374507178
Pseudodiploria197116,0.00825002659087463
Pseudodiploria197118,-0.609433928697103
Pseudodiploria197119,-0.477243753483724
Pseudodiploria197120,0.446293690684663
Pseudodiploria197123,-0.248365010014989
Pseudodiploria197125,-0.516287671578207
Pseudodiploria197128,-0.0508207941930508
Pseudodiploria197131,-0.479569085401429
Pseudodiploria197132,0.211959545483144
Pseudodiploria197133,-0.12660252213542
Pseudodiploria197135,-0.170405353835788
Pseudodiploria197136,0.107602201497566
Pseudodiploria197137,-0.29470570388437
Pseudodiploria197138,-0.207206337254286
Pseudodiploria197139,0.233240532293042
Pseudodiploria197141,0.236910312833477
Pseudodiploria197142,0.35890382525766
Pseudodiploria197143,-0.060047520651814
Pseudodiploria197144,0.0886692088705256
Pseudodiploria197145,0.107295493558117
Pseudodiploria197150,0.539893328475355
Pseudodiploria197152,-0.281904336998506
Pseudodiploria197153,-0.194797785372155
Pseudodiploria197157,-0.352399877115623
Pseudodiploria197161,-0.355839207077964
Pseudodiploria197162,0.106943236747796
Pseudodiploria197163,0.0901074211202349
Pseudodiploria197165,-0.0743346310392206
Pseudodiploria197166,-0.233250116474336
Pseudodiploria197168,0.256156512629367
Pseudodiploria197169,0.101944724030888
Pseudodiploria197170,0.150330166791389
Pseudodiploria197172,0.070609634209419
Pseudodiploria197173,-0.573379769234457
Pseudodiploria197175,-0.165347127750458
Pseudodiploria197176,-0.030995741867483
Pseudodiploria197177,-0.285999229569989
Pseudodiploria197178,-0.535188537025145
Pseudodiploria197179,-0.0231063705974716
Pseudodiploria197180,-0.116518447848271
Pseudodiploria197181,0.427157046689269
Pseudodiploria197182,-0.0162359159816298
Pseudodiploria197184,0.192445237355099
Pseudodiploria197185,0.256056777014389
Pseudodiploria197188,-0.241571153213143
Pseudodiploria197189,-0.0403897304408375
Pseudodiploria197191,-0.320408910006545
Pseudodiploria197192,0.211120571483948
Pseudodiploria197195,-0.216880197014729
Pseudodiploria197197,-0.162085894117561
Pseudodiploria197199,-0.515709324740972
Pseudodiploria197201,-0.124231847898726
Pseudodiploria197204,0.0676331500018886
Pseudodiploria197205,0.2364263319434
Pseudodiploria197206,-0.262714586553341
Pseudodiploria197207,0.538404101535917
Pseudodiploria197208,-0.285992617585408
Pseudodiploria197210,-0.176659269195054
Pseudodiploria197212,0.587934019091444
Pseudodiploria197213,-0.139216389302878
Pseudodiploria197214,0.167024672999348
Pseudodiploria197219,0.295570309773517
Pseudodiploria197220,-0.631222232721168
Pseudodiploria197221,-0.417812203525819
Pseudodiploria197222,0.0749287600854335
Pseudodiploria197225,0.145196400942002
Pseudodiploria197226,0.437282953702222
Pseudodiploria197228,0.0580859640820823
Pseudodiploria197231,0.391449367099336
Pseudodiploria197234,0.119068798137475
Pseudodiploria197236,-0.629645589623107
Pseudodiploria197237,-0.21030101516995
Pseudodiploria197238,-0.0820415490387223
Pseudodiploria197243,-0.810247968414017
Pseudodiploria197244,0.0399968698236077
Pseudodiploria197246,0.590737860762776
Pseudodiploria197247,0.0850316952962211
Pseudodiploria197248,0.269634941991169
Pseudodiploria197249,0.00043276553324881
Pseudodiploria197250,-0.116337662411535
Pseudodiploria197252,0.359578518816288
Pseudodiploria197253,0.383354221061073
Pseudodiploria197254,0.495059292244569
Pseudodiploria197257,-0.191485040743182
Pseudodiploria197258,0.238072291199495
Pseudodiploria197260,-0.000540508254745602
Pseudodiploria197263,-0.674990782621498
Pseudodiploria197264,0.483891139949195
Pseudodiploria197268,0.169607816864152
Pseudodiploria197273,0.36023021912866
Pseudodiploria197276,-0.00073852320248526
Pseudodiploria197278,0.171338428284219
Pseudodiploria197280,-0.687925183661299
Pseudodiploria197286,-0.239127756875664
Pseudodiploria197287,0.217696562936751
Pseudodiploria197288,-0.207305587440029
Pseudodiploria197289,-0.337701334722884
Pseudodiploria197290,-0.658211898170696
Pseudodiploria197294,0.594207258940379
Pseudodiploria197296,-0.0908927882953979
Pseudodiploria197298,-0.38571835447743
Pseudodiploria197301,0.300223856405487
Pseudodiploria197302,0.136887008362691
Pseudodiploria197303,-0.764628852624208
Pseudodiploria197304,0.605588453099735
Pseudodiploria197305,0.0484768699668948
Pseudodiploria197306,0.0859373564433015
Pseudodiploria197307,0.186380850273846
Pseudodiploria197314,-0.169946591174211
Pseudodiploria197316,0.259096905264283
Pseudodiploria197317,0.0881911339592872
Pseudodiploria197318,-0.557858833662941
Pseudodiploria197319,-0.0793212804306049
Pseudodiploria197323,-0.0428282612698379
Pseudodiploria197324,0.0922591028188749
Pseudodiploria197325,0.365780333552665
Pseudodiploria197329,0.129830150543018
Pseudodiploria197331,1.1872843038278
Pseudodiploria197333,-0.0218229598449887
Pseudodiploria197336,0.0897142261479172
Pseudodiploria197337,0.0383859974589701
Pseudodiploria197338,-0.0880593039359927
Pseudodiploria197339,0.141970660464739
Pseudodiploria197342,0.339901128208012
Pseudodiploria197344,0.154558004738331
Pseudodiploria197346,-0.0621990641614321
Pseudodiploria197350,0.0226321490243399
Pseudodiploria197352,-0.11389422850612
Pseudodiploria197353,1.24271646564808
Pseudodiploria197354,0.427641542740624
Pseudodiploria197357,0.307413905390487
Pseudodiploria197358,0.304194946693536
Pseudodiploria197360,-0.0172393825038299
Pseudodiploria197363,0.58299769277254
Pseudodiploria197366,0.0466461615311909
Pseudodiploria197369,0.229254181735922
Pseudodiploria197370,-0.890936183383482
Pseudodiploria197371,0.757354037388796
Pseudodiploria197373,-0.819646938398141
Pseudodiploria197374,-0.598372618948019
Pseudodiploria197376,0.443824786347684
Pseudodiploria197377,-0.566229365041628
Pseudodiploria197378,0.747164932269342
Pseudodiploria197381,-0.118307368380522
Pseudodiploria197382,-0.0907476353982325
Pseudodiploria197383,0.153290447695071
Pseudodiploria197384,0.221435150437667
Pseudodiploria197385,-0.301358869142584
Pseudodiploria197387,0.00388790321560105
Pseudodiploria197388,0.0841361590920118
Pseudodiploria197390,0.224393043472549
Pseudodiploria197394,-0.3924393251469
Pseudodiploria197398,0.014333156453725
Pseudodiploria197400,-0.078575965868292
Pseudodiploria197401,0.12818727473177
Pseudodiploria197402,0.524740365447495
Pseudodiploria197403,0.499304890078579
Pseudodiploria197404,-0.0038773785104132
Pseudodiploria197405,-0.849270737674139
Pseudodiploria197407,0.866556653029706
Pseudodiploria197408,-0.170999734633371
Pseudodiploria197410,0.299989338966911
Pseudodiploria197411,-0.127933094858478
Pseudodiploria197412,0.266468745283878
Pseudodiploria197413,0.20451841227253
Pseudodiploria197414,0.28463324806623
Pseudodiploria197417,-0.349827651998654
Pseudodiploria197418,0.287646541246551
Pseudodiploria197420,-0.145317348270199
Pseudodiploria197421,-0.152568469817154
Pseudodiploria197422,-0.555452348285559
Pseudodiploria197425,0.426103830013159
Pseudodiploria197426,0.191472873607337
Pseudodiploria197427,0.504523944522468
Pseudodiploria197428,-0.154247415917739
Pseudodiploria197429,-0.467925621947652
Pseudodiploria197430,0.166331814130434
Pseudodiploria197432,0.205923374614167
Pseudodiploria197434,-0.206039845701397
Pseudodiploria197435,0.0775073303262462
Pseudodiploria197436,-0.330686820576057
Pseudodiploria197438,-0.175141841948293
Pseudodiploria197442,0.261015272592645
Pseudodiploria197443,-0.416282562501345
Pseudodiploria197447,0.816047307553376
Pseudodiploria197448,-0.971365747126777
Pseudodiploria197449,0.0377565182078971
Pseudodiploria197451,0.0298404287453537
Pseudodiploria197452,-0.0555891413572727
Pseudodiploria197455,-0.0399745883676674
Pseudodiploria197456,1.06342108970361
Pseudodiploria197459,0.943709425235033
Pseudodiploria197460,-0.181291191374354
Pseudodiploria197464,0.00673206167366561
Pseudodiploria197466,0.591627881729143
Pseudodiploria197467,-0.220260441105059
Pseudodiploria197469,-0.0288621401827428
Pseudodiploria197474,-0.176426353064526
Pseudodiploria197478,-0.0574103502263595
Pseudodiploria197479,-0.306662343991009
Pseudodiploria197482,-0.180622454150596
Pseudodiploria197483,-0.45708222791236
Pseudodiploria197486,-0.0129072057630283
Pseudodiploria197487,0.312527351327706
Pseudodiploria197489,0.0140850525718126
Pseudodiploria197492,0.0336161439450587
Pseudodiploria197494,0.11434070151263
Pseudodiploria197495,0.146241517709026
Pseudodiploria197497,-0.128859634284489
Pseudodiploria197499,-0.33862614048748
Pseudodiploria197500,-0.682401569509108
Pseudodiploria197501,0.0648065867299063
Pseudodiploria197502,0.0121775637221472
Pseudodiploria197505,0.0315112636026199
Pseudodiploria197507,0.269818528162894
Pseudodiploria197508,-0.0856991604045406
Pseudodiploria197509,-0.674425704136656
Pseudodiploria197510,0.48922617675882
Pseudodiploria197511,0.527586429430514
Pseudodiploria197515,0.508547103811509
Pseudodiploria197516,-0.101888889549754
Pseudodiploria197518,0.096628310346229
Pseudodiploria197520,0.347378297953224
Pseudodiploria197521,0.248868143576683
Pseudodiploria197523,-0.115403189366144
Pseudodiploria197524,0.873179107103444
Pseudodiploria197526,-0.0576900204257763
Pseudodiploria197527,0.0128269573143842
Pseudodiploria197528,0.0991467710706499
Pseudodiploria197530,0.542149949091013
Pseudodiploria197531,-1.48751130924316
Pseudodiploria197532,0.263167035589253
Pseudodiploria197536,0.0542466884236676
Pseudodiploria197538,0.0609285473307012
Pseudodiploria197541,0.0719288063789614
Pseudodiploria197542,0.0191907835102724
Pseudodiploria197543,-0.0420575348107764
Pseudodiploria197544,0.020014907199056
Pseudodiploria197545,-0.26567490146828
Pseudodiploria197546,0.228014770486579
Pseudodiploria197548,0.248308518819286
Pseudodiploria197549,-0.0756367011581556
Pseudodiploria197551,-0.0682883641050817
Pseudodiploria197552,0.004646393895432
Pseudodiploria197554,-0.45484117799143
Pseudodiploria197556,0.557823525005758
Pseudodiploria197557,-0.0524053493928432
Pseudodiploria197558,-0.076570715192619
Pseudodiploria197566,-1.00504953142153
Pseudodiploria197567,-0.383977389022437
Pseudodiploria197570,-0.132865265032073
Pseudodiploria197573,-0.452759456664007
Pseudodiploria197574,0.147422008246677
Pseudodiploria197575,-1.38234264741425
Pseudodiploria197578,-0.113342972799634
Pseudodiploria197580,0.0974230394694321
Pseudodiploria197581,-0.025182555227001
Pseudodiploria197582,-0.00218229856894505
Pseudodiploria197583,1.60767156315738
Pseudodiploria197584,0.351084036035058
Pseudodiploria197585,-0.302798621074333
Pseudodiploria197587,0.191742833181749
Pseudodiploria197589,-0.700103325660388
Pseudodiploria197590,0.727399582095771
Pseudodiploria197591,-0.0227635766394731
Pseudodiploria197593,0.681607295733006
Pseudodiploria197594,0.627277735966986
Pseudodiploria197595,-0.0483829614774003
Pseudodiploria1976,0.210647555761709
Pseudodiploria197600,0.280724772473145
Pseudodiploria197601,0.0153521907878613
Pseudodiploria197602,-0.31416930024301
Pseudodiploria197603,0.0573389913660447
Pseudodiploria197606,0.195433554713501
Pseudodiploria197608,0.511045329081766
Pseudodiploria197609,-0.418978537201372
Pseudodiploria197611,-0.295696224768531
Pseudodiploria197612,-0.137464551144388
Pseudodiploria197613,0.557810387653776
Pseudodiploria197615,0.262975330693291
Pseudodiploria197616,0.519066376832368
Pseudodiploria197617,0.219161080982077
Pseudodiploria197618,-0.597997282031664
Pseudodiploria197622,-0.256656668680747
Pseudodiploria197626,0.0916274859958053
Pseudodiploria197627,0.458477836718476
Pseudodiploria197630,-0.494484041406863
Pseudodiploria197632,-0.123416020485376
Pseudodiploria197634,-0.195207714321958
Pseudodiploria197636,0.407365988424659
Pseudodiploria197637,0.0843321759716652
Pseudodiploria197639,-0.300308741733801
Pseudodiploria197642,-0.577249209499397
Pseudodiploria197644,-0.200003917995714
Pseudodiploria197646,-0.112664566263073
Pseudodiploria197647,0.332026382098727
Pseudodiploria197649,0.0975628031219775
Pseudodiploria197650,0.322000292160417
Pseudodiploria197655,0.135370344107012
Pseudodiploria197657,-0.250602365713782
Pseudodiploria197659,-0.211167514653441
Pseudodiploria197660,-0.252882718989155
Pseudodiploria197663,1.24797473144215
Pseudodiploria197665,-0.0927275560805539
Pseudodiploria197666,-0.319323976274448
Pseudodiploria197667,0.358168411783452
Pseudodiploria197669,0.319037791264474
Pseudodiploria197670,0.166562478469128
Pseudodiploria197671,-0.275606572919472
Pseudodiploria197673,0.0851579802233499
Pseudodiploria197674,-0.356207210008784
Pseudodiploria197676,0.72831358509383
Pseudodiploria197679,0.630672237074808
Pseudodiploria197682,0.156938956773868
Pseudodiploria197683,0.29426701733069
Pseudodiploria197685,0.35012338166691
Pseudodiploria197686,-0.570687960383181
Pseudodiploria197689,-0.183547653704746
Pseudodiploria197690,-0.220809631159275
Pseudodiploria197691,-0.107499743824156
Pseudodiploria197692,0.0831569919958179
Pseudodiploria197694,0.0239645011360695
Pseudodiploria197695,-0.257207384307896
Pseudodiploria197696,0.370644486904132
Pseudodiploria197697,-0.36144082952631
Pseudodiploria197699,0.133927976832492
Pseudodiploria197700,-0.229228150753209
Pseudodiploria197701,0.280459216698199
Pseudodiploria197703,0.00933161661569396
Pseudodiploria197707,0.327674028064193
Pseudodiploria197708,0.148689908670035
Pseudodiploria197709,-0.112118778090756
Pseudodiploria197711,0.741076784195633
Pseudodiploria197712,0.168000328836742
Pseudodiploria197713,-0.351747627856918
Pseudodiploria197714,0.537840142505094
Pseudodiploria197715,-0.0147443067265267
Pseudodiploria197718,-0.126229762587254
Pseudodiploria197719,0.252882509586007
Pseudodiploria197720,-0.431725648286509
Pseudodiploria197722,-0.0969625472995988
Pseudodiploria197723,-0.122990788635809
Pseudodiploria197724,0.0174390117025786
Pseudodiploria197729,0.00924122285742707
Pseudodiploria197731,-0.25297091688616
Pseudodiploria197733,0.300524158526836
Pseudodiploria197734,0.432700136753179
Pseudodiploria197738,-0.25201081794176
Pseudodiploria197740,-0.435913258903085
Pseudodiploria197741,-0.0152718456742413
Pseudodiploria197742,0.668015644280177
Pseudodiploria197743,-0.820406912411199
Pseudodiploria197744,0.0445015637192781
Pseudodiploria197749,0.152877114862342
Pseudodiploria197752,0.170787002875809
Pseudodiploria197753,-0.525002349105139
Pseudodiploria197755,-0.677136129893597
Pseudodiploria197756,-0.19094368732569
Pseudodiploria197757,-0.264500584429232
Pseudodiploria197762,0.13914809832466
Pseudodiploria197763,0.200365539272504
Pseudodiploria197764,0.272398686882892
Pseudodiploria197765,0.204166439748925
Pseudodiploria197767,-0.0697230186236494
Pseudodiploria197768,0.871918232782164
Pseudodiploria197769,0.0202601914846384
Pseudodiploria197770,-0.136716269206341
Pseudodiploria197771,0.418845601684629
Pseudodiploria197772,-1.23472771956037
Pseudodiploria197773,0.00837778295228578
Pseudodiploria197774,-0.118752994440424
Pseudodiploria197777,-0.406798914944994
Pseudodiploria197778,0.515997260091011
Pseudodiploria197779,0.171420067230984
Pseudodiploria197781,-0.136289200666691
Pseudodiploria197782,-0.157052112957655
Pseudodiploria197784,-0.38008835510063
Pseudodiploria197787,0.245990957395509
Pseudodiploria197789,-0.0483123375447565
Pseudodiploria197791,-0.299414994126275
Pseudodiploria197792,-0.769439116346413
Pseudodiploria197793,-0.118266661183792
Pseudodiploria197796,-0.499712376988303
Pseudodiploria197800,0.111512569355945
Pseudodiploria197801,-0.720044174143248
Pseudodiploria197802,-0.277142802387161
Pseudodiploria197803,-0.171802688283516
Pseudodiploria197804,0.14862036129366
Pseudodiploria197805,0.0127675524037532
Pseudodiploria197806,0.239722610528986
Pseudodiploria197807,0.492580124608322
Pseudodiploria197812,0.157516885458356
Pseudodiploria197813,0.318160874482281
Pseudodiploria197814,-0.46443497898842
Pseudodiploria197820,0.17175204488842
Pseudodiploria197821,0.332838437400823
Pseudodiploria197822,-0.323792293221313
Pseudodiploria197824,-0.65315742569208
Pseudodiploria197826,-0.295603334990599
Pseudodiploria197827,-0.683596760567239
Pseudodiploria197828,-0.328904726573114
Pseudodiploria197829,-0.0885010231827153
Pseudodiploria197830,0.450129800003292
Pseudodiploria197832,-0.249762164010866
Pseudodiploria197834,-0.000355228692760547
Pseudodiploria197837,-0.0625228020391817
Pseudodiploria197838,0.335059715509953
Pseudodiploria197839,0.40201330062119
Pseudodiploria197841,-0.546840226377791
Pseudodiploria197843,-0.914742207681168
Pseudodiploria197844,-0.827833083422689
Pseudodiploria197846,-0.0930135340846007
Pseudodiploria197848,0.293790492998534
Pseudodiploria197850,-0.158004048436781
Pseudodiploria197852,0.0539759723011737
Pseudodiploria197853,-0.856737520973494
Pseudodiploria197854,-0.237327444831683
Pseudodiploria197862,0.0540709866493991
Pseudodiploria197863,0.0651211239723696
Pseudodiploria197864,0.0187511506782721
Pseudodiploria197865,0.209296907187754
Pseudodiploria197868,-0.196803970338111
Pseudodiploria197869,-0.0858804128921422
Pseudodiploria197870,0.300438018091685
Pseudodiploria197871,-0.122088582837686
Pseudodiploria197872,0.0657503641038898
Pseudodiploria197874,-0.135612222566046
Pseudodiploria197878,0.398459416291817
Pseudodiploria197879,0.211726068243433
Pseudodiploria197880,0.0690750999115724
Pseudodiploria197881,0.81028792880602
Pseudodiploria197884,0.775001140006861
Pseudodiploria197887,-0.335956347102016
Pseudodiploria197888,-0.00851605679788179
Pseudodiploria197889,0.12156266455696
Pseudodiploria197891,0.476715849177829
Pseudodiploria197894,-0.727292473578535
Pseudodiploria197895,0.609304251343724
Pseudodiploria197899,0.0634074837745732
Pseudodiploria197900,0.329133323158535
Pseudodiploria197903,-0.112713690330466
Pseudodiploria197908,0.015281527446187
Pseudodiploria197912,0.963873309949576
Pseudodiploria197915,0.0582441582524599
Pseudodiploria197916,0.441094899075348
Pseudodiploria197917,-0.433859134984026
Pseudodiploria197918,-0.0368704663693808
Pseudodiploria197919,-0.216372780248999
Pseudodiploria197920,-0.015296284465625
Pseudodiploria197921,-0.518374260424331
Pseudodiploria197925,-0.040927152018307
Pseudodiploria197926,0.383988367532
Pseudodiploria197927,-0.235116048197062
Pseudodiploria197928,-0.125941286192926
Pseudodiploria197931,0.137537345440348
Pseudodiploria197932,0.0263107792366962
Pseudodiploria197934,-0.46022808924666
Pseudodiploria197935,0.599013398995272
Pseudodiploria197937,-0.601841244672781
Pseudodiploria197938,-0.0535567486809079
Pseudodiploria197939,0.0137893011182629
Pseudodiploria197940,0.0160329677879153
Pseudodiploria197941,0.053039778356667
Pseudodiploria197944,0.151658089269947
Pseudodiploria197945,0.222121090120051
Pseudodiploria197946,0.31006204513725
Pseudodiploria197947,-0.882532658001268
Pseudodiploria197948,-0.0926525409502718
Pseudodiploria197951,-0.423965350855369
Pseudodiploria197954,-0.186320424349207
Pseudodiploria197955,-0.294035187165965
Pseudodiploria197958,-0.109285916199148
Pseudodiploria197959,0.0811857411633482
Pseudodiploria197960,0.175596752700765
Pseudodiploria197961,-0.0957147262662587
Pseudodiploria197963,0.169097737118631
Pseudodiploria197964,1.59085757911741
Pseudodiploria197967,-0.295421595561897
Pseudodiploria197968,-0.128576566513767
Pseudodiploria197969,-0.306938105583898
Pseudodiploria197970,0.331554088703593
Pseudodiploria197971,0.0870866995188695
Pseudodiploria197972,0.0703118729270446
Pseudodiploria197974,0.936150041588853
Pseudodiploria197976,-0.309354512772824
Pseudodiploria197978,0.249948365898641
Pseudodiploria197979,-0.500520298811691
Pseudodiploria197980,-0.31796474664206
Pseudodiploria197982,-0.00684304733637245
Pseudodiploria197983,-0.161637979033662
Pseudodiploria197985,-0.729195297472908
Pseudodiploria197986,-0.188507361993257
Pseudodiploria197987,0.266713077085091
Pseudodiploria197989,0.0975840582045383
Pseudodiploria197992,0.107230925861884
Pseudodiploria197994,0.489634543790632
Pseudodiploria197995,-0.105604760944724
Pseudodiploria197996,0.326606346417944
Pseudodiploria197999,0.542915785162224
Pseudodiploria198001,-0.0268129384597541
Pseudodiploria198002,-0.558559362078278
Pseudodiploria198003,-0.0977928370274016
Pseudodiploria198004,0.337971361061204
Pseudodiploria198005,0.375459147342604
Pseudodiploria198006,-0.150787906672801
Pseudodiploria198007,0.0125068223356648
Pseudodiploria198009,-0.0673660246160613
Pseudodiploria198012,0.143464839023113
Pseudodiploria198013,0.735335445483727
Pseudodiploria198015,0.854128499424632
Pseudodiploria198018,-0.186399523436509
Pseudodiploria198019,0.305022680361613
Pseudodiploria198020,-0.186809122005498
Pseudodiploria198021,0.31648660638331
Pseudodiploria198022,-0.94797782554782
Pseudodiploria198023,0.305352091506791
Pseudodiploria198025,-0.171231783591882
Pseudodiploria198026,0.0871662994656344
Pseudodiploria198027,-0.174512011816443
Pseudodiploria198028,0.0129454634002627
Pseudodiploria198029,-0.101049905015264
Pseudodiploria198030,-0.489979173593396
Pseudodiploria198031,-0.351535008085178
Pseudodiploria198032,-0.0533537869185225
Pseudodiploria198034,-0.297427044945033
Pseudodiploria198035,-0.00114812199614581
Pseudodiploria198036,0.424812737860355
Pseudodiploria198038,-0.364881527325836
Pseudodiploria198040,-1.34122960230634
Pseudodiploria198044,-0.215817014031596
Pseudodiploria198045,-0.649265768178901
Pseudodiploria198046,0.0738811118117359
Pseudodiploria198050,-0.0645796865579618
Pseudodiploria198052,0.102769160305367
Pseudodiploria198054,-0.0527822469502955
Pseudodiploria198056,-0.0388002404950067
Pseudodiploria198059,0.0295449171794735
Pseudodiploria198060,-0.126641458479907
Pseudodiploria198061,-0.213138325262891
Pseudodiploria198063,-0.707946140501565
Pseudodiploria198065,-0.112413685785798
Pseudodiploria198068,0.121124327583415
Pseudodiploria198069,0.312625018906571
Pseudodiploria198070,0.406095305810771
Pseudodiploria198072,0.390124370110329
Pseudodiploria198073,0.0816561110576693
Pseudodiploria198074,-0.32360115655069
Pseudodiploria198075,0.685979750554213
Pseudodiploria198076,0.291961195819155
Pseudodiploria198077,0.425746534438024
Pseudodiploria198078,0.0823308264059645
Pseudodiploria198080,-0.78418871697395
Pseudodiploria198081,-0.419817721107177
Pseudodiploria198082,-0.64577568776638
Pseudodiploria198083,0.659797571395195
Pseudodiploria198085,-0.277885913759532
Pseudodiploria198086,-0.963410656597849
Pseudodiploria198087,-0.112727552041887
Pseudodiploria198089,0.00598960755810705
Pseudodiploria198092,0.124983192162787
Pseudodiploria198093,-0.097687184464115
Pseudodiploria198094,-0.962173920567934
Pseudodiploria198095,0.294273622742903
Pseudodiploria198097,-0.332729878355364
Pseudodiploria198098,0.326725954242345
Pseudodiploria198099,0.0672894677534901
Pseudodiploria198100,0.224817871583057
Pseudodiploria198103,-0.111938022234994
Pseudodiploria198107,-0.231978190031993
Pseudodiploria198109,0.350111203031483
Pseudodiploria198110,0.323358091964327
Pseudodiploria198111,0.0404147275164776
Pseudodiploria198112,0.300232279177602
Pseudodiploria198114,0.364570702478138
Pseudodiploria198115,-0.0325139827555281
Pseudodiploria198116,-0.349207557931126
Pseudodiploria198120,-0.0675289835276002
Pseudodiploria198126,0.0544555345305705
Pseudodiploria198127,-0.289186521267948
Pseudodiploria198128,0.0942997449637499
Pseudodiploria198130,-0.253615218580353
Pseudodiploria198131,-0.173466633555154
Pseudodiploria198132,0.20785191963729
Pseudodiploria198134,0.502368028551912
Pseudodiploria198136,0.779835795870191
Pseudodiploria198139,0.842341583919284
Pseudodiploria198140,-0.00787748168470026
Pseudodiploria198141,0.279507442395807
Pseudodiploria198145,0.356057141139627
Pseudodiploria198149,0.179901543055119
Pseudodiploria198150,0.932644288930805
Pseudodiploria198151,0.0130329789278234
Pseudodiploria198153,0.223190010350462
Pseudodiploria198156,-0.00875868259645883
Pseudodiploria198157,0.0565985376488503
Pseudodiploria198158,-0.510924189296371
Pseudodiploria198161,0.0503944278971825
Pseudodiploria198163,0.189906869737429
Pseudodiploria198164,-0.821366704548537
Pseudodiploria198165,0.429033793044875
Pseudodiploria198167,0.132001776469995
Pseudodiploria198169,0.276958966711436
Pseudodiploria198170,0.189276035634684
Pseudodiploria198171,-0.700873101474517
Pseudodiploria198172,0.124674724470982
Pseudodiploria198173,0.305329296560828
Pseudodiploria198174,0.621885213572789
Pseudodiploria198176,0.0232894900726404
Pseudodiploria198178,-0.856114080763728
Pseudodiploria198179,0.307763233896019
Pseudodiploria198182,0.0381006859443806
Pseudodiploria198185,0.621815712894248
Pseudodiploria198186,-0.305355156267156
Pseudodiploria198187,0.0404269532929678
Pseudodiploria198188,0.101238954308177
Pseudodiploria198190,-0.239998647687757
Pseudodiploria198191,-0.0322202265278891
Pseudodiploria198192,0.258531630501689
Pseudodiploria198195,-0.0802802206464124
Pseudodiploria198196,0.358147144177797
Pseudodiploria198198,-0.229804527096338
Pseudodiploria198201,-0.274635778737063
Pseudodiploria198205,0.123687734020286
Pseudodiploria198211,0.808608385981724
Pseudodiploria198212,0.24610775797461
Pseudodiploria198216,0.440149794449407
Pseudodiploria198217,0.124848799063269
Pseudodiploria198221,-0.499002716115587
Pseudodiploria198225,-0.175905348803952
Pseudodiploria198226,0.0820858426275781
Pseudodiploria198227,-0.653925949797793
Pseudodiploria198228,-0.730757612606919
Pseudodiploria198230,0.105950597979626
Pseudodiploria198231,-0.345166106506972
Pseudodiploria198232,0.0226519029179743
Pseudodiploria198233,0.16024659241964
Pseudodiploria198236,0.497489854895064
Pseudodiploria198237,0.152414972298552
Pseudodiploria198238,-0.149348840815384
Pseudodiploria198239,-0.0483927622413957
Pseudodiploria198240,-0.150498543428087
Pseudodiploria198242,-0.690446408244501
Pseudodiploria198243,0.121983057077168
Pseudodiploria198245,-0.107808314445884
Pseudodiploria198246,0.252465701017215
Pseudodiploria198248,1.12809915416223
Pseudodiploria198250,-0.0667337368859541
Pseudodiploria198251,1.85767787091455
Pseudodiploria198253,-0.154027899194983
Pseudodiploria198254,0.359582302948553
Pseudodiploria198255,0.211913430462683
Pseudodiploria198256,-0.195664931027393
Pseudodiploria198260,-0.50958950401701
Pseudodiploria198261,0.287522067026106
Pseudodiploria198262,-0.124275691623724
Pseudodiploria198263,0.107662599511711
Pseudodiploria198266,-0.13368834427424
Pseudodiploria198269,0.297331950099651
Pseudodiploria198272,0.269037625882139
Pseudodiploria198274,-0.302181918565717
Pseudodiploria198278,0.175433891341115
Pseudodiploria198279,0.349907660022873
Pseudodiploria198280,-0.0449455371724909
Pseudodiploria198281,1.08042733484045
Pseudodiploria198282,0.0323896635016579
Pseudodiploria198283,0.474085983277133
Pseudodiploria198285,0.510350305059497
Pseudodiploria198286,-0.591167361924779
Pseudodiploria198289,0.244683196730574
Pseudodiploria198290,0.462571117982878
Pseudodiploria198292,0.576112524566199
Pseudodiploria198293,0.491077994049266
Pseudodiploria198294,-0.310848726476589
Pseudodiploria198297,0.0802234643033848
Pseudodiploria198298,0.179691911091516
Pseudodiploria198300,-0.371741468613894
Pseudodiploria198302,0.132671848034872
Pseudodiploria198303,-0.393295060287871
Pseudodiploria198304,-0.101033415963186
Pseudodiploria198306,-0.0243995383514657
Pseudodiploria198307,-0.339723628875426
Pseudodiploria198311,-0.20204128798821
Pseudodiploria198312,-0.0952559949818861
Pseudodiploria198313,0.34187509086945
Pseudodiploria198314,0.0381320676150128
Pseudodiploria198316,0.0483114441435046
Pseudodiploria198318,-0.345544202171834
Pseudodiploria198319,0.0820462995771887
Pseudodiploria198321,-0.927868790243746
Pseudodiploria198323,-0.329078023969858
Pseudodiploria198324,0.104019257869942
Pseudodiploria198327,-0.0947983851605513
Pseudodiploria198328,0.493180074181829
Pseudodiploria198330,0.447013050969687
Pseudodiploria198331,0.368705409592874
Pseudodiploria198332,0.139604673088124
Pseudodiploria198336,-0.794569748788652
Pseudodiploria198338,-0.346857746065879
Pseudodiploria198340,0.249730704112561
Pseudodiploria198341,-0.613809282235009
Pseudodiploria198342,-0.230618773543377
Pseudodiploria198345,0.0269914327101469
Pseudodiploria198347,0.67408860005685
Pseudodiploria198348,-0.0529535126100049
Pseudodiploria198349,-0.785106335202207
Pseudodiploria198351,0.0900994765637421
Pseudodiploria198352,-0.0254980365112216
Pseudodiploria198354,0.520571414898083
Pseudodiploria198358,-0.541173422845665
Pseudodiploria198359,0.242876525358658
Pseudodiploria198361,0.662099074527779
Pseudodiploria198364,0.350427129214117
Pseudodiploria198369,0.0298713827441899
Pseudodiploria198370,-0.173245021587829
Pseudodiploria198372,-0.432897930088317
Pseudodiploria198374,0.754104825338093
Pseudodiploria198375,0.230810893211727
Pseudodiploria198376,0.780958332128902
Pseudodiploria198377,-0.162580666166279
Pseudodiploria198378,-0.159664860376562
Pseudodiploria198380,-0.0658965868976027
Pseudodiploria198381,-0.0885154129466376
Pseudodiploria198382,0.204997448161719
Pseudodiploria198383,-0.22525197916584
Pseudodiploria198384,0.415206794552777
Pseudodiploria198386,0.457654226078942
Pseudodiploria198387,-0.093471319804188
Pseudodiploria198389,0.566259568016478
Pseudodiploria198390,-0.303665295040576
Pseudodiploria198391,0.001720890625831
Pseudodiploria198394,-0.879436121922093
Pseudodiploria198396,-0.229756902912514
Pseudodiploria198397,-0.0747211006539927
Pseudodiploria198398,0.622972155424708
Pseudodiploria198399,0.187003425005069
Pseudodiploria198403,0.33324976111084
Pseudodiploria198404,-0.226670900753223
Pseudodiploria198405,-0.347518800016319
Pseudodiploria198407,-0.40112879780009
Pseudodiploria198409,0.314424975612124
Pseudodiploria198410,-0.538352971669289
Pseudodiploria198413,-0.151018133593569
Pseudodiploria198414,0.854424299129597
Pseudodiploria198416,0.314873377281959
Pseudodiploria198417,0.42316966485012
Pseudodiploria198420,-0.400178566047026
Pseudodiploria198421,0.0934620981410822
Pseudodiploria198422,-0.351762258425497
Pseudodiploria198423,-0.469433047105654
Pseudodiploria198425,-0.227846348747356
Pseudodiploria198431,-0.188082435189684
Pseudodiploria198432,0.169399876303088
Pseudodiploria198433,-0.774652677777862
Pseudodiploria198435,0.939393460753919
Pseudodiploria198437,0.258842597948048
Pseudodiploria198438,-0.0595923702605307
Pseudodiploria198439,0.0653856248582736
Pseudodiploria198441,0.122396063852424
Pseudodiploria198442,0.00553451493129749
Pseudodiploria198447,0.15720103770098
Pseudodiploria198449,-0.111843236282464
Pseudodiploria198450,0.447640599900938
Pseudodiploria198451,-0.109527019941311
Pseudodiploria198452,0.304783330693392
Pseudodiploria198456,0.0195306535801101
Pseudodiploria198458,0.31309029790814
Pseudodiploria198460,-0.0727432894757028
Pseudodiploria198462,0.10286100429121
Pseudodiploria198463,-0.530116208384812
Pseudodiploria198464,-0.05846167904879
Pseudodiploria198468,0.150732854869215
Pseudodiploria198470,-0.27536755818197
Pseudodiploria198471,-0.355587465903666
Pseudodiploria198474,0.0269198311950178
Pseudodiploria198475,0.146498987135452
Pseudodiploria198476,0.138616699558615
Pseudodiploria198479,0.27820735175011
Pseudodiploria198481,0.285945820163167
Pseudodiploria198482,-0.0692704147948618
Pseudodiploria198485,-0.0278219746138879
Pseudodiploria198487,0.0579998005096931
Pseudodiploria198489,-0.0545477895015473
Pseudodiploria198490,0.226558070379554
Pseudodiploria198493,-0.145472479976464
Pseudodiploria198496,0.1261569815477
Pseudodiploria198497,0.377470980920682
Pseudodiploria198500,-0.363433621073763
Pseudodiploria198503,-0.435267317549279
Pseudodiploria198506,0.291050488880884
Pseudodiploria198507,-0.827674546149552
Pseudodiploria198508,0.182790504600991
Pseudodiploria198509,-0.104147036448599
Pseudodiploria198510,0.491995294014474
Pseudodiploria198511,0.415271344901412
Pseudodiploria198515,-0.0525928577435874
Pseudodiploria198517,0.538935952230407
Pseudodiploria198519,-0.00506628784670896
Pseudodiploria198521,0.208505279269482
Pseudodiploria198522,-0.0668141558258257
Pseudodiploria198524,0.486869657662363
Pseudodiploria198526,-0.210281756279274
Pseudodiploria198527,0.211250136616709
Pseudodiploria198528,0.367244469313305
Pseudodiploria198529,0.147585093905406
Pseudodiploria198531,0.05573120011492
Pseudodiploria198532,0.34116359406856
Pseudodiploria198533,-0.0172996077019034
Pseudodiploria198534,-0.361914103943331
Pseudodiploria198535,-0.183543286926294
Pseudodiploria198537,-0.469870747722532
Pseudodiploria198539,0.112116202287525
Pseudodiploria198540,0.141654183245933
Pseudodiploria198544,-0.00273190361730251
Pseudodiploria198548,0.163302922424063
Pseudodiploria198549,0.0626931049025472
Pseudodiploria198553,0.391959779837134
Pseudodiploria198554,0.310977607421354
Pseudodiploria198556,-0.0253450818020305
Pseudodiploria198558,0.289259748439915
Pseudodiploria198559,-0.0251115358493575
Pseudodiploria198562,0.0977601034917872
Pseudodiploria198563,-0.452168705361994
Pseudodiploria198566,0.274326563922922
Pseudodiploria198567,0.866077547891861
Pseudodiploria198568,0.0629055935591017
Pseudodiploria198569,0.432511033177668
Pseudodiploria198570,-0.183664954655329
Pseudodiploria198571,0.000207691170544065
Pseudodiploria198572,0.86586396165494
Pseudodiploria198575,-0.18718925284674
Pseudodiploria198576,0.155639675502672
Pseudodiploria198579,-0.420531218298811
Pseudodiploria198581,0.111756758229793
Pseudodiploria198583,-0.0575371121921816
Pseudodiploria198588,-0.512882143327734
Pseudodiploria198589,0.40853089594223
Pseudodiploria198591,-0.123415523675518
Pseudodiploria198593,0.319111243413151
Pseudodiploria198594,-0.000594814540028913
Pseudodiploria198595,-0.370187412839483
Pseudodiploria198597,-0.0368802502100816
Pseudodiploria198598,0.0938622617083056
Pseudodiploria198602,-0.151169502000673
Pseudodiploria198604,0.00946047889288395
Pseudodiploria198605,0.806786162072665
Pseudodiploria198606,0.0907276827034948
Pseudodiploria198607,-0.00468580168966541
Pseudodiploria198610,0.196688841938144
Pseudodiploria198611,-0.34876287880162
Pseudodiploria198612,0.047146146382045
Pseudodiploria198616,-0.0269918165403124
Pseudodiploria198617,0.361062517271894
Pseudodiploria198620,1.2575921740218
Pseudodiploria198621,-0.0474155581913309
Pseudodiploria198623,0.194810472914417
Pseudodiploria198625,-0.151396348172408
Pseudodiploria198626,0.446586360275226
Pseudodiploria198627,0.00353938573996558
Pseudodiploria198629,-0.211896509850808
Pseudodiploria198631,-0.262495676287114
Pseudodiploria198632,-0.196795285295328
Pseudodiploria198634,0.383087596759907
Pseudodiploria198635,0.242571548884985
Pseudodiploria198637,0.0149456353462968
Pseudodiploria198638,0.631937480976088
Pseudodiploria198639,-0.874481265892869
Pseudodiploria198640,0.590029687804796
Pseudodiploria198641,-0.586165430788766
Pseudodiploria198645,-0.453534895809248
Pseudodiploria198649,0.206763086182218
Pseudodiploria198650,0.0494473283914558
Pseudodiploria198651,0.976474808480437
Pseudodiploria198652,0.563337158031926
Pseudodiploria198654,-0.728491297448941
Pseudodiploria198657,-0.245651273625867
Pseudodiploria198659,0.0689675708630626
Pseudodiploria198662,0.15847420440061
Pseudodiploria198664,-0.0277291561505224
Pseudodiploria198668,0.378058125639451
Pseudodiploria198669,-0.885766564519393
Pseudodiploria198670,0.239868773296543
Pseudodiploria198674,0.237285344548712
Pseudodiploria198675,-0.0332200589566134
Pseudodiploria198677,0.319817362191875
Pseudodiploria198679,0.130123805001558
Pseudodiploria198680,-0.174951304508411
Pseudodiploria198681,-0.146392230553101
Pseudodiploria198682,0.0232329753884607
Pseudodiploria198684,-0.413071599889606
Pseudodiploria198686,-0.0429793520188912
Pseudodiploria198687,-0.128601859335756
Pseudodiploria198688,0.496142007234473
Pseudodiploria198690,-0.115129378485999
Pseudodiploria198692,-0.00887905050511731
Pseudodiploria198693,9.32243723860864e-05
Pseudodiploria198694,-0.955983753334225
Pseudodiploria198700,0.391840445458993
Pseudodiploria198701,0.339211011000177
Pseudodiploria198702,0.612244259374686
Pseudodiploria198703,-0.144387120714841
Pseudodiploria198707,-0.0475249269721017
Pseudodiploria198710,-0.389822313398937
Pseudodiploria198711,0.0945736134302055
Pseudodiploria198712,0.142832273479811
Pseudodiploria198713,-0.468775959085938
Pseudodiploria198714,-0.120634974378438
Pseudodiploria198715,-0.158321520666223
Pseudodiploria198716,0.217635188237182
Pseudodiploria198719,-0.388864249819325
Pseudodiploria198720,0.252609389557802
Pseudodiploria198722,0.00321301731458924
Pseudodiploria198723,-0.12007432047495
Pseudodiploria198725,0.606056237505818
Pseudodiploria198727,-0.203937704118969
Pseudodiploria198730,2.39022345430605
Pseudodiploria198731,-0.531903761726213
Pseudodiploria198734,0.328490506885391
Pseudodiploria198735,0.480060638951465
Pseudodiploria198736,-0.0150300847693944
Pseudodiploria198737,-0.389507406517674
Pseudodiploria198741,-0.537725543677051
Pseudodiploria198742,0.58645186597284
Pseudodiploria198746,0.0391540697511005
Pseudodiploria198747,-0.414631857663967
Pseudodiploria198749,-0.613134863837629
Pseudodiploria198750,-0.563699449705635
Pseudodiploria198751,-0.0698053897334875
Pseudodiploria198752,-0.0249581469749973
Pseudodiploria198753,0.0136196916266612
Pseudodiploria198755,-0.411338889198436
Pseudodiploria198757,0.470587128159831
Pseudodiploria198758,0.560708384681458
Pseudodiploria198761,0.189653880497338
Pseudodiploria198762,0.107146778925618
Pseudodiploria198763,0.388474261176895
Pseudodiploria198764,0.00286067057002835
Pseudodiploria198770,-0.439119566387392
Pseudodiploria198771,0.0415990952952551
Pseudodiploria198772,-0.126244882230757
Pseudodiploria198775,0.151587944604762
Pseudodiploria198776,-0.0943136351465404
Pseudodiploria198777,-0.232283938486912
Pseudodiploria198778,0.338522772250118
Pseudodiploria198779,0.0491967540198655
Pseudodiploria198781,0.350838007573435
Pseudodiploria198783,0.0453150196336999
Pseudodiploria198784,-0.147015790142371
Pseudodiploria198786,0.0258327949912635
Pseudodiploria198787,-0.116967037533444
Pseudodiploria198788,0.125696656335167
Pseudodiploria198789,0.261675678785036
Pseudodiploria198790,1.14017561422991
Pseudodiploria198792,-0.199213453912363
Pseudodiploria198793,0.373769149021406
Pseudodiploria198794,-0.0568422867894527
Pseudodiploria198797,-0.127429635346258
Pseudodiploria198800,0.332255120389028
Pseudodiploria198801,0.429726117579846
Pseudodiploria198802,0.551831134045027
Pseudodiploria198803,-0.799451321687163
Pseudodiploria198805,0.0158402438410468
Pseudodiploria198806,0.201824449437643
Pseudodiploria198807,0.126863848105276
Pseudodiploria198808,-0.0489776903852232
Pseudodiploria198809,0.619977824366066
Pseudodiploria198811,0.0977157421113771
Pseudodiploria198812,0.0447151821164875
Pseudodiploria198814,-0.1579834372817
Pseudodiploria198815,-0.439584705598904
Pseudodiploria198816,-0.0466835778730733
Pseudodiploria198817,-0.144203785899658
Pseudodiploria198818,0.0428268620406082
Pseudodiploria198819,0.15011728754023
Pseudodiploria198821,0.594366458626904
Pseudodiploria198822,0.201286612515706
Pseudodiploria198824,0.705811259893662
Pseudodiploria198825,0.383476230256852
Pseudodiploria198828,-0.131575559261735
Pseudodiploria198829,0.599592298511303
Pseudodiploria198830,0.107198391380389
Pseudodiploria198832,-0.0699241892463531
Pseudodiploria198834,0.129404781522578
Pseudodiploria198835,-0.233351347934166
Pseudodiploria198837,0.88478125918966
Pseudodiploria198838,0.326541612078324
Pseudodiploria198839,-0.261280515446995
Pseudodiploria198840,0.520671233260152
Pseudodiploria198842,0.117522702618163
Pseudodiploria198843,-0.402708317615444
Pseudodiploria198844,-0.147491973501894
Pseudodiploria198846,-0.372208865454048
Pseudodiploria198847,-0.053452530497741
Pseudodiploria198849,0.154678244142365
Pseudodiploria198851,0.00156072839801086
Pseudodiploria198852,0.00946824639905497
Pseudodiploria198855,-0.0693294009215002
Pseudodiploria198858,0.750290474469396
Pseudodiploria198860,-0.242725144249074
Pseudodiploria198861,-0.0532724737477092
Pseudodiploria198862,0.0374552568785081
Pseudodiploria198863,-0.0541608069368907
Pseudodiploria198866,0.0301972282090733
Pseudodiploria198868,0.0146003000432098
Pseudodiploria198870,0.147539404006271
Pseudodiploria198871,0.0162212629585266
Pseudodiploria198875,-0.0443723720821319
Pseudodiploria198876,-0.0159777979223923
Pseudodiploria198878,0.489125602792023
Pseudodiploria198880,-0.504874752051269
Pseudodiploria198882,0.0485522030102893
Pseudodiploria198885,-0.501987638807405
Pseudodiploria198887,-0.660624267365732
Pseudodiploria198888,0.273166297369628
Pseudodiploria198889,0.0533172480389102
Pseudodiploria198890,-0.88299146676738
Pseudodiploria198891,0.510478134401655
Pseudodiploria198892,-0.13915804249366
Pseudodiploria198893,0.752351982583211
Pseudodiploria198894,0.495929928839877
Pseudodiploria198895,-0.638152738829786
Pseudodiploria198899,-0.103881854978898
Pseudodiploria198900,-0.381362743338578
Pseudodiploria198901,0.0951646838322839
Pseudodiploria198903,-0.532380768814937
Pseudodiploria198906,0.0432731254646894
Pseudodiploria198908,0.0593416350227398
Pseudodiploria198909,-0.694621540802748
Pseudodiploria198910,0.253344183124161
Pseudodiploria198911,-0.208422399714091
Pseudodiploria198913,0.0112056169169176
Pseudodiploria198915,0.025555588876046
Pseudodiploria198916,0.122460966529031
Pseudodiploria198917,-0.0546014728079161
Pseudodiploria198921,-0.144519990995134
Pseudodiploria198924,0.0284407769453778
Pseudodiploria198925,-0.872832615445938
Pseudodiploria198926,0.0558538136769541
Pseudodiploria198928,-0.105438160123016
Pseudodiploria198929,-0.624518286781973
Pseudodiploria198930,-1.09138239656509
Pseudodiploria198931,-0.416348467853712
Pseudodiploria198932,-0.224312082461395
Pseudodiploria198934,0.0131827347263062
Pseudodiploria198935,0.48134227342067
Pseudodiploria198936,0.0268780082743506
Pseudodiploria198938,-0.189378768754192
Pseudodiploria198940,0.587172964967309
Pseudodiploria198941,0.0684830615782251
Pseudodiploria198945,0.246023444642539
Pseudodiploria198946,0.0777241687468476
Pseudodiploria198947,-1.06435564257188
Pseudodiploria198949,0.496487467996653
Pseudodiploria198951,0.19008981641342
Pseudodiploria198952,-0.977399545346354
Pseudodiploria198955,-0.144112582670322
Pseudodiploria198957,-0.143029627936956
Pseudodiploria198958,0.269099373061225
Pseudodiploria198960,-0.0844093949572584
Pseudodiploria198963,-0.146871258420314
Pseudodiploria198964,-0.0441702086353538
Pseudodiploria198965,0.452026404171785
Pseudodiploria198966,0.363071997975671
Pseudodiploria198967,-0.00318452466783897
Pseudodiploria198970,-0.00917640103905115
Pseudodiploria198973,0.782805299301321
Pseudodiploria198975,-0.131505790525965
Pseudodiploria198976,1.06057412948658
Pseudodiploria198978,0.391656290649281
Pseudodiploria198980,0.115475562251928
Pseudodiploria198982,-0.127930251925758
Pseudodiploria198987,0.263623336980974
Pseudodiploria198988,0.0973327862557979
Pseudodiploria198989,0.162521149984151
Pseudodiploria198991,0.641537429804817
Pseudodiploria198992,-0.972101048191825
Pseudodiploria198995,0.124952434278321
Pseudodiploria198996,0.140525049459968
Pseudodiploria199002,-0.0341603813426298
Pseudodiploria199003,0.242645779853838
Pseudodiploria199004,-0.411240072914428
Pseudodiploria199009,0.182477982234688
Pseudodiploria199010,0.466929355484029
Pseudodiploria199012,-0.224163917447167
Pseudodiploria199013,-0.257278822758542
Pseudodiploria199019,-0.161836239293564
Pseudodiploria199020,0.694889654730436
Pseudodiploria199022,-0.0130720947684578
Pseudodiploria199023,-0.379112620719343
Pseudodiploria199025,-0.225064730659675
Pseudodiploria199026,0.537572917206305
Pseudodiploria199029,-0.00926113921798416
Pseudodiploria199030,0.131947725291405
Pseudodiploria199031,-0.679628690475546
Pseudodiploria199034,0.818439610953004
Pseudodiploria199035,-0.24914829023493
Pseudodiploria199036,0.0538520199464589
Pseudodiploria199038,0.129252872391906
Pseudodiploria199040,-0.00544419687802432
Pseudodiploria199042,-0.156454653216212
Pseudodiploria199044,0.266920071897065
Pseudodiploria199045,0.186649712343563
Pseudodiploria199047,-0.0559941543361631
Pseudodiploria199049,-0.0325587636559642
Pseudodiploria199052,0.182298414962124
Pseudodiploria199053,-0.301658536462481
Pseudodiploria199056,0.0404877908040219
Pseudodiploria199058,-0.0409687453931143
Pseudodiploria199060,0.211040155381755
Pseudodiploria199063,0.0265772877205373
Pseudodiploria199064,0.0103797512872586
Pseudodiploria199065,0.120493546706232
Pseudodiploria199066,-0.134944934358711
Pseudodiploria199069,0.41796427898026
Pseudodiploria199070,0.677376826883008
Pseudodiploria199072,0.32247626548682
Pseudodiploria199077,0.00428572002691603
Pseudodiploria199078,0.168158016760154
Pseudodiploria199079,0.472078568444924
Pseudodiploria199082,0.0293562648906344
Pseudodiploria199083,-0.0412358537815328
Pseudodiploria199084,0.178543067799918
Pseudodiploria199088,0.293862853420704
Pseudodiploria199089,-0.48631445509437
Pseudodiploria199090,-0.391155689563584
Pseudodiploria199092,0.0184805319255559
Pseudodiploria199094,-1.51137965710692
Pseudodiploria199095,-0.14114934839673
Pseudodiploria199096,-0.039734283547709
Pseudodiploria199098,0.123606708497126
Pseudodiploria199099,-0.545034284177315
Pseudodiploria199101,-0.134178088906658
Pseudodiploria199103,-0.207109010209871
Pseudodiploria199105,-0.448352970225263
Pseudodiploria199107,0.456313173707439
Pseudodiploria199109,-0.109746055094433
Pseudodiploria199113,0.1849707535009
Pseudodiploria199114,0.0511404262026636
Pseudodiploria199115,-0.100529708374026
Pseudodiploria199116,1.07412418721528
Pseudodiploria199117,0.134141878548217
Pseudodiploria199120,-0.0527795225275067
Pseudodiploria199123,-0.0859606735421227
Pseudodiploria199125,0.0841678919461952
Pseudodiploria199126,-0.43063068684977
Pseudodiploria199127,0.0704646228882685
Pseudodiploria199128,-0.307190656506576
Pseudodiploria199129,0.233707270095257
Pseudodiploria199130,0.133569342703855
Pseudodiploria199131,0.157865693057502
Pseudodiploria199132,-0.174909260819786
Pseudodiploria199133,0.401334562266072
Pseudodiploria199134,0.265624022811635
Pseudodiploria199139,-0.0964958181846411
Pseudodiploria199140,-0.072509113827231
Pseudodiploria199142,0.0799779322843801
Pseudodiploria199143,0.0315628461491711
Pseudodiploria199144,-0.104885319793493
Pseudodiploria199145,0.240238017359738
Pseudodiploria199146,0.12132528236581
Pseudodiploria199148,-0.016035229273364
Pseudodiploria199150,0.0444626806491254
Pseudodiploria199151,0.231401880681427
Pseudodiploria199152,0.0468939786920888
Pseudodiploria199153,-0.0380851047969571
Pseudodiploria199157,0.740882815487211
Pseudodiploria199158,-0.0219545872290633
Pseudodiploria199159,-0.131870268624938
Pseudodiploria199160,0.277885514409612
Pseudodiploria199161,-0.031676159307683
Pseudodiploria199163,0.507183842634119
Pseudodiploria199164,0.44203390000628
Pseudodiploria199166,-0.170429026170624
Pseudodiploria199167,1.11362009618434
Pseudodiploria199169,-0.0899822154513838
Pseudodiploria199171,-0.0627355356426628
Pseudodiploria199173,0.209263214668456
Pseudodiploria199175,-0.806969333932573
Pseudodiploria199176,-0.382139847670247
Pseudodiploria199178,0.0955687120845733
Pseudodiploria199181,-0.119286891305993
Pseudodiploria199182,0.00472897295788335
Pseudodiploria199183,0.373318544136925
Pseudodiploria199185,0.13664141380777
Pseudodiploria199187,0.0235022781731947
Pseudodiploria199188,0.559551187547767
Pseudodiploria199189,-0.304277137154474
Pseudodiploria199194,-0.154850123233558
Pseudodiploria199196,-0.314124608355006
Pseudodiploria199197,1.08364131331058
Pseudodiploria199200,-0.14582928164842
Pseudodiploria199202,0.461390273977082
Pseudodiploria199203,0.317670051380348
Pseudodiploria199206,0.401139414951712
Pseudodiploria199214,-0.0422922612804208
Pseudodiploria199215,-0.294317236219866
Pseudodiploria199218,-0.0435834394902346
Pseudodiploria199219,0.40614847463808
Pseudodiploria199221,-3.29809622816927
Pseudodiploria199224,-0.0395264319566714
Pseudodiploria199225,0.445926337835379
Pseudodiploria199226,0.00422308609298528
Pseudodiploria199227,0.123793686850019
Pseudodiploria199231,0.467094485988105
Pseudodiploria199232,0.0239911984853556
Pseudodiploria199233,0.400218345830181
Pseudodiploria199235,-0.201240056883888
Pseudodiploria199236,0.641960518981966
Pseudodiploria199239,-0.860270867475202
Pseudodiploria199240,0.210154459615184
Pseudodiploria199243,-0.0769473351475481
Pseudodiploria199245,-0.00788089711486953
Pseudodiploria199247,0.300919829026719
Pseudodiploria199248,0.0967914799959449
Pseudodiploria199250,0.274361857162905
Pseudodiploria199253,0.0783524334826845
Pseudodiploria199256,0.0713635693675399
Pseudodiploria199258,-0.0722978436952718
Pseudodiploria199259,0.521678497814296
Pseudodiploria199261,0.482855971126568
Pseudodiploria199264,-0.276765880693552
Pseudodiploria199266,0.282114543651895
Pseudodiploria199267,0.051225562271493
Pseudodiploria199268,0.322715867113599
Pseudodiploria199269,0.32183980481547
Pseudodiploria199270,0.738670955207907
Pseudodiploria199271,-0.290728884950298
Pseudodiploria199272,0.18308272365768
Pseudodiploria199273,0.470341401717499
Pseudodiploria199274,0.149295406316952
Pseudodiploria199277,0.0902371009617714
Pseudodiploria199279,0.657937082448127
Pseudodiploria199280,0.116866165057187
Pseudodiploria199281,0.470951146552772
Pseudodiploria199282,0.0739664319248923
Pseudodiploria199283,-0.0206481050976846
Pseudodiploria199284,-0.0132630892024499
Pseudodiploria199286,-0.8808108491394
Pseudodiploria199287,0.155461824861403
Pseudodiploria199288,-0.0555103500354683
Pseudodiploria199289,-0.288169726768113
Pseudodiploria199290,0.469908179553862
Pseudodiploria199291,0.112288461934604
Pseudodiploria199292,-0.493173113472458
Pseudodiploria199293,0.423210001204355
Pseudodiploria199295,-0.0549195712799756
Pseudodiploria199296,0.112954043104379
Pseudodiploria199297,-0.283308511864869
Pseudodiploria199298,0.834562560023234
Pseudodiploria199299,-0.170622411011633
Pseudodiploria199302,-0.0525408296054289
Pseudodiploria199304,0.247711647289519
Pseudodiploria199306,0.0943505089924535
Pseudodiploria199307,-0.968707987557829
Pseudodiploria199308,0.0549449807075666
Pseudodiploria199309,-0.27033052392562
Pseudodiploria199311,0.109905272061207
Pseudodiploria199312,0.0172565855863283
Pseudodiploria199313,0.129124153685334
Pseudodiploria199315,0.162898206445719
Pseudodiploria199316,0.110635886198292
Pseudodiploria199319,-0.917788956265959
Pseudodiploria199324,-0.112735565381273
Pseudodiploria199325,0.166739190735619
Pseudodiploria199327,-0.256805326893137
Pseudodiploria199328,-0.438751680588019
Pseudodiploria199329,0.628094604391943
Pseudodiploria199332,-0.328018082764221
Pseudodiploria199333,0.037260879732453
Pseudodiploria199334,0.797054683100352
Pseudodiploria199336,-0.199974256926263
Pseudodiploria199339,0.223588049903863
Pseudodiploria199340,0.142088545046164
Pseudodiploria199343,-1.16507111858924
Pseudodiploria199344,-0.728879426293359
Pseudodiploria199345,-0.63383104667404
Pseudodiploria199346,0.114182946427697
Pseudodiploria199347,-0.307236150612801
Pseudodiploria199348,0.205920046672173
Pseudodiploria199349,-0.28654716344257
Pseudodiploria199350,-0.211879056486208
Pseudodiploria199353,0.565537807123677
Pseudodiploria199354,-0.227835136643282
Pseudodiploria199361,0.0463825970020374
Pseudodiploria199362,0.190379226496767
Pseudodiploria199363,0.4024416239464
Pseudodiploria199365,-0.764583701882607
Pseudodiploria199367,-0.0184064211569535
Pseudodiploria199369,0.276514097936752
Pseudodiploria199370,0.194335162310798
Pseudodiploria199373,-0.231729168145476
Pseudodiploria199374,-0.269804092242019
Pseudodiploria199375,0.148137142536067
Pseudodiploria199377,-0.433082988674229
Pseudodiploria199378,-0.436135133047045
Pseudodiploria199380,0.0102919679861743
Pseudodiploria199381,0.440762845160112
Pseudodiploria199382,-0.252004319894711
Pseudodiploria199386,-0.586196402705788
Pseudodiploria199387,-0.231276466157109
Pseudodiploria199388,0.0710228206745825
Pseudodiploria199390,-0.196103395004901
Pseudodiploria199391,0.814944884296866
Pseudodiploria199392,0.0465540381658081
Pseudodiploria199393,-0.184000442359587
Pseudodiploria199394,-0.393613244796523
Pseudodiploria199395,0.14244786975072
Pseudodiploria199396,-0.010414119868423
Pseudodiploria199399,0.13896130067352
Pseudodiploria199403,-0.12557160835732
Pseudodiploria199404,0.825979435397761
Pseudodiploria199405,0.0990753911690346
Pseudodiploria199406,-0.194093722820656
Pseudodiploria199407,0.178525555726252
Pseudodiploria199408,-0.398190053299077
Pseudodiploria199409,0.121854064291817
Pseudodiploria199411,-0.111691469827114
Pseudodiploria199412,-0.0726178814887585
Pseudodiploria199413,0.0531198716379348
Pseudodiploria199415,-0.270016821763212
Pseudodiploria199419,-0.19542308947587
Pseudodiploria199421,-0.317278739771796
Pseudodiploria199424,0.0521210754724574
Pseudodiploria199425,-1.10989787422567
Pseudodiploria199427,0.475818096455865
Pseudodiploria199429,-0.567256054019318
Pseudodiploria199430,0.327226281925537
Pseudodiploria199433,0.132946373848542
Pseudodiploria199435,-0.204393130180937
Pseudodiploria199438,-0.461117099343819
Pseudodiploria199442,-0.0797673156468632
Pseudodiploria199443,-0.0552925390178617
Pseudodiploria199444,-0.172408677790829
Pseudodiploria199445,0.0728391270515506
Pseudodiploria199446,0.00821570698039689
Pseudodiploria199447,-0.0604398960899138
Pseudodiploria199448,0.411860401248267
Pseudodiploria199449,0.627760147877872
Pseudodiploria199454,1.04246488891117
Pseudodiploria199461,0.0485784437628983
Pseudodiploria199462,-0.261831127512997
Pseudodiploria199463,-0.0256537376105269
Pseudodiploria199464,-0.0203700714867965
Pseudodiploria199466,0.48590393161346
Pseudodiploria199469,0.0674642802775573
Pseudodiploria199471,0.361497879065623
Pseudodiploria199472,-0.724925706215668
Pseudodiploria199473,0.395757906419872
Pseudodiploria199476,-0.793705521982608
Pseudodiploria199478,0.158991706935639
Pseudodiploria199479,0.366345828822556
Pseudodiploria199480,0.377837353354886
Pseudodiploria199483,-0.170832970835318
Pseudodiploria199484,-0.619823861664959
Pseudodiploria199485,0.126113247646821
Pseudodiploria199486,0.3745321657091
Pseudodiploria199487,0.177951107028765
Pseudodiploria199488,-0.431852880412623
Pseudodiploria199489,0.230375956347459
Pseudodiploria199493,-0.174307148833984
Pseudodiploria199500,0.419908141674207
Pseudodiploria199501,-0.0562869151639197
Pseudodiploria199502,-0.193852373030077
Pseudodiploria199503,-0.100524220691242
Pseudodiploria199504,-0.186937861602177
Pseudodiploria199505,0.0505540408032247
Pseudodiploria199506,-0.0843662715245332
Pseudodiploria199510,-0.072960410756613
Pseudodiploria199511,-0.418765044817929
Pseudodiploria199512,0.208747744445172
Pseudodiploria199515,0.562351240919931
Pseudodiploria199517,0.0913935914170944
Pseudodiploria199518,-0.710343257773121
Pseudodiploria199519,-0.395716952975345
Pseudodiploria199524,0.274777628465946
Pseudodiploria199527,-0.687998447874057
Pseudodiploria199528,-0.160463502789441
Pseudodiploria199530,0.259310220729371
Pseudodiploria199535,0.0362538189742835
Pseudodiploria199536,-0.716342652280112
Pseudodiploria199537,-0.0534974135038754
Pseudodiploria199538,0.218081083767104
Pseudodiploria199539,-0.560635474740369
Pseudodiploria199540,-0.408825658691369
Pseudodiploria199542,0.680412669045513
Pseudodiploria199546,-0.725333987565631
Pseudodiploria199547,-1.7081508012475
Pseudodiploria199548,0.0114268441799841
Pseudodiploria199549,0.0221837930778945
Pseudodiploria199551,0.669344458032353
Pseudodiploria199553,0.377647546898536
Pseudodiploria199554,0.242600071438748
Pseudodiploria199556,0.917811604410967
Pseudodiploria199559,0.0469352926479107
Pseudodiploria199561,0.141290351207388
Pseudodiploria199563,0.233124203969619
Pseudodiploria199564,-0.122718627812745
Pseudodiploria199565,-0.00400949268037457
Pseudodiploria199568,0.0687139040810163
Pseudodiploria199570,-0.0844241552390771
Pseudodiploria199571,-0.31542694170762
Pseudodiploria199572,0.501108937966459
Pseudodiploria199574,-0.368405367759499
Pseudodiploria199576,0.0825583473920788
Pseudodiploria199577,-0.135987916650497
Pseudodiploria199578,-0.184807873476501
Pseudodiploria199582,-0.245360143861532
Pseudodiploria199584,-0.0729201199560086
Pseudodiploria199585,-0.190736973135054
Pseudodiploria199586,-0.240186196617904
Pseudodiploria199589,-0.113869046538167
Pseudodiploria199590,0.522839457808169
Pseudodiploria199591,0.595370135587106
Pseudodiploria199593,-0.169938232633476
Pseudodiploria199594,0.141166260592192
Pseudodiploria199595,0.0588147377328544
Pseudodiploria199596,0.181894889080783
Pseudodiploria199599,0.126135194370392
Pseudodiploria199602,-0.327417696706544
Pseudodiploria199604,0.056641545641183
Pseudodiploria199606,0.224492281711857
Pseudodiploria199607,0.691758131444
Pseudodiploria199610,-0.210566237753349
Pseudodiploria199612,0.267677372773802
Pseudodiploria199616,-0.142887701321343
Pseudodiploria199617,0.219396136561536
Pseudodiploria199620,-0.379380091127639
Pseudodiploria199621,0.0526058379412149
Pseudodiploria199622,0.0232314027763122
Pseudodiploria199626,0.0340566875977465
Pseudodiploria199627,-0.256093121798455
Pseudodiploria199628,1.0579228080114
Pseudodiploria199630,-0.16206310833286
Pseudodiploria199631,-0.168460365856213
Pseudodiploria199632,-1.3767514448176
Pseudodiploria199634,-0.199507211259597
Pseudodiploria199636,0.373813860143366
Pseudodiploria199637,-0.148757141999327
Pseudodiploria199638,-0.340336749086725
Pseudodiploria199639,0.184915642855062
Pseudodiploria199640,0.227139854084747
Pseudodiploria199642,0.113746622250491
Pseudodiploria199645,0.176153420655861
Pseudodiploria199648,-0.204621174856061
Pseudodiploria199649,-0.0911102338159232
Pseudodiploria199650,-0.201251149327897
Pseudodiploria199652,-0.110979528614064
Pseudodiploria199655,0.0280843237194736
Pseudodiploria199656,-0.690843889418048
Pseudodiploria199657,0.0152251618571713
Pseudodiploria199658,-0.289707949895508
Pseudodiploria199659,-0.274768792046637
Pseudodiploria199661,-0.0513455095059951
Pseudodiploria199662,0.085876656613312
Pseudodiploria199663,-0.119001594071787
Pseudodiploria199664,0.687613069401744
Pseudodiploria199666,-0.0564597769528685
Pseudodiploria199667,-0.0499775579868152
Pseudodiploria199668,-0.626535500873719
Pseudodiploria199669,0.0858746555254002
Pseudodiploria199670,0.129459404830208
Pseudodiploria199673,0.436695308279748
Pseudodiploria199674,0.868816595618431
Pseudodiploria199675,0.316795546263121
Pseudodiploria199676,0.0875754623248093
Pseudodiploria199677,-0.29595313633268
Pseudodiploria199678,0.154754149058769
Pseudodiploria199680,0.00747070354273905
Pseudodiploria199681,0.64725429714985
Pseudodiploria199682,0.940060906865812
Pseudodiploria199683,0.252935065090588
Pseudodiploria199684,0.0430092990528282
Pseudodiploria199685,-0.2405520838706
Pseudodiploria199688,0.785584199305904
Pseudodiploria199691,-0.608268343132621
Pseudodiploria199693,0.320373549899525
Pseudodiploria199694,0.794847003544821
Pseudodiploria199695,0.675492228937033
Pseudodiploria199696,0.017949693467342
Pseudodiploria199697,-0.675183477934682
Pseudodiploria199698,-0.171659512908923
Pseudodiploria199701,0.0172064606153187
Pseudodiploria199702,-0.0196907433733758
Pseudodiploria199703,-0.350516611306797
Pseudodiploria199704,0.0740058004569596
Pseudodiploria199705,-0.0322977068838418
Pseudodiploria199707,-0.471940467412861
Pseudodiploria199710,0.0790357147857186
Pseudodiploria199711,0.268145088657317
Pseudodiploria199712,-0.134370486907721
Pseudodiploria199714,-0.108805708124516
Pseudodiploria199715,0.84007678693638
Pseudodiploria199716,0.104179544193858
Pseudodiploria199719,-0.275462324135882
Pseudodiploria199720,0.127926365874106
Pseudodiploria199722,-0.411571388923169
Pseudodiploria199727,0.494399749086777
Pseudodiploria199728,0.0262860388434265
Pseudodiploria199730,-0.335912370542111
Pseudodiploria199731,0.239100752611938
Pseudodiploria199733,-0.170738224115267
Pseudodiploria199736,0.0777809240710396
Pseudodiploria199737,0.0678598487136429
Pseudodiploria199738,-0.114820249031467
Pseudodiploria199739,-0.723473386769068
Pseudodiploria199741,-0.382159592049137
Pseudodiploria199744,-0.252338836535862
Pseudodiploria199745,-0.0904006574890418
Pseudodiploria199747,-0.238747469434933
Pseudodiploria199749,0.0859350187167247
Pseudodiploria199750,-0.291177686280234
Pseudodiploria199751,0.329534209153892
Pseudodiploria199752,-0.302554015940758
Pseudodiploria199758,-0.46010908033035
Pseudodiploria199760,-0.16447888072112
Pseudodiploria199762,-0.0574315030419977
Pseudodiploria199764,-0.907757993297308
Pseudodiploria199766,-0.298969531606624
Pseudodiploria199767,-0.762836153323769
Pseudodiploria199768,0.477731583477263
Pseudodiploria199769,1.25602739326705
Pseudodiploria199770,-0.147636100767803
Pseudodiploria199771,0.0900340437309393
Pseudodiploria199772,0.669237231561838
Pseudodiploria199774,-0.423623948340232
Pseudodiploria199776,-0.207267991726489
Pseudodiploria199777,0.300083300146569
Pseudodiploria199778,0.343105653589585
Pseudodiploria199779,0.134676689553112
Pseudodiploria199784,0.361298632571436
Pseudodiploria199785,0.701097864302393
Pseudodiploria199786,-0.115364583107446
Pseudodiploria199788,0.383510982896289
Pseudodiploria199789,0.0768446788663169
Pseudodiploria199790,-0.000522612920229284
Pseudodiploria199791,0.339741739726208
Pseudodiploria199792,0.190305472959276
Pseudodiploria199794,0.115306909713931
Pseudodiploria199795,0.413356831614565
Pseudodiploria199796,0.618794175073762
Pseudodiploria199797,-0.21865455794378
Pseudodiploria199799,-0.153178251531352
Pseudodiploria199800,0.141465175199954
Pseudodiploria199801,0.0939524427057675
Pseudodiploria199803,0.0474248546071933
Pseudodiploria199804,0.707441753684732
Pseudodiploria199807,0.44553991357053
Pseudodiploria199808,0.223663082426141
Pseudodiploria199809,0.432367665008794
Pseudodiploria199811,0.0555604323352271
Pseudodiploria199812,0.182833254282921
Pseudodiploria199813,-0.207891098536007
Pseudodiploria199814,0.467330056209082
Pseudodiploria199815,0.0497745771738694
Pseudodiploria199818,-0.159968590071803
Pseudodiploria199820,0.457897349963596
Pseudodiploria199821,0.0285504480985066
Pseudodiploria199822,-0.14355625003492
Pseudodiploria199824,0.333054685144069
Pseudodiploria199825,-0.202802785439805
Pseudodiploria199826,0.0584550842619845
Pseudodiploria199831,-0.75594892460474
Pseudodiploria199832,-0.456397614882858
Pseudodiploria199833,-0.0761572841350994
Pseudodiploria199835,0.440412213179725
Pseudodiploria199836,0.0528268096577108
Pseudodiploria199839,0.125351482971581
Pseudodiploria199841,-0.659279897614694
Pseudodiploria199842,0.19904691319569
Pseudodiploria199843,-0.677793180584973
Pseudodiploria199848,1.3272758473589
Pseudodiploria199850,0.286140028429191
Pseudodiploria199851,0.211424214817698
Pseudodiploria199853,-0.607348459510841
Pseudodiploria199854,0.017842406510019
Pseudodiploria199855,-0.251206937083557
Pseudodiploria199856,-0.0153382936135109
Pseudodiploria199857,1.24996580313744
Pseudodiploria199861,0.299965258806271
Pseudodiploria199863,-0.832705472155995
Pseudodiploria199865,1.0247488185947
Pseudodiploria199866,-0.183654267142226
Pseudodiploria199867,-0.295135038672201
Pseudodiploria199869,0.11066122294824
Pseudodiploria199872,-0.556179853715805
Pseudodiploria199873,-0.0419152115357953
Pseudodiploria199874,0.253712305870123
Pseudodiploria199875,-0.380681270032772
Pseudodiploria199877,0.164025978965041
Pseudodiploria199878,-0.388846068350816
Pseudodiploria199879,0.179608531244924
Pseudodiploria199881,0.178270451961407
Pseudodiploria199886,-0.209816071836631
Pseudodiploria199887,-1.41524566167247
Pseudodiploria199890,0.275917980125813
Pseudodiploria199892,-0.0559816373955159
Pseudodiploria199894,0.0495482419748321
Pseudodiploria199896,-0.0200370074557666
Pseudodiploria199898,-0.0298998175885045
Pseudodiploria199899,0.0121207359659682
Pseudodiploria199904,0.0734965276961043
Pseudodiploria199906,0.0900701614479013
Pseudodiploria199908,0.530691373057832
Pseudodiploria199909,-0.265892417914247
Pseudodiploria199910,-0.612977689085125
Pseudodiploria199911,-1.07312977583134
Pseudodiploria199912,-0.107764981490321
Pseudodiploria199915,0.562498875263244
Pseudodiploria199916,0.183318217638215
Pseudodiploria199917,-0.536709454611537
Pseudodiploria199918,-0.635933397425168
Pseudodiploria199919,0.238485699461144
Pseudodiploria199921,-0.0122457875732886
Pseudodiploria199923,0.634794208722265
Pseudodiploria199926,-0.036492727527551
Pseudodiploria199927,-0.137009369606164
Pseudodiploria199929,0.226058335746246
Pseudodiploria19993,-0.146746607441438
Pseudodiploria199930,-0.192312844298371
Pseudodiploria199931,-0.00819783770369429
Pseudodiploria199932,0.55013781347759
Pseudodiploria199933,-0.483804434379988
Pseudodiploria199934,0.684100031967124
Pseudodiploria199935,0.387418138825654
Pseudodiploria199936,-0.121082177212868
Pseudodiploria199938,0.572578295421814
Pseudodiploria199940,1.36428912022764
Pseudodiploria199942,0.952343611348423
Pseudodiploria199943,0.078192272352664
Pseudodiploria199945,-0.158194605326387
Pseudodiploria199951,1.50966270024993
Pseudodiploria199952,0.0548716002402958
Pseudodiploria199954,-0.473999879537237
Pseudodiploria199957,-0.0482495853568613
Pseudodiploria199958,0.0685364237994049
Pseudodiploria199959,0.443584522253338
Pseudodiploria199961,-0.349932507001282
Pseudodiploria199962,0.201053939447951
Pseudodiploria199966,0.0464933128154456
Pseudodiploria199967,0.495973903006548
Pseudodiploria199968,0.997011506589128
Pseudodiploria199969,-0.0581387488934528
Pseudodiploria199970,-0.0559386212530093
Pseudodiploria199971,-0.168916479581646
Pseudodiploria199972,0.0897419821024602
Pseudodiploria199973,0.289034745716976
Pseudodiploria199974,0.288288756650484
Pseudodiploria199978,-0.235400398282247
Pseudodiploria199979,0.373840363178809
Pseudodiploria199982,-0.488713737950349
Pseudodiploria199983,0.299247821628783
Pseudodiploria199986,-0.355797211633643
Pseudodiploria199988,-0.304283705549808
Pseudodiploria199989,0.553444104794149
Pseudodiploria199990,-0.500685994283652
Pseudodiploria199992,0.0636993975052679
Pseudodiploria199994,0.161587506659846
Pseudodiploria199995,0.377019833618525
Pseudodiploria199996,0.158624388021572
Pseudodiploria199998,0.535727402585966
Pseudodiploria199999,-0.1947340173288
Pseudodiploria200000,-0.116775981973758
Pseudodiploria200001,0.12537951705722
Pseudodiploria200002,-0.453926837763048
Pseudodiploria200003,-0.0591996644071286
Pseudodiploria200005,0.35303339386022
Pseudodiploria200006,-0.328909302918924
Pseudodiploria200007,-0.527308406705608
Pseudodiploria200008,0.0195371716066016
Pseudodiploria200010,-0.616251803240438
Pseudodiploria200011,-0.00234147607859853
Pseudodiploria200012,0.582554868964072
Pseudodiploria200013,0.235465934420221
Pseudodiploria200016,1.02519961813636
Pseudodiploria200017,0.157969135302583
Pseudodiploria200018,-0.355901563860639
Pseudodiploria200019,-0.0955502509992679
Pseudodiploria200020,0.0946756823268489
Pseudodiploria200021,0.0524909682900272
Pseudodiploria200022,0.0804047979869938
Pseudodiploria200023,0.0963900640697855
Pseudodiploria200024,0.301174507961198
Pseudodiploria200025,0.0350006997191987
Pseudodiploria200026,-0.12066084679206
Pseudodiploria200027,-0.0803977642310149
Pseudodiploria200028,-0.0329485378670973
Pseudodiploria200031,0.163072750474535
Pseudodiploria200032,-0.347299313875394
Pseudodiploria200033,0.391793367288727
Pseudodiploria200037,0.241125590501283
Pseudodiploria200039,0.31605464572893
Pseudodiploria200042,-0.129632546017867
Pseudodiploria200044,0.149510785875472
Pseudodiploria200046,0.0340593793878889
Pseudodiploria200047,0.293401870253147
Pseudodiploria200048,-0.145182310911913
Pseudodiploria200049,0.219143678095897
Pseudodiploria200053,0.958408254506831
Pseudodiploria200055,-0.608397818780326
Pseudodiploria200057,-0.787345890154302
Pseudodiploria200058,0.295621621704846
Pseudodiploria200060,-0.632847138754083
Pseudodiploria200061,0.164023501127105
Pseudodiploria200062,0.00490236726713838
Pseudodiploria200065,0.100658392346116
Pseudodiploria200066,0.267764434093896
Pseudodiploria200068,-0.0306892725011449
Pseudodiploria200070,-0.104165400405002
Pseudodiploria200071,-0.274086150380183
Pseudodiploria200073,-0.109379191576755
Pseudodiploria200074,-0.166758277541971
Pseudodiploria200078,0.284698281552334
Pseudodiploria200079,-0.398856039515259
Pseudodiploria200083,0.149115847334884
Pseudodiploria200086,0.146673784904871
Pseudodiploria200088,-0.170678905343152
Pseudodiploria200089,-0.135816774838193
Pseudodiploria200090,-0.338598263219918
Pseudodiploria200092,-0.115887341234931
Pseudodiploria200094,0.559827850532779
Pseudodiploria200095,-0.0103520577054095
Pseudodiploria200096,-0.0205299300832942
Pseudodiploria200097,0.10074345875102
Pseudodiploria200099,0.297956136499677
Pseudodiploria200100,-0.0873299658446927
Pseudodiploria200101,-0.222303503612054
Pseudodiploria200102,0.0242355978117452
Pseudodiploria200103,-0.353819802108617
Pseudodiploria200104,-0.384317543796696
Pseudodiploria200105,-0.314685919915284
Pseudodiploria200107,0.0792364704081713
Pseudodiploria200108,0.0295120741285866
Pseudodiploria200111,0.728174815229952
Pseudodiploria200112,0.0497821196530575
Pseudodiploria200113,0.268112560186744
Pseudodiploria200116,1.2638548562431
Pseudodiploria200117,0.445201076645914
Pseudodiploria200118,0.0848080025333882
Pseudodiploria200121,-0.241854508035664
Pseudodiploria200122,-0.0508459944316249
Pseudodiploria200123,0.372278096069165
Pseudodiploria200125,-0.076350056683141
Pseudodiploria200126,-0.157339113079742
Pseudodiploria200128,0.375050285453535
Pseudodiploria200129,-0.613119550016188
Pseudodiploria200130,-1.29346935878765
Pseudodiploria200131,0.108442873856822
Pseudodiploria200133,0.338396556765737
Pseudodiploria200136,-0.130941597756479
Pseudodiploria200137,-0.0280229433040377
Pseudodiploria200138,0.310955933366294
Pseudodiploria200139,-0.0640496643160312
Pseudodiploria200140,0.188695435172564
Pseudodiploria200141,-0.746484041998971
Pseudodiploria200143,0.0516937467326032
Pseudodiploria200144,0.366168929348834
Pseudodiploria200145,0.375621595480876
Pseudodiploria200147,-0.218488907166719
Pseudodiploria200148,-1.03434472009739
Pseudodiploria200149,-0.0355410089948871
Pseudodiploria200150,-0.304217188704564
Pseudodiploria200153,-0.844531427383812
Pseudodiploria200154,-0.167738541711086
Pseudodiploria200156,0.170999276966167
Pseudodiploria200157,0.144534339902592
Pseudodiploria200158,-0.0123204168055947
Pseudodiploria200160,-0.595098180122692
Pseudodiploria200163,0.0871764270511301
Pseudodiploria200164,0.928957801178735
Pseudodiploria200167,-0.56853161055998
Pseudodiploria200168,-0.0724834691005848
Pseudodiploria200169,-0.296525857002277
Pseudodiploria200172,-1.02081934814416
Pseudodiploria200173,-0.624289056030436
Pseudodiploria200175,1.65510486581275
Pseudodiploria200176,0.147064998444641
Pseudodiploria200177,-0.148643460410181
Pseudodiploria200178,0.227633546799927
Pseudodiploria200179,0.105493560735125
Pseudodiploria200182,0.199197364422398
Pseudodiploria200185,0.169079858758942
Pseudodiploria200188,0.365585410527872
Pseudodiploria200192,-0.519525360811795
Pseudodiploria200196,0.151127275885939
Pseudodiploria200197,-0.345809164287461
Pseudodiploria200198,0.515236292927382
Pseudodiploria200200,-0.124940311506358
Pseudodiploria200202,0.0999856526792479
Pseudodiploria200203,0.357217504616288
Pseudodiploria200204,0.129633924919895
Pseudodiploria200206,0.213597181318323
Pseudodiploria200207,0.75320981731406
Pseudodiploria200208,0.261321177508284
Pseudodiploria200209,0.716285748780666
Pseudodiploria200210,-0.344043056778794
Pseudodiploria200211,-0.053652640419464
Pseudodiploria200212,0.178710771566286
Pseudodiploria200216,0.114459853923316
Pseudodiploria200217,-0.0473498904827019
Pseudodiploria200218,-0.203468875452371
Pseudodiploria200219,0.225103275527786
Pseudodiploria200220,0.648763547863019
Pseudodiploria200221,-0.170195451463354
Pseudodiploria200223,-0.0644137898891967
Pseudodiploria200224,-0.400815890597799
Pseudodiploria200226,0.605782099012219
Pseudodiploria200227,0.794963310184659
Pseudodiploria200230,-0.0265021250168373
Pseudodiploria200231,-0.613053463324211
Pseudodiploria200232,0.298979903626821
Pseudodiploria200233,-0.575274327461564
Pseudodiploria200234,0.0328556079585252
Pseudodiploria200235,-0.527862275842629
Pseudodiploria200236,0.664551388846524
Pseudodiploria200237,-0.261766153804882
Pseudodiploria200238,0.130535306741558
Pseudodiploria200240,-0.2979944519772
Pseudodiploria200241,-0.41871565072443
Pseudodiploria200242,-0.0359050669729027
Pseudodiploria200244,-0.345055842424869
Pseudodiploria200246,0.864521188524089
Pseudodiploria200248,0.306029730750146
Pseudodiploria200250,0.829026219062585
Pseudodiploria200251,-0.357313132631995
Pseudodiploria200253,-0.446174075284254
Pseudodiploria200254,0.233466807444579
Pseudodiploria200255,-0.0718842020361224
Pseudodiploria200257,0.238275175639063
Pseudodiploria200258,0.102087036474362
Pseudodiploria200262,-1.03535793784525
Pseudodiploria200263,-0.280092731499452
Pseudodiploria200264,0.269498843452902
Pseudodiploria200265,-0.45687989884785
Pseudodiploria200266,-0.0351143421428041
Pseudodiploria200269,0.467056655884774
Pseudodiploria200270,-0.237007520539402
Pseudodiploria200271,-0.269579466383978
Pseudodiploria200272,-0.822656313235577
Pseudodiploria200273,-0.0609041063311541
Pseudodiploria200274,-0.284975386506327
Pseudodiploria200277,-0.630061976557181
Pseudodiploria200280,0.150492117056542
Pseudodiploria200282,0.184450567137824
Pseudodiploria200284,-0.164615796747376
Pseudodiploria200286,0.0108789842533801
Pseudodiploria200287,-0.774142589554947
Pseudodiploria200290,0.702079802396853
Pseudodiploria200292,1.10730094361156
Pseudodiploria200293,-0.10709665638839
Pseudodiploria200295,-0.161124264314469
Pseudodiploria200296,-0.024592476491823
Pseudodiploria200297,-0.291426593150764
Pseudodiploria200299,0.0738821275837843
Pseudodiploria200300,-0.630739609133035
Pseudodiploria200301,0.331146307346553
Pseudodiploria200302,-0.24273842952467
Pseudodiploria200306,0.463221244315145
Pseudodiploria200308,-0.0776686061711494
Pseudodiploria200309,0.286810194936982
Pseudodiploria200310,-0.124953885691907
Pseudodiploria200311,0.0968978019664297
Pseudodiploria200314,0.111056718111006
Pseudodiploria200317,-0.305171226369163
Pseudodiploria200318,-0.093176871571509
Pseudodiploria200319,-0.0911433951370043
Pseudodiploria200321,0.143028582635366
Pseudodiploria200322,0.0154526182652847
Pseudodiploria200323,0.033654978058271
Pseudodiploria200325,-1.10883003600205
Pseudodiploria200326,-0.399435444340415
Pseudodiploria200327,0.0534990069713396
Pseudodiploria200329,0.500075768588933
Pseudodiploria200330,0.00214858507520055
Pseudodiploria200331,0.141012301148883
Pseudodiploria200333,0.0310080863628506
Pseudodiploria200334,0.12805460481883
Pseudodiploria200335,-0.00169466331048928
Pseudodiploria200336,-0.443544515339697
Pseudodiploria200340,0.57319359592542
Pseudodiploria200341,0.264364309672101
Pseudodiploria200343,-0.492928236959879
Pseudodiploria200344,0.169342946410569
Pseudodiploria200346,-0.342593248104094
Pseudodiploria200347,0.183620830452127
Pseudodiploria200348,-0.216664585620004
Pseudodiploria200350,-0.0893396002480642
Pseudodiploria200351,0.386150693116145
Pseudodiploria200353,-0.457109232177257
Pseudodiploria200355,0.111003954224872
Pseudodiploria200359,-0.114066528443044
Pseudodiploria200361,0.345308302514819
Pseudodiploria200362,-0.184867323389781
Pseudodiploria200363,0.0663696282723101
Pseudodiploria200364,-0.115304466766319
Pseudodiploria200365,0.161739185449215
Pseudodiploria200366,0.400074729477261
Pseudodiploria200367,-0.602836450918937
Pseudodiploria200368,-1.5075258616149
Pseudodiploria200373,0.284456239282624
Pseudodiploria200375,0.677116892686662
Pseudodiploria200376,0.473981857610792
Pseudodiploria200378,0.247525903116956
Pseudodiploria200379,-0.393323431814991
Pseudodiploria200380,-0.203040567720459
Pseudodiploria200381,0.0575212605138384
Pseudodiploria200383,1.05717377482075
Pseudodiploria200386,0.485613898229166
Pseudodiploria200388,-0.0261188844046252
Pseudodiploria200389,-0.797083348661224
Pseudodiploria200391,0.0135511358452754
Pseudodiploria200392,0.0183312767088851
Pseudodiploria200393,-0.363353485195989
Pseudodiploria200394,0.838185349936701
Pseudodiploria200399,0.47794152271431
Pseudodiploria200400,-1.14811678354889
Pseudodiploria200401,1.5066895366172
Pseudodiploria200402,0.527939172320962
Pseudodiploria200403,0.414615889360418
Pseudodiploria200404,0.230063043775483
Pseudodiploria200405,-0.143058927202148
Pseudodiploria200406,0.268649194819004
Pseudodiploria200407,-0.115437998527412
Pseudodiploria200412,0.0511872094364437
Pseudodiploria200415,-0.106423895353357
Pseudodiploria200417,-0.0248533741271356
Pseudodiploria200418,-0.500721365119741
Pseudodiploria200419,-0.671902626873177
Pseudodiploria200420,0.0991051252687353
Pseudodiploria200421,0.032004235370421
Pseudodiploria200422,-0.0150050733364962
Pseudodiploria200423,0.42727070981868
Pseudodiploria200424,0.0694707502587796
Pseudodiploria200425,0.413152187800981
Pseudodiploria200427,0.166982173320663
Pseudodiploria200428,-0.377256223427783
Pseudodiploria200429,-0.81677559571728
Pseudodiploria200432,0.156370932668838
Pseudodiploria200433,0.739603799559782
Pseudodiploria200435,0.430315451201242
Pseudodiploria200439,0.0911810430898701
Pseudodiploria200440,0.0151516649300349
Pseudodiploria200441,-0.225571996159612
Pseudodiploria200442,-1.38796574242951
Pseudodiploria200443,0.308406642665216
Pseudodiploria200444,0.0190335488564157
Pseudodiploria200445,0.0656683642516253
Pseudodiploria200446,-0.0687136566320702
Pseudodiploria200447,-0.128195431865679
Pseudodiploria200448,0.0569008207211505
Pseudodiploria200449,0.32595652951176
Pseudodiploria200450,0.406773172693676
Pseudodiploria200452,-0.571789415676392
Pseudodiploria200453,0.367227031217225
Pseudodiploria200458,-0.47250805528585
Pseudodiploria200460,-0.116907832731449
Pseudodiploria200461,-0.75524669453224
Pseudodiploria200462,-0.0926518095685656
Pseudodiploria200468,0.586008122642601
Pseudodiploria200469,0.276361810663299
Pseudodiploria200470,-0.176639479580984
Pseudodiploria200471,0.0808252861953726
Pseudodiploria200473,-0.0488290544623206
Pseudodiploria200475,0.22999152449645
Pseudodiploria200476,-0.433280561751815
Pseudodiploria200478,-0.241451972395212
Pseudodiploria200479,-0.0408375862400775
Pseudodiploria200481,-0.18511636278382
Pseudodiploria200485,0.227627173054224
Pseudodiploria200486,-0.0354744502187636
Pseudodiploria200487,0.186997226522218
Pseudodiploria200488,0.153121286357311
Pseudodiploria200489,-0.13461285588104
Pseudodiploria200491,-0.175926263219059
Pseudodiploria200494,0.0617807943156043
Pseudodiploria200495,0.150286200485184
Pseudodiploria200497,0.334940515121636
Pseudodiploria200498,0.115602910674266
Pseudodiploria200499,0.179898153013051
Pseudodiploria200500,0.183188788172446
Pseudodiploria200501,0.374485236927186
Pseudodiploria200503,-0.261546438986435
Pseudodiploria200504,0.409442584791572
Pseudodiploria200506,0.00359635391873108
Pseudodiploria200507,0.359233893975564
Pseudodiploria200509,0.536170616312117
Pseudodiploria200510,0.223417203374744
Pseudodiploria200513,-0.438732361944519
Pseudodiploria200514,0.206954468101064
Pseudodiploria200518,-0.0765442790739271
Pseudodiploria200519,0.321785295654805
Pseudodiploria200520,0.559909265995091
Pseudodiploria200522,-0.508135962371959
Pseudodiploria200523,-0.00681619103508075
Pseudodiploria200524,0.177358544317948
Pseudodiploria200525,0.219573191415151
Pseudodiploria200527,-0.0585545888232953
Pseudodiploria200528,-0.108131657334709
Pseudodiploria200529,0.105702976282005
Pseudodiploria200532,0.0101000744410972
Pseudodiploria200533,0.0530690031957905
Pseudodiploria200534,-0.328940837135171
Pseudodiploria200536,-0.339478289083483
Pseudodiploria200537,0.93803342579361
Pseudodiploria200538,-0.531198717754528
Pseudodiploria200539,0.314406651098017
Pseudodiploria200540,-0.445163256588629
Pseudodiploria200543,0.39450362557316
Pseudodiploria200545,-0.0708232512234501
Pseudodiploria200546,-0.315043408214789
Pseudodiploria200547,0.0964933645237667
Pseudodiploria200549,0.23410943403622
Pseudodiploria200550,0.159721110936096
Pseudodiploria200551,0.426636574232835
Pseudodiploria200552,0.225638251423748
Pseudodiploria200555,-0.277582286507707
Pseudodiploria200556,-1.07905541986891
Pseudodiploria200557,-0.552579576722899
Pseudodiploria200560,-0.0427670196946601
Pseudodiploria200561,-0.319523264863109
Pseudodiploria200562,-0.176092860856106
Pseudodiploria200563,0.190227657949007
Pseudodiploria200565,0.0612469632967669
Pseudodiploria200567,-0.123284367358088
Pseudodiploria200568,-0.0381659962292626
Pseudodiploria200570,-0.206018901365241
Pseudodiploria200571,0.53175506509662
Pseudodiploria200572,-0.22436500165471
Pseudodiploria200573,-0.367506423256204
Pseudodiploria200576,-0.288276105555893
Pseudodiploria200577,0.162980399816995
Pseudodiploria200578,0.629774173746933
Pseudodiploria200579,-0.122484247560365
Pseudodiploria200582,0.282275861637929
Pseudodiploria200583,-0.661975683333286
Pseudodiploria200584,0.965733065120103
Pseudodiploria200586,-0.657990054997225
Pseudodiploria200587,0.30130182413059
Pseudodiploria200588,-0.244763440146802
Pseudodiploria200589,-0.17778877170677
Pseudodiploria200590,0.0487249119268085
Pseudodiploria200591,0.198988302852822
Pseudodiploria200592,-0.657422265616168
Pseudodiploria200593,0.132568726013257
Pseudodiploria200594,0.601369486255476
Pseudodiploria200595,0.41107790926817
Pseudodiploria200597,-0.543973686764709
Pseudodiploria200598,-0.117311539989704
Pseudodiploria200600,0.13317794894796
Pseudodiploria200603,0.000199624840571548
Pseudodiploria200605,0.458190522837791
Pseudodiploria200608,-0.0153373412049961
Pseudodiploria200609,-0.0653058896815703
Pseudodiploria200610,0.630783142780855
Pseudodiploria200611,0.216604227096485
Pseudodiploria200612,0.0368593289425921
Pseudodiploria200613,-0.301204347697085
Pseudodiploria200614,0.174646379235867
Pseudodiploria200615,-0.142700866302467
Pseudodiploria200618,0.690129824104312
Pseudodiploria200621,0.594532466821079
Pseudodiploria200622,-0.204518788600858
Pseudodiploria200627,-0.634838718373085
Pseudodiploria200628,-0.358452723088987
Pseudodiploria200629,-0.334071192234481
Pseudodiploria200630,-0.542506735888898
Pseudodiploria200632,0.660754885325868
Pseudodiploria200633,0.256773852455103
Pseudodiploria200634,0.387794605086991
Pseudodiploria200639,-0.165348052134609
Pseudodiploria200640,0.366760530704073
Pseudodiploria200641,-0.351151020006384
Pseudodiploria200643,0.158888325823871
Pseudodiploria200646,0.702658378659627
Pseudodiploria200647,-0.47394612248434
Pseudodiploria200648,0.0445489347395805
Pseudodiploria200649,-0.49223189696281
Pseudodiploria200652,0.153970057218374
Pseudodiploria200653,0.152524562979425
Pseudodiploria200656,-0.00127759481767245
Pseudodiploria200657,0.349223132522787
Pseudodiploria200658,0.405387675304118
Pseudodiploria200659,-0.316419538427278
Pseudodiploria200660,0.465858095058577
Pseudodiploria200661,-0.416799787485649
Pseudodiploria200662,0.431266991832722
Pseudodiploria200663,0.119864837830452
Pseudodiploria200665,0.122431966636096
Pseudodiploria200666,-0.285058303046549
Pseudodiploria200667,-0.222527170394724
Pseudodiploria200668,0.00901916085583243
Pseudodiploria200669,-0.662737326705616
Pseudodiploria200670,0.09226697396028
Pseudodiploria200671,-0.215619489846198
Pseudodiploria200673,-0.488375854618583
Pseudodiploria200675,0.748701800336547
Pseudodiploria200676,0.125735207942272
Pseudodiploria200678,-0.495382698149778
Pseudodiploria200679,-0.210644574681846
Pseudodiploria200680,-0.383537584414301
Pseudodiploria200682,-0.037649108083604
Pseudodiploria200686,1.43034410597198
Pseudodiploria200690,-0.165359475260854
Pseudodiploria200692,-0.00847981015779694
Pseudodiploria200693,0.143555389682482
Pseudodiploria200694,-0.125773881622403
Pseudodiploria200697,0.107016815216947
Pseudodiploria200699,0.241621799473822
Pseudodiploria200700,0.737921963890587
Pseudodiploria200701,1.14128709922117
Pseudodiploria200704,-0.019114385509529
Pseudodiploria200705,-0.277335042276756
Pseudodiploria200707,-0.0123008343644716
Pseudodiploria200708,-0.640489413001372
Pseudodiploria200711,-0.461554563614352
Pseudodiploria200713,0.103362630192878
Pseudodiploria200714,1.26913264713433
Pseudodiploria200716,0.327032160331573
Pseudodiploria200717,0.481237793974104
Pseudodiploria200718,-0.685730803856579
Pseudodiploria200719,0.250346623320649
Pseudodiploria200721,0.0850715891659855
Pseudodiploria200722,0.189282709517141
Pseudodiploria200723,-0.249797892599744
Pseudodiploria200724,0.105451441811044
Pseudodiploria200725,0.533817225792207
Pseudodiploria200726,0.111682105961293
Pseudodiploria200729,0.116293190082614
Pseudodiploria200730,0.243558530066785
Pseudodiploria200731,0.235305976614809
Pseudodiploria200732,-0.655449004467818
Pseudodiploria200733,-0.110059930965219
Pseudodiploria200734,0.0697326139677605
Pseudodiploria200735,0.342476576209505
Pseudodiploria200736,-0.37057083928509
Pseudodiploria200739,-0.171121113694362
Pseudodiploria200743,0.17648936834765
Pseudodiploria200744,0.204467887184587
Pseudodiploria200745,0.261117332977217
Pseudodiploria200746,0.116616731052104
Pseudodiploria200747,0.771850360030207
Pseudodiploria200752,-0.57413107754032
Pseudodiploria200754,0.0260656994088497
Pseudodiploria200755,0.157785583869572
Pseudodiploria200757,0.586078121814604
Pseudodiploria200759,-0.833522273260065
Pseudodiploria200760,1.07235572205759
Pseudodiploria200761,-0.163014848873153
Pseudodiploria200762,-0.793663861372435
Pseudodiploria200763,0.157351764540207
Pseudodiploria200764,-0.35028266961125
Pseudodiploria200765,-0.053102420908466
Pseudodiploria200770,-0.195179720399238
Pseudodiploria200771,0.53751133237173
Pseudodiploria200772,0.702988240377055
Pseudodiploria200773,0.582647666409035
Pseudodiploria200775,-0.0765167470999537
Pseudodiploria200776,-0.9194633133526
Pseudodiploria200777,0.0576917838621077
Pseudodiploria200779,0.185465383550685
Pseudodiploria200781,-0.407119248852106
Pseudodiploria200783,0.0400949960375259
Pseudodiploria200784,-0.146279506423218
Pseudodiploria200785,-0.0350750655276006
Pseudodiploria200787,-0.308160640595534
Pseudodiploria200788,0.317995546258484
Pseudodiploria200789,-0.13521937632451
Pseudodiploria200790,-0.114363173557709
Pseudodiploria200791,-0.229772724830783
Pseudodiploria200792,-0.0619833965034216
Pseudodiploria200793,0.221293950293734
Pseudodiploria200797,-0.269806789626779
Pseudodiploria200800,-0.639846110392321
Pseudodiploria200801,-0.209738811088584
Pseudodiploria200802,-0.130355092677897
Pseudodiploria200804,-0.166576651642812
Pseudodiploria200805,0.497709015428524
Pseudodiploria200806,0.272502350177555
Pseudodiploria200809,-0.148733264085277
Pseudodiploria200810,-0.281869839541562
Pseudodiploria200812,-0.223104885882682
Pseudodiploria200813,0.699327041092787
Pseudodiploria200814,0.397330582942762
Pseudodiploria200815,0.273371435025405
Pseudodiploria200816,-0.165280958534554
Pseudodiploria200817,0.207305501853039
Pseudodiploria200818,-0.0895000592339618
Pseudodiploria200820,0.310499469737715
Pseudodiploria200821,0.297343605310506
Pseudodiploria200823,0.0404896446800215
Pseudodiploria200824,-0.0565709570700568
Pseudodiploria200827,-0.273733365989416
Pseudodiploria200828,0.744709155800494
Pseudodiploria200829,-0.476476501368964
Pseudodiploria200830,-0.331082810538348
Pseudodiploria200832,0.443777561671275
Pseudodiploria200834,-0.235372342180151
Pseudodiploria200836,0.0101935179543336
Pseudodiploria200837,-0.0377166088577714
Pseudodiploria200838,0.0140332387817474
Pseudodiploria200840,-0.0892535454901215
Pseudodiploria200845,0.291381173833604
Pseudodiploria200846,-0.578954415381444
Pseudodiploria200847,-0.00531951408183559
Pseudodiploria200851,-1.01878133256401
Pseudodiploria200852,0.228090027145179
Pseudodiploria200854,0.0871656847182413
Pseudodiploria200856,0.445918250057428
Pseudodiploria200858,-0.431257143967646
Pseudodiploria200859,-0.0415455733101143
Pseudodiploria200860,-0.313233270809967
Pseudodiploria200861,0.0964983227801972
Pseudodiploria200862,0.179176934075107
Pseudodiploria200863,-0.218951139891061
Pseudodiploria200864,-0.0221355449722762
Pseudodiploria200865,-0.569737541280583
Pseudodiploria200866,-0.630366550247927
Pseudodiploria200868,0.157144720998856
Pseudodiploria200869,0.109996850278555
Pseudodiploria200870,0.0249492822961954
Pseudodiploria200871,-0.495977889563384
Pseudodiploria200872,0.0831528704523454
Pseudodiploria200873,0.384371991297135
Pseudodiploria200874,0.0121300060749471
Pseudodiploria200876,0.114379429202778
Pseudodiploria200877,-0.512075318010471
Pseudodiploria200879,-0.581970001349317
Pseudodiploria200880,0.53915495671488
Pseudodiploria200883,-0.0141248494727641
Pseudodiploria200884,-0.00981212529422259
Pseudodiploria200885,0.577552743957304
Pseudodiploria200887,0.0811072147131536
Pseudodiploria200888,0.200113441355785
Pseudodiploria200890,-0.123269618286344
Pseudodiploria200891,-0.281323388634308
Pseudodiploria200892,-0.00253385091664138
Pseudodiploria200893,-0.320871921386614
Pseudodiploria200894,0.101580115147951
Pseudodiploria200895,-0.26503676343654
Pseudodiploria200896,0.0990948690566279
Pseudodiploria200897,-0.317426975482593
Pseudodiploria200898,0.0190036209440605
Pseudodiploria200899,0.182088135898596
Pseudodiploria200900,0.259813373554392
Pseudodiploria200903,-0.0141188295402507
Pseudodiploria200904,-0.0476118236043558
Pseudodiploria200905,-0.21968351280117
Pseudodiploria200906,-0.150986988187506
Pseudodiploria200908,0.208714351279488
Pseudodiploria200910,0.0345067210645144
Pseudodiploria200911,0.52282810039377
Pseudodiploria200912,-0.341457045477801
Pseudodiploria200913,-0.251110101776488
Pseudodiploria200914,-0.0753683565102847
Pseudodiploria200915,0.775722346083521
Pseudodiploria200917,-1.51466264411903
Pseudodiploria200918,0.0573020689984957
Pseudodiploria200920,-0.0507511462681347
Pseudodiploria200921,0.217166597255145
Pseudodiploria200922,-0.187235848921857
Pseudodiploria200925,-0.145642565950537
Pseudodiploria200927,0.205602732513635
Pseudodiploria200928,0.682993479467957
Pseudodiploria200932,0.0891901109267502
Pseudodiploria200933,-0.230017303324154
Pseudodiploria200934,0.266009942070365
Pseudodiploria200936,-0.00171143564204807
Pseudodiploria200937,-0.020793207314456
Pseudodiploria200940,0.195044172636707
Pseudodiploria200942,0.290768651259719
Pseudodiploria200943,0.0644798510094436
Pseudodiploria200944,0.322134237537774
Pseudodiploria200945,-0.0376287223448112
Pseudodiploria200946,-0.0356229884359338
Pseudodiploria200948,-0.0518460107888914
Pseudodiploria200949,0.0711874083982617
Pseudodiploria200950,0.43514254067762
Pseudodiploria200954,0.133951194533101
Pseudodiploria200955,0.501679877702351
Pseudodiploria200957,0.341124444501603
Pseudodiploria200958,0.0599817155489799
Pseudodiploria200959,-0.250634235477655
Pseudodiploria200960,-0.234175889854066
Pseudodiploria200961,0.043821043291305
Pseudodiploria200963,0.0949754559776447
Pseudodiploria200964,0.729289936565856
Pseudodiploria200965,-0.246707416839186
Pseudodiploria200966,-0.404705687364694
Pseudodiploria200967,1.32835765383089
Pseudodiploria200970,0.300563690891523
Pseudodiploria200972,-0.406403732151584
Pseudodiploria200973,-0.11309451440105
Pseudodiploria200975,-0.28172921371533
Pseudodiploria200978,0.0816775072912027
Pseudodiploria200980,0.195623425154237
Pseudodiploria200981,-0.130977674376744
Pseudodiploria200982,0.0891086299438471
Pseudodiploria200985,0.0455038235566932
Pseudodiploria200986,0.394492334512195
Pseudodiploria200987,-0.225011310763004
Pseudodiploria200988,0.147041646979897
Pseudodiploria200989,0.326756762336885
Pseudodiploria200990,-1.25573432213631
Pseudodiploria200993,-0.00214957011648761
Pseudodiploria200994,0.212574893712178
Pseudodiploria200997,0.467934479282158
Pseudodiploria201000,-0.301496278613237
Pseudodiploria201002,0.080759108379332
Pseudodiploria201003,-0.325719448922391
Pseudodiploria201004,-0.390931141065277
Pseudodiploria201007,-0.294940675083344
Pseudodiploria201008,-0.0199789406859621
Pseudodiploria201009,0.0638159823226165
Pseudodiploria201013,0.226863721376602
Pseudodiploria201014,-0.327937257745554
Pseudodiploria201015,0.0531800111968141
Pseudodiploria201017,0.0387726270093999
Pseudodiploria201020,0.021666966290066
Pseudodiploria201021,0.280677911765433
Pseudodiploria201022,-0.0980478579272153
Pseudodiploria201025,0.427156151640461
Pseudodiploria201026,-0.157716599656364
Pseudodiploria201027,-0.250390058327427
Pseudodiploria201032,-0.0357487597756145
Pseudodiploria201033,0.269219207877649
Pseudodiploria201034,-0.00896142015381679
Pseudodiploria201037,0.088769063304477
Pseudodiploria201038,0.104094037107931
Pseudodiploria201042,0.0132866631042556
Pseudodiploria201043,-0.100219794370853
Pseudodiploria201044,-0.149961542367566
Pseudodiploria201045,-0.351702817286158
Pseudodiploria201046,0.487891369094804
Pseudodiploria201047,-0.44687255661419
Pseudodiploria201049,-0.132208010923085
Pseudodiploria201052,-0.120201175407727
Pseudodiploria201054,0.0718044140087901
Pseudodiploria201055,0.453251645896598
Pseudodiploria201058,-0.149450454111784
Pseudodiploria201059,0.249058020881536
Pseudodiploria201060,0.0495115845718762
Pseudodiploria201061,-0.12495954603395
Pseudodiploria201062,-0.33338283115898
Pseudodiploria201063,0.0164737199308274
Pseudodiploria201067,0.00275131332953211
Pseudodiploria201069,0.322915160530279
Pseudodiploria201072,-0.0518125537161207
Pseudodiploria201073,0.140493572137611
Pseudodiploria201077,-0.363741518377651
Pseudodiploria201079,0.0238765612652245
Pseudodiploria201080,0.191962577877199
Pseudodiploria201081,0.839966886741441
Pseudodiploria201084,-0.257359198555321
Pseudodiploria201085,-0.309434598893485
Pseudodiploria201086,-0.506218519014354
Pseudodiploria201088,0.00867952949106623
Pseudodiploria201089,0.253380004684984
Pseudodiploria201091,-0.443137873973454
Pseudodiploria201092,0.00823673403547947
Pseudodiploria201093,-0.0751978819044137
Pseudodiploria201096,0.331182628398897
Pseudodiploria201099,0.891527539326391
Pseudodiploria201101,0.180915838923348
Pseudodiploria201102,0.398836920489904
Pseudodiploria201103,0.476915554886108
Pseudodiploria201104,0.658522522942112
Pseudodiploria201105,0.0567140896855965
Pseudodiploria201107,0.183723467483748
Pseudodiploria201108,-0.118698919152945
Pseudodiploria201109,-0.40676002343835
Pseudodiploria201110,-0.492101278870624
Pseudodiploria201111,0.10848029992924
Pseudodiploria201113,-0.348744825535467
Pseudodiploria201114,0.262290163566802
Pseudodiploria201115,-0.406912474479395
Pseudodiploria201116,-0.410393652464358
Pseudodiploria201117,0.126399223951956
Pseudodiploria201118,0.309566659077605
Pseudodiploria201119,0.223486982229932
Pseudodiploria201120,0.107820380749595
Pseudodiploria201121,0.109355195198251
Pseudodiploria201122,0.0949539023830074
Pseudodiploria201123,1.81643693269187
Pseudodiploria201124,0.477348110130565
Pseudodiploria201125,-0.443985059491195
Pseudodiploria201126,0.0421083071335852
Pseudodiploria201127,0.119445278053516
Pseudodiploria201128,0.71642233305265
Pseudodiploria201131,0.0644208740733659
Pseudodiploria201132,-0.024592063077533
Pseudodiploria201134,0.166822987222968
Pseudodiploria201135,-0.664183393344393
Pseudodiploria201136,-0.259310851322547
Pseudodiploria201137,-0.029633656062344
Pseudodiploria201138,-0.00997209734832811
Pseudodiploria201140,-0.13892941427075
Pseudodiploria201141,-0.489722688725314
Pseudodiploria201142,-0.0397148640456673
Pseudodiploria201143,0.676778159073952
Pseudodiploria201144,0.097483398549611
Pseudodiploria201145,0.268971471645009
Pseudodiploria201147,0.223102838340823
Pseudodiploria201148,0.153971116960452
Pseudodiploria201149,-0.0369213231785561
Pseudodiploria201150,-0.241227126254074
Pseudodiploria201151,-0.72057178195838
Pseudodiploria201152,-0.625957200073151
Pseudodiploria201156,0.00570394101817733
Pseudodiploria201157,-0.0983411911543715
Pseudodiploria201158,0.150610145390855
Pseudodiploria201159,0.227189635269217
Pseudodiploria201160,0.0420700636390308
Pseudodiploria201161,0.789533414992125
Pseudodiploria201162,-1.04858720812147
Pseudodiploria201163,0.257852494552925
Pseudodiploria201165,0.0862526335543635
Pseudodiploria201166,0.0483303446499412
Pseudodiploria201168,-0.200376819276076
Pseudodiploria201169,-0.0677654141553803
Pseudodiploria201171,-0.257704822016802
Pseudodiploria201172,-0.311621768173335
Pseudodiploria201173,-0.248239646682214
Pseudodiploria201174,-0.0173591372526229
Pseudodiploria201175,0.140997103540806
Pseudodiploria201176,0.0439006489044116
Pseudodiploria201178,0.14685904395378
Pseudodiploria201180,-0.137188144253405
Pseudodiploria201181,0.229487436980895
Pseudodiploria201182,0.328368234068329
Pseudodiploria201183,0.0264282409496709
Pseudodiploria201184,-0.0625787290893255
Pseudodiploria201186,-0.012164419472795
Pseudodiploria201187,0.851476379729514
Pseudodiploria201188,-0.186457827831432
Pseudodiploria201190,0.126814104768953
Pseudodiploria201191,0.919570832960527
Pseudodiploria201192,0.430806467114011
Pseudodiploria201194,0.291384763710023
Pseudodiploria201195,0.067733301447394
Pseudodiploria201198,0.172990786941189
Pseudodiploria201199,-0.226497145560299
Pseudodiploria201200,0.176149958245891
Pseudodiploria201202,0.0820494004602825
Pseudodiploria201203,-0.385384813794137
Pseudodiploria201204,0.257321616571077
Pseudodiploria201205,-0.102636491674962
Pseudodiploria201206,-0.0917679535788357
Pseudodiploria201207,0.349256742115439
Pseudodiploria201208,-0.0354676301098017
Pseudodiploria201210,-0.353993330861759
Pseudodiploria201212,-0.0233980298497965
Pseudodiploria201216,-0.566171634965658
Pseudodiploria201218,0.494599027425554
Pseudodiploria201219,-0.049849520449413
Pseudodiploria201220,0.632812233388492
Pseudodiploria201221,0.133326286657564
Pseudodiploria201225,0.0605721869990948
Pseudodiploria201226,-0.470788657612374
Pseudodiploria201229,0.124282404933908
Pseudodiploria201230,0.0199581088115745
Pseudodiploria201231,-0.434326883881627
Pseudodiploria201232,0.15692646864601
Pseudodiploria201233,-0.492105563899091
Pseudodiploria201234,0.230147933472716
Pseudodiploria201235,-0.253033873253566
Pseudodiploria201236,0.22512676685131
Pseudodiploria201237,0.104880870397748
Pseudodiploria201238,0.0441614295174953
Pseudodiploria201240,0.652914542339671
Pseudodiploria201241,-0.150747891904374
Pseudodiploria201242,-0.0434282634870453
Pseudodiploria201243,0.154068133254834
Pseudodiploria201244,0.557098290516945
Pseudodiploria201245,-0.109963316658034
Pseudodiploria201249,-0.179035977694347
Pseudodiploria201250,-0.00270362336405801
Pseudodiploria201252,-0.121341552489489
Pseudodiploria201254,-0.292935348153448
Pseudodiploria201255,0.149587229576674
Pseudodiploria201256,0.137862621919011
Pseudodiploria201257,-0.038455110957727
Pseudodiploria201258,0.715432798562868
Pseudodiploria201260,-0.0396500160180689
Pseudodiploria201261,0.72663216503277
Pseudodiploria201262,-0.0404247827753358
Pseudodiploria201263,-0.0208585383954493
Pseudodiploria201264,-0.959633826728656
Pseudodiploria201265,0.174536551901125
Pseudodiploria201272,0.19316903449026
Pseudodiploria201274,0.699056868183966
Pseudodiploria201276,0.0368603794976183
Pseudodiploria201277,0.0452389247058794
Pseudodiploria201279,0.135394612084992
Pseudodiploria201282,0.310788664467324
Pseudodiploria201283,-0.0994584047855372
Pseudodiploria201284,0.0131539769827659
Pseudodiploria201287,0.416063548108389
Pseudodiploria201289,0.158370159926533
Pseudodiploria201295,0.217101458424991
Pseudodiploria201296,0.344898573304007
Pseudodiploria201297,0.12948052386923
Pseudodiploria201298,0.384657748945775
Pseudodiploria201299,0.240262056352063
Pseudodiploria201300,0.14489470069937
Pseudodiploria201301,-0.125798181301961
Pseudodiploria201303,-0.0884788126092294
Pseudodiploria201304,0.240246774434742
Pseudodiploria201305,-0.351592109268403
Pseudodiploria201306,0.0586790128078501
Pseudodiploria201308,0.383813287932058
Pseudodiploria201310,0.191569305064923
Pseudodiploria201311,0.0413566886549579
Pseudodiploria201313,-0.140828892208953
Pseudodiploria201314,0.0248870959189607
Pseudodiploria201316,0.298792388854251
Pseudodiploria201317,-0.426154568995363
Pseudodiploria201318,-0.215756378101535
Pseudodiploria201319,-0.541862786891605
Pseudodiploria201320,0.550112568782645
Pseudodiploria201321,0.0711116404846645
Pseudodiploria201324,0.00891620242727083
Pseudodiploria201326,-0.178423187648329
Pseudodiploria201328,0.0047169101120752
Pseudodiploria201329,0.000461905675735294
Pseudodiploria201330,0.0722720939258628
Pseudodiploria201334,0.170770231677227
Pseudodiploria201339,0.760343565716774
Pseudodiploria201341,-0.792135963112386
Pseudodiploria201342,-0.137086886206321
Pseudodiploria201343,0.28711959031948
Pseudodiploria201344,-0.0842656115084233
Pseudodiploria201347,-0.184594673636693
Pseudodiploria201348,0.298179750708501
Pseudodiploria201349,0.221049209011485
Pseudodiploria201351,-0.269841945991441
Pseudodiploria201352,0.106604300990287
Pseudodiploria201355,-0.4146002127809
Pseudodiploria201357,0.0309379865953308
Pseudodiploria201360,0.0324698547171097
Pseudodiploria201362,0.402003069012984
Pseudodiploria201363,0.416674570886002
Pseudodiploria201364,-0.249568239616664
Pseudodiploria201365,0.347773086299061
Pseudodiploria201366,-0.619409938430879
Pseudodiploria201367,0.128358911597635
Pseudodiploria201368,-0.206411266691461
Pseudodiploria201369,0.353895344824737
Pseudodiploria201370,-0.982754077889341
Pseudodiploria201371,0.235872689162606
Pseudodiploria201373,-0.245568762704473
Pseudodiploria201374,-0.148342424490312
Pseudodiploria201375,0.213798178531763
Pseudodiploria201377,0.0538530417419743
Pseudodiploria201379,0.30979151820053
Pseudodiploria201380,-0.0920526290705809
Pseudodiploria201381,0.186523989778241
Pseudodiploria201382,-0.748113196412053
Pseudodiploria201383,-0.521532538882008
Pseudodiploria201384,-0.905157718851475
Pseudodiploria201386,-0.554071991035595
Pseudodiploria201387,-0.036208238194217
Pseudodiploria201388,-0.162541927337093
Pseudodiploria201390,0.67830459710376
Pseudodiploria201395,-0.0116066958238269
Pseudodiploria201399,-0.00692288955137625
Pseudodiploria201400,0.115127311072514
Pseudodiploria201403,0.553544857010783
Pseudodiploria201406,-0.304052964149466
Pseudodiploria201407,-0.267874063464277
Pseudodiploria201409,0.227775334780905
Pseudodiploria201410,-0.241767521607144
Pseudodiploria201411,0.106819178936488
Pseudodiploria201412,0.0400716182907813
Pseudodiploria201413,0.563937871516371
Pseudodiploria201414,-0.301106417064137
Pseudodiploria201417,0.439412656298337
Pseudodiploria201419,0.174916956101231
Pseudodiploria201420,-0.351786311565348
Pseudodiploria201421,0.100136774238972
Pseudodiploria201422,-0.0316376660834674
Pseudodiploria201423,-0.912379058729796
Pseudodiploria201424,0.0157023078148013
Pseudodiploria201425,0.231681633543723
Pseudodiploria201427,-0.0264552862818792
Pseudodiploria201429,0.049203041513062
Pseudodiploria201432,-0.385026604330837
Pseudodiploria201433,0.481680192715162
Pseudodiploria201434,0.409429728592317
Pseudodiploria201435,0.499711160086323
Pseudodiploria201436,0.418013367331489
Pseudodiploria201437,0.262792142764899
Pseudodiploria201440,0.08201057313394
Pseudodiploria201441,0.218027662307383
Pseudodiploria201442,-0.1280998531792
Pseudodiploria201443,-0.0946278292660167
Pseudodiploria201444,0.197365433823323
Pseudodiploria201448,0.23083693923983
Pseudodiploria201449,-0.320790225348345
Pseudodiploria201450,-0.332850118714606
Pseudodiploria201451,0.466408696227335
Pseudodiploria201453,-0.127677983417706
Pseudodiploria201454,-0.0552213622981306
Pseudodiploria201455,0.172597771003654
Pseudodiploria201456,1.14696589944897
Pseudodiploria201457,0.129645978539205
Pseudodiploria201458,-0.374742201310454
Pseudodiploria201459,-0.377752400445916
Pseudodiploria201462,0.0455898413530437
Pseudodiploria201463,0.071522267562844
Pseudodiploria201464,0.156750840934712
Pseudodiploria201466,-0.0261676676346216
Pseudodiploria201470,-0.15200886463891
Pseudodiploria201472,-0.0369020681019269
Pseudodiploria201473,0.359592513952953
Pseudodiploria201474,0.436928066767496
Pseudodiploria201475,0.0744931186757615
Pseudodiploria201477,0.085830669228093
Pseudodiploria201479,-0.48114937212905
Pseudodiploria201480,-0.366918852731277
Pseudodiploria201483,0.0493630600183985
Pseudodiploria201484,-0.181401763945821
Pseudodiploria201485,0.100148718097493
Pseudodiploria201487,0.0656447183730467
Pseudodiploria201488,0.21276626268675
Pseudodiploria201492,0.0629471026595792
Pseudodiploria201494,0.485039607574203
Pseudodiploria201495,0.47454373471272
Pseudodiploria201500,-0.066344666685245
Pseudodiploria201501,0.310828079444654
Pseudodiploria201502,-0.223887921305218
Pseudodiploria201503,-0.117504849608861
Pseudodiploria201504,0.337133007301789
Pseudodiploria201505,0.37311220345845
Pseudodiploria201506,-0.0618879676448718
Pseudodiploria201507,0.432603076522375
Pseudodiploria201508,0.555782286052831
Pseudodiploria201509,0.0443769325137248
Pseudodiploria201513,-0.0560115755441869
Pseudodiploria201514,-0.643360060971095
Pseudodiploria201515,-0.0389902705855368
Pseudodiploria201520,0.239662526216509
Pseudodiploria201521,-0.135010863071392
Pseudodiploria201522,-0.270005520625476
Pseudodiploria201523,0.471033232524954
Pseudodiploria201524,-0.305512544905051
Pseudodiploria201525,0.0376998511180589
Pseudodiploria201526,0.48870564600045
Pseudodiploria201527,0.33685163230847
Pseudodiploria201529,0.512413165030151
Pseudodiploria201530,-0.017273538682333
Pseudodiploria201532,0.172534370978301
Pseudodiploria201533,0.120261036753769
Pseudodiploria201534,-0.0677199938652672
Pseudodiploria201536,0.433184225932661
Pseudodiploria201539,0.731955850191605
Pseudodiploria201540,0.177353679129676
Pseudodiploria201542,0.207347962944112
Pseudodiploria201543,0.0661783813446391
Pseudodiploria201544,-0.134799722310991
Pseudodiploria201545,0.417395696339938
Pseudodiploria201547,-0.0996468434334812
Pseudodiploria201548,-0.325139784091262
Pseudodiploria201549,0.390856324508706
Pseudodiploria201551,0.125340414274126
Pseudodiploria201552,0.35057243185742
Pseudodiploria201553,0.236362264272706
Pseudodiploria201554,-0.084144839143437
Pseudodiploria201555,-0.208245389106561
Pseudodiploria201556,-0.0694480556318254
Pseudodiploria201558,-0.312525731757271
Pseudodiploria201559,0.375829142970941
Pseudodiploria201560,0.544494691202432
Pseudodiploria201562,-0.0963313043385438
Pseudodiploria201564,-0.00667305397637804
Pseudodiploria201565,-0.634663346608729
Pseudodiploria201566,-0.254799217730385
Pseudodiploria201567,-0.283473618685048
Pseudodiploria201569,0.174258540071545
Pseudodiploria201570,-0.657936664146538
Pseudodiploria201571,-0.175072487226712
Pseudodiploria201575,-0.177320121775284
Pseudodiploria201576,-0.336371220964267
Pseudodiploria201578,-0.371338090891083
Pseudodiploria201580,-0.0805268381326955
Pseudodiploria201581,0.171275752493556
Pseudodiploria201582,0.167095633056653
Pseudodiploria201583,0.181922708273787
Pseudodiploria201585,-0.143609781695854
Pseudodiploria201586,0.150341108656951
Pseudodiploria201587,0.201722561425649
Pseudodiploria201588,0.442450052100026
Pseudodiploria201589,0.0679458137929771
Pseudodiploria201590,-0.829730953782098
Pseudodiploria201591,0.0682157375262209
Pseudodiploria201592,-0.0403387943857262
Pseudodiploria201593,-0.263998038296584
Pseudodiploria201594,0.455884851045925
Pseudodiploria201596,0.410000556918125
Pseudodiploria201598,-0.0796431594263402
Pseudodiploria201599,-0.567487719282731
Pseudodiploria201602,-0.785375956023851
Pseudodiploria201605,0.499345409309785
Pseudodiploria201607,0.121166990321832
Pseudodiploria201612,-0.246119710537504
Pseudodiploria201613,0.14979987742818
Pseudodiploria201614,0.451365466212208
Pseudodiploria201616,-0.108884316848371
Pseudodiploria201619,0.0882280135824032
Pseudodiploria201623,-0.254309592719752
Pseudodiploria201624,0.0487076797255177
Pseudodiploria201625,0.487454228809263
Pseudodiploria201626,0.121039065193092
Pseudodiploria201628,0.0395094097433767
Pseudodiploria201629,-0.127353473783888
Pseudodiploria201630,0.661053268787071
Pseudodiploria201631,-0.211083221172271
Pseudodiploria201632,-0.328841367577103
Pseudodiploria201635,-0.51106661237638
Pseudodiploria201636,-0.628954665596896
Pseudodiploria201639,0.0835652497192518
Pseudodiploria201640,0.286489734192539
Pseudodiploria201641,0.0452090767854742
Pseudodiploria201642,-0.259903442835441
Pseudodiploria201643,-0.377200756951389
Pseudodiploria201644,0.222256552775773
Pseudodiploria201648,-0.123811646109416
Pseudodiploria201649,-0.145532676350906
Pseudodiploria201650,0.202992240406834
Pseudodiploria201652,-0.0445865848766094
Pseudodiploria201654,-0.231929455515181
Pseudodiploria201655,0.0957007342340326
Pseudodiploria201658,0.0628781919413028
Pseudodiploria201659,-0.176146126014082
Pseudodiploria20166,0.440642472068235
Pseudodiploria201660,0.127569908923644
Pseudodiploria201662,-0.565449599840402
Pseudodiploria201663,0.657009981920128
Pseudodiploria201664,-0.186734689008368
Pseudodiploria201665,0.443315259550113
Pseudodiploria201666,-0.214366344430438
Pseudodiploria201667,-0.392546034034644
Pseudodiploria201668,-0.401130715191625
Pseudodiploria201670,-0.143786903238648
Pseudodiploria201673,0.181263295818476
Pseudodiploria201674,-0.0542424154456441
Pseudodiploria201675,0.138445180897767
Pseudodiploria201676,-0.014702962434701
Pseudodiploria201677,0.255892302179607
Pseudodiploria201678,0.0944684049571822
Pseudodiploria201679,-0.453535778739193
Pseudodiploria201680,0.100082275036636
Pseudodiploria201681,-0.156913196312088
Pseudodiploria201682,0.357296366399517
Pseudodiploria201684,-0.0622847573737256
Pseudodiploria201685,0.166188114412617
Pseudodiploria201686,0.14000262591748
Pseudodiploria201688,-0.0835682119783001
Pseudodiploria201690,0.119114107866873
Pseudodiploria201691,0.122162909949032
Pseudodiploria201692,-0.0370432610980595
Pseudodiploria201693,-0.298145319856999
Pseudodiploria201694,-0.262857355965946
Pseudodiploria201695,-0.607561540150197
Pseudodiploria201696,0.601387141127511
Pseudodiploria201698,-0.0999855280325428
Pseudodiploria201699,0.7415736573255
Pseudodiploria201700,0.136618631553479
Pseudodiploria201701,0.0628449159007505
Pseudodiploria201703,0.200440811063717
Pseudodiploria201705,0.151189036660074
Pseudodiploria201706,0.129773017991473
Pseudodiploria201707,0.238485052788203
Pseudodiploria201708,-0.834884004452467
Pseudodiploria201709,-0.173237464338026
Pseudodiploria201710,0.0697818837901781
Pseudodiploria201711,-0.229166979466924
Pseudodiploria201712,-0.871058518813891
Pseudodiploria201713,-0.110177945957152
Pseudodiploria201714,-0.208449036777258
Pseudodiploria201715,0.389866313854889
Pseudodiploria201716,0.0619994031000371
Pseudodiploria201719,-0.354111583558341
Pseudodiploria201722,0.267694894492022
Pseudodiploria201723,-0.085656537723243
Pseudodiploria201724,-0.13796263008226
Pseudodiploria201726,0.710616784683397
Pseudodiploria201727,-0.0377936833232159
Pseudodiploria201728,-0.0444384806259996
Pseudodiploria201729,-0.392284590013661
Pseudodiploria201730,0.185780231546126
Pseudodiploria201731,0.25215311385814
Pseudodiploria201732,-0.177412022089585
Pseudodiploria201735,-0.119639194894431
Pseudodiploria201736,-0.149821923297993
Pseudodiploria201739,0.84879144483073
Pseudodiploria201740,0.101922532516544
Pseudodiploria201742,-0.140944208098583
Pseudodiploria201745,0.487899321363808
Pseudodiploria201746,-0.140969606367145
Pseudodiploria201747,-0.805716454991367
Pseudodiploria201748,-0.779121430208472
Pseudodiploria201749,-0.0828389172498457
Pseudodiploria201750,-0.138897924407273
Pseudodiploria201752,-0.257659033810982
Pseudodiploria201753,0.104224858148644
Pseudodiploria201754,0.154894122942767
Pseudodiploria201757,-0.575824061763055
Pseudodiploria201758,0.240950677267022
Pseudodiploria201759,-0.0830600796344866
Pseudodiploria201760,0.0421975199992437
Pseudodiploria201763,-0.0228082834013767
Pseudodiploria201764,-1.25841102289032
Pseudodiploria201766,-0.243496910501831
Pseudodiploria201768,-0.0336705357630495
Pseudodiploria201770,0.190420612402396
Pseudodiploria201771,0.328890983813336
Pseudodiploria201772,-0.432893219375781
Pseudodiploria201773,-0.273760667259002
Pseudodiploria201775,0.660845913853078
Pseudodiploria201776,0.258768623273249
Pseudodiploria201780,0.514544076950475
Pseudodiploria201782,-0.237613411025656
Pseudodiploria201784,0.213513014356372
Pseudodiploria201786,-0.150981806429685
Pseudodiploria201789,0.0779337878666997
Pseudodiploria201790,0.0984988269442813
Pseudodiploria201791,-0.0420755302237705
Pseudodiploria201793,0.658023265454848
Pseudodiploria201795,-0.138513324947961
Pseudodiploria201796,-0.0845511995211096
Pseudodiploria201799,-0.884307364780161
Pseudodiploria201802,0.138274108832477
Pseudodiploria201805,-0.0619100542305547
Pseudodiploria201806,-0.0878345489333125
Pseudodiploria201807,0.0337754577265935
Pseudodiploria201808,0.025190833817992
Pseudodiploria201809,-0.559699064463872
Pseudodiploria201810,-0.193070136491463
Pseudodiploria201811,-0.707713074125172
Pseudodiploria201812,0.0264457662483345
Pseudodiploria201813,0.0783864371330606
Pseudodiploria201814,-0.169047107865545
Pseudodiploria201815,0.195921699133553
Pseudodiploria201816,0.292102470162352
Pseudodiploria201818,-0.332453554470138
Pseudodiploria201820,0.241807291842324
Pseudodiploria201821,-0.33803625001588
Pseudodiploria201822,-0.291500486493642
Pseudodiploria201823,-0.198227197119431
Pseudodiploria201825,-0.66689058498021
Pseudodiploria201826,-0.0959387848521497
Pseudodiploria201829,0.120287390090044
Pseudodiploria201830,0.461251289383914
Pseudodiploria201831,0.497550047737947
Pseudodiploria201832,1.56942059077074
Pseudodiploria201835,-0.637127886766988
Pseudodiploria201837,0.339561150480423
Pseudodiploria201838,0.990390978786918
Pseudodiploria201840,-0.258621425264282
Pseudodiploria201842,0.174955249675125
Pseudodiploria201843,0.289673663029484
Pseudodiploria201846,0.111377256334297
Pseudodiploria201848,0.448036576886776
Pseudodiploria201849,0.24079316063539
Pseudodiploria201851,-0.662483477101519
Pseudodiploria201853,0.109365579616787
Pseudodiploria201854,-0.586834331000087
Pseudodiploria201858,-0.479393742752869
Pseudodiploria201859,-0.147267252075912
Pseudodiploria201860,-0.45858946153257
Pseudodiploria201861,0.0392395388599691
Pseudodiploria201862,0.00436261867575773
Pseudodiploria201864,0.0023678266956407
Pseudodiploria201865,-0.187151775594533
Pseudodiploria201868,-0.0480002238692778
Pseudodiploria201871,0.561040020528711
Pseudodiploria201872,-0.876891630160258
Pseudodiploria201873,0.01101764296962
Pseudodiploria201875,0.245936433934899
Pseudodiploria201876,-0.284925127052054
Pseudodiploria201878,-0.195241838662312
Pseudodiploria201880,0.0121936941788041
Pseudodiploria201882,-0.486148733813954
Pseudodiploria201886,-0.0986833074977453
Pseudodiploria201888,-0.176921150123697
Pseudodiploria201889,-0.238727003590157
Pseudodiploria201891,-0.0592619203401342
Pseudodiploria201892,0.101139222950978
Pseudodiploria201893,-0.0123440357584889
Pseudodiploria201894,-0.0800781087011706
Pseudodiploria201895,-0.0122851603290663
Pseudodiploria201896,-0.140294460907166
Pseudodiploria201898,0.567746407502546
Pseudodiploria201900,0.449669753428025
Pseudodiploria201901,0.607731270340388
Pseudodiploria201906,-0.00789101491291335
Pseudodiploria201908,0.108508552699504
Pseudodiploria201909,-0.663435729116391
Pseudodiploria201912,0.00800786619301602
Pseudodiploria201913,-0.0810347981610057
Pseudodiploria201915,-0.107189180908558
Pseudodiploria201916,-0.0893715073147536
Pseudodiploria201917,0.606141558888039
Pseudodiploria201918,0.0187219389078337
Pseudodiploria201919,-0.138398076211384
Pseudodiploria201920,0.156272780805954
Pseudodiploria201922,0.581442909774062
Pseudodiploria201923,0.00991840135161741
Pseudodiploria201924,-0.143132669948135
Pseudodiploria201926,0.0918565388619672
Pseudodiploria201927,0.232798752799039
Pseudodiploria201928,0.0345577509559208
Pseudodiploria201929,0.732837840293458
Pseudodiploria201930,-0.0797739768261919
Pseudodiploria201933,1.03804797846413
Pseudodiploria201934,0.074454939755647
Pseudodiploria201936,-0.0538279020376354
Pseudodiploria201939,0.166350459713942
Pseudodiploria201942,0.215732182021113
Pseudodiploria201943,-0.028161790818888
Pseudodiploria201944,0.100189266389208
Pseudodiploria201945,0.0486159508777266
Pseudodiploria201946,-0.14613903649973
Pseudodiploria201948,0.838776167642721
Pseudodiploria201950,-0.0385551557537563
Pseudodiploria201951,0.206523458402951
Pseudodiploria201953,0.192994549202052
Pseudodiploria201955,-0.637308201062629
Pseudodiploria201956,-0.0143593480316808
Pseudodiploria201957,0.124029906514031
Pseudodiploria201960,0.740567039716324
Pseudodiploria201961,-0.102502992305639
Pseudodiploria201964,-0.0810256038495086
Pseudodiploria201966,-0.437315663173528
Pseudodiploria201968,-0.44014363036434
Pseudodiploria201969,0.207352060359052
Pseudodiploria201970,-0.0742775717249872
Pseudodiploria201971,0.165279927347889
Pseudodiploria201972,-0.248842904642204
Pseudodiploria201973,0.910816181826499
Pseudodiploria201974,-0.101454754780274
Pseudodiploria201975,-0.180293459517613
Pseudodiploria201976,-0.3804114500095
Pseudodiploria201977,-0.0148915505322851
Pseudodiploria201979,-0.367957175912136
Pseudodiploria201980,-0.250359981350668
Pseudodiploria201981,0.309702232416915
Pseudodiploria201982,0.559379506706805
Pseudodiploria201983,-0.0161292337701039
Pseudodiploria201984,0.325025107770325
Pseudodiploria201987,0.663177473262281
Pseudodiploria201988,-0.0525992402589564
Pseudodiploria201989,-0.57893456058123
Pseudodiploria201992,-0.0040060723939025
Pseudodiploria201993,0.00634716917472345
Pseudodiploria201995,-1.59364950998398
Pseudodiploria201996,-0.107025456965445
Pseudodiploria201997,-0.213264966073046
Pseudodiploria201998,-0.0628750448150309
Pseudodiploria201999,-0.000900431274781452
Pseudodiploria202000,0.309880938458615
Pseudodiploria202003,-0.331567723168021
Pseudodiploria202005,-0.102245437398825
Pseudodiploria202006,0.104911384399699
Pseudodiploria202008,-0.231136020109368
Pseudodiploria202010,0.974938726475916
Pseudodiploria202012,0.172092724919658
Pseudodiploria202013,-0.0640736793183331
Pseudodiploria202014,-0.0332860763906442
Pseudodiploria202021,0.17235600284815
Pseudodiploria202022,0.346342598361212
Pseudodiploria202024,-0.258857415384032
Pseudodiploria202025,-0.143890261145679
Pseudodiploria202029,-0.167753254803969
Pseudodiploria202030,0.256210476054295
Pseudodiploria202031,-0.408841329016671
Pseudodiploria202033,0.105511531926942
Pseudodiploria202034,0.14465105082326
Pseudodiploria202037,0.174221635393313
Pseudodiploria202039,-0.0262009933470891
Pseudodiploria202040,-0.0470190079102854
Pseudodiploria202041,0.0328871296694152
Pseudodiploria202045,-0.0234160390495894
Pseudodiploria202047,-0.0122772894951056
Pseudodiploria202051,0.0117065912494578
Pseudodiploria202052,0.0153385864896129
Pseudodiploria202053,-0.24660654571543
Pseudodiploria202054,-0.0125732024019024
Pseudodiploria202056,0.26454123063259
Pseudodiploria202057,0.311693299932768
Pseudodiploria202059,-0.053708131969618
Pseudodiploria202060,0.161087591207554
Pseudodiploria202061,0.288558346660619
Pseudodiploria202062,-0.409449759423712
Pseudodiploria202063,0.223351302218168
Pseudodiploria202064,-0.343522153959428
Pseudodiploria202065,0.142029924261673
Pseudodiploria202068,0.462997105034784
Pseudodiploria202069,0.976451907134401
Pseudodiploria202070,0.272655049111947
Pseudodiploria202072,0.460017573591509
Pseudodiploria202073,0.753932541705489
Pseudodiploria202074,-0.436182534291442
Pseudodiploria202077,0.0342786564922958
Pseudodiploria202078,0.252819572136854
Pseudodiploria202080,0.165170590858621
Pseudodiploria202083,-0.112804673529025
Pseudodiploria202084,0.207506744875809
Pseudodiploria202085,0.536243527663777
Pseudodiploria202086,-0.233765639505664
Pseudodiploria202087,0.22657097443925
Pseudodiploria202088,0.263564291785938
Pseudodiploria202091,0.179370473498327
Pseudodiploria202092,-0.076204146973122
Pseudodiploria202093,0.386240162873782
Pseudodiploria202095,-0.458345672629444
Pseudodiploria202098,1.11550111012427
Pseudodiploria202099,0.286789433658549
Pseudodiploria202100,0.299329409251075
Pseudodiploria202101,0.231221837929956
Pseudodiploria202105,-0.00931733749128525
Pseudodiploria202106,0.200694140614945
Pseudodiploria202108,0.098341958750046
Pseudodiploria202109,0.268470644821785
Pseudodiploria202111,0.106123424572684
Pseudodiploria202113,-0.171399450556026
Pseudodiploria202115,-0.240813094761767
Pseudodiploria202116,0.157343867957537
Pseudodiploria202117,0.0841302291124296
Pseudodiploria202118,-0.092948347566466
Pseudodiploria202121,-0.107757016365548
Pseudodiploria202124,0.164322440630886
Pseudodiploria202125,0.851431574354546
Pseudodiploria202126,-1.08771695486886
Pseudodiploria202128,-0.237878160712202
Pseudodiploria202129,0.143643472567953
Pseudodiploria202130,0.579266624002651
Pseudodiploria202133,-0.384125368568551
Pseudodiploria202135,0.0857079398205974
Pseudodiploria202137,0.216781869079096
Pseudodiploria202138,0.27017844741564
Pseudodiploria202139,0.118633726798377
Pseudodiploria202140,0.384506211241321
Pseudodiploria202142,0.747898342242235
Pseudodiploria202143,-0.289895186876141
Pseudodiploria202144,-0.0713543848167946
Pseudodiploria202146,0.568771279743024
Pseudodiploria202147,0.825526354843757
Pseudodiploria202148,0.204465116236228
Pseudodiploria202149,-0.195241228258242
Pseudodiploria202150,-0.57148610232591
Pseudodiploria202151,0.200581091940288
Pseudodiploria202152,0.107154103980003
Pseudodiploria202153,0.758785606551862
Pseudodiploria202154,-0.0475943809398374
Pseudodiploria202155,0.254851462332822
Pseudodiploria202156,-0.495996911949127
Pseudodiploria202159,0.265619968224016
Pseudodiploria202160,-0.195432975869047
Pseudodiploria202162,-0.08321984122936
Pseudodiploria202163,0.719067681830332
Pseudodiploria202164,-0.0426829334962886
Pseudodiploria202166,-0.344373752061426
Pseudodiploria202168,-0.260917567137402
Pseudodiploria202169,-0.476726870958074
Pseudodiploria202171,0.147767484764305
Pseudodiploria202173,-0.195616354388552
Pseudodiploria202176,-0.355184369591104
Pseudodiploria202177,0.184321177988294
Pseudodiploria202180,0.151812694914351
Pseudodiploria202182,0.035175521697747
Pseudodiploria202183,-0.224799950132672
Pseudodiploria202185,0.482507690860243
Pseudodiploria202186,0.182972903642993
Pseudodiploria202187,0.0105373212225151
Pseudodiploria202188,-0.00744125163991498
Pseudodiploria202189,0.206700933480236
Pseudodiploria202190,-0.00708271565848542
Pseudodiploria202191,-0.0170208489595095
Pseudodiploria202192,-0.456676880612649
Pseudodiploria202193,0.330260721198831
Pseudodiploria202194,-0.272255343937806
Pseudodiploria202195,0.193073802711435
Pseudodiploria202196,-0.0947414739449417
Pseudodiploria202197,0.110202879232766
Pseudodiploria202198,-0.100432668048563
Pseudodiploria202200,0.158062152971275
Pseudodiploria202201,-0.275702162899328
Pseudodiploria202202,-0.0339345848340052
Pseudodiploria202203,0.249495291617415
Pseudodiploria202204,0.381367519952696
Pseudodiploria202206,-0.0625990979299894
Pseudodiploria202207,-0.24888153427548
Pseudodiploria202208,-0.0479847543517945
Pseudodiploria202209,0.427527276694156
Pseudodiploria202211,-0.149410057979247
Pseudodiploria202212,0.163657449524399
Pseudodiploria202213,-0.503020743080033
Pseudodiploria202214,-0.0956961725774598
Pseudodiploria202215,-0.360734913922244
Pseudodiploria202216,-0.284457808906672
Pseudodiploria202218,-0.349054982513152
Pseudodiploria202219,-0.176012167550043
Pseudodiploria202220,0.105472933760086
Pseudodiploria202221,-0.0441440502737375
Pseudodiploria202222,-0.181809689307122
Pseudodiploria202223,-0.558671150375656
Pseudodiploria202224,-0.00377690723860329
Pseudodiploria202225,0.236266148980665
Pseudodiploria202226,-0.292406446502793
Pseudodiploria202227,0.0685177400223806
Pseudodiploria202228,0.334095474093257
Pseudodiploria202230,-0.10161979927047
Pseudodiploria202231,0.119457813479486
Pseudodiploria202232,0.184541440601434
Pseudodiploria202233,-0.122424993707402
Pseudodiploria202234,-0.0646098408817398
Pseudodiploria202235,-0.0753343528024108
Pseudodiploria202236,-0.191429967020196
Pseudodiploria202237,0.201231190470601
Pseudodiploria202238,0.0250075496122217
Pseudodiploria202239,-0.516086633649905
Pseudodiploria202240,0.350353702137646
Pseudodiploria202241,-0.106066782992507
Pseudodiploria202242,-0.0368428708974389
Pseudodiploria202243,-0.308990387551023
Pseudodiploria202244,-0.190551803499023
Pseudodiploria202245,-0.129298385834674
Pseudodiploria202246,0.186490772869144
Pseudodiploria202248,0.314753856920737
Pseudodiploria202249,0.0186852737286417
Pseudodiploria202250,0.256887118011187
Pseudodiploria202252,-0.576962683614132
Pseudodiploria202253,-0.0698634507634134
Pseudodiploria202255,-0.131708518640449
Pseudodiploria202256,0.0710907920603542
Pseudodiploria202257,0.230467942130731
Pseudodiploria202263,1.17579627255566
Pseudodiploria202264,-0.659992381583056
Pseudodiploria202266,0.226839357710997
Pseudodiploria202268,-0.171013392862758
Pseudodiploria202269,0.219392244386131
Pseudodiploria202271,0.104433060796721
Pseudodiploria202272,-0.636144142165487
Pseudodiploria202273,0.876796501249245
Pseudodiploria202274,0.102186954699726
Pseudodiploria202277,0.443274503641402
Pseudodiploria202278,0.00221657263464563
Pseudodiploria202279,-0.439645296900325
Pseudodiploria202280,-0.179347238811684
Pseudodiploria202281,-0.460011710371559
Pseudodiploria202282,-0.433480358364057
Pseudodiploria202284,-0.242042158694789
Pseudodiploria202285,0.291387324485746
Pseudodiploria202286,0.139726071884989
Pseudodiploria202287,0.147066677938431
Pseudodiploria202288,-0.0728736628436615
Pseudodiploria202289,0.133042724937959
Pseudodiploria202290,-0.0738929034048833
Pseudodiploria202291,0.169332204791728
Pseudodiploria202292,0.321600908466855
Pseudodiploria202293,0.0041372486256242
Pseudodiploria202295,0.15647532548465
Pseudodiploria202296,0.303592723829671
Pseudodiploria202298,-0.0238186055699695
Pseudodiploria202299,-0.590649136069478
Pseudodiploria202300,0.051022830767467
Pseudodiploria202302,0.198742296801674
Pseudodiploria202303,-0.201735810658069
Pseudodiploria202304,0.106771466696945
Pseudodiploria202307,-0.0207447670561107
Pseudodiploria202308,0.256017745102194
Pseudodiploria202309,0.127708200760468
Pseudodiploria202310,0.318260287620037
Pseudodiploria202311,-0.258853991423757
Pseudodiploria202313,0.818163899430933
Pseudodiploria202314,0.340179411024719
Pseudodiploria202319,-0.463322847169825
Pseudodiploria202320,0.0432278297157207
Pseudodiploria202322,-0.839662435275883
Pseudodiploria202323,-0.0572346434560922
Pseudodiploria202324,-0.186275369946915
Pseudodiploria202326,0.160100117458861
Pseudodiploria202328,0.480155737321676
Pseudodiploria202329,0.10372172575026
Pseudodiploria202331,0.402082305367121
Pseudodiploria202332,-0.0179268870170878
Pseudodiploria202333,-0.4343499301987
Pseudodiploria202334,-0.859835515718439
Pseudodiploria202335,-0.021326724691794
Pseudodiploria202336,0.0979997023544753
Pseudodiploria202338,0.308453376718028
Pseudodiploria202339,-0.534131705249975
Pseudodiploria202340,-0.746211670652981
Pseudodiploria202342,0.0366204964803582
Pseudodiploria202343,0.591201874558314
Pseudodiploria202345,0.275638629993474
Pseudodiploria202346,-0.261915516319525
Pseudodiploria202347,0.465990492935627
Pseudodiploria202348,-0.359564804669313
Pseudodiploria202349,-0.321169838239546
Pseudodiploria202350,0.292674942562516
Pseudodiploria202351,-0.0105295005227427
Pseudodiploria202354,-0.0393805065914826
Pseudodiploria202355,0.428076263234472
Pseudodiploria202359,0.222382471275563
Pseudodiploria202360,-0.575228199913825
Pseudodiploria202363,0.710935738292418
Pseudodiploria202364,0.216647931897498
Pseudodiploria202367,0.0819103805826581
Pseudodiploria202368,-0.515292883192317
Pseudodiploria202369,-0.380359806314828
Pseudodiploria202372,0.162605906126236
Pseudodiploria202373,0.0937900123708801
Pseudodiploria202374,-0.0197737995976685
Pseudodiploria202375,-0.102633095212366
Pseudodiploria202376,0.189509923270568
Pseudodiploria202377,0.351326210429219
Pseudodiploria202378,0.414174488220586
Pseudodiploria202379,0.171501631320098
Pseudodiploria202380,0.284186588250516
Pseudodiploria202381,-0.165165268734534
Pseudodiploria202382,0.0898564928063141
Pseudodiploria202383,0.220579185653972
Pseudodiploria202384,-0.00648598834267721
Pseudodiploria202385,-0.461577033528827
Pseudodiploria202386,-0.27795219394978
Pseudodiploria202387,0.323927669415442
Pseudodiploria202388,-0.128126100569648
Pseudodiploria202389,0.00566331871363602
Pseudodiploria202390,0.329417970701759
Pseudodiploria202392,-0.100396624134489
Pseudodiploria202393,-0.0320561485030359
Pseudodiploria202394,0.0706267934704036
Pseudodiploria202396,0.188547706248942
Pseudodiploria202397,-0.00187944783343754
Pseudodiploria202399,0.0234163403992373
Pseudodiploria202400,0.335367497660869
Pseudodiploria202402,-0.449906678562354
Pseudodiploria202403,0.396311416808227
Pseudodiploria202404,0.739837627357082
Pseudodiploria202406,-0.121196123653957
Pseudodiploria202407,0.147806924775553
Pseudodiploria202408,0.048331302907297
Pseudodiploria202411,-0.0618931895837611
Pseudodiploria202412,0.286532641610938
Pseudodiploria202416,0.178218358554467
Pseudodiploria202418,0.528642064314753
Pseudodiploria202420,-0.436787640239279
Pseudodiploria202422,-0.339869222326529
Pseudodiploria202423,0.0256230021194327
Pseudodiploria202424,0.0195497831901919
Pseudodiploria202425,0.153298311268883
Pseudodiploria202426,0.649580112931489
Pseudodiploria202428,-0.105437455793097
Pseudodiploria202429,0.163757385352434
Pseudodiploria202430,0.187561590235363
Pseudodiploria202431,0.14684610830755
Pseudodiploria202434,-0.220619384840104
Pseudodiploria202435,-0.497617347164448
Pseudodiploria202437,0.399562949499132
Pseudodiploria202439,0.244121864499826
Pseudodiploria202441,0.912630948485776
Pseudodiploria202443,0.43699366605103
Pseudodiploria202445,-0.0716534498252422
Pseudodiploria202447,0.247161930504754
Pseudodiploria202448,0.637169257123118
Pseudodiploria202449,0.718308768392744
Pseudodiploria202450,0.145873677085154
Pseudodiploria202452,0.218207523913041
Pseudodiploria202456,7.69662843469296e-05
Pseudodiploria202457,0.0643394934580272
Pseudodiploria202458,0.314903611794355
Pseudodiploria202459,-0.434766484248791
Pseudodiploria202460,0.391997587965913
Pseudodiploria202461,-0.0748969646796861
Pseudodiploria202462,-0.116339283106912
Pseudodiploria202463,0.0470148644765261
Pseudodiploria202464,-0.153509331625009
Pseudodiploria202465,0.44797286566933
Pseudodiploria202466,0.0940773797257783
Pseudodiploria202467,-0.367066546808897
Pseudodiploria202468,0.421197676673154
Pseudodiploria202470,0.422645085494479
Pseudodiploria202471,-0.162127748802794
Pseudodiploria202473,0.0735794081102254
Pseudodiploria202474,-0.19671083080455
Pseudodiploria202475,0.0870114170440028
Pseudodiploria202478,0.152690799000454
Pseudodiploria202479,-0.85135132238093
Pseudodiploria202480,0.0879785320953583
Pseudodiploria202481,0.229995026260463
Pseudodiploria202485,-0.680508035118976
Pseudodiploria202486,0.107954607763713
Pseudodiploria202487,0.041771479638563
Pseudodiploria202488,0.135554927303823
Pseudodiploria202489,0.0885662778019908
Pseudodiploria202491,0.402773062843947
Pseudodiploria202492,0.540643029250555
Pseudodiploria202495,0.158269089449026
Pseudodiploria202496,-0.144017299536511
Pseudodiploria202497,-0.142725491289467
Pseudodiploria202498,0.014403563201746
Pseudodiploria202500,0.286947454713504
Pseudodiploria202502,0.175896082518102
Pseudodiploria202504,0.100800378486581
Pseudodiploria202505,0.124025159363332
Pseudodiploria202506,0.361869909503152
Pseudodiploria202507,0.0479910041966275
Pseudodiploria202508,0.148614218076012
Pseudodiploria202509,0.0893066698614683
Pseudodiploria202510,0.0467685223705177
Pseudodiploria202512,-0.236765370217664
Pseudodiploria202515,-0.14436539019174
Pseudodiploria202516,0.130598450435489
Pseudodiploria202518,0.356844066430889
Pseudodiploria202520,0.175831674693693
Pseudodiploria202521,-0.249115302476351
Pseudodiploria202522,-0.584226461252376
Pseudodiploria202523,0.677860272535627
Pseudodiploria202525,-0.00968111994201061
Pseudodiploria202526,-0.0293289652728919
Pseudodiploria202529,-0.0872170780486341
Pseudodiploria202530,0.449792788568802
Pseudodiploria202531,-0.208761485066082
Pseudodiploria202533,-0.210021183252163
Pseudodiploria202535,-0.205373423971566
Pseudodiploria202536,0.192217131048428
Pseudodiploria202537,0.0120670757908331
Pseudodiploria202538,0.275022660208858
Pseudodiploria202539,0.089052745787263
Pseudodiploria202540,0.283578495643123
Pseudodiploria202541,0.230191602926042
Pseudodiploria202543,-0.811751492044304
Pseudodiploria202544,0.0814238426238838
Pseudodiploria202545,0.198052074416824
Pseudodiploria202546,0.110614122306469
Pseudodiploria202547,-0.0956604485156586
Pseudodiploria202548,-0.000654503623531347
Pseudodiploria202549,-0.0994697896455108
Pseudodiploria202550,-0.316699171439982
Pseudodiploria202551,0.0535622390068435
Pseudodiploria202552,-0.282337560668791
Pseudodiploria202554,-0.259604240622511
Pseudodiploria202557,-0.158660777155672
Pseudodiploria202558,0.238475174967522
Pseudodiploria202559,-0.0952076940367496
Pseudodiploria202560,-0.0491553156155839
Pseudodiploria202561,-0.718490705506417
Pseudodiploria202562,-0.357121044782425
Pseudodiploria202563,0.149246376228351
Pseudodiploria202564,0.595210248064358
Pseudodiploria202566,0.0110001314425686
Pseudodiploria202567,-0.536356306479909
Pseudodiploria202568,-0.427144256796145
Pseudodiploria202569,0.254336893492478
Pseudodiploria202570,0.119684606868141
Pseudodiploria202571,0.245743472859049
Pseudodiploria202572,0.0704207252173339
Pseudodiploria202573,0.0672261435625031
Pseudodiploria202574,0.0162618737874647
Pseudodiploria202575,0.633465788180769
Pseudodiploria202576,0.490649461138499
Pseudodiploria202577,0.0362290489988308
Pseudodiploria202578,-0.163937660757975
Pseudodiploria202579,-0.208803930390781
Pseudodiploria202580,-0.24601887978944
Pseudodiploria202581,0.00592559325008906
Pseudodiploria202583,-0.504282827608623
Pseudodiploria202584,0.269903868698362
Pseudodiploria202585,0.586302556456415
Pseudodiploria202586,0.146759155075878
Pseudodiploria202588,0.059473727043133
Pseudodiploria202589,0.088869856693147
Pseudodiploria202590,0.275745562018513
Pseudodiploria202591,0.0461263022390984
Pseudodiploria202592,-0.229063502590314
Pseudodiploria202594,-0.319605818213589
Pseudodiploria202597,-0.242974901585772
Pseudodiploria202598,0.0775490777979922
Pseudodiploria202600,0.206587900090561
Pseudodiploria202601,-0.333409739493403
Pseudodiploria202605,-0.612146849805108
Pseudodiploria202606,-0.174911312629267
Pseudodiploria202608,-0.676518145146392
Pseudodiploria202610,0.0842515203239787
Pseudodiploria202613,0.138878167392814
Pseudodiploria202614,0.283008887586766
Pseudodiploria202615,-0.566044249007781
Pseudodiploria202616,0.27731158548504
Pseudodiploria202617,-0.255023641668828
Pseudodiploria202618,0.332419826049757
Pseudodiploria202620,-0.0187762322492205
Pseudodiploria202622,0.344037856490304
Pseudodiploria202623,0.6951930292364
Pseudodiploria202624,0.180928205970807
Pseudodiploria202625,0.0740796292314272
Pseudodiploria202626,0.310372066308638
Pseudodiploria202628,-0.778592326683339
Pseudodiploria202629,-0.882559525518061
Pseudodiploria202630,-0.21302625334545
Pseudodiploria202631,0.618820440895798
Pseudodiploria202633,-0.429328577465085
Pseudodiploria202636,-0.103325820634221
Pseudodiploria202637,-0.0983835782035838
Pseudodiploria202638,1.00839341832136
Pseudodiploria202639,-0.548238072310053
Pseudodiploria202641,-0.419640325754926
Pseudodiploria202642,0.0960355851836723
Pseudodiploria202644,-0.121248134583646
Pseudodiploria202645,-0.4059254706124
Pseudodiploria202646,-0.074831716282224
Pseudodiploria202648,-0.293158860178938
Pseudodiploria202649,0.0161125437036698
Pseudodiploria202650,-0.239912554674552
Pseudodiploria202651,0.18205109820684
Pseudodiploria202652,-0.27429725911344
Pseudodiploria202653,-0.134233786688481
Pseudodiploria202656,0.0403776864500674
Pseudodiploria202658,-0.468782447576577
Pseudodiploria202659,0.0138777820793857
Pseudodiploria202661,-0.336637527059182
Pseudodiploria202662,0.256037696947999
Pseudodiploria202663,-0.137349399022316
Pseudodiploria202664,-0.0121063144505423
Pseudodiploria202665,-0.0304632022779851
Pseudodiploria202666,0.16609258749106
Pseudodiploria202667,-0.189946223821668
Pseudodiploria202668,0.22912609137291
Pseudodiploria202670,0.0294860438144674
Pseudodiploria202671,-0.334925864625467
Pseudodiploria202672,-0.0260944689728094
Pseudodiploria202673,0.289738130642844
Pseudodiploria202674,0.900371699387429
Pseudodiploria202675,-0.22185593578147
Pseudodiploria202677,-0.149110514077684
Pseudodiploria202680,-0.0537422730633983
Pseudodiploria202682,-0.0401818563469005
Pseudodiploria202683,0.41185998763052
Pseudodiploria202684,0.3790263795873
Pseudodiploria202685,0.454146975773216
Pseudodiploria202686,-0.0777207819397278
Pseudodiploria202688,0.615208019335735
Pseudodiploria202689,0.0414789907662734
Pseudodiploria202690,0.079716573145491
Pseudodiploria202692,0.0153001930538878
Pseudodiploria202693,0.723029974139406
Pseudodiploria202694,0.226173306445429
Pseudodiploria202695,0.281076930311925
Pseudodiploria202696,-0.726318811280959
Pseudodiploria202697,0.0959259477149197
Pseudodiploria202698,0.0897588429486574
Pseudodiploria202699,-0.0109882427542718
Pseudodiploria202700,0.286253127700114
Pseudodiploria202701,-0.0802025618088023
Pseudodiploria202702,0.00160257260202603
Pseudodiploria202704,0.248551370566291
Pseudodiploria202706,0.392953486625608
Pseudodiploria202707,0.00456141380464086
Pseudodiploria202708,-0.756504997510357
Pseudodiploria202710,0.231784463108669
Pseudodiploria202712,0.437670547474225
Pseudodiploria202713,0.354976338614408
Pseudodiploria202714,0.282695233383171
Pseudodiploria202715,0.152403504005498
Pseudodiploria202716,-0.0782114596828109
Pseudodiploria202718,-0.176125031588831
Pseudodiploria202719,-0.216336209037123
Pseudodiploria202720,0.309983396767799
Pseudodiploria202721,-0.220353764549515
Pseudodiploria202722,0.944145473536377
Pseudodiploria202723,0.151415667859782
Pseudodiploria202724,-0.435601026760955
Pseudodiploria202725,0.115012424411651
Pseudodiploria202726,-0.14021586930138
Pseudodiploria202727,0.200689171449021
Pseudodiploria202729,-0.824270939815891
Pseudodiploria202730,0.186065785021021
Pseudodiploria202731,-0.296805423559756
Pseudodiploria202733,-0.00343132002741033
Pseudodiploria202734,0.444759190379079
Pseudodiploria202735,-0.0885585109937668
Pseudodiploria202737,0.155484096558948
Pseudodiploria202738,0.264401207609262
Pseudodiploria202739,0.434195856830663
Pseudodiploria202740,0.268045810563158
Pseudodiploria202742,0.603279426825993
Pseudodiploria202743,-0.417472098886311
Pseudodiploria202744,0.522505485110268
Pseudodiploria202745,-0.232533700920029
Pseudodiploria202747,0.0765741123687481
Pseudodiploria202748,0.0906130249851899
Pseudodiploria202749,0.457073459868688
Pseudodiploria202751,-0.0491921533670586
Pseudodiploria202752,-0.346738593014797
Pseudodiploria202754,0.0753193760867392
Pseudodiploria202755,0.52240445229007
Pseudodiploria202756,0.080178502610442
Pseudodiploria202758,-0.659270349066151
Pseudodiploria202759,0.410369942051229
Pseudodiploria202762,0.0039744973395951
Pseudodiploria202763,0.347153225702627
Pseudodiploria202764,-0.0461311688785079
Pseudodiploria202765,0.288206563507546
Pseudodiploria202766,0.512368002216888
Pseudodiploria202767,-0.715782271437593
Pseudodiploria202768,0.0878203021777866
Pseudodiploria202769,-0.269531987329412
Pseudodiploria202770,-0.242505171162436
Pseudodiploria202771,0.359918102040837
Pseudodiploria202772,0.258516224798459
Pseudodiploria202773,-0.00137558954579968
Pseudodiploria202774,0.193757609738649
Pseudodiploria202775,-0.300514096394291
Pseudodiploria202776,-0.0686734610760036
Pseudodiploria202777,-0.0403998526760215
Pseudodiploria202778,-0.252657368091311
Pseudodiploria202779,-1.08318990134842
Pseudodiploria202780,-0.153585789811458
Pseudodiploria202782,-0.267870380326339
Pseudodiploria202783,-0.153453505333888
Pseudodiploria202784,-0.0509436652953629
Pseudodiploria202785,-0.211127134024665
Pseudodiploria202786,-0.738165832923056
Pseudodiploria202788,-0.0288252883037917
Pseudodiploria202789,0.122039789609987
Pseudodiploria202791,0.15022087160566
Pseudodiploria202792,-0.0546290152258359
Pseudodiploria202793,0.206166099280851
Pseudodiploria202797,-0.159584683957788
Pseudodiploria202799,0.0634303676625583
Pseudodiploria202802,0.375574659236976
Pseudodiploria202803,-0.856724823471876
Pseudodiploria202804,0.176737877521387
Pseudodiploria202805,0.194867597619262
Pseudodiploria202806,0.157734366673512
Pseudodiploria202807,-0.263130434511447
Pseudodiploria202808,0.353531872416213
Pseudodiploria202809,0.0980998636572402
Pseudodiploria202810,0.217085249197035
Pseudodiploria202811,0.791482648152252
Pseudodiploria202812,0.00742230139888722
Pseudodiploria202813,-0.205623400951759
Pseudodiploria202814,0.178099880907644
Pseudodiploria202816,-0.444815916808238
Pseudodiploria202817,-0.016995234275348
Pseudodiploria202818,0.185789161468961
Pseudodiploria202819,0.16837961661394
Pseudodiploria202820,-0.94738903659135
Pseudodiploria202822,-0.0122495601753691
Pseudodiploria202824,0.305316064799077
Pseudodiploria202825,0.265832075719202
Pseudodiploria202826,-0.597944854465058
Pseudodiploria202828,0.220120921507543
Pseudodiploria202829,0.214647017528507
Pseudodiploria202830,-0.0172024802264249
Pseudodiploria202831,0.242285780614107
Pseudodiploria202832,0.166254758135093
Pseudodiploria202833,0.136125115586424
Pseudodiploria202834,0.579747089362035
Pseudodiploria202835,-0.222931428048462
Pseudodiploria202836,-0.0105591324905908
Pseudodiploria202839,-0.547525405914565
Pseudodiploria202840,0.109976068401379
Pseudodiploria202841,0.522841394108839
Pseudodiploria202842,0.500235721753644
Pseudodiploria202843,0.301115695751687
Pseudodiploria202845,-0.284737342312481
Pseudodiploria202846,0.0670648318682979
Pseudodiploria202848,0.410719290996618
Pseudodiploria202849,0.190729597596327
Pseudodiploria202852,0.102742790972774
Pseudodiploria202856,-0.233789605484499
Pseudodiploria202857,0.0291020756375221
Pseudodiploria202858,0.0863320297866385
Pseudodiploria202862,0.0885239048294385
Pseudodiploria202864,0.931253470361101
Pseudodiploria202866,0.163004722600998
Pseudodiploria202867,-0.365437266334323
Pseudodiploria202869,0.0443411209510288
Pseudodiploria202873,0.266199575768434
Pseudodiploria202874,-0.264229732559266
Pseudodiploria202875,0.489901260515696
Pseudodiploria202877,0.188961552790947
Pseudodiploria202879,-0.110292237490582
Pseudodiploria202881,0.294870919879701
Pseudodiploria202882,-0.115020714516393
Pseudodiploria202883,0.437489820359873
Pseudodiploria202886,0.00900735677462479
Pseudodiploria202889,-0.0179744957635348
Pseudodiploria202890,0.137288198098497
Pseudodiploria202891,-0.13714140426556
Pseudodiploria202892,0.122188554888868
Pseudodiploria202893,-0.802920394573789
Pseudodiploria202894,0.127642414212906
Pseudodiploria202895,0.0419851927156794
Pseudodiploria202896,-0.324990138734712
Pseudodiploria202897,0.250663240905336
Pseudodiploria202898,-0.136115725706695
Pseudodiploria202899,-0.355009135190855
Pseudodiploria202900,0.0100273286226871
Pseudodiploria202901,0.224744819729455
Pseudodiploria202903,0.0686299998713139
Pseudodiploria202905,-0.106096457686873
Pseudodiploria202906,0.508669289803844
Pseudodiploria202907,0.0450211557922483
Pseudodiploria202908,0.243356611516257
Pseudodiploria202909,0.00859065787294349
Pseudodiploria202910,0.458313943445156
Pseudodiploria202911,0.32581203613395
Pseudodiploria202912,0.0775574001725544
Pseudodiploria202915,0.191203785206971
Pseudodiploria202916,1.03138250775931
Pseudodiploria202918,-0.104602335315876
Pseudodiploria202919,0.157385676937825
Pseudodiploria202920,-0.111290199852908
Pseudodiploria202921,-0.0314913828969389
Pseudodiploria202922,-0.34261019482109
Pseudodiploria202923,0.635452099583736
Pseudodiploria202924,0.25937635709705
Pseudodiploria202925,0.402153147941521
Pseudodiploria202927,0.00431842849131528
Pseudodiploria202929,-0.325262500055344
Pseudodiploria202930,0.462438846120753
Pseudodiploria202931,0.192665924316386
Pseudodiploria202932,0.21020627955013
Pseudodiploria202934,-0.00760934485034765
Pseudodiploria202935,-0.154824205505142
Pseudodiploria202938,-0.115704481878747
Pseudodiploria202939,0.0385278323331635
Pseudodiploria202940,0.0584037119791935
Pseudodiploria202941,0.503741426214678
Pseudodiploria202943,-0.303892137297952
Pseudodiploria202944,0.543460147417819
Pseudodiploria202945,-0.240685082230014
Pseudodiploria202946,-0.425622064404394
Pseudodiploria202947,-0.175442107840954
Pseudodiploria202949,-0.319485343851526
Pseudodiploria202950,0.503412153969011
Pseudodiploria202951,0.0891167039543075
Pseudodiploria202953,0.752418736921405
Pseudodiploria202955,0.0618999583499249
Pseudodiploria202957,-0.0381002751107058
Pseudodiploria202960,-0.519800806591769
Pseudodiploria202962,-0.744007695984636
Pseudodiploria202964,0.295769226718809
Pseudodiploria202965,-0.0914084385674232
Pseudodiploria202967,-0.204412716431202
Pseudodiploria202969,0.0402950170258285
Pseudodiploria202970,0.182962164214441
Pseudodiploria202971,-0.0300405403114
Pseudodiploria202972,0.489422269930725
Pseudodiploria202973,0.106262296676442
Pseudodiploria202977,-0.271177387632257
Pseudodiploria202978,0.549280194608879
Pseudodiploria202979,-0.288268250619409
Pseudodiploria202981,0.316652528485337
Pseudodiploria202982,0.123086867548995
Pseudodiploria202983,0.0702749133439937
Pseudodiploria202985,0.591894039393458
Pseudodiploria202986,-0.215633030600572
Pseudodiploria202987,-0.097487154302861
Pseudodiploria202988,0.158701710324754
Pseudodiploria202989,0.0408931740382047
Pseudodiploria202991,0.424760467901922
Pseudodiploria202993,-0.0366652451255788
Pseudodiploria202994,-0.877712246719819
Pseudodiploria202995,-0.307280387776958
Pseudodiploria202998,-0.207953674616122
Pseudodiploria202999,0.174775022262157
Pseudodiploria203000,0.312915463844201
Pseudodiploria203001,0.0411850110786705
Pseudodiploria203002,-0.0108605041729183
Pseudodiploria203003,1.05733701971559
Pseudodiploria203004,0.289988433817509
Pseudodiploria203006,0.0271865757386733
Pseudodiploria203007,0.13004859132149
Pseudodiploria203008,0.297462907806809
Pseudodiploria203009,0.256840620395375
Pseudodiploria203011,0.118511415513497
Pseudodiploria203012,-0.111658517901368
Pseudodiploria203013,0.0172900922869306
Pseudodiploria203014,0.102919579625043
Pseudodiploria203016,-0.208227777981451
Pseudodiploria203017,0.418276196261297
Pseudodiploria203019,-0.0923067932806198
Pseudodiploria203020,0.24970696004393
Pseudodiploria203021,0.949869077505808
Pseudodiploria203023,-0.301588044489462
Pseudodiploria203024,-0.232544684407181
Pseudodiploria203026,0.54799946136684
Pseudodiploria203027,0.532414419118174
Pseudodiploria203029,0.580911868646824
Pseudodiploria203030,0.0296691074407483
Pseudodiploria203032,0.157216032849566
Pseudodiploria203035,-0.298272897182476
Pseudodiploria203036,0.385310494247628
Pseudodiploria203037,0.378862121560187
Pseudodiploria203040,0.232821031975997
Pseudodiploria203042,-0.183203470636766
Pseudodiploria203044,0.569348982650954
Pseudodiploria203045,-0.219577395040985
Pseudodiploria203046,-0.0496909754022992
Pseudodiploria203048,0.580714520520753
Pseudodiploria203049,-0.109419171010358
Pseudodiploria203050,0.229669053378458
Pseudodiploria203051,0.0773699098144882
Pseudodiploria203053,-0.19135140719865
Pseudodiploria203054,-0.0882371297539279
Pseudodiploria203055,-0.224392462564116
Pseudodiploria203056,0.833414620348745
Pseudodiploria203058,-0.650539832854966
Pseudodiploria203059,0.264221254713312
Pseudodiploria203060,-0.640866412862987
Pseudodiploria203061,-0.114211396236205
Pseudodiploria203062,-0.345615846996581
Pseudodiploria203065,0.182088543863577
Pseudodiploria203066,0.072424208540192
Pseudodiploria203068,0.116660275428762
Pseudodiploria203069,0.203540171083144
Pseudodiploria203070,-0.154068896802208
Pseudodiploria203072,-0.120150204879783
Pseudodiploria203073,0.485427842480364
Pseudodiploria203074,-0.627446449037534
Pseudodiploria203075,0.288564446638998
Pseudodiploria203077,-1.00850089627643
Pseudodiploria203078,-0.44932830598979
Pseudodiploria203081,-0.0832471682367682
Pseudodiploria203082,0.0697829715033046
Pseudodiploria203083,0.509779786247477
Pseudodiploria203085,0.277349376090363
Pseudodiploria203089,0.734334965082102
Pseudodiploria203090,0.0673302577491227
Pseudodiploria203091,0.22344401076238
Pseudodiploria203092,0.0370236244175723
Pseudodiploria203094,0.0885531812779588
Pseudodiploria203096,0.174794495956386
Pseudodiploria203097,-0.110561871822463
Pseudodiploria203099,-0.324681451012487
Pseudodiploria203101,0.117547998180897
Pseudodiploria203102,-0.335847481287025
Pseudodiploria203103,0.444339703981607
Pseudodiploria203104,0.0157764516964374
Pseudodiploria203105,0.17016343382068
Pseudodiploria203106,-0.044572735162013
Pseudodiploria203107,0.615560385973751
Pseudodiploria203108,-0.0468141388317743
Pseudodiploria203109,-0.209642585503039
Pseudodiploria203110,-0.267240850026618
Pseudodiploria203111,-0.134334815276698
Pseudodiploria203112,-0.664079340764912
Pseudodiploria203113,-0.0312860906009046
Pseudodiploria203115,0.228690612842741
Pseudodiploria203117,-0.100239872495943
Pseudodiploria203118,-0.439218996742951
Pseudodiploria203119,0.0323721183911885
Pseudodiploria203121,0.233008774571602
Pseudodiploria203122,0.0431908134427102
Pseudodiploria203123,0.166792340675488
Pseudodiploria203124,-0.368792169430408
Pseudodiploria203126,-0.38950830933553
Pseudodiploria203128,0.201226990024638
Pseudodiploria203129,-0.390038975297338
Pseudodiploria203131,-0.302941888345664
Pseudodiploria203132,-0.231948723075143
Pseudodiploria203134,-0.0588138168851993
Pseudodiploria203135,0.325257833088751
Pseudodiploria203137,-0.327918910087931
Pseudodiploria203138,0.167459973271514
Pseudodiploria203139,0.256537050398886
Pseudodiploria203140,-0.040985681531535
Pseudodiploria203141,-0.44445550152779
Pseudodiploria203142,0.0803468426488341
Pseudodiploria203144,0.131398910821214
Pseudodiploria203145,-0.407316302383404
Pseudodiploria203147,-0.0473744186214538
Pseudodiploria203148,-0.0157363967632047
Pseudodiploria203149,0.0165814196487746
Pseudodiploria203150,0.0567314350878585
Pseudodiploria203154,0.163148578051593
Pseudodiploria203155,-0.694390483139095
Pseudodiploria203156,-0.992225894276983
Pseudodiploria203157,-0.344232975312214
Pseudodiploria203160,-0.203945496201172
Pseudodiploria203161,0.100919839179313
Pseudodiploria203164,0.20133188753069
Pseudodiploria203167,-0.0154998282245013
Pseudodiploria203168,0.358253205520235
Pseudodiploria203170,0.0803605102842604
Pseudodiploria203171,0.0128811262289919
Pseudodiploria203172,0.208769794647514
Pseudodiploria203173,-0.366370837141726
Pseudodiploria203174,0.378113340051224
Pseudodiploria203175,0.418636314426
Pseudodiploria203178,-0.196967673840645
Pseudodiploria203180,-0.248606324565765
Pseudodiploria203181,0.077281090906495
Pseudodiploria203182,-0.397707050199838
Pseudodiploria203184,0.104016049579953
Pseudodiploria203185,0.0317191850726699
Pseudodiploria203186,0.302215127800446
Pseudodiploria203187,0.299190523006296
Pseudodiploria203189,-0.240656919520993
Pseudodiploria203190,-0.434764418584864
Pseudodiploria203191,-0.43410121396681
Pseudodiploria203193,0.390428610308052
Pseudodiploria203194,-0.0176293184484505
Pseudodiploria203196,-1.1139875115442
Pseudodiploria203197,0.278087108975393
Pseudodiploria203198,-0.215638927687229
Pseudodiploria203200,-0.756910004567718
Pseudodiploria203202,-0.573793297609611
Pseudodiploria203204,0.0824013896325238
Pseudodiploria203205,1.14430491574839
Pseudodiploria203207,-0.594021202310095
Pseudodiploria203208,0.478847445328826
Pseudodiploria203210,0.389337729787478
Pseudodiploria203211,0.158489576709673
Pseudodiploria203212,-0.452565525610891
Pseudodiploria203213,-0.481632572709209
Pseudodiploria203214,0.804810630291765
Pseudodiploria203215,0.36217525367486
Pseudodiploria203217,-0.163974211964823
Pseudodiploria203218,0.225299540267616
Pseudodiploria203219,-0.428078225811233
Pseudodiploria203220,0.546152192200505
Pseudodiploria203223,-0.032901070976544
Pseudodiploria203224,0.00711900837063823
Pseudodiploria203225,0.0395768963707306
Pseudodiploria203227,0.644743838569132
Pseudodiploria203230,-0.286961962504668
Pseudodiploria203231,-0.469574923358283
Pseudodiploria203232,-0.212569217997117
Pseudodiploria203237,0.377988782246315
Pseudodiploria203238,0.457019927501121
Pseudodiploria203239,0.105783515310704
Pseudodiploria203240,-0.0125061964854783
Pseudodiploria203243,-0.298892765256819
Pseudodiploria203244,-0.74847371937191
Pseudodiploria203245,0.157935813934965
Pseudodiploria203247,0.0298474139215313
Pseudodiploria203248,-0.182771821860944
Pseudodiploria203250,0.0991963985809814
Pseudodiploria203252,0.155464877182939
Pseudodiploria203253,-0.0588666102771271
Pseudodiploria203254,0.0600733026307983
Pseudodiploria203255,0.2981655453467
Pseudodiploria203256,0.304167329051851
Pseudodiploria203257,0.345313612117332
Pseudodiploria203258,-0.12979055010771
Pseudodiploria203259,0.300277729668941
Pseudodiploria203260,0.268256385038386
Pseudodiploria203263,-0.138499396740081
Pseudodiploria203265,-0.497391528354211
Pseudodiploria203267,0.355832486892379
Pseudodiploria203269,-0.0311325971484016
Pseudodiploria203270,0.00330990521535251
Pseudodiploria203272,0.0278333429375295
Pseudodiploria203273,-0.0347120966114692
Pseudodiploria203275,0.968518533788814
Pseudodiploria203276,-0.522381187679059
Pseudodiploria203277,-0.268544388879977
Pseudodiploria203278,0.249738658018452
Pseudodiploria203279,0.413998791498557
Pseudodiploria203280,0.190670890504605
Pseudodiploria203281,0.381535971344593
Pseudodiploria203282,0.394555077991722
Pseudodiploria203283,-0.185130745403179
Pseudodiploria203285,-0.52231434219362
Pseudodiploria203286,0.00836288535372162
Pseudodiploria203287,0.131817176300088
Pseudodiploria203288,-0.246291947841426
Pseudodiploria203289,-0.16705013182449
Pseudodiploria203290,-0.174465916429614
Pseudodiploria203291,-0.15832688277553
Pseudodiploria203292,-0.179442078896306
Pseudodiploria203296,0.0815142364527379
Pseudodiploria203298,0.262831279867636
Pseudodiploria203299,0.0595847642790959
Pseudodiploria203301,0.268163951894692
Pseudodiploria203303,-0.181783078430717
Pseudodiploria203304,-0.125060952884278
Pseudodiploria203305,0.28013437451133
Pseudodiploria203306,0.196925151983594
Pseudodiploria203308,0.0818148261564052
Pseudodiploria203310,-0.0469078322904744
Pseudodiploria203312,-0.220250864148332
Pseudodiploria203313,-0.284015740208552
Pseudodiploria203314,-0.110321967922987
Pseudodiploria203316,0.114481316276567
Pseudodiploria203319,-0.246713503054662
Pseudodiploria203321,0.580240556416462
Pseudodiploria203322,0.215839234753815
Pseudodiploria203323,1.10503302298084
Pseudodiploria203324,-0.285185489314519
Pseudodiploria203325,-0.0204599560290291
Pseudodiploria203326,0.0591182014873788
Pseudodiploria203327,-0.0789675350231975
Pseudodiploria203328,0.343459710738547
Pseudodiploria203329,0.358866978185832
Pseudodiploria203331,0.247308396777764
Pseudodiploria203332,0.210289732432728
Pseudodiploria203333,-0.000800400741395896
Pseudodiploria203335,-0.288824328377146
Pseudodiploria203336,-0.335778885298135
Pseudodiploria203338,-0.346138242974027
Pseudodiploria203339,0.144027435738892
Pseudodiploria203340,-0.0228575165219426
Pseudodiploria203341,0.264285452416898
Pseudodiploria203342,0.0362979843250771
Pseudodiploria203343,0.0677599607870874
Pseudodiploria203344,0.0885100325720985
Pseudodiploria203346,0.87716115630482
Pseudodiploria203347,0.480757856523211
Pseudodiploria203350,0.66456009800041
Pseudodiploria203351,0.47139194317661
Pseudodiploria203352,0.141395918110525
Pseudodiploria203354,-0.296104322945785
Pseudodiploria203355,0.240028133814531
Pseudodiploria203358,0.687503516419983
Pseudodiploria203359,-0.0283226754449995
Pseudodiploria203361,0.248737404203232
Pseudodiploria203362,0.0844599214871492
Pseudodiploria203364,-0.125054028125278
Pseudodiploria203365,0.0528972335740998
Pseudodiploria203368,0.512113117515429
Pseudodiploria203369,0.193481420524764
Pseudodiploria203370,0.349774635823393
Pseudodiploria203371,-0.864617894969154
Pseudodiploria203372,0.13913664100187
Pseudodiploria203373,0.0416386613852409
Pseudodiploria203374,0.728514467301004
Pseudodiploria203375,0.174319524001735
Pseudodiploria203376,-0.194289389257979
Pseudodiploria203379,-0.0688698312155548
Pseudodiploria203381,0.628703279609094
Pseudodiploria203382,0.058461626857949
Pseudodiploria203383,-0.0725158125870065
Pseudodiploria203384,-0.0644325707213819
Pseudodiploria203385,-0.0384315928515207
Pseudodiploria203386,-0.107606320229129
Pseudodiploria203387,-0.143976157326793
Pseudodiploria203388,0.279552779608876
Pseudodiploria203389,-0.141965902974409
Pseudodiploria203390,-0.047352388596521
Pseudodiploria203391,0.117129390116883
Pseudodiploria203394,-0.433053844313551
Pseudodiploria203395,-0.723419330795058
Pseudodiploria203397,0.425242461473171
Pseudodiploria203398,-0.245833799366983
Pseudodiploria203399,0.355632017727962
Pseudodiploria203400,-0.510496229687016
Pseudodiploria203401,-0.0802369669584187
Pseudodiploria203402,-0.0740582684163556
Pseudodiploria203404,-0.0323794279749862
Pseudodiploria203405,-0.357286038436836
Pseudodiploria203406,0.539461193155494
Pseudodiploria203407,0.14496168307923
Pseudodiploria203408,0.268039277026849
Pseudodiploria203409,0.105840665357039
Pseudodiploria203410,-0.420451398009446
Pseudodiploria203413,0.0164346734751738
Pseudodiploria203414,-0.0496612527089645
Pseudodiploria203415,0.162276750278321
Pseudodiploria203416,-0.187118613851393
Pseudodiploria203418,-0.991599976627179
Pseudodiploria203419,0.637195972984876
Pseudodiploria203420,0.192438638211182
Pseudodiploria203421,0.363403072148094
Pseudodiploria203422,-0.546081746776523
Pseudodiploria203423,0.695047385864026
Pseudodiploria203429,0.536248265742991
Pseudodiploria203430,-0.0767436105618006
Pseudodiploria203431,0.413401209769659
Pseudodiploria203432,-0.00880465499191309
Pseudodiploria203433,-0.136016785872225
Pseudodiploria203434,0.128913786648532
Pseudodiploria203435,-0.183405713126456
Pseudodiploria203436,-0.0347223257988934
Pseudodiploria203437,-0.32254711217994
Pseudodiploria203438,-0.0318662792964379
Pseudodiploria203439,-0.866843761958585
Pseudodiploria203441,0.273073368743623
Pseudodiploria203443,-0.500277573569625
Pseudodiploria203444,-0.833175761650224
Pseudodiploria203445,-0.0489748949476301
Pseudodiploria203447,0.0996887446845219
Pseudodiploria203448,-0.417866522177974
Pseudodiploria203449,0.0904432777547956
Pseudodiploria203451,0.0124714044972694
Pseudodiploria203452,0.0145562945356858
Pseudodiploria203454,0.33443848767581
Pseudodiploria203455,0.076618692655227
Pseudodiploria203456,0.0671725162280308
Pseudodiploria203458,-0.176416924282464
Pseudodiploria203459,-0.735873610929111
Pseudodiploria203460,1.0739606048704
Pseudodiploria203461,0.133161996040336
Pseudodiploria203463,-0.10204531272989
Pseudodiploria203465,0.109394684409736
Pseudodiploria203467,0.130869236339962
Pseudodiploria203468,-0.192642025559473
Pseudodiploria203470,-0.448045429531102
Pseudodiploria203471,-0.226261971554847
Pseudodiploria203473,-0.276343296096924
Pseudodiploria203474,-0.297175452863594
Pseudodiploria203477,0.412341137836761
Pseudodiploria203480,-0.134226045213151
Pseudodiploria203481,-0.266787241622528
Pseudodiploria203483,1.34208085653528
Pseudodiploria203485,-0.369218678984533
Pseudodiploria203486,0.113762387937404
Pseudodiploria203488,-0.231944226387985
Pseudodiploria203490,0.12047542649303
Pseudodiploria203491,0.497744690063153
Pseudodiploria203493,0.325152092859211
Pseudodiploria203494,-0.243054189706409
Pseudodiploria203495,-0.229653758894294
Pseudodiploria203497,0.328344617848839
Pseudodiploria203498,0.0184771327337789
Pseudodiploria203499,-0.824195623481779
Pseudodiploria203500,0.0467920864868112
Pseudodiploria203501,0.106020081845728
Pseudodiploria203502,0.0305457775020203
Pseudodiploria203503,0.311112031535831
Pseudodiploria203504,-0.284702469374536
Pseudodiploria203507,0.0189370144281102
Pseudodiploria203508,0.440867187213017
Pseudodiploria203509,-0.131573271705298
Pseudodiploria203510,0.0174113465275419
Pseudodiploria203511,-0.0710115139387759
Pseudodiploria203514,-0.273177256536946
Pseudodiploria203515,1.67671545674265
Pseudodiploria203516,-0.0883989360700008
Pseudodiploria203517,-0.391618554423125
Pseudodiploria203519,0.0628988431060868
Pseudodiploria203520,-0.0133840473243806
Pseudodiploria203521,0.292471816809235
Pseudodiploria203523,0.266832095788442
Pseudodiploria203525,0.08608209701224
Pseudodiploria203526,-0.0488791494107765
Pseudodiploria203528,-0.19983678945981
Pseudodiploria203529,-0.0312269358840644
Pseudodiploria203530,-0.0630949531337751
Pseudodiploria203532,0.29330129072481
Pseudodiploria203533,0.0941750772813282
Pseudodiploria203536,0.480652615545225
Pseudodiploria203537,0.132294779009819
Pseudodiploria203538,-0.109077641073624
Pseudodiploria203539,-0.359201352739487
Pseudodiploria203540,-0.571383087462398
Pseudodiploria203541,0.0446074693340981
Pseudodiploria203542,-0.175097410616563
Pseudodiploria203543,-0.500783662714573
Pseudodiploria203544,-0.116357534985686
Pseudodiploria203545,-0.338786076431113
Pseudodiploria203546,0.490437063760246
Pseudodiploria203547,-0.647190829838471
Pseudodiploria203548,0.0939935994830752
Pseudodiploria203549,0.112675435688146
Pseudodiploria203550,-0.117270055105558
Pseudodiploria203551,-0.75595282861809
Pseudodiploria203553,-0.182032697641192
Pseudodiploria203554,-0.112786910858603
Pseudodiploria203555,-0.353526838243754
Pseudodiploria203556,-0.123690868906859
Pseudodiploria203557,-0.0207440648290438
Pseudodiploria203558,-0.186278107718417
Pseudodiploria203560,-0.17390881569705
Pseudodiploria203561,-0.455456702367312
Pseudodiploria203562,0.145087621972821
Pseudodiploria203564,-0.25715581737021
Pseudodiploria203565,0.030886086979163
Pseudodiploria203567,-0.182782673810553
Pseudodiploria203568,0.331279048879535
Pseudodiploria203569,0.803118835462701
Pseudodiploria203570,0.145115538143843
Pseudodiploria203571,-0.00986052755863862
Pseudodiploria203572,0.045658729262953
Pseudodiploria203573,-1.0069949715184
Pseudodiploria203574,-0.1648275015596
Pseudodiploria203577,0.26886029994361
Pseudodiploria203578,-0.019316748401378
Pseudodiploria203579,-0.085098043154085
Pseudodiploria203580,-0.039461822746306
Pseudodiploria203581,0.0338348893733092
Pseudodiploria203582,-0.0842010485888113
Pseudodiploria203583,-0.537720691308506
Pseudodiploria203584,-0.195801978465768
Pseudodiploria203585,-0.130836644530811
Pseudodiploria203586,0.0813142847836288
Pseudodiploria203587,-0.0239772378351292
Pseudodiploria203589,-0.125342559758698
Pseudodiploria203590,0.605305642323942
Pseudodiploria203591,0.920586559160645
Pseudodiploria203593,0.538672545075815
Pseudodiploria203594,-0.132617945260763
Pseudodiploria203595,0.0750415251372628
Pseudodiploria203598,0.0957414337767004
Pseudodiploria203599,-0.0686272669644169
Pseudodiploria203600,0.0865435752011846
Pseudodiploria203601,-0.376122935972087
Pseudodiploria203602,-0.211016357723972
Pseudodiploria203603,0.633271179602805
Pseudodiploria203604,-0.00599214818238421
Pseudodiploria203605,0.672435536314953
Pseudodiploria203606,-0.000805741200569284
Pseudodiploria203607,0.36451105256442
Pseudodiploria203608,-0.179608536524249
Pseudodiploria203609,0.0196222890224127
Pseudodiploria203610,0.377043138567805
Pseudodiploria203611,0.242872183689904
Pseudodiploria203612,-0.239435771876007
Pseudodiploria203613,0.0448216730951373
Pseudodiploria203616,-0.148530968883065
Pseudodiploria203617,0.0675718377496771
Pseudodiploria203618,0.167107980645044
Pseudodiploria203619,0.17586746464473
Pseudodiploria203620,-0.437392383527743
Pseudodiploria203622,-0.161548358639199
Pseudodiploria203623,-0.175251243970041
Pseudodiploria203625,0.0438798262725521
Pseudodiploria203626,0.230479772036225
Pseudodiploria203627,0.123537829471369
Pseudodiploria203628,-0.201197808537514
Pseudodiploria203629,-0.34244114091417
Pseudodiploria203630,-0.431422709316895
Pseudodiploria203632,-0.00389944025564289
Pseudodiploria203633,0.322018512257782
Pseudodiploria203634,0.645319818217899
Pseudodiploria203635,0.129252292481843
Pseudodiploria203636,0.237543233018016
Pseudodiploria203637,0.752635718899624
Pseudodiploria203638,-0.0166550133769962
Pseudodiploria203640,-0.182117534112756
Pseudodiploria203642,0.157959285255477
Pseudodiploria203645,-0.0735686990632866
Pseudodiploria203646,0.277548907595699
Pseudodiploria203647,-0.128814185435055
Pseudodiploria203649,0.189553350619711
Pseudodiploria203650,-0.0895362878171476
Pseudodiploria203651,0.347422160740765
Pseudodiploria203653,-0.128030163179113
Pseudodiploria203654,-0.425496807576143
Pseudodiploria203655,0.306510769803526
Pseudodiploria203656,0.170613862102349
Pseudodiploria203658,0.100446072778174
Pseudodiploria203659,0.68916186419919
Pseudodiploria203660,0.276233983949763
Pseudodiploria203661,-0.0390619831918565
Pseudodiploria203662,0.223724979667616
Pseudodiploria203663,0.659168837434176
Pseudodiploria203665,0.0651136114186517
Pseudodiploria203667,0.326294264052392
Pseudodiploria203668,0.177645650970862
Pseudodiploria203669,-0.0166457299056129
Pseudodiploria203670,-0.0313486771146504
Pseudodiploria203671,0.2176353320694
Pseudodiploria203672,-0.291085288394732
Pseudodiploria203673,-0.145152816802436
Pseudodiploria203674,-0.141602824767099
Pseudodiploria203675,0.186354275117455
Pseudodiploria203677,0.304033337893167
Pseudodiploria203679,0.126055456397256
Pseudodiploria203680,-0.346291132551733
Pseudodiploria203681,0.0088495349065782
Pseudodiploria203683,-0.073780630887566
Pseudodiploria203684,0.529653395313742
Pseudodiploria203685,-0.132240002765228
Pseudodiploria203686,0.426060795392285
Pseudodiploria203687,-0.392711563208229
Pseudodiploria203688,0.605859320591506
Pseudodiploria203689,-0.0727460980157084
Pseudodiploria203690,-0.487762527928546
Pseudodiploria203692,0.184685164978002
Pseudodiploria203696,-0.13304600821561
Pseudodiploria203697,0.144427352421884
Pseudodiploria203699,-0.394283709778454
Pseudodiploria203700,0.107399809754196
Pseudodiploria203701,0.287654772169394
Pseudodiploria203703,-0.0907966587239652
Pseudodiploria203704,0.0258163495475238
Pseudodiploria203705,-0.452588648092965
Pseudodiploria203706,-0.454916438412144
Pseudodiploria203707,0.0844893846762704
Pseudodiploria203708,0.0411259005152303
Pseudodiploria203709,0.63720218998958
Pseudodiploria203710,-0.0332214886988847
Pseudodiploria203711,-0.031232127506756
Pseudodiploria203712,0.0211259813740266
Pseudodiploria203713,0.346636643099187
Pseudodiploria203714,0.297648037915263
Pseudodiploria203715,0.0233788538017834
Pseudodiploria203716,0.203671639117207
Pseudodiploria203719,0.509358479376551
Pseudodiploria203720,0.401272501174951
Pseudodiploria203722,-0.644836840575553
Pseudodiploria203726,-0.355468025494926
Pseudodiploria203728,-0.154323828207305
Pseudodiploria203729,0.54782352441471
Pseudodiploria203730,-1.4476747499263
Pseudodiploria203731,0.295091840289292
Pseudodiploria203732,0.103597372039687
Pseudodiploria203733,0.17121865972869
Pseudodiploria203736,0.179280373665759
Pseudodiploria203737,0.873609288486529
Pseudodiploria203738,0.910710329200676
Pseudodiploria203739,0.0859822024078472
Pseudodiploria203740,-0.000356088075841178
Pseudodiploria203741,0.13462054299435
Pseudodiploria203742,0.123467939738562
Pseudodiploria203743,-0.00933033785384464
Pseudodiploria203744,0.159881016383353
Pseudodiploria203746,0.601296626838592
Pseudodiploria203747,-0.120570768718489
Pseudodiploria203748,-0.223854557185475
Pseudodiploria203749,0.382562245874001
Pseudodiploria203750,0.118313873937186
Pseudodiploria203753,0.585518192734315
Pseudodiploria203754,-0.48986233561501
Pseudodiploria203755,0.162958593614761
Pseudodiploria203756,0.097677968942977
Pseudodiploria203757,-0.793831615674427
Pseudodiploria203758,0.0947764753484563
Pseudodiploria203759,-0.0349334011687788
Pseudodiploria203762,0.036272338020385
Pseudodiploria203764,0.282282839245144
Pseudodiploria203765,0.059141313419966
Pseudodiploria203766,0.238291964315799
Pseudodiploria203769,-0.0650291494083011
Pseudodiploria203771,0.25296313225291
Pseudodiploria203772,0.820571669777481
Pseudodiploria203773,0.257277767462358
Pseudodiploria203775,0.464488523372042
Pseudodiploria203776,-0.350776122816047
Pseudodiploria203777,0.0841045840018766
Pseudodiploria203778,0.0775625118664473
Pseudodiploria203779,0.101743738021203
Pseudodiploria203781,0.0942491496717077
Pseudodiploria203783,0.131771572484508
Pseudodiploria203787,0.0971095254779658
Pseudodiploria203788,0.171645500913622
Pseudodiploria203789,0.244690130269435
Pseudodiploria203790,0.10151558979988
Pseudodiploria203792,-0.232963519391411
Pseudodiploria203793,0.0707585139033311
Pseudodiploria203794,0.527494871550323
Pseudodiploria203795,-0.144078867828204
Pseudodiploria203796,-0.0851538820427024
Pseudodiploria203797,-0.192742942849547
Pseudodiploria203798,0.102335225277517
Pseudodiploria203799,-0.220952878486401
Pseudodiploria203801,-0.152421068692753
Pseudodiploria203802,0.343329146956289
Pseudodiploria203803,-0.216416556905729
Pseudodiploria203804,0.465974035697919
Pseudodiploria203805,0.187990005815303
Pseudodiploria203806,0.350119690071938
Pseudodiploria203807,-0.134526322140321
Pseudodiploria203808,-0.378100614164781
Pseudodiploria203809,0.224671598006818
Pseudodiploria203810,-0.432299084618709
Pseudodiploria203811,0.0075823327635516
Pseudodiploria203812,-0.338910095866481
Pseudodiploria203813,0.13730360444572
Pseudodiploria203814,-0.0160945551856794
Pseudodiploria203815,0.0778834376865919
Pseudodiploria203816,0.278216005013153
Pseudodiploria203817,-0.0301001493249081
Pseudodiploria203818,0.170598331309291
Pseudodiploria203819,-0.0364437452090866
Pseudodiploria203820,-0.190523947623427
Pseudodiploria203822,-0.148040980292631
Pseudodiploria203823,0.842268343664348
Pseudodiploria203824,1.21960029789507
Pseudodiploria203825,0.239826568116965
Pseudodiploria203827,1.08321206570088
Pseudodiploria203828,-0.220444708487412
Pseudodiploria203829,-0.390941181237065
Pseudodiploria203830,-0.305391646114481
Pseudodiploria203832,0.3538994158726
Pseudodiploria203833,-0.207314516377646
Pseudodiploria203835,-0.382060649162174
Pseudodiploria203837,-0.150932484801458
Pseudodiploria203838,-0.797028998866032
Pseudodiploria203840,0.0128288725755145
Pseudodiploria203842,0.163268763468513
Pseudodiploria203843,0.184544764827418
Pseudodiploria203845,-0.391597100919688
Pseudodiploria203849,-0.361244578332855
Pseudodiploria203852,0.133194780273012
Pseudodiploria203853,0.0297925381651876
Pseudodiploria203854,-0.423073187699178
Pseudodiploria203855,-0.448185670261451
Pseudodiploria203856,0.946513727311181
Pseudodiploria203859,-0.0517043463036674
Pseudodiploria203860,0.10249836900602
Pseudodiploria203861,0.103981441372605
Pseudodiploria203863,0.348063661364097
Pseudodiploria203865,-0.0848833701817477
Pseudodiploria203866,0.181504876896704
Pseudodiploria203867,-0.302987781682928
Pseudodiploria203868,0.850099025470922
Pseudodiploria203869,-0.0435102364079302
Pseudodiploria203871,0.494401708247337
Pseudodiploria203873,0.00842381179871789
Pseudodiploria203874,-0.144308410844363
Pseudodiploria203875,0.0743116253235159
Pseudodiploria203876,-0.0720691381089552
Pseudodiploria203877,0.0855356708643905
Pseudodiploria203878,-0.0519025329342483
Pseudodiploria203879,-0.670475009335646
Pseudodiploria203880,0.333183101706526
Pseudodiploria203881,0.0627711600051577
Pseudodiploria203882,-0.0404873698975859
Pseudodiploria203884,-0.198112408701262
Pseudodiploria203885,-0.022350708891183
Pseudodiploria203886,-0.00851511957786291
Pseudodiploria203887,0.197258597557503
Pseudodiploria203888,-0.439450675769834
Pseudodiploria203889,0.100767043878783
Pseudodiploria203890,0.325212644607447
Pseudodiploria203892,0.499366693801445
Pseudodiploria203893,0.102427677746114
Pseudodiploria203894,-0.213746855272633
Pseudodiploria203896,-0.0328356327803309
Pseudodiploria203897,-0.325106373918723
Pseudodiploria203899,-0.0988794875266566
Pseudodiploria203900,-0.0594296762442885
Pseudodiploria203901,-0.182373431096959
Pseudodiploria203902,-0.0122771116818113
Pseudodiploria203904,-0.275588889254326
Pseudodiploria203909,-0.257760630014061
Pseudodiploria203910,0.451235295445086
Pseudodiploria203911,0.0196055352161102
Pseudodiploria203912,-1.00839310760396
Pseudodiploria203913,0.56434217155879
Pseudodiploria203914,-0.000948644247870017
Pseudodiploria203915,-0.0362695623681825
Pseudodiploria203916,0.358056240908843
Pseudodiploria203917,-0.228915609227092
Pseudodiploria203918,-0.348658915747748
Pseudodiploria203919,0.075041641164255
Pseudodiploria203920,0.214925117370756
Pseudodiploria203925,0.34624757338662
Pseudodiploria203926,-0.27209962064909
Pseudodiploria203927,-0.131745170270639
Pseudodiploria203928,-0.121087423261065
Pseudodiploria203929,-0.11652922593935
Pseudodiploria203932,0.251544036095138
Pseudodiploria203933,-0.407471172323938
Pseudodiploria203934,-0.138312145805605
Pseudodiploria203936,-0.0594889701220094
Pseudodiploria203937,-0.339058676067145
Pseudodiploria203938,0.0701296552064131
Pseudodiploria203940,0.190112694192086
Pseudodiploria203941,-0.146045937707396
Pseudodiploria203942,0.141426177024383
Pseudodiploria203943,0.111359098218168
Pseudodiploria203944,0.664769123034205
Pseudodiploria203945,-0.167608196846156
Pseudodiploria203947,-0.0704087655088449
Pseudodiploria203948,0.109122383813788
Pseudodiploria203949,0.950356958158685
Pseudodiploria203950,-0.0654670295840062
Pseudodiploria203951,0.0587894702373942
Pseudodiploria203953,0.0669782404802223
Pseudodiploria203955,-1.14042404841832
Pseudodiploria203956,-0.177782653059108
Pseudodiploria203960,0.424203944837419
Pseudodiploria203961,0.057557758768684
Pseudodiploria203962,0.260823644970659
Pseudodiploria203963,-0.0311849034703102
Pseudodiploria203965,0.210376673569851
Pseudodiploria203966,0.273691118468335
Pseudodiploria203967,0.368414434179914
Pseudodiploria203968,-0.020999148889171
Pseudodiploria203969,0.0895902474547591
Pseudodiploria203970,0.224969322873132
Pseudodiploria203972,0.183146334024704
Pseudodiploria203973,-0.241914645009969
Pseudodiploria203974,-0.0976366529510218
Pseudodiploria203975,-0.120342548629925
Pseudodiploria203979,-0.0816924854698484
Pseudodiploria203980,0.256934833474296
Pseudodiploria203981,-0.079262358905057
Pseudodiploria203982,-0.243495913328869
Pseudodiploria203983,-0.371713965105125
Pseudodiploria203984,-0.0352814186314634
Pseudodiploria203985,0.235755887319869
Pseudodiploria203989,0.321763800521291
Pseudodiploria203990,0.1937388073243
Pseudodiploria203991,-0.0601167019418562
Pseudodiploria203992,0.0747779205167181
Pseudodiploria203995,-0.373889585400559
Pseudodiploria203996,-0.01358331446123
Pseudodiploria203997,0.191703475135652
Pseudodiploria203998,0.0525878268676675
Pseudodiploria203999,-0.348881436554645
Pseudodiploria204000,-0.125986853853361
Pseudodiploria204001,0.173804555874707
Pseudodiploria204003,-0.292910666275788
Pseudodiploria204004,0.190367591802714
Pseudodiploria204005,0.552851181301517
Pseudodiploria204006,0.288449930857167
Pseudodiploria204007,-0.282186136400226
Pseudodiploria204008,-0.0283811306719597
Pseudodiploria204009,-0.446715334777432
Pseudodiploria204010,0.392787206957373
Pseudodiploria204011,-0.156956612477624
Pseudodiploria204012,0.157184700366289
Pseudodiploria204016,-0.404826937362166
Pseudodiploria204017,0.282487209320517
Pseudodiploria204018,0.105768792696278
Pseudodiploria204020,-0.23031457185416
Pseudodiploria204021,-0.870498233166222
Pseudodiploria204024,-0.106913179115498
Pseudodiploria204025,0.273725683373611
Pseudodiploria204026,0.0556101103364405
Pseudodiploria204027,-0.251295365285638
Pseudodiploria204028,-0.0307841984560394
Pseudodiploria204029,0.0863160348140934
Pseudodiploria204030,0.111514253383879
Pseudodiploria204031,-0.168668336859814
Pseudodiploria204032,0.0520078771975486
Pseudodiploria204033,-0.217663247144223
Pseudodiploria204034,-0.0585203067362652
Pseudodiploria204036,0.28557673703505
Pseudodiploria204039,0.317597566831474
Pseudodiploria204040,0.650749057453203
Pseudodiploria204041,-0.0350760809671556
Pseudodiploria204042,-0.0743099107080087
Pseudodiploria204043,0.0959669135334522
Pseudodiploria204044,-0.20561692381305
Pseudodiploria204045,0.0318075432286329
Pseudodiploria204046,0.342501400125966
Pseudodiploria204047,-0.103267315825756
Pseudodiploria204048,-0.638070878787242
Pseudodiploria204049,-0.814638348326182
Pseudodiploria204050,0.119777902915603
Pseudodiploria204051,-0.244651970147027
Pseudodiploria204052,0.323672796867867
Pseudodiploria204053,1.35438158792639
Pseudodiploria204056,-0.0548930352591574
Pseudodiploria204059,0.205712494609075
Pseudodiploria204061,0.237141308028505
Pseudodiploria204064,-0.355505039320207
Pseudodiploria204066,-0.054428399192052
Pseudodiploria204067,-0.337904688440273
Pseudodiploria204068,0.39090127868187
Pseudodiploria204072,0.43944863883371
Pseudodiploria204074,-0.166745911907174
Pseudodiploria204075,0.623591959608851
Pseudodiploria204078,0.413162620315772
Pseudodiploria204080,0.0913345742795845
Pseudodiploria204081,-0.171595709229799
Pseudodiploria204083,-0.422002534176863
Pseudodiploria204084,0.0731922967248591
Pseudodiploria204085,-0.211307458240177
Pseudodiploria204086,-0.0427848041315796
Pseudodiploria204088,0.174847721510625
Pseudodiploria204090,-0.290525396790677
Pseudodiploria204091,0.812497878988219
Pseudodiploria204093,-0.00616111925484744
Pseudodiploria204094,1.23648764735096
Pseudodiploria204095,0.146449888036277
Pseudodiploria204098,0.507500939726174
Pseudodiploria204099,0.299773484320013
Pseudodiploria204100,-0.237463065641888
Pseudodiploria204101,-0.15196357546052
Pseudodiploria204102,0.0448029298958434
Pseudodiploria204103,0.148627037700322
Pseudodiploria204104,0.22278610065978
Pseudodiploria204106,-0.32472651636097
Pseudodiploria204107,-0.0597357211722193
Pseudodiploria204108,-0.10288853626189
Pseudodiploria204110,0.193472652797022
Pseudodiploria204111,-0.328800858774624
Pseudodiploria204112,0.0428069226163669
Pseudodiploria204113,0.454467358936548
Pseudodiploria204117,0.214383942960346
Pseudodiploria204118,0.0864905646472613
Pseudodiploria204119,-0.425615620165651
Pseudodiploria204120,0.283560430825121
Pseudodiploria204121,0.062074772159793
Pseudodiploria204123,-0.0809886749786841
Pseudodiploria204126,0.437622798318679
Pseudodiploria204128,-0.0116285065153665
Pseudodiploria204129,0.104966480577961
Pseudodiploria204131,-0.163347141125473
Pseudodiploria204132,0.115082134973148
Pseudodiploria204133,-0.308564400292351
Pseudodiploria204134,-0.155256988190684
Pseudodiploria204135,-0.0317433345375098
Pseudodiploria204136,0.188106170323011
Pseudodiploria204137,0.282772507942335
Pseudodiploria204138,-0.301148697180249
Pseudodiploria204139,-0.338552636790741
Pseudodiploria204141,0.665403142595484
Pseudodiploria204142,0.0254051130242895
Pseudodiploria204144,0.241276004765251
Pseudodiploria204146,1.10855062827291
Pseudodiploria204147,0.140488838126661
Pseudodiploria204148,0.29421365065837
Pseudodiploria204150,0.766887076072171
Pseudodiploria204151,0.24273465888214
Pseudodiploria204152,0.0273122015525161
Pseudodiploria204154,0.700743121413611
Pseudodiploria204156,-0.346185711011787
Pseudodiploria204158,0.0998568080577041
Pseudodiploria204159,-0.378681995065745
Pseudodiploria204161,0.284767522271248
Pseudodiploria204162,-0.146567018101414
Pseudodiploria204163,0.155790376292422
Pseudodiploria204166,0.466859916883676
Pseudodiploria204167,0.301679038091035
Pseudodiploria204168,-0.00902610085315991
Pseudodiploria204169,0.106606167668364
Pseudodiploria204172,0.411754564605726
Pseudodiploria204173,-0.178547609182015
Pseudodiploria204174,-0.389674880666847
Pseudodiploria204175,-0.442356597501216
Pseudodiploria204177,-0.168634664940208
Pseudodiploria204178,-0.463151729599608
Pseudodiploria204179,0.0417051686834536
Pseudodiploria204180,-0.18634487002246
Pseudodiploria204181,-0.172030525156532
Pseudodiploria204182,0.234076256483414
Pseudodiploria204183,0.248296520634933
Pseudodiploria204184,-0.157134845246256
Pseudodiploria204185,-0.0389689742617904
Pseudodiploria204188,0.180791554467243
Pseudodiploria204189,0.0134691042028571
Pseudodiploria204194,-0.732191366365557
Pseudodiploria204195,0.229986846314318
Pseudodiploria204196,0.143478501250918
Pseudodiploria204197,0.0566048132745272
Pseudodiploria204199,-0.112574335146185
Pseudodiploria204200,0.828231880472568
Pseudodiploria204201,0.0357971657953847
Pseudodiploria204202,0.560732926910653
Pseudodiploria204204,-0.3948695633961
Pseudodiploria204206,0.0942049941161812
Pseudodiploria204207,0.225933387709336
Pseudodiploria204208,0.117680711072974
Pseudodiploria204209,0.0529543488961591
Pseudodiploria204210,0.196901941817521
Pseudodiploria204212,0.00249240286667969
Pseudodiploria204213,-0.0698667488764485
Pseudodiploria204215,-0.0823193353353384
Pseudodiploria204217,-0.229805514152327
Pseudodiploria204218,-0.457007463528799
Pseudodiploria204219,-0.157540363521989
Pseudodiploria204220,-0.067260627756597
Pseudodiploria204221,0.138792927204199
Pseudodiploria204222,0.0972100050738246
Pseudodiploria204223,-0.793694799184131
Pseudodiploria204224,0.518636967987413
Pseudodiploria204228,0.368833525081852
Pseudodiploria204229,-0.262662655061411
Pseudodiploria204230,-0.435211928982066
Pseudodiploria204231,0.189914631654546
Pseudodiploria204232,-0.355582634277564
Pseudodiploria204233,0.623188031996763
Pseudodiploria204235,0.315625728138278
Pseudodiploria204236,-0.301548013248452
Pseudodiploria204239,-0.19747160055086
Pseudodiploria204240,-0.195889414879532
Pseudodiploria204241,0.317309057178368
Pseudodiploria204242,0.193945449031235
Pseudodiploria204243,0.537721330683422
Pseudodiploria204244,0.21462137371667
Pseudodiploria204247,0.367621273875749
Pseudodiploria204248,0.31135753476818
Pseudodiploria204250,-0.196409758019788
Pseudodiploria204251,0.386703751958905
Pseudodiploria204253,0.0402058047168208
Pseudodiploria204254,0.402985273956514
Pseudodiploria204255,0.36801205654646
Pseudodiploria204257,0.639028592116301
Pseudodiploria204258,-0.206868008844104
Pseudodiploria204259,-0.286193340940355
Pseudodiploria204260,0.34201250200184
Pseudodiploria204263,-0.00734852760520749
Pseudodiploria204265,-0.00323016747098074
Pseudodiploria204266,0.165832527530409
Pseudodiploria204267,-0.0177865378241808
Pseudodiploria204269,-0.405241509354784
Pseudodiploria204270,0.0187765994471899
Pseudodiploria204271,-0.0901894654080414
Pseudodiploria204272,-0.068097987900447
Pseudodiploria204273,-0.053413033054599
Pseudodiploria204274,0.54936253076886
Pseudodiploria204275,0.269958659429677
Pseudodiploria204276,0.14182514075165
Pseudodiploria204277,0.095409692375921
Pseudodiploria204279,-0.707558317804245
Pseudodiploria204280,0.01810353968735
Pseudodiploria204282,0.105156042001179
Pseudodiploria204283,-0.0537593824477717
Pseudodiploria204284,0.345359457623562
Pseudodiploria204285,-0.0728408753826053
Pseudodiploria204287,-0.234369523564918
Pseudodiploria204288,0.550835415483437
Pseudodiploria204289,0.0209784500733903
Pseudodiploria204290,0.260131093331939
Pseudodiploria204291,0.58716035898252
Pseudodiploria204295,-0.136095000159077
Pseudodiploria204298,-0.643714993336466
Pseudodiploria204299,0.203747510691668
Pseudodiploria204300,1.19495475431286
Pseudodiploria204302,-0.252912597191361
Pseudodiploria204304,-0.284742012213013
Pseudodiploria204306,0.112526442142932
Pseudodiploria204307,0.448463751501529
Pseudodiploria204308,-0.140783971943674
Pseudodiploria204310,-0.0670505071501662
Pseudodiploria204311,0.0386529473885854
Pseudodiploria204313,-0.178016810821952
Pseudodiploria204316,-1.30263337235501
Pseudodiploria204317,-0.139450732311735
Pseudodiploria204318,-0.125883499551534
Pseudodiploria204319,0.0800450181907
Pseudodiploria204320,-0.657896644303199
Pseudodiploria204327,-0.217089072686307
Pseudodiploria204328,-1.06248472410013
Pseudodiploria204329,0.47229931593938
Pseudodiploria204330,-0.0897112023841565
Pseudodiploria204331,-0.227323123919339
Pseudodiploria204332,-1.12681915408059
Pseudodiploria204333,0.147358858842484
Pseudodiploria204334,0.0267708195854857
Pseudodiploria204335,0.171165143123037
Pseudodiploria204336,0.2918604487264
Pseudodiploria204337,-0.0656397150515835
Pseudodiploria204340,-0.27986524891932
Pseudodiploria204341,0.573678110567938
Pseudodiploria204342,0.0260920032417559
Pseudodiploria204344,0.56735809298036
Pseudodiploria204345,-0.067844465168557
Pseudodiploria204346,-0.740583699511054
Pseudodiploria204347,0.490121860432671
Pseudodiploria204348,0.0184760166534944
Pseudodiploria204349,-0.168126279673686
Pseudodiploria204350,-0.160927141653791
Pseudodiploria204351,0.221626494426556
Pseudodiploria204354,0.0822705953461733
Pseudodiploria204355,0.09611753885527
Pseudodiploria204356,0.203813948435104
Pseudodiploria204357,-0.0440629243203401
Pseudodiploria204358,-0.13357885981806
Pseudodiploria204359,-0.599516484236927
Pseudodiploria204361,-0.263237513371532
Pseudodiploria204362,-0.122016397760817
Pseudodiploria204363,-0.290562217176991
Pseudodiploria204364,0.100629622363333
Pseudodiploria204365,0.0950194072137561
Pseudodiploria204366,0.501321711010813
Pseudodiploria204367,-0.209759930555606
Pseudodiploria204369,0.184632026261346
Pseudodiploria204371,-0.348235532673974
Pseudodiploria204372,0.600919496019601
Pseudodiploria204373,0.246898464261443
Pseudodiploria204374,-0.00886187327772755
Pseudodiploria204376,0.27097066850591
Pseudodiploria204377,0.0151953909504768
Pseudodiploria204378,-0.136781534920243
Pseudodiploria204379,0.126913713179883
Pseudodiploria204380,-0.277595197338165
Pseudodiploria204382,-0.439419215144079
Pseudodiploria204384,-0.103896810647826
Pseudodiploria204385,-0.225079088026366
Pseudodiploria204386,-0.0445633870021091
Pseudodiploria204387,0.457718398767319
Pseudodiploria204388,-0.0382798972521331
Pseudodiploria204389,0.433997309996181
Pseudodiploria204390,-0.202239415690323
Pseudodiploria204391,0.166091482250073
Pseudodiploria204395,-0.922777220201643
Pseudodiploria204396,0.076485119208047
Pseudodiploria204397,-0.595602049696411
Pseudodiploria204398,0.743119620384893
Pseudodiploria204399,-0.234576161238117
Pseudodiploria204400,-0.00911084607579903
Pseudodiploria204402,0.0354875682242047
Pseudodiploria204404,-0.323027877914525
Pseudodiploria204405,0.288843606244467
Pseudodiploria204406,0.122699817441833
Pseudodiploria204407,0.487015674834092
Pseudodiploria204409,0.204302232470485
Pseudodiploria204412,-0.141453282513667
Pseudodiploria204413,0.210378463956134
Pseudodiploria204414,0.019204284055109
Pseudodiploria204415,-0.154069133519417
Pseudodiploria204418,-0.232768510305836
Pseudodiploria204419,-0.430229345471292
Pseudodiploria204420,-0.131878187170915
Pseudodiploria204421,-0.18159423229089
Pseudodiploria204422,-0.16685760027635
Pseudodiploria204423,0.079907192764725
Pseudodiploria204424,-0.544798624437959
Pseudodiploria204425,-0.130391503836188
Pseudodiploria204430,0.159505704057604
Pseudodiploria204431,0.458073216157685
Pseudodiploria204432,-0.181536690493226
Pseudodiploria204433,0.135612151101203
Pseudodiploria204434,-0.0907531330657494
Pseudodiploria204435,-0.445106981185333
Pseudodiploria204436,-0.420894646526704
Pseudodiploria204437,0.0253959021445137
Pseudodiploria204438,0.260894641814238
Pseudodiploria204440,-0.0461706652760023
Pseudodiploria204441,-0.343474116878834
Pseudodiploria204442,-0.34433942208067
Pseudodiploria204443,0.0769726886150534
Pseudodiploria204444,0.306548703465964
Pseudodiploria204446,0.356389010650299
Pseudodiploria204447,-0.07502843584038
Pseudodiploria204448,0.0566074350484503
Pseudodiploria204449,0.0338892268543956
Pseudodiploria204452,0.304858966339895
Pseudodiploria204455,0.115834671856414
Pseudodiploria204457,-0.119366871074292
Pseudodiploria204458,0.209591550242529
Pseudodiploria204459,0.0910367801722391
Pseudodiploria204460,0.394020014549007
Pseudodiploria204461,-0.00235066135819915
Pseudodiploria204462,0.378621696871737
Pseudodiploria204464,-0.19195482273534
Pseudodiploria204468,0.491386595973258
Pseudodiploria204469,0.21715573280838
Pseudodiploria204470,0.0135669268874897
Pseudodiploria204472,0.319527535901449
Pseudodiploria204473,-0.0699627906147994
Pseudodiploria204474,0.182379789585079
Pseudodiploria204477,0.131562188573273
Pseudodiploria204481,-0.297271948338561
Pseudodiploria204483,0.000557854058521588
Pseudodiploria204484,0.0487020348853194
Pseudodiploria204485,-0.0463950532772277
Pseudodiploria204486,-0.238898193416905
Pseudodiploria204488,0.0437542395412052
Pseudodiploria204490,-0.136329987903531
Pseudodiploria204491,0.615934768951727
Pseudodiploria204492,-0.320436284537355
Pseudodiploria204493,0.173194774770098
Pseudodiploria204495,0.149967721522366
Pseudodiploria204496,0.138273208489568
Pseudodiploria204497,0.6704184453971
Pseudodiploria204498,0.194412837788174
Pseudodiploria204499,-0.551291470397877
Pseudodiploria204500,0.532217742124453
Pseudodiploria204501,-0.200427344202557
Pseudodiploria204502,0.195757731207806
Pseudodiploria204503,0.644152519910433
Pseudodiploria204504,0.601342786157743
Pseudodiploria204505,-0.0107477772266834
Pseudodiploria204506,-0.020429962925693
Pseudodiploria204507,0.357521313922426
Pseudodiploria204508,0.146016612311293
Pseudodiploria204509,-0.712427722013864
Pseudodiploria204510,-0.305043447092844
Pseudodiploria204511,-0.351808829401294
Pseudodiploria204512,-0.23822613897834
Pseudodiploria204513,0.384955113108215
Pseudodiploria204514,0.0932859300074372
Pseudodiploria204515,0.0736854334955414
Pseudodiploria204516,-0.0313850279882725
Pseudodiploria204517,0.388038771359485
Pseudodiploria204519,0.397587005898508
Pseudodiploria204520,0.684704972263207
Pseudodiploria204523,-0.12304699623194
Pseudodiploria204525,0.159731332090788
Pseudodiploria204526,0.329013015217101
Pseudodiploria204527,-0.591302149478177
Pseudodiploria204528,-0.0202967541657223
Pseudodiploria204529,-0.442054342486306
Pseudodiploria204530,0.805040007414576
Pseudodiploria204531,0.00859262550272449
Pseudodiploria204533,0.355128864782352
Pseudodiploria204534,-0.146506621715141
Pseudodiploria204535,0.239862335364701
Pseudodiploria204536,-0.405309868589739
Pseudodiploria204537,-0.419169822217728
Pseudodiploria204540,-0.114173954077839
Pseudodiploria204541,-0.0248691655243096
Pseudodiploria204542,0.315806361033251
Pseudodiploria204545,-0.412612611988828
Pseudodiploria204547,-0.210019989785789
Pseudodiploria204549,0.138698035369439
Pseudodiploria204550,0.16170929418097
Pseudodiploria204553,0.229982781098859
Pseudodiploria204554,-0.212136529235285
Pseudodiploria204555,0.420994481699891
Pseudodiploria204556,0.221959892963385
Pseudodiploria204557,0.0214303487550646
Pseudodiploria204559,0.151096994808608
Pseudodiploria204560,-0.277162939217257
Pseudodiploria204562,-0.173819813740647
Pseudodiploria204563,0.115829622049094
Pseudodiploria204564,0.252082560287703
Pseudodiploria204565,0.427015361263991
Pseudodiploria204566,0.301245744245088
Pseudodiploria204567,-0.330095917847324
Pseudodiploria204569,0.839160699360384
Pseudodiploria204570,-0.036395153323863
Pseudodiploria204571,0.133339600700883
Pseudodiploria204572,-0.0746570611647186
Pseudodiploria204573,-0.642825278691526
Pseudodiploria204574,0.232902958816876
Pseudodiploria204579,0.0456874627853214
Pseudodiploria204580,-0.244517227370976
Pseudodiploria204581,0.0044103196080427
Pseudodiploria204582,0.179669004329603
Pseudodiploria204583,0.0383669831449925
Pseudodiploria204586,0.341249620369712
Pseudodiploria204587,-0.0433289328369261
Pseudodiploria204588,0.0682038073975574
Pseudodiploria204589,-0.198000612957836
Pseudodiploria204590,-0.498166129679803
Pseudodiploria204591,0.369020908662919
Pseudodiploria204594,0.135222267346082
Pseudodiploria204595,0.419320769342875
Pseudodiploria204596,-0.233686690580303
Pseudodiploria204597,0.569775423349146
Pseudodiploria204599,0.265107036480846
Pseudodiploria204602,-0.038158955064037
Pseudodiploria204603,0.258334950877383
Pseudodiploria204604,-0.465621517024284
Pseudodiploria204605,0.28528603618431
Pseudodiploria204606,-0.00922105672823552
Pseudodiploria204607,0.181033274039024
Pseudodiploria204608,-0.212714900970421
Pseudodiploria204609,-0.455518861769868
Pseudodiploria204613,0.179915237166057
Pseudodiploria204615,-0.295503810259386
Pseudodiploria204618,-0.000195693387529382
Pseudodiploria204619,-0.897321005532006
Pseudodiploria204620,-0.0059697259585797
Pseudodiploria204622,-0.413688459488459
Pseudodiploria204623,-0.0408875781559194
Pseudodiploria204624,-0.26616737218618
Pseudodiploria204625,-0.0844696130412262
Pseudodiploria204626,-0.0826447292526483
Pseudodiploria204627,-0.114569940504608
Pseudodiploria204628,0.469485866583692
Pseudodiploria204629,0.475852882657862
Pseudodiploria204631,-0.377135699873872
Pseudodiploria204632,0.733694830043658
Pseudodiploria204633,0.0478904920563808
Pseudodiploria204634,-0.00736339859501967
Pseudodiploria204635,0.262841154686103
Pseudodiploria204636,0.0741193360451969
Pseudodiploria204637,0.153685817722576
Pseudodiploria204638,-0.240575207890689
Pseudodiploria204639,-0.0765746037966103
Pseudodiploria204640,-0.0456360634987303
Pseudodiploria204641,-0.534602017079145
Pseudodiploria204642,0.308171612767676
Pseudodiploria204643,0.274830350390903
Pseudodiploria204645,-0.090628444573717
Pseudodiploria204647,0.256353262807397
Pseudodiploria204648,0.0652220234413201
Pseudodiploria204649,0.421741049176855
Pseudodiploria204650,-0.383150171154602
Pseudodiploria204651,-0.261464734954802
Pseudodiploria204652,-0.00967877839974081
Pseudodiploria204653,-0.113768639150039
Pseudodiploria204654,-0.434552397083758
Pseudodiploria204655,0.115697309092588
Pseudodiploria204656,-0.0578594732372591
Pseudodiploria204657,0.155177289375694
Pseudodiploria204658,-0.360130358561822
Pseudodiploria204659,-0.147255397073339
Pseudodiploria204661,-0.250965413452412
Pseudodiploria204662,-0.20839631033911
Pseudodiploria204663,0.0862581719356883
Pseudodiploria204664,-0.282946004902972
Pseudodiploria204665,1.08704648969411
Pseudodiploria204667,-0.40849664892163
Pseudodiploria204668,-0.666826541544839
Pseudodiploria204670,0.607410290643133
Pseudodiploria204672,-0.0277507719887124
Pseudodiploria204673,0.224023585520407
Pseudodiploria204675,-0.169809253310938
Pseudodiploria204676,0.0687597516883564
Pseudodiploria204681,-0.0355778303140685
Pseudodiploria204683,-0.814562551415826
Pseudodiploria204684,0.281702940095085
Pseudodiploria204685,0.0138930502221958
Pseudodiploria204687,0.273773578151993
Pseudodiploria204688,-0.0620518962214498
Pseudodiploria204689,0.161095113387461
Pseudodiploria204690,0.0188927036890235
Pseudodiploria204691,-0.270942687403411
Pseudodiploria204692,0.26871536769953
Pseudodiploria204693,-0.042574308037561
Pseudodiploria204694,0.209857254047204
Pseudodiploria204695,0.0792345457570213
Pseudodiploria204696,-0.274260767094355
Pseudodiploria204697,-0.651802612354838
Pseudodiploria204699,0.453213772023653
Pseudodiploria204700,0.463842007490722
Pseudodiploria204701,0.0850003366751764
Pseudodiploria204702,-0.166161587726534
Pseudodiploria204704,-0.67198236822674
Pseudodiploria204705,0.108070510754662
Pseudodiploria204706,0.758372937739126
Pseudodiploria204707,-0.0474330493300748
Pseudodiploria204708,-0.551004755710503
Pseudodiploria204709,-0.219315422836128
Pseudodiploria204710,0.121351504797439
Pseudodiploria204711,0.211457986072706
Pseudodiploria204712,0.275867879970615
Pseudodiploria204715,0.495795730432972
Pseudodiploria204716,-0.314398520678944
Pseudodiploria204717,0.0771390414334177
Pseudodiploria204718,-0.103974675612279
Pseudodiploria204719,0.00211457801109786
Pseudodiploria204721,0.0740169628813497
Pseudodiploria204722,0.0107485018244709
Pseudodiploria204723,0.426573280447942
Pseudodiploria204724,0.146512496651622
Pseudodiploria204726,0.0233279314037717
Pseudodiploria204728,0.162903889212686
Pseudodiploria204729,0.165238089196912
Pseudodiploria204730,0.221579850528123
Pseudodiploria204731,0.244995069281981
Pseudodiploria204732,0.073847758800855
Pseudodiploria204733,0.194726745774777
Pseudodiploria204734,0.263800458272308
Pseudodiploria204735,0.22579967811882
Pseudodiploria204736,-0.0999456482138213
Pseudodiploria204738,-0.434640173548138
Pseudodiploria204739,0.490245536345522
Pseudodiploria204740,0.0110693899431556
Pseudodiploria204741,-0.331703262072549
Pseudodiploria204742,0.421356007196545
Pseudodiploria204743,0.0889482184100293
Pseudodiploria204744,0.0614394175987592
Pseudodiploria204745,0.409150342845594
Pseudodiploria204746,0.206372006921125
Pseudodiploria204747,-0.088888300709362
Pseudodiploria204748,0.347784425059146
Pseudodiploria204749,0.731069180897112
Pseudodiploria204750,-0.106241831435433
Pseudodiploria204751,0.137102713362688
Pseudodiploria204753,0.265747365230022
Pseudodiploria204754,0.101004156062929
Pseudodiploria204755,-0.284357421423827
Pseudodiploria204756,0.472836912219385
Pseudodiploria204758,0.83307523069455
Pseudodiploria204759,0.230679901318666
Pseudodiploria204760,0.0697658787041252
Pseudodiploria204761,0.151111524882243
Pseudodiploria204762,0.384904520647538
Pseudodiploria204763,-0.0173294514422219
Pseudodiploria204764,-0.115809138778162
Pseudodiploria204765,0.34567032195699
Pseudodiploria204767,-0.1692044746021
Pseudodiploria204768,0.212916795755859
Pseudodiploria204769,-0.259075774206194
Pseudodiploria204770,0.0266855663011718
Pseudodiploria204771,0.00307153888999512
Pseudodiploria204772,0.00434243808578803
Pseudodiploria204773,-0.0218231545562969
Pseudodiploria204774,0.119537178019502
Pseudodiploria204775,0.211202566293433
Pseudodiploria204776,-0.0142693181181884
Pseudodiploria204777,-0.0170577754613568
Pseudodiploria204778,-0.0823588446608327
Pseudodiploria204779,0.00942016673010692
Pseudodiploria204780,-0.966132967520924
Pseudodiploria204781,0.0957181202698709
Pseudodiploria204783,-0.0564111160673732
Pseudodiploria204784,0.100068959272198
Pseudodiploria204785,0.296489126607652
Pseudodiploria204787,-0.311804280151487
Pseudodiploria204788,0.0951928821736972
Pseudodiploria204789,0.506629038983837
Pseudodiploria204790,-0.00701736831058641
Pseudodiploria204791,-0.143827898919794
Pseudodiploria204792,0.242112974181142
Pseudodiploria204793,-0.0751424393676533
Pseudodiploria204794,-0.0891069408747392
Pseudodiploria204795,0.217889147327585
Pseudodiploria204796,0.0796333642469864
Pseudodiploria204797,-0.147784116951364
Pseudodiploria204798,0.0832105186624534
Pseudodiploria204799,0.396173876820924
Pseudodiploria204800,0.0330055317708778
Pseudodiploria204801,0.185265797175022
Pseudodiploria204802,-0.0721479016439494
Pseudodiploria204803,0.195969129407908
Pseudodiploria204804,-0.196172226059082
Pseudodiploria204805,0.415109879105657
Pseudodiploria204807,0.142751191178154
Pseudodiploria204808,-0.315508206889602
Pseudodiploria204809,-0.709743299778313
Pseudodiploria204810,0.43301284084493
Pseudodiploria204811,0.54243526681214
Pseudodiploria204812,-0.121392192017122
Pseudodiploria204813,-0.0810292948809467
Pseudodiploria204814,-0.250901634687105
Pseudodiploria204815,-0.981562164714513
Pseudodiploria204816,0.0433616843324603
Pseudodiploria204818,0.122433380007914
Pseudodiploria204819,-0.452889252191054
Pseudodiploria204820,-0.121627512679351
Pseudodiploria204822,-0.0261009650796716
Pseudodiploria204823,0.100146285919841
Pseudodiploria204827,-0.265377831879724
Pseudodiploria204828,-0.385892464588349
Pseudodiploria204829,-0.266188787889454
Pseudodiploria204830,0.513305580719721
Pseudodiploria204831,-0.291023077492543
Pseudodiploria204832,0.0280955551664704
Pseudodiploria204833,0.203677981110923
Pseudodiploria204834,0.2427171921791
Pseudodiploria204835,0.277953591806237
Pseudodiploria204836,0.175981931150229
Pseudodiploria204837,-0.386514477441889
Pseudodiploria204838,0.221396445320292
Pseudodiploria204840,0.0158408647733791
Pseudodiploria204841,-0.0811295558178834
Pseudodiploria204842,0.0220930649603812
Pseudodiploria204843,0.416113538178644
Pseudodiploria204844,-0.0120094071226673
Pseudodiploria204845,-0.038826330916217
Pseudodiploria204846,0.0510900680301315
Pseudodiploria204847,0.113050124398574
Pseudodiploria204848,-0.0415342037567616
Pseudodiploria204849,-0.0215113283195503
Pseudodiploria204850,-0.148104296834418
Pseudodiploria204852,0.269641169332976
Pseudodiploria204853,0.0969618108388663
Pseudodiploria204854,-0.333758288402465
Pseudodiploria204855,0.0441287117450513
Pseudodiploria204856,-0.0498342975413399
Pseudodiploria204857,0.24490902087896
Pseudodiploria204858,-0.117066677038321
Pseudodiploria204859,-0.542291896260359
Pseudodiploria204860,0.227699932506949
Pseudodiploria204861,0.0628983384270696
Pseudodiploria204862,-0.0560371421282454
Pseudodiploria204863,-0.140063498725016
Pseudodiploria204864,0.0598360243123192
Pseudodiploria204866,0.0105774797393233
Pseudodiploria204868,-0.374945435338055
Pseudodiploria204869,-0.0811852067582923
Pseudodiploria204870,0.524042498869694
Pseudodiploria204872,0.532530549421181
Pseudodiploria204873,-0.0251975208511867
Pseudodiploria204874,0.324758990740669
Pseudodiploria204876,0.287687822280796
Pseudodiploria204878,0.294546603720639
Pseudodiploria204879,0.360316949513991
Pseudodiploria204882,-0.404264285448331
Pseudodiploria204883,0.135005378952651
Pseudodiploria204884,0.088830748118279
Pseudodiploria204885,0.040564959807548
Pseudodiploria204886,0.0702795266117473
Pseudodiploria204887,0.276621428518463
Pseudodiploria204888,1.02088010760753
Pseudodiploria204889,0.38324094449224
Pseudodiploria204890,0.425122728869425
Pseudodiploria204891,0.629337273521364
Pseudodiploria204892,0.136806491310892
Pseudodiploria204893,-0.146531788374288
Pseudodiploria204895,0.072161555796291
Pseudodiploria204897,-0.0321585290293593
Pseudodiploria204898,-0.0766106175407973
Pseudodiploria204899,-0.153717368717992
Pseudodiploria204900,-0.0166490794749464
Pseudodiploria204901,-0.367481374260763
Pseudodiploria204902,0.363120785594757
Pseudodiploria204903,0.10926493391986
Pseudodiploria204905,-0.236313258321084
Pseudodiploria204906,-0.0546567718679586
Pseudodiploria204908,-0.447669202954422
Pseudodiploria204909,-0.445727745536404
Pseudodiploria204910,-0.213957329218356
Pseudodiploria204911,0.131890503291369
Pseudodiploria204912,-0.198179863149057
Pseudodiploria204913,-0.171888474816842
Pseudodiploria204914,0.512541901034766
Pseudodiploria204915,-0.302329749747665
Pseudodiploria204916,0.040413860416197
Pseudodiploria204917,0.0612981703802967
Pseudodiploria204920,-0.211359976442862
Pseudodiploria204922,-0.169424662097151
Pseudodiploria204923,0.0284766710249583
Pseudodiploria204924,-0.0475129846280032
Pseudodiploria204925,0.350542903142697
Pseudodiploria204929,-0.134188980193731
Pseudodiploria204930,0.0866531163466607
Pseudodiploria204932,-0.607575394113353
Pseudodiploria204933,0.135993192956619
Pseudodiploria204934,0.194987441769374
Pseudodiploria204935,-0.0367187220335663
Pseudodiploria204936,-0.96978202742667
Pseudodiploria204937,-0.0909496653611575
Pseudodiploria204938,-0.0767145512808431
Pseudodiploria204940,-0.544895495514553
Pseudodiploria204941,-0.122588869929367
Pseudodiploria204943,-0.100167942033149
Pseudodiploria204944,0.552777323776376
Pseudodiploria204945,0.0489351318248145
Pseudodiploria204947,0.00126465056906332
Pseudodiploria204949,-0.210721599481872
Pseudodiploria204950,0.178856759885624
Pseudodiploria204951,0.213463124869868
Pseudodiploria204952,0.35065536868446
Pseudodiploria204953,-0.107964893645665
Pseudodiploria204954,0.168509508883517
Pseudodiploria204955,0.047674012352944
Pseudodiploria204957,-0.0481467498423426
Pseudodiploria204958,0.0728779901260193
Pseudodiploria204959,0.0774224456082391
Pseudodiploria204961,0.337257780396232
Pseudodiploria204962,-0.104399834346435
Pseudodiploria204963,-0.508193738075172
Pseudodiploria204965,0.139115730438639
Pseudodiploria204967,-0.135751270027179
Pseudodiploria204968,0.145230485810873
Pseudodiploria204969,0.374080664372675
Pseudodiploria204970,0.165626493014729
Pseudodiploria204971,0.486223827667009
Pseudodiploria204974,0.209114068693689
Pseudodiploria204975,-0.241264618338422
Pseudodiploria204977,0.62398990491616
Pseudodiploria204979,0.342455585986613
Pseudodiploria204980,-0.0620879757716169
Pseudodiploria204981,0.390395492119184
Pseudodiploria204982,-0.416288995889129
Pseudodiploria204983,-0.358263621745538
Pseudodiploria204984,-0.282740191242711
Pseudodiploria204985,-0.210945910879235
Pseudodiploria204986,0.0928577252193801
Pseudodiploria204987,0.121592787120545
Pseudodiploria204988,0.162023757067046
Pseudodiploria204989,0.122328249745694
Pseudodiploria204990,-0.0986040388481249
Pseudodiploria204991,1.27004049748478
Pseudodiploria204994,-0.104173269248451
Pseudodiploria204995,-0.311637570257106
Pseudodiploria204997,-0.925527182851594
Pseudodiploria204998,-0.0846854352206735
Pseudodiploria204999,-0.000641686663762712
Pseudodiploria205000,-0.290213781373323
Pseudodiploria205001,0.987139258971698
Pseudodiploria205002,-0.108336195655595
Pseudodiploria205004,-0.175000598253754
Pseudodiploria205005,0.0270114191036516
Pseudodiploria205006,0.45683870650649
Pseudodiploria205007,0.464509800042877
Pseudodiploria205008,-0.389639663499337
Pseudodiploria205009,0.0131905417459855
Pseudodiploria205010,-0.172079471610037
Pseudodiploria205011,0.440622731557621
Pseudodiploria205012,0.55963409237594
Pseudodiploria205013,-0.231884358926789
Pseudodiploria205016,-0.832168921873327
Pseudodiploria205017,0.306029499701829
Pseudodiploria205018,-0.17848470178116
Pseudodiploria205020,-0.434785072129683
Pseudodiploria205021,-0.531101712289797
Pseudodiploria205022,-0.71636481346915
Pseudodiploria205023,-0.145921942692183
Pseudodiploria205024,-0.370661011897196
Pseudodiploria205025,0.537683619283739
Pseudodiploria205026,-0.226370879069333
Pseudodiploria205029,0.0676581395844198
Pseudodiploria205032,0.0744887106499496
Pseudodiploria205033,0.375004585595601
Pseudodiploria205034,-0.630475544699423
Pseudodiploria205035,-0.549708319720017
Pseudodiploria205036,0.315500012974823
Pseudodiploria205037,-0.168180168239544
Pseudodiploria205038,0.0310412966345612
Pseudodiploria205039,-0.0968752527062066
Pseudodiploria205040,0.188889832387856
Pseudodiploria205041,0.107762687159239
Pseudodiploria205042,-0.0497056760253109
Pseudodiploria205043,0.0525698741816112
Pseudodiploria205044,-0.300356834102236
Pseudodiploria205045,0.375655235245932
Pseudodiploria205046,0.0169014376609922
Pseudodiploria205047,0.139544945037964
Pseudodiploria205048,0.107873631166616
Pseudodiploria205050,-0.147129016393615
Pseudodiploria205051,0.995755556198294
Pseudodiploria205052,-0.229390656391134
Pseudodiploria205053,0.0946992116616091
Pseudodiploria205054,-0.0725161609431157
Pseudodiploria205055,0.747647062551849
Pseudodiploria205057,-0.322539203474479
Pseudodiploria205058,0.0125591346796968
Pseudodiploria205059,-0.0714779071879226
Pseudodiploria205060,0.0610151029018402
Pseudodiploria205061,0.334993915250218
Pseudodiploria205062,0.97340835830592
Pseudodiploria205063,-0.320056680344306
Pseudodiploria205064,0.246449142302316
Pseudodiploria205065,-0.0479130739733246
Pseudodiploria205066,-0.0245840247468295
Pseudodiploria205067,0.271824534073225
Pseudodiploria205068,0.333346961938343
Pseudodiploria205070,0.0412627658728531
Pseudodiploria205071,-0.267569892626627
Pseudodiploria205073,-0.0981669006384418
Pseudodiploria205074,0.641862620396818
Pseudodiploria205076,0.382057963137308
Pseudodiploria205077,0.436805198258341
Pseudodiploria205078,-0.0724329478920301
Pseudodiploria205080,-0.382105755234028
Pseudodiploria205081,0.146269414935492
Pseudodiploria205082,0.835919294083233
Pseudodiploria205083,0.198559342060509
Pseudodiploria205084,-0.106740652692954
Pseudodiploria205085,-0.125437113631177
Pseudodiploria205086,-0.102818621173484
Pseudodiploria205087,-0.0527590808415499
Pseudodiploria205088,-0.35895379394708
Pseudodiploria205089,0.023389896155397
Pseudodiploria205090,0.0643406410869161
Pseudodiploria205091,-0.110282436591563
Pseudodiploria205092,-0.44007709859371
Pseudodiploria205093,-0.221800521841126
Pseudodiploria205094,-0.39517826340769
Pseudodiploria205097,0.573169081261134
Pseudodiploria205099,-0.020387168879697
Pseudodiploria205100,-0.0181817188306341
Pseudodiploria205101,-0.222176272973222
Pseudodiploria205102,0.667426965136089
Pseudodiploria205103,-0.195508599491892
Pseudodiploria205104,-0.0664079210139819
Pseudodiploria205105,0.146951874569759
Pseudodiploria205106,-0.10172338180587
Pseudodiploria205107,-0.0328533957032178
Pseudodiploria205108,-0.0591908430781061
Pseudodiploria205109,-0.281869295059329
Pseudodiploria205110,0.165742797298041
Pseudodiploria205111,0.363448093433392
Pseudodiploria205112,-0.241162230933121
Pseudodiploria205113,-0.155047414727839
Pseudodiploria205115,-0.288988672488709
Pseudodiploria205116,0.346180625578358
Pseudodiploria205117,0.367942774560332
Pseudodiploria205118,0.26121086458019
Pseudodiploria205120,0.014119386915791
Pseudodiploria205121,0.422503406075684
Pseudodiploria205122,-0.156641850706453
Pseudodiploria205123,0.079325311035559
Pseudodiploria205124,-1.06715068135931
Pseudodiploria205125,0.085880539321524
Pseudodiploria205126,-0.118105621479933
Pseudodiploria205128,0.318707483475105
Pseudodiploria205129,-0.407481583643593
Pseudodiploria205130,0.091618305215726
Pseudodiploria205131,0.121389667363332
Pseudodiploria205134,-0.0986625774937361
Pseudodiploria205136,0.425698657336812
Pseudodiploria205137,0.398959716999445
Pseudodiploria205138,0.187853887024645
Pseudodiploria205139,0.16292934492025
Pseudodiploria205140,-0.0464805936632564
Pseudodiploria205141,-0.159919667245442
Pseudodiploria205142,-0.511290963807881
Pseudodiploria205143,-0.153989150368688
Pseudodiploria205144,0.101116231596224
Pseudodiploria205146,0.319636681331245
Pseudodiploria205147,-0.0280485233386635
Pseudodiploria205148,0.764509350262618
Pseudodiploria205149,-0.141403195541515
Pseudodiploria205151,0.255761637988411
Pseudodiploria205152,0.205265325361763
Pseudodiploria205153,0.393021173754614
Pseudodiploria205154,-0.490306020118991
Pseudodiploria205156,0.0674070033306784
Pseudodiploria205157,0.479733493827001
Pseudodiploria205158,-2.54088394800829
Pseudodiploria205159,0.131807680641409
Pseudodiploria205160,0.11938999078719
Pseudodiploria205162,0.858662536413167
Pseudodiploria205163,0.18167283519918
Pseudodiploria205164,0.513045358144909
Pseudodiploria205165,-0.123767452121975
Pseudodiploria205166,-0.107388782476795
Pseudodiploria205168,0.141803141696099
Pseudodiploria205169,0.181828004364434
Pseudodiploria205170,0.0090906640266528
Pseudodiploria205171,0.340091909759215
Pseudodiploria205172,-0.317611940669441
Pseudodiploria205173,-0.0288720289430939
Pseudodiploria205174,0.803757464485553
Pseudodiploria205176,0.540401498835196
Pseudodiploria205177,0.0405927244304446
Pseudodiploria205178,0.0325241750713447
Pseudodiploria205179,0.21115368139307
Pseudodiploria205180,0.227434999090595
Pseudodiploria205182,0.0771096907640854
Pseudodiploria205183,-0.0533867527915216
Pseudodiploria205184,-0.0803428210253881
Pseudodiploria205186,0.0254669956098113
Pseudodiploria205187,0.27112213200631
Pseudodiploria205188,0.244950770252271
Pseudodiploria205189,0.568210105119258
Pseudodiploria205191,0.153576213307451
Pseudodiploria205192,0.121190321337611
Pseudodiploria205193,0.217472065497675
Pseudodiploria205195,0.27914604632245
Pseudodiploria205196,1.08520325701558
Pseudodiploria205197,-0.129227066066794
Pseudodiploria205198,-0.20951417347616
Pseudodiploria205200,-0.15876833404758
Pseudodiploria205201,-0.0956227978293953
Pseudodiploria205202,0.0867573924170722
Pseudodiploria205203,-0.112169224214087
Pseudodiploria205204,-0.119463287344194
Pseudodiploria205205,0.000199155045512937
Pseudodiploria205206,0.300119636249721
Pseudodiploria205208,0.564369987009159
Pseudodiploria205209,0.317229124647625
Pseudodiploria205210,0.399736062814906
Pseudodiploria205211,0.0538869048404388
Pseudodiploria205212,-0.224465316041427
Pseudodiploria205213,1.31165083607818
Pseudodiploria205215,0.244116246438535
Pseudodiploria205216,0.133763583897828
Pseudodiploria205217,0.957139313633802
Pseudodiploria205218,-0.0756194704469338
Pseudodiploria205219,-0.470145581431572
Pseudodiploria205220,-0.0728721078235485
Pseudodiploria205221,0.214431694697221
Pseudodiploria205222,-0.0712951255026264
Pseudodiploria205223,0.361747378788297
Pseudodiploria205224,-0.0208210788046644
Pseudodiploria205225,0.362200321202766
Pseudodiploria205226,-0.0337131723253667
Pseudodiploria205227,0.189360401714418
Pseudodiploria205228,0.033894739327354
Pseudodiploria205229,-0.0363788969687095
Pseudodiploria205230,-0.770996454051613
Pseudodiploria205231,-0.0455758114918698
Pseudodiploria205232,0.0491933973353218
Pseudodiploria205233,-1.2181549327658
Pseudodiploria205234,-0.122998871142512
Pseudodiploria205235,0.183093523509055
Pseudodiploria205237,0.412765938036121
Pseudodiploria205238,-0.0679820028232949
Pseudodiploria205239,0.332472128919489
Pseudodiploria205240,0.222630297763393
Pseudodiploria205241,0.284795028526615
Pseudodiploria205242,0.186694946901976
Pseudodiploria205243,0.198962751209401
Pseudodiploria205244,0.0529431184879616
Pseudodiploria205245,-0.0583169410178056
Pseudodiploria205246,-0.0979970594328132
Pseudodiploria205247,0.397758416794053
Pseudodiploria205248,0.0477063739272542
Pseudodiploria205250,-0.0458673295977536
Pseudodiploria205252,0.389518540412298
Pseudodiploria205253,-0.224574601136612
Pseudodiploria205254,-0.157465768750073
Pseudodiploria205255,0.0144599160620514
Pseudodiploria205256,0.0436170584675161
Pseudodiploria205257,-0.195298051126176
Pseudodiploria205258,-0.276295278075975
Pseudodiploria205259,-0.165139829706147
Pseudodiploria205260,0.0572964199772485
Pseudodiploria205261,-0.214218152191773
Pseudodiploria205262,-0.302461200608227
Pseudodiploria205263,0.150729936361518
Pseudodiploria205264,0.171814776552226
Pseudodiploria205265,-0.259362639769198
Pseudodiploria205266,0.197375253845501
Pseudodiploria205267,-0.0455576852675815
Pseudodiploria205268,0.285804739334317
Pseudodiploria205269,-0.0747147655000383
Pseudodiploria205272,-0.0169593793714278
Pseudodiploria205273,0.0491383857809051
Pseudodiploria205274,-0.60559783135266
Pseudodiploria205275,0.225687313864268
Pseudodiploria205276,-0.0485719780289075
Pseudodiploria205277,-0.0319150861482932
Pseudodiploria205278,0.315568516934848
Pseudodiploria205279,0.0795424750384867
Pseudodiploria205281,-0.221230943462637
Pseudodiploria205282,-0.694028344055254
Pseudodiploria205283,0.722581971646015
Pseudodiploria205284,-0.0867747894906442
Pseudodiploria205285,-0.699452808755493
Pseudodiploria205286,-0.0393813746369995
Pseudodiploria205287,0.000594908350945785
Pseudodiploria205288,0.395799253630306
Pseudodiploria205289,-0.488671850237261
Pseudodiploria205290,-0.0429516004051757
Pseudodiploria205291,0.172476042099978
Pseudodiploria205292,-0.333192871881939
Pseudodiploria205293,0.200193923834467
Pseudodiploria205294,0.112328655437067
Pseudodiploria205295,-0.389910312290148
Pseudodiploria205296,-0.053252493390254
Pseudodiploria205297,0.12724676481092
Pseudodiploria205298,-0.000867302860912087
Pseudodiploria205299,-0.193492535001872
Pseudodiploria205300,0.0490044161174185
Pseudodiploria205301,0.520431928296234
Pseudodiploria205302,0.380777865890346
Pseudodiploria205304,-0.152770237528487
Pseudodiploria205305,-0.0217717648898592
Pseudodiploria205306,0.647615486624917
Pseudodiploria205307,-0.0582484971761019
Pseudodiploria205308,-0.0135444015774384
Pseudodiploria205309,0.158617090643036
Pseudodiploria205311,-0.0700632304313933
Pseudodiploria205312,0.125434663668698
Pseudodiploria205313,-0.128384033465486
Pseudodiploria205314,0.037798767181007
Pseudodiploria205315,0.109615186559085
Pseudodiploria205316,0.0301339615469549
Pseudodiploria205317,-0.332557917790698
Pseudodiploria205318,-0.0747716802504343
Pseudodiploria205319,-0.00659276760277852
Pseudodiploria205320,-0.288348201822904
Pseudodiploria205321,0.117369468735003
Pseudodiploria205322,0.0625489029729606
Pseudodiploria205323,-0.430928866826597
Pseudodiploria205324,-0.23857229309416
Pseudodiploria205325,-0.547546294874022
Pseudodiploria205326,0.155736410735636
Pseudodiploria205327,-0.0133015608528987
Pseudodiploria205328,0.0515940552517593
Pseudodiploria205329,-0.0450912237299169
Pseudodiploria205330,0.204077927929577
Pseudodiploria205331,-0.178673002901241
Pseudodiploria205332,0.6437371467376
Pseudodiploria205333,0.164224438025157
Pseudodiploria205334,0.0647001337889513
Pseudodiploria205336,0.380929090961059
Pseudodiploria205337,0.808209991296997
Pseudodiploria205338,0.0830299300612504
Pseudodiploria205339,0.253948939150578
Pseudodiploria205340,-0.0418759192506502
Pseudodiploria205343,0.182457236179215
Pseudodiploria205344,-0.0641888600492965
Pseudodiploria205345,0.0234278062254137
Pseudodiploria205346,-0.330284567754116
Pseudodiploria205347,0.213132644318196
Pseudodiploria205348,-0.00956866775178873
Pseudodiploria205349,0.0261968911920483
Pseudodiploria205350,-0.0801632241128509
Pseudodiploria205351,0.144341403553545
Pseudodiploria205352,0.0978534794440435
Pseudodiploria205353,-0.0289315362743057
Pseudodiploria205354,0.0942834969508261
Pseudodiploria205355,0.33047817972936
Pseudodiploria205356,-0.146560911204494
Pseudodiploria205357,0.151110851341347
Pseudodiploria205358,-0.00296992473990171
Pseudodiploria205359,-0.104481387794258
Pseudodiploria205360,0.161730698312847
Pseudodiploria205361,-0.358031937011027
Pseudodiploria205362,-0.163646903053084
Pseudodiploria205363,0.643873391902661
Pseudodiploria205365,-0.212516123990739
Pseudodiploria205366,-0.00221186630556841
Pseudodiploria205367,-0.453845276463308
Pseudodiploria205368,-0.132720902014211
Pseudodiploria205369,0.167491109959494
Pseudodiploria205370,0.0607679722397711
Pseudodiploria205371,0.202208092412274
Pseudodiploria205372,-0.00716551156810125
Pseudodiploria205374,0.449152428281019
Pseudodiploria205375,-0.0213202602318986
Pseudodiploria205376,0.165645684551488
Pseudodiploria205377,0.205831811625782
Pseudodiploria205378,0.0334955754306873
Pseudodiploria205379,-0.112195394040346
Pseudodiploria205380,0.238290309912904
Pseudodiploria205382,0.283989796598908
Pseudodiploria205383,0.0151947389471201
Pseudodiploria205384,-0.185653587262097
Pseudodiploria205385,1.4659771138359
Pseudodiploria205386,0.175500331282076
Pseudodiploria205387,0.362472345788345
Pseudodiploria205389,0.183839089310765
Pseudodiploria205390,0.000505005222879825
Pseudodiploria205392,-0.0325007194032692
Pseudodiploria205393,0.393073749431875
Pseudodiploria205394,0.275778437150252
Pseudodiploria205395,0.0544114182965552
Pseudodiploria205396,0.0627883694805839
Pseudodiploria205397,0.234219593579322
Pseudodiploria205398,0.121981793626428
Pseudodiploria205399,-0.15941156758099
Pseudodiploria205400,-0.350898089279141
Pseudodiploria205401,0.132261951778537
Pseudodiploria205402,0.324867725249791
Pseudodiploria205403,-0.145337093788934
Pseudodiploria205404,-0.155833743679568
Pseudodiploria205405,-0.0839287485011532
Pseudodiploria205407,0.129614183768308
Pseudodiploria205408,-0.12080954909988
Pseudodiploria205409,0.0811957621051627
Pseudodiploria205410,0.16476963556079
Pseudodiploria205411,0.322642791475568
Pseudodiploria205412,-0.320738702560845
Pseudodiploria205413,-0.0565020701374872
Pseudodiploria205414,0.479688169952542
Pseudodiploria205415,-0.0348075500057081
Pseudodiploria205416,-0.0662065804478201
Pseudodiploria205417,0.234326650515362
Pseudodiploria205418,-0.496462104793046
Pseudodiploria205419,-0.283408889503531
Pseudodiploria205420,0.126714857618337
Pseudodiploria205421,0.104401826518681
Pseudodiploria205422,0.447174988334766
Pseudodiploria205423,-0.254453833799462
Pseudodiploria205424,0.276571195305679
Pseudodiploria205425,-0.201015609253401
Pseudodiploria205426,0.501699957708375
Pseudodiploria205427,0.0219090429889238
Pseudodiploria205428,0.218922696843365
Pseudodiploria205429,0.0245553745528669
Pseudodiploria205430,0.00544399811701954
Pseudodiploria205431,0.179917190126161
Pseudodiploria205432,-0.406283539184699
Pseudodiploria205433,0.119912326463901
Pseudodiploria205434,-0.190338567559359
Pseudodiploria205435,-0.23848385434833
Pseudodiploria205436,0.238689940452821
Pseudodiploria205437,0.298522175808835
Pseudodiploria205438,-0.0223913108978401
Pseudodiploria205439,0.182890226226677
Pseudodiploria205440,-0.151107891400247
Pseudodiploria205441,0.429124700248231
Pseudodiploria205442,-0.0849816601212402
Pseudodiploria205443,1.12554301209522
Pseudodiploria205444,7.16357063913383e-05
Pseudodiploria205445,0.18297831263322
Pseudodiploria205446,0.0186176935808138
Pseudodiploria205447,-0.230776813107172
Pseudodiploria205448,-0.129411234240635
Pseudodiploria205449,-0.0588587184837679
Pseudodiploria205450,-0.0754312931732543
Pseudodiploria205452,-0.0269344851853369
Pseudodiploria205453,0.107364829939427
Pseudodiploria205454,-0.161550918127165
Pseudodiploria205455,-0.193440793327388
Pseudodiploria205456,0.266504793876437
Pseudodiploria205457,0.340000695528484
Pseudodiploria205458,-0.437245019438116
Pseudodiploria205459,-0.103530520436903
Pseudodiploria205460,0.00375937462289778
Pseudodiploria205461,0.185836954027127
Pseudodiploria205462,-0.18452830727848
Pseudodiploria205463,0.0991372049369489
Pseudodiploria205464,-0.194729394623814
Pseudodiploria205465,0.0249794974383647
Pseudodiploria205466,-0.0552103277925675
Pseudodiploria205467,-0.0605420754471951
Pseudodiploria205470,0.589227373824406
Pseudodiploria205471,-0.0496787594039423
Pseudodiploria205472,0.0243975741957929
Pseudodiploria205474,0.17398084716357
Pseudodiploria205475,0.159648026762332
Pseudodiploria205476,-0.225190065833955
Pseudodiploria205477,0.000460509462627066
Pseudodiploria205478,0.241679410292655
Pseudodiploria205479,-0.0395024607066946
Pseudodiploria205480,-0.147374067207514
Pseudodiploria205481,-0.0064549126702753
Pseudodiploria205482,-0.0097828410482895
Pseudodiploria205483,0.00212203992478521
Pseudodiploria205484,-0.145595173271129
Pseudodiploria205485,-0.203102233042835
Pseudodiploria205486,-0.0498172333324855
Pseudodiploria205487,0.0654843350270725
Pseudodiploria205488,-0.346803484697106
Pseudodiploria205489,-0.0386841520171632
Pseudodiploria205490,-0.121951842798756
Pseudodiploria205491,-0.00565255533733956
Pseudodiploria205492,0.209945302218603
Pseudodiploria205493,0.34698208389239
Pseudodiploria205494,0.0522248143816453
Pseudodiploria205495,-0.101714287921067
Pseudodiploria205496,0.251464397350154
Pseudodiploria205497,-0.00571622472957816
Pseudodiploria205498,0.23138155394895
Pseudodiploria205499,-0.0926989171389787
Pseudodiploria205500,-0.168822898065041
Pseudodiploria205501,0.0400005255257439
Pseudodiploria205502,-0.0739639084927939
Pseudodiploria205503,0.0214159709658361
Pseudodiploria205504,-0.0130973601324651
Pseudodiploria205505,-0.063277710432339
Pseudodiploria205506,-0.0116771568838247
Pseudodiploria205507,-0.153851946034424
Pseudodiploria205508,-0.115738281814158
Pseudodiploria205509,-0.35824893342245
Pseudodiploria205510,0.0427732115151972
Pseudodiploria205511,-0.231303667370284
Pseudodiploria205512,-0.345168154485368
Pseudodiploria205513,-0.0738641217606121
Pseudodiploria205514,-0.330248137793353
Pseudodiploria205515,-0.107071937206802
Pseudodiploria205516,-0.207005688662404
Pseudodiploria205517,0.186874881747363
Pseudodiploria205518,0.414846149150376
Pseudodiploria205519,0.239713387608089
Pseudodiploria205520,0.231218686637484
Pseudodiploria205521,0.595262463976066
Pseudodiploria205522,0.0213344074927276
Pseudodiploria205523,0.241366271840261
Pseudodiploria205524,0.0786286827681732
Pseudodiploria205525,-0.0702180491778837
Pseudodiploria205526,-0.403855843088039
Pseudodiploria205527,0.197659599745022
Pseudodiploria205528,-0.30444414374357
Pseudodiploria205529,-0.511359820951842
Pseudodiploria205530,0.0440728005666211
Pseudodiploria205531,0.149666864117055
Pseudodiploria205532,0.147488148133523
Pseudodiploria205533,0.43130098517335
Pseudodiploria205534,0.534869393856182
Pseudodiploria205535,0.135437165245919
Pseudodiploria205536,-0.144440184819719
Pseudodiploria205537,0.0216883588366245
Pseudodiploria205538,0.133386811609812
Pseudodiploria205539,0.233040466819243
Pseudodiploria205540,-0.164356666724093
Pseudodiploria205541,-0.000659275816475858
Pseudodiploria205542,-0.13191107729315
Pseudodiploria205543,0.141076443043615
Pseudodiploria205544,0.399645038316371
Pseudodiploria205545,0.218481400743864
Pseudodiploria205546,0.0941102367944076
Pseudodiploria205547,0.124168162867771
Pseudodiploria205549,-0.255426745805958
Pseudodiploria205550,0.101848745666464
Pseudodiploria205551,0.731843539308175
Pseudodiploria205552,0.0538809169927699
Pseudodiploria205553,0.423402333395618
Pseudodiploria205554,-0.0696772714798121
Pseudodiploria205555,-0.121202394549268
Pseudodiploria205556,-0.204685826332368
Pseudodiploria205557,0.477559559240093
Pseudodiploria205558,0.114931977065227
Pseudodiploria205559,0.109117589623173
Pseudodiploria205560,0.0423219316716091
Pseudodiploria205561,0.0303903932851208
Pseudodiploria205562,-0.127054165278721
Pseudodiploria205563,0.134120816943616
Pseudodiploria205564,-0.0895125139755865
Pseudodiploria205565,-0.163323710957659
Pseudodiploria205566,0.268153167688039
Pseudodiploria205567,-0.490123721411269
Pseudodiploria205568,0.226314761728387
Pseudodiploria205569,-0.215063969536349
Pseudodiploria205570,0.165813452056684
Pseudodiploria205571,-0.243771224202022
Pseudodiploria205572,-0.0761899955619971
Pseudodiploria205573,0.0514752965452168
Pseudodiploria205574,-0.240339294537978
Pseudodiploria205575,0.434459262438744
Pseudodiploria20736,0.0978310287943811
Pseudodiploria214270,-0.51357372232033
Pseudodiploria215462,-0.69238070849933
Pseudodiploria21592,0.965463143578325
Pseudodiploria21626,-0.188746599659625
Pseudodiploria216854,0.342384367152597
Pseudodiploria219147,-0.317578066679312
Pseudodiploria22050,-0.148133497430582
Pseudodiploria222347,-0.796316614360079
Pseudodiploria22562,-0.239667594121319
Pseudodiploria22727,-0.387556654827868
Pseudodiploria22924,0.769511406439815
Pseudodiploria229953,-0.537141601630472
Pseudodiploria232031,-0.0190455326629525
Pseudodiploria233980,-0.548176126052901
Pseudodiploria234131,-0.109121746906793
Pseudodiploria234480,-0.48946156161228
Pseudodiploria234626,-0.295567621060653
Pseudodiploria236055,-0.0711401634846877
Pseudodiploria238978,-0.295153247006373
Pseudodiploria244456,0.143927891584107
Pseudodiploria246332,0.315140374541192
Pseudodiploria24939,-0.943092929216996
Pseudodiploria249717,-0.0795021072948046
Pseudodiploria252869,-0.857017623394236
Pseudodiploria25499,0.792118354738912
Pseudodiploria26035,-0.935254417267628
Pseudodiploria263582,0.473296019974233
Pseudodiploria263983,0.870185592493606
Pseudodiploria264033,0.425092134896957
Pseudodiploria264345,0.141867024355393
Pseudodiploria264476,1.37774249782001
Pseudodiploria266972,0.448736456878332
Pseudodiploria267186,3.52762787867199
Pseudodiploria270243,0.146283687364482
Pseudodiploria273216,-0.777760417977323
Pseudodiploria276884,0.196103697696717
Pseudodiploria279832,0.243120677249108
Pseudodiploria281665,-0.477040857794636
Pseudodiploria283855,0.1829371021363
Pseudodiploria28432,-0.272983391331538
Pseudodiploria287196,-0.473467136786812
Pseudodiploria287824,0.13034939893416
Pseudodiploria29032,-0.356895516788733
Pseudodiploria293394,-1.41819466414463
Pseudodiploria299687,0.527915975892169
Pseudodiploria30264,-0.43760064992461
Pseudodiploria30316,0.160422526622538
Pseudodiploria304480,-0.0574293663024016
Pseudodiploria307406,0.355394393752888
Pseudodiploria307949,-0.381852385195488
Pseudodiploria308557,-0.952550473941798
Pseudodiploria309003,1.10035307813835
Pseudodiploria310053,0.00547704231425839
Pseudodiploria31760,0.295107223234889
Pseudodiploria319325,-0.555891800178435
Pseudodiploria32329,-0.221116345456914
Pseudodiploria323387,-1.32661178306209
Pseudodiploria326217,0.951380866851027
Pseudodiploria326492,0.823018244102455
Pseudodiploria32751,0.779876474453625
Pseudodiploria327719,1.3162821097588
Pseudodiploria328981,-0.817193379724371
Pseudodiploria331839,0.422952069315741
Pseudodiploria33256,0.0629975226268825
Pseudodiploria332636,-0.274868358300844
Pseudodiploria333170,0.150748712461728
Pseudodiploria334777,-0.335386592054022
Pseudodiploria335280,0.181403265422152
Pseudodiploria335428,0.681489760679311
Pseudodiploria335842,0.681000215015796
Pseudodiploria336430,-0.164168310013821
Pseudodiploria34037,-0.316419128943786
Pseudodiploria34205,0.180713619501625
Pseudodiploria342959,-0.704605374406091
Pseudodiploria34479,-0.0603249221540043
Pseudodiploria34681,1.06372537630633
Pseudodiploria348436,-0.0144338807764462
Pseudodiploria350992,0.815482281877564
Pseudodiploria35284,0.399311675558713
Pseudodiploria353617,0.293305352850233
Pseudodiploria35591,0.160274492753272
Pseudodiploria35625,0.272237334599145
Pseudodiploria356374,-0.770039835724823
Pseudodiploria356459,-1.45358460434094
Pseudodiploria357568,-0.305488383597664
Pseudodiploria361051,-0.426914601841785
Pseudodiploria36132,0.339617412554942
Pseudodiploria361420,-0.669087628622801
Pseudodiploria361513,1.16109973691538
Pseudodiploria361831,-0.149566125912387
Pseudodiploria368413,-0.390182607975412
Pseudodiploria370373,0.125774721889126
Pseudodiploria371390,0.437341536630258
Pseudodiploria371782,0.361042414434473
Pseudodiploria372185,0.0676916837689113
Pseudodiploria37249,-1.0809373541292
Pseudodiploria373175,-0.0298062306519072
Pseudodiploria375084,-0.605977264272723
Pseudodiploria375114,0.589025167106839
Pseudodiploria37797,0.224197189380842
Pseudodiploria3786,-0.543382548020798
Pseudodiploria381675,0.170077676885374
Pseudodiploria382883,0.929747618383939
Pseudodiploria38525,-0.770847810973641
Pseudodiploria38534,0.251225342263895
Pseudodiploria386198,0.0866547976756081
Pseudodiploria386221,-0.147579428972212
Pseudodiploria387785,-0.207748326651852
Pseudodiploria39521,0.482176015346501
Pseudodiploria397183,0.797597744422147
Pseudodiploria397291,1.48598202632242
Pseudodiploria39730,0.170792087714025
Pseudodiploria399232,-0.244356204513863
Pseudodiploria400924,-0.44796243293628
Pseudodiploria40559,-1.51939429909264
Pseudodiploria405770,-0.0856579361834804
Pseudodiploria406784,0.545454828594502
Pseudodiploria409655,-0.182866705277556
Pseudodiploria409797,0.2043212179315
Pseudodiploria410650,0.553569710445281
Pseudodiploria4115,-0.423894604903001
Pseudodiploria411926,0.0998233373120585
Pseudodiploria41380,-0.298819669623227
Pseudodiploria41413,0.0116175842957686
Pseudodiploria416553,-0.753019883609321
Pseudodiploria416636,0.0466240225464257
Pseudodiploria418101,0.413847429041995
Pseudodiploria42675,0.589747685229034
Pseudodiploria43500,-1.35599036660812
Pseudodiploria44593,-0.378153462187441
Pseudodiploria44698,0.015663252514092
Pseudodiploria44813,0.0879346826519812
Pseudodiploria46077,0.426857268811938
Pseudodiploria46207,-0.29193541380308
Pseudodiploria46675,0.143742564904824
Pseudodiploria48586,0.963233709910912
Pseudodiploria4919,-0.128500629995201
Pseudodiploria51011,-0.643235567297684
Pseudodiploria51935,-0.534325499972624
Pseudodiploria5202,0.949030388793351
Pseudodiploria52249,-0.298404243749825
Pseudodiploria53773,0.0569028080373025
Pseudodiploria54417,2.17001987567939
Pseudodiploria54727,0.329661364350773
Pseudodiploria55315,0.19840470243041
Pseudodiploria55828,-0.97219805539686
Pseudodiploria56223,0.341750032612037
Pseudodiploria56372,0.994879406870393
Pseudodiploria56411,-1.21583344587247
Pseudodiploria56418,-0.188917840270018
Pseudodiploria56496,1.31519196766416
Pseudodiploria56532,0.426761306195481
Pseudodiploria56593,0.45429284970876
Pseudodiploria56622,0.172311219009051
Pseudodiploria57229,-0.804310384528856
Pseudodiploria57413,0.188991168670367
Pseudodiploria57633,1.99103941689113
Pseudodiploria57800,0.475186939787315
Pseudodiploria58156,0.205845194516895
Pseudodiploria58247,0.463325178551836
Pseudodiploria58478,0.645873309669833
Pseudodiploria58677,0.200956995249382
Pseudodiploria5871,-0.201666198922176
Pseudodiploria58856,-0.374430856085356
Pseudodiploria59004,-0.796898788632031
Pseudodiploria59109,-0.617153444164496
Pseudodiploria59469,-0.254932614470753
Pseudodiploria59748,0.160938233607603
Pseudodiploria59922,-0.38075301851226
Pseudodiploria60125,0.142674583484929
Pseudodiploria60163,0.721661602651066
Pseudodiploria6026,0.683299567324702
Pseudodiploria60451,0.744159486705345
Pseudodiploria60543,-0.226384231473277
Pseudodiploria60712,0.431454310446519
Pseudodiploria60744,-0.484640456757295
Pseudodiploria60843,-0.488567702259272
Pseudodiploria60855,0.3360634944547
Pseudodiploria61034,0.275000350514595
Pseudodiploria61129,-0.165222986473446
Pseudodiploria61580,0.441891078056793
Pseudodiploria62723,1.76881372740909
Pseudodiploria62818,-0.917187715520369
Pseudodiploria63031,0.0466572621116642
Pseudodiploria63413,-0.179540796518994
Pseudodiploria63621,-0.12618391136343
Pseudodiploria63717,-0.731312500593704
Pseudodiploria63792,-0.280735066250165
Pseudodiploria64249,0.146603335867897
Pseudodiploria64254,0.0918574873589193
Pseudodiploria64345,0.354634307477412
Pseudodiploria64447,0.774623243383439
Pseudodiploria6462,0.892696291763011
Pseudodiploria64782,0.694767531639358
Pseudodiploria64997,0.705574053335068
Pseudodiploria65066,0.145116758576798
Pseudodiploria65268,-0.0543653468298373
Pseudodiploria65299,0.579503026451993
Pseudodiploria65570,-0.140579807964178
Pseudodiploria65684,-1.5346659974966
Pseudodiploria65766,-0.419239325755196
Pseudodiploria65855,-0.303401939695932
Pseudodiploria65906,0.345321038814034
Pseudodiploria65957,-0.150381268421576
Pseudodiploria66019,0.43208018384535
Pseudodiploria66163,0.0269016377913923
Pseudodiploria6621,0.0177514213278568
Pseudodiploria66327,0.14896962192516
Pseudodiploria66540,0.0691423185377938
Pseudodiploria66544,0.359026076603163
Pseudodiploria66571,0.14493667542471
Pseudodiploria66688,0.526346842080995
Pseudodiploria66723,-0.0620321165556031
Pseudodiploria66779,-0.346715743676087
Pseudodiploria66983,-0.235605511633424
Pseudodiploria67035,0.391015104438892
Pseudodiploria67058,-0.279044156296006
Pseudodiploria6707,-1.05028125941477
Pseudodiploria67127,1.10051915980725
Pseudodiploria67193,-0.200588719836997
Pseudodiploria67275,-0.393899943156735
Pseudodiploria67436,-0.488133666579305
Pseudodiploria67488,0.37542658324435
Pseudodiploria67717,-0.852079395221926
Pseudodiploria67733,1.34128683274299
Pseudodiploria67814,0.355666619875911
Pseudodiploria68007,0.207531372010526
Pseudodiploria68068,-0.122186300825706
Pseudodiploria68113,-0.0133023779011145
Pseudodiploria68168,-1.1269083864936
Pseudodiploria68281,-0.0417693084993131
Pseudodiploria68288,0.698833054993287
Pseudodiploria68411,0.378314540413262
Pseudodiploria69085,0.118036137170013
Pseudodiploria69670,-0.586961400432569
Pseudodiploria69718,0.246882231940036
Pseudodiploria69948,-0.324943469337158
Pseudodiploria69958,0.237427911648389
Pseudodiploria70580,-0.363734926576586
Pseudodiploria70903,0.130107482999949
Pseudodiploria71456,-0.0340664702952717
Pseudodiploria71545,-2.10980390965967
Pseudodiploria71695,-0.23066420403924
Pseudodiploria71757,0.56530346011545
Pseudodiploria71842,-0.144105176759145
Pseudodiploria72136,-0.883564551417918
Pseudodiploria72144,-0.0571357185965002
Pseudodiploria72189,-0.124840149793696
Pseudodiploria72207,-0.576635525874728
Pseudodiploria72306,-0.15264045182512
Pseudodiploria72367,0.466110401063006
Pseudodiploria72652,0.376719059110335
Pseudodiploria72679,-0.0648158159457049
Pseudodiploria72697,0.531244909884633
Pseudodiploria72881,-0.473744665536497
Pseudodiploria73014,-0.00236836941843233
Pseudodiploria73083,0.312714742131465
Pseudodiploria73198,1.19791125389439
Pseudodiploria73382,0.623964353812382
Pseudodiploria73864,-0.751516464535916
Pseudodiploria73891,-0.14648959415349
Pseudodiploria74022,0.606218071160869
Pseudodiploria74026,-0.353102073270403
Pseudodiploria74161,0.165976898540421
Pseudodiploria74294,-0.535462094805524
Pseudodiploria74414,-0.872020422843545
Pseudodiploria74516,-0.296293004027225
Pseudodiploria74531,1.30003489582459
Pseudodiploria74815,-0.461035915777254
Pseudodiploria74892,0.224675531219957
Pseudodiploria74904,0.105284909809922
Pseudodiploria74978,-0.756943025529454
Pseudodiploria75094,-0.361610875347653
Pseudodiploria75288,-0.0617098531700067
Pseudodiploria7553,0.445932088299362
Pseudodiploria75603,-1.13659972960876
Pseudodiploria75610,0.905549490329879
Pseudodiploria76066,-0.81328226899648
Pseudodiploria76144,0.772884857378031
Pseudodiploria76164,-0.716921469648318
Pseudodiploria76464,-0.382111915411021
Pseudodiploria76518,-1.11592115237783
Pseudodiploria76749,0.343170673869512
Pseudodiploria76789,0.547320667162034
Pseudodiploria77160,0.267619280600327
Pseudodiploria77367,-0.691550490108141
Pseudodiploria77504,-0.882463307432641
Pseudodiploria77522,-0.035152404620787
Pseudodiploria77585,0.314943115064884
Pseudodiploria78729,-0.335116978871885
Pseudodiploria78732,-0.0269640944823009
Pseudodiploria78835,-0.724983726964939
Pseudodiploria78860,-0.15077050810819
Pseudodiploria78952,0.50021284921971
Pseudodiploria79185,1.57359463398487
Pseudodiploria79189,0.185870618474635
Pseudodiploria79380,-1.09339115207889
Pseudodiploria79481,-0.418256938841102
Pseudodiploria79561,0.360618568267874
Pseudodiploria79606,0.346868040830286
Pseudodiploria79880,0.490488771919604
Pseudodiploria80124,0.486388783572972
Pseudodiploria80228,-0.332785816881177
Pseudodiploria8037,-0.637672978686165
Pseudodiploria80425,0.0934950640323109
Pseudodiploria80508,0.614769694031743
Pseudodiploria80831,-0.118357337638652
Pseudodiploria80880,-0.518425643287335
Pseudodiploria80906,0.128288532397962
Pseudodiploria8103,-0.114641675254479
Pseudodiploria81085,-0.1862016329985
Pseudodiploria81979,-0.388059474710866
Pseudodiploria82470,0.392525852810993
Pseudodiploria82579,-0.304354462233129
Pseudodiploria82612,0.653461922951255
Pseudodiploria82689,-0.205079864505518
Pseudodiploria83015,-0.580153240721222
Pseudodiploria83045,0.00235986131628688
Pseudodiploria83077,0.492883232686203
Pseudodiploria83362,-0.81735816063108
Pseudodiploria83397,0.562520875796235
Pseudodiploria83439,-0.0107416864811056
Pseudodiploria83478,-0.255176599370317
Pseudodiploria83483,0.998650114192111
Pseudodiploria83515,0.160234957294393
Pseudodiploria83773,0.807734864790452
Pseudodiploria83788,-0.431996563957166
Pseudodiploria83929,0.715395542065067
Pseudodiploria83945,-1.05110860541412
Pseudodiploria84348,-0.577836660577745
Pseudodiploria8435,0.0178302537369252
Pseudodiploria84375,0.144764457774584
Pseudodiploria84433,0.39639776869154
Pseudodiploria84521,-0.0830995274967624
Pseudodiploria84583,0.749859012803126
Pseudodiploria84650,-0.36654904512259
Pseudodiploria84865,4.68883609307676
Pseudodiploria84919,2.62763761866358
Pseudodiploria85148,0.261566828479209
Pseudodiploria85306,-0.15191298303384
Pseudodiploria85345,-0.941333538033831
Pseudodiploria85536,-0.191887156492758
Pseudodiploria85660,0.390083735739111
Pseudodiploria85917,-0.167451913256037
Pseudodiploria85920,0.310929576042911
Pseudodiploria86006,-0.274495751003078
Pseudodiploria86081,-0.189225769342125
Pseudodiploria86112,0.325264202846876
Pseudodiploria86128,0.321265074743225
Pseudodiploria86542,-0.623770169576566
Pseudodiploria86631,0.735104620603856
Pseudodiploria86736,0.308989006160617
Pseudodiploria86945,-0.940169103998879
Pseudodiploria86956,0.0312260565170757
Pseudodiploria86968,2.34084158401449
Pseudodiploria87002,0.0318809907126382
Pseudodiploria87053,0.261477900728199
Pseudodiploria87219,-0.0684802935949253
Pseudodiploria87276,0.501451347454551
Pseudodiploria87282,0.557357980393418
Pseudodiploria87352,-0.283442949040799
Pseudodiploria87365,0.00556782732673644
Pseudodiploria87445,0.489383579047595
Pseudodiploria87487,0.435337024678917
Pseudodiploria87697,0.342705917254818
Pseudodiploria87804,-0.749037776009378
Pseudodiploria87990,-0.251951174038051
Pseudodiploria88035,-0.624533435589842
Pseudodiploria88074,-0.429314333246292
Pseudodiploria88127,-0.755563855669638
Pseudodiploria88200,0.0790350820131299
Pseudodiploria88205,0.381505217067644
Pseudodiploria88473,-0.22539382438863
Pseudodiploria88496,0.0550611284546374
Pseudodiploria88536,0.247069729200024
Pseudodiploria88573,-0.00410017118190908
Pseudodiploria88682,-0.615204126593676
Pseudodiploria88738,-0.151526858713884
Pseudodiploria88918,0.542052077031862
Pseudodiploria88932,0.211821415455426
Pseudodiploria88951,-1.06923638717848
Pseudodiploria89066,0.142194359591974
Pseudodiploria89525,-0.654961848215891
Pseudodiploria89677,-0.359179954580479
Pseudodiploria89803,0.30863185847307
Pseudodiploria89810,-1.36913621815514
Pseudodiploria89849,-0.192251046633303
Pseudodiploria89890,0.318084223554414
Pseudodiploria89927,0.753975839168482
Pseudodiploria89956,0.453590323600067
Pseudodiploria90132,0.0598908441209348
Pseudodiploria90141,0.294109300699718
Pseudodiploria90155,-0.00566092454231535
Pseudodiploria90460,-0.54159116659499
Pseudodiploria90464,-0.427485480519212
Pseudodiploria90486,-0.746947076026989
Pseudodiploria90594,0.165281096070379
Pseudodiploria90735,-0.221577497089958
Pseudodiploria90846,-0.0444971219965722
Pseudodiploria90861,-1.31822740724262
Pseudodiploria90874,-0.200419400942528
Pseudodiploria90914,-0.259380477383254
Pseudodiploria91075,0.0613661704766049
Pseudodiploria91090,0.376767904131963
Pseudodiploria91227,-0.391818898329884
Pseudodiploria91406,-0.991640993214421
Pseudodiploria91422,0.203454362340347
Pseudodiploria91437,-0.303598816004329
Pseudodiploria91533,0.76604111111513
Pseudodiploria91604,0.714785964068535
Pseudodiploria91718,0.0658082729296065
Pseudodiploria91825,0.547692679723456
Pseudodiploria9193,0.455026046738846
Pseudodiploria92287,-1.3730555628985
Pseudodiploria923,-0.0552850210912424
Pseudodiploria92399,-0.166775241730762
Pseudodiploria92534,0.0236444445803993
Pseudodiploria92651,0.299160651544137
Pseudodiploria92817,0.354063221681485
Pseudodiploria93195,-0.12901865053189
Pseudodiploria93260,-1.0754042765573
Pseudodiploria93319,1.08319769036166
Pseudodiploria93361,-0.124965492375361
Pseudodiploria93435,-0.0925841445785598
Pseudodiploria93499,0.102924482923649
Pseudodiploria93531,0.0876380878255223
Pseudodiploria93551,-0.0615692685464875
Pseudodiploria93553,-0.161213273887432
Pseudodiploria93648,-0.0482869652774294
Pseudodiploria93691,-0.205161162525517
Pseudodiploria93757,-0.0195739067005274
Pseudodiploria93758,0.113927456146661
Pseudodiploria93819,-0.295110414557253
Pseudodiploria93848,-0.0489962181407606
Pseudodiploria93885,0.217827443902826
Pseudodiploria93906,0.185040878441553
Pseudodiploria93921,0.248646122767594
Pseudodiploria9408,-0.0869290117659649
Pseudodiploria94108,0.574873303454022
Pseudodiploria94158,0.693473285465854
Pseudodiploria94414,0.474321431417879
Pseudodiploria94476,0.499346623401116
Pseudodiploria94559,0.27194415533274
Pseudodiploria94570,0.0215520304071741
Pseudodiploria94605,0.341888728419817
Pseudodiploria94759,0.225990035714771
Pseudodiploria94815,-1.05888957089914
Pseudodiploria95126,-0.562623252107975
Pseudodiploria95241,0.345980756573615
Pseudodiploria95284,-0.170867282347922
Pseudodiploria95541,0.59380410313613
Pseudodiploria95545,-0.296782639278038
Pseudodiploria95701,-0.727670072952925
Pseudodiploria95707,-1.39967844763261
Pseudodiploria95872,0.118875816095864
Pseudodiploria96045,-1.76503501718477
Pseudodiploria96103,-0.30170513377184
Pseudodiploria96305,0.940621126471886
Pseudodiploria96456,-0.441450537693142
Pseudodiploria96554,0.479736629223066
Pseudodiploria96611,-0.138178987923017
Pseudodiploria96656,0.172955025603347
Pseudodiploria96710,0.686140648976502
Pseudodiploria96886,-0.400480057447846
Pseudodiploria96903,0.221575048731771
Pseudodiploria96966,0.178457286425315
Pseudodiploria97146,-0.526291797864636
Pseudodiploria97289,0.00321188550020859
Pseudodiploria97310,-0.00704544812470073
Pseudodiploria97420,1.43743084939603
Pseudodiploria97723,-1.05756862038837
Pseudodiploria97764,0.275366162246913
Pseudodiploria97776,0.350915164798142
Pseudodiploria97796,0.293357783345116
Pseudodiploria97895,0.351569073685497
Pseudodiploria97937,-0.187763034157125
Pseudodiploria97995,-0.255872512825313
Pseudodiploria98008,0.270531186923092
Pseudodiploria98046,0.092042168412621
Pseudodiploria98049,0.00203589366903183
Pseudodiploria98081,0.547676016495236
Pseudodiploria98085,-0.316899192000486
Pseudodiploria98087,-0.0895599180129353
Pseudodiploria98255,0.238762601907898
Pseudodiploria98386,0.919126246240974
Pseudodiploria98427,0.340227385947738
Pseudodiploria98478,-0.447022724807999
Pseudodiploria98546,-0.0488502063393604
Pseudodiploria98643,-0.190214109651044
Pseudodiploria98663,-0.185869941194447
Pseudodiploria98809,0.370458845640124
Pseudodiploria98909,0.609202634589112
Pseudodiploria98936,0.27791667641767
Pseudodiploria99002,-0.207962686976634
Pseudodiploria99058,-0.697828667198723
Pseudodiploria99111,-0.138822438687913
Pseudodiploria99294,0.0928638641691124
Pseudodiploria99465,0.848156251358788
Pseudodiploria99598,-0.245775104221483
Pseudodiploria99599,0.0808360307668814
Pseudodiploria99627,-0.762505352492131
Pseudodiploria99899,-0.10012196824662
Pseudodiploria99944,-0.972789481418009
