term,name,delta_rank_variable,pval_variable,level_variable,nseqs_variable,padj_variable,delta_rank_Dixon,pval_Dixon,level_Dixon,nseqs_Dixon,padj_Dixon
GO:0000018,regulation of DNA recombination,764,0.00292387805006041,3,51,0.0848391210802103,1969,1.48261726431769e-8,4,37,7.59429509833839e-7
GO:0000022,mitotic spindle elongation,1776,0.00126721538275124,2,11,0.0467071615737028,-1871,3.40485757299891e-13,3,68,3.92409835288124e-11
GO:0000041,transition metal ion transport,-144,0.518834951049178,3,68,0.854498384520767,-89,0.649226551236042,2,118,0.81021505175911
GO:0000082;GO:0044843,cell cycle G1/S phase transition,417,0.0387301822193756,2,83,0.341844591602474,-1,0.995018568193482,4,144,0.998049521186238
GO:0000096,sulfur amino acid metabolic process,-193,0.563544101444684,3,30,0.879266832073842,70,0.822793629346483,2,46,0.916645391804564
GO:0000122,negative regulation of transcription by RNA polymerase II,268,0.00500271668517732,2,391,0.114663107216984,-51,0.660129324008522,5,343,0.818776097380238
GO:0000184,"nuclear-transcribed mRNA catabolic process, nonsense-mediated decay",-1192,1.90731465651223e-8,3,75,6.12023614780836e-6,-1357,3.7271704858603e-9,2,85,2.38642443608555e-7
GO:0000186,activation of MAPKK activity,219,0.512204758214638,2,30,0.852561981777207,-125,0.701511516189467,2,42,0.844819250165476
GO:0000187,activation of MAPK activity,62,0.762498240045698,2,79,0.950304093471714,116,0.581304942139557,2,102,0.768959673777068
GO:0000209,protein polyubiquitination,-251,0.0767324065548579,4,171,0.452694011084998,-101,0.58038036188182,9,135,0.768959673777068
GO:0000226,microtubule cytoskeleton organization,378,9.74064545829296e-5,2,376,0.00781803964373928,-339,6.26822025844419e-4,2,484,0.00668900356283049
GO:0000245,spliceosomal complex assembly,499,0.093386466565969,2,38,0.487486291978336,-194,0.577689278843576,2,37,0.768959673777068
GO:0000288,"nuclear-transcribed mRNA catabolic process, deadenylation-dependent decay",-36,0.891704501535852,2,49,0.984073077163644,-505,0.0982738926558868,2,48,0.262785757043874
GO:0000302,response to reactive oxygen species,-128,0.448156229938054,2,120,0.82790654297303,-405,0.0245989740364007,2,140,0.0998250618906754
GO:0000381,"regulation of alternative mRNA splicing, via spliceosome",207,0.429145786447371,3,49,0.823374157978711,-560,0.075638965170726,6,45,0.226000879882897
GO:0000722,telomere maintenance via recombination,927,0.0675333887978026,2,13,0.438592474935398,1952,1.13754845213369e-7,6,33,4.85564663364473e-6
GO:0001101,response to acid chemical,103,0.416295243871372,3,216,0.817617051433435,-277,0.0659410938151894,2,201,0.204293308123671
GO:0001501,skeletal system development,28,0.826788333927444,2,207,0.971050765955833,36,0.799636268569821,4,235,0.902625660653006
GO:0001503,ossification,315,0.0868636951117981,2,100,0.475586352239919,290,0.189468193450704,2,92,0.397996541876012
GO:0001504,neurotransmitter uptake,352,0.455457469934466,3,15,0.83046440159239,828,0.0145349091162689,3,39,0.0692210031260327
GO:0001505,regulation of neurotransmitter levels,43,0.712102304249364,2,251,0.934469247742273,-97,0.456289780760395,2,270,0.672005247018376
GO:0001508,action potential,467,0.0636671129034451,2,53,0.42727890765206,313,0.132918537441089,3,104,0.321150135012275
GO:0001525,angiogenesis,232,0.155179890859628,2,128,0.59781518689214,-82,0.598576583094809,2,190,0.781267850528615
GO:0001541,ovarian follicle development,108,0.717253821409083,2,38,0.936929979833943,-362,0.297825069107972,3,37,0.522722742919938
GO:0001556,oocyte maturation,358,0.406499052600987,2,18,0.812518145393417,829,0.0222850933110544,2,34,0.0940196262841466
GO:0001558,regulation of cell growth,-61,0.602361788009092,3,257,0.89218914902665,-236,0.0886540657032065,2,240,0.24769408660108
GO:0001569,branching involved in blood vessel morphogenesis,989,0.0362342187713595,3,15,0.331790418895257,-65,0.835600611887188,2,45,0.920949239674584
GO:0001570,vasculogenesis,143,0.599609009950635,2,45,0.891628274521447,147,0.60743201040421,2,55,0.786590328079609
GO:0001649,osteoblast differentiation,866,0.00355427346623132,2,38,0.094578350040448,-139,0.671038910218687,2,42,0.822736536198975
GO:0001656,metanephros development,405,0.157250978468859,2,41,0.600770593812758,272,0.393301631327383,2,44,0.618057679785456
GO:0001658,branching involved in ureteric bud morphogenesis,648,0.0565566848423835,5,29,0.408631411675764,748,0.0422602468498423,4,33,0.148211993624896
GO:0001667,ameboidal-type cell migration,51,0.680234860947725,4,223,0.924968798907367,-407,0.00135131389259726,2,287,0.0116445914850922
GO:0001676,long-chain fatty acid metabolic process,-174,0.481067385063659,4,55,0.841794343698134,676,0.0320109838741765,2,45,0.121757950214483
GO:0001700,embryonic development via the syncytial blastoderm,-201,0.227061674658245,5,123,0.674263165629138,-269,0.124144667106705,3,148,0.306314641680758
GO:0001701,in utero embryonic development,351,0.00800265234576478,2,196,0.156604567581117,95,0.48435230333402,4,251,0.695163175084007
GO:0001702,gastrulation with mouth forming second,138,0.723045271241688,2,22,0.938218813298349,-46,0.906086702703814,2,30,0.957163084203616
GO:0001706,endoderm formation,26,0.934102840889524,2,34,0.991470743915011,-471,0.222680337552559,2,30,0.439450494913226
GO:0001708,cell fate specification,417,0.02343817343513,3,100,0.276921930432019,-11,0.955567498354615,2,122,0.975457521571031
GO:0001709,cell fate determination,414,0.0188751886211652,3,109,0.256129736140438,-195,0.260543211987589,2,151,0.483536315323183
GO:0001751,compound eye photoreceptor cell differentiation,290,0.169150727713079,2,76,0.616797679184732,-463,0.0180653146332813,5,118,0.0822405336444087
GO:0001755,neural crest cell migration,184,0.575677785739946,5,31,0.882785970556871,459,0.219832628578714,2,32,0.436070747740048
GO:0001764,neuron migration,50,0.806835690161978,4,81,0.960523297483899,-309,0.186994532856017,4,82,0.395580317120583
GO:0001816,cytokine production,-15,0.948764683913433,2,58,0.992598369097699,-161,0.580393981044285,2,53,0.768959673777068
GO:0001817,regulation of cytokine production,35,0.781702748119692,4,221,0.953233447614013,-236,0.155879503400017,2,165,0.352257113075529
GO:0001818,negative regulation of cytokine production,-21,0.913820007344292,2,87,0.98833256032031,-445,0.0958223887526153,2,63,0.258630686270232
GO:0001819,positive regulation of cytokine production,-9,0.955575030761948,2,129,0.99377233269367,17,0.931176625739045,3,112,0.964605179791397
GO:0001824,blastocyst development,1092,2.08728636382373e-5,2,51,0.00264794118945545,140,0.672476076110196,3,41,0.823622399274177
GO:0001837,epithelial to mesenchymal transition,329,0.179098097823715,2,56,0.622972151436511,121,0.704076143939612,5,44,0.845927064956904
GO:0001890,placenta development,425,0.0579574495575819,3,67,0.413278284100143,-253,0.402237635826103,3,49,0.625190661213194
GO:0001892,embryonic placenta development,340,0.258300692884881,2,37,0.705452241536613,-638,0.0982234781075464,3,30,0.262785757043874
GO:0001932,regulation of protein phosphorylation,35,0.651469641325344,3,623,0.917141537288436,-249,0.00776970150620999,2,548,0.0428448851000336
GO:0001945,lymph vessel development,620,0.174914636336919,2,16,0.619566799533625,423,0.250867988788625,3,33,0.471308844143163
GO:0001952,regulation of cell-matrix adhesion,130,0.592763651236763,5,57,0.889995843739405,-840,0.020570134785097,2,34,0.089489398497042
GO:0002011,morphogenesis of an epithelial sheet,269,0.341976222001975,3,42,0.765845573964467,-198,0.521771590432282,2,47,0.724508142136392
GO:0002040,sprouting angiogenesis,729,0.0221605674762651,4,33,0.271044608930552,-26,0.929446719824314,3,53,0.964605179791397
GO:0002042,cell migration involved in sprouting angiogenesis,240,0.694027917492787,4,9,0.92622244033826,-115,0.747236855779619,2,35,0.875872288828537
GO:0002067,glandular epithelial cell differentiation,14,0.960856685666201,6,40,0.994388388080556,797,0.0359458439497848,6,31,0.132356502083473
GO:0002088,lens development in camera-type eye,268,0.367892701478761,2,38,0.786526297157223,-59,0.876409968479725,3,31,0.94153749439966
GO:0002168,instar larval development,81,0.770191623412605,2,44,0.951502292035375,-646,0.0224697719042651,2,56,0.09451245299148
GO:0002244,hematopoietic progenitor cell differentiation,367,0.156975990900717,4,50,0.600770593812758,-247,0.50248332812084,2,33,0.708393927411949
GO:0002252,immune effector process,-342,2.80751023280492e-4,2,402,0.0166467046955987,-251,0.117451786760914,2,177,0.294352285793121
GO:0002285,lymphocyte activation involved in immune response,-58,0.828483795709374,3,47,0.971734464331189,141,0.710942468531576,3,31,0.851394127500526
GO:0002449,lymphocyte mediated immunity,-1,0.996896070196067,2,36,0.999710632100998,96,0.755578984503432,2,47,0.878982204400747
GO:0002474,antigen processing and presentation of peptide antigen via MHC class I,-1347,0.00320633788497901,4,16,0.0887846353429467,-1255,2.48527667098707e-7,3,76,9.7094283502122e-6
GO:0002479,"antigen processing and presentation of exogenous peptide antigen via MHC class I, TAP-dependent",-653,0.381616087575951,3,6,0.794524802621981,-1330,2.14257495434006e-6,2,57,5.61208553381118e-5
GO:0002521,leukocyte differentiation,-59,0.681455970787251,2,164,0.924968798907367,6,0.974644453629787,2,143,0.986012508756856
GO:0002526,acute inflammatory response,-156,0.663789079527089,2,26,0.922520760313915,109,0.767630814459055,2,33,0.885208078949543
GO:0002573,myeloid leukocyte differentiation,-238,0.284195681096953,2,68,0.729335847230028,1,0.998395383319457,5,61,0.998828714649023
GO:0002576,platelet degranulation,-75,0.759287250242422,2,56,0.949326598687236,99,0.732357182234721,2,54,0.866127914341217
GO:0002682,regulation of immune system process,-71,0.385143333784592,3,542,0.797024615248463,-283,0.00641886239759531,3,439,0.0378400967428573
GO:0002683,negative regulation of immune system process,-117,0.439509318779475,2,149,0.824091866548211,-551,0.00452250771849037,2,120,0.0294474019523172
GO:0002684,positive regulation of immune system process,-95,0.369459024561747,4,311,0.786526297157223,-2,0.985213936360367,2,297,0.992100534430164
GO:0002685,regulation of leukocyte migration,-370,0.161800210617285,4,48,0.606348794469674,-635,0.0396761743346476,4,47,0.141788498978857
GO:0002697,regulation of immune effector process,-171,0.237027988169204,4,164,0.686299190797775,-125,0.429904659837793,2,182,0.649424843489478
GO:0002698,negative regulation of immune effector process,-348,0.223545803556421,2,41,0.671306759241179,-837,0.00867011755713791,5,44,0.0470735708915379
GO:0002699,positive regulation of immune effector process,-39,0.845865104995326,2,82,0.977169451027002,308,0.130303348288368,2,109,0.316157071373356
GO:0002700,regulation of production of molecular mediator of immune response,151,0.506315284408219,2,65,0.850615915136075,194,0.374710948089422,2,94,0.599797732879248
GO:0002702,positive regulation of production of molecular mediator of immune response,339,0.236468115783293,6,41,0.685472495897357,325,0.1680089442082,3,81,0.36971689545495
GO:0002705,positive regulation of leukocyte mediated immunity,-211,0.449850394811221,2,43,0.828471945879544,548,0.0619617968278126,2,52,0.196209700027636
GO:0002709,regulation of T cell mediated immunity,1,0.997939112026952,2,26,0.999710632100998,367,0.224429336845325,4,49,0.440534050203163
GO:0002755,MyD88-dependent toll-like receptor signaling pathway,661,0.135923804622187,2,17,0.564710094603222,-138,0.606956036018784,3,62,0.786415774605563
GO:0002756,MyD88-independent toll-like receptor signaling pathway,3,0.996199388597043,8,7,0.999710632100998,-143,0.60942441056237,3,57,0.788164212833737
GO:0002761,regulation of myeloid leukocyte differentiation,-119,0.619992869162218,3,58,0.895966235768059,-138,0.631536607347897,6,54,0.801592444899175
GO:0002763,positive regulation of myeloid leukocyte differentiation,352,0.318102208362773,7,27,0.752529779073027,206,0.548019715776667,2,38,0.74379823828009
GO:0002920,regulation of humoral immune response,-144,0.611223958540245,5,42,0.893375740634458,-202,0.418701646555891,2,72,0.641701120803522
GO:0003007,heart morphogenesis,241,0.078322430510247,2,183,0.45640504958943,-177,0.274526691196092,2,174,0.495912243892627
GO:0003014,renal system process,-444,0.0753347110518053,3,54,0.451306361471774,-33,0.913448137084789,3,48,0.960537388677207
GO:0003015,heart process,-83,0.726855353259652,4,59,0.939471713808591,39,0.911237613109191,4,37,0.959969675027347
GO:0003073,regulation of systemic arterial blood pressure,479,0.106905357857798,4,38,0.512932846876442,-316,0.36408893971828,2,37,0.589269803507781
GO:0003151,outflow tract morphogenesis,309,0.216005608324293,2,54,0.666521052678303,-805,0.0369807666622668,3,30,0.135599512894705
GO:0003156,regulation of animal organ formation,192,0.558646890325062,2,31,0.876702757975608,573,0.108670705582097,6,35,0.280185655891201
GO:0003333,amino acid transmembrane transport,-82,0.782096043327981,2,38,0.953233447614013,623,0.00464735368713703,2,93,0.0297559729134746
GO:0003382,epithelial cell morphogenesis,593,0.0715012877267598,3,31,0.445854540600041,-363,0.220986721503838,6,51,0.437171629100183
GO:0003401,axis elongation,76,0.811104015077339,2,33,0.96089306812989,-286,0.444599521377069,2,32,0.659460680034842
GO:0003407,neural retina development,363,0.193749450592159,2,43,0.640935872031672,-16,0.957120819588341,2,54,0.97574678865596
GO:0005975,carbohydrate metabolic process,-167,0.165810699119431,2,240,0.611973859063935,-267,0.0122583211960979,3,416,0.0605041335267787
GO:0006006,glucose metabolic process,-87,0.718487236190499,2,58,0.937194613443131,-1008,4.3078319028005e-5,5,74,7.88059725075806e-4
GO:0006029,proteoglycan metabolic process,166,0.50199120987393,4,55,0.848398183889095,-121,0.628119996200382,4,72,0.799456980255042
GO:0006040,amino sugar metabolic process,-381,0.253770190123828,3,30,0.703661534196026,227,0.531242311409595,4,34,0.731489562604012
GO:0006066,alcohol metabolic process,-141,0.331425518508518,2,163,0.759632858598305,274,0.0549108034399201,3,225,0.180041823512114
GO:0006081,cellular aldehyde metabolic process,283,0.265745957437504,3,52,0.714385581783013,-41,0.897946057736847,3,44,0.952054122853465
GO:0006090,pyruvate metabolic process,59,0.844443148331158,7,37,0.976371348497812,-632,0.10147474971208,2,30,0.269159146244355
GO:0006091,generation of precursor metabolites and energy,-207,0.0818982994414246,2,244,0.464402519181883,-356,0.021571628719867,3,190,0.0920788966653582
GO:0006119,oxidative phosphorylation,-982,1.39866429688975e-5,3,66,0.00206208479446854,-697,0.0327085990279092,2,42,0.123798556255059
GO:0006259,DNA metabolic process,517,2.65848213055416e-9,4,478,9.6680133481153e-7,884,4.35892127024963e-20,4,516,1.67455225465423e-17
GO:0006260,DNA replication,1088,5.21843463102765e-12,5,137,5.69331218245117e-9,1256,5.45560477038551e-13,2,150,5.46746478075591e-11
GO:0006261,DNA-dependent DNA replication,1179,3.47128009480753e-10,2,96,1.48501095785193e-7,1444,3.43648683898182e-11,2,95,2.93374154216781e-9
GO:0006271,DNA strand elongation involved in DNA replication,1785,9.40785012251483e-5,2,16,0.00781803964373928,1853,3.04234416093078e-8,2,40,1.46095901894697e-6
GO:0006275,regulation of DNA replication,762,1.46229817245034e-4,7,84,0.0109271733297488,389,0.12240431288126,2,71,0.304032264214768
GO:0006281,DNA repair,525,1.16154502846803e-6,5,300,2.11207604343103e-4,951,5.35246438845778e-13,2,266,5.46746478075591e-11
GO:0006282,regulation of DNA repair,185,0.420021562292746,4,64,0.817617051433435,1162,5.13991077233105e-4,2,40,0.00564166396677289
GO:0006283,transcription-coupled nucleotide-excision repair,427,0.0760366248887148,7,58,0.452694011084998,720,0.0334364814757904,6,39,0.125522947559767
GO:0006284,base-excision repair,637,0.0527731707447251,2,31,0.398933847416388,1018,0.00386204174394907,3,36,0.0261322464295559
GO:0006289,nucleotide-excision repair,581,0.00445418655673731,2,81,0.107511449853991,751,0.00459913585688963,5,64,0.0296629178863697
GO:0006302,double-strand break repair,604,1.35504617388852e-4,2,136,0.0104109533500872,1295,1.59923374890122e-9,5,98,1.05320965463352e-7
GO:0006304,DNA modification,350,0.156591868394849,2,55,0.600485506050578,687,0.0230754241108845,5,49,0.0956197506647397
GO:0006310,DNA recombination,670,2.50200273296265e-5,5,135,0.00310191475188892,1305,1.06746496887653e-12,2,135,1.02521114719183e-10
GO:0006312,mitotic recombination,1064,0.0112236778473469,2,19,0.187915579991242,1826,2.23002443328516e-7,2,36,8.86242468745223e-6
GO:0006323,DNA packaging,834,8.06294297564213e-7,2,119,1.69166745892799e-4,948,1.83747086296591e-5,6,92,3.8503366719422e-4
GO:0006325,chromatin organization,357,2.56368551127888e-4,3,371,0.0157133758022767,310,0.00961556369034763,2,326,0.0508345740969066
GO:0006338,chromatin remodeling,628,2.88802779130941e-4,2,113,0.0167597782995668,235,0.299767924347187,3,88,0.523459800073579
GO:0006353,"DNA-templated transcription, termination",-136,0.610089800493239,2,47,0.893023597068006,466,0.0623628489152731,2,72,0.196643456565943
GO:0006369,termination of RNA polymerase II transcription,33,0.931398541038682,2,23,0.991470743915011,296,0.388098859137987,2,38,0.613558210091262
GO:0006378;GO:0043631,mRNA polyadenylation,105,0.73503065108189,2,35,0.942255738573679,757,0.0396069685596893,3,33,0.141760966661621
GO:0006383,transcription by RNA polymerase III,306,0.490522194189864,2,17,0.842835072150855,955,0.0119390037152783,2,31,0.0595679181738756
GO:0006396,RNA processing,215,0.00800965616042743,5,556,0.156604567581117,-65,0.530371977202751,2,440,0.731489562604012
GO:0006399,tRNA metabolic process,-171,0.327586629894163,3,111,0.757548080783833,-2,0.994496909803605,6,63,0.998049521186238
GO:0006403,RNA localization,61,0.660507238432553,3,178,0.922444184754116,-143,0.406891028592987,3,154,0.629874963671481
GO:0006413,translational initiation,-1187,2.60573627916659e-10,2,96,1.29220830935034e-7,-1671,6.75257489893872e-15,3,98,9.15569714238456e-13
GO:0006414,translational elongation,382,0.11281094496791,5,58,0.525071420477772,-2119,3.41296135780937e-15,2,62,5.619197092679e-13
GO:0006446,regulation of translational initiation,-353,0.169084868461876,2,51,0.616797679184732,-552,0.117350972372248,4,36,0.294352285793121
GO:0006457,protein folding,-744,3.31055689202199e-6,2,133,5.31149642528822e-4,-687,5.18748418223044e-5,2,158,9.12759621377188e-4
GO:0006458,'de novo' protein folding,-342,0.314988849962001,2,29,0.749476093587364,-790,0.00975759803058266,3,48,0.0514674221063914
GO:0006468,protein phosphorylation,92,0.316752246937293,2,425,0.751724357661702,9,0.922851464302826,3,552,0.963165746055322
GO:0006470,protein dephosphorylation,-366,0.0480111312043663,2,99,0.383456399296952,67,0.772522931309059,2,84,0.887669669325713
GO:0006487,protein N-linked glycosylation,-867,5.16225053955013e-4,4,54,0.0253844454489147,-550,0.0228837988888647,6,77,0.0953836463631702
GO:0006493,protein O-linked glycosylation,-423,0.171365837391352,6,35,0.618138591012828,-504,0.118155461587491,6,43,0.295388653968727
GO:0006513,protein monoubiquitination,116,0.674424123044051,3,44,0.924295797557729,-182,0.630953110233356,4,31,0.801592444899175
GO:0006520,cellular amino acid metabolic process,-131,0.318669805620292,2,198,0.752529779073027,-45,0.710986093378315,5,321,0.851394127500526
GO:0006521,regulation of cellular amino acid metabolic process,267,0.644472484893322,2,10,0.914567483114743,-1047,5.34388749842597e-4,2,49,0.0058302459135904
GO:0006575,cellular modified amino acid metabolic process,70,0.674407967722402,2,122,0.924295797557729,190,0.26005560730339,2,160,0.483409818414769
GO:0006605,protein targeting,-828,5.81041912241942e-11,2,216,3.74261381997859e-8,-746,7.06612040552133e-9,2,279,3.87795417493492e-7
GO:0006612,protein targeting to membrane,-1524,1.5311877197255e-14,4,86,2.78420967036753e-11,-1871,8.67915815212404e-20,6,107,2.85792279152084e-17
GO:0006631,fatty acid metabolic process,-22,0.873622012458354,3,172,0.98158765766433,272,0.123743044634654,3,145,0.306038323908667
GO:0006633,fatty acid biosynthetic process,264,0.225567436639164,2,71,0.672647822918945,489,0.138941578612221,4,41,0.329485945165812
GO:0006635,fatty acid beta-oxidation,-149,0.585081225005289,3,45,0.886068318268698,-25,0.947285504173424,5,31,0.971304754056825
GO:0006643,membrane lipid metabolic process,-234,0.186076644609734,3,108,0.63007330623594,66,0.747436352332205,4,109,0.875872288828537
GO:0006665,sphingolipid metabolic process,-108,0.631799230516911,4,66,0.904821423594053,-14,0.953509516904947,2,78,0.974620679856316
GO:0006672,ceramide metabolic process,45,0.880529644049026,2,37,0.983051693003867,671,0.0353322044589196,5,44,0.130723485197126
GO:0006690,icosanoid metabolic process,202,0.419314439019185,3,54,0.817617051433435,560,0.117055337253831,3,35,0.294352285793121
GO:0006694,steroid biosynthetic process,104,0.673721296850177,3,55,0.924295797557729,279,0.299859003424785,2,62,0.523459800073579
GO:0006720,isoprenoid metabolic process,-9,0.972146592799556,3,56,0.994910287140505,756,0.00463661289378885,4,63,0.0297559729134746
GO:0006732,coenzyme metabolic process,10,0.936618358484455,3,212,0.992038661993386,-75,0.644729438169718,4,173,0.807255028203643
GO:0006749,glutathione metabolic process,-138,0.669946651524089,2,32,0.923568103124565,644,0.0756931363425581,2,34,0.226000879882897
GO:0006760,folic acid-containing compound metabolic process,641,0.100477789045264,3,22,0.504145249775172,820,0.0336809438809046,4,30,0.125792500698082
GO:0006766,vitamin metabolic process,312,0.118048846170564,2,85,0.534512304582869,268,0.200288366829787,3,103,0.411465851642299
GO:0006767,water-soluble vitamin metabolic process,301,0.192368789104381,3,63,0.6393496193798,-7,0.98070430031696,2,55,0.989288145396321
GO:0006775,fat-soluble vitamin metabolic process,198,0.603740451338596,4,23,0.89218914902665,648,0.037821656977618,2,46,0.137723411269209
GO:0006790,sulfur compound metabolic process,21,0.864456507123233,3,223,0.979249209605357,40,0.788460565227583,3,210,0.896596745362397
GO:0006805,xenobiotic metabolic process,363,0.193534007566432,3,43,0.640611657326994,394,0.133992518319236,3,65,0.321721619506082
GO:0006812,cation transport,-75,0.436604505336134,5,380,0.823586171555445,172,0.059249052067155,2,580,0.19047289402342
GO:0006826,iron ion transport,-112,0.697772790181954,2,40,0.927124658951197,-265,0.255666341508145,6,83,0.477948837936962
GO:0006835,dicarboxylic acid transport,-82,0.771454681914339,2,42,0.951502292035375,242,0.505128690268663,4,34,0.71002615647058
GO:0006836,neurotransmitter transport,-60,0.688936430790217,2,150,0.924968798907367,-11,0.9467277429056,2,176,0.971304754056825
GO:0006839,mitochondrial transport,-466,0.00547457550167223,3,121,0.122392661318123,-442,0.0328731785110244,2,105,0.12401420043848
GO:0006855,drug transmembrane transport,239,0.312810904499613,2,60,0.74743034780788,1641,6.63735537404717e-9,2,56,3.73148881394603e-7
GO:0006865,amino acid transport,-303,0.204431798237202,2,59,0.652913032426193,581,0.00413371800758403,4,110,0.0273799425502333
GO:0006886,intracellular protein transport,-468,7.05987192228357e-9,4,559,2.40697508350355e-6,-659,2.33424796261547e-10,4,438,1.68138798557146e-8
GO:0006888,endoplasmic reticulum to Golgi vesicle-mediated transport,-646,2.22641508698249e-4,2,111,0.0146326437343247,-846,0.00140376311927809,3,64,0.0120285278436282
GO:0006891,intra-Golgi vesicle-mediated transport,-795,0.0239370396247571,5,27,0.278544044873907,-997,0.0076448758956188,2,32,0.042563862172467
GO:0006892,post-Golgi vesicle-mediated transport,-165,0.429768041053142,5,77,0.823374157978711,-779,0.00244588073245632,4,68,0.0185452470010257
GO:0006898,receptor-mediated endocytosis,-412,0.032684145576337,5,91,0.318948146903253,-510,2.12691938936375e-8,4,583,1.04309557286882e-6
GO:0006900,vesicle budding from membrane,-561,0.015168190149315,2,63,0.225360883188709,-1252,1.38890208237292e-5,2,54,3.02020688666942e-4
GO:0006903,vesicle targeting,-485,0.0205314810445488,2,77,0.266348135257314,-648,0.042103022471451,2,44,0.147938211580327
GO:0006909,phagocytosis,-561,2.68640051597293e-4,2,144,0.0162825720162581,-395,0.00180557231246812,5,290,0.0145519027281085
GO:0006911,"phagocytosis, engulfment",-744,0.00848692409971471,2,42,0.159780249060711,-633,0.00656076911993036,2,83,0.038479829062187
GO:0006914;GO:0061919,autophagy,-262,0.0930630683165131,3,140,0.48672966219231,183,0.42037165644615,3,87,0.642118401662277
GO:0006937,regulation of muscle contraction,331,0.131136921032964,3,70,0.555397441176101,-67,0.793182927575763,6,69,0.89974736617231
GO:0006952,defense response,-296,0.00117460938621499,3,429,0.0451231986042449,-333,8.66694461608144e-4,3,477,0.00835870600002833
GO:0006954,inflammatory response,-375,0.0333236251165472,2,109,0.322305629451711,-151,0.433094757474655,2,122,0.651199933789743
GO:0006955,immune response,-221,0.00693978648415837,2,542,0.143941198749368,-187,0.0703841539819254,2,445,0.214432791147649
GO:0006959,humoral immune response,0,0.998554660458621,3,60,0.999710632100998,-298,0.17592012223548,3,93,0.381105152023291
GO:0006970,response to osmotic stress,-60,0.807769159236432,2,55,0.960738006875105,152,0.549518771548138,3,70,0.74379823828009
GO:0006972,hyperosmotic response,-164,0.681904139944671,3,21,0.924968798907367,-14,0.970774320655489,4,30,0.984441183066829
GO:0006974,cellular response to DNA damage stimulus,428,1.61445212938151e-6,2,451,2.75213636430504e-4,375,1.01646840566574e-4,3,514,0.00154142083885495
GO:0006979,response to oxidative stress,-176,0.114554735487667,3,280,0.527025368553991,-80,0.539597102621092,2,275,0.738612372910196
GO:0006984,ER-nucleus signaling pathway,-974,0.00663089131900677,3,26,0.139121200558392,-1051,2.06747311401303e-6,4,92,5.47761554919544e-5
GO:0006997,nucleus organization,124,0.508451417263825,2,97,0.851250389549978,143,0.53263461961469,2,86,0.732094691837722
GO:0007005,mitochondrion organization,-377,9.08671933871281e-4,2,269,0.036991085069163,-231,0.136119950981616,2,191,0.32581151299338
GO:0007006,mitochondrial membrane organization,-354,0.131348680916477,2,61,0.555862726454137,-112,0.761322190835244,3,33,0.883164393495338
GO:0007009,plasma membrane organization,134,0.635628477847562,2,42,0.906640504266039,-187,0.445898011493943,4,75,0.660112341999704
GO:0007015,actin filament organization,-148,0.377022021401575,2,121,0.791232823717901,-794,8.24635977281266e-5,4,111,0.00131088684664367
GO:0007017,microtubule-based process,207,0.0143692778202012,2,505,0.219564175095791,-332,1.99711444307807e-4,2,611,0.00254328662502484
GO:0007018,microtubule-based movement,-67,0.606421837660083,3,204,0.89218914902665,-89,0.596811538587379,2,159,0.781175807179959
GO:0007026,negative regulation of microtubule depolymerization,1461,0.00278511752030705,4,14,0.0821233301258106,469,0.177770114821481,3,37,0.38259581201075
GO:0007029,endoplasmic reticulum organization,-388,0.1508996239546,2,46,0.592274059727038,-1187,0.00149153552627607,4,32,0.0124564832900954
GO:0007030,Golgi organization,-578,6.95540446513497e-4,2,117,0.0301124852042153,-434,0.0247903101634431,4,121,0.100424718676162
GO:0007033,vacuole organization,-216,0.21894355364096801,2,110,0.669096406224919,121,0.600602179656097,4,85,0.782140126614296
GO:0007050,cell cycle arrest,302,0.160735820822246,2,73,0.604699243162312,665,0.00628808758212909,2,76,0.0371642099405322
GO:0007051,spindle organization,662,1.4721931071499e-5,4,146,0.00208911962928,-341,0.0081614399708664909,2,278,0.0446843684865731
GO:0007052,mitotic spindle organization,890,6.33425308542026e-6,5,87,9.87238588027643e-4,-498,3.70917095138559e-4,6,235,0.00431799951663828
GO:0007076,mitotic chromosome condensation,767,0.0605715086980163,2,20,0.422867045276558,1162,4.38212682345042e-4,7,41,0.00492722064783084
GO:0007095,mitotic G2 DNA damage checkpoint,446,0.275878376676218,2,20,0.722458742692554,-186,0.515937716239191,6,55,0.719006309511085
GO:0007127,meiosis I,369,0.062595315179094,2,86,0.426109320236559,774,7.67826000291518e-4,2,85,0.00776245145031557
GO:0007131;GO:0035825,reciprocal meiotic recombination,614,0.0244887966176112,2,45,0.280055315616497,1723,3.6613187306383e-7,2,39,1.339577726051e-5
GO:0007140,male meiotic nuclear division,212,0.295980141410723,2,82,0.73627197784509,633,0.0145776886074712,2,67,0.0692815922478786
GO:0007143,female meiotic nuclear division,527,0.0362424597975596,5,53,0.331790418895257,719,0.0080460983095923,6,61,0.0441577538181196
GO:0007156,homophilic cell adhesion via plasma membrane adhesion molecules,-320,0.43402375646061,2,20,0.823586171555445,-501,0.108361714701451,5,46,0.280015417474041
GO:0007160,cell-matrix adhesion,36,0.893979035753873,3,46,0.984073077163644,-402,0.207350840276079,4,44,0.421025474682368
GO:0007162,negative regulation of cell adhesion,122,0.510022063331091,2,99,0.852561981777207,-687,0.00379523041705882,2,80,0.0258053277620076
GO:0007163,establishment or maintenance of cell polarity,216,0.079266117335968,2,228,0.45756261382826,-527,1.13070054362647e-4,2,247,0.00168146113100582
GO:0007178,transmembrane receptor protein serine/threonine kinase signaling pathway,380,0.056713970480054,6,85,0.409225805514146,-177,0.370066097187944,6,116,0.595960186722383
GO:0007179,transforming growth factor beta receptor signaling pathway,424,0.0923410423859147,2,53,0.485378497421727,49,0.852308459122011,2,64,0.9255097334328
GO:0007186,G protein-coupled receptor signaling pathway,212,0.101934367107811,3,206,0.506884204715687,52,0.730483011197391,4,199,0.865381704368167
GO:0007218,neuropeptide signaling pathway,286,0.426201864018572,2,26,0.822549729571217,341,0.347112450593766,5,34,0.570273840783058
GO:0007219,Notch signaling pathway,-28,0.89642544541609,5,72,0.984720874726791,-253,0.285485512425244,2,80,0.509735017482083
GO:0007224,smoothened signaling pathway,669,0.00471291131849539,2,60,0.110338760696963,95,0.704266393775401,5,72,0.845927064956904
GO:0007249,I-kappaB kinase/NF-kappaB signaling,4,0.990204360631343,5,30,0.999386064694303,814,0.00153473902758989,2,68,0.0127710233162263
GO:0007254,JNK cascade,23,0.91984407432318,2,66,0.990475607073223,-351,0.0981248441630215,2,100,0.262785757043874
GO:0007257,activation of JUN kinase activity,263,0.499612961356426,2,22,0.848080704036718,-219,0.564602130780985,4,31,0.758396218793806
GO:0007267,cell-cell signaling,108,0.215824033247742,2,469,0.666521052678303,-50,0.542966932976376,2,746,0.739243225345863
GO:0007270,neuron-neuron synaptic transmission,790,0.221548724257051,2,8,0.670492827759359,293,0.352685424039864,7,45,0.57696231540943
GO:0007271,"synaptic transmission, cholinergic",130,0.782503515034648,4,15,0.953233447614013,62,0.872786918562949,7,30,0.939919268239953
GO:0007274,neuromuscular synaptic transmission,4,0.989157433152402,2,37,0.999232184786362,108,0.667196979322545,2,71,0.820464218675458
GO:0007280,pole cell migration,15,0.967079232137024,4,24,0.99479461719583,207,0.48828982504528,4,50,0.697325542257064
GO:0007281,germ cell development,-36,0.651170325092302,2,573,0.917141537288436,-280,8.63234670780024e-4,2,694,0.00835870600002833
GO:0007293,germarium-derived egg chamber formation,-42,0.853946521860038,2,64,0.977895448505784,-483,0.0349589638400121,2,86,0.129759116990705
GO:0007346,regulation of mitotic cell cycle,386,1.97777954305213e-5,3,438,0.00256875890651175,15,0.892391743412776,2,382,0.950537416158248
GO:0007349,cellularization,144,0.522855114507249,2,66,0.856925980080993,-324,0.232152947218762,2,61,0.449296845792818
GO:0007350,blastoderm segmentation,-47,0.763949011277121,3,138,0.95107951003933,-256,0.105822106409843,2,182,0.276240039948684
GO:0007369,gastrulation,180,0.213046594831643,4,164,0.664096671318064,-242,0.0652390655058398,4,268,0.202936634265804
GO:0007379,segment specification,296,0.469401863890706,3,20,0.838539748097294,-522,0.156045867076268,2,33,0.352287682282858
GO:0007391,dorsal closure,-144,0.46159725776617,2,89,0.834691918268264,-574,0.0208096822535421,2,73,0.089489398497042
GO:0007412,axon target recognition,282,0.592970569921824,2,12,0.889995843739405,532,0.116457608161218,3,39,0.293974463393323
GO:0007416,synapse assembly,170,0.454055710996347,4,65,0.830123745553696,-181,0.419903473262902,2,89,0.641982918409969
GO:0007419,ventral cord development,-204,0.555479995345354,2,28,0.874962543849354,-299,0.437868792796153,2,30,0.653527388809471
GO:0007422,peripheral nervous system development,280,0.21577083191429,2,66,0.666521052678303,-70,0.718770730911494,3,119,0.856967174014554
GO:0007424,open tracheal system development,89,0.57595513642748,3,136,0.882785970556871,-693,2.57122989386774e-5,5,168,5.10921112531478e-4
GO:0007427,"epithelial cell migration, open tracheal system",31,0.945245190882294,2,16,0.992038661993386,-686,0.0622079627663543,6,33,0.196643456565943
GO:0007447,imaginal disc pattern formation,399,0.106707550512719,2,55,0.512932846876442,314,0.23192289078419,2,65,0.44922879265341
GO:0007474,imaginal disc-derived wing vein specification,864,0.0182362940558395,2,25,0.251845529302796,240,0.489680234587918,2,37,0.698460978171504
GO:0007492,endoderm development,71,0.766839008014004,2,58,0.951207132844099,1,0.996705204158276,4,51,0.998828714649023
GO:0007498,mesoderm development,15,0.930829997720657,3,117,0.991470743915011,-82,0.651231755955639,2,137,0.811838397770551
GO:0007507,heart development,211,0.0373292954166121,2,345,0.334369961408241,-26,0.814062767224591,4,400,0.910438951214305
GO:0007517,muscle organ development,124,0.369709511520152,2,181,0.786526297157223,57,0.61585686580104,4,360,0.792601940631713
GO:0007519,skeletal muscle tissue development,388,0.0710311322868897,2,73,0.444862028272082,115,0.444594854933652,2,203,0.659460680034842
GO:0007525,somatic muscle development,333,0.173956979185929,3,56,0.619566799533625,140,0.637340412317777,4,51,0.802712861327191
GO:0007528,neuromuscular junction development,339,0.0873505576300843,4,86,0.47649729187211,-21,0.925294935550619,4,92,0.964197480309302
GO:0007530,sex determination,987,8.911708484587e-4,2,38,0.0367678241465105,-259,0.34831815560203,3,59,0.5709435074768
GO:0007568,aging,-11,0.909582415126294,2,359,0.987876381995986,-449,2.74907833929471e-7,2,639,1.04041233164304e-5
GO:0007569,cell aging,298,0.292503558145831,2,42,0.732529786550882,417,0.22466415071927,2,38,0.440534050203163
GO:0007584,response to nutrient,131,0.373552966034004,2,159,0.790014349979737,-17,0.911242363973898,3,209,0.959969675027347
GO:0007585,respiratory gaseous exchange,-97,0.795161072626632,2,24,0.957027102246315,-34,0.92218336820798,2,36,0.963165746055322
GO:0007586,digestion,-130,0.679368064015156,2,34,0.924968798907367,-298,0.384464354742706,2,38,0.610323924023373
GO:0007588,excretion,-27,0.918819419891033,3,48,0.99011580620814,254,0.33451853089033,3,65,0.55915136281183
GO:0007591,"molting cycle, chitin-based cuticle",-221,0.462278340666126,2,37,0.834691918268264,-1229,0.00120741473315539,3,31,0.0108312226273012
GO:0007600,sensory perception,73,0.507803133147916,2,290,0.85102679946122,-111,0.342619691550903,4,344,0.564905857671553
GO:0007602,phototransduction,46,0.879532425370508,4,37,0.983051693003867,-180,0.572886839734797,3,44,0.76639823887911
GO:0007606,sensory perception of chemical stimulus,1,0.997891827836738,5,61,0.999710632100998,-306,0.168999249118315,2,91,0.370640598684792
GO:0007608,sensory perception of smell,-153,0.601653440641821,2,39,0.89218914902665,-565,0.099905749424637,6,38,0.266530963453459
GO:0007612,learning,-186,0.244213132456313,2,133,0.69321418596518,-74,0.699711027004316,2,124,0.843546220227403
GO:0007613,memory,-171,0.279387978228116,3,136,0.725398106251486,-291,0.113630969853929,2,134,0.288140138078445
GO:0007616,long-term memory,-304,0.162593278642144,2,71,0.607858647655061,-219,0.419879703372438,2,61,0.641982918409969
GO:0007623,circadian rhythm,-33,0.857589687180801,2,98,0.979249209605357,-131,0.514114317849338,2,113,0.717332628718356
GO:0007626,locomotory behavior,73,0.569561533091659,2,212,0.882269218591892,121,0.384118320464036,2,237,0.610323924023373
GO:0007631,feeding behavior,163,0.451335704545286,2,72,0.829693483414803,403,0.0936901946945279,2,78,0.255267019823743
GO:0007632,visual behavior,-69,0.779919216430603,3,55,0.953233447614013,153,0.574873718530539,2,60,0.768164592007474
GO:0007635,chemosensory behavior,150,0.435546732654266,2,92,0.823586171555445,-228,0.309038161466615,2,90,0.53318335492556
GO:0007638,mechanosensory behavior,-51,0.894021094946118,2,23,0.984073077163644,220,0.381925452290911,2,71,0.608388505549793
GO:0008033,tRNA processing,75,0.7258598013961,2,74,0.939312113677515,405,0.29384214202716,2,30,0.518483289242562
GO:0008037,cell recognition,-118,0.467790580123813,2,128,0.838539748097294,-467,0.00249173350511282,2,192,0.0187694304878596
GO:0008038,neuron recognition,98,0.615502009258038,3,88,0.895345548293034,-474,0.00389770578188173,3,169,0.0262696252258403
GO:0008039,synaptic target recognition,102,0.765168334003836,4,29,0.951207132844099,140,0.615508201403157,2,58,0.792595756555462
GO:0008045,motor neuron axon guidance,324,0.171787003478542,2,60,0.618138591012828,-481,0.0862718363613433,3,57,0.245751392892314
GO:0008063,Toll signaling pathway,307,0.515685487507899,3,15,0.852682434352321,-236,0.303102904336901,2,86,0.525366567967704
GO:0008088,axo-dendritic transport,-267,0.268302138245428,2,58,0.715147999289727,102,0.760257087312702,4,40,0.882817423806437
GO:0008156,negative regulation of DNA replication,1080,0.00147737190198751,4,29,0.05233158263209,1228,0.00145927421430913,4,30,0.0122487948728098
GO:0008202,steroid metabolic process,45,0.790047917475564,2,120,0.956226179238785,331,0.0443424063796915,4,168,0.154356171072048
GO:0008203,cholesterol metabolic process,-12,0.965702780082918,2,44,0.994714383228984,339,0.230524012124516,4,56,0.448403247212666
GO:0008217,regulation of blood pressure,370,0.109635295283804,3,63,0.516906253909378,-114,0.670629217743541,2,63,0.822671818466664
GO:0008277,regulation of G protein-coupled receptor signaling pathway,-211,0.32980697917598,2,72,0.757548080783833,192,0.509774291903751,5,53,0.714303795038387
GO:0008283,cell population proliferation,177,0.0447305538255404,1,464,0.370265813533115,-37,0.710356890760421,1,468,0.851394127500526
GO:0008284,positive regulation of cell population proliferation,191,0.0447165592986514,2,392,0.370265813533115,-56,0.623454465675843,2,362,0.79649393278602
GO:0008285,negative regulation of cell population proliferation,63,0.535054590791362,2,345,0.863527453481325,-235,0.0535773876826357,5,313,0.176675076693098
GO:0008286,insulin receptor signaling pathway,14,0.954345421420964,2,58,0.99377233269367,-662,0.00114464497199464,2,109,0.0104119226921267
GO:0008293,torso signaling pathway,-133,0.770819713893906,2,16,0.951502292035375,513,0.163611961213467,7,33,0.36472492320797
GO:0008298,intracellular mRNA localization,-254,0.326952618038685,4,50,0.757548080783833,-186,0.503176610352011,4,58,0.708504634612942
GO:0008306,associative learning,-257,0.175831626752559,6,94,0.620731291126685,-446,0.0408614453509677,2,95,0.145067443236295
GO:0008333,endosome to lysosome transport,121,0.641332551233837,3,50,0.911771974714772,-418,0.242729129749748,2,35,0.463154506683087
GO:0008344,adult locomotory behavior,287,0.154348593361293,2,83,0.597751663592126,12,0.953545565242306,2,107,0.974620679856316
GO:0008345,larval locomotory behavior,794,0.0465560580962152,3,21,0.377938817786484,264,0.448497193596767,2,37,0.66310842286116
GO:0008347,glial cell migration,-271,0.344035310417242,2,41,0.766005150337165,-58,0.843463502278238,4,52,0.923654381809892
GO:0008354,germ cell migration,-226,0.412668202547057,2,44,0.816495528721302,176,0.486860495930126,2,70,0.696594316026655
GO:0008355,olfactory learning,-235,0.474087621127031,2,31,0.839003867951153,-1017,0.00142768787336502,2,44,0.0120986049562734
GO:0008356,asymmetric cell division,200,0.299740153028393,3,91,0.737394142359583,-271,0.187370225013404,3,107,0.395580317120583
GO:0008360,regulation of cell shape,-230,0.222596244009569,2,95,0.670492827759359,-512,0.00505974899304938,2,136,0.0316921777961381
GO:0008361,regulation of cell size,5,0.972746777765036,4,185,0.994910287140505,-56,0.743539704682025,3,155,0.873859683789034
GO:0008407,chaeta morphogenesis,265,0.497164114736522,2,22,0.846008184230313,-190,0.616469380244978,4,31,0.792947500817341
GO:0008542,visual learning,-564,0.0915543708601013,2,30,0.485378497421727,123,0.719615002681912,2,38,0.857215804228324
GO:0008544,epidermis development,141,0.307687062372327,4,180,0.743327247670967,-248,0.110177172429382,2,189,0.282804434799249
GO:0008586,imaginal disc-derived wing vein morphogenesis,676,0.0312607105147416,2,34,0.312893900656726,287,0.435637083875203,4,33,0.652318338746948
GO:0008587,imaginal disc-derived wing margin morphogenesis,72,0.809148313814978,2,38,0.96089306812989,-910,0.014894807647008,2,32,0.0704980115530871
GO:0008589,regulation of smoothened signaling pathway,227,0.274262424560536,2,78,0.7206654749411,-156,0.574098956213033,5,58,0.767574300505244
GO:0008593,regulation of Notch signaling pathway,-14,0.93430021242107,2,115,0.991470743915011,-365,0.10509079881946,3,89,0.274861848665104
GO:0008610,lipid biosynthetic process,-9,0.931783406844551,2,328,0.991470743915011,318,0.0110764537646393,4,296,0.0564723035435693
GO:0008630,intrinsic apoptotic signaling pathway in response to DNA damage,-30,0.912259746056889,4,44,0.987876381995986,519,0.0798983414814882,4,51,0.236412935962555
GO:0008637,apoptotic mitochondrial changes,-533,0.0766997541093034,3,37,0.452694011084998,-515,0.0822538726514556,3,51,0.239993894255196
GO:0009060,aerobic respiration,-447,0.078698852721009,5,52,0.456586256075915,-559,0.0868457395592001,5,42,0.246223160742874
GO:0009064,glutamine family amino acid metabolic process,21,0.944269629341671,4,38,0.992038661993386,-61,0.839322199196401,2,50,0.922480845487839
GO:0009066,aspartate family amino acid metabolic process,-160,0.581734723618026,2,40,0.885201544181156,-93,0.788435225458798,3,37,0.896596745362397
GO:0009069,serine family amino acid metabolic process,-21,0.94545389851657,5,34,0.992038661993386,259,0.501418689431739,3,30,0.707325629828738
GO:0009100,glycoprotein metabolic process,-346,0.00844256485192982,3,199,0.159780249060711,-378,0.00578805581713015,3,245,0.0348341218237206
GO:0009112,nucleobase metabolic process,634,0.0537819665079851,2,31,0.401341487415949,255,0.424604764871868,2,44,0.645589698568374
GO:0009143,nucleoside triphosphate catabolic process,167,0.795907877577431,4,8,0.957159936548696,-98,0.332951919940807,4,464,0.55915136281183
GO:0009164,nucleoside catabolic process,-140,0.76645879854488,2,15,0.951207132844099,-65,0.514770672922648,2,474,0.717813914752997
GO:0009225,nucleotide-sugar metabolic process,-146,0.661440978935846,2,30,0.922520760313915,-310,0.400380018544323,3,33,0.623986079689781
GO:0009266,response to temperature stimulus,-360,0.0084996037562395,2,184,0.159780249060711,-376,0.0157075691653807,3,189,0.0733617358344166
GO:0009267,cellular response to starvation,-74,0.635624093099121,3,139,0.906640504266039,-103,0.639683719941537,2,93,0.803964544419435
GO:0009268,response to pH,271,0.374382152665745,2,36,0.79004048077046,46,0.904506585945731,3,30,0.956370495690326
GO:0009314,response to radiation,97,0.342709082294481,2,340,0.765845573964467,265,0.022971345456233,2,343,0.0955221358829954
GO:0009408,response to heat,-244,0.147324345808884,3,120,0.586505371655396,-520,0.00586185609094708,2,127,0.0351864017959193
GO:0009409,response to cold,-561,0.0699077063377465,2,35,0.44316698140891,-430,0.210039034823427,2,38,0.42431198533567
GO:0009410,response to xenobiotic stimulus,177,0.256965102008688,3,140,0.704747030516491,117,0.512339888168759,2,142,0.716157333067914
GO:0009411,response to UV,82,0.632471558191934,3,115,0.90507144541894,788,8.26923376674699e-4,2,81,0.00818050808255443
GO:0009416,response to light stimulus,82,0.481481679514679,2,253,0.841794343698134,301,0.0240149185030106,4,260,0.097972366636176
GO:0009451,RNA modification,392,0.0388332154588855,6,94,0.341844591602474,539,0.107095600762734,2,40,0.278303675037319
GO:0009583,detection of light stimulus,325,0.173072374133054,2,59,0.619566799533625,-153,0.524134258684871,2,78,0.726475926800137
GO:0009584,detection of visible light,476,0.104498474766994,4,39,0.508963553441029,-314,0.304122511186646,3,48,0.526278069283198
GO:0009593,detection of chemical stimulus,-576,0.115216359013435,3,25,0.527025368553991,-467,0.0635428450112053,2,71,0.199041856477797
GO:0009612,response to mechanical stimulus,-25,0.869490525515417,2,148,0.980813631046841,60,0.666190021922765,3,241,0.820464218675458
GO:0009615,response to virus,-482,0.0133821188073564,3,89,0.210373078081064,-16,0.937503328983275,3,103,0.967298645168509
GO:0009617,response to bacterium,-91,0.412812954759551,4,284,0.816495528721302,-214,0.111998554928354,3,254,0.285571536625947
GO:0009620,response to fungus,-496,0.0395248509151179,4,58,0.344938277350891,-689,0.0201790501340764,2,51,0.0885956391600878
GO:0009636,response to toxic substance,-60,0.562445887644433,3,331,0.879266832073842,-5,0.965837375027283,2,342,0.981593981233636
GO:0009725,response to hormone,121,0.163075481969981,2,479,0.607858647655061,-303,0.00199591688710145,2,496,0.0158119560987436
GO:0009743,response to carbohydrate,-118,0.502316345630123,2,109,0.848398183889095,-746,7.99139132331926e-4,2,91,0.00804373668133227
GO:0009755,hormone-mediated signaling pathway,-2,0.993844191191393,3,61,0.999524347888836,-196,0.487659265176453,3,56,0.697304346297596
GO:0009798,axis specification,24,0.857057878617399,3,190,0.979249209605357,-32,0.817349749531327,2,242,0.91322887671823
GO:0009913,epidermal cell differentiation,94,0.576839290935776,3,121,0.883148563585366,-522,0.0135209443901823,3,101,0.0653370583215308
GO:0009914,hormone transport,-221,0.4403214792965,3,41,0.824763014213726,410,0.166943386400537,2,51,0.369374300866502
GO:0009948,anterior/posterior axis specification,66,0.694708976998458,4,121,0.92622244033826,74,0.664791056667602,4,157,0.820285706423783
GO:0009950,dorsal/ventral axis specification,60,0.79859446603866,2,61,0.95847361999545,43,0.845591268712078,2,91,0.92417632735009
GO:0009952,anterior/posterior pattern specification,260,0.044548276285367,2,205,0.37011990094739,-56,0.633690542240934,2,335,0.802611211753739
GO:0009953,dorsal/ventral pattern formation,158,0.287751239278508,2,155,0.730074047941531,0,0.999150663342461,4,209,0.999150663342461
GO:0009954,proximal/distal pattern formation,414,0.239567032595681,2,27,0.687809559373389,642,0.0551307455533242,4,40,0.180250168085691
GO:0010035,response to inorganic substance,68,0.511610445426738,3,323,0.852561981777207,-115,0.321162853760114,2,345,0.545125462383699
GO:0010038,response to metal ion,143,0.240408366338517,4,233,0.688308546576065,-165,0.232681971042375,4,240,0.449942905413317
GO:0010043,response to zinc ion,-14,0.964444302429899,2,36,0.994714383228984,613,0.0780424680255631,2,37,0.232113404901836
GO:0010171,body morphogenesis,365,0.0571106375580949,2,92,0.41081628539177,-53,0.636123564161559,3,378,0.802712861327191
GO:0010172,embryonic body morphogenesis,647,0.0273861547671986,2,39,0.299381711934005,-70,0.820625404701408,2,47,0.915557385206556
GO:0010212,response to ionizing radiation,177,0.300012597583876,2,116,0.737394142359583,282,0.184857849035457,4,100,0.393441682388484
GO:0010332,response to gamma radiation,-234,0.4029974876451,2,43,0.810291134513936,586,0.111702258069647,5,33,0.285131456091402
GO:0010389;GO:1902749,regulation of cell cycle G2/M phase transition,175,0.320500486070043,2,109,0.753590582548312,-170,0.495396442348425,7,72,0.703133497298719
GO:0010469,regulation of signaling receptor activity,225,0.237723119750351,2,93,0.686310406615683,121,0.656893088127984,2,60,0.815807418176187
GO:0010506,regulation of autophagy,-158,0.201811541191649,2,226,0.650833130703457,-87,0.731597091546377,2,70,0.866117768882588
GO:0010522,regulation of calcium ion transport into cytosol,-115,0.660409147181281,3,49,0.922444184754116,172,0.63556300248331,2,34,0.802712861327191
GO:0010564,regulation of cell cycle process,427,1.57699820141711e-6,5,454,2.75213636430504e-4,151,0.134593567968413,2,468,0.322492904539701
GO:0010565,regulation of cellular ketone metabolic process,84,0.690188285726934,3,76,0.92551059455271,-698,9.00148989004113e-4,2,102,0.00860930879524681
GO:0010608,posttranscriptional regulation of gene expression,-341,0.00166314526553718,2,297,0.0577863530159574,-170,0.125297253540841,2,380,0.308228569276028
GO:0010623,programmed cell death involved in cell development,9,0.97295945793294,2,52,0.994910287140505,-557,0.027818273830113,2,70,0.109984770460395
GO:0010632,regulation of epithelial cell migration,-208,0.214491400713574,4,121,0.665936591287733,62,0.788251171083586,4,84,0.896596745362397
GO:0010634,positive regulation of epithelial cell migration,-120,0.551525260397238,2,83,0.871708819992362,185,0.491234830841904,5,62,0.699812289920018
GO:0010638,positive regulation of organelle organization,276,0.0046437078678717,3,374,0.109659854628745,91,0.609227883967829,2,144,0.788164212833737
GO:0010639,negative regulation of organelle organization,248,0.0330353921621388,2,257,0.320436131853467,284,0.102048130438158,2,151,0.270085405784073
GO:0010675;GO:0006109,regulation of carbohydrate metabolic process,0,0.998405165859895,2,88,0.999710632100998,-668,0.0217064564832349,3,53,0.0923125132727979
GO:0010769,regulation of cell morphogenesis involved in differentiation,37,0.771478580904994,2,212,0.951502292035375,-624,7.41088091054137e-5,6,184,0.00119723427900392
GO:0010770,positive regulation of cell morphogenesis involved in differentiation,-126,0.448305626012026,3,123,0.82790654297303,-217,0.436105232108046,3,58,0.652318338746948
GO:0010771,negative regulation of cell morphogenesis involved in differentiation,-88,0.746752140196647,4,45,0.945683685287682,-807,0.00512883666054721,3,54,0.0320378550204914
GO:0010810,regulation of cell-substrate adhesion,-1,0.997048291302461,2,84,0.999710632100998,-464,0.0819745098702087,2,63,0.239785844226943
GO:0010811,positive regulation of cell-substrate adhesion,-280,0.310096324712816,2,44,0.743549648926774,-411,0.231235696183067,2,38,0.448651750590883
GO:0010817,regulation of hormone levels,113,0.307004674612716,2,288,0.74299489796467,8,0.950034518156833,3,276,0.972393234614343
GO:0010821,regulation of mitochondrion organization,-130,0.51302986312707,4,85,0.852561981777207,-885,0.0161731121076056,3,33,0.0750080953883922
GO:0010830,regulation of myotube differentiation,160,0.668280079895712,2,24,0.923370779085894,-244,0.298212757891418,2,82,0.522722742919938
GO:0010883,regulation of lipid storage,-707,0.00460134703697886,2,54,0.109131948203129,-448,0.204208613586849,3,36,0.417287991416389
GO:0010906,regulation of glucose metabolic process,-228,0.342919456428088,3,58,0.765845573964467,-893,0.0069036408799523,2,41,0.0400828519604283
GO:0010921,regulation of phosphatase activity,4,0.987209380369253,2,64,0.99874391133425,-251,0.33606457899374,3,66,0.55915136281183
GO:0010927,cellular component assembly involved in morphogenesis,80,0.635988310224013,3,118,0.906773714655512,-130,0.287104466807539,2,313,0.511532243764863
GO:0010948,negative regulation of cell cycle process,572,3.46329976270147e-5,2,180,0.00385557147051766,276,0.0336368662769924,2,275,0.125792500698082
GO:0010959,regulation of metal ion transport,-38,0.805732694567369,2,142,0.960295356972908,-79,0.724130440743868,2,91,0.860573177061764
GO:0010972;GO:1902750,negative regulation of cell cycle G2/M phase transition,124,0.648788599910969,2,45,0.91621461461402,-277,0.30313992858874,5,62,0.525366567967704
GO:0014013,regulation of gliogenesis,98,0.669380688339535,4,64,0.923568103124565,33,0.914770088010059,2,47,0.960612780347693
GO:0014070,response to organic cyclic compound,88,0.2964684578223,2,513,0.736884630817222,-19,0.847459719481395,4,473,0.924902771498397
GO:0014074,response to purine-containing compound,-226,0.268922419687383,3,81,0.715286549254373,-391,0.0803846977593036,5,90,0.237142027550568
GO:0014075,response to amine,-263,0.49015904992248,3,23,0.842835072150855,-206,0.547608955136615,3,38,0.74379823828009
GO:0014902,myotube differentiation,406,0.0742229624875231,2,65,0.449873622632709,348,0.250471787851016,4,49,0.471308844143163
GO:0015672,monovalent inorganic cation transport,-222,0.126361908773299,2,162,0.546199851314062,-103,0.484307193728485,4,213,0.695163175084007
GO:0015695,organic cation transport,96,0.782062309518372,2,28,0.953233447614013,771,0.00269735899997583,3,68,0.0199276041504625
GO:0015696,ammonium transport,-423,0.125472476704261,2,44,0.545332802745506,750,0.00157621704682466,2,80,0.0129756439033244
GO:0015698,inorganic anion transport,437,0.0511964610009927,2,67,0.392341067570268,1049,1.84474626850307e-4,3,57,0.0024023390671749
GO:0015718,monocarboxylic acid transport,446,0.0378296737416213,2,73,0.337485707016963,1061,1.4526730080563e-6,4,93,4.08342839459728e-5
GO:0015748,organophosphate ester transport,260,0.325867395915197,4,48,0.757548080783833,157,0.626087812048917,2,43,0.797751468641655
GO:0015804,neutral amino acid transport,-79,0.881566740290059,2,12,0.983051693003867,-58,0.880374768885711,5,30,0.943048275234421
GO:0015850,organic hydroxy compound transport,151,0.544677339086392,4,54,0.867507995537597,821,2.52418967643983e-5,3,119,5.05935409060331e-4
GO:0015893,drug transport,137,0.488255216575603,3,86,0.842835072150855,861,7.03907663733572e-7,2,151,2.24466343640865e-5
GO:0015980,energy derivation by oxidation of organic compounds,-516,6.50665950099612e-4,2,149,0.0290933012933884,-316,0.0629774848113864,3,157,0.19819144126415
GO:0016032,viral process,-192,0.231443853986414,4,132,0.681416484133356,-1050,9.59577041255193e-14,3,231,1.16411846320696e-11
GO:0016050,vesicle organization,-499,6.66092761897253e-5,2,221,0.00637462458973599,-612,4.36669817083562e-4,2,150,0.00492722064783084
GO:0016051,carbohydrate biosynthetic process,-237,0.29000932291262,2,67,0.730763070353663,-458,0.0969442805834169,2,59,0.261047391056981
GO:0016052,carbohydrate catabolic process,66,0.755212170320478,4,75,0.947707013825215,-658,0.0370030774884033,4,45,0.135599512894705
GO:0016064;GO:0019724,B cell mediated immunity,204,0.591986074492066,3,23,0.889995843739405,53,0.876281399011379,5,38,0.94153749439966
GO:0016071,mRNA metabolic process,-18,0.839574203555291,6,434,0.974608016020256,-442,1.591884551626e-5,4,452,3.36632467109902e-4
GO:0016197,endosomal transport,-140,0.327160920911792,2,167,0.757548080783833,-263,0.164940710033962,2,126,0.366977158907609
GO:0016203,muscle attachment,-225,0.514896401300083,2,28,0.852682434352321,-878,0.00870903157659085,2,40,0.0471228116996289
GO:0016236,macroautophagy,-152,0.403218289814266,4,102,0.810291134513936,681,0.0228599195164528,2,50,0.0953836463631702
GO:0016246,RNA interference,-521,0.118932495897347,2,30,0.536212242393498,30,0.884193077820072,3,104,0.944423097486221
GO:0016310,phosphorylation,-30,0.702361556471308,4,591,0.928522793365686,-48,0.572102312184624,2,671,0.765793164683832
GO:0016311,dephosphorylation,-297,0.0469042452789643,5,153,0.379055789624815,188,0.279502265754095,5,150,0.501363986430497
GO:0016319,mushroom body development,-326,0.278843520658474,2,37,0.725398106251486,202,0.40004811415376,2,78,0.623986079689781
GO:0016331,morphogenesis of embryonic epithelium,159,0.213598352526594,2,210,0.664727705851176,21,0.881887217293879,2,221,0.943317501486291
GO:0016333,morphogenesis of follicular epithelium,34,0.918695429450438,3,30,0.99011580620814,-992,0.00621369930446642,2,34,0.0368189637449745
GO:0016339,calcium-dependent cell-cell adhesion via plasma membrane cell adhesion molecules,-681,0.179490526639905,5,13,0.623065762349279,-169,0.542556527997474,2,58,0.739243225345863
GO:0016458,gene silencing,33,0.830754806737169,4,139,0.97212225398,57,0.73059991180063,4,167,0.865381704368167
GO:0016482,cytosolic transport,-275,0.107951500332383,3,116,0.51643928128969,-557,2.08396904637708e-8,3,483,1.04309557286882e-6
GO:0016485,protein processing,-153,0.433204346844173,2,89,0.823586171555445,-220,0.241181859175637,4,129,0.461731050996548
GO:0016999,antibiotic metabolic process,-25,0.90762666023231,4,75,0.987876381995986,322,0.189048242926982,2,75,0.397950867531227
GO:0017038,protein import,-187,0.294317314408105,5,107,0.735076665430263,407,0.0219250031258849,4,144,0.0930702250555519
GO:0017144,drug metabolic process,-25,0.795722992101271,3,372,0.957148604611341,203,0.022595608989038,3,610,0.0948686315477825
GO:0017145,stem cell division,95,0.62564175516542,3,89,0.900915455177988,-445,0.0444452169828505,3,92,0.154356171072048
GO:0017157,regulation of exocytosis,-345,0.0693479059318653,5,94,0.44316698140891,-307,0.281761743039988,5,55,0.504631559990033
GO:0018193,peptidyl-amino acid modification,18,0.834783635320678,2,465,0.974063043994502,-88,0.413720924422095,6,407,0.637877411901625
GO:0018205,peptidyl-lysine modification,263,0.0613326661095867,2,173,0.424662064213659,274,0.102722099964951,2,162,0.271219290285466
GO:0018208,peptidyl-proline modification,60,0.862152838307358,2,28,0.979249209605357,-389,0.223296641638091,2,44,0.439537795880273
GO:0018958,phenol-containing compound metabolic process,-97,0.662143494217438,2,69,0.922520760313915,-382,0.0595029721982971,2,110,0.190794666198616
GO:0018991,oviposition,203,0.39970598337063,3,58,0.808016521743222,-92,0.566427768520554,2,176,0.759962751129148
GO:0018992,germ-line sex determination,1169,0.00271598896841646,2,22,0.080960217610447,-228,0.541513031971281,2,32,0.739243225345863
GO:0018996,"molting cycle, collagen and cuticulin-based cuticle",-200,0.61597753176542,2,21,0.895345548293034,-717,4.02570097461344e-5,2,149,7.51288449167331e-4
GO:0019058,viral life cycle,-624,0.00844087747787252,2,60,0.159780249060711,-2034,6.42217462314397e-15,2,66,9.15569714238456e-13
GO:0019098,reproductive behavior,338,0.0421229695504846,2,123,0.356802482760704,10,0.932241374891679,2,352,0.964892846486448
GO:0019216,regulation of lipid metabolic process,-238,0.0558928688781435,2,223,0.407614438142076,-365,0.0455207734357837,3,136,0.157073926301619
GO:0019217,regulation of fatty acid metabolic process,-74,0.791480735480778,2,43,0.957027102246315,-584,0.124386336057783,2,31,0.306314641680758
GO:0019221,cytokine-mediated signaling pathway,-355,0.015088549348054,4,160,0.225360883188709,109,0.577870219294072,2,118,0.768959673777068
GO:0019226,transmission of nerve impulse,217,0.483379173586512,2,35,0.841794343698134,-35,0.697693287517139,2,604,0.842961886156022
GO:0019228,neuronal action potential,454,0.244639072729904,3,22,0.69348383876173,180,0.477423302406715,4,70,0.689934952518699
GO:0019229,regulation of vasoconstriction,126,0.647824943712743,4,44,0.91621461461402,-173,0.614599664586322,4,38,0.792311088854291
GO:0019233,sensory perception of pain,282,0.208451010297531,5,67,0.656574884932779,251,0.335240876452875,2,66,0.55915136281183
GO:0019722,calcium-mediated signaling,237,0.279371425949919,5,70,0.725398106251486,-164,0.619252434696182,6,41,0.794244270508891
GO:0019725,cellular homeostasis,-84,0.344334747207503,2,457,0.766087877626045,-28,0.80494024332048,2,378,0.906313827847686
GO:0019730,antimicrobial humoral response,-13,0.964848506893894,2,39,0.994714383228984,-348,0.259049737988135,3,47,0.482317969355938
GO:0019748,secondary metabolic process,-159,0.446440124436894,2,77,0.827780720191454,223,0.267909338757245,2,112,0.489735443502934
GO:0019751,polyol metabolic process,-321,0.172353241503342,4,61,0.618746389057424,-111,0.712951667966746,2,49,0.852361822958169
GO:0019882,antigen processing and presentation,-380,0.0645109119509554,2,80,0.430204186665601,-719,4.58025234036782e-5,2,146,8.12113972657525e-4
GO:0019915,lipid storage,-155,0.606392689830269,2,37,0.89218914902665,-32,0.822765499604083,2,231,0.916645391804564
GO:0019932,second-messenger-mediated signaling,217,0.199618516735586,2,119,0.648606639679905,-275,0.229567242734706,2,86,0.447675545265226
GO:0019933,cAMP-mediated signaling,3,0.992998254507429,2,31,0.999511974223505,-225,0.553297900896333,7,31,0.745383788174195
GO:0019935,cyclic-nucleotide-mediated signaling,269,0.329907686063978,5,44,0.757548080783833,-188,0.599703251355012,3,35,0.782140126614296
GO:0021510,spinal cord development,43,0.850498801516855,2,65,0.977895448505784,106,0.674885721049669,4,70,0.825128928898391
GO:0021532,neural tube patterning,470,0.14037516355736,2,33,0.575316692115251,304,0.299921538726635,4,52,0.523459800073579
GO:0021536,diencephalon development,598,0.0115357882576244,2,60,0.187915579991242,442,0.0751361957761001,3,73,0.224920689953131
GO:0021545,cranial nerve development,571,0.0386648551622753,2,44,0.341844591602474,236,0.454575062655739,4,45,0.670803789642432
GO:0021675,nerve development,680,0.00303182465566099,2,64,0.0865687226046808,211,0.383335574981807,3,77,0.609791925695697
GO:0021761,limbic system development,328,0.0982589926017255,4,86,0.501405804155671,44,0.871937940407189,4,60,0.939919268239953
GO:0021766,hippocampus development,460,0.0681029476769547,2,53,0.44141135550524,219,0.483463053889486,3,46,0.694752081805028
GO:0021782,glial cell development,139,0.569914213109523,2,56,0.882269218591892,-173,0.54925163629781,2,54,0.74379823828009
GO:0021872,forebrain generation of neurons,246,0.363034502319253,6,46,0.781783507812998,334,0.387119165580236,2,30,0.612429428045603
GO:0021915,neural tube development,359,0.0288708908432188,3,126,0.306402158657118,440,0.0101341939586218,4,155,0.0531882386438816
GO:0021952,central nervous system projection neuron axonogenesis,-256,0.67410393121846,2,9,0.924295797557729,-179,0.617462916510455,5,35,0.793340034869899
GO:0021953,central nervous system neuron differentiation,-15,0.934469271081383,2,104,0.991470743915011,67,0.722039419905646,2,128,0.859659536612869
GO:0021954,central nervous system neuron development,164,0.531703484272834,5,49,0.862087276641722,-135,0.58150793659268,2,75,0.768959673777068
GO:0021955,central nervous system neuron axonogenesis,-370,0.433037332687824,8,15,0.823586171555445,-487,0.110665023104624,3,48,0.283740687715415
GO:0021983,pituitary gland development,967,0.00603765639483486,5,27,0.131741662535297,612,0.0743865636425451,3,38,0.223547626070491
GO:0021987,cerebral cortex development,-67,0.743178767908846,3,81,0.944741772141407,20,0.947960164018034,3,47,0.971564329951787
GO:0022404,molting cycle process,-225,0.294452049592678,2,73,0.735076665430263,-17,0.956080683938649,2,47,0.975549347710751
GO:0022407,regulation of cell-cell adhesion,118,0.444268705255789,4,144,0.826371189326318,-210,0.202685389311028,2,167,0.415279842099484
GO:0022408,negative regulation of cell-cell adhesion,68,0.771797456528643,2,62,0.951502292035375,-633,0.0425256494598355,3,46,0.148742977245707
GO:0022411,cellular component disassembly,62,0.603418402704255,3,245,0.89218914902665,-651,7.30103489723975e-5,3,169,0.00119723427900392
GO:0022416,chaeta development,331,0.231469247497545,3,44,0.681416484133356,-365,0.189760607167782,2,58,0.397996541876012
GO:0022602,ovulation cycle process,64,0.850871393198624,2,29,0.977895448505784,-363,0.239146326806033,2,47,0.458977754611079
GO:0022603,regulation of anatomical structure morphogenesis,29,0.729925563326859,2,532,0.940562580230593,-382,1.0096071186736e-4,2,494,0.00154115523744546
GO:0022604,regulation of cell morphogenesis,-34,0.752403316899377,3,301,0.946803327531652,-478,1.26479105270636e-4,2,299,0.0018220896103051
GO:0022612,gland morphogenesis,231,0.152747951992929,2,130,0.595058330644789,-487,0.00422925314881942,4,157,0.027856591116903
GO:0022613,ribonucleoprotein complex biogenesis,14,0.890930491072652,3,318,0.984073077163644,-115,0.43889822033712,3,206,0.653527388809471
GO:0022616,DNA strand elongation,1469,1.6594351899053e-4,2,22,0.0119108144222808,1808,4.47916603802553e-8,5,41,2.10703626890793e-6
GO:0030001,metal ion transport,-27,0.811144354046425,2,268,0.96089306812989,129,0.218311684440395,4,434,0.434549596403377
GO:0030010,establishment of cell polarity,387,0.0298665295763446,3,107,0.30804916078925,-398,0.0413581114753495,3,119,0.14576520940471
GO:0030011,maintenance of cell polarity,102,0.777264181350458,3,26,0.952803620059944,-1050,0.00434165248091743,3,33,0.0285114215627199
GO:0030048,actin filament-based movement,337,0.161841218102263,3,58,0.606348794469674,-376,0.213756924637979,2,49,0.429563828500908
GO:0030098,lymphocyte differentiation,18,0.919146918907062,2,105,0.99011580620814,-50,0.826082481867881,2,88,0.91809070429386
GO:0030099,myeloid cell differentiation,-160,0.329748614036116,2,127,0.757548080783833,-76,0.685641528671992,2,127,0.83222944896732
GO:0030100,regulation of endocytosis,-197,0.154721890226651,3,180,0.597751663592126,-385,0.047342025292962,2,120,0.162144678009327
GO:0030148,sphingolipid biosynthetic process,-146,0.626825894467367,2,37,0.901723432046278,-209,0.543305183068847,3,38,0.739267087941967
GO:0030155,regulation of cell adhesion,106,0.372251222409832,3,248,0.78859433718277006,-329,0.0119697757315534,3,270,0.0595679181738756
GO:0030162,regulation of proteolysis,-93,0.338618595484999,2,373,0.764161215285324,-351,0.00704784313905544,2,272,0.040613196088807
GO:0030166,proteoglycan biosynthetic process,5,0.98762126301303,2,36,0.998975336498439,-443,0.215038573053424,2,35,0.429890642574278
GO:0030168,platelet activation,-196,0.544342100269641,3,32,0.867227265470471,-209,0.305893771466802,3,108,0.528153665341557
GO:0030183,B cell differentiation,-210,0.473755862052202,5,39,0.839003867951153,48,0.895215476059622,2,34,0.951785826714681
GO:0030217,T cell differentiation,-53,0.806578184665167,4,72,0.960523297483899,-14,0.960470880880144,2,56,0.977864567327178
GO:0030239,myofibril assembly,-141,0.584022063704488,2,51,0.885201544181156,-388,0.0505581949423099,2,115,0.168893680205832
GO:0030258,lipid modification,21,0.893211457955901,3,146,0.984073077163644,18,0.928363528987774,4,115,0.964605179791397
GO:0030261,chromosome condensation,933,2.45091995317201e-4,5,52,0.0155462422611085,888,0.00155208392651945,7,57,0.0128227722244707
GO:0030278,regulation of ossification,345,0.0650649102314441,2,97,0.431778271527465,-18,0.938706196391493,2,85,0.967421621530741
GO:0030279,negative regulation of ossification,59,0.842943564617274,2,38,0.976068169175808,-383,0.298189178661572,2,33,0.522722742919938
GO:0030307,positive regulation of cell growth,-98,0.541416372737004,3,133,0.865940259361618,-209,0.334840027879323,5,96,0.55915136281183
GO:0030308,negative regulation of cell growth,-69,0.732409694860435,3,82,0.94130704165338,-327,0.144388537340752,2,90,0.338227213994343
GO:0030316,osteoclast differentiation,90,0.780142815028825,6,32,0.953233447614013,166,0.637643058173573,2,36,0.802712861327191
GO:0030330,"DNA damage response, signal transduction by p53 class mediator",423,0.160260970166508,6,37,0.60426397713504,-546,0.0379461786086164,5,65,0.137958898569181
GO:0030431,sleep,121,0.6795476740404,2,39,0.924968798907367,-302,0.366509973785017,2,40,0.592015059267319
GO:0030433;GO:0036503,ERAD pathway,-890,5.61281725127084e-5,4,69,0.00546748537601472,-1205,0.00126144415980488,3,32,0.0110804515201399
GO:0030510,regulation of BMP signaling pathway,572,0.0141947927578574,2,62,0.218971790438205,26,0.9286380532391,2,55,0.964605179791397
GO:0030512;GO:1903845,negative regulation of transforming growth factor beta receptor signaling pathway,-196,0.532479034051678,4,34,0.862176649080411,-356,0.348510852503192,2,31,0.5709435074768
GO:0030522,intracellular receptor signaling pathway,142,0.494333317481493,2,78,0.844002290193748,141,0.456555408603374,4,126,0.672005247018376
GO:0030534,adult behavior,373,0.0113187748358812,2,158,0.187915579991242,85,0.623961147217978,2,152,0.79649393278602
GO:0030537,larval behavior,490,0.142808790995854,2,30,0.57999241907295,-1,0.997768038094206,2,51,0.998828714649023
GO:0030539,male genitalia development,45,0.890831015181792,4,31,0.984073077163644,-208,0.539124542484386,5,39,0.738612372910196
GO:0030703,eggshell formation,-37,0.873441900148071,2,62,0.98158765766433,494,0.0262926274513331,2,91,0.10552817941046
GO:0030707,ovarian follicle cell development,-19,0.895899596763487,4,170,0.984720874726791,-287,0.0468249188977181,2,220,0.160612259016727
GO:0030718,germ-line stem cell population maintenance,-350,0.190093425626642,2,47,0.63679426228605,-245,0.45933262029185,3,41,0.674370503039945
GO:0030850,prostate gland development,59,0.859158955386696,3,30,0.979249209605357,138,0.715587017404929,4,31,0.854456807864464
GO:0030855,epithelial cell differentiation,201,0.0286801946268103,2,425,0.304971660212963,-8,0.945360362817454,2,388,0.971304754056825
GO:0030856,regulation of epithelial cell differentiation,389,0.0851440930972191,2,66,0.472693190276205,-136,0.619544988449018,5,60,0.794244270508891
GO:0030858,positive regulation of epithelial cell differentiation,537,0.158852808341898,2,23,0.601495395254565,-224,0.562386379532526,3,30,0.756742909995606
GO:0030879,mammary gland development,131,0.538268208029056,2,74,0.865518057333112,273,0.285063255178272,5,69,0.509735017482083
GO:0030900,forebrain development,255,0.0403045641533686,2,224,0.346196383908615,252,0.086518776879055,3,212,0.245901085950952
GO:0030901,midbrain development,88,0.743141553480402,2,47,0.944741772141407,359,0.337001512946668,2,32,0.559242971448574
GO:0030902,hindbrain development,99,0.577946726925907,2,107,0.883451718801963,156,0.463704932550392,2,100,0.677338320360364
GO:0030947,regulation of vascular endothelial growth factor receptor signaling pathway,-233,0.568125498310308,2,20,0.881184132295346,447,0.192907728869023,3,38,0.401445578726216
GO:0030968,endoplasmic reticulum unfolded protein response,-1160,1.24388477609963e-7,4,70,3.18625217532136e-5,-1068,3.4686944750572e-6,3,85,8.78608875275478e-5
GO:0031016,pancreas development,339,0.152342433479248,2,60,0.594172933304489,307,0.223059944528024,2,71,0.439537795880273
GO:0031018,endocrine pancreas development,352,0.291632659862325,2,30,0.73172933461441,661,0.0382461874010884,2,44,0.138221608695064
GO:0031032,actomyosin structure organization,119,0.547211961615549,2,87,0.869895447565063,-416,0.0237341038409136,5,134,0.0969984208391948
GO:0031099,regeneration,28,0.867001208150885,2,125,0.980377973236025,-159,0.41054153703142,2,122,0.634673536457024
GO:0031100,animal organ regeneration,52,0.856824411735823,2,40,0.979249209605357,-159,0.64682646495358,2,37,0.808971786065112
GO:0031110,regulation of microtubule polymerization or depolymerization,577,0.0348256919007516,2,45,0.32659136001532,254,0.386336133899822,4,52,0.612429428045603
GO:0031111,negative regulation of microtubule polymerization or depolymerization,775,0.0469881463133274,5,22,0.379172097839055,386,0.237247054976796,2,42,0.45647283950043
GO:0031114,regulation of microtubule depolymerization,1241,0.00309143699694649,3,19,0.0865687226046808,374,0.268965817095351,2,39,0.490867940146306
GO:0031123,RNA 3'-end processing,81,0.663944363884955,2,97,0.922520760313915,228,0.293395915965247,6,96,0.518483289242562
GO:0031124,mRNA 3'-end processing,170,0.462469004336125,3,63,0.834691918268264,177,0.458174665769694,2,79,0.673528446810679
GO:0031145,anaphase-promoting complex-dependent catabolic process,1019,0.00897292359567597,2,22,0.162615608685756,-744,0.00404336829331104,2,67,0.0269363118961906
GO:0031290,retinal ganglion cell axon guidance,33,0.931080257393592,2,23,0.991470743915011,-30,0.923469110100764,2,47,0.963165746055322
GO:0031333,negative regulation of protein complex assembly,-530,0.0209056428857862,3,64,0.2687229789203,-1451,1.33146802087928e-4,2,31,0.0018944653013128
GO:0031334,positive regulation of protein complex assembly,89,0.58569108880553,5,128,0.886325663927272,-392,0.152010426424055,2,60,0.347088924692964
GO:0031347,regulation of defense response,-74,0.523518178546498,5,257,0.856925980080993,-128,0.345726253719137,5,252,0.568807291093941
GO:0031348,negative regulation of defense response,-122,0.570531972369098,2,73,0.882354460238308,-362,0.193651426273879,2,58,0.402494623589983
GO:0031400,negative regulation of protein modification process,-47,0.644076676022482,3,335,0.914481589719583,-401,0.0024902571676782,2,262,0.0187694304878596
GO:0031401,positive regulation of protein modification process,32,0.6925257328802,2,563,0.926071323403319,-345,4.45940712569451e-4,4,495,0.00498977350714847
GO:0031503,protein-containing complex localization,-43,0.760794316339066,2,171,0.949904553817717,28,0.87917168038948,2,133,0.942553824789652
GO:0031571;GO:0044783;GO:0044819,G1 DNA damage checkpoint,605,0.085786665146369,2,27,0.472693190276205,-774,0.00467896683850482,8,60,0.0298753976807579
GO:0031589,cell-substrate adhesion,-171,0.43559824069608,2,70,0.823586171555445,-618,0.0187657176336393,3,65,0.0838274789642221
GO:0031638,zymogen activation,302,0.583511845155736,2,11,0.885201544181156,-296,0.275145018073693,2,61,0.496608131366416
GO:0031644,regulation of neurological system process,55,0.792859144124143,2,77,0.957027102246315,-100,0.495236836132703,2,214,0.703133497298719
GO:0031646,positive regulation of neurological system process,10,0.976126517998609,2,31,0.995896665635873,535,0.0634332867420459,5,54,0.199041856477797
GO:0031647,regulation of protein stability,-246,0.0707054147695541,2,186,0.444862028272082,-407,0.0410940435756277,3,114,0.145278789021199
GO:0032006,regulation of TOR signaling,304,0.130186645887163,2,84,0.553953317717999,-91,0.782665790752437,3,41,0.894863416510103
GO:0032069,regulation of nuclease activity,-221,0.674796270077195,2,12,0.924295797557729,-1091,8.80941651447025e-5,3,58,0.00138134048067034
GO:0032088,negative regulation of NF-kappaB transcription factor activity,-6,0.983731672176132,2,42,0.997816339107624,248,0.313450921266256,3,74,0.537916332768222
GO:0032092,positive regulation of protein binding,-21,0.9323616947831,2,54,0.991470743915011,-304,0.422745793424843,2,31,0.64446365994991
GO:0032101,regulation of response to external stimulus,-84,0.345666259607902,4,457,0.766457813721471,-24,0.838216949229222,4,334,0.922238695930003
GO:0032102,negative regulation of response to external stimulus,-37,0.812432430921436,2,142,0.961349004485127,29,0.890943512081379,2,101,0.949872708301378
GO:0032103,positive regulation of response to external stimulus,-31,0.798229382828276,2,231,0.95847361999545,35,0.849412915336472,2,130,0.9255097334328
GO:0032104;GO:0032107,regulation of response to nutrient levels,870,0.0991265537475123,3,12,0.502896202454015,407,0.276299630031096,3,32,0.49735038114874
GO:0032147,activation of protein kinase activity,-12,0.931799372321172,5,165,0.991470743915011,105,0.517853140780874,4,173,0.720369034097715
GO:0032201,telomere maintenance via semi-conservative replication,1015,0.018583984768915,2,18,0.255222815365179,1932,5.60941043154025e-7,2,30,1.92980463353735e-5
GO:0032271,regulation of protein polymerization,-328,0.0710008306050121,2,103,0.444862028272082,-869,0.00212926814834573,2,56,0.0165251282220098
GO:0032355,response to estradiol,439,0.0359909289267909,2,77,0.331080130346786,-182,0.433638114735056,2,83,0.651199933789743
GO:0032368,regulation of lipid transport,-38,0.877603544649147,2,55,0.982986619589915,-67,0.829428306316847,5,47,0.918708431552298
GO:0032386,regulation of intracellular transport,-180,0.133773799622157,2,241,0.561179292015214,-196,0.175189693021998,5,219,0.379879814125781
GO:0032387,negative regulation of intracellular transport,-90,0.7197567400965,2,53,0.937822554953702,-292,0.269575713648401,2,64,0.491591787942693
GO:0032388,positive regulation of intracellular transport,-82,0.610075514882884,5,132,0.893023597068006,-52,0.79094590129699,2,119,0.898536373824328
GO:0032411,positive regulation of transporter activity,519,0.0733737332697231,2,40,0.448163375530543,578,0.134188479665731,4,30,0.321856863298137
GO:0032506,cytokinetic process,191,0.510231040343732,3,40,0.852561981777207,-787,0.0383341556754991,2,31,0.138221608695064
GO:0032507,maintenance of protein location in cell,-141,0.582330962572286,4,51,0.885201544181156,40,0.870207284255616,2,77,0.939057954217788
GO:0032526,response to retinoic acid,541,0.0370631931815866,2,50,0.334369961408241,20,0.935732774053948,2,70,0.966389978769797
GO:0032535,regulation of cellular component size,-151,0.182872900861444,3,270,0.626275364156241,-265,0.0710658398815456,2,213,0.215535211746003
GO:0032655,regulation of interleukin-12 production,556,0.185478903178385,5,19,0.629554431861909,135,0.674934731778711,3,43,0.825128928898391
GO:0032675,regulation of interleukin-6 production,-266,0.357626405691522,5,40,0.778783250717466,-103,0.697774958258434,3,64,0.842961886156022
GO:0032755,positive regulation of interleukin-6 production,315,0.419547638601814,6,22,0.817617051433435,17,0.955307091337975,6,47,0.975457521571031
GO:0032784,"regulation of DNA-templated transcription, elongation",341,0.228251010698489,3,42,0.676527772416762,-602,0.0686762211498442,2,41,0.211064919667188
GO:0032787,monocarboxylic acid metabolic process,67,0.556113694921453,3,268,0.874992848513564,358,0.00669843097237937,6,265,0.0389896045235718
GO:0032835,glomerulus development,317,0.385978904536472,3,25,0.797543531911536,-209,0.481556892209543,2,51,0.692876801837077
GO:0032870,cellular response to hormone stimulus,146,0.182050823677974,2,290,0.625369800480698,-409,0.00200307643420093,3,264,0.0158119560987436
GO:0032880,regulation of protein localization,26,0.755593625912818,2,538,0.947846918667693,-128,0.250887614648009,4,375,0.471308844143163
GO:0032984,protein-containing complex disassembly,94,0.523194235449129,2,159,0.856925980080993,-1085,3.63116242691074e-6,2,82,9.09764064568397e-5
GO:0033013,tetrapyrrole metabolic process,-330,0.217273341874172,2,47,0.666981474352059,529,0.150970794944253,2,33,0.346020287195117
GO:0033044,regulation of chromosome organization,555,8.40255910291651e-7,2,275,1.69716599947449e-4,747,4.06085294739273e-5,3,137,7.51288449167331e-4
GO:0033047,regulation of mitotic sister chromatid segregation,819,3.23985253312284e-4,2,65,0.0184097870501928,993,5.67234570189208e-4,2,54,0.00610969945928095
GO:0033059,cellular pigmentation,-291,0.315470848221344,2,40,0.749844652308249,-51,0.876589788712221,2,41,0.94153749439966
GO:0033077,T cell differentiation in thymus,601,0.0554552809560578,2,34,0.407135648124595,111,0.767322259352826,2,32,0.885208078949543
GO:0033143,regulation of intracellular steroid hormone receptor signaling pathway,15,0.956698454694326,2,46,0.993824361562348,-70,0.852411468085605,2,32,0.9255097334328
GO:0033157,regulation of intracellular protein transport,-203,0.192008489113539,2,141,0.6393496193798,-110,0.529522723341198,2,149,0.731489562604012
GO:0033206,meiotic cytokinesis,86,0.736013144282758,2,52,0.942255738573679,-151,0.659326062520332,3,38,0.818388031292065
GO:0033212,iron import into cell,-513,0.427614726733808,3,8,0.82288316087496,341,0.264199258131624,2,48,0.486569422013411
GO:0033238,regulation of cellular amine metabolic process,-235,0.49701989211632,2,28,0.846008184230313,-612,0.0190383848075518,2,66,0.0847171370297431
GO:0033260,nuclear DNA replication,1281,7.50322288406947e-5,4,32,0.0067098493168195,1680,7.11950881838868e-7,5,39,2.24466343640865e-5
GO:0033273,response to vitamin,36,0.87802189017966,3,60,0.982986619589915,456,0.107520990206499,2,56,0.278686373892041
GO:0033339,pectoral fin development,869,0.2080744128405,2,7,0.65609590869649,-157,0.621814678752156,2,44,0.795826115782187
GO:0033365,protein localization to organelle,-280,0.00115826707339074,3,485,0.0448109708180602,-343,0.00256092776366893,3,363,0.0191613247026046
GO:0033555,multicellular organismal response to stress,197,0.476541060552143,2,44,0.840025593933016,-487,0.0724032995340817,2,61,0.219015230217924
GO:0033559,unsaturated fatty acid metabolic process,-248,0.38595265675136,2,41,0.797543531911536,591,0.058046284871669,2,46,0.187390317407839
GO:0033619,membrane protein proteolysis,-470,0.139989771109006,3,33,0.574678291897991,18,0.956725059420251,4,41,0.97574678865596
GO:0033993,response to lipid,101,0.281220744486947,2,407,0.728254148016511,-22,0.843128383336636,2,387,0.923654381809892
GO:0034142,toll-like receptor 4 signaling pathway,-1236,0.0975384585146208,8,6,0.499598395490382,-151,0.562930010547883,3,66,0.75703248209619
GO:0034243,regulation of transcription elongation from RNA polymerase II promoter,189,0.571285071801381,2,30,0.882354460238308,-697,0.0545745144506929,2,34,0.179194096593799
GO:0034332,adherens junction organization,-96,0.693672273006182,2,57,0.92622244033826,-993,6.37814288072051e-4,4,53,0.006713839379452
GO:0034333,adherens junction assembly,9,0.977450535598187,2,35,0.996261709956672,-692,0.0641606991066527,3,32,0.200393511437445
GO:0034404,nucleobase-containing small molecule biosynthetic process,243,0.246623017548931,3,77,0.695120798645483,-120,0.204841626269013,2,540,0.417544550251488
GO:0034470,ncRNA processing,68,0.563545439418399,2,250,0.879266832073842,-56,0.769418552796295,7,123,0.886311726234613
GO:0034504,protein localization to nucleus,-1,0.996385094011528,5,129,0.999710632100998,378,0.0496937313652312,2,122,0.166973834980842
GO:0034599,cellular response to oxidative stress,-357,0.0225781511308042,2,139,0.271068376564764,-6,0.975588162982168,2,111,0.986012508756856
GO:0034605,cellular response to heat,-260,0.325574440125143,2,48,0.757548080783833,26,0.934544077917094,3,46,0.966389978769797
GO:0034614,cellular response to reactive oxygen species,-326,0.121916936485068,3,76,0.540051068562999,182,0.487980500327989,2,65,0.697325542257064
GO:0034622,cellular protein-containing complex assembly,16,0.847617429439089,3,504,0.977581807220522,-21,0.843510834581268,2,403,0.923654381809892
GO:0034644,cellular response to UV,-155,0.513288399886872,6,60,0.852561981777207,479,0.180435972787543,2,35,0.387248526327083
GO:0034656,nucleobase-containing small molecule catabolic process,112,0.774453508089136,5,22,0.952397339685875,-82,0.413590852615431,3,477,0.637877411901625
GO:0034660,ncRNA metabolic process,-10,0.917422914931859,2,350,0.989662239703235,92,0.528448286512644,2,215,0.730697840678851
GO:0034698,response to gonadotropin,-92,0.826943255254476,2,19,0.971050765955833,-980,0.00987105209145175,3,31,0.0519469750474801
GO:0034728,nucleosome organization,573,0.00450503460340256,2,83,0.107784928778776,468,0.129759906064749,2,47,0.315173044772627
GO:0034754,cellular hormone metabolic process,502,0.0340764432117936,2,60,0.323281735165798,336,0.133572547734535,3,90,0.32143555790775
GO:0034762,regulation of transmembrane transport,-30,0.827572336107007,3,179,0.971257980521455,343,0.0279785534263028,5,188,0.110052159808239
GO:0034764,positive regulation of transmembrane transport,139,0.483566132537038,2,86,0.841794343698134,-130,0.647833437564493,2,55,0.809352885412551
GO:0034976,response to endoplasmic reticulum stress,-901,6.17479823644497e-11,3,181,3.74261381997859e-8,-1000,7.54291185101451e-8,3,131,3.40910035619381e-6
GO:0035019,somatic stem cell population maintenance,436,0.12286209595621,2,42,0.541701556308631,-74,0.836229699733202,2,35,0.920949239674584
GO:0035023,regulation of Rho protein signal transduction,610,0.048792068192941,8,35,0.385582927284523,-382,0.111271430512913,2,78,0.284662205696187
GO:0035046,pronuclear migration,891,0.105926954427469,2,11,0.511095384066397,-138,0.684071458592256,2,39,0.830761176003767
GO:0035050,embryonic heart tube development,59,0.763797575455623,3,89,0.95107951003933,91,0.632171218984878,2,125,0.801956334485495
GO:0035051,cardiocyte differentiation,174,0.398344722096088,2,80,0.807813048470466,135,0.548784075605333,2,89,0.74379823828009
GO:0035094,response to nicotine,303,0.389757587538964,2,27,0.800495805686319,-1164,0.00256869819223637,2,30,0.0191613247026046
GO:0035112,genitalia morphogenesis,5,0.986298846170424,2,35,0.99874391133425,156,0.672360256824168,2,33,0.823622399274177
GO:0035150,regulation of tube size,-22,0.897913819749493,4,118,0.984720874726791,-596,0.0052558421614897,2,99,0.0323922892573095
GO:0035151,"regulation of tube size, open tracheal system",-76,0.795253536377225,2,39,0.957027102246315,-974,0.00401851374681291,2,39,0.0269263784488481
GO:0035152,"regulation of tube architecture, open tracheal system",-112,0.638731071261277,2,59,0.909258349094537,-1078,3.61666672373852e-5,2,66,6.83312852312893e-4
GO:0035159,"regulation of tube length, open tracheal system",-215,0.52741607403205,5,29,0.859592077635146,-1133,0.00208068355565225,2,33,0.0163128421625117
GO:0035162,embryonic hemopoiesis,-564,0.0330452994118049,2,48,0.320436131853467,-827,0.00195883965868814,2,63,0.0156232713262151
GO:0035195,gene silencing by miRNA,-357,0.285779770557261,2,30,0.729335847230028,500,0.188372475115437,2,31,0.396940531319761
GO:0035215,genital disc development,140,0.713667218893515,3,23,0.935156060308461,15,0.964854468466893,2,39,0.981379209942494
GO:0035222,wing disc pattern formation,780,0.0117037999200123,3,35,0.190012585010914,403,0.191483263611659,3,47,0.400122258703016
GO:0035262,gonad morphogenesis,351,0.285143535065098,2,31,0.729335847230028,614,0.106084650926337,3,31,0.276612127132587
GO:0035264,multicellular organism growth,222,0.248713037894678,2,91,0.698265374017225,317,0.263320194515889,2,56,0.486569422013411
GO:0035265,organ growth,-125,0.591826756544093,2,62,0.889995843739405,-192,0.534698917711923,2,47,0.734056584470508
GO:0035270,endocrine system development,385,0.0692289737063207,2,75,0.44316698140891,521,0.0128178302438727,4,103,0.0624632108078786
GO:0035303,regulation of dephosphorylation,-6,0.974465461191461,2,89,0.994910287140505,-291,0.214358476145407,3,82,0.429648945665359
GO:0035304,regulation of protein dephosphorylation,-232,0.339164205071092,3,57,0.764161215285324,-551,0.153421945816789,2,30,0.34841141389921
GO:0035315,hair cell differentiation,-78,0.702140487181915,2,82,0.928522793365686,-377,0.133733926261836,2,71,0.32143555790775
GO:0035335,peptidyl-tyrosine dephosphorylation,-514,0.0762006317453797,7,40,0.452694011084998,341,0.326691414360387,3,37,0.552070168695522
GO:0035567,non-canonical Wnt signaling pathway,287,0.310752478984961,3,42,0.744468499281055,-1075,0.00303252228844977,4,34,0.02157396257678
GO:0035637,multicellular organismal signaling,277,0.299619575707118,2,47,0.737394142359583,-37,0.679482350140458,2,608,0.82868085559458
GO:0035666,TRIF-dependent toll-like receptor signaling pathway,510,0.53292409490566,2,5,0.862385327116694,-182,0.519371228583997,4,56,0.721609814277344
GO:0035690,cellular response to drug,3,0.98032016769283,2,171,0.996836374289023,-53,0.796760002028757,2,106,0.901586551142015
GO:0035914,skeletal muscle cell differentiation,196,0.608095189015781,2,23,0.89218914902665,240,0.354352543336573,2,67,0.578867903891425
GO:0036342,post-anal tail morphogenesis,-38,0.900547475054243,3,37,0.985252297773871,445,0.219514891398349,3,34,0.435815525127644
GO:0038061,NIK/NF-kappaB signaling,-145,0.729420001512008,5,19,0.940436329058852,916,0.00759030919235093,5,38,0.0425407916186095
GO:0038179,neurotrophin signaling pathway,352,0.523580988379459,3,11,0.856925980080993,-766,1.0534415923636e-4,2,116,0.00158704762771118
GO:0040002,collagen and cuticulin-based cuticle development,-396,0.472408080400206,4,11,0.839003867951153,-378,0.207046129268646,2,50,0.420847731890855
GO:0040003,chitin-based cuticle development,-33,0.914350412286766,3,36,0.98833256032031,-1090,3.5994248348773e-4,4,48,0.0042329970634654
GO:0040012,regulation of locomotion,135,0.102826631006121,3,528,0.507872233799671,-56,0.581440535959794,3,458,0.768959673777068
GO:0040014,regulation of multicellular organism growth,198,0.238956019680356,4,120,0.686778233591329,-105,0.391703784902352,3,311,0.616719415437105
GO:0040015,negative regulation of multicellular organism growth,976,0.045825751744234,5,14,0.37555257310636603,-471,0.105174902612851,2,53,0.274861848665104
GO:0040017,positive regulation of locomotion,40,0.721747000119412,2,282,0.938081936061804,-68,0.624064226729524,2,237,0.79649393278602
GO:0040018,positive regulation of multicellular organism growth,403,0.0813410616330032,5,63,0.463327529067759,-57,0.682908733574306,5,240,0.830419927971392
GO:0040019,positive regulation of embryonic development,345,0.252508729149586,2,37,0.703086514251191,-63,0.841693530407886,2,45,0.923419127839208
GO:0040020,regulation of meiotic nuclear division,321,0.321951274787129,2,32,0.75408870817096,-161,0.485553513261464,2,84,0.696020427902783
GO:0040024,dauer larval development,-580,0.0300894324959655,2,47,0.309607022497035,-322,0.276725750825849,2,51,0.497545129214963
GO:0040025,vulval development,-333,0.198562667106249,2,50,0.648090251316964,-146,0.596335230547841,3,59,0.7811682475668
GO:0040027,negative regulation of vulval development,971,0.0553761150413577,5,13,0.407135648124595,-186,0.37454948657889803,3,103,0.599797732879248
GO:0040028,regulation of vulval development,585,0.0213972005678664,2,52,0.269812853080141,-258,0.16069900759327,2,134,0.36032219115028
GO:0040029,"regulation of gene expression, epigenetic",187,0.159940525720031,2,194,0.604207456927126,187,0.197459826284795,2,219,0.407470814311954
GO:0040035,hermaphrodite genitalia development,602,0.20187161450967,2,15,0.650833130703457,-204,0.0445322575977927,2,459,0.154356171072048
GO:0040036,regulation of fibroblast growth factor receptor signaling pathway,357,0.235999338477945,2,37,0.685472495897357,-215,0.571774010823756,5,31,0.765793164683832
GO:0040039,inductive cell migration,69,0.900964094358906,2,11,0.985252297773871,-597,0.0108504190474442,4,82,0.0557020398760777
GO:0040040,thermosensory behavior,-545,0.370871026451996,3,9,0.78719900750803,-567,0.123606056227495,2,33,0.306027883570758
GO:0042035,regulation of cytokine biosynthetic process,-305,0.305342423458699,3,38,0.741818571971383,130,0.683069927736989,2,44,0.830419927971392
GO:0042048,olfactory behavior,-42,0.854203686264204,2,63,0.977895448505784,-357,0.147910123177277,2,74,0.343682292261717
GO:0042051,compound eye photoreceptor development,25,0.925813426285407,2,48,0.991461536236511,-320,0.242355758556344,6,60,0.462825205859464
GO:0042052,rhabdomere development,26,0.939725436688595,2,28,0.992038661993386,23,0.949886355527403,2,33,0.972393234614343
GO:0042059;GO:1901185,negative regulation of ERBB signaling pathway,-281,0.260783643362192,2,54,0.708100933071557,-1390,4.07423237075559e-5,6,39,7.51288449167331e-4
GO:0042067,establishment of ommatidial planar polarity,103,0.761398868626915,3,29,0.950224394500073,-882,0.00759894546781265,2,41,0.0425407916186095
GO:0042074,cell migration involved in gastrulation,258,0.367997721375743,5,41,0.786526297157223,-153,0.499323579996291,2,88,0.705665758363857
GO:0042078,germ-line stem cell division,310,0.369908897882615,2,28,0.786526297157223,-116,0.715816093703375,2,44,0.854456807864464
GO:0042098,T cell proliferation,-600,0.115443538337944,2,23,0.527025368553991,761,0.0416774950799814,2,32,0.146666604823446
GO:0042102,positive regulation of T cell proliferation,77,0.836073207749789,5,24,0.974149844316049,566,0.0947303751850933,3,39,0.256944433597007
GO:0042108,positive regulation of cytokine biosynthetic process,-245,0.478030585715498,2,28,0.840637280811748,686,0.0666517669820706,3,32,0.206217883078755
GO:0042110,T cell activation,-333,0.0617351945501275,2,107,0.424662064213659,426,0.0262377147023823,2,123,0.10552817941046
GO:0042113,B cell activation,-107,0.631713615914133,2,68,0.904821423594053,253,0.358376159112865,2,59,0.583373620589798
GO:0042129,regulation of T cell proliferation,-136,0.604427125991853,2,49,0.89218914902665,241,0.416735266209501,2,51,0.640810399341494
GO:0042133,neurotransmitter metabolic process,44,0.8541573580519,3,58,0.977895448505784,152,0.513481537031661,3,83,0.716883672233785
GO:0042136,neurotransmitter biosynthetic process,201,0.561932164960316,4,28,0.878866137864398,-411,0.207585814657269,2,42,0.421025474682368
GO:0042176,regulation of protein catabolic process,-249,0.0355858218653418,5,248,0.329545715925805,-535,0.00752253390454488,2,113,0.0423947204155891
GO:0042180,cellular ketone metabolic process,-210,0.436289253229332,3,46,0.823586171555445,188,0.565778665798391,3,42,0.759533968937269
GO:0042220,response to cocaine,368,0.270547791099779,2,30,0.715473381256954,-312,0.388963788065856,2,34,0.613662923676795
GO:0042246,tissue regeneration,308,0.185979593147841,3,62,0.63007330623594,-90,0.774075084429714,3,46,0.888628327354696
GO:0042254,ribosome biogenesis,-18,0.888550378877553,4,205,0.983771527659235,-391,0.0619699182733706,2,103,0.196209700027636
GO:0042303,molting cycle,-153,0.376532841115349,2,113,0.791232823717901,-667,8.81381703167124e-6,2,203,1.9917498292159e-4
GO:0042335,cuticle development,-109,0.605893136405492,2,75,0.89218914902665,-707,3.66622929471598e-4,3,115,0.00428967437782758
GO:0042391,regulation of membrane potential,94,0.487000037630256,3,189,0.842394971537605,343,0.0227954442464733,2,202,0.0953602522470435
GO:0042398,cellular modified amino acid biosynthetic process,311,0.32935634495505,2,33,0.757548080783833,-124,0.733148071276225,2,34,0.866267213863971
GO:0042439,ethanolamine-containing compound metabolic process,-1064,0.0656520109424076,2,10,0.433519147964718,342,0.24030301647523,2,53,0.460430966729348
GO:0042440,pigment metabolic process,-203,0.266592085090024,2,102,0.715147999289727,-89,0.648404499522625,2,120,0.809627503466766
GO:0042445,hormone metabolic process,305,0.0963502005187173,3,101,0.496423806837011,309,0.0858455710151084,2,140,0.244953323751408
GO:0042446,hormone biosynthetic process,390,0.20179783478714,2,36,0.650833130703457,315,0.358317594663382,2,38,0.583373620589798
GO:0042454,ribonucleoside catabolic process,33,0.952755352309999,3,11,0.99377233269367,-81,0.418706501383296,5,469,0.641701120803522
GO:0042461,photoreceptor cell development,115,0.547770755907614,5,93,0.869895447565063,-211,0.287646245973267,2,115,0.511593053216343
GO:0042462,eye photoreceptor cell development,-33,0.881843657310003,2,68,0.983051693003867,-217,0.31102459948148,5,98,0.535235817297905
GO:0042475,odontogenesis of dentin-containing tooth,433,0.12113085360216,2,43,0.539843796078254,658,0.0116880765936112,2,66,0.0585674272788561
GO:0042476,odontogenesis,167,0.458711730564117,2,66,0.83325757250325,549,0.0206972469030439,4,80,0.089489398497042
GO:0042491,inner ear auditory receptor cell differentiation,95,0.742122774278252,3,40,0.944741772141407,-274,0.477716348902318,2,30,0.689934952518699
GO:0042493,response to drug,-30,0.702555994230299,3,578,0.928522793365686,-4,0.967959534448323,3,514,0.982451222766792
GO:0042542,response to hydrogen peroxide,-222,0.308121177763665,2,71,0.743388334675273,-308,0.151520173811376,3,98,0.346826217115414
GO:0042558,pteridine-containing compound metabolic process,180,0.577557766431626,2,32,0.883451718801963,505,0.157355420238552,2,35,0.354549602785789
GO:0042590,antigen processing and presentation of exogenous peptide antigen via MHC class I,-1011,0.0971196961309322,2,9,0.497920998490823,-1389,4.71991744569974e-7,4,59,1.64839541096029e-5
GO:0042594,response to starvation,-75,0.573679864345924,2,193,0.882597837859661,-142,0.456403107436153,2,124,0.672005247018376
GO:0042693,muscle cell fate commitment,561,0.181520142842598,2,19,0.624521144316231,912,0.0181856052297805,2,30,0.0822405336444087
GO:0042698,ovulation cycle,124,0.672023671135334,2,39,0.924295797557729,-220,0.433045759499897,2,57,0.651199933789743
GO:0042733,embryonic digit morphogenesis,560,0.0563016031825797,2,39,0.407868851740999,472,0.153354764133788,4,41,0.34841141389921
GO:0042737,drug catabolic process,-176,0.439616376105462,2,65,0.824091866548211,148,0.584828017992651,2,61,0.770742470825078
GO:0042742,defense response to bacterium,-405,0.00791006131361062,4,147,0.15613287699904,-223,0.277856049426605,4,107,0.498915317528452
GO:0042745,circadian sleep/wake cycle,281,0.60993308860655,2,11,0.893023597068006,-82,0.776670598996762,4,54,0.889774220023626
GO:0042752,regulation of circadian rhythm,386,0.0587864723625284,3,81,0.414787438180633,-91,0.711034141188075,3,74,0.851394127500526
GO:0042770,signal transduction in response to DNA damage,422,0.08804443639943,4,55,0.478886151756197,-304,0.202925129545389,2,79,0.415401797159966
GO:0043009,chordate embryonic development,260,0.00725547565357563,5,377,0.149353281850019,144,0.152640941846576,2,472,0.347665386320512
GO:0043010,camera-type eye development,301,0.0219595919754966,2,199,0.269812853080141,228,0.110056490277511,2,225,0.282804434799249
GO:0043052,thermotaxis,-292,0.632083578502294,3,9,0.904830327230315,-293,0.439773553970445,2,31,0.653985833485081
GO:0043086,negative regulation of catalytic activity,-85,0.42709918749156,2,307,0.82288316087496,-394,6.92553381658208e-4,3,346,0.00706343161381491
GO:0043112,receptor metabolic process,77,0.744414614901447,3,61,0.945373725449437,-62,0.840100319129652,3,48,0.922483343544499
GO:0043113,receptor clustering,104,0.764001908889522,2,28,0.95107951003933,-326,0.397725971738773,2,30,0.621531094818896
GO:0043200,response to amino acid,-25,0.904453459927376,2,79,0.987055349484858,-491,0.0543320555647073,2,69,0.178652479424608
GO:0043244,regulation of protein complex disassembly,185,0.466870860130803,3,52,0.838059663531693,-154,0.579859804615127,5,58,0.768959673777068
GO:0043254,regulation of protein complex assembly,-142,0.227801844454515,3,250,0.676093069368542,-610,0.00191134117165683,2,117,0.0152973659745451
GO:0043269,regulation of ion transport,-81,0.511960468322479,5,224,0.852561981777207,301,0.0480953224439149,5,197,0.163320303397377
GO:0043270,positive regulation of ion transport,182,0.28556537579119,2,117,0.729335847230028,166,0.480157091645634,5,81,0.691726310151991
GO:0043277,apoptotic cell clearance,-408,0.0900920606128222,2,58,0.484249632396235,-371,0.0693273913785475,2,108,0.211935858259353
GO:0043279,response to alkaloid,87,0.684649738058784,3,73,0.924968798907367,-748,0.00132352140922516,5,83,0.0115557456373636
GO:0043330,response to exogenous dsRNA,178,0.724907917712393,2,13,0.939280924256794,173,0.653955478601589,3,30,0.814001338647661
GO:0043388,positive regulation of DNA binding,251,0.405008030910939,3,37,0.812249561992343,218,0.542635938087981,4,35,0.739243225345863
GO:0043393,regulation of protein binding,-113,0.481584455352522,4,133,0.841794343698134,-507,0.0557093183450438,3,64,0.181626561223941
GO:0043407,negative regulation of MAP kinase activity,-181,0.526909278031398,7,41,0.859022747059557,-429,0.193896869493307,6,41,0.402641697461327
GO:0043408,regulation of MAPK cascade,8,0.936062749164418,3,323,0.991884673017075,-375,0.00498332701786312,2,259,0.0313840676944658
GO:0043409,negative regulation of MAPK cascade,-97,0.605634161881229,2,95,0.89218914902665,-392,0.127681424771388,2,68,0.311843446098662
GO:0043410,positive regulation of MAPK cascade,-23,0.853342035704724,7,226,0.977895448505784,-214,0.174441441729004,3,184,0.378613486991859
GO:0043433,negative regulation of DNA-binding transcription factor activity,5,0.981830692515548,2,78,0.997000451912195,21,0.919623878515477,2,107,0.963077255782905
GO:0043473,pigmentation,-165,0.329960447285497,1,119,0.757548080783833,123,0.496932928994625,1,139,0.704294451764491
GO:0043484,regulation of RNA splicing,306,0.112499264079163,3,91,0.524515799616952,-223,0.368718628848722,2,73,0.594749082922536
GO:0043523,regulation of neuron apoptotic process,-67,0.666377461946198,3,143,0.923182888668042,-551,0.0049004642370308,2,118,0.0309467673050849
GO:0043524,negative regulation of neuron apoptotic process,52,0.783611407061065,2,94,0.953406169337406,-474,0.0382251619223439,7,86,0.138221608695064
GO:0043534,blood vessel endothelial cell migration,62,0.898794726904618,2,14,0.984720874726791,-340,0.309997294918598,2,40,0.53403868818189
GO:0043542,endothelial cell migration,296,0.360933529201868,2,32,0.780596114530739,-9,0.974801908283318,6,58,0.986012508756856
GO:0043588,skin development,243,0.172575640641506,2,107,0.618934989940444,-258,0.0907760603645886,4,197,0.249688328329805
GO:0043589,skin morphogenesis,8,0.987081969681479,4,14,0.99874391133425,-107,0.775158015656328,2,32,0.888924988103401
GO:0043603,cellular amide metabolic process,-296,7.98467226415678e-4,2,463,0.0337646412410661,-576,1.41978152871071e-8,4,460,7.43771914472315e-7
GO:0043624,cellular protein complex disassembly,162,0.435196159819318,2,78,0.823586171555445,-1761,5.98993807748848e-11,5,62,4.60226908953698e-9
GO:0043627,response to estrogen,-250,0.325303964712143,2,52,0.757548080783833,-161,0.41195530884899,2,117,0.636432296847803
GO:0043648,dicarboxylic acid metabolic process,205,0.357011849918441,2,68,0.778066177109507,64,0.788044282943266,3,80,0.896596745362397
GO:0043652,engulfment of apoptotic cell,-380,0.390970825343528,2,17,0.800580274868223,-590,0.0181750879467489,2,72,0.0822405336444087
GO:0043687,post-translational protein modification,-351,0.00655779440441957,3,207,0.139121200558392,-382,0.0445209479560274,5,125,0.154356171072048
GO:0043900,regulation of multi-organism process,-68,0.492591218794289,3,360,0.842835072150855,13,0.913150737397116,3,350,0.960537388677207
GO:0043901,negative regulation of multi-organism process,-10,0.95603890318899,4,110,0.99377233269367,-165,0.422073767362896,4,107,0.643865012423213
GO:0043902,positive regulation of multi-organism process,-22,0.867234914832379,4,208,0.980377973236025,187,0.294471871269853,2,142,0.518927877123097
GO:0043954,cellular component maintenance,225,0.466879750139894,3,35,0.838059663531693,-592,0.0804427874857564,3,39,0.237142027550568
GO:0043966,histone H3 acetylation,-222,0.480002808156906,5,34,0.841794343698134,-105,0.769850741455385,2,35,0.886366612914417
GO:0043967,histone H4 acetylation,335,0.214735675980277,4,46,0.665936959904725,253,0.460637423271387,6,38,0.675855671954518
GO:0044057,regulation of system process,137,0.233934338094213,4,261,0.682951996860969,-161,0.172402899745804,2,334,0.375522093957208
GO:0044070,regulation of anion transport,-95,0.684167936577673,2,62,0.924968798907367,7,0.984691245465287,2,34,0.992100534430164
GO:0044087,regulation of cellular component biogenesis,16,0.836966488876784,3,592,0.974149844316049,-119,0.316332974759049,3,330,0.540423479280794
GO:0044089,positive regulation of cellular component biogenesis,165,0.129984428449567,4,293,0.553524634810607,-217,0.226084049763462,4,141,0.442004864041374
GO:0044092,negative regulation of molecular function,-44,0.618749052047285,2,461,0.89577390629457,-293,0.0033257846607999,2,478,0.0231599203720356
GO:0044262,cellular carbohydrate metabolic process,-225,0.19721680621089,3,111,0.646401777862822,41,0.86588126312803,2,75,0.93658203261854
GO:0044272,sulfur compound biosynthetic process,-73,0.686621893317267,2,103,0.924968798907367,-54,0.812450214558547,3,88,0.909518088663162
GO:0044273,sulfur compound catabolic process,-83,0.794214015875099,2,33,0.957027102246315,-66,0.845236533784599,4,39,0.92417632735009
GO:0044282,small molecule catabolic process,-24,0.839463575752279,3,247,0.974608016020256,-89,0.293982382479482,2,687,0.518483289242562
GO:0044550,secondary metabolite biosynthetic process,-41,0.894338655809964,3,36,0.984187485867128,699,0.0266381781769085,2,45,0.106414212647789
GO:0044786,cell cycle DNA replication,1344,8.71139284789838e-7,2,45,1.69716599947449e-4,1496,3.47266057379559e-7,4,52,1.29104558429013e-5
GO:0045087,innate immune response,-232,0.0855865902046619,2,188,0.472693190276205,-279,0.0306580074023847,2,278,0.117974469219527
GO:0045132,meiotic chromosome segregation,632,0.00308651105071681,2,74,0.0865687226046808,513,0.0167022939224522,3,98,0.0771518787399846
GO:0045138,nematode male tail tip morphogenesis,176,0.574099055081719,3,34,0.882597837859661,-360,0.293994646004351,4,38,0.518483289242562
GO:0045165,cell fate commitment,389,4.76357219568659e-4,3,281,0.0247081504556838,-87,0.394268936281726,3,454,0.618645267617004
GO:0045185,maintenance of protein location,31,0.881399131732338,2,77,0.983051693003867,-70,0.764714844468473,3,83,0.885208078949543
GO:0045214,sarcomere organization,-113,0.735550366296211,3,30,0.942255738573679,200,0.549539435918001,2,40,0.74379823828009
GO:0045333,cellular respiration,-563,0.0020041229938285,2,102,0.0674845119218177,-188,0.388855748775847,2,95,0.613662923676795
GO:0045444,fat cell differentiation,450,0.0854165803476437,2,49,0.472693190276205,-685,0.0382753287035767,4,41,0.138221608695064
GO:0045453,bone resorption,59,0.88294590845779,2,21,0.983297171013592,115,0.755092242031315,3,33,0.878982204400747
GO:0045466,R7 cell differentiation,733,0.0732243495078257,3,20,0.447890569998768,-638,0.0927860334954327,2,31,0.254004521623483
GO:0045471,response to ethanol,-188,0.244372296903949,2,130,0.69321418596518,-207,0.313980150763596,2,107,0.538084942386683
GO:0045596,negative regulation of cell differentiation,35,0.719532555810395,2,369,0.937822554953702,-56,0.644753365259396,5,313,0.807255028203643
GO:0045597,positive regulation of cell differentiation,44,0.607506104978857,2,502,0.89218914902665,25,0.826616092975642,5,356,0.918241009305472
GO:0045598,regulation of fat cell differentiation,141,0.593064384703162,2,48,0.889995843739405,-108,0.765701275169002,5,34,0.885208078949543
GO:0045637,regulation of myeloid cell differentiation,-123,0.47158289489756,2,117,0.839003867951153,-346,0.155447188555917,2,76,0.35162489658625
GO:0045639,positive regulation of myeloid cell differentiation,150,0.600894704663202,2,41,0.89218914902665,94,0.767692386039105,2,44,0.885208078949543
GO:0045665,negative regulation of neuron differentiation,-54,0.732533119503908,2,136,0.94130704165338,-258,0.204877607954201,2,109,0.417544550251488
GO:0045667,regulation of osteoblast differentiation,230,0.323828152026627,5,62,0.756199730010809,33,0.901843932251528,5,64,0.954430791478316
GO:0045669,positive regulation of osteoblast differentiation,637,0.0610003798441591,2,29,0.42389435929922,347,0.318702838707449,2,37,0.543233323543112
GO:0045670,regulation of osteoclast differentiation,-99,0.726949606596895,2,42,0.939471713808591,13,0.970656541294978,7,36,0.984441183066829
GO:0045685,regulation of glial cell differentiation,135,0.666514920023665,5,34,0.923182888668042,236,0.5284144491671,3,32,0.730697840678851
GO:0045732,positive regulation of protein catabolic process,-152,0.289940803290132,6,165,0.730763070353663,-542,0.042309540913311,3,63,0.148211993624896
GO:0045747,positive regulation of Notch signaling pathway,363,0.215451596206026,2,39,0.666521052678303,-143,0.642878908424927,6,47,0.806660796907706
GO:0045778,positive regulation of ossification,466,0.0671064944515178,2,52,0.438402308063508,493,0.121933194659034,2,44,0.30351621348712
GO:0045785,positive regulation of cell adhesion,133,0.390195847354706,4,143,0.800495805686319,-48,0.760885209133943,2,183,0.883101916945488
GO:0045786,negative regulation of cell cycle,557,1.55484105071873e-7,2,311,3.68767736159594e-5,158,0.151985871064593,2,385,0.347088924692964
GO:0045787,positive regulation of cell cycle,327,0.0044898461725416,2,262,0.107784928778776,-53,0.724673551703637,2,204,0.860573177061764
GO:0045792,negative regulation of cell size,460,0.183653749972697,5,28,0.62720776323314,61,0.844734737484036,4,46,0.924116549549456
GO:0045793,positive regulation of cell size,-19,0.946741146205435,2,41,0.992038661993386,250,0.516942465525387,2,30,0.719737209481169
GO:0045807,positive regulation of endocytosis,-140,0.417039401316815,5,114,0.817617051433435,-50,0.8391342627627,2,75,0.922480845487839
GO:0045834,positive regulation of lipid metabolic process,-287,0.124807001695207,2,97,0.544915591303784,-338,0.198770113949432,2,65,0.409075993440572
GO:0045840,positive regulation of mitotic nuclear division,825,0.0061146388071331,4,37,0.132516647311227,493,0.174379957931686,2,34,0.378613486991859
GO:0045861,negative regulation of proteolysis,-315,0.0634668743887801,3,118,0.426894944254988,-417,0.0519320772420884,2,98,0.172235162651818
GO:0045862,positive regulation of proteolysis,-99,0.427715486631767,2,222,0.82288316087496,-331,0.0550299576508494,2,153,0.180176210774443
GO:0045926,negative regulation of growth,77,0.575058124569419,4,183,0.882597837859661,-282,0.0514619610893476,2,219,0.171415925304836
GO:0045930,negative regulation of mitotic cell cycle,583,3.85267206355945e-5,6,171,0.00412084825621898,-123,0.410481053177125,2,205,0.634673536457024
GO:0045931,positive regulation of mitotic cell cycle,423,0.00896631482063761,3,130,0.162615608685756,15,0.949856879751709,2,78,0.972393234614343
GO:0045944,positive regulation of transcription by RNA polymerase II,156,0.0658027231007858,2,505,0.433519147964718,-19,0.86165485920841,4,396,0.932886073497128
GO:0045995,regulation of embryonic development,52,0.723342514733245,2,158,0.938218813298349,-127,0.476902710136652,5,143,0.689624057004381
GO:0046039,GTP metabolic process,-580,0.167179432618198,3,19,0.613291059134008,-838,6.15269255329108e-7,2,161,2.05421011840667e-5
GO:0046148,pigment biosynthetic process,-224,0.33546108212821,2,62,0.763002629597612,225,0.400262178855298,2,63,0.623986079689781
GO:0046165,alcohol biosynthetic process,-373,0.146364622324823,4,51,0.585331044646841,59,0.82876669046577,2,61,0.918708431552298
GO:0046364,monosaccharide biosynthetic process,-274,0.370090351586947,2,36,0.786526297157223,-1194,8.36023886622712e-4,4,35,0.0082142420122466
GO:0046395;GO:0016054,carboxylic acid catabolic process,-78,0.596078125534941,3,157,0.890974223177822,140,0.417298837197357,3,152,0.640821998494276
GO:0046425;GO:1904892,regulation of receptor signaling pathway via JAK-STAT,-221,0.357901132079822,3,58,0.779070500995782,-783,0.00710447578366955,6,53,0.0408136210980063
GO:0046434,organophosphate catabolic process,73,0.714145345602987,2,85,0.935248790174305,-70,0.467167803631997,2,523,0.67969808462382
GO:0046467,membrane lipid biosynthetic process,-396,0.0816131570659167,2,65,0.463631299009857,-169,0.533357164741925,3,61,0.732650932497102
GO:0046470,phosphatidylcholine metabolic process,427,0.126272183274563,2,43,0.546199851314062,841,0.0186543740401272,2,35,0.0834919071116373
GO:0046532,regulation of photoreceptor cell differentiation,476,0.244046422135483,2,20,0.69321418596518,471,0.144673964493429,2,43,0.338551764626755
GO:0046578,regulation of Ras protein signal transduction,345,0.0492761862801048,7,110,0.386105773633255,-273,0.0971595093899481,4,168,0.2612039418126
GO:0046620,regulation of organ growth,394,0.0323417103147607,2,100,0.3177957526833,-153,0.488581670605275,4,92,0.697325542257064
GO:0046622,positive regulation of organ growth,342,0.179018109245139,5,52,0.622972151436511,-404,0.238894321322446,2,38,0.458876175540198
GO:0046649,lymphocyte activation,-176,0.22963067322564,3,159,0.677100174295063,350,0.0325494211583309,3,170,0.123398710147949
GO:0046661,male sex differentiation,376,0.0228242718615577,3,125,0.272750974283315,-345,0.103014343539175,2,101,0.271580669825896
GO:0046662,regulation of oviposition,-419,0.181784722013536,2,34,0.624849186253207,216,0.540879175383848,2,36,0.739243225345863
GO:0046677,response to antibiotic,-147,0.220108458046213,3,241,0.670492827759359,-152,0.270257170285407,3,242,0.492055906404315
GO:0046686,response to cadmium ion,12,0.968161420798396,5,40,0.99479461719583,-47,0.877291154096515,2,48,0.941595243751186
GO:0046688,response to copper ion,298,0.309760833315201,5,39,0.743549648926774,-271,0.462133033972826,2,33,0.676588508411085
GO:0046716,muscle cell cellular homeostasis,-160,0.540578604069186,3,49,0.865940259361618,-88,0.797371029325431,2,38,0.901835241705161
GO:0046717,acid secretion,-73,0.795000354652647,2,42,0.957027102246315,567,0.141762776313584,2,30,0.33411370082087
GO:0046777,protein autophosphorylation,122,0.45812750096883,4,125,0.83275092228756,-74,0.70008846824079,6,123,0.843546220227403
GO:0046822,regulation of nucleocytoplasmic transport,-16,0.932582838568384,6,94,0.991470743915011,-40,0.832488731118656,2,127,0.920026632793889
GO:0046823,negative regulation of nucleocytoplasmic transport,-27,0.941166594049656,3,25,0.992038661993386,-402,0.202340356801289,2,45,0.414941745931469
GO:0046824,positive regulation of nucleocytoplasmic transport,76,0.770395714315287,2,50,0.951502292035375,280,0.272494412697754,6,69,0.494956360337528
GO:0046843,dorsal appendage formation,-636,0.0571603227520355,2,30,0.41081628539177,-133,0.698217143739314,2,38,0.843054225415987
GO:0046849,bone remodeling,49,0.877887626471123,3,33,0.982986619589915,398,0.217873668169667,3,43,0.434428032120314
GO:0046883,regulation of hormone secretion,61,0.692679154432355,2,145,0.926071323403319,-624,0.0055375815698059,3,89,0.0336620541043594
GO:0046887,positive regulation of hormone secretion,102,0.617108735858394,2,81,0.895345548293034,-1198,0.00135120563219917,3,32,0.0116445914850922
GO:0046890,regulation of lipid biosynthetic process,-56,0.74606266539856,2,114,0.945683685287682,-285,0.26694683797792,3,68,0.489538283528893
GO:0048011,neurotrophin TRK receptor signaling pathway,529,0.412482885566875,2,8,0.816495528721302,-769,1.06408782347774e-4,2,115,0.0015926769046209
GO:0048013,ephrin receptor signaling pathway,-741,0.00872603681691587,2,42,0.160812604176608,-85,0.806346954682549,2,37,0.9066486490455
GO:0048024,"regulation of mRNA splicing, via spliceosome",148,0.508600156603392,2,67,0.851250389549978,-258,0.371234532198933,3,54,0.596719384043613
GO:0048066,developmental pigmentation,-184,0.361544504211813,2,83,0.780770099158923,335,0.128219278240327,2,93,0.312415894655342
GO:0048070,regulation of developmental pigmentation,-160,0.703201195295871,3,19,0.928522793365686,157,0.661494058674781,3,35,0.818776097380238
GO:0048145,regulation of fibroblast proliferation,51,0.841091254685169,2,51,0.974958094837993,-556,0.0657756304338304,2,49,0.20405495040374
GO:0048167,regulation of synaptic plasticity,-46,0.80142662620528,2,100,0.959593766730475,-582,0.0129705712818277,2,82,0.0630741915709132
GO:0048168,regulation of neuronal synaptic plasticity,-277,0.377381467549419,5,34,0.791232823717901,-707,0.0206149765454875,2,48,0.089489398497042
GO:0048193,Golgi vesicle transport,-271,0.0293524607632528,2,224,0.307918602814508,-751,3.91902900571983e-6,2,172,9.60995942360022e-5
GO:0048259,regulation of receptor-mediated endocytosis,-279,0.246576296078351,2,58,0.695120798645483,-267,0.40334869639834797,2,44,0.625958866707034
GO:0048511,rhythmic process,7,0.962051085838753,1,139,0.994502306850559,-145,0.365747866246273,1,177,0.59119833919892
GO:0048520,positive regulation of behavior,234,0.347499727403703,2,54,0.767778686592892,65,0.846883948309434,2,40,0.924848012102469
GO:0048524,positive regulation of viral process,133,0.594314289406083,5,54,0.889995843739405,-391,0.210319502401332,3,46,0.424506526300412
GO:0048545,response to steroid hormone,-12,0.931087399759283,2,167,0.991470743915011,69,0.630408450912376,2,221,0.801592444899175
GO:0048546,digestive tract morphogenesis,278,0.163575946957052,4,85,0.608252754363135,97,0.611108146695658,4,124,0.78957638908828
GO:0048562,embryonic organ morphogenesis,277,0.027949523117886,2,217,0.301313534798554,52,0.69986024938374,4,258,0.843546220227403
GO:0048568,embryonic organ development,170,0.10748647163786,2,314,0.514783760126889,-74,0.513272899160677,2,367,0.716883672233785
GO:0048569,post-embryonic animal organ development,138,0.188424076564691,2,318,0.63363033242036,-282,0.0131849278903384,2,361,0.0639815974468
GO:0048593,camera-type eye morphogenesis,557,0.0052074178812564,3,85,0.118248325661148,128,0.543999282588138,6,102,0.739774835613958
GO:0048598,embryonic morphogenesis,175,0.0368675330515988,3,518,0.33407374218683,-36,0.666331329778185,3,707,0.820464218675458
GO:0048638,regulation of developmental growth,198,0.0412125103912864,2,376,0.351821978379448,-134,0.176378743478923,2,486,0.381261855651715
GO:0048639,positive regulation of developmental growth,336,0.0107141230098584,2,198,0.18298516450561,-74,0.550345451283782,3,306,0.744015404814732
GO:0048640,negative regulation of developmental growth,78,0.660247695877972,5,108,0.922444184754116,-342,0.0988752197997673,2,105,0.264087348364384
GO:0048641,regulation of skeletal muscle tissue development,-223,0.504334140347513,2,30,0.849412257993873,-119,0.580769193073656,2,97,0.768959673777068
GO:0048645,animal organ formation,114,0.658992607443328,3,50,0.921795846337693,-168,0.523618257639211,2,65,0.726197403043551
GO:0048663,neuron fate commitment,453,0.0501581944079219,2,63,0.38920761094625,48,0.835562433644799,2,85,0.920949239674584
GO:0048665,neuron fate specification,219,0.52688410627491,2,28,0.859022747059557,781,0.0398160867208478,3,31,0.142031031782236
GO:0048678,response to axon injury,-562,0.0285047043222348,2,51,0.303697582183185,-168,0.536244725621132,2,61,0.735302851015294
GO:0048705,skeletal system morphogenesis,196,0.249250605954847,2,117,0.69869581473982,20,0.916911648493942,4,121,0.961985138724869
GO:0048706,embryonic skeletal system development,321,0.132864892064787,2,74,0.560106635404492,25,0.909351074396577,2,92,0.958853717513317
GO:0048709,oligodendrocyte differentiation,253,0.400363298769636,2,37,0.808882146217913,-388,0.258526146199419,2,38,0.481732228770946
GO:0048730,epidermis morphogenesis,223,0.472096716545339,3,35,0.839003867951153,-147,0.70347324635963,2,30,0.845927064956904
GO:0048732,gland development,109,0.272414008743289,2,356,0.717883293572291,-221,0.0447914260520714,2,388,0.155021376951989
GO:0048738,cardiac muscle tissue development,127,0.49277409781,2,99,0.842835072150855,-350,0.106459144342706,2,96,0.277274946564901
GO:0048742,regulation of skeletal muscle fiber development,157,0.847290040111462,3,5,0.977581807220522,-327,0.168257276933728,3,80,0.36971689545495
GO:0048747,muscle fiber development,218,0.451614462613327,3,40,0.829693483414803,59,0.743823297003941,6,139,0.873859683789034
GO:0048771,tissue remodeling,76,0.753564652531861,2,57,0.947145332126647,71,0.771875286905128,2,75,0.887669669325713
GO:0048793,pronephros development,11,0.974023655706362,3,32,0.994910287140505,102,0.756791690782288,2,41,0.879679701085816
GO:0048806,genitalia development,159,0.478464054499687,3,67,0.841128397452721,-147,0.127326333174303,3,514,0.311557534996569
GO:0048814,regulation of dendrite morphogenesis,97,0.635728676226874,3,81,0.906640504266039,-715,0.00348586651116825,6,75,0.0239848427111726
GO:0048844,artery morphogenesis,1014,0.00240652384843492,5,30,0.0741671615435734,695,0.0353040998570273,5,41,0.130723485197126
GO:0048854,brain morphogenesis,672,0.0662871190448342,2,25,0.435250997182971,-170,0.633732063076705,4,35,0.802611211753739
GO:0048859,formation of anatomical boundary,279,0.454703895822996,2,24,0.830123745553696,-513,0.0749476941742735,2,54,0.224648160041223
GO:0048863,stem cell differentiation,343,0.0398335616052433,4,122,0.345573848333995,169,0.234594690310833,2,226,0.452124382246212
GO:0048872,homeostasis of number of cells,-93,0.573082046188347,4,124,0.882597837859661,-355,0.0871941276159443,2,105,0.246604250496628
GO:0048878,chemical homeostasis,-110,0.180058382924044,2,541,0.623609640398878,-297,0.00398118169110466,2,446,0.0267540052419716
GO:0050434,positive regulation of viral transcription,268,0.583084940656664,2,14,0.885201544181156,-465,0.181187890325319,6,37,0.387779096750102
GO:0050673,epithelial cell proliferation,517,0.0366120349843954,2,55,0.332864418066461,-167,0.604321448333855,2,43,0.785209097186886
GO:0050678,regulation of epithelial cell proliferation,-6,0.963097024645749,3,174,0.99460390564236,-113,0.503615717441823,5,159,0.708690005313432
GO:0050679,positive regulation of epithelial cell proliferation,-67,0.726137338841078,3,92,0.939312113677515,68,0.758894261763206,6,93,0.881679069235983
GO:0050680,negative regulation of epithelial cell proliferation,67,0.73104878644438,2,89,0.940979502136407,-312,0.228111458421795,2,67,0.445213303693681
GO:0050684,regulation of mRNA processing,277,0.139774070469558,2,96,0.574579920430625,43,0.85194221025663,2,83,0.9255097334328
GO:0050688,regulation of defense response to virus,-10,0.968351863851486,2,57,0.99479461719583,-639,0.0476720196822328,2,43,0.163032648913274
GO:0050707,regulation of cytokine secretion,590,0.0348443944141001,2,43,0.32659136001532,-124,0.736499229205096,2,33,0.868418514496217
GO:0050727,regulation of inflammatory response,20,0.915193553110647,2,95,0.98833256032031,-379,0.112383738384672,2,79,0.285921100415749
GO:0050728,negative regulation of inflammatory response,-236,0.427435200580313,3,38,0.82288316087496,-335,0.334769796460554,2,37,0.55915136281183
GO:0050730,regulation of peptidyl-tyrosine phosphorylation,-129,0.496804961602055,2,94,0.846008184230313,-688,0.00315581184484319,3,83,0.0221109198919491
GO:0050731,positive regulation of peptidyl-tyrosine phosphorylation,69,0.763332937579695,2,65,0.950897733385987,-585,0.0463890643860398,2,52,0.159354386601821
GO:0050764,regulation of phagocytosis,-685,0.00194657073950822,3,69,0.0663658961501084,-397,0.218171627066806,2,43,0.434549596403377
GO:0050766,positive regulation of phagocytosis,-608,0.0243534746145262,2,46,0.27965407734272,-90,0.809064810580608,3,32,0.908375250067366
GO:0050770,regulation of axonogenesis,70,0.656452926796745,3,137,0.920079834449189,-563,0.0113832954502271,2,91,0.0575405614315208
GO:0050773,regulation of dendrite development,134,0.430067818664847,2,117,0.823453826190502,-519,0.0185202001299733,2,93,0.0830526484427791
GO:0050776,regulation of immune response,-149,0.163168205626722,2,309,0.607858647655061,-106,0.424889342382748,4,262,0.645596528801736
GO:0050777,negative regulation of immune response,-229,0.376523750525628,2,50,0.791232823717901,-774,0.00905430147039326,2,51,0.0485352671843174
GO:0050778,positive regulation of immune response,-159,0.21353911719507,5,211,0.664727705851176,116,0.438369218852647,2,203,0.653527388809471
GO:0050795,regulation of behavior,85,0.586766155955132,3,139,0.886650797987602,73,0.644637545974174,3,180,0.807255028203643
GO:0050801,ion homeostasis,-170,0.0787875661760774,3,380,0.456586256075915,-126,0.299167514652012,3,315,0.523459800073579
GO:0050805,negative regulation of synaptic transmission,-217,0.363876870089313,2,59,0.781783507812998,-135,0.714353443154804,3,33,0.853594964474766
GO:0050806,positive regulation of synaptic transmission,176,0.403437345800156,2,76,0.810291134513936,601,0.0308189826420885,3,58,0.11839625831669
GO:0050808,synapse organization,167,0.212899982450201,3,191,0.664019099065664,-41,0.806284450263166,3,167,0.9066486490455
GO:0050821,protein stabilization,-212,0.223604836212873,2,112,0.671306759241179,-423,0.0842379724610988,2,75,0.243756353991777
GO:0050830,defense response to Gram-positive bacterium,92,0.721486668982523,2,50,0.938081936061804,48,0.877460556866615,2,47,0.941595243751186
GO:0050832,defense response to fungus,-539,0.0732389346359122,2,37,0.447890569998768,-722,0.0289797513111944,4,41,0.113217503003904
GO:0050864,regulation of B cell activation,-24,0.934522037896333,5,38,0.991470743915011,30,0.921632903048172,6,49,0.963165746055322
GO:0050871,positive regulation of B cell activation,236,0.536321723512479,2,23,0.86454935040206,565,0.104166898874864,2,37,0.273467769825241
GO:0050878,regulation of body fluid levels,64,0.649013197077798,3,175,0.91621461461402,-86,0.498351502980447,2,285,0.705156669349251
GO:0050885,neuromuscular process controlling balance,-309,0.325780254495439,3,34,0.757548080783833,943,0.00482023736685692,5,40,0.030523755853311
GO:0050900,leukocyte migration,-97,0.660029476887228,2,69,0.922444184754116,-261,0.302675328689546,4,70,0.525366567967704
GO:0050905,neuromuscular process,71,0.74780517272932,2,70,0.945809695626812,577,0.0126473813126449,4,84,0.061894297082052
GO:0050906,detection of stimulus involved in sensory perception,385,0.0909909941716115,3,65,0.484249632396235,-330,0.111228178464804,2,105,0.284662205696187
GO:0050909,sensory perception of taste,666,0.15859668046052,2,15,0.601495395254565,-287,0.35810432606544,6,46,0.583373620589798
GO:0050919,negative chemotaxis,-343,0.413861249189039,4,19,0.817087627334856,-145,0.680282540831975,4,36,0.828897653865473
GO:0050920,regulation of chemotaxis,-150,0.378394201146622,2,117,0.791905227521839,-149,0.530077596981266,2,80,0.731489562604012
GO:0050931,pigment cell differentiation,-315,0.362590855165036,4,28,0.781783507812998,254,0.476843866543138,2,35,0.689624057004381
GO:0050974,detection of mechanical stimulus involved in sensory perception,176,0.610115728771532,3,28,0.893023597068006,32,0.897918366349658,3,73,0.952054122853465
GO:0050982,detection of mechanical stimulus,338,0.237608107766855,2,41,0.686310406615683,87,0.638062373323709,2,133,0.802802276479885
GO:0051050,positive regulation of transport,6,0.948147916640382,4,492,0.992353585048596,-145,0.230480774123176,2,319,0.448403247212666
GO:0051051,negative regulation of transport,-84,0.492286887005132,3,232,0.842835072150855,-458,0.00696182872143149,4,158,0.0402180832152872
GO:0051052,regulation of DNA metabolic process,492,1.94950417419224e-5,2,262,0.00256875890651175,885,7.76023579307545e-8,3,168,3.43987375058441e-6
GO:0051053,negative regulation of DNA metabolic process,768,4.70182221565735e-5,2,95,0.00474971114563164,1415,5.77340957844732e-7,4,56,1.95701604092957e-5
GO:0051054,positive regulation of DNA metabolic process,248,0.0943009837041354,2,156,0.4903830944767,125,0.638722024383608,2,63,0.803193816805356
GO:0051056,regulation of small GTPase mediated signal transduction,194,0.202553529223756,2,147,0.65110754385126,-296,0.0518250076840183,2,197,0.172127727250234
GO:0051084,'de novo' posttranslational protein folding,-697,0.0966430253395834,2,19,0.496878136877877,-736,0.0209828506828969,2,44,0.0900660536761217
GO:0051090,regulation of DNA-binding transcription factor activity,82,0.54360703740163,6,190,0.867199282110098,190,0.166826785369803,2,244,0.369374300866502
GO:0051091,positive regulation of DNA-binding transcription factor activity,108,0.53120701045915,2,114,0.861844685832813,437,0.0207483913211018,2,127,0.089489398497042
GO:0051092,positive regulation of NF-kappaB transcription factor activity,87,0.709469105882164,2,62,0.93279199146474,603,0.0115074380780976,2,79,0.0580165882207709
GO:0051098,regulation of binding,-8,0.945341168991809,2,227,0.992038661993386,-133,0.474713873384134,2,131,0.687753286078208
GO:0051099,positive regulation of binding,35,0.843719335343423,2,110,0.976137640360206,82,0.747209498737312,2,69,0.875872288828537
GO:0051100,negative regulation of binding,-7,0.971691582358266,2,89,0.994910287140505,-60,0.85568568461429,3,41,0.928604285798464
GO:0051101,regulation of DNA binding,20,0.9254531776773,2,76,0.991461536236511,152,0.58117240435236,3,59,0.768959673777068
GO:0051129,negative regulation of cellular component organization,51,0.565391717571054,2,450,0.879340634318337,-28,0.828660177911337,5,283,0.918708431552298
GO:0051147,regulation of muscle cell differentiation,276,0.127765752680293,2,103,0.548793322827147,-139,0.438550830845315,5,140,0.653527388809471
GO:0051149,positive regulation of muscle cell differentiation,283,0.295697001355966,3,46,0.73627197784509,85,0.764924615104369,2,55,0.885208078949543
GO:0051153,regulation of striated muscle cell differentiation,393,0.108581904370324,3,56,0.51643928128969,-188,0.329791612497482,2,122,0.555679580999047
GO:0051155,positive regulation of striated muscle cell differentiation,708,0.0340468210487072,2,30,0.323281735165798,253,0.467377386751124,3,37,0.67969808462382
GO:0051181,cofactor transport,169,0.58047962695046,3,36,0.884748914505381,362,0.168966130722072,2,65,0.370640598684792
GO:0051186,cofactor metabolic process,-55,0.59656974695567,2,324,0.890974223177822,121,0.359163609143234,3,263,0.583950568316999
GO:0051193,regulation of cofactor metabolic process,-525,0.0774158514276116,3,38,0.455068393898299,120,0.736554531817833,2,35,0.868418514496217
GO:0051224;GO:1904950,negative regulation of establishment of protein localization,-185,0.323438547135076,5,96,0.75561339384233,-448,0.0516070579916236,3,85,0.17165118134299
GO:0051225,spindle assembly,863,1.49359606859615e-5,3,85,0.00208911962928,631,0.0155391713863814,3,66,0.0732470144081986
GO:0051231,spindle elongation,1630,3.61488384052732e-4,2,16,0.0197191913500765,-1706,1.20479222963947e-11,2,71,1.06809464973807e-9
GO:0051235,maintenance of location,-227,0.146466888348843,2,140,0.585331044646841,-34,0.771175206907968,2,332,0.887448253581061
GO:0051259,protein complex oligomerization,-17,0.875964152173193,3,285,0.982600133683892,232,0.0842350176214518,2,255,0.243756353991777
GO:0051260,protein homooligomerization,-44,0.757150865081958,4,170,0.948364506450751,285,0.106856195371118,2,145,0.277994955226216
GO:0051262,protein tetramerization,-11,0.954695213699633,2,95,0.99377233269367,433,0.133211149742666,2,54,0.321186873635729
GO:0051276,chromosome organization,511,3.29315667646853e-11,2,623,2.56630995287655e-8,691,5.39105311189038e-13,2,522,5.46746478075591e-11
GO:0051282,regulation of sequestering of calcium ion,-298,0.211571583685647,2,59,0.661784497703572,302,0.434088801975999,2,30,0.651199933789743
GO:0051289,protein homotetramerization,193,0.418304766983783,2,59,0.817617051433435,436,0.209676594122144,2,37,0.423951359168019
GO:0051291,protein heterooligomerization,225,0.305831690361077,2,70,0.741818571971383,135,0.587517632179362,2,73,0.77296126836383
GO:0051298,centrosome duplication,645,0.0347163803906274,3,36,0.326526734607994,-834,6.08880610068307e-4,2,76,0.00652776654049976
GO:0051301,cell division,170,0.126779794150217,2,281,0.546706543153703,-31,0.790821751946073,2,350,0.898536373824328
GO:0051302,regulation of cell division,254,0.117019027701777,2,130,0.532392657308752,259,0.416131676071111,4,44,0.640309421457884
GO:0051336,regulation of hydrolase activity,-80,0.345735970178153,3,498,0.766457813721471,-345,6.43713016424682e-4,2,464,0.006713839379452
GO:0051340,regulation of ligase activity,446,0.300358438833445,3,18,0.737394142359583,-677,0.00386598526354819,3,82,0.0261322464295559
GO:0051341,regulation of oxidoreductase activity,-239,0.38165960077446,2,45,0.794524802621981,-423,0.141746609476257,2,54,0.33411370082087
GO:0051345,positive regulation of hydrolase activity,-27,0.79333478554293,2,341,0.957027102246315,-306,0.0101530694157518,3,328,0.0531882386438816
GO:0051346,negative regulation of hydrolase activity,9,0.955203987970218,2,135,0.99377233269367,-640,6.40244333807564e-4,2,129,0.006713839379452
GO:0051438,regulation of ubiquitin-protein transferase activity,-242,0.415776166356735,3,38,0.817617051433435,-751,0.00154791313760423,3,80,0.0128227722244707
GO:0051443,positive regulation of ubiquitin-protein transferase activity,-240,0.556953807008542,4,20,0.875809460141711,-831,8.17222374142206e-4,2,73,0.00815333230463163
GO:0051445,regulation of meiotic cell cycle,271,0.269603746113181,3,56,0.715286549254373,-209,0.3136483953321,2,105,0.537916332768222
GO:0051489,regulation of filopodium assembly,-221,0.4091139608638,3,47,0.815275747292782,-727,0.0451344201797436,2,34,0.155974270636145
GO:0051493,regulation of cytoskeleton organization,119,0.290556696930932,6,277,0.730763070353663,-268,0.073989439984222,3,204,0.222675853368108
GO:0051592,response to calcium ion,363,0.103430162096599,5,68,0.507872233799671,27,0.921977040406792,2,57,0.963165746055322
GO:0051604,protein maturation,-248,0.127766731437301,4,128,0.548793322827147,-303,0.0873442276756228,2,145,0.246726035284694
GO:0051606,detection of stimulus,226,0.129757911998619,2,153,0.552991726525365,-94,0.472980551913098,2,268,0.685701784708315
GO:0051607,defense response to virus,-1067,5.63303351360715e-4,4,35,0.026489825704075,237,0.50766427560227,2,35,0.712213119454189
GO:0051646,mitochondrion localization,-345,0.234147581055788,4,40,0.682951996860969,193,0.605756071211959,4,32,0.785358561741784
GO:0051651,maintenance of location in cell,-319,0.137665189528233,2,73,0.569210283088801,67,0.769180545956666,3,86,0.886311726234613
GO:0051668,localization within membrane,137,0.561000835384248,3,61,0.878627492684775,-570,0.0478648339059462,2,54,0.163320303397377
GO:0051701,interaction with host,-56,0.824360077141746,2,53,0.969153235141088,-949,1.18267725738999e-4,2,74,0.00172536144195185
GO:0051705,multi-organism behavior,429,0.112729601365561,2,46,0.525071420477772,268,0.117031200725385,2,156,0.294352285793121
GO:0051785,positive regulation of nuclear division,686,0.00697141055242871,2,52,0.144049411225374,602,0.0563213476037012,3,45,0.183054341576073
GO:0051865,protein autoubiquitination,135,0.579130689287314,4,57,0.88392778681094,501,0.120615335886796,2,43,0.300885659327992
GO:0051896,regulation of protein kinase B signaling,-169,0.41259451787004,3,79,0.816495528721302,-1006,0.00554949265061022,4,34,0.0336620541043594
GO:0051899,membrane depolarization,269,0.412459873859223,4,31,0.816495528721302,770,0.00649744658963908,3,56,0.0382056489518318
GO:0051924,regulation of calcium ion transport,-24,0.898684105276266,2,95,0.984720874726791,114,0.663249135430694,3,66,0.819726143253485
GO:0051928,positive regulation of calcium ion transport,428,0.113217563980615,2,46,0.525649043012377,163,0.605673806354279,2,45,0.785358561741784
GO:0051969,regulation of transmission of nerve impulse,179,0.744687607379694,2,11,0.945373725449437,-47,0.749902827772509,3,207,0.875904777250969
GO:0051971,positive regulation of transmission of nerve impulse,-1145,0.161078660018213,3,5,0.605154332230959,828,0.01123929046138,3,42,0.0569375044252327
GO:0055007,cardiac muscle cell differentiation,303,0.256732824119021,2,47,0.704747030516491,-81,0.785591151646483,2,50,0.895985949799675
GO:0055024,regulation of cardiac muscle tissue development,370,0.115467834218022,2,61,0.527025368553991,-66,0.816552495105663,2,56,0.912780553452257
GO:0055025,positive regulation of cardiac muscle tissue development,459,0.132994176123704,2,36,0.560218711007572,-172,0.598367275653043,4,42,0.781267850528615
GO:0055081,anion homeostasis,-199,0.472395084567304,6,44,0.839003867951153,713,0.0492890195780895,2,34,0.166341420391649
GO:0055088,lipid homeostasis,-184,0.324143617620929,3,97,0.756612509252104,-23,0.931544958878807,3,64,0.964605179791397
GO:0055114,oxidation-reduction process,-132,0.1149215259478,2,522,0.527025368553991,-87,0.343012098659707,2,568,0.565148597148409
GO:0060021,roof of mouth development,389,0.122966157226734,2,53,0.541701556308631,-202,0.531935537280546,3,43,0.73169649626256
GO:0060026,convergent extension,40,0.904906288317832,3,30,0.987055349484858,-394,0.133609681730816,2,65,0.32143555790775
GO:0060027,convergent extension involved in gastrulation,458,0.240396638886343,2,22,0.688308546576065,-479,0.146754693974597,3,41,0.341686433950956
GO:0060033,anatomical structure regression,210,0.442678026423341,2,45,0.826264326588136,-735,0.0123560667450808,2,52,0.0607265114017297
GO:0060041,retina development in camera-type eye,131,0.456293447168004,3,110,0.83046440159239,244,0.172087266147349,3,142,0.375522093957208
GO:0060042,retina morphogenesis in camera-type eye,654,0.0206404670231979,3,42,0.266348135257314,145,0.592937327999327,3,61,0.779202132861145
GO:0060047,heart contraction,-178,0.519748054966069,2,44,0.854498384520767,-121,0.735162249732562,2,35,0.867664611179496
GO:0060070,canonical Wnt signaling pathway,328,0.166708247165759,3,60,0.613212062231433,-22,0.929758989683037,7,73,0.964605179791397
GO:0060079,excitatory postsynaptic potential,575,0.0963726510431521,5,28,0.496423806837011,776,0.020330436795651802,4,40,0.0887531379052602
GO:0060135,maternal process involved in female pregnancy,-98,0.762659987832077,3,32,0.950304093471714,384,0.276322285041891,2,36,0.49735038114874
GO:0060191,regulation of lipase activity,31,0.913041648161522,2,42,0.98833256032031,-208,0.479130420347129,4,52,0.690780091981412
GO:0060249,anatomical structure homeostasis,119,0.284472324011287,2,282,0.729335847230028,304,0.0182537574301417,4,279,0.0822405336444087
GO:0060278,regulation of ovulation,-364,0.455868119132361,4,14,0.83046440159239,282,0.465701239510113,2,30,0.678963540209241
GO:0060324,face development,465,0.122463738894293,2,37,0.54136117963401,1150,8.04018780938622e-4,3,38,0.00805766647853706
GO:0060326,cell chemotaxis,98,0.70061234120724,4,52,0.928522793365686,75,0.801173720848812,4,51,0.903476236084399
GO:0060341,regulation of cellular localization,-62,0.46640787840797,2,500,0.838028648457008,-233,0.0207018601185427,2,470,0.089489398497042
GO:0060348,bone development,-6,0.974237819126554,2,85,0.994910287140505,-336,0.243637141622715,2,54,0.464451095553844
GO:0060349,bone morphogenesis,108,0.689383725857512,4,46,0.925113954379515,83,0.82373887178455,4,32,0.91681221606151
GO:0060359,response to ammonium ion,264,0.151623101700366,2,100,0.593229262267089,-144,0.637222202683453,2,48,0.802712861327191
GO:0060428,lung epithelium development,-401,0.292609056809234,3,23,0.732529786550882,544,0.152086687175659,2,31,0.347088924692964
GO:0060438,trachea development,280,0.444316534976002,2,25,0.826371189326318,76,0.825467539729671,2,38,0.91809070429386
GO:0060439,trachea morphogenesis,-443,0.36413975121605,2,14,0.78204029247384,404,0.286827605737235,2,31,0.511532243764863
GO:0060446,branching involved in open tracheal system development,251,0.437542013172313,2,32,0.823586171555445,-514,0.0857905540202777,2,50,0.244953323751408
GO:0060538,skeletal muscle organ development,194,0.28959106944602,2,101,0.730763070353663,82,0.542766361222785,2,253,0.739243225345863
GO:0060541,respiratory system development,130,0.265979306434702,2,253,0.714385581783013,-270,0.0340892878144075,3,286,0.126939916659466
GO:0060560,developmental growth involved in morphogenesis,61,0.697688852825358,3,138,0.927124658951197,-112,0.505829040121034,3,162,0.710503313515529
GO:0060563,neuroepithelial cell differentiation,340,0.173628016607656,4,54,0.619566799533625,222,0.417915918376729,4,60,0.641342338121412
GO:0060581,cell fate commitment involved in pattern specification,375,0.287277358855731,2,27,0.729824233818109,-750,0.0310134167249752,2,37,0.118747384636325
GO:0060627,regulation of vesicle-mediated transport,-173,0.098124319116077,2,322,0.501405804155671,-322,0.0395478367659682,4,187,0.141760966661621
GO:0060795,cell fate commitment involved in formation of primary germ layer,281,0.377451700491882,2,33,0.791232823717901,-206,0.542952917605348,2,39,0.739243225345863
GO:0060840,artery development,1039,2.8064454848219e-4,3,41,0.0166467046955987,709,0.0191235956523705,2,49,0.0849323467797958
GO:0060968,regulation of gene silencing,118,0.575752023009812,2,76,0.882785970556871,216,0.551416883629349,2,34,0.744590460905477
GO:0060993,kidney morphogenesis,875,5.16530420683691e-4,2,53,0.0253844454489147,138,0.640529820261294,4,51,0.804191711987775
GO:0061024,membrane organization,-156,0.0857267937908956,3,436,0.472693190276205,-454,2.35103058979073e-5,3,409,4.75361886795406e-4
GO:0061035,regulation of cartilage development,1075,5.13313462890732e-4,5,35,0.0253844454489147,307,0.427140708366057,3,30,0.647736403147211
GO:0061041,regulation of wound healing,-140,0.510765874896751,4,75,0.852561981777207,299,0.333286799824987,2,47,0.55915136281183
GO:0061061,muscle structure development,163,0.109444783481198,2,341,0.516454406479183,-115,0.233150690396782,3,518,0.450094088245044
GO:0061077,chaperone-mediated protein folding,-656,0.0141311874679274,2,47,0.218971790438205,-1263,0.0010663366814307,2,30,0.00987110863734041
GO:0061097,regulation of protein tyrosine kinase activity,-254,0.337066723370475,2,48,0.763002629597612,-884,0.0121123347073226,7,36,0.06004071290404
GO:0061180,mammary gland epithelium development,9,0.975538103704858,4,40,0.995800964766093,848,0.00940212738455813,5,42,0.0499352618004758
GO:0061982,meiosis I cell cycle process,458,0.0074102226265581,2,116,0.150035157171525,795,1.17887830509024e-4,3,106,0.00172536144195185
GO:0062012,regulation of small molecule metabolic process,-23,0.860233487974662,2,200,0.979249209605357,-386,0.00109926516053386,2,333,0.0101352247801222
GO:0062013,positive regulation of small molecule metabolic process,-74,0.722590073118978,2,77,0.938218813298349,-509,0.0922683036652001,2,49,0.253188618986055
GO:0062014,negative regulation of small molecule metabolic process,104,0.683483193484154,3,52,0.924968798907367,-304,0.430226349678279,3,30,0.649424843489478
GO:0065001,specification of axis polarity,1100,0.00393868644988417,3,23,0.0996058795649487,647,0.0787672952049463,3,33,0.233570939201216
GO:0070192,chromosome organization involved in meiotic cell cycle,422,0.0681335217846768,3,63,0.44141135550524,866,0.00349765524408126,4,51,0.0239943313619265
GO:0070252,actin-mediated cell contraction,522,0.0618114901898525,2,43,0.424662064213659,-286,0.423635051865628,2,35,0.644966178698991
GO:0070301,cellular response to hydrogen peroxide,-255,0.3899758551464,4,38,0.800495805686319,473,0.142925230940578,4,43,0.335481321097793
GO:0070372,regulation of ERK1 and ERK2 cascade,-335,0.0823971162575912,4,91,0.465778517290321,-113,0.703816553724264,6,51,0.845927064956904
GO:0070374,positive regulation of ERK1 and ERK2 cascade,-466,0.0423045570428307,2,64,0.357785052199444,-146,0.679470123963646,6,36,0.82868085559458
GO:0070585,protein localization to mitochondrion,-487,0.0657198381251042,5,48,0.433519147964718,-788,0.0235067225953379,2,37,0.0964110241677115
GO:0070588,calcium ion transmembrane transport,-50,0.798244816297149,3,90,0.95847361999545,218,0.172467454758956,3,179,0.375522093957208
GO:0070613;GO:1903317,regulation of protein processing,-260,0.369760737815283,7,40,0.786526297157223,-575,0.136571029661299,2,30,0.326552098930803
GO:0070647,protein modification by small protein conjugation or removal,-341,7.47295666784153e-5,6,487,0.0067098493168195,-193,0.0885643790953395,2,365,0.24769408660108
GO:0070925,organelle assembly,148,0.0727386276993983,2,537,0.44683615973716,-104,0.341306434909914,2,393,0.56445133495108
GO:0070972,protein localization to endoplasmic reticulum,-1541,1.09964608266785e-14,5,85,2.78420967036753e-11,-2258,9.29614495363709e-21,2,77,4.2855228236267e-18
GO:0071103,DNA conformation change,891,3.53898120111368e-10,3,170,1.48501095785193e-7,1118,1.18463109089074e-10,5,151,8.80830536936502e-9
GO:0071214;GO:0104004,cellular response to abiotic stimulus,-138,0.297688999272196,2,197,0.736884630817222,77,0.699174101379364,3,115,0.843546220227403
GO:0071229,cellular response to acid chemical,170,0.386590790531712,2,88,0.797901158664581,-309,0.219007393835839,2,71,0.435558276783097
GO:0071236,cellular response to antibiotic,-247,0.23778674033064,2,77,0.686310406615683,88,0.723950931994966,2,72,0.860573177061764
GO:0071375;GO:1901653,cellular response to peptide,44,0.746330431960734,2,186,0.945683685287682,-543,6.51746955683794e-4,3,180,0.00676701231014029
GO:0071383,cellular response to steroid hormone stimulus,24,0.905969848873841,2,82,0.987623006715988,422,0.185851639964545,2,44,0.394045891293567
GO:0071396,cellular response to lipid,37,0.767940644004658,2,214,0.951207132844099,233,0.189466672135431,4,144,0.397996541876012
GO:0071407,cellular response to organic cyclic compound,6,0.959708414015046,2,279,0.994152943116611,88,0.586596307335098,3,173,0.772631136232801
GO:0071466,cellular response to xenobiotic stimulus,75,0.739087462274802,2,66,0.944050300888666,467,0.0563855021774455,2,75,0.183054341576073
GO:0071478,cellular response to radiation,-183,0.268962333784833,2,124,0.715286549254373,-104,0.674852331430131,2,73,0.825128928898391
GO:0071482,cellular response to light stimulus,-213,0.297890670767284,2,81,0.736884630817222,204,0.496558034521238,3,50,0.704294451764491
GO:0071495,cellular response to endogenous stimulus,95,0.237381449692226,3,568,0.686310406615683,-365,3.73578331795432e-4,3,451,0.00432712590345965
GO:0071684,organism emergence from protective structure,788,0.152827996559734,2,11,0.595058330644789,-147,0.649749439093233,2,43,0.810428818782415
GO:0071688,striated muscle myosin thick filament assembly,-948,0.203548593585683,2,6,0.652483876950902,-525,0.0309615176480906,3,76,0.118745920430697
GO:0071695,anatomical structure maturation,54,0.750131522933476,3,116,0.946208847486853,55,0.76442196721856,3,134,0.885208078949543
GO:0071897,DNA biosynthetic process,587,0.00385662701818078,2,82,0.098769485371719,1320,2.33239091291214e-5,2,46,4.75361886795406e-4
GO:0071900,regulation of protein serine/threonine kinase activity,96,0.401139896696439,2,264,0.809551659814678,-98,0.467384583136119,2,252,0.67969808462382
GO:0071901,negative regulation of protein serine/threonine kinase activity,86,0.677744471938987,4,79,0.924968798907367,-486,0.0503620451567242,3,73,0.168482603898765
GO:0071902,positive regulation of protein serine/threonine kinase activity,45,0.744032545253384,5,177,0.945373725449437,-12,0.939657637155921,7,174,0.967421621530741
GO:0072073,kidney epithelium development,390,0.0464409621099135,4,88,0.377938817786484,214,0.373559037506985,2,78,0.599619485691922
GO:0072091,regulation of stem cell proliferation,159,0.459095589332779,3,73,0.833399813580802,4,0.988473371610097,5,66,0.994079895969142
GO:0072330,monocarboxylic acid biosynthetic process,289,0.085769705502875,4,120,0.472693190276205,426,0.0542818825273864,2,92,0.178652479424608
GO:0072331,signal transduction by p53 class mediator,457,0.0599576160579233,3,57,0.421099403424339,-582,0.0105922965690387,5,87,0.0548657159362566
GO:0072337,modified amino acid transport,484,0.194628086834244,2,24,0.642673252833415,674,0.024380306594125,2,50,0.0991121811277921
GO:0072347,response to anesthetic,42,0.861392297387034,2,59,0.979249209605357,-54,0.850592527398193,2,54,0.9255097334328
GO:0072384,organelle transport along microtubule,-642,0.0115401868555575,2,52,0.187915579991242,-160,0.605241913160713,4,47,0.785358561741784
GO:0072523,purine-containing compound catabolic process,8,0.980250313433024,2,30,0.996836374289023,-61,0.539619625154347,3,485,0.738612372910196
GO:0072527,pyrimidine-containing compound metabolic process,670,0.0191883499858021,2,41,0.257813914218105,143,0.665125373234729,2,41,0.820285706423783
GO:0072593,reactive oxygen species metabolic process,-354,0.172409626281812,2,50,0.618746389057424,-342,0.185996498797137,3,67,0.394045891293567
GO:0072594,establishment of protein localization to organelle,-566,4.08843904358778e-7,4,279,8.92097399310853e-5,-508,8.9788091913223e-5,2,275,0.00139838886391878
GO:0072657,protein localization to membrane,-605,1.92782894820395e-7,4,257,4.38179454685523e-5,-1280,1.52936437764538e-15,2,177,2.71168068497892e-13
GO:0072659,protein localization to plasma membrane,-91,0.647540188197211,2,86,0.91621461461402,-574,0.0630257381547168,2,47,0.19819144126415
GO:0080135,regulation of cellular response to stress,-338,2.98853135951599e-4,2,408,0.0171604616485892,-163,0.224758370081961,4,257,0.440534050203163
GO:0090066,regulation of anatomical structure size,-105,0.280744520800435,2,377,0.727536897946237,-372,0.0023260932529955,3,311,0.0177794194646653
GO:0090068,positive regulation of cell cycle process,532,9.74567728275474e-5,3,184,0.00781803964373928,-175,0.333894752237788,2,139,0.55915136281183
GO:0090092,regulation of transmembrane receptor protein serine/threonine kinase signaling pathway,287,0.0737062615301046,2,132,0.448736223936072,-267,0.191815659812075,5,108,0.400122258703016
GO:0090100,positive regulation of transmembrane receptor protein serine/threonine kinase signaling pathway,416,0.0813689776071334,2,59,0.463327529067759,69,0.836245882272844,6,40,0.920949239674584
GO:0090101,negative regulation of transmembrane receptor protein serine/threonine kinase signaling pathway,100,0.655221739169772,3,67,0.919355318530337,-623,0.0277353624392003,4,56,0.109845378732572
GO:0090150,establishment of protein localization to membrane,-1069,1.01615637688771e-11,2,138,9.23855505987076e-9,-1597,1.2818398036024e-18,3,138,3.69330093412941e-16
GO:0090175,regulation of establishment of planar polarity,368,0.173695103618907,2,46,0.619566799533625,-364,0.301480966451046,6,36,0.525366567967704
GO:0090183,regulation of kidney development,701,0.0555065163931322,2,25,0.407135648124595,38,0.915256230923978,5,35,0.960685615792245
GO:0090184,positive regulation of kidney development,958,0.0261794962221027,3,18,0.29085325296337,111,0.766681025699049,2,32,0.885208078949543
GO:0090257,regulation of muscle system process,286,0.114927847002672,2,103,0.527025368553991,-61,0.792927382474043,2,83,0.89974736617231
GO:0090287,regulation of cellular response to growth factor stimulus,137,0.332310179959073,4,172,0.761021004062445,-98,0.576110907926146,2,148,0.768481274751022
GO:0090288,negative regulation of cellular response to growth factor stimulus,127,0.530202098161993,2,83,0.861312782229623,-274,0.289418990288175,2,67,0.513162132780187
GO:0090305,nucleic acid phosphodiester bond hydrolysis,315,0.0213005505067606,2,183,0.269592814418513,578,0.00104696426258179,4,146,0.00977025354352642
GO:0090316,positive regulation of intracellular protein transport,-86,0.675111718653226,2,81,0.924295797557729,-67,0.774513800284418,2,83,0.888628327354696
GO:0090317,negative regulation of intracellular protein transport,-361,0.24403582533345,2,35,0.69321418596518,-253,0.393626322744056,5,51,0.618057679785456
GO:0090382,phagosome maturation,178,0.66304346689039,2,20,0.922520760313915,-1071,1.76762392440772e-4,4,55,0.00234159376193092
GO:0090407,organophosphate biosynthetic process,-32,0.744653886647693,2,359,0.945373725449437,125,0.316751462259589,4,297,0.540423479280794
GO:0090598,male anatomical structure morphogenesis,65,0.795144700206718,2,53,0.957027102246315,-358,0.190587990819663,2,60,0.399368471672112
GO:0097006,regulation of plasma lipoprotein particle levels,14,0.961722015990434,3,40,0.994388388080556,-88,0.819430408448197,3,30,0.915110024938515
GO:0097164,ammonium ion metabolic process,76,0.668643446145714,3,108,0.923405062968322,294,0.159560727903792,3,103,0.358118284146291
GO:0097190,apoptotic signaling pathway,-292,0.0536925252357894,4,149,0.401222911179769,146,0.44398876498133,4,125,0.659403417063122
GO:0097193,intrinsic apoptotic signaling pathway,-336,0.0797584548149001,2,92,0.458464036897029,-62,0.784460657778009,5,88,0.89513951295956
GO:0097194,execution phase of apoptosis,241,0.423540369137843,2,37,0.821042186797062,-197,0.434121056653744,2,71,0.651199933789743
GO:0097237,cellular response to toxic substance,-158,0.374144737826972,2,108,0.79004048077046,-12,0.959765649460911,2,75,0.977578357051436
GO:0097305,response to alcohol,-1,0.996352831973466,4,203,0.999710632100998,-14,0.923445229005812,2,220,0.963165746055322
GO:0097306,cellular response to alcohol,107,0.65558687869375,2,59,0.919396926790512,76,0.783863645078401,2,59,0.894901288710111
GO:0097435,supramolecular fiber organization,36,0.770030126527543,3,227,0.951502292035375,-333,0.00943773642465708,3,281,0.0500091550777806
GO:0098542,defense response to other organism,-315,0.00266866052497775,3,319,0.080428415269357,-289,0.084214920520562,3,162,0.243756353991777
GO:0098609,cell-cell adhesion,-157,0.348625090772056,3,121,0.769627628555874,-216,0.209261568094663,3,154,0.42348368257963
GO:0098656,anion transmembrane transport,149,0.314164680396291,2,157,0.748697392556473,555,0.00275470314019364,2,132,0.0201595460404495
GO:0098722,asymmetric stem cell division,-36,0.893979035753873,2,46,0.984073077163644,-768,0.0234425595606827,4,39,0.0963192509578852
GO:0098742,cell-cell adhesion via plasma-membrane adhesion molecules,-361,0.196101960830252,2,43,0.644807833833047,-237,0.267264267834121,4,99,0.489538283528893
GO:0098930,axonal transport,-525,0.0665315178158114,3,41,0.435689591458885,92,0.808362590987403,2,31,0.90802912876509
GO:0110053,regulation of actin filament organization,-206,0.229198361740256,2,116,0.676527772416762,-747,0.0029964596720806,6,71,0.0214498122488999
GO:0110110,positive regulation of animal organ morphogenesis,188,0.450903169193965,5,54,0.829290892769076,-119,0.703314308877999,3,46,0.845927064956904
GO:0120034,positive regulation of plasma membrane bounded cell projection assembly,-41,0.858698974303232,5,64,0.979249209605357,-662,0.0863594916454552,2,30,0.245751392892314
GO:0120192;GO:0120193,tight junction assembly,656,0.0189454199018109,3,43,0.256444827703172,-1001,0.00275499219207878,3,40,0.0201595460404495
GO:0140029,exocytic process,-483,0.0312346096593705,2,67,0.312893900656726,-69,0.835114194859696,2,41,0.920949239674584
GO:1900180,regulation of protein localization to nucleus,34,0.870483836627596,6,80,0.980813631046841,-19,0.922053735233015,3,117,0.963165746055322
GO:1900181,negative regulation of protein localization to nucleus,-210,0.57410718167819,2,24,0.882597837859661,-570,0.0845395757034129,2,41,0.243884508130622
GO:1900424,regulation of defense response to bacterium,-361,0.343436601195206,2,23,0.765845573964467,164,0.584744221990224,2,50,0.770742470825078
GO:1901068,guanosine-containing compound metabolic process,-386,0.22577784853613,3,33,0.672647822918945,-771,2.80866565931933e-6,6,168,7.19330482747895e-5
GO:1901069,guanosine-containing compound catabolic process,-153,0.851321868087838,2,5,0.977895448505784,-818,1.65515226121671e-6,3,156,4.48838348482884e-5
GO:1901136,carbohydrate derivative catabolic process,92,0.614412691867021,3,102,0.894720030468393,30,0.750195327200189,2,558,0.875904777250969
GO:1901137,carbohydrate derivative biosynthetic process,-167,0.103221239912901,2,337,0.507872233799671,-311,0.00668866084500532,2,356,0.0389896045235718
GO:1901214,regulation of neuron death,31,0.806312086222602,2,218,0.960523297483899,-416,0.028664716495403898,2,125,0.112329461553419
GO:1901215,negative regulation of neuron death,93,0.54888728332153,2,142,0.869895447565063,-351,0.116569483532103,2,90,0.293974463393323
GO:1901216,positive regulation of neuron death,-181,0.410400960139826,6,70,0.816163775998086,-510,0.178952209561038,2,31,0.384780637162493
GO:1901264,carbohydrate derivative transport,-540,0.0657304328230577,4,39,0.433519147964718,-108,0.719034496548437,2,50,0.856967174014554
GO:1901568,fatty acid derivative metabolic process,173,0.3876310714065,2,84,0.799103309100915,277,0.341165717597259,2,53,0.56445133495108
GO:1901570,fatty acid derivative biosynthetic process,158,0.500731306332943,2,61,0.848398183889095,7,0.985920834155017,2,30,0.99237883088529
GO:1901605,alpha-amino acid metabolic process,-56,0.712436532515527,3,146,0.93448086438326206,121,0.433243788425986,2,191,0.651199933789743
GO:1901615,organic hydroxy compound metabolic process,-152,0.193481635840705,2,256,0.640611657326994,198,0.089807293600282,2,343,0.248571543410765
GO:1901617,organic hydroxy compound biosynthetic process,-213,0.291016397314134,2,83,0.730955055806722,97,0.663132364878507,2,91,0.819726143253485
GO:1901654,response to ketone,43,0.791403360754239,2,128,0.957027102246315,347,0.176440254514924,2,68,0.381261855651715
GO:1901657,glycosyl compound metabolic process,-132,0.504212832812008,3,86,0.849412257993873,-55,0.553225702217464,4,559,0.745383788174195
GO:1901658,glycosyl compound catabolic process,-286,0.42504526157657,4,26,0.822206348191557,-46,0.640562248680935,2,485,0.804191711987775
GO:1901701,cellular response to oxygen-containing compound,116,0.185577181747745,2,468,0.629554431861909,-270,0.010230065688262,3,426,0.053470071227764
GO:1901879,regulation of protein depolymerization,594,0.0516193853394565,4,36,0.393823422415014,33,0.912137435899314,2,50,0.960473636248478
GO:1901992;GO:1901989,positive regulation of cell cycle phase transition,682,0.0021916145532422,3,68,0.0711622463567631,265,0.391355604416079,7,47,0.616592391099837
GO:1902105,regulation of leukocyte differentiation,-163,0.352814390049547,2,110,0.774487926648,-124,0.576846597500862,2,92,0.768959673777068
GO:1902532,negative regulation of intracellular signal transduction,-91,0.396417289925105,3,303,0.807252987176368,-413,0.019345806363612002,4,146,0.0857540070540878
GO:1902533,positive regulation of intracellular signal transduction,87,0.335684255180685,2,437,0.763002629597612,-83,0.480763477748518,2,339,0.692167280581096
GO:1902692,regulation of neuroblast proliferation,182,0.487010169034111,4,49,0.842394971537605,-361,0.341364494976922,2,31,0.56445133495108
GO:1902850,microtubule cytoskeleton organization involved in mitosis,627,1.20912924339285e-4,2,128,0.00955913046769275,-462,3.01412244818521e-4,5,283,0.00360382739053388
GO:1902903,regulation of supramolecular fiber organization,-102,0.47357133285912,2,168,0.839003867951153,-365,0.0567837708613689,5,123,0.183829482914965
GO:1903034,regulation of response to wounding,-133,0.4344111906462,2,117,0.823586171555445,30,0.913973531997758,5,57,0.960612780347693
GO:1903035,negative regulation of response to wounding,87,0.730294940210384,2,53,0.940562580230593,123,0.749148663035798,2,30,0.875904777250969
GO:1903305,regulation of regulated secretory pathway,-246,0.320753229205707,2,55,0.753859916121125,-34,0.923926543111017,2,35,0.963207002203028
GO:1903311,regulation of mRNA metabolic process,7,0.962653264521844,3,161,0.99460390564236,-38,0.850981923527617,4,108,0.9255097334328
GO:1903312,negative regulation of mRNA metabolic process,-10,0.971587528683921,4,46,0.994910287140505,-148,0.687570659345582,2,33,0.833692987791461
GO:1903429,regulation of cell maturation,-208,0.426149130302971,3,49,0.822549729571217,290,0.369534150059165,2,43,0.595647703417046
GO:1903510,mucopolysaccharide metabolic process,-104,0.671383682542272,2,56,0.924295797557729,23,0.930510925044128,2,67,0.964605179791397
GO:1903706,regulation of hemopoiesis,-110,0.413181152342735,2,190,0.816927577393845,-300,0.122329384714486,4,120,0.304032264214768
GO:1903707,negative regulation of hemopoiesis,-35,0.887818037043173,5,55,0.983771527659235,-643,0.0490126522611086,5,42,0.165681591591722
GO:1903725,regulation of phospholipid metabolic process,-688,0.0062822724246898104,2,53,0.135453739433529,-655,0.0708323334096787,3,34,0.215393837083522
GO:1903827,regulation of cellular protein localization,-147,0.174861160098145,3,297,0.619566799533625,-114,0.499261354714619,2,159,0.705665758363857
GO:1903828,negative regulation of cellular protein localization,-300,0.142126309475201,2,81,0.578803477052313,-297,0.302711434363061,4,54,0.525366567967704
GO:1903829,positive regulation of cellular protein localization,-25,0.861172374520622,2,174,0.979249209605357,-87,0.706727757657266,2,84,0.847999730036438
GO:1905207,regulation of cardiocyte differentiation,722,0.0196565006672302,2,35,0.260844176652881,-46,0.896821552520419,5,36,0.952054122853465
GO:1905330,regulation of morphogenesis of an epithelium,448,0.0214296908081935,3,89,0.269812853080141,-40,0.873044318135245,3,73,0.939919268239953
GO:1905952,regulation of lipid localization,-370,0.0477856307501468,4,97,0.383319227738366,-308,0.214034551942902,2,73,0.429648945665359
GO:1905954,positive regulation of lipid localization,21,0.935999492455607,2,48,0.991884673017075,-186,0.597653642777447,2,36,0.781267850528615
GO:1990542,mitochondrial transmembrane transport,-742,0.00351743834732418,2,52,0.0945203260327754,-323,0.395066874414573,3,31,0.619475609201082
GO:1990778,protein localization to cell periphery,-68,0.682249352150162,4,125,0.924968798907367,-604,0.0480358122194796,3,48,0.163320303397377
GO:2000027,regulation of animal organ morphogenesis,205,0.169933022764769,2,153,0.616797679184732,6,0.973653924385826,2,140,0.986012508756856
GO:2000177,regulation of neural precursor cell proliferation,354,0.0904634753016725,2,77,0.484249632396235,-81,0.787453595459709,5,50,0.896596745362397
GO:2000179,positive regulation of neural precursor cell proliferation,311,0.343681681633675,6,31,0.765845573964467,187,0.617417238351016,6,32,0.793340034869899
GO:2000241,regulation of reproductive process,-69,0.612049364683767,3,183,0.893714373336912,14,0.918845935398015,3,262,0.962699945951102
GO:2000242,negative regulation of reproductive process,97,0.74193315174979,2,39,0.944741772141407,-57,0.821162502212533,4,71,0.915713385389399
GO:2000243,positive regulation of reproductive process,155,0.41739456137507,2,93,0.817617051433435,87,0.774493082475771,2,49,0.888628327354696
GO:2000377,regulation of reactive oxygen species metabolic process,-473,0.0147453952641322,2,90,0.222265892494613,-281,0.270096579850184,3,69,0.492055906404315
GO:2000379,positive regulation of reactive oxygen species metabolic process,-502,0.0795561161553302,2,41,0.45826675145441,-1066,0.00572947369766449,3,30,0.0345718242751745
GO:2000648,positive regulation of stem cell proliferation,316,0.388268146139574,3,25,0.799548032159825,52,0.860221145824954,2,52,0.931771494890281
GO:2000725,regulation of cardiac muscle cell differentiation,759,0.0465560268653799,2,23,0.377938817786484,-92,0.809486409304607,3,31,0.908406121444557
GO:2000736,regulation of stem cell differentiation,403,0.0741433943458229,5,66,0.449873622632709,-566,0.0730274520680921,5,45,0.22061373134594
GO:2000826,regulation of heart morphogenesis,350,0.286902474322585,6,31,0.729628437030164,1056,0.00471471652887697,2,32,0.0300205016548658
GO:2001020,regulation of response to DNA damage stimulus,-120,0.473034931549154,2,122,0.839003867951153,690,0.00771784598171112,5,67,0.0428036635193766
GO:2001022,positive regulation of response to DNA damage stimulus,184,0.46597099139007,3,53,0.838009603077105,619,0.10882580238732,2,30,0.280272038550584
GO:2001233,regulation of apoptotic signaling pathway,-432,8.3658370597417e-4,3,206,0.0348363672983901,-230,0.434227461273247,3,52,0.651199933789743
GO:2001235,positive regulation of apoptotic signaling pathway,-571,0.00308256821192436,2,91,0.0865687226046808,-212,0.570637757898225,2,32,0.764720948811284
GO:2001251,negative regulation of chromosome organization,666,2.12324151428607e-4,7,105,0.0143777243488898,1093,7.35310916175981e-5,3,59,0.00119723427900392
GO:2001252,positive regulation of chromosome organization,565,2.54137094091508e-4,5,143,0.0157133758022767,667,0.0291342537346368,2,48,0.113436579152598
