gene,baseMean,log2FoldChange,lfcSE,stat,pvalue,padj,annot
Pseudodiploria178481,2.012636412949095,-3.5569701213241025,0.8572561357206469,-4.149250116867298,3.335661902860653e-5,0.03685545479282214,NA
Pseudodiploria189075,4.371316994594852,-2.9701126523222565,0.6513857079231288,-4.559683481223639,5.123077863853558e-6,0.01135436982505131,NA
Pseudodiploria193272,1.56025342305242,-3.211694734845973,0.7740815344993612,-4.1490393346266075,3.338734439390523e-5,0.03685545479282214,NA
Pseudodiploria193959,5.049819986877987,2.0211751585223237,0.5100170072054682,3.962956391585707,7.402730775490762e-5,0.05658074055195367,NA
Pseudodiploria195980,25.207985185723015,-2.238830859163071,0.5548206950449457,-4.035233146776735,5.4548104711741306e-5,0.04587755359137023,NA
Pseudodiploria205225,2.584749895093526,2.561107158860091,0.6917650598172644,3.7022788626193828,2.1367157607603154e-4,0.09676583017063767,NA
Pseudodiploria356459,3.0421551032150687,-2.296383809701524,0.6144637405401199,-3.7372161418068046,1.8606896585156199e-4,0.09224931319621951,"ATPase activity, coupled to transmembrane movement of substances"
