gene,baseMean,log2FoldChange,lfcSE,stat,pvalue,padj,annot,KOG
Pseudodiploria181589,14.951442463047114,0.9988033917744965,0.2448394696120372,4.079421481173604,4.5147915630795075e-5,0.04196855188795277,zinc finger,Transcription
Pseudodiploria186543,19.770331720968343,-0.9069334590576882,0.2155740384853614,-4.207062526776728,2.587115777924143e-5,0.03514895297668939,Mib_herc2,"Posttranslational modification, protein turnover, chaperones"
Pseudodiploria193272,1.56025342305242,-3.211694734845973,0.7740815344993612,-4.1490393346266075,3.338734439390523e-5,0.03685545479282214,NA,NA
Pseudodiploria194656,14.511032242694029,1.1681154453345395,0.25866324062457674,4.515970040868465,6.3027575362445945e-6,0.012368811511683559,Eukaryotic peptide chain release factor subunit,"Translation, ribosomal structure and biogenesis"
Pseudodiploria195980,25.207985185723015,-2.238830859163071,0.5548206950449457,-4.035233146776735,5.4548104711741306e-5,0.04587755359137023,NA,NA
