ID,Description,GeneRatio,BgRatio,pvalue,p.adjust,qvalue,geneID,Count,Category
map04141,Protein processing in endoplasmic reticulum,30/487,106/3556,4.7518241675741094e-5,0.01568101975299456,0.013855318888610824,K08056/K03283/K09490/K11863/K09584/K09503/K08860/K14001/K19478/K08054/K12666/K09582/K13251/K10578/K04079/K10601/K03237/K09586/K09486/K09523/K14025/K09481/K09517/K12667/K14010/K03094/K04571/K09487/K08057/K13525,30,"Genetic Information Processing; Folding, sorting and degradation"
map04020,Calcium signaling pathway,24/487,84/3556,2.3266547224403677e-4,0.03805758717374958,0.033626640022738866,K05849/K04632/K02183/K04150/K04142/K04266/K05094/K04149/K04958/K16059/K05093/K05863/K05208/K04363/K04224/K13240/K16896/K05853/K05126/K04362/K04855/K04163/K05858/K18497,24,Environmental Information Processing; Signal transduction
map05200,Pathways in cancer,43/487,189/3556,3.459780652159053e-4,0.03805758717374958,0.033626640022738866,K08738/K03068/K06626/K04632/K02183/K02580/K05691/K05094/K04501/K11126/K00182/K04662/K00444/K05093/K08775/K02206/K06230/K09091/K00922/K09848/K04363/K04393/K04079/K06240/K02187/K05126/K02678/K04362/K20994/K03174/K07532/K06618/K08524/K04448/K05858/K02599/K08737/K18497/K03094/K09288/K06054/K04375/K09487,43,Human Diseases; Cancer: overview
map04612,Antigen processing and presentation,8/487,16/3556,5.480557766389011e-4,0.04521460157270934,0.03995038161288832,K08056/K03283/K09490/K08059/K08054/K01363/K04079/K08057,8,Organismal Systems; Immune system
