gene,lfc
Symbiodinium10001,-0.341131279170987
Symbiodinium10032,-0.164483957108004
Symbiodinium10074,-0.0487289557546197
Symbiodinium10090,-0.284846998744328
Symbiodinium10093,0.213656265753967
Symbiodinium10120,0.283089886898192
Symbiodinium10129,-0.0734252563767587
Symbiodinium10139,-0.0858900806528004
Symbiodinium10143,0.172275444593321
Symbiodinium10159,0.0568881749068967
Symbiodinium10196,-0.432500635258345
Symbiodinium10203,0.0305284582246536
Symbiodinium10222,-0.45298019107711
Symbiodinium10227,-0.147162684935208
Symbiodinium10233,0.065858644421112
Symbiodinium10247,0.116167923580857
Symbiodinium10254,-0.0876119526181773
Symbiodinium10256,-0.365877552838311
Symbiodinium10273,0.0817375131062971
Symbiodinium10308,0.462348534799446
Symbiodinium10318,-0.110168002641491
Symbiodinium10357,0.00920536710047807
Symbiodinium10363,0.00752537039999572
Symbiodinium10385,-0.0670600466728509
Symbiodinium10391,0.0226723282313368
Symbiodinium10403,0.107792509160915
Symbiodinium10405,0.113796209194602
Symbiodinium10410,0.322661021746759
Symbiodinium10423,0.093592063627798
Symbiodinium10428,0.0224747620168736
Symbiodinium10430,0.305887168006111
Symbiodinium10437,0.127780723476166
Symbiodinium10468,-0.000608397204278123
Symbiodinium10513,0.185559132763648
Symbiodinium10529,0.305176402914462
Symbiodinium10547,-0.0816236737234625
Symbiodinium10549,0.0903684418779459
Symbiodinium10553,0.0277461001987528
Symbiodinium10572,-0.272468459377523
Symbiodinium10588,0.118041865798848
Symbiodinium10589,0.231790802201247
Symbiodinium10608,-0.12484277004691
Symbiodinium10628,-0.158628354562912
Symbiodinium10660,0.067018577456393
Symbiodinium10665,-0.305895347360871
Symbiodinium10703,-0.0292568449389409
Symbiodinium10708,-0.100983458939167
Symbiodinium10725,0.330653717513325
Symbiodinium10740,0.0821075731054753
Symbiodinium10745,0.0102561273735728
Symbiodinium10752,0.272399073849701
Symbiodinium10778,0.0181326194276881
Symbiodinium10795,-0.125488471499084
Symbiodinium10801,0.31396705293989
Symbiodinium10802,0.0325930736472685
Symbiodinium10812,0.00512068172143026
Symbiodinium10814,0.202318397357824
Symbiodinium10839,-0.199266322289792
Symbiodinium10859,0.0154838200250566
Symbiodinium10862,-0.158855353703505
Symbiodinium10866,-0.220849584663678
Symbiodinium10871,-0.0625608961776379
Symbiodinium10882,-0.0708076017746938
Symbiodinium10887,0.235736141157768
Symbiodinium10891,0.229178172013055
Symbiodinium10897,0.18815072113909
Symbiodinium10901,-0.11652517731705
Symbiodinium1092,-0.0632825104776971
Symbiodinium10943,-0.0800764189153833
Symbiodinium10980,0.0539964924276616
Symbiodinium11002,0.322234654309128
Symbiodinium11005,-0.105578343384958
Symbiodinium11032,0.0796470603050389
Symbiodinium11064,-0.114793502287393
Symbiodinium11065,0.0123773221037526
Symbiodinium11067,-0.320010224132785
Symbiodinium11122,-0.118237517861092
Symbiodinium11151,-0.0251606307192664
Symbiodinium11188,-0.890372734037371
Symbiodinium11193,0.222907092432735
Symbiodinium11231,-0.0519563841616012
Symbiodinium11261,0.0931765196148573
Symbiodinium11315,-0.0399226976811528
Symbiodinium11327,-0.136579521033636
Symbiodinium11344,-0.230723376820769
Symbiodinium11359,-0.892943115550986
Symbiodinium11367,-0.693300606180207
Symbiodinium11402,0.40419074791802
Symbiodinium11407,-0.113825601633588
Symbiodinium11412,0.179483063788395
Symbiodinium11420,0.00632774315361974
Symbiodinium11426,0.0138986622381664
Symbiodinium11457,0.07501213759087
Symbiodinium11462,0.125434737203793
Symbiodinium11475,0.13026966645273
Symbiodinium11488,-0.039709746074135
Symbiodinium11490,-0.0204161107550184
Symbiodinium11515,0.0767028958919486
Symbiodinium11522,-0.0392677221879279
Symbiodinium11529,0.00532971705567941
Symbiodinium11586,0.150552962331617
Symbiodinium11590,-0.461607464381849
Symbiodinium11597,0.210072205570946
Symbiodinium11602,0.15227416955627
Symbiodinium11604,-0.310838821985773
Symbiodinium11621,-0.0736822640463962
Symbiodinium11645,0.11305539214068
Symbiodinium11649,-0.130307110001361
Symbiodinium11654,-0.808348552029274
Symbiodinium11660,-0.216785717814902
Symbiodinium11667,0.0460870062735042
Symbiodinium11673,-0.919200163762119
Symbiodinium11699,-0.227338253492913
Symbiodinium11719,0.105559967887477
Symbiodinium11720,-0.0417987130617584
Symbiodinium11724,0.284448988120914
Symbiodinium11734,-0.475380683809944
Symbiodinium11739,-0.00421173525192842
Symbiodinium11740,-0.00103030303487189
Symbiodinium11741,-0.262633763244467
Symbiodinium11752,-0.178802369951847
Symbiodinium11765,-0.297428515545185
Symbiodinium11809,-0.27515973381939
Symbiodinium11821,-0.00687558478039703
Symbiodinium11840,-0.189688350300082
Symbiodinium11874,-0.388579029021666
Symbiodinium11883,0.357620525781156
Symbiodinium11885,0.00195556064956398
Symbiodinium11904,-0.054257979269175
Symbiodinium11909,-0.0885744391511408
Symbiodinium11926,-0.298287507044099
Symbiodinium11966,0.191903004318208
Symbiodinium11972,-0.47940668874244
Symbiodinium12001,-0.124142495660741
Symbiodinium12032,-0.13089416198241
Symbiodinium12041,0.210875672497805
Symbiodinium12053,-0.340322164683497
Symbiodinium12064,0.287239647353759
Symbiodinium12071,0.0841154231277651
Symbiodinium12077,-0.18120637173387
Symbiodinium12090,0.531035489219296
Symbiodinium12103,-0.118895176687442
Symbiodinium12109,-0.0581920976770998
Symbiodinium12111,0.240946192436235
Symbiodinium12123,-0.0455335782317037
Symbiodinium12128,-0.00469968698476299
Symbiodinium12142,-0.158754997684606
Symbiodinium12176,-0.0976177510465668
Symbiodinium12180,-0.439487517070378
Symbiodinium12183,0.151170436482017
Symbiodinium12185,-0.23517508733963
Symbiodinium12191,0.129968087159609
Symbiodinium12192,0.262509955292914
Symbiodinium12207,0.00334548379158414
Symbiodinium12249,0.0582648242214611
Symbiodinium12273,0.0381393736546997
Symbiodinium12279,0.13413557217501
Symbiodinium12280,0.125452332728148
Symbiodinium12290,0.264071260657536
Symbiodinium12324,-0.235637940216217
Symbiodinium12330,0.390644721706024
Symbiodinium12358,0.154341645407875
Symbiodinium12377,-0.00669097464054915
Symbiodinium12395,0.053850646245162
Symbiodinium12404,0.101122094567755
Symbiodinium12466,0.0512021017109028
Symbiodinium12475,-0.156273066598832
Symbiodinium12479,-0.110044957216719
Symbiodinium12481,-0.29485192867728
Symbiodinium12487,0.324563418460836
Symbiodinium12488,0.158228550260755
Symbiodinium12529,-0.000168816175157961
Symbiodinium12532,-0.0832213662598112
Symbiodinium12600,-0.080708785199348
Symbiodinium12605,0.176097719902053
Symbiodinium12635,0.231634444610132
Symbiodinium12672,-0.301078885188919
Symbiodinium12689,0.454197861165825
Symbiodinium12710,0.132040216749189
Symbiodinium12714,0.0349080533579755
Symbiodinium12717,0.173552385653408
Symbiodinium12722,0.422140682105857
Symbiodinium12733,-0.129745544318501
Symbiodinium12736,0.268783240249318
Symbiodinium12771,-0.153292337740928
Symbiodinium12779,-0.186972037774248
Symbiodinium12805,0.305531923354177
Symbiodinium12817,0.253940401477478
Symbiodinium12837,-0.272731619413128
Symbiodinium12844,0.0857592947412824
Symbiodinium12849,0.220222321898546
Symbiodinium12887,0.0353939413566523
Symbiodinium12888,0.0660613603746597
Symbiodinium12900,0.18102146911681
Symbiodinium12902,0.32749381073728
Symbiodinium12929,0.339448579351757
Symbiodinium12932,-0.110584630754612
Symbiodinium12944,-0.133582173708561
Symbiodinium12951,0.0216951324218939
Symbiodinium12956,0.117948422490186
Symbiodinium12965,-0.159059112017282
Symbiodinium12982,-0.0249315294008398
Symbiodinium12986,-0.0105178083167972
Symbiodinium12990,0.0359940920193404
Symbiodinium12993,-0.12231399259827
Symbiodinium13003,-0.0757200831477959
Symbiodinium13006,-0.173411031619892
Symbiodinium13011,-0.100145988401013
Symbiodinium13024,0.231757629807906
Symbiodinium13036,-0.098413981521232
Symbiodinium13038,-0.0343544592127822
Symbiodinium13083,0.0383515656607236
Symbiodinium13097,-0.107125065596935
Symbiodinium13104,0.503714496420963
Symbiodinium13156,0.388486908729748
Symbiodinium13244,-0.0864823841725759
Symbiodinium13281,0.0889832556998508
Symbiodinium13301,0.248903349886301
Symbiodinium13325,1.34532464715013
Symbiodinium13331,0.20047790886879
Symbiodinium13478,0.216388973962935
Symbiodinium13482,0.150508559184701
Symbiodinium13517,-0.293186393457781
Symbiodinium13538,-0.292700819725384
Symbiodinium13556,0.0880140024994479
Symbiodinium13557,0.0200532305904327
Symbiodinium13597,0.0305743449253892
Symbiodinium13691,0.301666811861761
Symbiodinium13709,0.043241114867393
Symbiodinium13847,-0.0103363407601546
Symbiodinium13859,0.0840262773611619
Symbiodinium13889,0.0329496967432953
Symbiodinium13910,0.0289458532244298
Symbiodinium13942,0.0328051197968089
Symbiodinium13950,0.0401714039532566
Symbiodinium14045,-0.164295407918711
Symbiodinium14129,0.0298755812257193
Symbiodinium14154,-0.266879568740264
Symbiodinium14160,-0.0540541799971389
Symbiodinium14205,-0.473748327810172
Symbiodinium14206,-0.016662097142828
Symbiodinium14219,-0.181328361776629
Symbiodinium14240,-0.216972223983642
Symbiodinium14348,0.0592355775652434
Symbiodinium14368,0.139579110119837
Symbiodinium14391,-0.0399869284763589
Symbiodinium14394,-0.145305579699539
Symbiodinium14423,0.0468818774892317
Symbiodinium14475,-0.334614595201796
Symbiodinium14476,0.168326235274754
Symbiodinium14487,-0.196701218848175
Symbiodinium14492,-0.424114311579875
Symbiodinium14500,-0.148253520148542
Symbiodinium14542,0.27165016829177
Symbiodinium14551,-0.310709977870703
Symbiodinium14576,0.150762219399284
Symbiodinium14579,0.0593416786654796
Symbiodinium14640,-0.0223325388133506
Symbiodinium14672,-0.524526001588195
Symbiodinium14697,-0.198669435849294
Symbiodinium14711,0.122367346494673
Symbiodinium14715,-0.162252287937772
Symbiodinium14749,-0.00676069250990758
Symbiodinium14758,0.129078363322683
Symbiodinium14763,-0.417076511657478
Symbiodinium14786,-0.419602210556619
Symbiodinium14793,-0.21818325362512
Symbiodinium14801,0.0146012784638042
Symbiodinium14807,0.29205071977472
Symbiodinium14809,0.153788431686271
Symbiodinium14817,0.261131236129821
Symbiodinium14833,0.186955164374469
Symbiodinium14837,-0.133536885550872
Symbiodinium14852,-0.0436225593838352
Symbiodinium14901,-0.288335368093531
Symbiodinium14903,0.0135374926670752
Symbiodinium14938,0.117852776378203
Symbiodinium14954,-0.473008786085861
Symbiodinium14967,-0.0729050197431092
Symbiodinium15022,-0.171065015939135
Symbiodinium15087,-0.257390241743951
Symbiodinium15130,-0.00535985507965956
Symbiodinium15133,-0.14995837908651
Symbiodinium15152,0.178142168778944
Symbiodinium15154,-0.258573396999034
Symbiodinium15161,-0.306131150127252
Symbiodinium15165,-0.0993888656211889
Symbiodinium15233,-0.260774177373003
Symbiodinium15247,-0.0529383761252344
Symbiodinium15249,-0.728845980459812
Symbiodinium15264,-0.260869120559225
Symbiodinium15280,-0.362401401180731
Symbiodinium15328,0.0825637727864614
Symbiodinium15331,-0.398978122191001
Symbiodinium15342,-0.324671290665665
Symbiodinium15347,-0.155945467778613
Symbiodinium15365,-0.110532271345498
Symbiodinium15393,0.168940962462893
Symbiodinium15396,0.396825099066759
Symbiodinium15404,0.0476538978756897
Symbiodinium15423,-0.215561012167263
Symbiodinium15426,0.127389313479697
Symbiodinium15438,-0.0278103130515753
Symbiodinium15467,0.0112096599014563
Symbiodinium15468,-0.0295197399624076
Symbiodinium15542,0.092948265066239
Symbiodinium15547,0.319188402601878
Symbiodinium15589,-0.385913902676647
Symbiodinium15596,-1.54581802979721
Symbiodinium15601,-0.172236489931104
Symbiodinium15652,-0.566838626999521
Symbiodinium15670,0.218660619513669
Symbiodinium15772,-0.0269047646027835
Symbiodinium15774,-0.303473158003156
Symbiodinium15850,-0.15039272849376
Symbiodinium15863,0.0499518644273644
Symbiodinium15872,-0.113301366725897
Symbiodinium15876,0.0155609914503611
Symbiodinium15907,0.0648316906455205
Symbiodinium15912,-0.22422515625736
Symbiodinium15928,-0.0323023875476239
Symbiodinium15930,-0.259900616446688
Symbiodinium15951,-0.0553954458753998
Symbiodinium15987,-0.150257606067668
Symbiodinium16026,-0.621903181804478
Symbiodinium16155,0.135719129230106
Symbiodinium16166,-0.134203261361836
Symbiodinium16179,-0.271906339788519
Symbiodinium16355,0.318917284859779
Symbiodinium16370,0.309946601645524
Symbiodinium16443,-0.105556425113585
Symbiodinium16453,0.20055015093801
Symbiodinium16482,-0.011234122139996
Symbiodinium16541,0.00621381709995367
Symbiodinium16598,-0.202514171246812
Symbiodinium16606,0.267730099163759
Symbiodinium16664,0.201401389283255
Symbiodinium16668,0.0817169196064451
Symbiodinium16745,-0.0479815631409041
Symbiodinium16775,-0.172438491861709
Symbiodinium16786,-0.207212250384453
Symbiodinium16833,0.374576513300248
Symbiodinium16840,-0.220962147169742
Symbiodinium16911,-0.0251953437825738
Symbiodinium16919,-0.226712930532018
Symbiodinium16923,-0.463428324391547
Symbiodinium16927,-0.330627545643477
Symbiodinium16944,0.0453256836095359
Symbiodinium16984,0.216139501905227
Symbiodinium17051,0.219441906391167
Symbiodinium17064,-0.0626944819749893
Symbiodinium17083,1.00904724679487
Symbiodinium17099,0.343669063364011
Symbiodinium17110,0.565480859605266
Symbiodinium17182,-0.179030915665669
Symbiodinium17305,-0.215794151767199
Symbiodinium17308,-0.112399963060224
Symbiodinium17330,0.142194760072615
Symbiodinium17413,-0.0253783149297289
Symbiodinium17417,0.129958298094443
Symbiodinium17474,0.229776595698281
Symbiodinium17502,-0.156497484340394
Symbiodinium17559,-0.462396074791691
Symbiodinium17565,-0.685347531058148
Symbiodinium17772,0.0133576024181153
Symbiodinium17813,-0.183492330712231
Symbiodinium17850,0.00864221540632826
Symbiodinium17902,-0.0242093303983409
Symbiodinium18025,-0.187607183991783
Symbiodinium18064,0.298129665650743
Symbiodinium18121,-0.102926179329179
Symbiodinium18152,0.18518800545192
Symbiodinium18153,-0.119003848447486
Symbiodinium18188,-0.00476493475881648
Symbiodinium18200,0.131053533481515
Symbiodinium18242,0.482051965157338
Symbiodinium18248,0.141057955991315
Symbiodinium18249,0.0345675645374525
Symbiodinium18275,0.086231620460515
Symbiodinium18293,-0.0816646162129949
Symbiodinium18294,0.0804472004508744
Symbiodinium18345,0.150956684270569
Symbiodinium18348,-0.0235933227285468
Symbiodinium18352,-0.24658755255077
Symbiodinium18407,-0.0166870483291408
Symbiodinium18439,-0.0614481114694905
Symbiodinium18450,-0.150159055012116
Symbiodinium18519,-0.471675422924857
Symbiodinium18535,0.383181471790367
Symbiodinium18543,-0.0264443289401818
Symbiodinium18569,-0.303923969909589
Symbiodinium18612,-0.492419797653805
Symbiodinium18617,0.12692244941368
Symbiodinium18644,0.282531541570738
Symbiodinium18701,-0.389410136051062
Symbiodinium18742,0.0408185245108059
Symbiodinium18761,-0.00837029204300953
Symbiodinium18765,0.0638543790263597
Symbiodinium18778,0.0615220876099372
Symbiodinium18845,-0.00106033164674706
Symbiodinium18858,-0.255070442688231
Symbiodinium18877,-0.154864624252488
Symbiodinium18923,-0.317118152633478
Symbiodinium18982,-0.117622282364407
Symbiodinium18983,-0.264877484415019
Symbiodinium19014,0.0349570368125728
Symbiodinium19029,0.654238651832498
Symbiodinium19030,-0.228463586187175
Symbiodinium19040,-0.230405361270671
Symbiodinium19056,-0.172370391966557
Symbiodinium19059,0.141246732305547
Symbiodinium19073,0.239784044862207
Symbiodinium19087,-0.127567465158663
Symbiodinium19127,0.128635369727697
Symbiodinium19175,0.214126450099626
Symbiodinium19267,-0.581581430736849
Symbiodinium19296,-0.0574822821294521
Symbiodinium19301,-0.00821552945463202
Symbiodinium19305,0.0720546056496977
Symbiodinium19309,-0.217800119873557
Symbiodinium19331,-0.194308453874601
Symbiodinium19362,-0.165938489439574
Symbiodinium19373,-0.0334893569540115
Symbiodinium19375,0.0509991050162632
Symbiodinium19391,-0.0426219191213676
Symbiodinium19398,-0.0224819518715238
Symbiodinium19400,-0.146805364466677
Symbiodinium19408,0.0624161911922267
Symbiodinium19409,0.0938532486457508
Symbiodinium19415,0.143062986466614
Symbiodinium19416,0.0299200866787595
Symbiodinium19418,-0.240654850714847
Symbiodinium19419,0.0188108175980952
Symbiodinium19421,-0.066715683453271
Symbiodinium19425,0.152705196496894
Symbiodinium19430,-0.157363207726628
Symbiodinium19435,0.00492937933952596
Symbiodinium19437,-0.12349722496737
Symbiodinium19438,0.0378055389946113
Symbiodinium19439,0.414257559216183
Symbiodinium19443,0.0273602169453228
Symbiodinium19445,0.17369812272926
Symbiodinium19446,-0.0207601109758315
Symbiodinium19447,0.124134918839489
Symbiodinium19450,0.0366229639359133
Symbiodinium19454,-0.152840295376474
Symbiodinium19457,0.0358512793291276
Symbiodinium19462,-0.0345619442011423
Symbiodinium19468,-0.0778431958063884
Symbiodinium19476,0.162669127279002
Symbiodinium19480,-0.679874336940828
Symbiodinium19483,-0.677599509351717
Symbiodinium19487,-0.247291946935767
Symbiodinium19495,0.0599901045833672
Symbiodinium19499,0.194155997403612
Symbiodinium19513,0.335486028004558
Symbiodinium19518,-0.103788866292862
Symbiodinium19519,-0.173050532128656
Symbiodinium19520,-0.147716431966644
Symbiodinium19522,-0.651203525215163
Symbiodinium19524,0.13052992051901
Symbiodinium19529,-0.246333616223805
Symbiodinium19534,-0.246323145586138
Symbiodinium19536,-0.124010549756014
Symbiodinium19538,-0.250986549248174
Symbiodinium19543,0.00731511372733912
Symbiodinium19545,-0.380711922405906
Symbiodinium19547,-0.310332521460067
Symbiodinium19550,-0.0115346241598738
Symbiodinium19554,-0.283948811970724
Symbiodinium19555,-0.18052974133796
Symbiodinium19559,-0.140923721386833
Symbiodinium19563,-0.493627525787839
Symbiodinium19564,-0.0117152691999025
Symbiodinium19571,-0.100153492587531
Symbiodinium19576,-0.178569382158029
Symbiodinium19578,0.130463035692415
Symbiodinium19585,-0.247543229598486
Symbiodinium19688,0.0799507910670482
Symbiodinium19796,-0.0562782353208189
Symbiodinium19998,-0.147734931989251
Symbiodinium20099,-0.124928203995583
Symbiodinium20113,0.206086319390349
Symbiodinium20166,0.0957270689518514
Symbiodinium20182,0.154699031281938
Symbiodinium20200,-0.017336893050096
Symbiodinium20671,-0.215827814090531
Symbiodinium20797,-0.038756094340175
Symbiodinium20865,-0.397353846458197
Symbiodinium21059,0.0766747652641351
Symbiodinium21103,0.295957547676021
Symbiodinium21105,-0.23435628854405
Symbiodinium21142,-0.0252296371430258
Symbiodinium2116,-0.082213465337612
Symbiodinium21166,-0.313906927086299
Symbiodinium21219,0.0723555224413189
Symbiodinium21233,0.213737533007937
Symbiodinium21251,-0.0936588045404142
Symbiodinium21270,0.054833619137444
Symbiodinium21281,-0.114575954338181
Symbiodinium21324,0.107497551102886
Symbiodinium21371,-0.506871625371653
Symbiodinium21457,-0.134946661251049
Symbiodinium21491,-0.0709324744038558
Symbiodinium21500,-0.0619518798281669
Symbiodinium21516,-0.0278403718540344
Symbiodinium21534,-0.128616067559671
Symbiodinium21539,0.333683477564409
Symbiodinium21543,-0.124943695943464
Symbiodinium21585,0.37918384038289
Symbiodinium21587,-0.309261801116372
Symbiodinium21592,0.0550917831860664
Symbiodinium21594,-0.322827463366214
Symbiodinium21595,0.0924176553529712
Symbiodinium21597,0.126415538644882
Symbiodinium21627,-0.150971831404217
Symbiodinium21637,-0.185994134984689
Symbiodinium21651,0.411685259106688
Symbiodinium21676,-0.258091611847134
Symbiodinium21695,-0.047734846925274
Symbiodinium21784,-0.686171429326554
Symbiodinium21816,0.117738402121317
Symbiodinium21884,0.335918453994906
Symbiodinium21896,0.156848427855285
Symbiodinium22002,-0.162345854267685
Symbiodinium22025,-0.237783386978021
Symbiodinium22061,0.446094243178924
Symbiodinium22088,-0.0606061125844419
Symbiodinium22090,0.109372014596044
Symbiodinium22099,-0.278357608847635
Symbiodinium22106,-0.381722164860072
Symbiodinium22236,-0.0510642183768662
Symbiodinium22255,0.160000509204316
Symbiodinium22275,-0.141139746559192
Symbiodinium22339,0.155720914524361
Symbiodinium22353,0.112719452686844
Symbiodinium22377,-0.150547255544899
Symbiodinium22382,0.383915828727649
Symbiodinium22394,0.170782994786202
Symbiodinium22400,0.165900875470475
Symbiodinium22424,0.36193882526734
Symbiodinium22448,-0.118442974299874
Symbiodinium22450,0.095126842219201
Symbiodinium22460,0.107231085407291
Symbiodinium22474,0.120828265775381
Symbiodinium22475,-0.158369099311559
Symbiodinium22515,-0.129848932592794
Symbiodinium22548,-0.373929065669655
Symbiodinium22549,-0.153921267590127
Symbiodinium22565,0.0623845527682252
Symbiodinium22596,0.0898050189074335
Symbiodinium22637,0.00641519416181028
Symbiodinium22697,0.164617133039561
Symbiodinium22698,-0.319099460270209
Symbiodinium22706,0.0143262370361804
Symbiodinium22752,-0.185384157558513
Symbiodinium22760,0.121599526494924
Symbiodinium22771,0.182975887904113
Symbiodinium22813,-0.018838451583044
Symbiodinium22822,-0.164420678397791
Symbiodinium22832,1.03129042741031
Symbiodinium22843,-0.20908681379286
Symbiodinium22874,0.0940849020825666
Symbiodinium22884,-0.000358303945948199
Symbiodinium22888,-0.200931971297872
Symbiodinium22924,-0.0801921240782613
Symbiodinium22972,-0.612514524865835
Symbiodinium22991,-0.314087610637584
Symbiodinium23009,0.0455879336039347
Symbiodinium23045,-0.00140610077916255
Symbiodinium23056,0.00640645490654205
Symbiodinium23069,0.18212474982675
Symbiodinium23094,0.0283324637075066
Symbiodinium23105,0.124455814209608
Symbiodinium23112,0.000214567297757513
Symbiodinium23139,0.105548109154193
Symbiodinium23149,-0.00596754109634092
Symbiodinium23167,-0.0414010908112188
Symbiodinium23187,0.0269203043146583
Symbiodinium23214,-0.291437776802298
Symbiodinium23260,-0.47369910998118
Symbiodinium23262,-0.0167116280299376
Symbiodinium23280,-0.0775235594106198
Symbiodinium23281,0.44593324554986
Symbiodinium23286,-0.0273258592414006
Symbiodinium23287,0.00623977481952103
Symbiodinium23289,0.0426401727018599
Symbiodinium23292,0.043326186212587
Symbiodinium23295,0.0028293759249022
Symbiodinium23296,-0.00979458532218384
Symbiodinium23300,-0.0645860869883609
Symbiodinium23304,-0.0435290319669981
Symbiodinium23311,-0.0999728001764975
Symbiodinium23319,-0.493910613446958
Symbiodinium23328,-0.155181252160124
Symbiodinium23330,-0.00894333407195321
Symbiodinium23353,-0.22219000453048
Symbiodinium23366,-0.362744309829835
Symbiodinium23367,-0.299064583941677
Symbiodinium23385,-0.00939763627117064
Symbiodinium23403,-0.0954232473980057
Symbiodinium23404,-0.121617912473726
Symbiodinium23409,-0.0620791759849318
Symbiodinium23410,0.0603931727209942
Symbiodinium23420,-0.17273560723402
Symbiodinium23422,0.0849922800291793
Symbiodinium23456,-0.261828824492347
Symbiodinium23466,-0.394053960797818
Symbiodinium23473,-0.368677829658432
Symbiodinium23525,-0.201253972119612
Symbiodinium23540,-0.22465845044704
Symbiodinium23570,0.0740982114999573
Symbiodinium23647,0.269478151960696
Symbiodinium23656,0.202035579000273
Symbiodinium23699,-0.137373610656784
Symbiodinium23724,0.300232588162104
Symbiodinium23730,0.0793067161155453
Symbiodinium23754,0.227615424473302
Symbiodinium23760,-0.0140610715088113
Symbiodinium23763,-0.186233444874328
Symbiodinium23775,-0.181945258185851
Symbiodinium23779,-0.0615929035908996
Symbiodinium23782,0.0902107360857968
Symbiodinium23792,-0.0559888446815214
Symbiodinium23800,-0.170829595763573
Symbiodinium23837,-0.246747533415749
Symbiodinium23847,-0.183013917451652
Symbiodinium23863,-0.463906692136503
Symbiodinium23883,0.0801791564430417
Symbiodinium23888,0.188713671006354
Symbiodinium23895,0.18116558087247
Symbiodinium23901,0.0744158054842104
Symbiodinium23923,0.192602500274569
Symbiodinium23974,-0.207428007628219
Symbiodinium23987,-0.129561979045604
Symbiodinium24018,-0.181686524922657
Symbiodinium24036,0.0924910591633626
Symbiodinium24057,0.0123060647939289
Symbiodinium24061,0.0774814474950824
Symbiodinium24069,0.273354087373771
Symbiodinium24090,0.045565507558724
Symbiodinium24092,-0.147996728671455
Symbiodinium24100,-0.0183354896198591
Symbiodinium24102,-0.0434174576250295
Symbiodinium24137,-0.100965050499843
Symbiodinium24184,-0.149606951737918
Symbiodinium24202,0.00260965012805065
Symbiodinium24218,-0.0764399851476426
Symbiodinium24247,0.10115886694718
Symbiodinium24266,-0.223738229135642
Symbiodinium24307,0.0308969544801564
Symbiodinium24314,0.0293165395990523
Symbiodinium24340,-0.112227369135981
Symbiodinium24346,-0.0445595566735381
Symbiodinium24357,-0.241872441306083
Symbiodinium24408,0.0924828280401107
Symbiodinium24409,0.0623670324749622
Symbiodinium24411,0.114976822030419
Symbiodinium24432,-0.418412258410624
Symbiodinium24467,-0.0252591214790974
Symbiodinium24497,-0.391305280079892
Symbiodinium24525,-0.07424019192932
Symbiodinium24553,0.20646983672734
Symbiodinium24555,0.227795052715767
Symbiodinium24576,0.398182654664743
Symbiodinium24587,-0.380138743790993
Symbiodinium24595,0.0974527632701702
Symbiodinium24597,-0.0659171715381585
Symbiodinium24607,-0.17886192347486
Symbiodinium24617,0.56728622432428
Symbiodinium24622,-0.0848864155693672
Symbiodinium24623,0.0590580803186557
Symbiodinium24629,-0.208077491435082
Symbiodinium24634,-0.13555440393594
Symbiodinium24643,0.101684498859763
Symbiodinium24658,-0.172219750172841
Symbiodinium24666,0.0875546760525156
Symbiodinium24683,0.053813049441871
Symbiodinium24685,-0.324338100262212
Symbiodinium24692,0.164026794633765
Symbiodinium24695,-0.145747025874965
Symbiodinium24699,-0.352589909020966
Symbiodinium24711,0.0480293075816305
Symbiodinium24725,-0.252438482547514
Symbiodinium24736,-0.0204739394779412
Symbiodinium24767,0.0572788757209076
Symbiodinium24768,0.0480671720630216
Symbiodinium24771,-0.372206225844278
Symbiodinium24775,0.142172179578005
Symbiodinium24781,-0.134861892710667
Symbiodinium24783,-0.0379811594475011
Symbiodinium24786,0.00883085555579704
Symbiodinium24801,-0.0704528295387188
Symbiodinium24816,0.332878408805062
Symbiodinium24846,0.166482421928966
Symbiodinium24866,0.143118678293085
Symbiodinium24895,-0.223213389105279
Symbiodinium24897,0.212524778919686
Symbiodinium24939,-0.161669064634079
Symbiodinium24977,0.210551661604033
Symbiodinium24989,-0.135614583300622
Symbiodinium24991,0.0771362119991424
Symbiodinium24998,0.0254262471176466
Symbiodinium25003,0.262304561068543
Symbiodinium25011,-0.588933978537253
Symbiodinium25052,0.223490535255826
Symbiodinium25054,-0.279137143341005
Symbiodinium25063,0.163639355339942
Symbiodinium25112,-0.111270782789514
Symbiodinium25123,-0.0187017697408008
Symbiodinium25128,0.102561678737697
Symbiodinium25136,-0.0229139529786243
Symbiodinium25138,-0.139406568152173
Symbiodinium25142,-0.15443149017022
Symbiodinium25152,-0.199946599003936
Symbiodinium25153,-0.000377105129877346
Symbiodinium25157,-0.0792486378864804
Symbiodinium25172,-0.0398609258816089
Symbiodinium25176,-0.27491293938174
Symbiodinium25186,-0.415280435595776
Symbiodinium25192,0.0442786060115149
Symbiodinium25215,-0.0213987905969411
Symbiodinium25220,0.408993790585083
Symbiodinium25222,-0.0372912499081544
Symbiodinium25225,0.00653939645835774
Symbiodinium25226,0.150546132244699
Symbiodinium25237,-0.206107998123723
Symbiodinium25244,0.0599039474680579
Symbiodinium25262,-0.0221118416443481
Symbiodinium25271,-0.0490174362412411
Symbiodinium25286,0.306583152141516
Symbiodinium25289,0.00615049413237936
Symbiodinium25308,-0.23047912766448
Symbiodinium25317,-0.2268216286367
Symbiodinium25329,-0.169356556037834
Symbiodinium25337,0.061337163860257
Symbiodinium25338,-0.0882618782227814
Symbiodinium25339,-0.0176269885390203
Symbiodinium25350,-0.0095010175836389
Symbiodinium25353,-0.370011313369078
Symbiodinium25356,0.151876303646379
Symbiodinium25359,-0.287262921007043
Symbiodinium25361,0.0688222249907443
Symbiodinium25386,0.090576279692178
Symbiodinium25401,-0.335468709277341
Symbiodinium25422,-0.0424002199371443
Symbiodinium25452,-0.280568628734221
Symbiodinium25455,0.245821611064021
Symbiodinium25471,-0.174469988347215
Symbiodinium25473,-0.105978229980668
Symbiodinium25476,-0.385116601325351
Symbiodinium25479,-0.0674167038117335
Symbiodinium25480,-0.272493213006503
Symbiodinium25489,-0.143758799460171
Symbiodinium25508,-0.356340001017576
Symbiodinium25510,-0.341878463349956
Symbiodinium25519,-0.0572580205841268
Symbiodinium25522,-0.0571060288945992
Symbiodinium25523,-0.117102257130804
Symbiodinium25528,0.0743483410357443
Symbiodinium25535,-0.223290407501749
Symbiodinium25540,0.0249611887048949
Symbiodinium25568,-0.146937905077345
Symbiodinium25572,0.0859185402872581
Symbiodinium25574,-0.0341758212350159
Symbiodinium25577,-0.146529999885647
Symbiodinium25584,-0.133535996689029
Symbiodinium25586,-0.28420173434452
Symbiodinium25588,-0.0529842252671824
Symbiodinium25589,-0.202966904057234
Symbiodinium25591,-0.0634841346921133
Symbiodinium25597,-0.0429443499417182
Symbiodinium25600,-0.168968114223916
Symbiodinium25602,-0.040748827765577
Symbiodinium25606,-0.201648677771287
Symbiodinium25613,-0.44205152812232
Symbiodinium25614,-0.132907899758208
Symbiodinium25615,0.0733914522344733
Symbiodinium25616,0.0789528957962931
Symbiodinium25618,-0.284860562266979
Symbiodinium25621,-0.252001807814381
Symbiodinium25630,-0.269336938233009
Symbiodinium25636,-0.06596855493414
Symbiodinium25656,0.0636182911023631
Symbiodinium25678,0.146252310327654
Symbiodinium25692,-0.211595997696517
Symbiodinium25708,0.090915865284214
Symbiodinium25723,0.128552402441013
Symbiodinium25742,-0.185495169840366
Symbiodinium25748,0.198644259184919
Symbiodinium25750,-0.124318766212113
Symbiodinium25775,-0.148704495212213
Symbiodinium25792,0.422085984225714
Symbiodinium25794,0.0683678985554365
Symbiodinium25795,0.269671382545086
Symbiodinium25802,-0.210245916717078
Symbiodinium25819,-0.33424372587241
Symbiodinium25824,-0.128558164150618
Symbiodinium25827,0.0537196707812908
Symbiodinium25837,-0.276360123099494
Symbiodinium25847,0.294337858349838
Symbiodinium25849,0.0220837160536145
Symbiodinium25852,-0.269725746009627
Symbiodinium25859,-0.148459432660421
Symbiodinium25886,-0.152039109149928
Symbiodinium25901,-0.475955626160823
Symbiodinium25903,0.08084832791277
Symbiodinium25905,0.196500131180507
Symbiodinium25908,-0.171386080877181
Symbiodinium25920,0.00827217935097562
Symbiodinium25923,-0.181135421979817
Symbiodinium25938,-0.0136587457704653
Symbiodinium25939,-0.593202462523903
Symbiodinium25945,0.0370972698905401
Symbiodinium25967,0.223883531932654
Symbiodinium25987,-0.214754569548176
Symbiodinium25997,-0.136880834064288
Symbiodinium26001,-0.0823556506079876
Symbiodinium26013,0.127421354184016
Symbiodinium26014,-0.237033724063572
Symbiodinium26018,0.0286480037943317
Symbiodinium26019,-0.0458245253966262
Symbiodinium26025,0.0597781911731909
Symbiodinium26028,-0.117028451772608
Symbiodinium26030,0.137209083874201
Symbiodinium26035,-0.176562516300323
Symbiodinium26042,-0.0303896531934963
Symbiodinium26056,-0.130836343615621
Symbiodinium26059,-0.22085025534861
Symbiodinium26070,-0.0508239396080834
Symbiodinium26072,-0.0776731471084697
Symbiodinium26080,0.172108508459323
Symbiodinium26082,0.0445451423731792
Symbiodinium26093,-0.0537829524658147
Symbiodinium26095,-0.0632510134951478
Symbiodinium26101,0.204866356728127
Symbiodinium26104,-0.131005925080206
Symbiodinium26107,-0.117863037125064
Symbiodinium26118,-0.0995426622039284
Symbiodinium26119,-0.181238184412891
Symbiodinium26133,-0.225868576942077
Symbiodinium26136,-0.0763659403561493
Symbiodinium26137,0.0107041580394069
Symbiodinium26142,0.133373532307001
Symbiodinium26145,0.00298713607128085
Symbiodinium26146,0.13260682256546
Symbiodinium26147,0.0819698545614808
Symbiodinium26153,-0.333809940203446
Symbiodinium26156,0.0696110204907611
Symbiodinium26162,-0.0727061199167504
Symbiodinium26163,-0.0419181394408161
Symbiodinium26165,0.299648779150074
Symbiodinium26166,0.107501832415943
Symbiodinium26174,0.415673711313102
Symbiodinium26190,0.138600342302092
Symbiodinium26193,0.182910896042789
Symbiodinium26199,-0.191063685201525
Symbiodinium26202,-0.0979191080202601
Symbiodinium26205,0.00820809280294762
Symbiodinium26206,0.219785735606841
Symbiodinium26212,-0.149699326524086
Symbiodinium26215,-0.227564114867523
Symbiodinium26224,0.10036471928279
Symbiodinium26228,-0.0396332184769156
Symbiodinium26230,-0.133105474398197
Symbiodinium26236,-0.0241624000229812
Symbiodinium26240,-0.16350058117185
Symbiodinium26245,0.0536883808820238
Symbiodinium26255,-0.462866115631316
Symbiodinium26258,-0.154655801147536
Symbiodinium26262,-0.198643059504893
Symbiodinium26264,-0.280524227493272
Symbiodinium26278,0.0211777606163139
Symbiodinium26285,-0.200859977232959
Symbiodinium26292,2.8982478864622e-05
Symbiodinium26303,-0.0147126412124217
Symbiodinium26325,0.0593646786107486
Symbiodinium26326,-0.0315035874640032
Symbiodinium26344,0.104813398000572
Symbiodinium26347,-0.0232750421781633
Symbiodinium26368,0.0557683807292892
Symbiodinium26377,0.12474110916113
Symbiodinium26378,-0.180400519502113
Symbiodinium26391,0.0145400616581741
Symbiodinium26394,-0.176750109771311
Symbiodinium26400,-0.184583337681079
Symbiodinium26401,-0.106701303793325
Symbiodinium26402,0.1150962800591
Symbiodinium26406,0.0647355863706149
Symbiodinium26416,0.16573710185857
Symbiodinium26417,-0.0662859986631753
Symbiodinium26418,-0.157110904675402
Symbiodinium26423,-0.139438697222387
Symbiodinium26426,-0.312233500860285
Symbiodinium26430,0.0042678331626153
Symbiodinium26435,0.273984004330625
Symbiodinium26437,-0.250485932827204
Symbiodinium26442,-0.253120383587316
Symbiodinium26448,0.0651739554845764
Symbiodinium26455,-0.191789908447185
Symbiodinium26461,-0.155187881995309
Symbiodinium26467,-0.149871685697861
Symbiodinium26475,-0.00399505400508022
Symbiodinium26477,-0.00671001972501563
Symbiodinium26481,0.0922929827303016
Symbiodinium26490,0.0698109844445073
Symbiodinium26494,0.0908388128270586
Symbiodinium26497,-0.12286388564273
Symbiodinium26498,-0.0307598537804126
Symbiodinium26502,0.0892841023834865
Symbiodinium26503,-0.00413657239568182
Symbiodinium26509,0.266085595507249
Symbiodinium26514,-0.180204047943741
Symbiodinium26517,-0.170170332589683
Symbiodinium26522,-0.0624836271482711
Symbiodinium26526,-0.0395902248495432
Symbiodinium26533,0.0389336290115053
Symbiodinium26540,0.0996217692775646
Symbiodinium26541,0.072529834537576
Symbiodinium26554,-0.182725565618035
Symbiodinium26555,0.225728676606472
Symbiodinium26556,0.100085310289518
Symbiodinium26558,0.00593758728442492
Symbiodinium26562,0.0138176135458739
Symbiodinium26563,-0.140899962765498
Symbiodinium26566,0.0783330225063774
Symbiodinium26567,-0.0316075176579559
Symbiodinium26570,0.0277818432031979
Symbiodinium26587,0.058896729881903
Symbiodinium26595,0.161633361957205
Symbiodinium26600,-0.0510603259999848
Symbiodinium26613,0.00555127456170625
Symbiodinium26619,-0.133854076595943
Symbiodinium26626,-0.132173089245697
Symbiodinium26631,-0.22186525458565
Symbiodinium26638,0.137946731768459
Symbiodinium26639,0.071605586039209
Symbiodinium26646,0.00816086140564527
Symbiodinium26651,-0.0641204051843873
Symbiodinium26652,-0.0922296881837176
Symbiodinium26653,0.160400062799748
Symbiodinium26656,-0.204104913729963
Symbiodinium26658,0.0926474487613367
Symbiodinium26664,-0.228338021114514
Symbiodinium26665,-0.395465825723025
Symbiodinium26666,-0.177107202384354
Symbiodinium26670,-0.198983423205373
Symbiodinium26671,-0.224619322554634
Symbiodinium26672,-0.0719624326208922
Symbiodinium26675,-0.39619212013994
Symbiodinium26677,-0.102967839689143
Symbiodinium26681,-0.0306466720492454
Symbiodinium26685,-0.195366434661834
Symbiodinium26689,-0.530872687258026
Symbiodinium26690,-0.130374812856043
Symbiodinium26691,-0.0785910595013873
Symbiodinium26693,0.100489538393383
Symbiodinium26694,0.183160314949179
Symbiodinium26700,-0.042475965030699
Symbiodinium26701,-0.306080411241206
Symbiodinium26704,-0.147662362764592
Symbiodinium26707,0.034808459980232
Symbiodinium26708,-0.0223950674848844
Symbiodinium26712,-0.036488139202874
Symbiodinium26715,-0.0237958600756376
Symbiodinium26716,0.0485660612447662
Symbiodinium26717,-0.0404621546395921
Symbiodinium26721,0.0400564797048796
Symbiodinium26727,-0.168334306366691
Symbiodinium26729,-0.105958704120851
Symbiodinium26733,0.177883400948863
Symbiodinium26735,0.156021960989847
Symbiodinium26737,-0.236555980759166
Symbiodinium26738,-0.271328388753663
Symbiodinium26739,-0.033351915123778
Symbiodinium26747,-0.0833005646881328
Symbiodinium26748,0.0510061681473068
Symbiodinium26749,0.578236143972652
Symbiodinium26757,0.144538594641437
Symbiodinium26759,-0.208082230349218
Symbiodinium26760,-0.0969033261367868
Symbiodinium26766,-0.172897064929494
Symbiodinium26769,-0.035902957102185
Symbiodinium26773,-0.376624790800058
Symbiodinium26774,0.124246951784291
Symbiodinium26779,0.024118442158126
Symbiodinium26783,-0.490355627832134
Symbiodinium26787,-0.0212238612503832
Symbiodinium26790,-0.017771740990118
Symbiodinium26791,0.229937777938445
Symbiodinium26795,-0.1918145684094
Symbiodinium26799,-0.202674151073163
Symbiodinium26803,0.0291754519131255
Symbiodinium26804,-0.109192956481407
Symbiodinium26805,0.144891179621715
Symbiodinium26812,-0.382197273508052
Symbiodinium26814,0.0360677426008591
Symbiodinium26827,0.039349044917959
Symbiodinium26828,-0.0144879976241652
Symbiodinium26832,-0.20120444506235
Symbiodinium26833,-0.239831872448851
Symbiodinium26838,-0.216011497850265
Symbiodinium26844,-0.0230159413048807
Symbiodinium26856,0.103351762727892
Symbiodinium26857,0.0118852997920274
Symbiodinium26858,0.0422262898061408
Symbiodinium26866,0.148120257075009
Symbiodinium26868,0.151664201883944
Symbiodinium26872,-0.100718448936835
Symbiodinium26875,-0.354401303468663
Symbiodinium26876,0.0422699878460871
Symbiodinium26887,-0.164621349844574
Symbiodinium26888,0.14255652097307
Symbiodinium26889,0.124074722782456
Symbiodinium26894,0.0138448080200301
Symbiodinium26896,-0.255687573823921
Symbiodinium26898,0.288920264174466
Symbiodinium26901,-0.144341830912036
Symbiodinium26903,-0.0655280519171679
Symbiodinium26908,0.00805099895118017
Symbiodinium26911,-0.121665249239993
Symbiodinium26913,-0.348259637394845
Symbiodinium26917,-0.200481989032325
Symbiodinium26919,-0.227081501516942
Symbiodinium26921,-0.0629506485335231
Symbiodinium26923,0.0307514537956869
Symbiodinium26925,-0.0968673313016295
Symbiodinium26929,-0.0815874507474564
Symbiodinium26931,-0.129882778359244
Symbiodinium26935,-0.128865135917174
Symbiodinium26937,-0.461180413842866
Symbiodinium26944,0.0900445931303042
Symbiodinium26948,-0.0830040579143209
Symbiodinium26952,0.313693008033775
Symbiodinium26953,0.108832655895041
Symbiodinium26956,0.0716937732217194
Symbiodinium26963,-0.211652998445097
Symbiodinium26967,0.205288166471073
Symbiodinium26969,-0.189910732605877
Symbiodinium26973,-0.0623883272664208
Symbiodinium26975,-0.140442602394504
Symbiodinium26977,0.442455483057113
Symbiodinium26980,-0.110525828439777
Symbiodinium26982,-0.101557624673871
Symbiodinium26991,0.0148479209887738
Symbiodinium26993,0.0899959766191004
Symbiodinium26994,-0.00454748535981061
Symbiodinium26999,0.167573577792081
Symbiodinium27002,-0.022247145907442
Symbiodinium27004,-0.140692317699711
Symbiodinium27005,-0.0181605179817798
Symbiodinium27009,-0.00746770031514742
Symbiodinium27015,-0.221339354959712
Symbiodinium27020,-0.245798953631709
Symbiodinium27021,-0.120493670643326
Symbiodinium27022,-0.282692315995808
Symbiodinium27030,0.0914249075697253
Symbiodinium27032,-0.0428270701669422
Symbiodinium27035,-0.183376478865422
Symbiodinium27038,0.267585364656678
Symbiodinium27039,-0.0949601380022221
Symbiodinium27040,-0.158823809920802
Symbiodinium27045,-0.169888192868968
Symbiodinium27047,0.0329855080540706
Symbiodinium27049,-0.292325339294739
Symbiodinium27050,0.0249864439899063
Symbiodinium27051,0.0724913862729096
Symbiodinium27053,-0.133093900997566
Symbiodinium27054,0.0109317023348278
Symbiodinium27056,-0.0290965259847807
Symbiodinium27058,0.0698648588378382
Symbiodinium27061,0.00502879611769139
Symbiodinium27062,0.0486063702748767
Symbiodinium27063,0.027323510491449
Symbiodinium27067,0.471651464881569
Symbiodinium27069,-0.124502185978524
Symbiodinium27078,-0.0398857189420646
Symbiodinium27080,-0.149310209305059
Symbiodinium27089,-0.0505406623539911
Symbiodinium27092,0.065127645182454
Symbiodinium27093,-0.119551347907675
Symbiodinium27096,-0.10076619224809
Symbiodinium27102,-0.0501692889946089
Symbiodinium27103,-0.0164685651840423
Symbiodinium27105,-0.11457605037593
Symbiodinium27106,-0.172375212289237
Symbiodinium27107,-0.0360192477560234
Symbiodinium27108,-0.0520109673202866
Symbiodinium27114,-0.0375244788239454
Symbiodinium27115,0.194651618316587
Symbiodinium27118,-0.0426919749515004
Symbiodinium27120,0.00842559433356979
Symbiodinium27121,-0.174125310646349
Symbiodinium27128,0.0847752001709099
Symbiodinium27137,-0.187068280660601
Symbiodinium27141,0.0611446893263391
Symbiodinium27142,-0.122499349693101
Symbiodinium27146,0.0685528613741474
Symbiodinium27147,-0.18042568599061
Symbiodinium27153,0.0434699608754857
Symbiodinium27157,-0.163454685726961
Symbiodinium27162,0.0807189722857535
Symbiodinium27163,-0.0486927055425435
Symbiodinium27164,-0.103768898742604
Symbiodinium27166,-0.350848398664807
Symbiodinium27168,-0.0226426366214263
Symbiodinium27169,0.00116468026375942
Symbiodinium27170,0.0347178748156097
Symbiodinium27173,0.106271127691462
Symbiodinium27176,-0.0203859715483946
Symbiodinium27177,-0.0330302150447102
Symbiodinium27178,0.0547174769475127
Symbiodinium27180,0.14852939132464
Symbiodinium27181,-0.22437846822203
Symbiodinium27182,0.0833366910151528
Symbiodinium27183,-0.0564697816352992
Symbiodinium27188,-0.0920369004654917
Symbiodinium27191,0.0400319355466085
Symbiodinium27195,0.0540135927958636
Symbiodinium27196,0.10310368984015
Symbiodinium27198,0.198253623234567
Symbiodinium27203,-0.0381103512968289
Symbiodinium27205,0.03449986828232
Symbiodinium27209,-0.0284933012177039
Symbiodinium27217,-0.12321119944932
Symbiodinium27218,-0.0522479018831351
Symbiodinium27221,0.120784746225316
Symbiodinium27222,-0.0411685469235366
Symbiodinium27226,-0.0444365125486338
Symbiodinium27231,-0.0919768440077178
Symbiodinium27233,-0.156537728379011
Symbiodinium27240,-0.00523635827457648
Symbiodinium27241,0.0510744502765229
Symbiodinium27243,-0.454535178367899
Symbiodinium27244,-0.113775436209854
Symbiodinium27248,0.00863912109355144
Symbiodinium27251,0.0562574260116495
Symbiodinium27259,-0.207726482626615
Symbiodinium27261,-0.0648428470440694
Symbiodinium27262,-0.213392144398024
Symbiodinium27263,0.0784786395364541
Symbiodinium27266,0.127908808233672
Symbiodinium27270,0.09198976949523
Symbiodinium27271,0.0630097026210273
Symbiodinium27275,0.122467651244129
Symbiodinium27276,0.00513579747705851
Symbiodinium27277,-0.229260016209344
Symbiodinium27278,0.176860233355584
Symbiodinium27279,0.000957624023920237
Symbiodinium27287,0.303414606041094
Symbiodinium27289,-0.071061542462641
Symbiodinium27290,0.209488551744706
Symbiodinium27291,0.0832560869731157
Symbiodinium27293,-0.0724811591561497
Symbiodinium27295,-0.113629500146568
Symbiodinium27296,-0.177100358721789
Symbiodinium27297,-0.110022568550515
Symbiodinium27298,-0.0132988603301307
Symbiodinium27299,-0.161951211845702
Symbiodinium27304,-0.838205110366362
Symbiodinium27308,-0.437373096023013
Symbiodinium27309,-0.418742742615123
Symbiodinium27313,0.244859204015261
Symbiodinium27315,-0.503189244029221
Symbiodinium27317,-0.189136003487222
Symbiodinium27319,-0.0747385017441897
Symbiodinium27320,-0.359495431912855
Symbiodinium27321,-0.192224769994144
Symbiodinium27322,-0.151521971606611
Symbiodinium27323,-0.146333125724895
Symbiodinium27325,-0.097621600459052
Symbiodinium27333,-0.218381859073885
Symbiodinium27334,-0.0509443056125251
Symbiodinium27336,-0.0463932447066008
Symbiodinium27337,-0.117043326147827
Symbiodinium27344,-0.319372072071235
Symbiodinium27345,-0.315290310203642
Symbiodinium27347,-0.375822141188662
Symbiodinium27348,-0.227458810742774
Symbiodinium27350,0.302127932525296
Symbiodinium27351,-0.395735542478852
Symbiodinium27354,-0.193435405047654
Symbiodinium27357,0.0687693612984292
Symbiodinium27358,-0.31395150055702
Symbiodinium27363,-0.151117700909464
Symbiodinium27371,0.0670194720193268
Symbiodinium27372,0.347924365695615
Symbiodinium27374,-0.155634030801793
Symbiodinium27376,0.0573216514302918
Symbiodinium27377,-0.194337399440797
Symbiodinium27383,-0.130631262091599
Symbiodinium27384,-0.347075046825296
Symbiodinium27386,0.27107593477091
Symbiodinium27387,-0.309196941818932
Symbiodinium27390,-0.0285744852176675
Symbiodinium27394,0.13653564201727
Symbiodinium27395,0.0128255505251449
Symbiodinium27396,-0.120757546128805
Symbiodinium27397,-0.27074835349946
Symbiodinium27398,-0.290599146268354
Symbiodinium27400,-0.0559368464250354
Symbiodinium27404,-0.263503780241199
Symbiodinium27405,-0.0277614266789215
Symbiodinium27406,-0.0639330226614014
Symbiodinium27409,0.171469897231041
Symbiodinium27410,-0.0612339052024797
Symbiodinium27411,0.239038256239017
Symbiodinium27416,0.0601120797134002
Symbiodinium27420,-0.291541464202082
Symbiodinium27421,-0.0173992647792733
Symbiodinium27427,0.0174988331324328
Symbiodinium27429,-0.206279663164596
Symbiodinium27431,0.0861374425291108
Symbiodinium27432,-0.0814550378644986
Symbiodinium27434,-0.131063145387158
Symbiodinium27436,0.0178152211572111
Symbiodinium27438,0.144765310838428
Symbiodinium27440,-0.141471466784948
Symbiodinium27441,-0.0224220308699097
Symbiodinium27444,-0.0736696559846457
Symbiodinium27446,-0.0486043026229153
Symbiodinium27449,-0.00352079374472685
Symbiodinium27451,-0.120456406891575
Symbiodinium27453,-0.357278057005937
Symbiodinium27455,-0.285618891379973
Symbiodinium27456,0.12361336947387
Symbiodinium27458,-0.0627430511047545
Symbiodinium27461,-0.184322270308059
Symbiodinium27463,-0.18352686656649
Symbiodinium27464,0.0259022553917101
Symbiodinium27466,0.170649104977573
Symbiodinium27467,-0.0247360346865915
Symbiodinium27469,0.0585431557982966
Symbiodinium27470,0.113335244565785
Symbiodinium27471,-0.111329424443672
Symbiodinium27473,-0.157137796362889
Symbiodinium27474,0.103860130426323
Symbiodinium27475,-0.0358235100678932
Symbiodinium27478,-0.122187230500581
Symbiodinium27480,-0.320684146215475
Symbiodinium27481,-0.141657946980477
Symbiodinium27483,-0.131463448098198
Symbiodinium27484,0.099058815536474
Symbiodinium27487,-0.0241065989670615
Symbiodinium27488,-0.0240935103370069
Symbiodinium27495,-0.205504625698192
Symbiodinium27499,-0.0958134654276108
Symbiodinium27501,-0.408592450887864
Symbiodinium27503,-0.0183330636349981
Symbiodinium27504,-0.0158662342560841
Symbiodinium27505,-0.0880645796201944
Symbiodinium27506,-0.227827623279529
Symbiodinium27508,-0.180608925135172
Symbiodinium27509,-0.107798379505004
Symbiodinium27511,0.0546604872847302
Symbiodinium27514,-0.0076222652834307
Symbiodinium27516,-0.274992718364973
Symbiodinium27517,-0.0344059079708474
Symbiodinium27518,-0.134438697136129
Symbiodinium27520,-0.165915619906078
Symbiodinium27521,-0.0861036380662463
Symbiodinium27522,0.0470771644459563
Symbiodinium27523,0.118760195169986
Symbiodinium27524,-0.0422219655769075
Symbiodinium27527,-0.115409019352338
Symbiodinium27530,-0.0897185702140732
Symbiodinium27531,0.0580479118098222
Symbiodinium27532,-0.0477740803543198
Symbiodinium27535,0.0283804216316454
Symbiodinium27540,-0.0222415805774034
Symbiodinium27542,-0.0359179731404329
Symbiodinium27543,-0.136060426502291
Symbiodinium27546,-0.409955603909147
Symbiodinium27548,0.0684763701961419
Symbiodinium27549,-0.0100451713595685
Symbiodinium27552,-0.205809700361561
Symbiodinium27553,-0.398799382106143
Symbiodinium27555,-0.22464365323995
Symbiodinium27557,0.68991327662201
Symbiodinium27559,0.0679544568380243
Symbiodinium27562,0.0625583296723395
Symbiodinium27567,-0.125403379747095
Symbiodinium27568,-0.0607287926412919
Symbiodinium27569,0.236889718958574
Symbiodinium27570,-0.385536418667116
Symbiodinium27574,-0.161275786333432
Symbiodinium27575,-0.297227461059532
Symbiodinium27579,0.00185271823831255
Symbiodinium27580,-0.0449909432702588
Symbiodinium27586,0.104014310645986
Symbiodinium27588,0.0932958996440544
Symbiodinium27589,-0.0517107168912506
Symbiodinium27590,0.0509989072382934
Symbiodinium27592,-0.0522701556626295
Symbiodinium27593,-0.288244541532473
Symbiodinium27597,-0.325687257981018
Symbiodinium27599,0.0695676457805077
Symbiodinium27605,0.387800218372744
Symbiodinium27607,0.0301577024790761
Symbiodinium27613,-0.018085469617104
Symbiodinium27616,-0.394555870625756
Symbiodinium27625,-0.0350109747941499
Symbiodinium27628,-0.585463460710052
Symbiodinium27630,0.0758895312997706
Symbiodinium27631,0.0511553393254831
Symbiodinium27634,-0.0619608841412561
Symbiodinium27638,0.05517145724489
Symbiodinium27642,-0.0591319625440558
Symbiodinium27643,-0.0808226007612776
Symbiodinium27644,0.0735204522339401
Symbiodinium27649,-0.248037191462076
Symbiodinium27650,-0.0704062152888262
Symbiodinium27651,-0.109712016241854
Symbiodinium27653,-0.15733702133817
Symbiodinium27662,0.120425541496174
Symbiodinium27667,0.123226584064098
Symbiodinium27669,-0.0230869803930015
Symbiodinium27674,0.0331719655274857
Symbiodinium27675,-0.297142776624521
Symbiodinium27676,0.0931540907547483
Symbiodinium27678,0.0334131082355843
Symbiodinium27680,0.116406197986065
Symbiodinium27681,0.20386874724703
Symbiodinium27682,0.0977462510245097
Symbiodinium27683,-0.216674113174597
Symbiodinium27686,-0.0744629781311548
Symbiodinium27690,-0.174796120828813
Symbiodinium27691,-0.0612336268404521
Symbiodinium27694,0.113940832441126
Symbiodinium27695,0.19241313573133
Symbiodinium27696,0.0528851939637662
Symbiodinium27697,0.0223494594552181
Symbiodinium27703,-0.127685825174608
Symbiodinium27704,-0.202411893897491
Symbiodinium27706,-0.157187468230017
Symbiodinium27707,-0.0440439625749196
Symbiodinium27709,0.008824400463994
Symbiodinium27710,-0.0217518778491318
Symbiodinium27711,0.0432141556558832
Symbiodinium27713,0.0514406344067757
Symbiodinium27714,-0.00637551581354245
Symbiodinium27718,-0.684242324326148
Symbiodinium27720,-0.638003120274432
Symbiodinium27722,0.187949104071033
Symbiodinium27725,-0.0715304529626187
Symbiodinium27727,-0.211745051561348
Symbiodinium27731,0.0515864657771359
Symbiodinium27732,0.00406941678700957
Symbiodinium27733,-0.0021159415268622
Symbiodinium27734,-0.131895450521065
Symbiodinium27735,-0.0339531983185235
Symbiodinium27736,-0.00843252655270788
Symbiodinium27738,-0.0325577899363284
Symbiodinium27745,-0.187608022777012
Symbiodinium27751,-0.0636265576971909
Symbiodinium27754,-0.0376320466858435
Symbiodinium27756,0.00267713074568211
Symbiodinium27763,-0.180502800783961
Symbiodinium27764,0.0355470584727511
Symbiodinium27768,0.123351987471529
Symbiodinium27772,0.0248640300065494
Symbiodinium27775,-0.00748394428471183
Symbiodinium27778,-0.0307799735102664
Symbiodinium27780,-0.310394630186037
Symbiodinium27782,-0.1099829819153
Symbiodinium27784,0.0219103858055385
Symbiodinium27791,0.0191238579940493
Symbiodinium27792,-0.138194164038475
Symbiodinium27794,-0.144005714049771
Symbiodinium27795,-0.253868792243453
Symbiodinium27798,-0.0292737791274033
Symbiodinium27799,-0.124117271817767
Symbiodinium27800,0.123375067446059
Symbiodinium27803,-0.1046066683241
Symbiodinium27806,-0.0930895056491947
Symbiodinium27808,0.0250406392377143
Symbiodinium27812,0.257182771087853
Symbiodinium27814,0.0116534513155382
Symbiodinium27816,0.152746081600722
Symbiodinium27817,0.270990358833535
Symbiodinium27818,0.0504054391455041
Symbiodinium27820,0.141053656994009
Symbiodinium27822,-0.23665336930694
Symbiodinium27823,0.101945511162461
Symbiodinium27824,0.0500719460723021
Symbiodinium27827,0.189081536544038
Symbiodinium27837,0.157521018347256
Symbiodinium27841,-0.371209214581913
Symbiodinium27842,0.00801193946689456
Symbiodinium27845,-0.429473341630975
Symbiodinium27847,-0.0527915825095507
Symbiodinium27848,-0.342496347626976
Symbiodinium27849,0.0549477880585039
Symbiodinium27861,-0.00286688359091648
Symbiodinium27863,0.640185274147422
Symbiodinium27865,0.215690970882039
Symbiodinium27869,-0.172080928251758
Symbiodinium27879,0.335547239053052
Symbiodinium27880,-0.136256895663971
Symbiodinium27882,0.0760577779160806
Symbiodinium27887,-0.111486417589159
Symbiodinium27890,-0.662378470865028
Symbiodinium27893,0.0362231133989852
Symbiodinium27894,0.0887838467952631
Symbiodinium27900,-0.095085636146985
Symbiodinium27904,0.1563434768574
Symbiodinium27905,-0.280658817324717
Symbiodinium27906,0.0486394190134293
Symbiodinium27907,0.035976055647663
Symbiodinium27908,-0.489718320044655
Symbiodinium27909,-0.318055137426135
Symbiodinium27911,-0.0143658493368809
Symbiodinium27914,0.0390777793984172
Symbiodinium27915,-0.248232882551391
Symbiodinium27917,0.0422473630080296
Symbiodinium27920,-0.158826625855786
Symbiodinium27924,0.07367451473894
Symbiodinium27927,0.0617117541810241
Symbiodinium27940,0.0827144823337577
Symbiodinium27942,-0.0773069614148739
Symbiodinium27944,0.0752350572443458
Symbiodinium27946,-0.102838758464451
Symbiodinium27947,0.177554270892953
Symbiodinium27952,0.0712236521827601
Symbiodinium27957,-0.0134416653396162
Symbiodinium27959,-0.128914361040606
Symbiodinium27960,0.172728301627222
Symbiodinium27962,0.0627494965657123
Symbiodinium27964,-0.00734409565018803
Symbiodinium27966,0.0647346945543658
Symbiodinium27971,-0.292170129853496
Symbiodinium27978,0.128463249166093
Symbiodinium27988,-0.0117890606873845
Symbiodinium27989,0.100429728326499
Symbiodinium27990,-0.108697037849677
Symbiodinium27994,-0.0486333910224997
Symbiodinium27997,-0.341975797923323
Symbiodinium27998,-0.0738491911662163
Symbiodinium27999,-0.00800509214891705
Symbiodinium28002,0.286843177072351
Symbiodinium28005,0.177287214064108
Symbiodinium28007,-0.0788214545358771
Symbiodinium28017,0.0426263767997769
Symbiodinium28021,-0.319594582822163
Symbiodinium28024,-0.0561751641656003
Symbiodinium28028,0.0857982292289034
Symbiodinium28031,0.0602514920939933
Symbiodinium28032,-0.331435129685635
Symbiodinium28035,0.0595130242992466
Symbiodinium28042,0.0508456426745657
Symbiodinium28045,0.0530705085240894
Symbiodinium28047,-0.18086165223732
Symbiodinium28048,0.0785524670520675
Symbiodinium28049,0.0430019613968192
Symbiodinium28050,0.0573050623011977
Symbiodinium28051,-0.030658505393814
Symbiodinium28053,0.112181644946561
Symbiodinium28055,-0.17554979202692
Symbiodinium28057,-0.140910518643065
Symbiodinium28058,0.0285936315756986
Symbiodinium28059,-0.175042949210297
Symbiodinium28061,0.0573966553031962
Symbiodinium28062,-0.270637746558893
Symbiodinium28067,-0.063550089525726
Symbiodinium28070,0.151345002319019
Symbiodinium28071,-0.232267863597367
Symbiodinium28077,-0.0868291983157439
Symbiodinium28078,0.0487420055987562
Symbiodinium28082,0.0391304692875573
Symbiodinium28086,-0.114163146458018
Symbiodinium28089,-0.135189462925718
Symbiodinium28091,-0.0835010549019431
Symbiodinium28092,-0.0185644925242124
Symbiodinium28094,0.241365882677879
Symbiodinium28096,-0.306081106250763
Symbiodinium28100,0.159691067243142
Symbiodinium28103,-0.11167511815299
Symbiodinium28105,0.24902534947834
Symbiodinium28111,-0.161358022612396
Symbiodinium28113,-0.0682250120386978
Symbiodinium28116,0.0659895856824818
Symbiodinium28117,0.0674224564044563
Symbiodinium28120,0.240919437066489
Symbiodinium28121,-0.0853774755335024
Symbiodinium28123,-0.291759437905736
Symbiodinium28124,0.209757817377861
Symbiodinium28128,0.140665050853573
Symbiodinium28131,-0.0889657861121831
Symbiodinium28133,-0.15696239819974
Symbiodinium28138,-0.193628532991852
Symbiodinium28141,-0.2044931257831
Symbiodinium28144,-0.372941729675576
Symbiodinium28146,0.183154296512148
Symbiodinium28147,-0.455878266594615
Symbiodinium28150,0.137886489032385
Symbiodinium28154,-0.243992517493677
Symbiodinium28157,-0.132277985443592
Symbiodinium28163,-0.208592324044402
Symbiodinium28167,-0.0797512026966627
Symbiodinium28169,0.00613408905931507
Symbiodinium28173,0.274611984753476
Symbiodinium28185,-0.119097705499448
Symbiodinium28191,-0.0574178240278929
Symbiodinium28196,0.0240759058350528
Symbiodinium28199,-0.329662269009969
Symbiodinium28204,-0.0991703365207527
Symbiodinium28211,-0.324542461576395
Symbiodinium28213,-0.051407553154541
Symbiodinium28217,-0.394703922446747
Symbiodinium28218,0.0559260500656483
Symbiodinium28222,-0.195089724080124
Symbiodinium28223,0.0499807774784299
Symbiodinium28225,0.0338944379999209
Symbiodinium28228,0.0809496212845944
Symbiodinium28229,-0.15094295287949
Symbiodinium28230,0.0242239983084588
Symbiodinium28232,-0.0485067588443669
Symbiodinium28235,-0.372123393600193
Symbiodinium28242,0.105568618324898
Symbiodinium28245,-0.378071576978327
Symbiodinium28246,0.0785412553472836
Symbiodinium28247,-0.413554319611721
Symbiodinium28249,0.075552311327076
Symbiodinium28256,-0.247036549125537
Symbiodinium28257,-0.225954336765138
Symbiodinium28258,0.00396101221735305
Symbiodinium28259,0.19711233157334
Symbiodinium28260,0.0827403849857985
Symbiodinium28262,0.188421401517136
Symbiodinium28264,-0.359806218914445
Symbiodinium28266,-0.0513133072647361
Symbiodinium28277,-0.182287110502997
Symbiodinium28278,-0.297887458631526
Symbiodinium28280,-0.168195032427161
Symbiodinium28282,0.116411505027178
Symbiodinium28283,0.0491099474994332
Symbiodinium28285,0.281440839047988
Symbiodinium28286,0.241794259327673
Symbiodinium28290,0.0496788000371071
Symbiodinium28297,-0.339035007560307
Symbiodinium28298,-0.114351805433756
Symbiodinium28301,0.201982402660899
Symbiodinium28303,0.128091730294041
Symbiodinium28304,0.271277174056352
Symbiodinium28305,-0.699348515151097
Symbiodinium28306,-0.0685007248173887
Symbiodinium28311,-0.132123256792004
Symbiodinium28312,0.00415099043555818
Symbiodinium28316,-0.163093760186302
Symbiodinium28320,0.258071684121606
Symbiodinium28324,-0.0390935172721244
Symbiodinium28331,0.00134284623927701
Symbiodinium28332,-0.108543186062377
Symbiodinium28334,0.0146849433973619
Symbiodinium28337,0.0106058244706507
Symbiodinium28341,0.202702050697866
Symbiodinium28348,0.0464825975954111
Symbiodinium28349,-0.00254729658369126
Symbiodinium28350,0.198872828343847
Symbiodinium28352,0.130832332942235
Symbiodinium28361,-0.336979468489472
Symbiodinium28365,0.633266554789888
Symbiodinium28366,-0.013812412224906
Symbiodinium28374,0.140660712500341
Symbiodinium28377,-0.196647387870037
Symbiodinium28381,0.0232819389005752
Symbiodinium28382,-0.13361742810104
Symbiodinium28384,0.465132151884577
Symbiodinium28386,0.0876893878849637
Symbiodinium28387,0.0318917622789265
Symbiodinium28389,0.0793982233904079
Symbiodinium28394,-0.295929588943553
Symbiodinium28396,-0.0565412159257337
Symbiodinium28404,0.178603054428158
Symbiodinium28407,0.0692661064293423
Symbiodinium28412,-0.057972940534826
Symbiodinium28420,-0.0570772627615098
Symbiodinium28422,-0.0923095764161745
Symbiodinium28423,0.275921920552934
Symbiodinium28424,0.373991243289085
Symbiodinium28425,-0.265499127812664
Symbiodinium28426,-0.0428276141416503
Symbiodinium28429,0.0510131245128629
Symbiodinium28434,0.20423203759469
Symbiodinium28437,-0.0230197292915596
Symbiodinium28438,-0.0584759769471331
Symbiodinium28441,-0.0695975976880845
Symbiodinium28445,0.242173792171863
Symbiodinium28457,0.00779933850197336
Symbiodinium28458,-0.135013491977966
Symbiodinium28459,0.184937041448959
Symbiodinium28467,-0.0392855589863044
Symbiodinium28473,-0.303549851061934
Symbiodinium28476,-0.166181964227175
Symbiodinium28479,-0.162988942916776
Symbiodinium28483,0.204955318185935
Symbiodinium28485,-0.141306776810186
Symbiodinium28488,0.130540517050704
Symbiodinium28494,-0.0590482132501659
Symbiodinium28495,0.100182804439685
Symbiodinium28500,-0.131148578454683
Symbiodinium28502,0.0358424557315268
Symbiodinium28512,0.0140029201405954
Symbiodinium28513,-0.123005254407084
Symbiodinium28514,0.0232119182226247
Symbiodinium28518,-0.028107248464684
Symbiodinium28519,0.00713011928513985
Symbiodinium28524,0.00514406921256905
Symbiodinium28530,-0.422455654212182
Symbiodinium28533,0.129395654235392
Symbiodinium28538,-0.05772524359328
Symbiodinium28540,0.214060614192006
Symbiodinium28543,-0.285654532525024
Symbiodinium28545,-0.032925436551556
Symbiodinium28546,-0.199912247186122
Symbiodinium28548,0.276795676483929
Symbiodinium28551,0.0984662918161527
Symbiodinium28552,-0.0964065236697063
Symbiodinium28553,0.0390916295770681
Symbiodinium28556,0.0558792231230888
Symbiodinium28558,0.0101274727664027
Symbiodinium28561,0.424376062494921
Symbiodinium28563,-0.0308402991656772
Symbiodinium28565,0.256958118568154
Symbiodinium28567,0.331240526800155
Symbiodinium28568,-0.147812224319677
Symbiodinium28577,-0.220934327172017
Symbiodinium28579,0.0333005925063694
Symbiodinium28580,-0.0158578404703525
Symbiodinium28584,0.0717736480327747
Symbiodinium28606,0.0653496773491634
Symbiodinium28611,0.0304932608703584
Symbiodinium28612,0.304294039386715
Symbiodinium28617,0.00050057494191681
Symbiodinium28621,-0.49882853480051
Symbiodinium28627,-0.278848808291703
Symbiodinium28629,-0.309291059610743
Symbiodinium28634,0.0394636299370035
Symbiodinium28642,-0.140482156459444
Symbiodinium28648,0.107318076133951
Symbiodinium28659,0.0571422143677543
Symbiodinium28664,0.10604494054657
Symbiodinium28665,-0.302250693900793
Symbiodinium28666,-0.0734011637034418
Symbiodinium28668,-0.157628343656238
Symbiodinium28670,0.273178394502811
Symbiodinium28672,0.0977570268236316
Symbiodinium28676,0.138475420266699
Symbiodinium28681,0.335236977149381
Symbiodinium28686,-0.0437818574212848
Symbiodinium28692,0.183108013239288
Symbiodinium28696,0.0390563163023187
Symbiodinium28699,-0.577438035276786
Symbiodinium28701,0.368203206062533
Symbiodinium28702,-0.159838456059854
Symbiodinium28703,0.0528973543079964
Symbiodinium28710,0.0458601173333814
Symbiodinium28712,-0.00298237817734405
Symbiodinium28715,-0.330669341906067
Symbiodinium28717,0.101276410084853
Symbiodinium28718,-0.0505519547934502
Symbiodinium28721,-0.0245245560832386
Symbiodinium28724,0.13030709694996
Symbiodinium28726,-0.128918937154692
Symbiodinium28729,0.263257514933874
Symbiodinium28730,-0.0301813396786963
Symbiodinium28732,-0.00151608822688276
Symbiodinium28742,-0.129974880234109
Symbiodinium28744,0.0078025904450974
Symbiodinium28747,0.123228043912245
Symbiodinium28751,0.435873796702204
Symbiodinium28752,-0.151392327939079
Symbiodinium28753,-0.207224955971039
Symbiodinium28765,0.18955524787617
Symbiodinium28767,-0.00747845199142544
Symbiodinium28770,0.0364304018296305
Symbiodinium28771,-0.13949297387478
Symbiodinium28773,-0.0806919835870858
Symbiodinium28775,0.158829160783202
Symbiodinium28777,-0.0965643994488165
Symbiodinium28778,0.0613886797346471
Symbiodinium28782,-0.00537895379485589
Symbiodinium28784,0.0884603148108685
Symbiodinium28786,0.037645434056205
Symbiodinium28787,-0.107475994194302
Symbiodinium28789,-0.378607601874784
Symbiodinium28790,0.167967165308505
Symbiodinium28793,0.106833246674604
Symbiodinium28794,0.340278868611947
Symbiodinium28806,0.218393086432822
Symbiodinium28812,-0.109893546775771
Symbiodinium28822,0.393817708958356
Symbiodinium28824,-0.316102648943657
Symbiodinium28829,-0.136022869125517
Symbiodinium28830,0.0189290064927445
Symbiodinium28831,-0.257609835476798
Symbiodinium28839,0.135530170066401
Symbiodinium28844,-0.0245307724772242
Symbiodinium28845,-0.0627463438306595
Symbiodinium28852,-0.000215870062267622
Symbiodinium28854,0.0430402157346687
Symbiodinium28856,-0.205776241716299
Symbiodinium28861,0.187560149034129
Symbiodinium28864,0.0226096521862837
Symbiodinium28866,-0.209803048975266
Symbiodinium28867,0.0969475059065181
Symbiodinium28873,0.0796862179825612
Symbiodinium28883,-0.00462902853616167
Symbiodinium28884,-0.12732967382597
Symbiodinium28885,0.00470032992523842
Symbiodinium28886,0.171593822080836
Symbiodinium28890,0.118111114256484
Symbiodinium28892,-0.290599579205948
Symbiodinium28897,0.378080494564279
Symbiodinium28903,-0.359705294616349
Symbiodinium28907,-0.0462797980166186
Symbiodinium28908,0.161267144313845
Symbiodinium28909,-0.146866903539719
Symbiodinium28917,0.0578329348712738
Symbiodinium28926,0.0874488750027835
Symbiodinium28942,-0.279428151630049
Symbiodinium28943,0.0490941279217172
Symbiodinium28947,0.0216738562868347
Symbiodinium28956,-0.00541327554204141
Symbiodinium28957,-0.0324441606617927
Symbiodinium28958,-0.248883821879365
Symbiodinium28967,-0.10315242569311
Symbiodinium28969,-0.012443380919866
Symbiodinium28972,-0.0192619233494508
Symbiodinium28978,-0.116712344784911
Symbiodinium28985,-0.226883015137101
Symbiodinium28992,-0.26623394032919
Symbiodinium29002,0.0832730301030215
Symbiodinium29004,0.139113216428083
Symbiodinium29005,0.00664797385508206
Symbiodinium29006,0.027248540013396
Symbiodinium29012,0.183172359204477
Symbiodinium29016,0.0312347760427161
Symbiodinium29020,0.0198041682161664
Symbiodinium29027,0.0876150460169751
Symbiodinium29029,0.187128933567938
Symbiodinium29030,-0.218828158427228
Symbiodinium29031,0.0315513782981546
Symbiodinium29040,-0.461317952824396
Symbiodinium29047,-0.158597713039141
Symbiodinium29048,0.0186801573898807
Symbiodinium29049,0.174546675240637
Symbiodinium29057,0.0222068817461304
Symbiodinium29058,-0.0147912499185512
Symbiodinium29061,0.170995173508311
Symbiodinium29063,0.0974274469696088
Symbiodinium29067,-0.182274212120255
Symbiodinium29081,0.0190451890263829
Symbiodinium29082,-0.0909328831346101
Symbiodinium29083,0.0158068968208564
Symbiodinium29089,-0.0296673718027093
Symbiodinium29094,0.0730433632364129
Symbiodinium29095,-0.0972698881438713
Symbiodinium29097,0.114707344257758
Symbiodinium29099,0.0205218176150173
Symbiodinium29105,0.138445801774127
Symbiodinium29115,-0.0524934386893229
Symbiodinium29116,0.177320788330406
Symbiodinium29121,0.212425129371296
Symbiodinium29122,-0.0569873822120507
Symbiodinium29126,-0.151196202878178
Symbiodinium29127,-0.330746246926657
Symbiodinium29141,-0.227377632681819
Symbiodinium29154,0.109710908887609
Symbiodinium29157,0.121045895071415
Symbiodinium29158,0.020450743201014
Symbiodinium29159,-0.0406753030599342
Symbiodinium29162,-0.160643149526032
Symbiodinium29163,0.249044471428009
Symbiodinium29167,0.00288394150595304
Symbiodinium29169,-0.126461669502615
Symbiodinium29170,-0.335685085247733
Symbiodinium29174,-0.0597196466130319
Symbiodinium29180,0.238739528500388
Symbiodinium29182,-0.277053353776594
Symbiodinium29184,-0.0674632281905736
Symbiodinium29187,-0.149686887795588
Symbiodinium29189,0.292184653240717
Symbiodinium29192,-0.284862403775018
Symbiodinium29198,0.131194433448535
Symbiodinium29205,0.0452771529367133
Symbiodinium29209,0.469278268771968
Symbiodinium29210,0.204842607869475
Symbiodinium29211,0.0117152876123506
Symbiodinium29214,-0.178041407627525
Symbiodinium29216,0.11012098624017
Symbiodinium29222,-0.324212499295468
Symbiodinium29224,-0.370084334542041
Symbiodinium29225,-0.110063651440676
Symbiodinium29227,0.36145805002288
Symbiodinium29230,0.0254800255300387
Symbiodinium29232,0.134584840740743
Symbiodinium29234,-0.0771602194011871
Symbiodinium29235,-0.185460191832503
Symbiodinium29236,0.249404540391693
Symbiodinium29237,-0.179816238200156
Symbiodinium29239,-0.171818377221496
Symbiodinium29244,-0.0990486267574996
Symbiodinium29247,0.482511299767696
Symbiodinium29255,-0.0153149215510215
Symbiodinium29257,0.0959441199811917
Symbiodinium29260,-0.329851162596247
Symbiodinium29262,-0.253432131154317
Symbiodinium29268,0.0390976142240206
Symbiodinium29269,0.289732242852357
Symbiodinium29270,-0.171868291534029
Symbiodinium29272,0.00898972783279847
Symbiodinium29274,0.184545027996594
Symbiodinium29281,0.10543628537378
Symbiodinium29282,0.24947765685104
Symbiodinium29286,0.127691744119703
Symbiodinium29288,0.136991662833538
Symbiodinium29289,0.0060283569591799
Symbiodinium29291,0.205807369367745
Symbiodinium29292,-0.199094660312307
Symbiodinium29295,0.0595638029809054
Symbiodinium29297,-0.250281314352244
Symbiodinium29302,-0.0192136432984608
Symbiodinium29310,0.0586053696761246
Symbiodinium29312,0.343503327891654
Symbiodinium29320,-0.154352773292925
Symbiodinium29321,0.142816194484794
Symbiodinium29323,0.362457205352622
Symbiodinium29327,0.0716085917925237
Symbiodinium29336,-0.196403091252294
Symbiodinium29339,0.00638427960421335
Symbiodinium29341,0.0370639111060331
Symbiodinium29343,-0.51016799129557
Symbiodinium29346,-0.131622193569035
Symbiodinium29350,0.0287644408046831
Symbiodinium29354,0.201481869849488
Symbiodinium29356,-0.0474796109632526
Symbiodinium29361,0.30909935251195
Symbiodinium29367,0.0680171602955078
Symbiodinium29370,-0.296271976046051
Symbiodinium29373,-0.0282041282667503
Symbiodinium29377,-0.0638709611633583
Symbiodinium29384,0.0354696591460836
Symbiodinium29386,0.48137797538809
Symbiodinium29391,0.00423307137254499
Symbiodinium29397,-0.18292618299668
Symbiodinium29400,0.226276825576351
Symbiodinium29401,0.00342378435522492
Symbiodinium29415,0.237935804550206
Symbiodinium29435,0.0609221651750712
Symbiodinium29443,-0.0344363950261586
Symbiodinium29449,0.139098674993229
Symbiodinium29453,-0.113855453365605
Symbiodinium29458,-0.16949519318406
Symbiodinium29462,-0.104079989358043
Symbiodinium29465,-0.165929892994123
Symbiodinium29474,-0.200666268743293
Symbiodinium29480,-0.524955572260211
Symbiodinium29486,0.250064299123877
Symbiodinium29491,-0.0167817628436485
Symbiodinium29492,0.189529308009166
Symbiodinium29495,0.228170996079103
Symbiodinium29501,-0.2235702857637
Symbiodinium29503,-0.233896055947764
Symbiodinium29504,-0.0458816565181394
Symbiodinium29505,0.0131239272214104
Symbiodinium29513,0.348301906253649
Symbiodinium29524,-0.0679390402640393
Symbiodinium29525,0.177630828304797
Symbiodinium29527,-0.331776539220091
Symbiodinium29528,-0.185585149884646
Symbiodinium29534,-0.0530512193401862
Symbiodinium29535,-0.220525454493339
Symbiodinium29536,-0.107620634549227
Symbiodinium29537,0.137808542399093
Symbiodinium29548,-0.321381029078912
Symbiodinium29550,-0.149226885808979
Symbiodinium29553,-0.117504775905999
Symbiodinium29555,0.0327708183308647
Symbiodinium29565,0.341341720680266
Symbiodinium29567,0.0216921512292781
Symbiodinium29569,-0.0435011381826102
Symbiodinium29577,-0.0283347405285966
Symbiodinium29579,0.0996422292968742
Symbiodinium29582,0.222589499084794
Symbiodinium29585,-0.205569872033742
Symbiodinium29586,0.203109637150996
Symbiodinium29588,-0.289208935863145
Symbiodinium29589,-0.0795028794260774
Symbiodinium29592,0.0103515351189527
Symbiodinium29593,-0.0157190282397281
Symbiodinium29596,-0.0798254150939759
Symbiodinium29597,-0.179013403626225
Symbiodinium29598,0.0628352102761531
Symbiodinium29603,-0.0493053417918688
Symbiodinium29604,-0.0471516940867249
Symbiodinium29605,0.0729241148619433
Symbiodinium29612,-0.239896977924292
Symbiodinium29614,-0.121404944012362
Symbiodinium29615,-0.165942091731542
Symbiodinium29616,0.355085399712155
Symbiodinium29617,-0.0405312740670397
Symbiodinium29618,0.386835796350322
Symbiodinium29619,-0.0125643940993313
Symbiodinium29621,0.147455752786421
Symbiodinium29624,-0.427133409183029
Symbiodinium29630,-0.000354269879589821
Symbiodinium29632,0.168526500945463
Symbiodinium29634,-0.122356412659383
Symbiodinium29642,0.288653436326088
Symbiodinium29650,0.289656369336087
Symbiodinium29657,0.250584418863137
Symbiodinium29669,0.214881297349548
Symbiodinium29672,0.169213707820435
Symbiodinium29673,-0.3508901980073
Symbiodinium29674,-0.575962018550064
Symbiodinium29676,0.153441536789995
Symbiodinium29680,0.375061960072021
Symbiodinium29681,-0.26907300678148
Symbiodinium29683,-0.259691620254659
Symbiodinium29686,0.132497863788642
Symbiodinium29690,-0.126861417148948
Symbiodinium29693,0.0675451379380567
Symbiodinium29704,0.149138654118758
Symbiodinium29705,0.0491501887961881
Symbiodinium29711,-0.308435412650751
Symbiodinium29712,0.275500178350716
Symbiodinium29720,0.00789637019204317
Symbiodinium29727,0.249597100505314
Symbiodinium29728,-0.0741707687862861
Symbiodinium29753,0.0562193671086388
Symbiodinium29755,0.431146558862813
Symbiodinium29760,0.304692938209599
Symbiodinium29762,0.0950599449851727
Symbiodinium29765,0.0698200767596654
Symbiodinium29771,-0.238432275866546
Symbiodinium29774,0.171703959201618
Symbiodinium29777,-0.391292984216124
Symbiodinium29779,-0.36463106742768
Symbiodinium29782,0.0881027102131751
Symbiodinium29785,-0.274465169331019
Symbiodinium29791,-0.250570091220708
Symbiodinium29796,-0.274827770080023
Symbiodinium29804,-0.671293590786512
Symbiodinium29822,0.187527161969915
Symbiodinium29825,0.104546730948983
Symbiodinium29829,-0.403662945406469
Symbiodinium29830,-0.0586216309691512
Symbiodinium29831,-0.278727230463513
Symbiodinium29832,-0.224934920357161
Symbiodinium29834,0.0437789732454064
Symbiodinium29839,0.349524633594649
Symbiodinium29841,-0.221847400302628
Symbiodinium29842,-0.194247430460811
Symbiodinium29843,0.0688932036910184
Symbiodinium29845,-0.244943756823372
Symbiodinium29846,0.0380325621693706
Symbiodinium29848,0.0102728140349117
Symbiodinium29856,-0.207915642037422
Symbiodinium29861,0.100756222457758
Symbiodinium29862,0.0627037589819513
Symbiodinium29863,-0.0891865827522526
Symbiodinium29869,-0.0406959925415656
Symbiodinium29870,0.277255217774665
Symbiodinium29877,0.200174338467482
Symbiodinium29878,0.0797491807498287
Symbiodinium29890,-0.300736610011843
Symbiodinium29892,-0.365625816424713
Symbiodinium29893,-0.0173092696315094
Symbiodinium29894,-0.160800060605284
Symbiodinium29902,-0.0209957045721946
Symbiodinium29905,0.0132032964326606
Symbiodinium29910,-0.0699690464378593
Symbiodinium29914,-0.297631257245069
Symbiodinium29921,-0.178824539579664
Symbiodinium29922,0.164668875607451
Symbiodinium29924,-0.0257603348433333
Symbiodinium29926,-0.124033544847419
Symbiodinium29928,-0.133683314037666
Symbiodinium29931,0.0825985772363337
Symbiodinium29941,0.198889238420225
Symbiodinium29951,-0.00632789727659505
Symbiodinium29952,-0.222254011922744
Symbiodinium29953,0.202245650174644
Symbiodinium29958,-0.239476231997167
Symbiodinium29962,0.00996558727591797
Symbiodinium29969,-0.24788945306715
Symbiodinium29977,-0.113132364161063
Symbiodinium29980,-0.14961672195468
Symbiodinium29985,-0.353955125932419
Symbiodinium29986,0.319575882417064
Symbiodinium29987,-0.146792048053917
Symbiodinium29994,0.0872096325372617
Symbiodinium29998,0.00931704118382448
Symbiodinium30001,0.080131661737855
Symbiodinium30002,-0.207980063913316
Symbiodinium30003,-0.46295200361543
Symbiodinium30011,0.0501455966264581
Symbiodinium30016,0.0852583556103291
Symbiodinium30028,0.0606512424971697
Symbiodinium30029,0.109282256525924
Symbiodinium30031,-0.261851710100067
Symbiodinium30040,0.0345179133292292
Symbiodinium30045,-0.116577473922777
Symbiodinium30048,0.240711521638507
Symbiodinium30050,-0.303585456499357
Symbiodinium30052,0.258006974550961
Symbiodinium30053,0.213815163525625
Symbiodinium30054,-0.118722967509627
Symbiodinium30059,-0.270242380244978
Symbiodinium30061,-0.250049856539147
Symbiodinium30063,0.00355917642769073
Symbiodinium30064,-0.761412653338776
Symbiodinium30065,0.243432786870055
Symbiodinium30066,-0.0493142675492129
Symbiodinium30075,0.026363948514441
Symbiodinium30078,0.0221278536232263
Symbiodinium30087,0.150398620806599
Symbiodinium30088,-0.218051330021637
Symbiodinium30089,-0.0327892960538496
Symbiodinium30094,-0.161465923939186
Symbiodinium30096,0.156946547279903
Symbiodinium30101,0.154585901735556
Symbiodinium30102,-0.311339659788384
Symbiodinium30103,-0.173093552781462
Symbiodinium30104,-0.275347707667164
Symbiodinium30105,-0.176293004576988
Symbiodinium30109,-0.275459961890543
Symbiodinium30113,0.295516324206198
Symbiodinium30118,0.432394959160349
Symbiodinium30123,-0.120934921462184
Symbiodinium30125,-0.180587256036101
Symbiodinium30127,-0.148294792918565
Symbiodinium30136,-0.0388778233457598
Symbiodinium30138,0.113703692485574
Symbiodinium30143,-0.041396366528033
Symbiodinium30144,0.0177132538143787
Symbiodinium30145,0.0996459089376362
Symbiodinium30150,0.0433618545549353
Symbiodinium30159,-0.0588033056202125
Symbiodinium30163,-0.0555356623527648
Symbiodinium30164,0.0766778130630378
Symbiodinium30171,-0.118577800396271
Symbiodinium30176,0.106721566864329
Symbiodinium30182,0.0480189058782479
Symbiodinium30184,0.080366964233455
Symbiodinium30185,-0.232194255407352
Symbiodinium30188,0.0095728889309035
Symbiodinium30196,-0.154813422136952
Symbiodinium30197,-0.137925117078754
Symbiodinium30208,-0.417214869593319
Symbiodinium30221,0.0328979940516928
Symbiodinium30223,-0.00404946098028398
Symbiodinium30229,-0.437867041743037
Symbiodinium30234,-0.0588950360241015
Symbiodinium30241,0.00628813442854915
Symbiodinium30247,-0.0443833583789507
Symbiodinium30259,-0.0603543110654067
Symbiodinium30263,-0.039315874263258
Symbiodinium30265,0.0673326022722501
Symbiodinium30267,-0.19207228105075
Symbiodinium30276,0.252621062194415
Symbiodinium30277,0.271318436184777
Symbiodinium30278,0.00556575539676958
Symbiodinium30287,0.188406327211851
Symbiodinium30288,-0.133978352082312
Symbiodinium30291,0.25653383572724
Symbiodinium30300,-0.333062715740254
Symbiodinium30303,-0.151945717507829
Symbiodinium30305,0.0265219755888214
Symbiodinium30309,-0.204089432575946
Symbiodinium30312,-0.0947367087001824
Symbiodinium30319,-0.172704793306705
Symbiodinium30324,0.0967906293693069
Symbiodinium30329,-0.155500721666285
Symbiodinium30331,-0.106155017947177
Symbiodinium30335,-0.195674122408952
Symbiodinium30339,0.264920550124897
Symbiodinium30340,0.221752799507708
Symbiodinium30341,0.328728003582696
Symbiodinium30342,0.138392794140766
Symbiodinium30343,-0.177942383456789
Symbiodinium30353,0.303196107534392
Symbiodinium30356,-0.0101662456633218
Symbiodinium30360,-0.159177006146988
Symbiodinium30365,-0.139080767860464
Symbiodinium30368,0.373664527958247
Symbiodinium30372,-0.00822535783571202
Symbiodinium30385,0.000999543983678869
Symbiodinium30386,-0.29152510767178
Symbiodinium30392,0.295125577634873
Symbiodinium30395,0.0583417201892977
Symbiodinium30396,0.20051269446597
Symbiodinium30407,0.186087881902091
Symbiodinium30408,-0.541307302353487
Symbiodinium30410,0.114995386466454
Symbiodinium30414,0.066385106436272
Symbiodinium30416,0.144738983623471
Symbiodinium30417,-0.0659391374268988
Symbiodinium30421,0.0729618181670663
Symbiodinium30431,-0.355487920801617
Symbiodinium30434,0.248348791442186
Symbiodinium30435,0.0851179211760897
Symbiodinium30438,0.0588472729355952
Symbiodinium30453,-0.00435023783731111
Symbiodinium30455,-0.154424648708029
Symbiodinium30456,0.0776199221485676
Symbiodinium30459,-0.0771413790423875
Symbiodinium30460,0.346041639517521
Symbiodinium30462,-0.269448088156056
Symbiodinium30468,-0.236695751101375
Symbiodinium30473,-0.0927378941044617
Symbiodinium30479,-0.127714630720794
Symbiodinium30481,0.0913003535628192
Symbiodinium30484,0.267313575151965
Symbiodinium30505,-0.224368285445973
Symbiodinium30508,0.0433684377788547
Symbiodinium30509,-0.236564070975247
Symbiodinium30513,0.359771029302836
Symbiodinium30517,0.0799855145988228
Symbiodinium30518,-0.0329684959620437
Symbiodinium30520,-0.307126483911222
Symbiodinium30525,0.0978141029538506
Symbiodinium30530,0.0664229486919363
Symbiodinium30532,0.276217797967991
Symbiodinium30538,-0.0293234141649792
Symbiodinium30543,0.0973977118876705
Symbiodinium30555,-0.11273455660318
Symbiodinium30560,-0.456242233076867
Symbiodinium30570,0.0298643261614032
Symbiodinium30571,-0.0589035292747077
Symbiodinium30578,-0.0733542796392337
Symbiodinium30590,0.0474688008167259
Symbiodinium30604,0.0088207993452609
Symbiodinium30611,0.0351324973312481
Symbiodinium30612,-0.216331708291311
Symbiodinium30615,-0.0663023147448712
Symbiodinium30625,0.00380924643879082
Symbiodinium30626,0.171492774336558
Symbiodinium30628,-0.101746056007766
Symbiodinium30629,-0.352104780964669
Symbiodinium30631,0.090176086759265
Symbiodinium30639,0.0424337316273803
Symbiodinium30640,0.0324247088222917
Symbiodinium30641,-0.0613863846760125
Symbiodinium30647,-0.037622658943997
Symbiodinium30648,0.24328667970802
Symbiodinium30649,-0.174324560795536
Symbiodinium30650,-0.167237721634787
Symbiodinium30657,-0.268700281917443
Symbiodinium30666,-0.474916038039431
Symbiodinium30670,-0.253987290137408
Symbiodinium30674,0.146960426032284
Symbiodinium30676,0.0864769545400151
Symbiodinium30680,-0.107622948424339
Symbiodinium30684,-0.196453924617915
Symbiodinium30685,-0.0513352840946833
Symbiodinium30689,0.199509518981463
Symbiodinium30694,-0.245685544390686
Symbiodinium30695,0.387920126820839
Symbiodinium30696,-0.139109419003117
Symbiodinium30703,-0.317889240382827
Symbiodinium30706,0.00933764041660476
Symbiodinium30709,-0.255775495700538
Symbiodinium30714,0.0299378875116242
Symbiodinium30716,0.171612194822175
Symbiodinium30717,0.111415897118193
Symbiodinium30718,-0.275878528485358
Symbiodinium30719,0.0454425740362394
Symbiodinium30727,-0.194384020974443
Symbiodinium30729,-0.174780252117604
Symbiodinium30738,-0.270630868259705
Symbiodinium30740,-0.221313573329346
Symbiodinium30745,0.07832085677638
Symbiodinium30750,0.190520281161592
Symbiodinium30755,0.0535708300172341
Symbiodinium30760,0.0328863043116596
Symbiodinium30763,-0.0929513922247477
Symbiodinium30765,0.0730078728627177
Symbiodinium30767,0.150818224435688
Symbiodinium30769,0.16815136634517
Symbiodinium30770,0.301689562605742
Symbiodinium30772,-0.0215857059830379
Symbiodinium30776,0.182370494100211
Symbiodinium30777,-0.0386073830933052
Symbiodinium30784,0.111561770710056
Symbiodinium30787,-0.21709358219259
Symbiodinium30789,0.200943459235288
Symbiodinium30791,0.688160177595236
Symbiodinium30792,-0.0911765916616604
Symbiodinium30798,-0.194177470922855
Symbiodinium30817,0.158101597280702
Symbiodinium30819,0.0291357520143346
Symbiodinium30820,-0.500783590972979
Symbiodinium30824,0.128557444999662
Symbiodinium30830,-0.394313860820646
Symbiodinium30832,-0.0858662284276821
Symbiodinium30833,-0.544718148014021
Symbiodinium30838,0.0201930256865734
Symbiodinium30839,0.0101826667743201
Symbiodinium30851,0.306599401203064
Symbiodinium30855,0.159349477237847
Symbiodinium30856,-0.157781874880841
Symbiodinium30857,-0.126843215833498
Symbiodinium30866,0.0665407373708206
Symbiodinium30869,0.357654258786079
Symbiodinium30876,-0.215034280990207
Symbiodinium30883,-0.0215097904536245
Symbiodinium30891,0.0739237536463537
Symbiodinium30894,-0.396593881062621
Symbiodinium30907,-0.184328146328912
Symbiodinium30915,-0.0934687540705161
Symbiodinium30921,0.014645256915986
Symbiodinium30928,-0.3354293077856
Symbiodinium30929,-0.0156628627315497
Symbiodinium30936,0.127831420386918
Symbiodinium30939,0.0411587521603876
Symbiodinium30956,-0.287002839776289
Symbiodinium30963,0.0280094005112085
Symbiodinium30964,-0.108544928945773
Symbiodinium30981,-0.299198405732236
Symbiodinium31003,0.0606430723197668
Symbiodinium31008,0.112232398211764
Symbiodinium31010,0.0131371675900906
Symbiodinium31013,0.0946208369927799
Symbiodinium31017,0.467583096406104
Symbiodinium31018,-0.2670124821544
Symbiodinium31020,0.316016691922193
Symbiodinium31025,0.326487419445491
Symbiodinium31029,-0.123086304570317
Symbiodinium31036,-0.500751754709738
Symbiodinium31041,-0.00162426550437953
Symbiodinium31042,-0.150026719087872
Symbiodinium31046,0.39613416966352
Symbiodinium31050,-0.0459942130720338
Symbiodinium31059,0.0997434991971616
Symbiodinium31060,-0.336474878536081
Symbiodinium31070,-0.271241900087327
Symbiodinium31072,0.10404998080475
Symbiodinium31079,0.122592045555599
Symbiodinium31088,0.00296269286061206
Symbiodinium31093,0.24095552258193
Symbiodinium31099,-0.238078938200203
Symbiodinium31100,0.0682802199655415
Symbiodinium31104,-0.0166186438966995
Symbiodinium31112,-0.0509346764731347
Symbiodinium31116,-0.117255140324839
Symbiodinium31126,0.160175991299241
Symbiodinium31128,0.375457264180893
Symbiodinium31135,0.150259178550125
Symbiodinium31145,0.263597549096947
Symbiodinium31160,0.298964204064304
Symbiodinium31165,-0.0442481608521302
Symbiodinium31169,-0.0517292965707088
Symbiodinium31176,-0.407384313844867
Symbiodinium31178,0.347285970834841
Symbiodinium31182,-0.242077812286411
Symbiodinium31183,0.258245478612924
Symbiodinium31184,0.2886973311122
Symbiodinium31196,-0.0497614201378596
Symbiodinium31200,-0.0992577723182873
Symbiodinium31209,-0.119090829442151
Symbiodinium31210,-0.012153052416801
Symbiodinium31213,0.230963637587529
Symbiodinium31214,0.512057229089349
Symbiodinium31220,0.396225951372382
Symbiodinium31222,0.210370644207267
Symbiodinium31226,0.293400892375606
Symbiodinium31236,0.0508470273192079
Symbiodinium31242,0.0607115283885302
Symbiodinium31243,-0.140224707167393
Symbiodinium31244,0.36041186375217
Symbiodinium31246,-0.0382857456264088
Symbiodinium31251,-0.21394949157429
Symbiodinium31265,0.439113144556796
Symbiodinium31268,-0.229161316716551
Symbiodinium31270,-0.238619220886145
Symbiodinium31272,-0.238870149005541
Symbiodinium31288,-0.00804245882502858
Symbiodinium31289,0.00346355275640884
Symbiodinium31290,0.0353276583168861
Symbiodinium31291,0.00441737875754782
Symbiodinium31305,-0.19244379998158
Symbiodinium31311,0.188579471787924
Symbiodinium31316,-0.0418956583017383
Symbiodinium31324,-0.0616837622198829
Symbiodinium31326,-0.205058757550165
Symbiodinium31327,-0.0613186419082289
Symbiodinium31329,0.473273616485605
Symbiodinium31334,-0.0831658592443561
Symbiodinium31337,0.2102895382777
Symbiodinium31338,0.0602691426123719
Symbiodinium31339,0.147640955452175
Symbiodinium31344,0.135736393579143
Symbiodinium31346,-0.0946291315426618
Symbiodinium31350,-0.304462552200646
Symbiodinium31356,-0.380504766774212
Symbiodinium31364,0.235742320523951
Symbiodinium31372,-0.105594955599087
Symbiodinium31375,0.297946516043911
Symbiodinium31381,0.205012814267949
Symbiodinium31398,-0.00978376349524641
Symbiodinium31402,0.230943381522653
Symbiodinium31404,-0.605696201598396
Symbiodinium31407,0.15841335297391
Symbiodinium31413,0.05343462593749
Symbiodinium31416,0.167559585270752
Symbiodinium31424,0.0356369727529621
Symbiodinium31433,0.162702769034301
Symbiodinium31434,-0.0403746331476032
Symbiodinium31439,0.624225653381153
Symbiodinium31446,-0.0607344393566835
Symbiodinium31451,-0.29783524153009
Symbiodinium31456,-0.125508282179035
Symbiodinium31457,-0.274162257213146
Symbiodinium31459,-0.469165884744659
Symbiodinium31468,0.0256216359118217
Symbiodinium31473,0.0712419610597841
Symbiodinium31474,-0.448405271648007
Symbiodinium31479,-0.097849842364117
Symbiodinium31481,-0.00112910780545943
Symbiodinium31484,0.117490945397722
Symbiodinium31486,0.0899454104134257
Symbiodinium31490,0.0445096201475813
Symbiodinium31494,0.0360898038047139
Symbiodinium31504,-0.0425525854118095
Symbiodinium31507,0.149149319061368
Symbiodinium31509,-0.178502112555931
Symbiodinium31510,0.148647480222231
Symbiodinium31515,-0.0536303355090694
Symbiodinium31518,-0.179050083773139
Symbiodinium31519,0.402580070864011
Symbiodinium31521,0.10862150681751
Symbiodinium31535,0.0549830892876408
Symbiodinium31540,0.45210382891176
Symbiodinium31541,-0.375174189243834
Symbiodinium31547,-0.0292333310131039
Symbiodinium31552,-0.319004590647833
Symbiodinium31558,0.0836768459411847
Symbiodinium31567,0.272093591328295
Symbiodinium31568,0.192002906536701
Symbiodinium31572,0.0417328033407226
Symbiodinium31586,-0.113948462402551
Symbiodinium31589,0.299292546377857
Symbiodinium31596,-0.0109086216487431
Symbiodinium3160,0.219966460716111
Symbiodinium31605,-0.319950363421242
Symbiodinium31613,0.353284404397162
Symbiodinium31627,-0.203117388682134
Symbiodinium31631,0.125916136672445
Symbiodinium31635,0.174343387834649
Symbiodinium31636,-0.0761765361764563
Symbiodinium31640,0.0336120681099387
Symbiodinium31645,0.203640836813781
Symbiodinium31646,0.305033954698885
Symbiodinium31649,0.0275642776374582
Symbiodinium31652,0.188773375126801
Symbiodinium31653,-0.130273062338826
Symbiodinium31657,0.0503725080515502
Symbiodinium31662,-0.109946198177421
Symbiodinium31671,-0.17955372561922
Symbiodinium31673,-0.172871901956715
Symbiodinium31681,0.211083780414679
Symbiodinium31687,-0.155624188293115
Symbiodinium31688,-0.0737753314998057
Symbiodinium31691,-0.144407569562346
Symbiodinium31694,-0.293580955241292
Symbiodinium31696,0.567672619089861
Symbiodinium31699,-0.256015018153536
Symbiodinium31704,0.194834362024626
Symbiodinium31711,-0.157105614300511
Symbiodinium31722,0.285879517134198
Symbiodinium31726,0.0338085468403173
Symbiodinium31730,-0.0554269522288997
Symbiodinium31732,0.318783131149913
Symbiodinium31748,-0.177759603125008
Symbiodinium31752,-0.0672665677752773
Symbiodinium31753,0.278585725002722
Symbiodinium31755,-0.152784842024915
Symbiodinium31756,0.311277320328471
Symbiodinium31770,-0.0588133723742407
Symbiodinium31775,0.283808524953244
Symbiodinium31780,0.34200165266158
Symbiodinium31781,0.165130365287872
Symbiodinium31782,-0.10300929069281
Symbiodinium31786,-0.100314725953963
Symbiodinium31789,-0.186275550816537
Symbiodinium31790,0.302451564645646
Symbiodinium31798,-0.397790217692023
Symbiodinium31809,0.161934106095519
Symbiodinium31813,-0.0481070249841544
Symbiodinium31814,-0.275851746949716
Symbiodinium31818,0.133344551284987
Symbiodinium31825,-0.106995560728597
Symbiodinium31826,-0.105037146145276
Symbiodinium31830,-0.107944290747275
Symbiodinium31835,0.164436562041081
Symbiodinium31838,-0.184577708918044
Symbiodinium31846,-0.174078467739234
Symbiodinium31847,0.365322223965305
Symbiodinium31848,0.0209519614688086
Symbiodinium31850,-0.239205649468439
Symbiodinium31873,-0.25754703674153
Symbiodinium31874,-0.152945586404269
Symbiodinium31888,-0.067414185978747
Symbiodinium31891,0.0447570283502423
Symbiodinium31896,-0.189018330751343
Symbiodinium31898,-0.28359712091147
Symbiodinium31900,0.0863145249003268
Symbiodinium31909,0.0731305832192832
Symbiodinium31911,0.0574760426030851
Symbiodinium31912,-0.203102996108081
Symbiodinium31914,-0.301491491384981
Symbiodinium31915,0.284800600055933
Symbiodinium31935,0.00783696981970737
Symbiodinium31936,-0.156192184382202
Symbiodinium31945,0.165053417774203
Symbiodinium31947,0.128677822530475
Symbiodinium31953,0.134022055257637
Symbiodinium31955,0.0985555782243445
Symbiodinium31959,0.0197543168653801
Symbiodinium31964,-0.276260578918912
Symbiodinium31969,0.41460492120801
Symbiodinium31970,0.129624523537842
Symbiodinium31976,0.0626083324970071
Symbiodinium31981,0.224127355545939
Symbiodinium31982,0.0282392339985713
Symbiodinium31985,0.467052920078144
Symbiodinium31987,0.367334591303821
Symbiodinium31988,0.0271856808611241
Symbiodinium31990,0.094192112639583
Symbiodinium31995,0.211357336611654
Symbiodinium32003,0.00727968484055522
Symbiodinium32019,0.253309449247451
Symbiodinium32024,0.199147016955653
Symbiodinium32028,0.224645359838003
Symbiodinium32029,0.160890955775539
Symbiodinium32031,0.0975997715367593
Symbiodinium32032,-0.0784473130162782
Symbiodinium32052,-0.336067678495877
Symbiodinium32060,0.225932711702483
Symbiodinium32063,-0.117158386595511
Symbiodinium32070,-0.237514514542313
Symbiodinium32085,0.172785448828827
Symbiodinium32092,0.096802255354067
Symbiodinium32097,0.0118581790819381
Symbiodinium32102,-0.146855322261756
Symbiodinium32103,0.0529612048328795
Symbiodinium32110,0.101119323273071
Symbiodinium32118,-0.173469032862766
Symbiodinium32120,-0.203102945830079
Symbiodinium32124,0.282747093432606
Symbiodinium32129,-0.0775591352931259
Symbiodinium32139,0.202053835477736
Symbiodinium32151,-0.252196594145873
Symbiodinium32154,0.0457655596581684
Symbiodinium32158,0.0371068848808577
Symbiodinium32167,-0.288679951073382
Symbiodinium32171,-0.0693851714272693
Symbiodinium32178,0.315424856923923
Symbiodinium32179,0.0737088751403548
Symbiodinium32181,-0.0889554792197441
Symbiodinium32207,-0.0187427943411145
Symbiodinium32217,-0.0416669733728856
Symbiodinium32228,0.318850210793044
Symbiodinium32229,0.298703146403473
Symbiodinium32233,0.279309340168715
Symbiodinium32234,-0.066029815014739
Symbiodinium32240,-0.0883035981736726
Symbiodinium32243,0.151902387985528
Symbiodinium32246,-0.348632625867987
Symbiodinium32248,0.0199928702153106
Symbiodinium32260,0.064770620077237
Symbiodinium32267,0.268776460653619
Symbiodinium32269,-0.313685763915755
Symbiodinium32272,-0.381764265293915
Symbiodinium32290,0.0153611078571851
Symbiodinium32292,-0.0180860371151511
Symbiodinium32298,0.103251083080553
Symbiodinium32303,-0.190173228202834
Symbiodinium32308,-0.19481403968152
Symbiodinium32312,0.211495679525734
Symbiodinium32314,0.0565121827518236
Symbiodinium32328,0.0833258179810172
Symbiodinium32337,0.176264172667518
Symbiodinium32342,-0.034582728481907
Symbiodinium32343,0.208504524701207
Symbiodinium32350,-0.127917065558115
Symbiodinium32354,0.444125303400603
Symbiodinium32356,-0.0878868103300667
Symbiodinium32364,-0.400088511816863
Symbiodinium32369,0.13883100731755
Symbiodinium32371,-0.257616395793915
Symbiodinium32374,-0.13732237600535
Symbiodinium32377,0.0324080116701692
Symbiodinium32384,0.245077515340294
Symbiodinium32388,-0.436229540021031
Symbiodinium32395,0.296607718773175
Symbiodinium32400,0.435671004775166
Symbiodinium32401,-0.217352170848022
Symbiodinium32404,-0.124833160337347
Symbiodinium32414,-0.212432013875663
Symbiodinium32422,0.17000230756473
Symbiodinium32424,-0.159465255828463
Symbiodinium32426,0.0662587007515348
Symbiodinium32432,0.111978196911581
Symbiodinium32435,-0.165871977937779
Symbiodinium32443,-0.197378224886437
Symbiodinium32458,-0.124639184925145
Symbiodinium32459,-0.128424749254134
Symbiodinium32469,-0.170468824959502
Symbiodinium3247,-0.467942703163707
Symbiodinium32490,0.148365051277708
Symbiodinium32493,0.114419727458107
Symbiodinium32494,0.0125676464800462
Symbiodinium32505,-0.115375287824162
Symbiodinium32506,0.157140412923124
Symbiodinium32528,0.0510770063576107
Symbiodinium32547,0.156077367471779
Symbiodinium32550,0.112295193897486
Symbiodinium32553,0.183137167362145
Symbiodinium32559,0.0548478938761786
Symbiodinium32574,0.0867450055768642
Symbiodinium32582,0.217393502299392
Symbiodinium32586,0.196385831591616
Symbiodinium32588,-0.571630722764441
Symbiodinium32591,0.0030890853455865
Symbiodinium32595,0.118632410799157
Symbiodinium32608,-0.323436923620306
Symbiodinium32618,0.0133158980417369
Symbiodinium32621,-0.0707814109510591
Symbiodinium32624,-0.000591050879168655
Symbiodinium32634,-0.176397333254207
Symbiodinium32636,-0.0787843862150435
Symbiodinium32663,0.357068170622766
Symbiodinium32664,0.00466579406777144
Symbiodinium32671,0.0247307676425069
Symbiodinium32672,-0.285676593446657
Symbiodinium32676,0.220676094915661
Symbiodinium32679,-0.148751456047757
Symbiodinium32682,-0.254662734249719
Symbiodinium32694,0.178419703299231
Symbiodinium32698,-0.150680887066255
Symbiodinium32704,-0.16391055486755
Symbiodinium32709,0.0289637636718149
Symbiodinium32716,0.052805819896351
Symbiodinium32717,0.0554313760806959
Symbiodinium32719,-0.189240128949699
Symbiodinium32725,-0.0180419264758212
Symbiodinium32726,0.319065817175916
Symbiodinium32730,-0.298203972598445
Symbiodinium32738,-0.0151109743146821
Symbiodinium32743,0.0268960857191744
Symbiodinium32754,0.118779175952802
Symbiodinium32755,-0.0401379431698466
Symbiodinium32756,-0.316281159447009
Symbiodinium32757,-0.0210339072409474
Symbiodinium32761,0.202979749040807
Symbiodinium32767,-0.0182408071523995
Symbiodinium32774,0.0832087124024789
Symbiodinium32776,0.0248323320652174
Symbiodinium32781,-0.156152866646187
Symbiodinium32799,-0.33685577852041
Symbiodinium32801,-0.194885662020096
Symbiodinium32807,0.0755638502454336
Symbiodinium32809,0.0509849785353914
Symbiodinium32812,-0.196652607649294
Symbiodinium32815,0.167579977010045
Symbiodinium32820,0.145976471429505
Symbiodinium32826,0.439965601193267
Symbiodinium32828,-0.0915212130142932
Symbiodinium32859,-0.0953488752930996
Symbiodinium32860,-0.202974252141887
Symbiodinium32865,0.0756043753988264
Symbiodinium32871,0.0988578143614115
Symbiodinium32873,0.214272257136707
Symbiodinium32875,0.142306270918488
Symbiodinium32881,-0.164552293947253
Symbiodinium32882,0.0324274445731829
Symbiodinium32899,0.332168975612084
Symbiodinium32903,-0.0580268003809605
Symbiodinium32905,-0.377320552329072
Symbiodinium32907,-0.153593767150091
Symbiodinium32911,0.391562674080035
Symbiodinium32914,0.0499276759116442
Symbiodinium32915,0.200490803373997
Symbiodinium32921,-0.0187676292579754
Symbiodinium32924,-0.0478080424807313
Symbiodinium32925,0.326522306294837
Symbiodinium32932,-0.318598728870153
Symbiodinium32942,-0.0387012359225957
Symbiodinium32945,-0.227274724379334
Symbiodinium32950,0.0515819696521325
Symbiodinium32956,0.136370126523655
Symbiodinium32960,-0.0994161052685981
Symbiodinium32976,0.036003959483121
Symbiodinium32978,-0.344456705159909
Symbiodinium32979,-0.147525374980218
Symbiodinium32989,-0.0137802262974144
Symbiodinium33001,0.567111357657578
Symbiodinium33027,0.381277965826493
Symbiodinium33030,-0.0929617766594206
Symbiodinium33038,0.0360349552899651
Symbiodinium33044,0.444989560738652
Symbiodinium33047,-0.0324777319343103
Symbiodinium33050,0.0287923869458666
Symbiodinium33055,-0.0528438507994427
Symbiodinium33057,-0.317537901313642
Symbiodinium33059,0.0319680420072666
Symbiodinium33062,0.00297783548770781
Symbiodinium33064,0.119260275527397
Symbiodinium33073,0.16037420372705
Symbiodinium33080,-0.24181974617644
Symbiodinium33081,-0.028627899460511
Symbiodinium33091,-0.266309720729681
Symbiodinium33093,-0.425466618222367
Symbiodinium33097,0.191802195496969
Symbiodinium33099,0.165587769703036
Symbiodinium33102,0.0241536192220284
Symbiodinium33136,-0.123383248855248
Symbiodinium33137,0.356886319604811
Symbiodinium33139,-0.0474305645295636
Symbiodinium33148,-0.02305497210295
Symbiodinium33150,-0.0236866225873861
Symbiodinium33157,-0.0308495556561957
Symbiodinium33160,-0.0886550679183033
Symbiodinium33171,0.128262923349811
Symbiodinium33175,-0.0609215528768232
Symbiodinium33183,-0.113359947748127
Symbiodinium33198,0.232103937732449
Symbiodinium33199,-0.14350994880708
Symbiodinium33217,-0.172108175171089
Symbiodinium33229,0.239818445385651
Symbiodinium33241,-0.0355675913654505
Symbiodinium33242,0.234945840042396
Symbiodinium33254,-0.0983132898086945
Symbiodinium33255,-0.00664987388606945
Symbiodinium33260,0.303359318344578
Symbiodinium33279,0.448253815034743
Symbiodinium33301,0.0172193482726759
Symbiodinium33302,-0.177769697906968
Symbiodinium33319,0.268806346802045
Symbiodinium33327,0.0608828977704444
Symbiodinium33332,-0.00892766653466909
Symbiodinium33342,0.147796384616421
Symbiodinium33347,0.482782877912629
Symbiodinium33348,0.11201432478464
Symbiodinium33358,0.0522373943307929
Symbiodinium33364,0.366696296549384
Symbiodinium33368,-0.0920049470533167
Symbiodinium33377,0.27502543466552
Symbiodinium33394,-0.0236194506033453
Symbiodinium33398,0.0852005431781026
Symbiodinium33404,-1.0063447556254
Symbiodinium33407,0.175754348261021
Symbiodinium33414,-0.284083630366643
Symbiodinium33415,0.363082864439992
Symbiodinium33416,-0.0815425418603104
Symbiodinium33417,-0.0230658772223031
Symbiodinium33425,-0.0622475545389646
Symbiodinium33429,0.119373051414145
Symbiodinium33443,-0.238760575603558
Symbiodinium33445,0.241662892227187
Symbiodinium33453,-0.204922293065174
Symbiodinium33457,0.298740460611868
Symbiodinium33461,0.00316156489723303
Symbiodinium33466,0.0745779174357515
Symbiodinium33469,0.310554537792679
Symbiodinium33473,-0.188492128076251
Symbiodinium33480,0.146458829963921
Symbiodinium33502,-0.0314921239500683
Symbiodinium33503,-0.0738807708015424
Symbiodinium33506,-0.466161100127113
Symbiodinium33507,-0.0837725085965566
Symbiodinium33511,-0.126196923215061
Symbiodinium33514,0.317281350078163
Symbiodinium33526,-0.0478815525888929
Symbiodinium33527,-0.0577516980833997
Symbiodinium33533,-0.232222866641638
Symbiodinium33555,-0.117842405246986
Symbiodinium33559,0.162314508453185
Symbiodinium33568,0.0614921231082312
Symbiodinium33577,0.211494601085669
Symbiodinium33581,0.121282460887137
Symbiodinium33585,-0.334723783728796
Symbiodinium33596,0.0511751866266444
Symbiodinium33600,-0.330786327004982
Symbiodinium33602,-0.0140399789770879
Symbiodinium33609,-0.183704387373453
Symbiodinium33626,0.00815387779834555
Symbiodinium33629,-0.231197365733475
Symbiodinium33636,-0.212836795286587
Symbiodinium33643,0.0563649174772051
Symbiodinium33649,-0.67051656279186
Symbiodinium33651,0.427583900599551
Symbiodinium33652,-0.0596787570221106
Symbiodinium33653,0.1031889666497
Symbiodinium33659,-0.0365548174697119
Symbiodinium33688,0.213331282168917
Symbiodinium33690,0.0060153300207074
Symbiodinium33712,-0.0165985148520023
Symbiodinium33726,0.630611554421227
Symbiodinium33729,-0.118433608708771
Symbiodinium33740,-0.0931632933991816
Symbiodinium33743,0.115807771536937
Symbiodinium33745,-0.304083674288428
Symbiodinium33748,0.24502074100694
Symbiodinium33755,0.0784010991235839
Symbiodinium33764,-0.120893109124787
Symbiodinium33768,0.0377694784719776
Symbiodinium33775,-0.275270129366978
Symbiodinium33776,0.0438447262272692
Symbiodinium33787,-0.358082238635096
Symbiodinium33788,-0.221875751903737
Symbiodinium33806,0.224506519219279
Symbiodinium33807,-0.132184268268926
Symbiodinium33816,0.327440365768595
Symbiodinium33817,-0.284901316625161
Symbiodinium33821,0.232059720357857
Symbiodinium33824,-0.334480126062256
Symbiodinium33833,-0.488493722456951
Symbiodinium33840,0.0976909921688222
Symbiodinium33849,0.0398328572938457
Symbiodinium33850,-0.049697682509365
Symbiodinium33862,0.255181915331432
Symbiodinium33881,-0.284293582116614
Symbiodinium33883,-0.40701796138745
Symbiodinium33890,-0.12676315440406
Symbiodinium33893,-0.0803547230205958
Symbiodinium33895,-0.149096584403103
Symbiodinium33899,-0.14526407738671
Symbiodinium33923,0.255585511261509
Symbiodinium33928,-0.220713650140405
Symbiodinium33933,-0.0125375003463435
Symbiodinium33935,0.281956064917198
Symbiodinium33938,-0.0457493971878457
Symbiodinium33944,-0.0283470029489999
Symbiodinium33947,0.140736201680105
Symbiodinium33951,-0.115665323704694
Symbiodinium33959,0.281830199381936
Symbiodinium33964,0.0768180592834913
Symbiodinium33966,-0.407308626112392
Symbiodinium33967,0.445160339192929
Symbiodinium33972,-0.274533504592093
Symbiodinium33978,0.156227096904687
Symbiodinium33982,-0.0313685959524703
Symbiodinium33985,-0.0313227861936356
Symbiodinium33988,-0.398542533468719
Symbiodinium33995,0.128666031871391
Symbiodinium33996,0.0220187799192421
Symbiodinium33998,0.309296913548796
Symbiodinium34003,-0.523259529121105
Symbiodinium34008,-0.04011999359093
Symbiodinium34016,0.0616850377775354
Symbiodinium34019,0.0758637896762929
Symbiodinium34022,-0.345423945988077
Symbiodinium34025,-0.025244879206365
Symbiodinium34035,-0.432479381667114
Symbiodinium34039,-0.0950639700116456
Symbiodinium34043,0.00941401645480873
Symbiodinium34049,-0.044302582582819
Symbiodinium34051,-0.32600630305841
Symbiodinium34057,-0.060101406195674
Symbiodinium34058,0.0432230064948492
Symbiodinium34064,-0.447113015470567
Symbiodinium34068,-0.0614290289865526
Symbiodinium34070,-0.0650138645503612
Symbiodinium34075,-0.310748967109982
Symbiodinium34078,-0.214860306946447
Symbiodinium34079,-0.154330688525587
Symbiodinium34096,-0.071987446163874
Symbiodinium34097,-0.099566683523451
Symbiodinium34100,0.233106928713214
Symbiodinium34101,0.0322783189535481
Symbiodinium34103,0.191198639808543
Symbiodinium34105,-0.1418999211643
Symbiodinium34115,0.204004063307947
Symbiodinium34119,-0.177470761006435
Symbiodinium34122,-0.119326275711776
Symbiodinium34126,0.0998156881285111
Symbiodinium34131,0.00618425831112938
Symbiodinium34145,0.0855204545767912
Symbiodinium34148,0.0195051257892307
Symbiodinium34154,0.138493290246308
Symbiodinium34156,-0.357388194161827
Symbiodinium34167,-0.373933486160668
Symbiodinium34169,0.177078603130315
Symbiodinium34172,0.270147321379493
Symbiodinium34176,-0.221910047636255
Symbiodinium34189,0.236429088220112
Symbiodinium3419,-0.434911182213845
Symbiodinium34195,-0.275806913364853
Symbiodinium34220,-0.0794816703994784
Symbiodinium34222,0.220244527197032
Symbiodinium34242,-0.271666873443871
Symbiodinium34246,-0.103373854036014
Symbiodinium34247,0.00575929418058534
Symbiodinium34254,0.304142428170495
Symbiodinium34277,0.0300716525116203
Symbiodinium34284,-0.180727668568357
Symbiodinium34297,0.38705793554207
Symbiodinium34309,0.104406204708056
Symbiodinium34311,-0.295432106971003
Symbiodinium34313,-0.0475331963671359
Symbiodinium34323,0.439096593876888
Symbiodinium34327,-0.241401493549957
Symbiodinium34341,0.113018965104943
Symbiodinium34343,-0.12515827817896
Symbiodinium34347,-0.306499633706006
Symbiodinium34349,0.157025533634692
Symbiodinium34351,0.361437374069475
Symbiodinium34365,0.0112321921851394
Symbiodinium34366,-0.00992412329900983
Symbiodinium34373,-0.146732367262465
Symbiodinium34385,0.16820454584896
Symbiodinium34389,-0.316696612847059
Symbiodinium34397,-0.255373736042945
Symbiodinium34403,0.106737969520546
Symbiodinium34409,0.366690347901978
Symbiodinium34431,0.146181635438119
Symbiodinium34434,-0.203895702315315
Symbiodinium34435,0.0416078769073621
Symbiodinium34446,0.19949425288649
Symbiodinium34458,0.452913948847209
Symbiodinium34459,-0.0558804469553907
Symbiodinium34461,-0.0170223500139374
Symbiodinium34466,0.178250200264116
Symbiodinium34470,0.174843242395045
Symbiodinium34476,0.126927149714545
Symbiodinium34478,0.0286726240766777
Symbiodinium34498,0.373691050722828
Symbiodinium34505,0.215148804320023
Symbiodinium34512,0.118093704926032
Symbiodinium34515,0.064388068644319
Symbiodinium34520,0.0582206872419829
Symbiodinium34522,-0.0667837621186278
Symbiodinium34528,-0.0292178386764983
Symbiodinium34540,-0.00551733661054202
Symbiodinium34549,-0.290701110695299
Symbiodinium34556,0.145414550349589
Symbiodinium34558,-0.167072491277664
Symbiodinium34559,-0.0795389935152809
Symbiodinium34568,-0.0601988433686642
Symbiodinium34569,-0.262117986774838
Symbiodinium34572,-0.286239507162317
Symbiodinium34576,0.179609800974273
Symbiodinium34579,0.105061194241361
Symbiodinium34590,0.202070882597338
Symbiodinium34594,-0.145600627432737
Symbiodinium34596,0.245399522592506
Symbiodinium34612,0.125087489970355
Symbiodinium34618,-0.188527303752286
Symbiodinium34621,-0.267447145027917
Symbiodinium34625,0.18749233927998
Symbiodinium34631,0.200755821199427
Symbiodinium34633,0.236922625231465
Symbiodinium34640,0.206829268212718
Symbiodinium34666,0.0163846510641655
Symbiodinium34693,0.00248090727124286
Symbiodinium34701,-0.472926880626334
Symbiodinium34716,0.0237467927856156
Symbiodinium34721,-0.170593541235044
Symbiodinium34734,0.1032535275288
Symbiodinium34738,0.129141581500024
Symbiodinium34741,0.00389670867691703
Symbiodinium34745,-0.23765322784541
Symbiodinium34769,0.0781253893555619
Symbiodinium34779,0.0319142676037731
Symbiodinium34788,-0.197521042119776
Symbiodinium34789,0.318807672891344
Symbiodinium34791,0.284310632950807
Symbiodinium34795,-0.0314431487390006
Symbiodinium34799,-0.102064603817322
Symbiodinium34800,0.373880467012576
Symbiodinium34806,0.185694932917075
Symbiodinium34811,-0.174167759549967
Symbiodinium34812,-0.1885075790271
Symbiodinium34828,0.140425803754413
Symbiodinium34841,-0.0418011927257506
Symbiodinium34849,0.0513175930022093
Symbiodinium34851,0.000524131665649676
Symbiodinium34857,0.398965296980008
Symbiodinium34859,-0.0141075829902543
Symbiodinium34863,0.0386335366606303
Symbiodinium34883,0.0764265093854458
Symbiodinium34896,0.00334337201913578
Symbiodinium34901,0.0683223630417052
Symbiodinium34912,0.0917047957730806
Symbiodinium34913,-0.424547476134947
Symbiodinium34952,0.0864650918321572
Symbiodinium34955,-0.381622284305606
Symbiodinium34958,-0.115667506634305
Symbiodinium34962,0.0554538383850369
Symbiodinium34967,0.0980990503747438
Symbiodinium34970,-0.167754601203974
Symbiodinium34984,-0.182749180016593
Symbiodinium34988,-0.036323488651265
Symbiodinium35027,0.160597284494305
Symbiodinium35038,-0.0303644077123047
Symbiodinium35042,0.275011420666261
Symbiodinium35045,0.115418840861327
Symbiodinium35048,-0.104898943528166
Symbiodinium35052,-0.137989047221006
Symbiodinium35060,-0.315317385545389
Symbiodinium35065,0.37474168161503
Symbiodinium35101,-0.405655713276632
Symbiodinium35106,0.112825122973015
Symbiodinium35111,0.0954549487292868
Symbiodinium35113,-0.108705714643924
Symbiodinium35115,-0.216317362938958
Symbiodinium35128,-0.165188464920874
Symbiodinium35133,-0.349984427014147
Symbiodinium35142,-0.016602365786568
Symbiodinium35175,-0.075608515358847
Symbiodinium35180,0.0633294581508411
Symbiodinium35190,-0.169493806628966
Symbiodinium35206,0.129376061153388
Symbiodinium35235,-0.177149842452349
Symbiodinium35248,-0.310986546483847
Symbiodinium35263,0.00603686992885915
Symbiodinium35280,-0.162520433202308
Symbiodinium35281,0.121500889021258
Symbiodinium35286,0.0906705211244153
Symbiodinium35287,0.0970941873498887
Symbiodinium35290,-0.358327118294444
Symbiodinium35291,-0.0961743290497185
Symbiodinium35310,-0.272700196591735
Symbiodinium35314,-0.459356804503994
Symbiodinium35315,-0.370893971324396
Symbiodinium35316,0.148879572312953
Symbiodinium35320,0.402943711624689
Symbiodinium35342,0.283018859416228
Symbiodinium35343,0.152515628197828
Symbiodinium35346,0.155751506540254
Symbiodinium35371,-0.173133804101247
Symbiodinium35374,0.0605777282535784
Symbiodinium35376,0.347418897075263
Symbiodinium35378,-0.258006893578311
Symbiodinium35379,-0.136593937584298
Symbiodinium35380,-0.010981508782242
Symbiodinium35385,-0.0668575727701948
Symbiodinium35390,0.222111180607063
Symbiodinium35391,-0.137134220373845
Symbiodinium35394,0.0369299958787808
Symbiodinium35403,0.436509832298903
Symbiodinium35412,-0.0352817467724539
Symbiodinium35417,-0.217651488982098
Symbiodinium35418,-0.0948130898268042
Symbiodinium35423,-0.393487257472771
Symbiodinium35432,0.314122352402898
Symbiodinium35441,-0.315910418047235
Symbiodinium35442,0.110149672622985
Symbiodinium35446,-0.0647304331016685
Symbiodinium35448,0.523943301486443
Symbiodinium35460,0.185411009449001
Symbiodinium35473,0.239873415987494
Symbiodinium35481,0.168096921388565
Symbiodinium35495,0.644276916577829
Symbiodinium35501,0.306244830771195
Symbiodinium35516,-0.139407541036971
Symbiodinium35535,0.102210395690807
Symbiodinium35537,0.411242993900763
Symbiodinium35543,-0.176290216831773
Symbiodinium35546,0.272659348629541
Symbiodinium35550,-0.0131251215405007
Symbiodinium35557,-0.0807640302322874
Symbiodinium35558,0.0120218822045343
Symbiodinium35559,-0.477997219503366
Symbiodinium35573,0.262880735402594
Symbiodinium35586,-0.311962917393895
Symbiodinium35595,0.0156489396268039
Symbiodinium35605,0.674636774088171
Symbiodinium35615,0.151840006111224
Symbiodinium35617,0.218667072113411
Symbiodinium35621,0.0131904014775293
Symbiodinium35622,0.14713551842667
Symbiodinium35630,-0.197050934791289
Symbiodinium35632,0.231748966324411
Symbiodinium35636,0.310598506569334
Symbiodinium35651,-0.46520832163944
Symbiodinium35652,-0.0811337906783475
Symbiodinium35654,0.255207935719295
Symbiodinium35665,-0.14960841601079
Symbiodinium35666,-0.128378729320076
Symbiodinium35673,-0.0340059128830627
Symbiodinium35676,0.108418465512471
Symbiodinium35677,-0.0135131169726703
Symbiodinium35678,-0.253801027347585
Symbiodinium35682,-0.276822637469186
Symbiodinium35692,-0.148800494127697
Symbiodinium35693,0.0960290293000635
Symbiodinium35697,-0.0576720957011937
Symbiodinium35709,-0.318800682456723
Symbiodinium35712,-0.294090927769281
Symbiodinium35713,0.412413093917027
Symbiodinium35714,-0.198038419807039
Symbiodinium35716,-0.0642389143520033
Symbiodinium35722,0.117121295915418
Symbiodinium35731,0.445923186076714
Symbiodinium35732,-0.342777580901486
Symbiodinium35749,0.184680872141991
Symbiodinium35761,0.109964124677046
Symbiodinium35764,-0.0118034227379993
Symbiodinium35765,-0.0382191954163782
Symbiodinium35776,-0.0192573238475922
Symbiodinium35808,0.147276356670251
Symbiodinium35813,-0.365436223692864
Symbiodinium35822,-0.152611844603193
Symbiodinium35823,0.00375970811423328
Symbiodinium35826,0.0704022773302897
Symbiodinium35831,0.316153916191302
Symbiodinium35834,-0.0203986226075973
Symbiodinium35857,-0.0174038732641778
Symbiodinium35866,-0.325422561000378
Symbiodinium35873,0.257485746719569
Symbiodinium35888,-0.13868233714881
Symbiodinium35889,0.144068522647259
Symbiodinium35892,-0.13847584362198
Symbiodinium35907,-0.0188400679187067
Symbiodinium35909,-0.0388631916556647
Symbiodinium35940,0.0840785074815365
Symbiodinium35944,-0.0298223214875377
Symbiodinium35950,0.442995408411054
Symbiodinium35958,-0.345880306399696
Symbiodinium35959,-0.12102932985802
Symbiodinium35972,0.0586639226406216
Symbiodinium35974,0.025225367280013
Symbiodinium35981,0.223196344608049
Symbiodinium35983,0.055806628792638
Symbiodinium35984,-0.215199626658199
Symbiodinium35989,0.208104767352879
Symbiodinium35996,0.302953169184086
Symbiodinium36017,0.171480249617069
Symbiodinium36019,-0.107092368415759
Symbiodinium36021,-0.618718817305186
Symbiodinium36039,0.0455185331522197
Symbiodinium36045,0.113022242351656
Symbiodinium36049,0.00889532076920944
Symbiodinium36058,-0.0489476301951383
Symbiodinium36060,-0.204653728527927
Symbiodinium36074,-0.0368376333781965
Symbiodinium36075,-0.0374329636090649
Symbiodinium36084,0.0911029495227068
Symbiodinium36091,-0.000607515208439259
Symbiodinium36110,-0.12322105307277
Symbiodinium36114,0.072192578298647
Symbiodinium36117,0.20955782206483
Symbiodinium36123,0.148966113932781
Symbiodinium36126,0.368681321608117
Symbiodinium36130,0.0294615186361405
Symbiodinium36132,-0.104572964116155
Symbiodinium36133,0.430825159750075
Symbiodinium36140,0.264131369782515
Symbiodinium36153,-0.595038591696443
Symbiodinium36174,-0.197610919841692
Symbiodinium36193,0.17380939037305
Symbiodinium36196,0.0429340030546893
Symbiodinium36211,-0.0966469362913264
Symbiodinium36251,0.0649340803429751
Symbiodinium36252,0.0772848389762242
Symbiodinium36265,-0.095720364557193
Symbiodinium36266,-0.0277294635472329
Symbiodinium36274,0.0775254265505236
Symbiodinium36275,0.0148771104213867
Symbiodinium36284,-0.133058902907988
Symbiodinium36289,0.128580978158793
Symbiodinium36303,0.0732729937169136
Symbiodinium36305,0.305788120828452
Symbiodinium36330,0.0580770340728634
Symbiodinium36340,-0.141537129049276
Symbiodinium36356,-0.170949347228467
Symbiodinium36373,-0.225437872214887
Symbiodinium36388,0.0261925145294157
Symbiodinium36407,-0.0839874124561487
Symbiodinium36408,0.296326797775966
Symbiodinium36411,-0.0063584679325873
Symbiodinium36417,-0.00883556968808481
Symbiodinium36423,-0.073263251661992
Symbiodinium36425,-0.372037388317675
Symbiodinium36437,0.488253573934007
Symbiodinium36438,-0.133427914692554
Symbiodinium36447,-0.205296389791928
Symbiodinium36449,0.0442988386540269
Symbiodinium36451,-0.132546586009699
Symbiodinium36458,-0.372832145897377
Symbiodinium36463,0.18606203232174
Symbiodinium36468,0.165065050795551
Symbiodinium36473,-0.0569022897928105
Symbiodinium36477,-0.00999437441722967
Symbiodinium36488,-0.0407078779339304
Symbiodinium36492,0.298899068664463
Symbiodinium36495,0.110119353624475
Symbiodinium36500,0.141714367362264
Symbiodinium36508,-0.271696011245759
Symbiodinium36520,-0.538112001694777
Symbiodinium36522,0.204736703668954
Symbiodinium36531,-0.0437891255885761
Symbiodinium36540,-0.21623722180721
Symbiodinium36547,0.214780798929666
Symbiodinium36550,0.000504102052328166
Symbiodinium36552,0.200424418517992
Symbiodinium36564,0.250420021224132
Symbiodinium36570,0.05818247266
Symbiodinium36580,-0.232588433548115
Symbiodinium36586,0.112138905432145
Symbiodinium36587,-0.117837397105272
Symbiodinium36594,-0.298314263138929
Symbiodinium36596,0.186528828044998
Symbiodinium36604,-0.0413724732953706
Symbiodinium36613,0.246204486087821
Symbiodinium36624,-0.224321138840334
Symbiodinium36627,-0.584490687565021
Symbiodinium36628,0.125421723845651
Symbiodinium36632,0.0268241363190676
Symbiodinium36635,0.0404081982066246
Symbiodinium36640,-0.15808676344157
Symbiodinium36654,-0.580638230319824
Symbiodinium36682,0.0671866671375839
Symbiodinium36688,-0.216934077450367
Symbiodinium36693,-0.0949318423013913
Symbiodinium36697,0.0147919180144257
Symbiodinium36721,-0.401656463727739
Symbiodinium36735,0.164125476051217
Symbiodinium36745,0.0522317949706453
Symbiodinium36752,0.528043227739948
Symbiodinium36755,-0.0159703203733939
Symbiodinium36759,-0.225272847957477
Symbiodinium36760,-0.192336083430849
Symbiodinium36763,0.281608080906198
Symbiodinium36770,-0.0646628880591577
Symbiodinium36779,0.16563515507372
Symbiodinium36788,-0.277387216708268
Symbiodinium36794,-0.00948296546195574
Symbiodinium36795,-0.0134499117775834
Symbiodinium36797,-0.197886369242957
Symbiodinium36802,0.179274749658285
Symbiodinium36803,-0.145662102879471
Symbiodinium36821,0.0595411703720266
Symbiodinium36826,-0.469081346891165
Symbiodinium36839,0.123375446592156
Symbiodinium36845,-0.329970054227408
Symbiodinium36849,0.38662368307532
Symbiodinium36879,0.0912771003968455
Symbiodinium36883,0.00143584353721109
Symbiodinium36886,0.11177371712345
Symbiodinium36887,0.205049338552038
Symbiodinium36891,-0.338438938172359
Symbiodinium36899,0.0759107038176986
Symbiodinium36906,-0.11660424794779
Symbiodinium36940,0.165211203634046
Symbiodinium36941,-0.122802038070075
Symbiodinium36946,-0.514540323353707
Symbiodinium36947,0.00246574766521862
Symbiodinium36948,-0.597939023494845
Symbiodinium36953,0.0371690262282373
Symbiodinium36955,0.195680668359927
Symbiodinium36956,-0.223960165411212
Symbiodinium36968,-0.0493870493121686
Symbiodinium36980,0.357025287769195
Symbiodinium36989,0.173093018816189
Symbiodinium36995,-0.263032161445473
Symbiodinium37002,-0.122161561944531
Symbiodinium37011,0.0541968749841019
Symbiodinium37018,-0.10017457687202
Symbiodinium37037,-0.127926347799488
Symbiodinium37042,0.162201586734494
Symbiodinium37045,-0.210552886258595
Symbiodinium37059,0.0916497365463915
Symbiodinium37060,-0.189303207860131
Symbiodinium37067,-0.0922110428369564
Symbiodinium37089,0.075357366395783
Symbiodinium37090,0.306602276735398
Symbiodinium37093,-0.284860560642967
Symbiodinium37094,-0.327662939581464
Symbiodinium37108,-0.0130764519993999
Symbiodinium37111,-0.238206553164913
Symbiodinium37124,0.107807103871792
Symbiodinium37125,-0.448045870854828
Symbiodinium37145,-0.375726813063482
Symbiodinium37161,-0.175652508746231
Symbiodinium37164,0.120114194885434
Symbiodinium37166,-0.104269021133454
Symbiodinium37172,-0.140251443785152
Symbiodinium37198,-0.121889711449741
Symbiodinium37204,-0.111890109103108
Symbiodinium37236,-0.0843994701393058
Symbiodinium37246,-0.0524151999609063
Symbiodinium37251,0.0311302093648621
Symbiodinium37255,-0.285691036518152
Symbiodinium37256,0.229945900005041
Symbiodinium37258,-0.0151709639715234
Symbiodinium37267,0.156858233031985
Symbiodinium37274,-0.0866854754537949
Symbiodinium37281,-0.54181771016229
Symbiodinium37283,0.15937169329334
Symbiodinium37285,-0.0252135541126176
Symbiodinium37293,-0.159910023404884
Symbiodinium37297,0.0465353673141702
Symbiodinium37309,0.409981686313026
Symbiodinium37316,0.111108351773116
Symbiodinium37325,0.228110245572399
Symbiodinium37331,-0.184350234716916
Symbiodinium37350,-0.148742433440808
Symbiodinium37353,-0.0756616982170415
Symbiodinium37357,-0.214484714395016
Symbiodinium37364,0.218797190159814
Symbiodinium37373,-0.163175826862712
Symbiodinium37376,0.202415451331547
Symbiodinium37379,0.0473993540681427
Symbiodinium37410,0.331683457684817
Symbiodinium37414,0.115417833151549
Symbiodinium37426,-0.229415451337162
Symbiodinium37430,-0.283301211809214
Symbiodinium37440,0.0777802748948069
Symbiodinium37441,-0.194381588256772
Symbiodinium37444,0.443106123049063
Symbiodinium37450,0.124351343274258
Symbiodinium37454,-0.0479485974199881
Symbiodinium37455,-0.02470379279783
Symbiodinium37469,-0.0947667360106667
Symbiodinium37471,0.264735307472517
Symbiodinium37481,0.0728304358543828
Symbiodinium37488,0.130469177848053
Symbiodinium37489,-0.118540522341034
Symbiodinium37490,-0.188910265145632
Symbiodinium37500,-0.131654799862927
Symbiodinium37504,0.00661011001077126
Symbiodinium37517,0.185261630112048
Symbiodinium37528,-0.438389981630302
Symbiodinium37536,-0.0517857375649374
Symbiodinium37537,-0.312343154457617
Symbiodinium37538,0.106052384726075
Symbiodinium37552,0.253098706658872
Symbiodinium37565,-0.242866583658682
Symbiodinium37579,-0.234847108734286
Symbiodinium37597,-0.375271920896768
Symbiodinium37609,0.302684489874862
Symbiodinium37615,0.120560943794388
Symbiodinium37621,0.0323052820220604
Symbiodinium37656,0.0649084214406683
Symbiodinium37660,0.187639269943417
Symbiodinium37665,-0.438770975540442
Symbiodinium37667,-0.234145110340449
Symbiodinium37673,-0.238220905234806
Symbiodinium37678,-0.0574674389554612
Symbiodinium3768,-1.59285966825935
Symbiodinium37691,-0.0698738142823204
Symbiodinium37700,0.200496385646276
Symbiodinium37702,0.0735028744641457
Symbiodinium37723,0.328929676465703
Symbiodinium37725,-0.0975078556191851
Symbiodinium37736,0.322733080841586
Symbiodinium37747,-0.354837323614942
Symbiodinium37751,0.0898811108204848
Symbiodinium37766,-0.108735027668326
Symbiodinium37791,-0.317965880155515
Symbiodinium37807,0.0340337145843667
Symbiodinium37814,0.0145611426928886
Symbiodinium37815,-0.0516269802966625
Symbiodinium37834,-0.258042257337696
Symbiodinium37847,0.0865650787437302
Symbiodinium37874,-0.20949131046453
Symbiodinium37875,-0.0905548473665208
Symbiodinium37897,0.0354396712922153
Symbiodinium37906,-0.127116538629192
Symbiodinium37914,-0.117705611175216
Symbiodinium37930,-0.167994798645911
Symbiodinium37938,-0.112807740970329
Symbiodinium37945,-0.282992621329151
Symbiodinium37950,-0.0178843762448365
Symbiodinium37959,0.224158904169879
Symbiodinium37972,-0.0866156299341314
Symbiodinium37974,0.433547779230626
Symbiodinium37987,0.0955532417772728
Symbiodinium38002,0.216110354899643
Symbiodinium38016,0.438439417577935
Symbiodinium38028,-0.200243152589026
Symbiodinium38048,-0.168390669021419
Symbiodinium38051,0.0271787210207856
Symbiodinium38067,-0.0780827584825232
Symbiodinium38069,-0.0698451858333191
Symbiodinium38086,-0.340532509721829
Symbiodinium38108,-0.228700590878854
Symbiodinium38146,0.0857102348763278
Symbiodinium38153,-0.0881410826859702
Symbiodinium38167,-0.117336747290887
Symbiodinium38178,-0.452136000240263
Symbiodinium38182,0.255960313945697
Symbiodinium38222,-0.0521781566826251
Symbiodinium38230,0.00295296837129448
Symbiodinium38239,0.343763652630951
Symbiodinium38244,-0.73450097316986
Symbiodinium38271,0.125665551364515
Symbiodinium38289,-0.131645376310162
Symbiodinium38296,0.107336222268541
Symbiodinium38297,0.134473911693844
Symbiodinium38339,0.148503679211723
Symbiodinium38365,-0.136230223060266
Symbiodinium38386,-0.231704434774172
Symbiodinium38390,-0.883092875429204
Symbiodinium38394,0.128808214467877
Symbiodinium38395,0.358792937272274
Symbiodinium38396,0.242988173460672
Symbiodinium38401,-0.00645106741991166
Symbiodinium38408,-0.171678695635162
Symbiodinium38419,0.0104323840148376
Symbiodinium38427,-0.440686734729941
Symbiodinium38428,0.272087788055363
Symbiodinium38431,0.166095525424682
Symbiodinium38446,0.241691955466987
Symbiodinium38464,0.0847871847010407
Symbiodinium38471,0.396815882007153
Symbiodinium38484,0.000167302986794309
Symbiodinium38485,-0.257906276931716
Symbiodinium38499,0.0916817143768529
Symbiodinium38501,0.0555192182260672
Symbiodinium38520,-0.111349093233087
Symbiodinium38526,-0.000193799016331488
Symbiodinium38537,0.10466539559296
Symbiodinium38556,-0.318305792402398
Symbiodinium38567,0.129036102739702
Symbiodinium38569,-0.333385333914528
Symbiodinium38579,0.273620667142946
Symbiodinium38604,0.230023917764897
Symbiodinium38610,-0.0211657621534665
Symbiodinium38626,0.181234023431564
Symbiodinium38642,-0.0874681125194401
Symbiodinium38646,-0.142533551668595
Symbiodinium38659,0.0941220268135161
Symbiodinium38688,0.00062915330172913
Symbiodinium38698,-0.223695158223165
Symbiodinium38703,-0.0363390819011286
Symbiodinium38738,-0.0606816175200909
Symbiodinium38750,0.0841979021735873
Symbiodinium38755,0.174881061313926
Symbiodinium38760,0.231497217026964
Symbiodinium38769,-0.18376624551303
Symbiodinium38791,-0.523140552384944
Symbiodinium38803,0.154588740634645
Symbiodinium38805,-0.0520614676416476
Symbiodinium38811,0.0788022172602616
Symbiodinium38812,0.189575103480413
Symbiodinium38826,0.414230713056046
Symbiodinium38828,-0.089105889977058
Symbiodinium38832,-0.100072494737831
Symbiodinium38853,0.113412512654679
Symbiodinium38869,0.349024879908712
Symbiodinium38892,-0.0583313335575476
Symbiodinium38902,-0.212704370074695
Symbiodinium38904,0.0391359766750161
Symbiodinium38908,-0.526453892138162
Symbiodinium38928,-0.237259392238658
Symbiodinium38941,0.231953975012233
Symbiodinium38947,0.773720447283101
Symbiodinium38957,0.0146921929932132
Symbiodinium38982,-0.168471252594835
Symbiodinium38984,0.288134148006308
Symbiodinium38986,-0.169513619303748
Symbiodinium38995,0.139695072044721
Symbiodinium39022,0.0616606441259619
Symbiodinium39056,0.0866556276981391
Symbiodinium39058,-0.0224912881167719
Symbiodinium39059,-0.0467909526812232
Symbiodinium39065,0.123186290828774
Symbiodinium39067,-0.133784914082596
Symbiodinium39072,0.117830816077076
Symbiodinium39075,-0.10484772033528
Symbiodinium39076,0.265232585207831
Symbiodinium39097,0.18183780846513
Symbiodinium39124,-0.123470485288529
Symbiodinium39127,0.361616036208609
Symbiodinium39135,-0.0332099881014349
Symbiodinium39149,-0.301323317845685
Symbiodinium39151,-0.146840042264102
Symbiodinium39180,0.0162323294820486
Symbiodinium39181,0.0157900054567792
Symbiodinium39183,0.0334422341024383
Symbiodinium39202,-0.197731206602077
Symbiodinium39223,0.194789180821929
Symbiodinium39238,0.255466306786622
Symbiodinium39313,-0.0653379426996998
Symbiodinium39340,0.0313388044051385
Symbiodinium39341,-0.176185058777077
Symbiodinium39351,0.45128502942557
Symbiodinium39401,-0.18901164709221
Symbiodinium39405,-0.172178002943383
Symbiodinium39441,-0.21535253593828
Symbiodinium39448,0.169904044739458
Symbiodinium39458,0.156928761655437
Symbiodinium39462,0.0824857062115788
Symbiodinium39496,-0.221810755090079
Symbiodinium39500,-0.26483424401889
Symbiodinium39520,0.117850848452685
Symbiodinium39535,0.0107422386406875
Symbiodinium39561,-0.0375088657097061
Symbiodinium39593,0.0545624568409576
Symbiodinium39598,-0.321698654634438
Symbiodinium39613,0.221965719283946
Symbiodinium39628,-0.0797995288237288
Symbiodinium39663,0.325066976919144
Symbiodinium39672,-0.588618584980296
Symbiodinium39673,-0.0704596628775651
Symbiodinium39704,-0.0517687019663733
Symbiodinium39712,-0.124232658461005
Symbiodinium39721,0.182541082511747
Symbiodinium39724,0.189697151002962
Symbiodinium39736,0.308199946504491
Symbiodinium39806,0.0893629016165945
Symbiodinium39831,0.0590496798455142
Symbiodinium39834,0.134772961684731
Symbiodinium39870,0.0503873102432127
Symbiodinium39879,-0.00548366564088359
Symbiodinium39881,0.272339513055277
Symbiodinium39884,-0.146233181344047
Symbiodinium39899,-0.00490397217501516
Symbiodinium39927,0.15869186518124
Symbiodinium39951,0.0768150519547194
Symbiodinium39954,-0.108678055348028
Symbiodinium39955,-0.193817102665816
Symbiodinium39959,0.0604760896334943
Symbiodinium39973,0.165828071687971
Symbiodinium39978,0.0759631918761794
Symbiodinium39997,0.217158470885815
Symbiodinium40018,0.023007747867385
Symbiodinium40031,0.264470246263295
Symbiodinium40043,-0.0721614104628558
Symbiodinium40047,-0.241994150532801
Symbiodinium40063,-0.127306501206695
Symbiodinium40067,0.138936957199643
Symbiodinium40074,-0.33365980639717
Symbiodinium40096,-0.261102938160541
Symbiodinium40106,0.423813806941761
Symbiodinium40115,0.321103129532418
Symbiodinium40128,0.00694747883399227
Symbiodinium40143,0.102848175323528
Symbiodinium40163,-0.321954606066403
Symbiodinium40165,-0.140062722911653
Symbiodinium40169,0.300723007326847
Symbiodinium40172,0.126077188892269
Symbiodinium40178,0.306112438376542
Symbiodinium40194,0.188850061236782
Symbiodinium40200,-0.0546141976841703
Symbiodinium40210,-0.0921263694440395
Symbiodinium40231,-0.117321865611482
Symbiodinium40238,-0.101675597771204
Symbiodinium40244,-0.103634696875781
Symbiodinium40265,-0.142590553639977
Symbiodinium40277,-0.217428815089728
Symbiodinium40294,0.320169628017619
Symbiodinium40295,0.0689275967123986
Symbiodinium40296,0.41109410027291
Symbiodinium40305,0.00429978567933145
Symbiodinium40312,-0.0466401878985996
Symbiodinium40313,0.66553706295348
Symbiodinium40315,0.0518428315183934
Symbiodinium40316,0.0436902318856071
Symbiodinium40326,-0.0618762974374504
Symbiodinium40331,0.160712309666228
Symbiodinium40339,-1.37370087699181
Symbiodinium40341,0.376340517007256
Symbiodinium40347,-0.0153785028875969
Symbiodinium40365,0.469875212329506
Symbiodinium40380,-0.0542202108871654
Symbiodinium40397,0.273597696496754
Symbiodinium40412,0.324400019180871
Symbiodinium40415,0.260969036893914
Symbiodinium40430,-0.0406976303514255
Symbiodinium40439,0.350336950606433
Symbiodinium40445,-0.193061116582038
Symbiodinium40456,0.236639437789806
Symbiodinium40459,0.141338322663448
Symbiodinium40464,-0.126555092948265
Symbiodinium40486,0.461348632518098
Symbiodinium40488,0.0431521972845989
Symbiodinium40512,-0.130395072534718
Symbiodinium40513,-0.220794098190543
Symbiodinium40540,-0.0678501070296403
Symbiodinium40541,-0.210148699660613
Symbiodinium40602,-0.0979476691977877
Symbiodinium40603,-0.0187491529246327
Symbiodinium40618,-0.529589386865045
Symbiodinium40620,-0.480667702654916
Symbiodinium40625,-0.134460511578396
Symbiodinium40644,0.0261507704832435
Symbiodinium40683,-0.164476411991025
Symbiodinium40693,0.488158584898162
Symbiodinium40698,-0.0999891595900291
Symbiodinium40702,-0.603617330443937
Symbiodinium40708,-0.159587611079413
Symbiodinium40738,0.13899485842098
Symbiodinium40752,-0.294286947094887
Symbiodinium40765,0.108635419358827
Symbiodinium40797,-0.0404434365499005
Symbiodinium40806,0.339316959430605
Symbiodinium40807,-0.0480810725418994
Symbiodinium40826,-0.0730517678435463
Symbiodinium40846,-0.258981447975707
Symbiodinium40847,-0.455687859496603
Symbiodinium40852,0.310642506591513
Symbiodinium40881,-0.127688027717866
Symbiodinium40950,0.209338014053631
Symbiodinium40951,-0.275291074892653
Symbiodinium40956,0.191356664758109
Symbiodinium40988,0.0668388982687301
Symbiodinium41021,-0.18483065032129
Symbiodinium41058,-0.175554922828715
Symbiodinium41063,-0.121989880729162
Symbiodinium41095,-0.243151290195028
Symbiodinium41125,0.326480254413672
Symbiodinium41137,-0.092986371590022
Symbiodinium41153,-0.274592210349691
Symbiodinium41156,-0.387209175944459
Symbiodinium41173,-0.110756317138365
Symbiodinium41211,0.212121856982556
Symbiodinium41260,-0.388273284026699
Symbiodinium41281,0.136605320718873
Symbiodinium41288,-0.0706473766462332
Symbiodinium41299,-0.370908661149016
Symbiodinium41321,-0.123157924163706
Symbiodinium41373,0.0772513718612234
Symbiodinium41404,-0.114107640540728
Symbiodinium41408,-0.23014864061795
Symbiodinium41486,0.328875231759811
Symbiodinium41488,-0.220449574812818
Symbiodinium41506,0.296506755144689
Symbiodinium41507,0.170003439495629
Symbiodinium41535,-0.114107141244648
Symbiodinium41546,-0.232398713514216
Symbiodinium41551,0.192515658092215
Symbiodinium41555,0.0861973479073568
Symbiodinium41575,0.0501847560897742
Symbiodinium41588,-0.361538622959269
Symbiodinium41599,-0.182084076784819
Symbiodinium41604,0.246669591349135
Symbiodinium41627,-0.117898320894654
Symbiodinium41657,-0.0567093188142927
Symbiodinium41661,0.592610393100414
Symbiodinium41663,-0.353952921563989
Symbiodinium41664,-0.422100046775671
Symbiodinium41669,0.195433526373295
Symbiodinium41679,-0.336393594878177
Symbiodinium41686,0.294969333755921
Symbiodinium41712,0.463834208187656
Symbiodinium41713,0.248591613870034
Symbiodinium41719,0.411486133522869
Symbiodinium41729,0.261219657111874
Symbiodinium41742,0.474480629738393
Symbiodinium41743,-0.108444024633594
Symbiodinium41761,-0.480007073955141
Symbiodinium41774,-0.338225337180211
Symbiodinium41799,0.165870625022892
Symbiodinium41828,-0.263457911314369
Symbiodinium41854,0.0116622383113873
Symbiodinium41856,0.125812027156105
Symbiodinium41870,-0.273409716490609
Symbiodinium41889,0.0274412974477679
Symbiodinium41901,0.382726619572503
Symbiodinium41922,0.130416362322315
Symbiodinium41976,0.317022832805763
Symbiodinium41997,-0.156525299913399
Symbiodinium42015,-0.0519911870303937
Symbiodinium42026,0.238146257078369
Symbiodinium42028,-0.259287368678183
Symbiodinium42043,-0.0656102874545999
Symbiodinium42061,-0.0093590588844753
Symbiodinium42072,0.136688199297448
Symbiodinium42105,0.453345071737717
Symbiodinium42144,0.215563248025072
Symbiodinium42208,-0.123780058356848
Symbiodinium42273,-0.267577756718907
Symbiodinium42285,-0.226931473220156
Symbiodinium42291,0.0462154793442044
Symbiodinium42293,0.176603912402781
Symbiodinium42299,-0.175591064012551
Symbiodinium42315,-0.0635708874758464
Symbiodinium42323,0.0727733820958488
Symbiodinium42350,-0.0427453640720842
Symbiodinium42379,0.223286581554574
Symbiodinium42405,0.268061410766667
Symbiodinium42457,0.0215116207598756
Symbiodinium42458,-0.103285543438486
Symbiodinium42486,-0.0313772653662124
Symbiodinium42543,-0.343578632554994
Symbiodinium42553,0.504520212560341
Symbiodinium42559,0.0832447246513622
Symbiodinium42595,0.1917806398179
Symbiodinium42685,0.0534943004615917
Symbiodinium42702,-0.335258490288972
Symbiodinium42722,-0.0823567865189014
Symbiodinium42791,-0.0508917883137299
Symbiodinium42819,0.420772817443404
Symbiodinium42981,0.0776452602593925
Symbiodinium42993,-0.326345597082283
Symbiodinium43022,0.44025479124
Symbiodinium43038,0.160763479581129
Symbiodinium43109,0.0237304289690877
Symbiodinium43132,-0.358508979326382
Symbiodinium43133,-0.169865721262766
Symbiodinium43161,0.0829294336039654
Symbiodinium43207,0.160029270261268
Symbiodinium43214,0.190254764067916
Symbiodinium43219,-0.085607499559944
Symbiodinium43230,0.461842212907449
Symbiodinium43232,-0.00639911453506621
Symbiodinium43305,0.595887538529738
Symbiodinium43318,0.212979656536021
Symbiodinium43346,0.101618754111732
Symbiodinium43347,-0.208500109678216
Symbiodinium43365,-0.0907190669017074
Symbiodinium43422,0.204974313207007
Symbiodinium43440,0.107190419875841
Symbiodinium43454,0.326296958140367
Symbiodinium43526,-0.103139737060878
Symbiodinium43562,-0.0928683696980657
Symbiodinium43564,-0.415216721227167
Symbiodinium43595,0.200557072286884
Symbiodinium43621,-0.144463854701772
Symbiodinium43635,0.368382141709555
Symbiodinium43656,0.072992773931649
Symbiodinium43668,-0.0917277763022619
Symbiodinium43691,-0.222751045421176
Symbiodinium43747,0.103737086706875
Symbiodinium43761,-0.0125012008479801
Symbiodinium43776,0.125906965424421
Symbiodinium43814,-0.274875541950997
Symbiodinium43925,0.00978860804913796
Symbiodinium43946,-0.138133779559441
Symbiodinium43981,-0.0700205619905977
Symbiodinium44001,-0.103882987256243
Symbiodinium44015,-0.127952889564875
Symbiodinium44074,-0.120869816459837
Symbiodinium44141,-0.136258813868023
Symbiodinium44142,-0.159811389177256
Symbiodinium44194,0.516041357210182
Symbiodinium44249,0.0593361265012201
Symbiodinium44262,0.0652473074309924
Symbiodinium44318,0.3973620426996
Symbiodinium44350,0.0583785227735316
Symbiodinium44397,0.119077900452207
Symbiodinium44428,0.251254976631921
Symbiodinium44467,-0.155404690385834
Symbiodinium44534,-0.148566778531687
Symbiodinium44753,-0.317374340963197
Symbiodinium44784,-0.245623295380201
Symbiodinium44791,0.558134832239577
Symbiodinium44814,-0.011228663730721
Symbiodinium44901,0.174084903025814
Symbiodinium45022,0.189016618478009
Symbiodinium45033,0.0772452154299068
Symbiodinium45054,-0.141299816775652
Symbiodinium45055,-0.358572723718608
Symbiodinium45293,0.111811344941404
Symbiodinium45304,0.207284323428057
Symbiodinium45315,-0.449100500728842
Symbiodinium45337,-0.0359431341832168
Symbiodinium45406,0.108162068585934
Symbiodinium45484,-0.107657552937041
Symbiodinium45534,0.0709793076093161
Symbiodinium45565,-0.324055486523785
Symbiodinium45599,-0.121446953241475
Symbiodinium45636,-0.07732513044475
Symbiodinium45657,0.128361331195742
Symbiodinium45733,0.185154611551794
Symbiodinium45736,0.450347613149033
Symbiodinium45751,-0.135207503032108
Symbiodinium45793,0.170998620508168
Symbiodinium45801,-0.102377715286834
Symbiodinium45820,-0.241708601464953
Symbiodinium45848,-0.114382212845886
Symbiodinium45865,0.0409792768353277
Symbiodinium45883,0.313972849883253
Symbiodinium45945,-0.396696684018089
Symbiodinium45954,0.115297262247814
Symbiodinium45971,-0.00963688047553215
Symbiodinium46023,0.0380785663259709
Symbiodinium46064,-0.148070362616404
Symbiodinium46248,-0.159137773594263
Symbiodinium46261,0.495565486851411
Symbiodinium46354,-0.0753733835320594
Symbiodinium46450,-0.376261205435499
Symbiodinium46481,-0.209803217603467
Symbiodinium46539,-0.104306255251109
Symbiodinium46633,-0.128585338588947
Symbiodinium46690,0.103143484228701
Symbiodinium46747,0.0886168274691936
Symbiodinium46749,0.109935889188724
Symbiodinium46779,-0.0766637699473658
Symbiodinium46794,-0.281122601502028
Symbiodinium46842,-0.127024182169175
Symbiodinium46852,0.25012534720759
Symbiodinium46868,-0.010390503316385
Symbiodinium46938,-0.151908134296558
Symbiodinium46948,-0.341742862802222
Symbiodinium46982,-0.137702666997857
Symbiodinium47121,-0.31310388232769
Symbiodinium47134,-0.157839468607955
Symbiodinium47248,-0.0255798052569333
Symbiodinium47327,0.306051384020599
Symbiodinium4736,0.0914810706159895
Symbiodinium47388,0.00182878295638852
Symbiodinium47481,-0.215861942871795
Symbiodinium47632,0.0303312216669233
Symbiodinium47752,-0.173297153541321
Symbiodinium47756,-0.667364575051138
Symbiodinium47809,-0.102471834356797
Symbiodinium47834,-0.376796821777545
Symbiodinium47973,0.199623561217798
Symbiodinium48111,0.285108403610357
Symbiodinium48315,-0.155001430623359
Symbiodinium48592,0.401731942995692
Symbiodinium48928,0.0638354118308096
Symbiodinium48945,0.0551580556768618
Symbiodinium49005,-0.383303795330933
Symbiodinium49266,0.0638129976824709
Symbiodinium49352,0.195803914251328
Symbiodinium49426,0.145612235411542
Symbiodinium49781,-0.193110316300783
Symbiodinium49833,-0.103193443178068
Symbiodinium49835,-0.115349113322325
Symbiodinium49957,0.000929692418656447
Symbiodinium50014,0.141783170015594
Symbiodinium50054,0.191849535565101
Symbiodinium50249,-0.239834616278057
Symbiodinium5027,0.0624532553288641
Symbiodinium50284,-0.497236402021187
Symbiodinium50778,0.21203792476938
Symbiodinium51017,-0.161763305465271
Symbiodinium51476,-0.711334938526
Symbiodinium51489,0.144983560405934
Symbiodinium52456,-0.352528051486504
Symbiodinium52487,-0.282497420988323
Symbiodinium52533,-0.378175665910278
Symbiodinium52726,-0.730215496891121
Symbiodinium52805,-0.0315947862047922
Symbiodinium5298,0.0226481895380799
Symbiodinium53083,0.0270485538942971
Symbiodinium53107,-0.363905214665616
Symbiodinium54784,-0.0868627367362644
Symbiodinium54789,0.221533713003763
Symbiodinium55500,0.0517811992514471
Symbiodinium55785,0.0477865963735156
Symbiodinium56090,0.150370466989622
Symbiodinium56109,-0.35047306963983
Symbiodinium56121,-0.246709748834564
Symbiodinium56179,0.101354290957114
Symbiodinium56569,-0.143209739657982
Symbiodinium56626,0.0180711047581604
Symbiodinium56798,0.0837705971212108
Symbiodinium56920,0.105648914614933
Symbiodinium56976,-0.182122078917414
Symbiodinium5749,-0.153188066430948
Symbiodinium57638,0.0132773873534772
Symbiodinium5781,-0.0346108560134202
Symbiodinium58143,-0.183332934382231
Symbiodinium58305,0.110451374854529
Symbiodinium59117,-0.450698279167207
Symbiodinium5913,-0.656148394911007
Symbiodinium59444,-0.538068080457493
Symbiodinium59447,-0.0995684325239845
Symbiodinium59538,-0.2165929388946
Symbiodinium59644,0.344167047300781
Symbiodinium5971,-0.0800723655398466
Symbiodinium6025,-0.398395645633377
Symbiodinium60251,-0.123838982344633
Symbiodinium6198,0.211226015602449
Symbiodinium6199,0.0473130226220853
Symbiodinium6236,-0.225711299309649
Symbiodinium6269,0.163064226162292
Symbiodinium62953,0.199809613938058
Symbiodinium6339,0.0419749199734586
Symbiodinium6379,0.0812739019397091
Symbiodinium63887,0.179028788857818
Symbiodinium6394,-0.185558545142714
Symbiodinium6442,-0.147368254342885
Symbiodinium64421,0.689168738271351
Symbiodinium6481,-0.108229924417573
Symbiodinium6498,-0.0602375555906066
Symbiodinium6523,-0.252581607241416
Symbiodinium6540,-0.289503688067595
Symbiodinium6545,-0.0389101819817579
Symbiodinium6558,-0.50982373577321
Symbiodinium6568,0.159461688579289
Symbiodinium6679,0.141327828210409
Symbiodinium6707,0.451577406339243
Symbiodinium6720,-0.277643417296475
Symbiodinium67639,0.481140958638048
Symbiodinium6905,-0.112304178708534
Symbiodinium6908,-0.0132407004178637
Symbiodinium69203,0.253875415714358
Symbiodinium6955,-0.215300780120728
Symbiodinium69550,-0.262627985663928
Symbiodinium6971,-0.110047201421878
Symbiodinium69847,0.720816118578144
Symbiodinium70177,-0.0559554547417682
Symbiodinium7055,-0.105645017354708
Symbiodinium70567,0.748109374718157
Symbiodinium70865,-0.16297130746671
Symbiodinium7138,-0.1426260677641
Symbiodinium7153,-0.290461801054741
Symbiodinium71546,0.187675133165796
Symbiodinium7203,0.0136588263467221
Symbiodinium7218,-0.135544130757985
Symbiodinium7224,-0.220358795802729
Symbiodinium7234,-0.018180622494722
Symbiodinium7243,-0.159163277599922
Symbiodinium7248,-0.336573040793604
Symbiodinium72611,-0.00445262269045429
Symbiodinium7272,-0.0275222249013013
Symbiodinium7280,0.0729385908503805
Symbiodinium72821,1.41614352588095
Symbiodinium72933,-1.32225718324343
Symbiodinium7307,0.631698560030541
Symbiodinium7318,0.15632824534799
Symbiodinium7340,0.143529909978205
Symbiodinium7345,-0.0739145876306468
Symbiodinium7356,0.191866026027776
Symbiodinium7362,0.120629826852532
Symbiodinium7364,0.0140806438841867
Symbiodinium7365,-0.0736048445913842
Symbiodinium7371,0.210778580493664
Symbiodinium7379,0.00549023119365228
Symbiodinium7392,0.357096575946899
Symbiodinium7397,-0.428836507825991
Symbiodinium7411,0.401283914635954
Symbiodinium7427,-0.289179767560348
Symbiodinium7460,-0.0137026655681359
Symbiodinium7475,0.204231756294876
Symbiodinium7519,-0.0886814937269303
Symbiodinium7526,0.238260321342929
Symbiodinium75326,0.411019689500807
Symbiodinium75797,0.0098772164542783
Symbiodinium7582,0.197139969554132
Symbiodinium7609,-0.149060183002793
Symbiodinium7611,-0.396204443729316
Symbiodinium7615,-0.0631111754927156
Symbiodinium7632,0.248366066293046
Symbiodinium7633,0.00420020582046255
Symbiodinium7636,-0.123242925744204
Symbiodinium7646,-0.109103009755402
Symbiodinium7649,-0.167496282209267
Symbiodinium7664,0.298909805246322
Symbiodinium7684,0.259969893397181
Symbiodinium7706,-0.0200278013261506
Symbiodinium7719,-0.114838917916187
Symbiodinium7732,-0.0955567071553161
Symbiodinium7733,-0.384213449459792
Symbiodinium7738,0.43847285302747
Symbiodinium7746,0.258665513895938
Symbiodinium7752,0.0808118163135262
Symbiodinium7755,0.0124528360429117
Symbiodinium7756,0.340678109127602
Symbiodinium7757,-0.183720914858283
Symbiodinium7782,0.183182579156911
Symbiodinium7785,-0.406344553278325
Symbiodinium7788,-0.254216763105287
Symbiodinium7793,0.146861415208451
Symbiodinium7794,0.18885763933828
Symbiodinium7795,0.108437973228459
Symbiodinium7802,-0.018362470866774
Symbiodinium7813,-0.0722857433992709
Symbiodinium7822,-0.213074118849487
Symbiodinium7823,0.0837744379243862
Symbiodinium7832,-0.384617432881071
Symbiodinium7833,0.14568538250987
Symbiodinium7847,-0.0162024075429602
Symbiodinium7864,0.14869088772938
Symbiodinium7880,-0.482775535833544
Symbiodinium7881,-0.218703201028607
Symbiodinium7894,0.635933034155879
Symbiodinium7896,-0.307894181826583
Symbiodinium7905,-0.0293177892632011
Symbiodinium7907,0.032364051440463
Symbiodinium7911,0.207200976068789
Symbiodinium7917,-0.0568279443764451
Symbiodinium7923,0.345668820595177
Symbiodinium7932,-0.122555277137968
Symbiodinium7933,0.116420179306332
Symbiodinium7937,-0.081524522700207
Symbiodinium7942,-0.0685629095333981
Symbiodinium7946,0.0507679998541096
Symbiodinium7947,0.264224933967084
Symbiodinium7952,0.247161349270126
Symbiodinium7954,-0.049264610806727
Symbiodinium7970,-0.568243326253467
Symbiodinium7972,0.0278125304806817
Symbiodinium7987,0.0653832239761842
Symbiodinium7989,0.247188896416304
Symbiodinium7998,-0.109470745442517
Symbiodinium8003,0.110405960549385
Symbiodinium8006,0.319727169027749
Symbiodinium8011,-0.207254817874936
Symbiodinium8013,0.122884624943246
Symbiodinium8021,-0.235423464273506
Symbiodinium8022,0.298774173106072
Symbiodinium8024,0.0341488506342231
Symbiodinium8035,-0.103736313178254
Symbiodinium8044,0.0705610911033397
Symbiodinium8052,0.347380556528719
Symbiodinium8058,0.233994227727978
Symbiodinium8068,-0.412799208457384
Symbiodinium8073,-0.00140528190782486
Symbiodinium8078,0.0661824812080462
Symbiodinium8090,0.244071201076842
Symbiodinium8092,-0.120779628559262
Symbiodinium8099,-0.280716786301336
Symbiodinium8102,0.00988139433767918
Symbiodinium8115,-0.252955643659759
Symbiodinium8130,-0.179116839237999
Symbiodinium8158,-0.0846055202858904
Symbiodinium8159,-0.120777042927506
Symbiodinium8174,-0.0377944655055603
Symbiodinium8182,0.301264474938
Symbiodinium8183,-0.179539547303388
Symbiodinium8187,0.11368694668164
Symbiodinium8191,-0.365511251711178
Symbiodinium8193,-0.143159707382993
Symbiodinium8198,-0.128740383040753
Symbiodinium8201,0.0720778338891925
Symbiodinium8209,0.0973275053278797
Symbiodinium8363,0.36192280748884
Symbiodinium8380,-0.374251344558011
Symbiodinium8396,-0.1629313576516
Symbiodinium8398,-0.218085029373122
Symbiodinium8421,0.101219890487617
Symbiodinium8459,0.0572303052587961
Symbiodinium8461,-0.229515028678423
Symbiodinium8514,0.175988537706799
Symbiodinium8527,0.188392042313702
Symbiodinium8579,-0.131072129105963
Symbiodinium8593,-0.553798213650827
Symbiodinium8633,-0.0843015480605938
Symbiodinium8634,0.132698541912926
Symbiodinium8642,0.0408678879837463
Symbiodinium8651,-0.120754188672676
Symbiodinium8683,-0.228226941626851
Symbiodinium8702,-0.228307743596898
Symbiodinium8711,-0.000135632998437316
Symbiodinium8716,0.243554225962067
Symbiodinium8720,-0.156979398235581
Symbiodinium8814,-0.372675101607332
Symbiodinium8893,-0.0203181703038445
Symbiodinium8919,0.0077596089755931
Symbiodinium8934,0.177439381842099
Symbiodinium8937,0.264240884268279
Symbiodinium8943,0.229398277637869
Symbiodinium8978,-0.210818399829736
Symbiodinium9011,-0.379037563596082
Symbiodinium9019,0.151715120689406
Symbiodinium9024,0.0877985592777425
Symbiodinium9122,-0.0843838080119559
Symbiodinium9128,0.0702353783133424
Symbiodinium9164,0.28043774062928
Symbiodinium9176,-0.280531029918263
Symbiodinium9196,0.311617619066144
Symbiodinium9239,-0.191623242451549
Symbiodinium9279,-0.161284385785262
Symbiodinium9296,0.0530396133440844
Symbiodinium9302,-0.0944111978740544
Symbiodinium9306,-0.0360678854602363
Symbiodinium9349,-0.0741468187749978
Symbiodinium9384,0.0488970199108109
Symbiodinium9393,0.301589152048935
Symbiodinium9411,-0.288979120705244
Symbiodinium9414,0.152777542601545
Symbiodinium9436,0.142628982405211
Symbiodinium9464,-0.0477994644280975
Symbiodinium9470,-0.0812241313423744
Symbiodinium9504,-0.215456621536488
Symbiodinium9540,-0.10804125439299
Symbiodinium9574,-0.210268256423942
Symbiodinium9580,0.0225755601372819
Symbiodinium9608,-0.0802754978610322
Symbiodinium9636,-0.158782024700432
Symbiodinium9656,0.50072737541317
Symbiodinium9675,0.18985130629878
Symbiodinium9696,-0.253658698356989
Symbiodinium976,0.10144062594964
Symbiodinium9765,0.0314669435130882
Symbiodinium9766,-0.00481332919123251
Symbiodinium9780,-0.24798834004213
Symbiodinium9800,-0.00575541397211789
Symbiodinium9805,-0.13666203635488
Symbiodinium9827,-0.190276955226659
Symbiodinium9842,0.224394517315142
Symbiodinium9856,0.253919907151144
Symbiodinium9863,0.295228826348473
Symbiodinium9880,0.369314461531336
Symbiodinium9895,0.276704961328853
Symbiodinium9896,-0.0628162458425494
Symbiodinium9906,-0.247111307807196
Symbiodinium9912,-0.297481937156961
Symbiodinium9917,0.148171210203672
Symbiodinium9950,0.0189559401618585
Symbiodinium9961,0.20212494129344
