gene,lpv
Symbiodinium10001,-0.0140329406037709
Symbiodinium10005,0.107060184442553
Symbiodinium10006,0.158785033196743
Symbiodinium10007,0.181240065489661
Symbiodinium10020,-0.0355333716571159
Symbiodinium10029,0.0284460986577763
Symbiodinium10030,-0.246939726402447
Symbiodinium10032,-0.108784041435646
Symbiodinium10039,0.592002715245585
Symbiodinium10047,0.0956588640860977
Symbiodinium10050,-0.0983302139610468
Symbiodinium10066,-0.144601015497602
Symbiodinium10074,0.00740559470589527
Symbiodinium10075,0.400844413145497
Symbiodinium10085,-0.89481717736141
Symbiodinium10087,-0.635084631302256
Symbiodinium10090,0.00984945379430449
Symbiodinium10093,0.141625394643183
Symbiodinium10095,0.0781808172351649
Symbiodinium10107,0.130667519858312
Symbiodinium10120,0.377034610873222
Symbiodinium10122,4.07951834483539
Symbiodinium10129,0.045212991335242
Symbiodinium10135,-0.144193031916339
Symbiodinium10136,0.250155949753386
Symbiodinium10139,-0.0336933222155027
Symbiodinium10140,0.0892284809511527
Symbiodinium10143,0.427048369496287
Symbiodinium10145,-0.0673213458662121
Symbiodinium10154,-0.215161407737632
Symbiodinium10158,0.00169370062409049
Symbiodinium10159,0.321048176754753
Symbiodinium10160,0.48064146772571
Symbiodinium10181,-0.117748372202062
Symbiodinium10186,-0.420364478277952
Symbiodinium10196,-0.37802260102646
Symbiodinium10197,0.058125768923428
Symbiodinium10199,-0.167654405156858
Symbiodinium10202,0.527869344707541
Symbiodinium10203,0.00654528837880896
Symbiodinium10206,-0.269660661015052
Symbiodinium10210,0.492061426073415
Symbiodinium10222,-0.0333462195075479
Symbiodinium10227,-0.521133651499337
Symbiodinium10230,0.117574830335994
Symbiodinium10233,0.0660222001834036
Symbiodinium10234,0.285072099563337
Symbiodinium10246,-0.0189634270608753
Symbiodinium10247,-0.0787894605140894
Symbiodinium10254,0.118707954684894
Symbiodinium10256,-1.76532099228857
Symbiodinium10261,-0.0198831325512566
Symbiodinium10273,0.0662844384640763
Symbiodinium10302,-0.0096835513878254
Symbiodinium10308,1.1981566859592
Symbiodinium10313,-0.0147112747835468
Symbiodinium10318,-0.641556741235458
Symbiodinium10328,0.4177334500338
Symbiodinium10329,-0.0916674394427998
Symbiodinium10340,0.209121996351489
Symbiodinium10349,0.148553724285477
Symbiodinium10350,0.154271744027217
Symbiodinium10351,0.00962857470302389
Symbiodinium10354,-0.797932028999079
Symbiodinium10357,0.360427517454501
Symbiodinium10358,-0.459942942775966
Symbiodinium10360,-0.0565319469727214
Symbiodinium10363,-0.177339682807692
Symbiodinium10372,0.0089368239421066
Symbiodinium10377,-0.432341147532914
Symbiodinium10385,0.519857774723917
Symbiodinium10386,-0.251947925603254
Symbiodinium10391,0.10827815555887
Symbiodinium10394,0.148328338118528
Symbiodinium10399,0.288893848021982
Symbiodinium10401,0.100144020769411
Symbiodinium10403,-0.0942579925413464
Symbiodinium10405,0.249794943310942
Symbiodinium10409,-0.00281459351281626
Symbiodinium10410,0.150676712900873
Symbiodinium10411,0.945132736771314
Symbiodinium10412,-0.148969230273187
Symbiodinium10415,-0.021129452373871
Symbiodinium10421,-0.319381180487061
Symbiodinium10423,0.335381302553101
Symbiodinium10426,0.526102771823247
Symbiodinium10428,0.0103239948919001
Symbiodinium10430,0.288187096647326
Symbiodinium10437,0.392470422048509
Symbiodinium10438,-0.285072099563337
Symbiodinium10446,0.0455227335460308
Symbiodinium10453,0.558704339586337
Symbiodinium10458,-0.0850952250673542
Symbiodinium10463,-0.34990827206538
Symbiodinium10467,0.340976865482119
Symbiodinium10468,0.00867691945414652
Symbiodinium10478,0.473283026288181
Symbiodinium10480,-0.120632032515022
Symbiodinium10482,0.095841422240406
Symbiodinium10497,-0.127474094753202
Symbiodinium10509,0.11261115020899
Symbiodinium10513,-0.269660661015052
Symbiodinium10515,0.132246668567024
Symbiodinium10516,0.0370842120113462
Symbiodinium10521,-0.170630329232368
Symbiodinium10522,0.00169370062409049
Symbiodinium10529,-0.51200116623029
Symbiodinium10538,-0.122730396341709
Symbiodinium10547,0.0609391454768931
Symbiodinium10549,-0.00891288757559414
Symbiodinium10550,-0.0598493122437132
Symbiodinium10553,0.0557929028936634
Symbiodinium10556,-0.291860109474787
Symbiodinium10560,-0.8024553212902
Symbiodinium10570,0.122929129791444
Symbiodinium10572,-0.592658395189987
Symbiodinium10573,0.266732092403314
Symbiodinium10577,0.00541068275941436
Symbiodinium10579,0.10573347521476
Symbiodinium10585,0.0668374130101211
Symbiodinium10588,-0.0440670523413063
Symbiodinium10589,-0.0459259823582984
Symbiodinium10594,-0.360210650855124
Symbiodinium10599,0.064392441726923
Symbiodinium10600,0.016822710372555
Symbiodinium10608,-0.235575577018353
Symbiodinium10628,-0.0469021452138359
Symbiodinium10634,-0.594145201058811
Symbiodinium10640,0.191904773263572
Symbiodinium10643,-0.0166042776493096
Symbiodinium10645,0.0395602031787775
Symbiodinium10649,0.548190991216635
Symbiodinium10655,-0.321755714176103
Symbiodinium10656,0.108784041435646
Symbiodinium10660,-0.298868327927523
Symbiodinium10664,-0.184470577915069
Symbiodinium10665,-0.0332348887796353
Symbiodinium10670,-0.0219155631750498
Symbiodinium10688,0.189601183477269
Symbiodinium10691,-0.156131800628108
Symbiodinium10702,-0.00472851377041647
Symbiodinium10703,0.0354493342169411
Symbiodinium10706,-0.00965008730902799
Symbiodinium10708,0.0711023991301057
Symbiodinium10716,0.262884359402703
Symbiodinium10725,-0.00366881591684914
Symbiodinium10740,0.401365528633169
Symbiodinium10745,0.0112586161808556
Symbiodinium10748,0.0633627045811086
Symbiodinium10750,0.400492057122819
Symbiodinium10751,0.246883292647945
Symbiodinium10752,-0.180120195842643
Symbiodinium10755,-0.0837900570594725
Symbiodinium10762,0.14310287885463
Symbiodinium10772,0.69167583117996
Symbiodinium10773,-0.031698727347094
Symbiodinium10778,-0.19577370262736
Symbiodinium10790,0.22207172467282
Symbiodinium10795,-0.0555841282844561
Symbiodinium10801,-0.125620358092068
Symbiodinium10802,-0.0265628693943891
Symbiodinium10804,0.00654216232593288
Symbiodinium10806,0.0895063330130939
Symbiodinium10809,0.189601183477269
Symbiodinium10812,-0.544733890138539
Symbiodinium10814,-0.178016322157595
Symbiodinium10822,0.177339682807692
Symbiodinium10823,0.100144020769411
Symbiodinium10828,0.354560232035926
Symbiodinium10832,0.455950831626215
Symbiodinium10834,-0.0944230689250384
Symbiodinium10839,0.204129150107157
Symbiodinium10844,-0.0534163258860496
Symbiodinium10849,-0.0593255862221696
Symbiodinium10859,-0.048118758764628
Symbiodinium10862,0.00597085754025622
Symbiodinium10866,-0.0444462944631318
Symbiodinium10871,-0.313810056627818
Symbiodinium10876,0.105679228736116
Symbiodinium10880,0.0837900570594725
Symbiodinium10882,0.0150830176088721
Symbiodinium10884,0.0187900003243187
Symbiodinium10887,-0.00447506878332492
Symbiodinium10891,0.0244858216454921
Symbiodinium10896,0.021129452373871
Symbiodinium10897,-0.988774210304367
Symbiodinium10901,0.0426103182395548
Symbiodinium10903,-0.18566569679056
Symbiodinium10906,0.0486213996941387
Symbiodinium10909,-0.178378628540605
Symbiodinium10912,0.101822035639119
Symbiodinium1092,-0.514805041835028
Symbiodinium10922,-0.0236058204238727
Symbiodinium10926,-0.608873143590729
Symbiodinium10929,0.237124844885338
Symbiodinium10943,-0.0459568489604017
Symbiodinium10951,-0.0451291215261994
Symbiodinium10969,-0.158575585955133
Symbiodinium10975,0.110299373334087
Symbiodinium10976,0.0921858841241543
Symbiodinium10980,0.515170115094878
Symbiodinium10986,0.0711023991301057
Symbiodinium10987,0.0267439851511724
Symbiodinium10988,-0.348595410752915
Symbiodinium10993,0.0400831464506145
Symbiodinium10998,0.45726555979254
Symbiodinium11002,0.200171575354886
Symbiodinium11005,0.114912106586104
Symbiodinium11009,0.00962857470302389
Symbiodinium11014,-0.283455018406468
Symbiodinium11016,0.0981577518757101
Symbiodinium11019,0.169126159481941
Symbiodinium11029,0.178198381140033
Symbiodinium11032,-0.0417468743891789
Symbiodinium11041,-0.0426103182395548
Symbiodinium11064,-0.0137988443469696
Symbiodinium11065,-0.31388013345956
Symbiodinium11067,-0.0318723247980992
Symbiodinium11069,0.113702227788079
Symbiodinium11072,0.228672018912988
Symbiodinium11081,-0.130667519858312
Symbiodinium11098,-0.666470098729145
Symbiodinium11099,-0.0333834486336479
Symbiodinium11106,-0.0936797913109547
Symbiodinium11118,0.0298668468191135
Symbiodinium11122,-0.0195129992464873
Symbiodinium11127,0.0751430633861423
Symbiodinium11129,0.0851788180773327
Symbiodinium11133,0.0198831325512566
Symbiodinium11146,0.00621569419959388
Symbiodinium11148,0.0861622706720208
Symbiodinium11151,-0.0404641246552266
Symbiodinium11152,0.300406150740632
Symbiodinium11164,-0.0689171355598215
Symbiodinium11167,-0.0150830176088721
Symbiodinium11174,0.0724175289451428
Symbiodinium11177,0.397000020092249
Symbiodinium11188,-0.146150229799048
Symbiodinium11192,-0.0353275222644925
Symbiodinium11193,0.050138077220318
Symbiodinium11205,0.282063795755514
Symbiodinium11215,-0.0125827560537671
Symbiodinium11217,0.0325168047644683
Symbiodinium11220,0.120047780179444
Symbiodinium11224,0.143452902852542
Symbiodinium11229,0.0366751484983684
Symbiodinium11231,0.0469176971361948
Symbiodinium11234,-0.00292114614614156
Symbiodinium11239,0.118575856103866
Symbiodinium11249,-0.0570599269488921
Symbiodinium11259,-0.0128479494937309
Symbiodinium11261,-0.0032188278717652
Symbiodinium11265,-0.432453105277855
Symbiodinium11270,0.0166403041624115
Symbiodinium11287,0.253774254339925
Symbiodinium11292,-0.0355333716571159
Symbiodinium11302,0.0668823950084993
Symbiodinium11308,-0.0895063330130939
Symbiodinium11315,-0.25490822089467
Symbiodinium11319,-0.0359531016325968
Symbiodinium11321,-0.0906805694840585
Symbiodinium11324,-0.186491303680242
Symbiodinium11327,0.00241462678104737
Symbiodinium11337,0.0936797913109547
Symbiodinium11344,-2.17351065191216
Symbiodinium11346,0.239480758706595
Symbiodinium11353,0.158236393727526
Symbiodinium11359,0.0547487471236941
Symbiodinium11365,1.79062849055415
Symbiodinium11367,-0.086113514737478
Symbiodinium11369,0.0635005524995178
Symbiodinium11372,0.335287140181588
Symbiodinium11374,0.24848459474913
Symbiodinium11382,0.140198598294429
Symbiodinium11383,0.681914321892327
Symbiodinium11389,0.0978744602744898
Symbiodinium11391,-0.381711789165742
Symbiodinium11392,-0.158236393727526
Symbiodinium11396,-0.213896468547982
Symbiodinium11402,0.134995599364725
Symbiodinium11407,-0.715158474102287
Symbiodinium11412,-0.139728925425628
Symbiodinium11420,0.0729619286893908
Symbiodinium11426,-0.181518383770323
Symbiodinium11433,-0.853233918398323
Symbiodinium11444,0.782973639035126
Symbiodinium11451,-0.0738532057280556
Symbiodinium11457,0.0740495810773793
Symbiodinium11462,0.0265745936785343
Symbiodinium11470,0.0188626069580936
Symbiodinium11475,0.0200872707441616
Symbiodinium11476,0.0117206605912117
Symbiodinium11482,0.0958924599550644
Symbiodinium11487,-0.202240626577359
Symbiodinium11488,-0.031698727347094
Symbiodinium11490,-0.221242016886881
Symbiodinium11491,0.166339767117576
Symbiodinium11513,0.0188626069580936
Symbiodinium11515,-0.0214737928985187
Symbiodinium11516,0.0869158279613295
Symbiodinium11522,0.0722944417838779
Symbiodinium11529,0.00998737025841538
Symbiodinium11534,-0.122559306321012
Symbiodinium11540,0.77498861643614
Symbiodinium11548,0.728312635881613
Symbiodinium11550,0.117245246345381
Symbiodinium11553,0.199293286776817
Symbiodinium11558,0.333288665536209
Symbiodinium11561,0.127213918313005
Symbiodinium11581,0.354183122028594
Symbiodinium11582,-0.0548372878135748
Symbiodinium11584,0.532644598960166
Symbiodinium11586,0.0413894869207467
Symbiodinium11587,-0.159774394604189
Symbiodinium11588,-0.18566569679056
Symbiodinium11590,0.000484917973759201
Symbiodinium11592,0.0611933231292462
Symbiodinium11594,-1.45913638842314
Symbiodinium11597,0.916835106819772
Symbiodinium11598,-0.108784041435646
Symbiodinium11599,1.72653369685422
Symbiodinium11602,0.101304228064939
Symbiodinium11604,-0.0472205086008854
Symbiodinium11621,0.0810684408389771
Symbiodinium11623,-0.0123063749851335
Symbiodinium11638,0.00717296558914778
Symbiodinium11641,0.0409385216562731
Symbiodinium11645,-0.0842268235925655
Symbiodinium11649,-0.624339660681464
Symbiodinium11654,-0.493502877537116
Symbiodinium11660,0.0307234716762017
Symbiodinium11665,0.18826349647409
Symbiodinium11666,-0.154467488605893
Symbiodinium11667,-0.414068665405615
Symbiodinium11669,0.0222416800971642
Symbiodinium11670,0.0945655528606793
Symbiodinium11673,-0.0289699663270873
Symbiodinium11678,0.021129452373871
Symbiodinium11683,0.0515355977434215
Symbiodinium11686,0.103220244313626
Symbiodinium11687,-0.00415793096517906
Symbiodinium11699,0.02971594859104
Symbiodinium11700,-0.189601183477269
Symbiodinium11703,-0.0188626069580936
Symbiodinium11704,-0.0222416800971642
Symbiodinium11719,0.000145100770246032
Symbiodinium11720,-0.496523251303527
Symbiodinium11722,0.857243281312399
Symbiodinium11724,0.0467801161637612
Symbiodinium11728,0.282093399848965
Symbiodinium11734,-0.164101380829775
Symbiodinium11738,0.0370475915537951
Symbiodinium11739,-0.0986525970226438
Symbiodinium11740,-0.00934576898191369
Symbiodinium11741,0.143371882978136
Symbiodinium11743,-0.521082059766167
Symbiodinium11745,0.0662891499080897
Symbiodinium11750,-0.0557031789133968
Symbiodinium11752,0.474512483947078
Symbiodinium11765,-0.140360726006656
Symbiodinium11781,0.0337691808093723
Symbiodinium11785,-0.0166216595522664
Symbiodinium11791,0.370038085883541
Symbiodinium11795,-0.312583799542189
Symbiodinium11809,-0.285400088483393
Symbiodinium11817,-0.601593139277107
Symbiodinium1182,0.231192318292155
Symbiodinium11821,-0.21866994980564
Symbiodinium11822,-0.187959148378939
Symbiodinium11823,0.0650008373166347
Symbiodinium11827,0.0680943432136303
Symbiodinium11835,-0.0740495810773793
Symbiodinium11837,0.0567663161337774
Symbiodinium11839,-0.124373064963844
Symbiodinium11840,-0.3168106426339
Symbiodinium11848,0.4462882811496
Symbiodinium11850,0.0459259823582984
Symbiodinium11854,0.156654630301394
Symbiodinium11857,0.0455321565440686
Symbiodinium11860,0.156639557495673
Symbiodinium11861,-0.280572619740983
Symbiodinium11863,0.356077312641713
Symbiodinium11874,-0.178378628540605
Symbiodinium11876,0.167866359740231
Symbiodinium11883,-0.0578973638350228
Symbiodinium11885,0.10439550749774
Symbiodinium11895,0.0908225457351271
Symbiodinium11904,-0.0685347338523728
Symbiodinium11908,-0.031698727347094
Symbiodinium11909,-1.0990066036161
Symbiodinium11910,0.294736690168973
Symbiodinium11915,0.0547487471236941
Symbiodinium11916,0.265431620598476
Symbiodinium11921,0.583490358861104
Symbiodinium11926,-0.564259718799727
Symbiodinium11934,0.0262337342231463
Symbiodinium11935,0.152616673061179
Symbiodinium11942,0.0493749920399498
Symbiodinium11952,0.0103239948919001
Symbiodinium11955,-0.0762210427068146
Symbiodinium11960,-0.163068524059199
Symbiodinium11966,0.0945655528606793
Symbiodinium11967,1.02913207594298
Symbiodinium11970,0.475556718074735
Symbiodinium11971,-0.000672528545061371
Symbiodinium11972,2.43091548853784
Symbiodinium11974,0.25282751754602
Symbiodinium11979,0.0662844384640763
Symbiodinium11983,0.164501125262001
Symbiodinium12001,-0.405018159941055
Symbiodinium12006,-0.0128479494937309
Symbiodinium12007,0.133860940324922
Symbiodinium12029,0.0459259823582984
Symbiodinium12030,-0.22496134980824
Symbiodinium12032,-0.211255668573548
Symbiodinium12041,0.316627482000309
Symbiodinium12053,-0.430906025576673
Symbiodinium12056,0.00740559470589527
Symbiodinium12062,0.544843295505134
Symbiodinium12064,-0.136387777208051
Symbiodinium12071,0.0486559992854874
Symbiodinium12076,0.387962961027154
Symbiodinium12077,-0.0887563676414001
Symbiodinium12089,-0.354183122028594
Symbiodinium12090,-0.491411805880987
Symbiodinium12103,-0.0559277992540749
Symbiodinium12109,0.0196773566092285
Symbiodinium12111,1.72323776976843
Symbiodinium12116,0.117216613476971
Symbiodinium12118,-0.0422389612084182
Symbiodinium12119,0.00241462678104737
Symbiodinium12120,-0.210821763372609
Symbiodinium12123,-0.223160601281772
Symbiodinium12125,0.0172953262452162
Symbiodinium12128,-0.0359531016325968
Symbiodinium12129,0.107986209263554
Symbiodinium12133,0.857243281312399
Symbiodinium12134,0.708870998152139
Symbiodinium12142,-0.337990824261239
Symbiodinium12148,0.576590360026811
Symbiodinium12151,0.0826427973256999
Symbiodinium12152,0.0097054794447366
Symbiodinium12155,-0.0752943838423459
Symbiodinium12176,0.400492057122819
Symbiodinium12180,-0.039953324906439
Symbiodinium12183,-0.0666031978824402
Symbiodinium12185,0.373686522464523
Symbiodinium12187,-0.400492057122819
Symbiodinium12191,0.0459259823582984
Symbiodinium12192,-0.0576510608655221
Symbiodinium12201,0.615465518242618
Symbiodinium12207,-0.772192055527742
Symbiodinium12209,0.0784875572160509
Symbiodinium12240,-0.0214737928985187
Symbiodinium12244,-0.0449647176208366
Symbiodinium12249,0.236989916485957
Symbiodinium12254,-0.0947164777059304
Symbiodinium12255,0.0546995215479467
Symbiodinium12257,0.787879410500147
Symbiodinium12259,0.239416227490235
Symbiodinium12273,-0.0936797913109547
Symbiodinium12279,0.0147112747835468
Symbiodinium12280,0.0619316405222005
Symbiodinium12282,-0.113702227788079
Symbiodinium12290,0.520585791488132
Symbiodinium12296,-0.0029518275370504
Symbiodinium12300,-0.130667519858312
Symbiodinium12311,0.105630667031442
Symbiodinium12314,0.309893857836227
Symbiodinium12324,-0.167866359740231
Symbiodinium12329,-0.0117888664465852
Symbiodinium12330,0.211500716773002
Symbiodinium12338,0.00472851377041647
Symbiodinium12345,-0.524111379336988
Symbiodinium12346,-0.0815808911803393
Symbiodinium12358,0.00233427657288004
Symbiodinium12360,-0.133860940324922
Symbiodinium12377,0.559979002809247
Symbiodinium12379,-0.0978744602744898
Symbiodinium12386,0.673914607337779
Symbiodinium12392,0.37802260102646
Symbiodinium12395,0.155911079143222
Symbiodinium12396,0.0146190888355475
Symbiodinium12401,-0.12109960099097
Symbiodinium12404,0.0685347338523728
Symbiodinium12414,-0.511424943452667
Symbiodinium12415,0.234625984383133
Symbiodinium12419,-0.337782580135348
Symbiodinium12428,-0.334162617944467
Symbiodinium12431,-0.00936223059745143
Symbiodinium12434,-0.045212991335242
Symbiodinium12442,0.493502877537116
Symbiodinium12444,0.127722797985576
Symbiodinium12450,0.0981642846989828
Symbiodinium12455,0.329006669268659
Symbiodinium12456,0.099854272553658
Symbiodinium12466,0.0552377358154689
Symbiodinium12469,0.163253192918466
Symbiodinium12473,0.320352936685704
Symbiodinium12475,-0.279744268537022
Symbiodinium12479,0.0251265987149315
Symbiodinium12481,-0.268247094214954
Symbiodinium12484,0.0398305120544645
Symbiodinium12487,-0.0147112747835468
Symbiodinium12488,1.6130355809124
Symbiodinium12492,0.322137081663392
Symbiodinium12495,0.255529030853353
Symbiodinium12505,0.0252638196359858
Symbiodinium12506,0.194341863440706
Symbiodinium12522,-0.00241462678104737
Symbiodinium12529,0.115680000064279
Symbiodinium12532,-0.596368082236682
Symbiodinium12537,0.0641506134459201
Symbiodinium12538,-0.0556872983567367
Symbiodinium12539,0.0540376737971425
Symbiodinium12542,-0.00414087836682579
Symbiodinium12550,0.0219893174839441
Symbiodinium12554,-0.286865618846786
Symbiodinium12558,0.354560232035926
Symbiodinium12566,-0.00472851377041647
Symbiodinium12570,0.471740830117375
Symbiodinium12578,1.02616048630105
Symbiodinium12583,0.338662187695691
Symbiodinium12584,0.33863003796155
Symbiodinium12596,0.301786866609573
Symbiodinium12598,0.0490455847515163
Symbiodinium12600,0.0236058204238727
Symbiodinium12605,0.250060009074408
Symbiodinium12608,-0.0318723247980992
Symbiodinium12621,-0.14539835175886
Symbiodinium12635,0.127341518623063
Symbiodinium12638,-0.134535922082848
Symbiodinium12646,-0.123661105230143
Symbiodinium12650,1.23941267527999
Symbiodinium12663,0.0117824291875397
Symbiodinium12672,0.00996319058853076
Symbiodinium12679,0.138229195757208
Symbiodinium12687,0.0155876575098921
Symbiodinium12689,2.33205346003089
Symbiodinium12710,-0.0490455847515163
Symbiodinium12714,0.157836418788281
Symbiodinium12717,0.0391925785957933
Symbiodinium12722,0.141625394643183
Symbiodinium12725,0.642731173809546
Symbiodinium12733,-0.0153764223501486
Symbiodinium12736,-0.213290096704529
Symbiodinium12754,-0.0278112271317942
Symbiodinium12762,0.0689961321511881
Symbiodinium12771,-0.0815808911803393
Symbiodinium12779,-0.288621187155247
Symbiodinium12797,0.383300071570127
Symbiodinium12799,0.00711930943242685
Symbiodinium12805,0.0298668468191135
Symbiodinium12817,0.102165967405568
Symbiodinium12821,0.00665365165573008
Symbiodinium12822,0.111432098339111
Symbiodinium12825,0.666470098729145
Symbiodinium12830,0.158785033196743
Symbiodinium12837,-0.641573107103156
Symbiodinium12844,0.343540502147059
Symbiodinium12846,-0.322353328276953
Symbiodinium12849,0.350427640895812
Symbiodinium12857,0.167469205444943
Symbiodinium12863,1.4466085137662
Symbiodinium12873,1.29686259918131
Symbiodinium12875,0.147564506847865
Symbiodinium12886,0.675653327410739
Symbiodinium12887,-0.0247719547485242
Symbiodinium12888,0.0655985593235054
Symbiodinium12891,0.236989916485957
Symbiodinium12897,-0.209247550800218
Symbiodinium12900,-0.154467488605893
Symbiodinium12902,0.288893848021982
Symbiodinium12911,0.000264542905017076
Symbiodinium12927,-0.00236635795581675
Symbiodinium12929,0.0486559992854874
Symbiodinium12932,0.0748480133470326
Symbiodinium12943,0.483774285833998
Symbiodinium12944,0.0280424650699129
Symbiodinium12951,0.0407425205298897
Symbiodinium12955,0.201697898539012
Symbiodinium12956,-0.0641506134459201
Symbiodinium12958,0.0668485689016272
Symbiodinium12959,1.98226822010629
Symbiodinium12960,0.484170378459877
Symbiodinium12965,-0.0791491049160052
Symbiodinium12978,0.315068143518935
Symbiodinium12982,0.00996319058853076
Symbiodinium12986,0.09986983100061
Symbiodinium12989,0.397260951078808
Symbiodinium12990,-0.110167627775653
Symbiodinium12993,-0.130159793270278
Symbiodinium12996,0.651095576150167
Symbiodinium13003,0.0318450302118285
Symbiodinium13006,0.544733890138539
Symbiodinium13011,0.106736234053444
Symbiodinium13015,0.172459062933387
Symbiodinium13024,0.18566569679056
Symbiodinium13036,-0.157691970379485
Symbiodinium13037,1.49613191187246
Symbiodinium13038,-0.0711023991301057
Symbiodinium13045,0.1264169984262
Symbiodinium13058,0.134482265827638
Symbiodinium13059,0.0908225457351271
Symbiodinium13075,0.0412533571351718
Symbiodinium13080,0.0561618282382729
Symbiodinium13081,0.22144837848168
Symbiodinium13083,0.801753158354586
Symbiodinium13089,0.134238086722523
Symbiodinium13094,0.1260875368613
Symbiodinium13097,-0.161321419518853
Symbiodinium13104,0.0459259823582984
Symbiodinium13110,0.403495672702362
Symbiodinium13113,0.0761813688605025
Symbiodinium13115,-0.0493749920399498
Symbiodinium13118,0.244929724294123
Symbiodinium13122,-0.0667646149392171
Symbiodinium13156,0.827766406377565
Symbiodinium13176,0.404223266181987
Symbiodinium13190,1.17593473235849
Symbiodinium13191,0.0732437026001284
Symbiodinium13195,0.0467801161637612
Symbiodinium13196,-0.0137988443469696
Symbiodinium13212,0.265293640256156
Symbiodinium13223,0.371649216120268
Symbiodinium13224,-0.0407425205298897
Symbiodinium13230,0.0304200896224302
Symbiodinium13244,0.952585429825036
Symbiodinium13256,-0.348108561887872
Symbiodinium13258,-0.00241462678104737
Symbiodinium13259,0.0036557337814468
Symbiodinium13261,0.116286739549163
Symbiodinium13272,0.00246467958471456
Symbiodinium13281,-0.0444915382313332
Symbiodinium13282,0.171874843884251
Symbiodinium13290,0.230097874484897
Symbiodinium13299,-0.275829038362651
Symbiodinium13301,0.0366751484983684
Symbiodinium13311,-0.021352994992595
Symbiodinium13324,0.0775093488073768
Symbiodinium13325,2.43091548853784
Symbiodinium13331,0.044238329656561
Symbiodinium13332,0.838251679402035
Symbiodinium13345,0.0653292896099083
Symbiodinium13356,0.636822955378554
Symbiodinium13359,-0.0936797913109547
Symbiodinium13364,1.00613059480021
Symbiodinium13373,0.231366082186953
Symbiodinium13380,0.0096835513878254
Symbiodinium13389,0.280572619740983
Symbiodinium13400,-0.0215152505439995
Symbiodinium13402,0.0230305687791684
Symbiodinium13409,-0.0486559992854874
Symbiodinium13412,-0.210465054896112
Symbiodinium13418,0.123867042523586
Symbiodinium13419,-0.01938002548057
Symbiodinium13426,1.36758263374861
Symbiodinium13433,-0.158785033196743
Symbiodinium13444,0.427089815531527
Symbiodinium13461,0.0269066981398761
Symbiodinium13467,0.4177334500338
Symbiodinium13470,0.0426816236951148
Symbiodinium13478,-0.273414300418696
Symbiodinium13482,0.057767294847866
Symbiodinium13486,-0.0696985424016228
Symbiodinium13490,0.0913128899749743
Symbiodinium13500,1.02764601615016
Symbiodinium13510,-0.0669517901220365
Symbiodinium13517,-0.16482043421127
Symbiodinium13519,0.487737401886089
Symbiodinium13538,-0.308831456926973
Symbiodinium13543,-0.14310287885463
Symbiodinium13555,-0.082797460349551
Symbiodinium13556,-0.0325965851439025
Symbiodinium13557,0.0104006689036755
Symbiodinium13581,-0.341690444610997
Symbiodinium13582,0.00996319058853076
Symbiodinium13583,0.13516879727244
Symbiodinium13597,-0.373663760694504
Symbiodinium13608,0.0501473593444361
Symbiodinium13615,-0.241621839919014
Symbiodinium13618,0.128211997180141
Symbiodinium13620,0.0644026613823391
Symbiodinium13624,0.397087690991778
Symbiodinium13625,0.410025812560554
Symbiodinium13629,0.285400088483393
Symbiodinium13661,0.610686830656141
Symbiodinium13669,0.403495672702362
Symbiodinium13672,0.127101662966309
Symbiodinium13679,0.0385073984870091
Symbiodinium13691,-0.0096835513878254
Symbiodinium13709,0.049130972200487
Symbiodinium13722,0.124984941163794
Symbiodinium13752,0.0360187693465151
Symbiodinium13755,-0.049423213147866
Symbiodinium13771,-0.544733890138539
Symbiodinium13779,-0.0823698146175505
Symbiodinium13780,0.0036557337814468
Symbiodinium13788,0.677785070770057
Symbiodinium13793,0.184170686823516
Symbiodinium13796,-0.0161862535925023
Symbiodinium13803,-0.324369785286645
Symbiodinium13814,-0.0978028466096432
Symbiodinium13816,0.169366765595441
Symbiodinium13817,0.0222416800971642
Symbiodinium13826,0.168318124108596
Symbiodinium13828,0.0547487471236941
Symbiodinium13839,0.00697871143708268
Symbiodinium13843,0.234960620753954
Symbiodinium13847,0.199210224123028
Symbiodinium13851,0.0250585953963556
Symbiodinium13853,0.0359531016325968
Symbiodinium13859,0.325533138637867
Symbiodinium13886,0.135772279201366
Symbiodinium13887,0.452284052608526
Symbiodinium13889,0.00860714000961659
Symbiodinium13905,0.0318723247980992
Symbiodinium13910,0.0426277771342507
Symbiodinium13932,0.00183072521231643
Symbiodinium13940,0.207193297347409
Symbiodinium13942,0.0810684408389771
Symbiodinium13945,0.384869339343247
Symbiodinium13950,0.723751139092031
Symbiodinium13956,0.103220244313626
Symbiodinium13958,0.354377449872678
Symbiodinium13962,0.0787894605140894
Symbiodinium13967,0.0760155825161205
Symbiodinium13979,0.198772400009163
Symbiodinium13986,-0.0751430633861423
Symbiodinium13991,0.981757217897744
Symbiodinium13999,0.126847389318722
Symbiodinium14012,0.187959148378939
Symbiodinium14025,0.0180868616634618
Symbiodinium14045,-0.110817171950111
Symbiodinium14047,-0.0196773566092285
Symbiodinium14049,-0.158575585955133
Symbiodinium14050,0.0244858216454921
Symbiodinium14059,-0.0981642846989828
Symbiodinium14061,-0.124553898146192
Symbiodinium14069,-0.045212991335242
Symbiodinium14077,0.244251439309207
Symbiodinium14081,-0.086113514737478
Symbiodinium14082,-0.0517074527032567
Symbiodinium14084,0.312380629718864
Symbiodinium14100,-0.200859575484861
Symbiodinium14115,-0.108842422062642
Symbiodinium14122,-0.152669128633666
Symbiodinium14129,0.15102276626687
Symbiodinium14130,0.152021515497692
Symbiodinium14151,0.378159163023376
Symbiodinium14152,3.7734841388455
Symbiodinium14154,-0.108935895711158
Symbiodinium14156,-0.370898883356115
Symbiodinium14160,0.075937827747564
Symbiodinium14167,0.262666772461476
Symbiodinium14168,-0.0201556444801804
Symbiodinium14171,-0.038879707142694
Symbiodinium14189,0.00241462678104737
Symbiodinium14199,-0.0032188278717652
Symbiodinium14201,-0.0647275168964077
Symbiodinium14205,-0.246883292647945
Symbiodinium14206,0.226698517693078
Symbiodinium14210,-0.21340039003242
Symbiodinium14213,0.560989620356371
Symbiodinium14219,0.592002715245585
Symbiodinium14221,0.0575934046408911
Symbiodinium14230,-0.00555290106571056
Symbiodinium14236,-0.0294765408881997
Symbiodinium14240,-2.39722510699741
Symbiodinium14242,-0.387962961027154
Symbiodinium14250,-0.163253192918466
Symbiodinium14267,-0.108249042419012
Symbiodinium14268,0.0984450496529061
Symbiodinium14275,-0.0367337842674485
Symbiodinium14285,-0.0847743338585445
Symbiodinium14291,-0.0167899021080192
Symbiodinium14294,0.112327208030394
Symbiodinium14296,-0.251449623837817
Symbiodinium14308,-0.113212330679755
Symbiodinium14321,0.261853547984902
Symbiodinium14347,0.558849653198352
Symbiodinium14348,-0.368803620021814
Symbiodinium14349,0.00017800315072072
Symbiodinium14353,-0.177339682807692
Symbiodinium14355,-0.0325168047644683
Symbiodinium14364,0.94379616302737
Symbiodinium14367,0.0318723247980992
Symbiodinium14368,0.172459062933387
Symbiodinium14374,0.498056663453163
Symbiodinium14379,0.481000288338417
Symbiodinium14391,0.107197064053151
Symbiodinium14394,-0.34180744365338
Symbiodinium14396,-0.118445754981852
Symbiodinium14397,0.249964252324191
Symbiodinium14398,0.118445754981852
Symbiodinium14402,0.123353430307904
Symbiodinium14420,0.0147112747835468
Symbiodinium14423,-0.243819271204014
Symbiodinium14424,0.0763725906942016
Symbiodinium14434,0.419610748447018
Symbiodinium14435,0.0417067503998784
Symbiodinium14439,0.00360156115007477
Symbiodinium14440,0.0592756084822358
Symbiodinium14443,-1.05395848384566
Symbiodinium14449,0.71830159684917
Symbiodinium14467,0.000360221081878565
Symbiodinium14471,-0.0150830176088721
Symbiodinium14475,-1.01806506394674
Symbiodinium14476,0.246389801388051
Symbiodinium14481,0.276281782882127
Symbiodinium14485,0.0415500795967392
Symbiodinium14487,-0.158785033196743
Symbiodinium14488,0.881796352339679
Symbiodinium14492,-0.340342852251537
Symbiodinium14500,0.0493749920399498
Symbiodinium14509,-0.128062465422921
Symbiodinium14518,-0.0138405121051168
Symbiodinium14542,0.0824021453926231
Symbiodinium14551,-0.0493749920399498
Symbiodinium14558,0.0150830176088721
Symbiodinium14576,-2.5756301895452
Symbiodinium14579,0.049130972200487
Symbiodinium14594,0.0559277992540749
Symbiodinium14597,0.0955224434854314
Symbiodinium14619,0.121239441673583
Symbiodinium14626,-0.0846144532890461
Symbiodinium14633,-0.0592756084822358
Symbiodinium14640,-0.416850928727403
Symbiodinium14645,0.119489692187915
Symbiodinium14648,0.0787894605140894
Symbiodinium14672,-0.630745462060833
Symbiodinium14676,0.570664686737518
Symbiodinium14692,-0.320352936685704
Symbiodinium14697,-0.0141407793410279
Symbiodinium14701,0.0147112747835468
Symbiodinium14704,0.428845055987588
Symbiodinium14711,0.208391724739893
Symbiodinium14715,-0.154467488605893
Symbiodinium14716,-0.0921858841241543
Symbiodinium14749,0.07530130427912
Symbiodinium14756,-0.187163031812678
Symbiodinium14758,-0.00434444345582689
Symbiodinium14763,-0.0570599269488921
Symbiodinium14766,-0.0486559992854874
Symbiodinium14786,-2.96827779371018
Symbiodinium14793,-0.337782580135348
Symbiodinium14801,-0.307603742863977
Symbiodinium14805,0.782973639035126
Symbiodinium14806,0.243819271204014
Symbiodinium14807,0.134221659519787
Symbiodinium14809,1.13522034776956
Symbiodinium14815,-0.212245706539798
Symbiodinium14817,-0.0161862535925023
Symbiodinium14831,-0.0272065379051587
Symbiodinium14833,-0.0216167952257729
Symbiodinium14836,-0.191537673802437
Symbiodinium14837,-0.140236560726608
Symbiodinium14852,0.0908431013139933
Symbiodinium14857,-0.33299990448962
Symbiodinium14859,0.0210012501507515
Symbiodinium14862,0.23111204176735
Symbiodinium14870,-0.000484917973759201
Symbiodinium14873,0.00996319058853076
Symbiodinium14885,0.179920025389724
Symbiodinium14901,-0.189601183477269
Symbiodinium14903,-0.223716527396552
Symbiodinium14905,0.107860062658822
Symbiodinium14917,0.0271399186534494
Symbiodinium14919,0.137480132770066
Symbiodinium14923,-0.0499601349760768
Symbiodinium14927,0.0743369636846738
Symbiodinium14932,-0.121159402115253
Symbiodinium14938,0.282063795755514
Symbiodinium14942,-0.0685347338523728
Symbiodinium14954,0.0183187446516689
Symbiodinium14967,-0.195715477955229
Symbiodinium14977,0.00502914260425311
Symbiodinium14980,-0.0707950860031809
Symbiodinium14994,0.0260925562025979
Symbiodinium14998,0.181518383770323
Symbiodinium15005,0.273109930970306
Symbiodinium15011,-0.288621187155247
Symbiodinium15022,0.195595321635455
Symbiodinium15026,-0.145436067255698
Symbiodinium15038,-0.00891288757559414
Symbiodinium15055,0.0546995215479467
Symbiodinium15058,0.0318723247980992
Symbiodinium15069,0.133658853290316
Symbiodinium15072,-0.0849635948055591
Symbiodinium15073,0.105630667031442
Symbiodinium15080,0.0517074527032567
Symbiodinium15087,-0.220039421965472
Symbiodinium15106,1.3411693482204
Symbiodinium15115,0.141625394643183
Symbiodinium15128,-0.000264542905017076
Symbiodinium15129,0.09986983100061
Symbiodinium15130,-0.0644026613823391
Symbiodinium15131,0.170630329232368
Symbiodinium15132,3.02769898738706
Symbiodinium15133,0.0567663161337774
Symbiodinium15146,-0.0318450302118285
Symbiodinium15152,-0.00837331843013997
Symbiodinium15154,0.00433003093873015
Symbiodinium15156,-0.108784041435646
Symbiodinium15160,-0.0451731464498579
Symbiodinium15161,-0.458668506829416
Symbiodinium15165,0.0614469279724884
Symbiodinium15166,-0.0205615344224538
Symbiodinium15170,0.0685347338523728
Symbiodinium15192,-0.0415500795967392
Symbiodinium15213,0.279034765858813
Symbiodinium15217,9.3475354507664e-05
Symbiodinium15218,-0.0109822839212294
Symbiodinium15224,0.0436152361938357
Symbiodinium15228,0.0187326983804966
Symbiodinium15229,-0.252043159055843
Symbiodinium15233,-0.315323660262518
Symbiodinium15234,0.155062979082356
Symbiodinium15235,0.236989916485957
Symbiodinium15247,-0.712037749603591
Symbiodinium15249,-0.0355066792835287
Symbiodinium15264,-0.0978028466096432
Symbiodinium15280,0.317142123022242
Symbiodinium15290,0.0315750113339204
Symbiodinium15297,-0.282063795755514
Symbiodinium15299,-0.0530596346253349
Symbiodinium15306,10.672560295292
Symbiodinium15327,0.0537607989737432
Symbiodinium15328,0.268193102559993
Symbiodinium15331,-0.317142123022242
Symbiodinium15336,-0.187959148378939
Symbiodinium15342,-0.0849988783875338
Symbiodinium15347,0.616342261274117
Symbiodinium15360,0.00984945379430449
Symbiodinium15365,-0.0662844384640763
Symbiodinium15367,-0.118735591700757
Symbiodinium15371,-0.721170062193386
Symbiodinium15393,0.0942579925413464
Symbiodinium15396,0.68883596516908
Symbiodinium15398,0.320352936685704
Symbiodinium15404,-0.148148454972375
Symbiodinium15407,-0.154467488605893
Symbiodinium15419,-0.0454057889821721
Symbiodinium15423,-0.237103397391599
Symbiodinium15426,-0.443517672681737
Symbiodinium15434,-0.0638754729059856
Symbiodinium15438,0.0916216406778412
Symbiodinium15449,0.475226237334547
Symbiodinium15459,-0.00962857470302389
Symbiodinium15467,0.520585791488132
Symbiodinium15468,0.148328338118528
Symbiodinium15471,0.318812677714364
Symbiodinium15498,0.0337275121035699
Symbiodinium15499,0.239063061465836
Symbiodinium15501,0.0320694077089563
Symbiodinium15508,-0.205566920365131
Symbiodinium15534,-0.101444001096252
Symbiodinium15541,0.436663624719019
Symbiodinium15542,0.0729619286893908
Symbiodinium15543,-0.365124209590203
Symbiodinium15546,0.105054179138901
Symbiodinium15547,0.281180823076001
Symbiodinium15560,-0.559880316610501
Symbiodinium15571,-0.0188742948766717
Symbiodinium15573,0.476581839885138
Symbiodinium15580,0.269660661015052
Symbiodinium15589,-0.0449647176208366
Symbiodinium15596,-0.0330436028914371
Symbiodinium15599,-0.27883312618404
Symbiodinium15601,-0.0330436028914371
Symbiodinium15614,-0.00233427657288004
Symbiodinium15619,0.0711023991301057
Symbiodinium15620,-0.142467727108802
Symbiodinium15621,0.151927028615835
Symbiodinium15636,0.0667646149392171
Symbiodinium15637,0.777456685918259
Symbiodinium15639,0.79504612226938
Symbiodinium15644,-0.176038294517272
Symbiodinium15652,0.0215152505439995
Symbiodinium15659,0.216576961001919
Symbiodinium15670,-0.0483011169528659
Symbiodinium15671,0.0603961952932111
Symbiodinium15677,-0.134995599364725
Symbiodinium15726,-0.189344781789396
Symbiodinium15745,0.265431620598476
Symbiodinium15754,0.0318723247980992
Symbiodinium15760,0.249773171725324
Symbiodinium15772,-0.124984941163794
Symbiodinium15774,0.00306523217989292
Symbiodinium15787,0.0527012626107843
Symbiodinium15816,0.291925294298573
Symbiodinium15822,0.0457409664776645
Symbiodinium15830,0.368275560928597
Symbiodinium15843,0.595015798476076
Symbiodinium15850,-0.453423431835317
Symbiodinium15859,-0.0455227335460308
Symbiodinium15863,-0.127007487399666
Symbiodinium15872,0.0453537758809616
Symbiodinium15873,0.491481935485149
Symbiodinium15876,-0.074493997786824
Symbiodinium15880,0.465657512928105
Symbiodinium15890,0.113669636912339
Symbiodinium15902,-0.301888841308643
Symbiodinium15903,-0.00228764182705271
Symbiodinium15905,-0.0188626069580936
Symbiodinium15907,-0.89787769484866
Symbiodinium15912,0.0161862535925023
Symbiodinium15928,-0.0143814149359985
Symbiodinium15930,-0.430906025576673
Symbiodinium15931,0.158785033196743
Symbiodinium15935,-0.0318450302118285
Symbiodinium15944,-0.171026812454595
Symbiodinium15945,-0.0530596346253349
Symbiodinium15948,-0.122730396341709
Symbiodinium15951,0.0317754709954726
Symbiodinium15957,-0.108935895711158
Symbiodinium15968,0.059432806064039
Symbiodinium15970,-0.124373064963844
Symbiodinium15971,0.0875353743195887
Symbiodinium15972,-0.123353430307904
Symbiodinium15973,-0.203226653191337
Symbiodinium15987,-0.0202153287535928
Symbiodinium15995,-0.239416227490235
Symbiodinium16026,0.375744880870625
Symbiodinium16042,0.560801557141639
Symbiodinium16048,0.139438336798489
Symbiodinium16055,0.0147112747835468
Symbiodinium16065,-0.0547487471236941
Symbiodinium16096,-0.140236560726608
Symbiodinium16098,0.191904773263572
Symbiodinium16109,0.251947925603254
Symbiodinium16110,0.160984630199016
Symbiodinium16112,-0.114356191327525
Symbiodinium16117,-0.240671118639539
Symbiodinium16125,0.162762325955021
Symbiodinium16129,0.266743925342536
Symbiodinium16131,0.432576413737184
Symbiodinium16155,0.000904612367675812
Symbiodinium16158,-0.0244858216454921
Symbiodinium16166,-0.428125187429309
Symbiodinium16172,0.130667519858312
Symbiodinium16176,0.515170115094878
Symbiodinium16179,-0.454054002499925
Symbiodinium16181,0.126847389318722
Symbiodinium16184,0.0567663161337774
Symbiodinium16187,-0.0482758856542298
Symbiodinium16208,0.564618312018599
Symbiodinium16211,0.0421711998437502
Symbiodinium16223,0.0711023991301057
Symbiodinium16246,0.575015098782597
Symbiodinium16247,-0.131216657634249
Symbiodinium16251,0.045213454790702
Symbiodinium16261,-0.00306523217989292
Symbiodinium16265,-0.0112618783626123
Symbiodinium16277,0.0375174976642541
Symbiodinium16278,0.137245951356882
Symbiodinium16300,0.712037749603591
Symbiodinium16333,-0.0198831325512566
Symbiodinium16350,0.00836926270187774
Symbiodinium16355,-0.312644210102342
Symbiodinium16361,0.0213676666403681
Symbiodinium16365,0.0517074527032567
Symbiodinium16370,2.55882648726292
Symbiodinium16373,-0.155062979082356
Symbiodinium16374,0.70762408716845
Symbiodinium16386,0.0848335429167807
Symbiodinium16396,0.910649225163792
Symbiodinium16408,0.262407908958748
Symbiodinium16412,0.0670544261733486
Symbiodinium16416,0.125620358092068
Symbiodinium16424,0.0426076806734415
Symbiodinium16425,0.22207172467282
Symbiodinium16429,0.44443549869716
Symbiodinium16436,-0.141835619188724
Symbiodinium16438,0.0188021669132302
Symbiodinium16441,0.55609180774895
Symbiodinium16443,-0.0187900003243187
Symbiodinium16453,0.0377557648705921
Symbiodinium16457,0.0752712057151274
Symbiodinium16465,0.0348309136708708
Symbiodinium16467,0.099306882020686
Symbiodinium16473,0.058229138617003
Symbiodinium16474,0.580591095661817
Symbiodinium16482,0.0279634038880805
Symbiodinium16490,0.553095342423862
Symbiodinium16499,-0.0122940383553652
Symbiodinium16500,0.00555290106571056
Symbiodinium16507,0.151459493674033
Symbiodinium16508,0.00257288791800711
Symbiodinium16510,0.0547487471236941
Symbiodinium16524,-0.0172218149154434
Symbiodinium16525,0.0903778515619169
Symbiodinium16531,0.0213338834248894
Symbiodinium16533,0.200392474992238
Symbiodinium16534,0.189417933385957
Symbiodinium16541,-0.12336929342002
Symbiodinium16544,0.00419361900824586
Symbiodinium16581,0.0490784430392204
Symbiodinium16595,0.304874465664778
Symbiodinium16596,-0.0407828398161933
Symbiodinium16598,-0.471740830117375
Symbiodinium16606,0.358451560872337
Symbiodinium16613,0.0330364425618049
Symbiodinium16614,0.0336933222155027
Symbiodinium16621,0.0399800457629687
Symbiodinium16628,0.0868867916656999
Symbiodinium16629,0.291010128894995
Symbiodinium16630,0.0258458317571116
Symbiodinium16639,0.537980530465822
Symbiodinium16645,0.0936797913109547
Symbiodinium16659,0.400844413145497
Symbiodinium16664,0.200171575354886
Symbiodinium16668,1.38267089685673
Symbiodinium16690,0.000672528545061371
Symbiodinium16695,0.0808438242234538
Symbiodinium16711,-0.00249825429678547
Symbiodinium16725,-0.0967133556285632
Symbiodinium16728,-0.0113937567176681
Symbiodinium16734,0.380886973467233
Symbiodinium16738,-0.243819271204014
Symbiodinium16744,0.0713669460721872
Symbiodinium16745,-0.0549011660538686
Symbiodinium16768,-0.000130512167099362
Symbiodinium16772,0.495872464394959
Symbiodinium16775,-0.0320694077089563
Symbiodinium16786,-1.3326379465549
Symbiodinium16800,-0.109406144112985
Symbiodinium16813,0.0263794357646289
Symbiodinium16814,-0.0625989836124888
Symbiodinium16830,-0.1583658163468
Symbiodinium16833,0.00316174093841371
Symbiodinium16840,0.0923112522954265
Symbiodinium16847,0.064392441726923
Symbiodinium16854,0.177382411185841
Symbiodinium16860,-0.316804109342521
Symbiodinium16870,0.445318528545203
Symbiodinium16878,0.0771423698014674
Symbiodinium16881,-0.265241717717611
Symbiodinium16882,0.0236058204238727
Symbiodinium16884,0.0173964774903479
Symbiodinium16887,0.0456431792890395
Symbiodinium16896,-0.0547487471236941
Symbiodinium16899,0.945132736771314
Symbiodinium16901,-0.319187592641606
Symbiodinium16903,0.228798180952602
Symbiodinium16911,-0.0077136139152767
Symbiodinium16919,0.0147112747835468
Symbiodinium16922,-0.0876911770826783
Symbiodinium16923,0.392580682910345
Symbiodinium16927,-0.00017800315072072
Symbiodinium16939,0.00996319058853076
Symbiodinium16942,0.435568963871894
Symbiodinium16943,0.223036059878017
Symbiodinium16944,-0.0229321742600389
Symbiodinium16956,-0.0205663675863531
Symbiodinium16957,0.000130512167099362
Symbiodinium16968,0.234625984383133
Symbiodinium16984,0.646376345590925
Symbiodinium17019,0.179014026818039
Symbiodinium17024,0.101822035639119
Symbiodinium17048,-0.0215152505439995
Symbiodinium17051,0.0608880947139162
Symbiodinium17063,0.91843717427761
Symbiodinium17064,-0.570664686737518
Symbiodinium17076,0.310250271671181
Symbiodinium17081,-0.0337691808093723
Symbiodinium17083,12.1322070950474
Symbiodinium17098,0.141721657425499
Symbiodinium17099,0.324157961127725
Symbiodinium17110,9.34576251575111
Symbiodinium17111,-0.0640150864142279
Symbiodinium17114,0.258282721713053
Symbiodinium17136,-0.0229321742600389
Symbiodinium17145,0.183358776530114
Symbiodinium17149,0.0685347338523728
Symbiodinium17161,0.0268071118540871
Symbiodinium17162,-0.0449647176208366
Symbiodinium17163,0.00722674156605299
Symbiodinium17171,0.189601183477269
Symbiodinium17172,0.0956588640860977
Symbiodinium17173,-0.0359531016325968
Symbiodinium17175,0.0446262497870423
Symbiodinium17182,-0.67608087656399
Symbiodinium17203,-0.1941125656904
Symbiodinium17204,0.0367622461680924
Symbiodinium17206,0.349633715368071
Symbiodinium17214,0.21739530139125
Symbiodinium17216,-0.22496134980824
Symbiodinium17224,0.246485480015791
Symbiodinium17229,0.236989916485957
Symbiodinium17231,0.21340039003242
Symbiodinium17241,-0.239063061465836
Symbiodinium17255,-0.0729619286893908
Symbiodinium17280,-0.901969987206943
Symbiodinium17284,0.380886973467233
Symbiodinium17300,-0.212513095657616
Symbiodinium17301,1.6307622438676
Symbiodinium17305,0.0537560024292402
Symbiodinium17306,-0.170630329232368
Symbiodinium17308,-0.223160601281772
Symbiodinium17311,0.00322550064222824
Symbiodinium17328,0.101822035639119
Symbiodinium17330,-0.0592216039193236
Symbiodinium17356,0.0892284809511527
Symbiodinium17361,0.146150553880822
Symbiodinium17369,-0.245272765430782
Symbiodinium17375,0.00934576898191369
Symbiodinium17395,0.0857929180135335
Symbiodinium17398,-0.0955046949382064
Symbiodinium17405,-0.0608665189643431
Symbiodinium17413,0.838071453561411
Symbiodinium17417,0.0215918699571915
Symbiodinium17418,0.152021515497692
Symbiodinium17424,-0.0451731464498579
Symbiodinium17426,-0.19577370262736
Symbiodinium17434,0.165927597392951
Symbiodinium17437,-0.605052644444967
Symbiodinium17444,0.188881319190628
Symbiodinium17449,0.430871985882761
Symbiodinium17450,-0.148328338118528
Symbiodinium17456,-0.0493197172681442
Symbiodinium17460,0.000484917973759201
Symbiodinium17474,0.0567663161337774
Symbiodinium17487,0.0328487418620567
Symbiodinium17492,0.0603012357588468
Symbiodinium17495,-0.0801469804549842
Symbiodinium17497,0.0525791987378575
Symbiodinium17502,-0.0478877284587441
Symbiodinium17522,0.839585372204552
Symbiodinium17523,0.138229195757208
Symbiodinium17526,0.163714481469673
Symbiodinium17531,0.795639581179236
Symbiodinium17551,0.0761813688605025
Symbiodinium17559,-0.139916903081985
Symbiodinium17563,-0.646376345590925
Symbiodinium17565,-4.33487455986741
Symbiodinium17566,0.0455227335460308
Symbiodinium17568,-0.0654613447079648
Symbiodinium17570,-0.290163015270951
Symbiodinium17581,0.0111018445981337
Symbiodinium17587,0.142444349267418
Symbiodinium17610,-0.144392569750931
Symbiodinium17621,-0.224662236687374
Symbiodinium17634,0.118660739751909
Symbiodinium17648,-0.0226329692008673
Symbiodinium17652,-0.243411930643249
Symbiodinium17664,-0.0392622635609812
Symbiodinium17669,-0.125531387986342
Symbiodinium17674,0.10573347521476
Symbiodinium17679,0.746337565318715
Symbiodinium17681,-0.0550424221636684
Symbiodinium17689,0.219210435109084
Symbiodinium17690,-0.176729536562059
Symbiodinium17695,0.406754802730357
Symbiodinium17710,0.0269066981398761
Symbiodinium17713,0.00241462678104737
Symbiodinium17715,0.177313982889331
Symbiodinium17716,0.382905416781524
Symbiodinium17729,0.856117375624773
Symbiodinium17734,-0.0175190076946312
Symbiodinium17751,-0.0161862535925023
Symbiodinium17756,0.151927028615835
Symbiodinium17761,0.211864528214031
Symbiodinium17762,0.066653994949457
Symbiodinium17772,0.0970871405910043
Symbiodinium17775,-0.407326521111893
Symbiodinium17785,0.156639557495673
Symbiodinium17789,-0.0444461905768944
Symbiodinium17792,0.038879707142694
Symbiodinium17807,-0.280572619740983
Symbiodinium17813,0.0387080463781763
Symbiodinium17816,-0.440957240487463
Symbiodinium17830,0.179920025389724
Symbiodinium17832,0.0392622635609812
Symbiodinium17837,-0.266843077250014
Symbiodinium17844,-0.0143805102216578
Symbiodinium17847,0.330783448103863
Symbiodinium17850,1.27431763967908
Symbiodinium17858,-0.0787894605140894
Symbiodinium17859,0.108486644801115
Symbiodinium17864,0.00447432035679964
Symbiodinium17865,0.0147112747835468
Symbiodinium17870,-0.0213338834248894
Symbiodinium17887,-0.232170621428505
Symbiodinium17890,-0.370038085883541
Symbiodinium17895,0.0466403583258269
Symbiodinium17897,-0.0916674394427998
Symbiodinium17902,0.307118067422208
Symbiodinium17911,-0.151927028615835
Symbiodinium17920,-0.367002516183527
Symbiodinium17929,0.267085559310245
Symbiodinium17941,0.00241462678104737
Symbiodinium17947,0.0101044279742775
Symbiodinium17955,-0.066653994949457
Symbiodinium17969,-0.0981818982101422
Symbiodinium17975,-0.0128673783688989
Symbiodinium17978,-0.204335690231963
Symbiodinium17979,-0.0452172131671197
Symbiodinium17988,0.0196616474562543
Symbiodinium17989,-0.0821962452185808
Symbiodinium17995,-0.0947170993988273
Symbiodinium17997,0.370492393718156
Symbiodinium18000,-0.236989916485957
Symbiodinium18025,0.00306523217989292
Symbiodinium18031,-0.0989079812887174
Symbiodinium18035,0.00322550064222824
Symbiodinium18040,-0.248657150887508
Symbiodinium18056,0.016822710372555
Symbiodinium18064,0.242506315400745
Symbiodinium18067,0.0704609075753958
Symbiodinium18072,-0.390292404598279
Symbiodinium18073,0.0125751312230419
Symbiodinium18076,0.330013964033573
Symbiodinium18078,0.00312580144609234
Symbiodinium18084,0.179999040544385
Symbiodinium18087,-0.0853013361642503
Symbiodinium18088,-0.113328915818114
Symbiodinium18090,0.011993147483116
Symbiodinium18091,-0.0989079812887174
Symbiodinium18099,0.284055602913553
Symbiodinium18107,-0.0704698088933863
Symbiodinium18121,0.631963285516647
Symbiodinium18132,0.130667519858312
Symbiodinium18136,0.242506315400745
Symbiodinium18137,0.0654851502695754
Symbiodinium18141,-0.026385248784168
Symbiodinium18152,-0.105630667031442
Symbiodinium18153,-0.168432346019477
Symbiodinium18156,-0.736451538342756
Symbiodinium18157,-0.753121160962261
Symbiodinium18158,-0.00512242882543378
Symbiodinium18160,0.0493749920399498
Symbiodinium18176,0.0445144390270583
Symbiodinium18181,-0.0978744602744898
Symbiodinium18183,0.723751139092031
Symbiodinium18188,-0.0140690363431869
Symbiodinium18190,-0.287236003385327
Symbiodinium18192,0.0318450302118285
Symbiodinium18200,-0.0551159393111696
Symbiodinium18202,0.0815956313222026
Symbiodinium18204,-0.0847767423079894
Symbiodinium18206,0.167469205444943
Symbiodinium18211,-0.0020650050190507
Symbiodinium18212,0.246485480015791
Symbiodinium18224,0.0675670206912968
Symbiodinium18227,0.0187900003243187
Symbiodinium18242,3.16552172587485
Symbiodinium18248,-0.119930610957572
Symbiodinium18249,-0.576590360026811
Symbiodinium18267,-0.0219155631750498
Symbiodinium18268,-0.117667861848015
Symbiodinium18275,0.047824486535519
Symbiodinium18277,0.117667861848015
Symbiodinium18292,0.168213859859449
Symbiodinium18293,-0.0475051912106438
Symbiodinium18294,0.198309168356151
Symbiodinium18298,0.379138984141472
Symbiodinium18300,0.120733016327019
Symbiodinium18311,0.177382411185841
Symbiodinium18327,0.378159163023376
Symbiodinium18333,0.163092024444884
Symbiodinium18336,0.00555290106571056
Symbiodinium18345,0.14310287885463
Symbiodinium18348,-0.0575342206959327
Symbiodinium18352,-1.09736760208598
Symbiodinium18364,-0.465657512928105
Symbiodinium18369,0.127474094753202
Symbiodinium18372,0.122730396341709
Symbiodinium18374,-0.00476684210416866
Symbiodinium18383,0.053212145043608
Symbiodinium18389,0.0850952250673542
Symbiodinium18397,0.288621187155247
Symbiodinium18406,0.163068524059199
Symbiodinium18407,0.118314766089947
Symbiodinium18409,0.00183072521231643
Symbiodinium18414,-0.141625394643183
Symbiodinium18417,0.0377557648705921
Symbiodinium18439,0.00869545317453144
Symbiodinium18441,-0.0685347338523728
Symbiodinium18446,-0.097323105368548
Symbiodinium18447,-0.310250271671181
Symbiodinium18450,-0.0357766629641949
Symbiodinium18458,-0.0215983549627153
Symbiodinium18470,-0.102508451220923
Symbiodinium18479,0.119930610957572
Symbiodinium18483,-0.246883292647945
Symbiodinium18494,0.0648186047641307
Symbiodinium18496,0.171995914589154
Symbiodinium18505,0.0360811845860329
Symbiodinium18519,-0.141625394643183
Symbiodinium18520,0.0621592886707474
Symbiodinium18530,-0.0555721586978729
Symbiodinium18535,0.958582768104165
Symbiodinium18537,0.402982083098822
Symbiodinium18538,0.128596458754486
Symbiodinium18541,0.313766273219328
Symbiodinium18542,-0.237103397391599
Symbiodinium18543,0.00541068275941436
Symbiodinium18547,0.110119323256956
Symbiodinium18551,0.191595692831306
Symbiodinium18556,0.0923112522954265
Symbiodinium18565,0.0641506134459201
Symbiodinium18569,-0.198838827550105
Symbiodinium18573,0.121386473080825
Symbiodinium18580,0.0808438242234538
Symbiodinium18612,-0.198295028112314
Symbiodinium18614,0.00622926542199442
Symbiodinium18617,-0.159149331183357
Symbiodinium18630,0.34180744365338
Symbiodinium18639,0.258930244481409
Symbiodinium18644,0.386502939202124
Symbiodinium18650,0.644890224256305
Symbiodinium18652,0.264966578485728
Symbiodinium18655,-0.00740559470589527
Symbiodinium18661,-0.0396813681204512
Symbiodinium18664,-0.0475599331225344
Symbiodinium18672,0.10853736750127
Symbiodinium18683,-0.283728230352781
Symbiodinium18691,0.159094627150064
Symbiodinium18693,0.537577029335269
Symbiodinium18695,0.112742163764953
Symbiodinium18697,-0.0436152361938357
Symbiodinium18701,0.132246668567024
Symbiodinium18706,-0.0472685863599976
Symbiodinium18707,0.176038294517272
Symbiodinium18713,-0.0069331252807402
Symbiodinium18717,-1.26950609756551
Symbiodinium18720,0.208460957862418
Symbiodinium18725,0.0298668468191135
Symbiodinium18728,0.291059017129271
Symbiodinium18739,0.200478433260026
Symbiodinium18740,0.192375404583843
Symbiodinium18742,-0.127474094753202
Symbiodinium18751,0.827417489341109
Symbiodinium18755,-0.101598049008195
Symbiodinium18761,0.00324438148907187
Symbiodinium18765,0.0147112747835468
Symbiodinium18769,-0.0105920992751195
Symbiodinium18777,0.412247542218191
Symbiodinium18778,0.728312635881613
Symbiodinium18783,-0.116867512227803
Symbiodinium18786,0.0101044279742775
Symbiodinium18787,-0.0983302139610468
Symbiodinium18793,-0.0333359454945308
Symbiodinium18795,0.546056532623519
Symbiodinium18800,-0.288227624042277
Symbiodinium18809,0.271332881439444
Symbiodinium18814,0.24840026327399
Symbiodinium18829,0.122730396341709
Symbiodinium18830,-0.159577293097067
Symbiodinium18842,0.329006669268659
Symbiodinium18843,0.166485859316716
Symbiodinium18845,-0.0908691368350038
Symbiodinium18858,0.045212991335242
Symbiodinium18859,0.675653327410739
Symbiodinium18870,0.0654851502695754
Symbiodinium18877,0.317569968764264
Symbiodinium18887,-0.141625394643183
Symbiodinium18892,0.0111853312920792
Symbiodinium18918,-0.0606380535983577
Symbiodinium18923,-0.216302717172756
Symbiodinium18952,-0.104407670002398
Symbiodinium18956,-0.0590335837644116
Symbiodinium18966,-0.110508955063724
Symbiodinium18977,0.215257980031281
Symbiodinium18982,0.280572619740983
Symbiodinium18983,-0.208580297867509
Symbiodinium18985,0.023407867638761
Symbiodinium18988,-0.728312635881613
Symbiodinium18999,0.614203834287577
Symbiodinium19002,0.242506315400745
Symbiodinium19013,0.55609180774895
Symbiodinium19014,0.0358742312671123
Symbiodinium19025,0.546552625989591
Symbiodinium19027,-0.000327961110938254
Symbiodinium19028,-0.0254504395038409
Symbiodinium19029,0.563172205708967
Symbiodinium19030,-0.00752798420194366
Symbiodinium19040,-4.37119552385642
Symbiodinium19056,-0.10991016471213
Symbiodinium19057,-0.262666772461476
Symbiodinium19058,0.110527079596399
Symbiodinium19059,0.307603742863977
Symbiodinium19062,0.0650203766410076
Symbiodinium19067,-0.264769276725798
Symbiodinium19068,0.465344769661285
Symbiodinium19069,0.931436608514705
Symbiodinium19072,0.10439550749774
Symbiodinium19073,0.393654451850135
Symbiodinium19081,0.355510559755671
Symbiodinium19086,0.293766503807976
Symbiodinium19087,0.0518983233510108
Symbiodinium19098,0.126034147411599
Symbiodinium19102,-0.780410962534193
Symbiodinium19108,0.0669517901220365
Symbiodinium19121,1.01806506394674
Symbiodinium19127,0.0413894869207467
Symbiodinium19142,0.131366789996556
Symbiodinium19148,0.0512105678560667
Symbiodinium19157,-0.0264330536689566
Symbiodinium19169,0.000672528545061371
Symbiodinium19170,0.567019880085917
Symbiodinium19174,-0.0711023991301057
Symbiodinium19175,0.189601183477269
Symbiodinium19188,-0.158785033196743
Symbiodinium19189,0.0123350344257246
Symbiodinium19196,0.386774905805501
Symbiodinium19197,-0.00649779608322636
Symbiodinium19201,-0.1252066409872
Symbiodinium19212,0.025142083530732
Symbiodinium19238,-0.15625401210088
Symbiodinium19249,0.153407214220479
Symbiodinium19250,0.104627993485606
Symbiodinium19255,0.22144837848168
Symbiodinium19257,0.0453058952425128
Symbiodinium19258,0.339840869790425
Symbiodinium19267,-0.0685347338523728
Symbiodinium19268,0.0449647176208366
Symbiodinium19275,-0.205832270198014
Symbiodinium19280,0.0187900003243187
Symbiodinium19296,0.0581830983127358
Symbiodinium19298,0.421704230842586
Symbiodinium19301,0.0404370695466564
Symbiodinium19305,-0.0688842012211798
Symbiodinium19309,-0.185214987582346
Symbiodinium19315,0.42160664520572
Symbiodinium19317,0.0842448525905888
Symbiodinium19327,0.444598448913403
Symbiodinium19331,0.126666526094371
Symbiodinium19335,-0.320855912688045
Symbiodinium19342,0.286803429953591
Symbiodinium19347,0.0852864905461023
Symbiodinium19352,0.0447124676644922
Symbiodinium19353,-0.0466403583258269
Symbiodinium19356,0.669603090125702
Symbiodinium19362,-0.582697125505535
Symbiodinium19368,-0.288227624042277
Symbiodinium19373,-0.19577370262736
Symbiodinium19375,0.163092024444884
Symbiodinium19383,1.18800657929036
Symbiodinium19390,0.0298668468191135
Symbiodinium19391,0.0196773566092285
Symbiodinium19392,0.0238944845348316
Symbiodinium19398,-0.0577559126299018
Symbiodinium19400,-0.166714057992716
Symbiodinium19406,0.0475599331225344
Symbiodinium19408,0.0603012357588468
Symbiodinium19409,-0.996072518120104
Symbiodinium19411,0.0486559992854874
Symbiodinium19415,-0.0933156203354907
Symbiodinium19416,-0.0152268475070814
Symbiodinium19418,-0.425395241431459
Symbiodinium19419,0.452003883452446
Symbiodinium19421,0.0077136139152767
Symbiodinium19425,-0.179449592786758
Symbiodinium19430,0.859121438734449
Symbiodinium19435,-1.02240164044005
Symbiodinium19437,0.094965718310012
Symbiodinium19438,0.22225157111256
Symbiodinium19439,0.43665027888994
Symbiodinium19440,0.73684014095027
Symbiodinium19442,-0.504830095324195
Symbiodinium19443,0.592002715245585
Symbiodinium19444,-0.102183069003549
Symbiodinium19445,0.0178486635079649
Symbiodinium19446,0.276479997512901
Symbiodinium19447,-0.0398305120544645
Symbiodinium19448,0.476698313903957
Symbiodinium19450,0.0238264516959846
Symbiodinium19452,-0.105630667031442
Symbiodinium19454,-0.0147112747835468
Symbiodinium19457,0.0269066981398761
Symbiodinium19458,-0.186533771146717
Symbiodinium19462,-0.675653327410739
Symbiodinium19465,0.0590482981495633
Symbiodinium19468,-0.690236001457625
Symbiodinium19470,-0.0103239948919001
Symbiodinium19476,-0.0029518275370504
Symbiodinium19480,-0.611294003427516
Symbiodinium19483,-1.30036026380776
Symbiodinium19485,0.630063378012773
Symbiodinium19487,0.103220244313626
Symbiodinium19489,0.0173993916847558
Symbiodinium19490,-0.162148810640514
Symbiodinium19492,-0.0147112747835468
Symbiodinium19495,-0.140440343626926
Symbiodinium19499,0.354560232035926
Symbiodinium19500,-0.0370546965474299
Symbiodinium19502,0.141953403540355
Symbiodinium19507,0.710488200857355
Symbiodinium19509,-0.410322617954605
Symbiodinium19510,-0.00996319058853076
Symbiodinium19513,-0.0512942593443835
Symbiodinium19518,-1.74350399150996
Symbiodinium19519,-2.05188314439791
Symbiodinium19520,-0.141625394643183
Symbiodinium19521,-0.0587505235549053
Symbiodinium19522,-0.0222298326008167
Symbiodinium19524,0.00017800315072072
Symbiodinium19529,-0.0979993388560414
Symbiodinium19534,-0.289850184562464
Symbiodinium19535,0.288187096647326
Symbiodinium19536,-4.34977654442653
Symbiodinium19538,-0.704162896638475
Symbiodinium19539,-0.0143805102216578
Symbiodinium19543,0.355748374541661
Symbiodinium19545,0.154467488605893
Symbiodinium19547,-0.857243281312399
Symbiodinium19550,0.128062465422921
Symbiodinium19551,0.102233791875231
Symbiodinium19553,-0.10573347521476
Symbiodinium19554,-0.141953403540355
Symbiodinium19555,-0.211976839344936
Symbiodinium19559,-0.00525489825098913
Symbiodinium19561,0.353008760778589
Symbiodinium19563,-0.322698748730735
Symbiodinium19564,0.0490784430392204
Symbiodinium19569,0.714910646556727
Symbiodinium19571,0.441903418502765
Symbiodinium19573,-1.17925168949091
Symbiodinium19576,-0.187959148378939
Symbiodinium19578,0.230097874484897
Symbiodinium19585,-0.0375174976642541
Symbiodinium19586,-0.71830159684917
Symbiodinium19594,-0.368275560928597
Symbiodinium19607,0.976818402248434
Symbiodinium19612,0.164501125262001
Symbiodinium19621,0.128055278266457
Symbiodinium19623,0.418579569852249
Symbiodinium19627,-0.0407425205298897
Symbiodinium19630,-0.0597865991566878
Symbiodinium19660,0.283728230352781
Symbiodinium19664,0.762038024856419
Symbiodinium19678,0.849407457463348
Symbiodinium19680,0.0425241425145505
Symbiodinium19688,-0.0899081621860344
Symbiodinium19725,-0.110434607524036
Symbiodinium19739,-0.0761813688605025
Symbiodinium19750,0.00654528837880896
Symbiodinium19754,-0.0517074527032567
Symbiodinium19755,-0.21739530139125
Symbiodinium19774,0.271244165716144
Symbiodinium19779,-0.0077136139152767
Symbiodinium19783,-0.0738532057280556
Symbiodinium19786,0.0244858216454921
Symbiodinium19791,0.0531474247325501
Symbiodinium19796,0.529019298330635
Symbiodinium19798,0.111432098339111
Symbiodinium19804,-0.105679228736116
Symbiodinium19812,0.296325725095639
Symbiodinium19816,-0.178389071332252
Symbiodinium19864,-0.496794226783752
Symbiodinium19886,-0.0787894605140894
Symbiodinium19887,2.26004252346969
Symbiodinium19893,0.170732729986077
Symbiodinium19895,-0.120302001482448
Symbiodinium19900,0.0400284060898984
Symbiodinium19907,-0.0923112522954265
Symbiodinium19916,-0.0444462944631318
Symbiodinium19917,-0.0512942593443835
Symbiodinium19919,0.0325758258328495
Symbiodinium19920,0.311656575065455
Symbiodinium19937,0.204335690231963
Symbiodinium19941,0.21340039003242
Symbiodinium19946,-0.0486559992854874
Symbiodinium19954,-0.301613049876754
Symbiodinium19960,0.174903041316764
Symbiodinium19962,0.141953403540355
Symbiodinium19966,0.264966578485728
Symbiodinium19972,0.46327442430549
Symbiodinium19988,0.0077136139152767
Symbiodinium19994,-0.00996319058853076
Symbiodinium19995,0.610686830656141
Symbiodinium19998,0.360047725983887
Symbiodinium20004,0.0147112747835468
Symbiodinium20006,0.0493749920399498
Symbiodinium20009,0.047107011499883
Symbiodinium20012,-0.0337936722505263
Symbiodinium20019,0.158785033196743
Symbiodinium20065,-0.506869907983287
Symbiodinium20067,0.0783547392302426
Symbiodinium20076,-0.230097874484897
Symbiodinium20078,0.0269066981398761
Symbiodinium20088,0.0130179743969905
Symbiodinium20092,-0.095841422240406
Symbiodinium20099,0.536579989073978
Symbiodinium20105,0.265293640256156
Symbiodinium20109,-0.300494425873625
Symbiodinium20113,0.380886973467233
Symbiodinium20115,-0.0618306395920093
Symbiodinium20116,0.237124844885338
Symbiodinium20125,0.184030926936989
Symbiodinium20127,-0.021129452373871
Symbiodinium20140,0.89481717736141
Symbiodinium20159,-0.116520919405242
Symbiodinium20163,0.0570232870255416
Symbiodinium20166,-0.0101044279742775
Symbiodinium20167,-0.0177263474411861
Symbiodinium20177,0.91843717427761
Symbiodinium20181,-0.410462423108936
Symbiodinium20182,-0.057792461459086
Symbiodinium20183,0.150930433000964
Symbiodinium20187,-0.0318723247980992
Symbiodinium20196,1.04014031431121
Symbiodinium20200,0.191904773263572
Symbiodinium20202,-0.188005347023793
Symbiodinium20215,0.15538405571899
Symbiodinium20218,0.288222493392904
Symbiodinium20225,0.189601183477269
Symbiodinium20227,0.355748374541661
Symbiodinium20231,0.261191155040554
Symbiodinium20244,0.0124465339397861
Symbiodinium20248,1.17593473235849
Symbiodinium20252,0.394398489992514
Symbiodinium20263,0.717685603638104
Symbiodinium20264,0.0492688127950304
Symbiodinium20265,-0.167181229563708
Symbiodinium20267,0.11169254687332
Symbiodinium20268,-0.118314766089947
Symbiodinium20279,0.0096733405606442
Symbiodinium20285,-0.112933097114993
Symbiodinium20293,0.0816343875290047
Symbiodinium20297,0.0469539623292746
Symbiodinium20304,0.527869344707541
Symbiodinium20314,0.55609180774895
Symbiodinium20316,0.117245246345381
Symbiodinium20324,0.12143901664426
Symbiodinium20349,-0.0843080196779653
Symbiodinium20363,-0.00621569419959388
Symbiodinium20372,-0.297207768871917
Symbiodinium20376,0.00996319058853076
Symbiodinium20386,-0.0827689606902322
Symbiodinium20400,0.251947925603254
Symbiodinium20410,0.0271399186534494
Symbiodinium20412,-0.0152268475070814
Symbiodinium20418,1.09736760208598
Symbiodinium20426,0.418579569852249
Symbiodinium20429,0.00860714000961659
Symbiodinium20442,0.370492393718156
Symbiodinium20445,7.90551168558038
Symbiodinium2046,0.184752387207438
Symbiodinium20472,0.195745597848444
Symbiodinium20482,-0.0130179743969905
Symbiodinium20506,0.118314766089947
Symbiodinium20510,0.0973525774976143
Symbiodinium20518,-0.118405615831316
Symbiodinium20519,0.00996319058853076
Symbiodinium20539,0.109406144112985
Symbiodinium20545,-0.152702033389972
Symbiodinium20546,-0.108784041435646
Symbiodinium20570,0.360186137756421
Symbiodinium20571,-0.0493749920399498
Symbiodinium20591,-0.0096835513878254
Symbiodinium20607,0.0121296639937761
Symbiodinium20608,-0.0318450302118285
Symbiodinium20627,-0.115376745060791
Symbiodinium20640,-0.354560232035926
Symbiodinium20661,-0.133860940324922
Symbiodinium20671,-0.315068143518935
Symbiodinium20672,-0.00213412981403265
Symbiodinium20683,-0.106686263988076
Symbiodinium20686,0.184821467067881
Symbiodinium20695,0.0918495389067017
Symbiodinium20698,0.000672528545061371
Symbiodinium20701,0.0459259823582984
Symbiodinium20716,-0.191904773263572
Symbiodinium20718,-0.0140329406037709
Symbiodinium20730,0.0230391697200389
Symbiodinium20731,0.440950647856719
Symbiodinium20734,-0.00996319058853076
Symbiodinium20763,0.0390135009357148
Symbiodinium20780,-0.0422389612084182
Symbiodinium20783,0.0322252133646815
Symbiodinium20784,0.0947170993988273
Symbiodinium20792,-0.000327961110938254
Symbiodinium20797,-0.0601287224775347
Symbiodinium20798,0.0222416800971642
Symbiodinium20809,0.432453105277855
Symbiodinium20816,0.021129452373871
Symbiodinium20828,0.084784864612057
Symbiodinium20865,0.0155281979605232
Symbiodinium20868,0.227372834346833
Symbiodinium20870,0.000672528545061371
Symbiodinium20923,0.232564640260951
Symbiodinium20929,0.0293224715619729
Symbiodinium20932,0.17387020074574
Symbiodinium20961,0.00322550064222824
Symbiodinium20965,0.097323105368548
Symbiodinium20966,0.452648666822681
Symbiodinium20978,0.0250779643489234
Symbiodinium20996,0.246389801388051
Symbiodinium21022,0.148354030193307
Symbiodinium21024,0.216615309270729
Symbiodinium21028,-0.00134616318389094
Symbiodinium21029,0.344073442067007
Symbiodinium21044,0.0619316405222005
Symbiodinium21053,0.000484917973759201
Symbiodinium21059,-0.17295019803822
Symbiodinium21061,0.14310287885463
Symbiodinium21067,0.67608087656399
Symbiodinium21068,0.0276198347361502
Symbiodinium21070,0.910282519735679
Symbiodinium21074,0.179525742593831
Symbiodinium21076,-0.0216581331805826
Symbiodinium21077,0.174453700548893
Symbiodinium21078,0.0790628972206015
Symbiodinium21089,0.106436356990136
Symbiodinium21097,0.00183072521231643
Symbiodinium21099,0.0203986195173465
Symbiodinium21102,0.522479319748841
Symbiodinium21103,0.103156229673539
Symbiodinium21105,0.23917240537877
Symbiodinium21106,0.00779515313076773
Symbiodinium21112,0.931436608514705
Symbiodinium21114,-0.0493749920399498
Symbiodinium21116,0.00521137039047179
Symbiodinium21118,-0.576590360026811
Symbiodinium21122,-0.140345476372829
Symbiodinium21125,0.279482640059305
Symbiodinium21126,0.0239725906822592
Symbiodinium21136,-0.0559435904503929
Symbiodinium21139,-0.118688105871779
Symbiodinium21142,-0.00717296558914778
Symbiodinium21143,-0.0472685863599976
Symbiodinium21148,0.00111440120223265
Symbiodinium21153,0.407094571476242
Symbiodinium21155,0.25490822089467
Symbiodinium21158,-0.0358742312671123
Symbiodinium2116,7.20773009322529
Symbiodinium21166,-0.8089534999622
Symbiodinium21176,-0.222362168989104
Symbiodinium21195,-0.0200771977283576
Symbiodinium21199,-0.0167519161307565
Symbiodinium21201,-0.00420364025971105
Symbiodinium21203,0.166232638579152
Symbiodinium21219,0.0619316405222005
Symbiodinium21222,0.286803429953591
Symbiodinium21226,0.0794062283825647
Symbiodinium21227,0.178378628540605
Symbiodinium21232,-0.111049232132174
Symbiodinium21233,-0.0493749920399498
Symbiodinium21234,-0.0356598002232964
Symbiodinium21239,0.223125255029621
Symbiodinium21243,-0.00157485765057118
Symbiodinium21244,0.0742828641341836
Symbiodinium21250,0.129181118742573
Symbiodinium21251,-0.00419547087874132
Symbiodinium21254,-0.13557211979982
Symbiodinium21257,0.0947170993988273
Symbiodinium21259,0.208878380193009
Symbiodinium21264,0.4177334500338
Symbiodinium21267,0.130045750220949
Symbiodinium21270,0.813432847935725
Symbiodinium21279,0.71830159684917
Symbiodinium21281,-0.502218326713561
Symbiodinium21283,0.392850286288581
Symbiodinium21287,0.0370455388912459
Symbiodinium21291,0.0404370695466564
Symbiodinium21303,-0.000994354114131515
Symbiodinium21304,0.346571286115829
Symbiodinium21305,0.31762247574392
Symbiodinium21313,0.00343909748157498
Symbiodinium21321,0.179014026818039
Symbiodinium21324,-0.0407425205298897
Symbiodinium21326,0.16401316281447
Symbiodinium21333,0.0592216039193236
Symbiodinium21338,-0.216332500291416
Symbiodinium21345,0.0466403583258269
Symbiodinium21350,0.421446053967227
Symbiodinium21352,-0.0187326983804966
Symbiodinium21355,-0.317569968764264
Symbiodinium21371,-0.0599504955657652
Symbiodinium21372,0.00322550064222824
Symbiodinium21373,-0.141238415588459
Symbiodinium21378,0.104009667441456
Symbiodinium21384,-0.000360221081878565
Symbiodinium21393,-0.147564506847865
Symbiodinium21397,-0.0967969849243927
Symbiodinium21408,-0.418701383111306
Symbiodinium21411,-0.0908225457351271
Symbiodinium21416,-0.155607279025851
Symbiodinium21417,-0.0377557648705921
Symbiodinium21418,0.0991473050273205
Symbiodinium21427,-0.266743925342536
Symbiodinium21431,0.23218575478963
Symbiodinium21434,0.131122096301423
Symbiodinium21436,0.225224680704942
Symbiodinium21437,0.522328732495595
Symbiodinium21452,-0.291780425317322
Symbiodinium21457,0.0785853151008565
Symbiodinium21459,0.0956588640860977
Symbiodinium21460,0.29935498684295
Symbiodinium21461,-0.0518182849050172
Symbiodinium21471,0.00996319058853076
Symbiodinium21480,0.265241717717611
Symbiodinium21491,-0.293728316657586
Symbiodinium21499,0.0475536968000606
Symbiodinium21500,-0.269660661015052
Symbiodinium21501,0.372422660488714
Symbiodinium21515,0.248389045603384
Symbiodinium21516,0.491388292808157
Symbiodinium21534,0.0983302139610468
Symbiodinium21536,0.181518383770323
Symbiodinium21539,0.610686830656141
Symbiodinium21540,1.02326527786154
Symbiodinium21541,-0.0196773566092285
Symbiodinium21543,-0.126214395872835
Symbiodinium21546,-0.0358640542356318
Symbiodinium21548,0.0147112747835468
Symbiodinium21550,0.0337691808093723
Symbiodinium21555,0.101236089617576
Symbiodinium21556,-0.383824612197092
Symbiodinium21571,-0.194697521154043
Symbiodinium21579,0.0877786380544143
Symbiodinium21582,0.0149718957858052
Symbiodinium21585,2.10464486271037
Symbiodinium21587,-0.335611053327258
Symbiodinium21592,0.434267364018837
Symbiodinium21594,-0.425395241431459
Symbiodinium21595,0.142467727108802
Symbiodinium21597,0.0117206605912117
Symbiodinium21601,0.312130455438384
Symbiodinium21602,-0.0117528357247562
Symbiodinium21603,0.0640695569617077
Symbiodinium21604,1.09736760208598
Symbiodinium21612,0.285379176018176
Symbiodinium21614,0.0861622706720208
Symbiodinium21616,-0.0199449559165431
Symbiodinium21621,-0.0167189666687227
Symbiodinium21625,0.0537607989737432
Symbiodinium21627,-0.059432806064039
Symbiodinium21637,0.332313771568647
Symbiodinium21638,0.450871708716224
Symbiodinium21640,0.787639740977687
Symbiodinium21651,0.646376345590925
Symbiodinium21654,-0.0330364425618049
Symbiodinium21675,0.269177656322816
Symbiodinium21676,0.00228764182705271
Symbiodinium21684,-0.0916216406778412
Symbiodinium21685,-0.0662891499080897
Symbiodinium21695,0.592185941464299
Symbiodinium21700,0.133860940324922
Symbiodinium21704,0.00475328472992135
Symbiodinium21706,0.438645416795737
Symbiodinium21707,-0.158785033196743
Symbiodinium21712,0.0936797913109547
Symbiodinium21722,-0.937945211509842
Symbiodinium21736,0.114105812293259
Symbiodinium21740,-0.342406601711309
Symbiodinium21741,-0.0942867348484606
Symbiodinium21746,-0.0284460986577763
Symbiodinium21747,0.0172218149154434
Symbiodinium21757,-0.0271399186534494
Symbiodinium21772,-0.0300516596057712
Symbiodinium21784,-6.25150405685226
Symbiodinium21789,0.00685790115949544
Symbiodinium21797,-0.0195129992464873
Symbiodinium21799,0.142467727108802
Symbiodinium21803,0.0187326983804966
Symbiodinium21811,1.81138148134402
Symbiodinium21814,0.0387290210347221
Symbiodinium21816,-0.0077136139152767
Symbiodinium21819,0.91843717427761
Symbiodinium21821,-0.116884722538373
Symbiodinium21834,-0.0269066981398761
Symbiodinium21835,0.118575856103866
Symbiodinium21843,-0.00697871143708268
Symbiodinium21844,0.505301359308232
Symbiodinium21847,0.286865618846786
Symbiodinium21849,0.00905873274110891
Symbiodinium21852,0.00740559470589527
Symbiodinium21854,0.204185559435657
Symbiodinium21858,0.0167189666687227
Symbiodinium21859,0.483774285833998
Symbiodinium21866,-0.033552120901026
Symbiodinium21871,-0.137245951356882
Symbiodinium21872,0.0147112747835468
Symbiodinium21873,0.844227139098822
Symbiodinium21878,0.881796352339679
Symbiodinium21879,0.0455227335460308
Symbiodinium21880,0.180334302641701
Symbiodinium21883,-0.153407214220479
Symbiodinium21884,1.09736760208598
Symbiodinium21885,0.450140222644091
Symbiodinium21891,-0.0161992887266663
Symbiodinium21896,0.122730396341709
Symbiodinium21903,0.418579569852249
Symbiodinium21904,0.138229195757208
Symbiodinium21907,0.17294555986513
Symbiodinium21908,-0.187959148378939
Symbiodinium21915,0.0381524437819075
Symbiodinium21918,0.0546691445882563
Symbiodinium21925,0.182923790808283
Symbiodinium21928,0.0711605557567035
Symbiodinium21942,0.0056317183941546
Symbiodinium21948,-0.0465667843215244
Symbiodinium21949,0.0125751312230419
Symbiodinium21955,0.208878380193009
Symbiodinium2197,0.0202153287535928
Symbiodinium21973,0.207380497246268
Symbiodinium21989,-0.00183072521231643
Symbiodinium21993,0.0245938272580214
Symbiodinium21997,-0.108784041435646
Symbiodinium21998,0.0716705095826969
Symbiodinium22002,-0.0567663161337774
Symbiodinium22009,-0.428125187429309
Symbiodinium22011,-0.04968090308039
Symbiodinium22013,0.00241462678104737
Symbiodinium22022,0.186078998060672
Symbiodinium22025,-0.0029518275370504
Symbiodinium22029,0.0503734490019902
Symbiodinium22041,-0.00017800315072072
Symbiodinium22045,0.0916674394427998
Symbiodinium22046,0.0892284809511527
Symbiodinium22049,-0.248584102803027
Symbiodinium22050,0.0454057889821721
Symbiodinium22058,0.0908431013139933
Symbiodinium22061,0.264966578485728
Symbiodinium22065,0.000521479219132968
Symbiodinium22069,0.133860940324922
Symbiodinium22072,-0.285970650354616
Symbiodinium22074,0.11169254687332
Symbiodinium22086,-0.0978744602744898
Symbiodinium22088,0.0407425205298897
Symbiodinium22089,-0.0199449559165431
Symbiodinium22090,0.0559277992540749
Symbiodinium22098,0.116884722538373
Symbiodinium22099,-0.0598493122437132
Symbiodinium22106,-0.0810684408389771
Symbiodinium22110,-0.0908431013139933
Symbiodinium22111,0.33299990448962
Symbiodinium22113,-0.0635527197120838
Symbiodinium22123,-0.08605706241662
Symbiodinium22124,0.177339682807692
Symbiodinium22128,0.120292420393389
Symbiodinium22132,-0.721286756203028
Symbiodinium22138,0.236751345838155
Symbiodinium22154,-0.708022224132338
Symbiodinium22156,0.113702227788079
Symbiodinium22163,0.0118993152779324
Symbiodinium22164,0.317863134710836
Symbiodinium22165,0.192879932356548
Symbiodinium22169,0.481767673781384
Symbiodinium22171,0.1293677693987
Symbiodinium22175,-0.0567663161337774
Symbiodinium22183,0.0707950860031809
Symbiodinium22193,0.225149358338176
Symbiodinium22196,-0.137245951356882
Symbiodinium22215,0.430871985882761
Symbiodinium22219,-0.122559306321012
Symbiodinium22232,0.0377557648705921
Symbiodinium22236,-0.0783204883474777
Symbiodinium22238,0.513672607794888
Symbiodinium22245,0.118314766089947
Symbiodinium22254,0.0489659540409583
Symbiodinium22255,-1.68313938277196
Symbiodinium22265,0.0114762984331224
Symbiodinium22272,0.0883041567884454
Symbiodinium22275,0.00306523217989292
Symbiodinium22280,0.371470803597923
Symbiodinium22298,0.82644125948943
Symbiodinium22310,0.0193477264277703
Symbiodinium22328,0.198382799538426
Symbiodinium22335,-0.0459259823582984
Symbiodinium22339,-0.0413531817107383
Symbiodinium22346,-0.0570599269488921
Symbiodinium22353,0.0453058952425128
Symbiodinium22359,0.00965008730902799
Symbiodinium22377,-1.04355935320116
Symbiodinium22382,0.520585791488132
Symbiodinium22389,-0.171995914589154
Symbiodinium22391,0.326922825411527
Symbiodinium22394,0.109267478006133
Symbiodinium22400,0.273414300418696
Symbiodinium22405,-0.263696776576879
Symbiodinium22407,0.0189634270608753
Symbiodinium22409,0.0126226317898557
Symbiodinium22417,0.291860109474787
Symbiodinium22424,0.410322617954605
Symbiodinium22447,0.0704609075753958
Symbiodinium22448,-0.782973639035126
Symbiodinium22450,0.324333397497844
Symbiodinium22460,0.0459259823582984
Symbiodinium22471,0.261890429988277
Symbiodinium22474,0.246883292647945
Symbiodinium22475,0.386075456940716
Symbiodinium22481,-0.2293404131317
Symbiodinium22487,-0.266743925342536
Symbiodinium22500,-0.0370546965474299
Symbiodinium22502,0.0590335837644116
Symbiodinium22514,0.0537560024292402
Symbiodinium22515,-1.88336658086541
Symbiodinium22548,0.00502914260425311
Symbiodinium22549,-0.0422389612084182
Symbiodinium22561,0.0711023991301057
Symbiodinium22565,0.00996319058853076
Symbiodinium22579,-0.00322550064222824
Symbiodinium22580,0.0315867376325371
Symbiodinium22590,0.268826270526131
Symbiodinium22596,-0.0298668468191135
Symbiodinium22626,0.0641506134459201
Symbiodinium22628,0.0777609787162319
Symbiodinium22637,-0.491411805880987
Symbiodinium22662,-0.0147112747835468
Symbiodinium22669,0.00779515313076773
Symbiodinium22697,0.264860148046874
Symbiodinium22698,-0.0361886651358702
Symbiodinium22704,0.0848819200124136
Symbiodinium22706,-0.120292420393389
Symbiodinium22711,0.352616532325505
Symbiodinium22721,-0.00241462678104737
Symbiodinium22733,0.132969307957813
Symbiodinium22740,0.428203727996053
Symbiodinium22741,-0.167075518528126
Symbiodinium22752,-0.123287619755608
Symbiodinium22760,-0.380886973467233
Symbiodinium22761,0.06084360203469
Symbiodinium22762,-0.084124615761019
Symbiodinium22763,0.816364980867667
Symbiodinium22767,-0.43222803022558
Symbiodinium22771,0.00322550064222824
Symbiodinium22790,0.213799042877452
Symbiodinium22809,0.141038016074792
Symbiodinium22813,-0.00472851377041647
Symbiodinium22818,0.370350401963026
Symbiodinium22822,-0.0861622706720208
Symbiodinium22824,0.122559306321012
Symbiodinium22832,8.925133804843
Symbiodinium22843,-0.983940282944078
Symbiodinium22852,0.612189662524672
Symbiodinium22863,0.0318450302118285
Symbiodinium22874,0.157836418788281
Symbiodinium22880,0.0680943432136303
Symbiodinium22884,0.00740559470589527
Symbiodinium22888,-0.0572131939173344
Symbiodinium22895,0.0798415186137287
Symbiodinium22897,0.0077136139152767
Symbiodinium22898,0.378118113907067
Symbiodinium22901,-0.215055011480213
Symbiodinium22902,1.14954893958065
Symbiodinium22903,0.212591193569398
Symbiodinium22909,0.216584918993505
Symbiodinium22920,-0.4177334500338
Symbiodinium22924,-0.225224680704942
Symbiodinium22929,0.0195129992464873
Symbiodinium22933,-0.0628652954398886
Symbiodinium22953,0.18566569679056
Symbiodinium22955,-0.102437186294792
Symbiodinium22958,0.219448902727855
Symbiodinium22959,0.137474859884858
Symbiodinium22960,0.194341863440706
Symbiodinium22966,-0.151722201888597
Symbiodinium22972,-0.118277422622494
Symbiodinium22974,-0.162732225354115
Symbiodinium22978,0.324157961127725
Symbiodinium22980,-0.569215881772534
Symbiodinium22981,0.0808438242234538
Symbiodinium22989,-0.0672453641836867
Symbiodinium22990,0.086113514737478
Symbiodinium22991,-0.397087690991778
Symbiodinium22994,-0.154467488605893
Symbiodinium22996,0.0475051912106438
Symbiodinium22999,2.05867130499568
Symbiodinium23001,0.816364980867667
Symbiodinium23002,0.0963936800845723
Symbiodinium23004,0.0222298326008167
Symbiodinium23009,-0.491411805880987
Symbiodinium23011,-0.154054162243867
Symbiodinium23012,0.0497265010432226
Symbiodinium23013,1.09470184858045
Symbiodinium23014,0.234127102989048
Symbiodinium23019,-0.243819271204014
Symbiodinium23021,0.058125768923428
Symbiodinium23022,0.16429257392197
Symbiodinium23023,-0.288893848021982
Symbiodinium23026,0.0887940852390632
Symbiodinium23027,0.211590438929943
Symbiodinium23029,0.470700504545158
Symbiodinium23030,-0.0815808911803393
Symbiodinium23036,0.338662187695691
Symbiodinium23037,0.258282721713053
Symbiodinium23039,-0.124984941163794
Symbiodinium23045,-0.380886973467233
Symbiodinium23051,-0.124984941163794
Symbiodinium23056,2.00870638511048
Symbiodinium23069,0.45742772516761
Symbiodinium23070,-0.0963936800845723
Symbiodinium23081,0.174387736226007
Symbiodinium23085,-0.12336929342002
Symbiodinium23093,0.448399658334998
Symbiodinium23094,0.27869844508071
Symbiodinium23102,0.0832435399628626
Symbiodinium23103,0.26676285128348
Symbiodinium23105,0.387962961027154
Symbiodinium23106,0.0510367309735424
Symbiodinium23112,-0.859380438623715
Symbiodinium23115,0.137245951356882
Symbiodinium23117,0.0271399186534494
Symbiodinium23118,0.0284460986577763
Symbiodinium23125,0.117245246345381
Symbiodinium23127,0.249964252324191
Symbiodinium23131,0.785331178935042
Symbiodinium23133,0.0759445198400068
Symbiodinium23136,-0.00228764182705271
Symbiodinium23139,0.162762325955021
Symbiodinium23149,-0.592002715245585
Symbiodinium23156,0.114074661785046
Symbiodinium23167,0.111801567222315
Symbiodinium23168,-1.66582043882109
Symbiodinium23173,0.00936223059745143
Symbiodinium23178,0.0688914214187102
Symbiodinium23182,0.0899542935724293
Symbiodinium23187,-0.153416274118586
Symbiodinium23191,0.0685347338523728
Symbiodinium23192,0.386075456940716
Symbiodinium23193,-0.0764932132479956
Symbiodinium23196,0.681914321892327
Symbiodinium23197,-0.0105207176439224
Symbiodinium23203,0.0558046519224933
Symbiodinium23207,0.077049667683793
Symbiodinium23210,0.413729415522755
Symbiodinium23212,-0.0738532057280556
Symbiodinium23214,0.179246070502078
Symbiodinium23221,-0.0650008373166347
Symbiodinium23222,-0.151927028615835
Symbiodinium23225,0.0293224715619729
Symbiodinium23226,0.43222803022558
Symbiodinium23228,0.320087287000536
Symbiodinium23230,-0.0590335837644116
Symbiodinium23232,0.203050058175037
Symbiodinium23233,0.788655063008688
Symbiodinium23238,0.536579989073978
Symbiodinium23239,-0.00278267408218934
Symbiodinium23243,0.114122323862375
Symbiodinium23246,-0.109406144112985
Symbiodinium23248,-0.0128170793556189
Symbiodinium23257,-0.0123063749851335
Symbiodinium23258,-0.0183660669576217
Symbiodinium23260,-0.296796884676757
Symbiodinium23262,-0.00697871143708268
Symbiodinium23264,-0.0689171355598215
Symbiodinium23265,0.354560232035926
Symbiodinium23268,0.0392622635609812
Symbiodinium23273,0.703629561711419
Symbiodinium23275,0.210465054896112
Symbiodinium23277,0.0559277992540749
Symbiodinium23278,0.0603961952932111
Symbiodinium23280,0.125777221000049
Symbiodinium23281,0.859121438734449
Symbiodinium23284,0.327716815107063
Symbiodinium23286,-0.0752712057151274
Symbiodinium23287,-0.0315750113339204
Symbiodinium23289,0.177382411185841
Symbiodinium23290,-0.0056317183941546
Symbiodinium23292,0.121691261861546
Symbiodinium23294,1.18800657929036
Symbiodinium23295,0.187959148378939
Symbiodinium23296,0.0644026613823391
Symbiodinium23300,0.0318723247980992
Symbiodinium23304,0.192879932356548
Symbiodinium23305,0.122730396341709
Symbiodinium23311,-0.0426816236951148
Symbiodinium23316,0.222144814353475
Symbiodinium23318,0.0774332594379833
Symbiodinium23319,-0.109916098654996
Symbiodinium23320,0.236989916485957
Symbiodinium23323,0.702124262375719
Symbiodinium23328,0.0125751312230419
Symbiodinium23329,-0.0570599269488921
Symbiodinium23330,0.127101662966309
Symbiodinium23331,-0.262666772461476
Symbiodinium23335,0.175079643246055
Symbiodinium23339,0.224662236687374
Symbiodinium23340,0.095841422240406
Symbiodinium23343,0.0901904386868411
Symbiodinium23346,-0.00891288757559414
Symbiodinium23350,0.201499527799519
Symbiodinium23351,0.462566095772418
Symbiodinium23353,0.0236058204238727
Symbiodinium23355,0.484503552400108
Symbiodinium23356,0.464325574965138
Symbiodinium23358,0.010165263044218
Symbiodinium23360,-0.371470803597923
Symbiodinium23364,0.203543624301544
Symbiodinium23366,-0.0128479494937309
Symbiodinium23367,-0.0612044189837812
Symbiodinium23368,0.0293224715619729
Symbiodinium23376,0.191243297860934
Symbiodinium23379,-0.360700482565061
Symbiodinium23381,-0.0722944417838779
Symbiodinium23384,-0.0475599331225344
Symbiodinium23385,0.120632032515022
Symbiodinium23386,0.816154132035802
Symbiodinium23387,0.343540502147059
Symbiodinium23388,-0.0550424221636684
Symbiodinium23389,-0.000130512167099362
Symbiodinium23394,-0.424466361050845
Symbiodinium23399,0.173001489202493
Symbiodinium23400,0.173645427988813
Symbiodinium23401,0.242506315400745
Symbiodinium23402,-0.0404370695466564
Symbiodinium23403,-0.06084360203469
Symbiodinium23404,-0.0542109583048212
Symbiodinium23407,-0.0269066981398761
Symbiodinium23409,-0.322137081663392
Symbiodinium23410,0.675653327410739
Symbiodinium23414,0.354560232035926
Symbiodinium23415,-0.105630667031442
Symbiodinium23418,-0.0222416800971642
Symbiodinium23419,0.69860646734804
Symbiodinium23420,-0.927067684723103
Symbiodinium23422,-0.0215152505439995
Symbiodinium23434,0.189601183477269
Symbiodinium23435,0.153280048974511
Symbiodinium23437,0.0145974932704961
Symbiodinium23441,0.0601246010158838
Symbiodinium23446,0.0273191602263976
Symbiodinium23447,0.452003883452446
Symbiodinium23451,0.0152189357400795
Symbiodinium23453,0.24848459474913
Symbiodinium23456,0.0187326983804966
Symbiodinium23457,0.759182900816353
Symbiodinium23459,0.515170115094878
Symbiodinium23460,-0.094965718310012
Symbiodinium23463,-0.823392434492251
Symbiodinium23466,-0.585571128643524
Symbiodinium23470,0.444598448913403
Symbiodinium23473,-0.0493749920399498
Symbiodinium23477,-0.0486559992854874
Symbiodinium23479,0.347621048835829
Symbiodinium23481,-0.0711605557567035
Symbiodinium23489,0.123353430307904
Symbiodinium23490,0.0879448015483956
Symbiodinium23493,0.200859575484861
Symbiodinium23494,-0.0443112621886225
Symbiodinium23501,0.0680943432136303
Symbiodinium23502,-0.0101044279742775
Symbiodinium23503,-0.0532748452233134
Symbiodinium23510,0.423403930577175
Symbiodinium23512,-0.0097054794447366
Symbiodinium23513,0.253202789548599
Symbiodinium23523,0.182411528899424
Symbiodinium23525,-0.196273653799229
Symbiodinium23527,0.0775093488073768
Symbiodinium23529,0.122559306321012
Symbiodinium23536,3.74483529177111
Symbiodinium23540,-0.0997378079970227
Symbiodinium23541,0.0309886415086594
Symbiodinium23548,0.262743766290433
Symbiodinium23562,0.141076799407873
Symbiodinium23563,7.07728467563387
Symbiodinium23566,-0.034938587357987
Symbiodinium23569,1.17710175713513
Symbiodinium23570,-0.000904612367675812
Symbiodinium23583,0.0272043633234715
Symbiodinium23585,0.0319790576618227
Symbiodinium23616,0.000768598443410495
Symbiodinium23628,-0.108784041435646
Symbiodinium23647,0.43665027888994
Symbiodinium23649,0.190957919186824
Symbiodinium23654,0.0215604650367091
Symbiodinium23656,0.0173964774903479
Symbiodinium23672,0.663859912480637
Symbiodinium23677,0.179014026818039
Symbiodinium23678,0.613632561883502
Symbiodinium23684,0.164550650248009
Symbiodinium23686,0.0318450302118285
Symbiodinium23688,0.119230995168089
Symbiodinium23689,-0.0116325123857731
Symbiodinium23695,0.0163306780394547
Symbiodinium23696,0.0485778775478246
Symbiodinium23699,-2.89302591299631
Symbiodinium23708,0.144601015497602
Symbiodinium23718,-0.107166534707392
Symbiodinium23723,-0.0202153287535928
Symbiodinium23724,0.445318528545203
Symbiodinium23727,0.00622607154741043
Symbiodinium23730,0.266743925342536
Symbiodinium23736,-0.0145204798321471
Symbiodinium23738,0.0921858841241543
Symbiodinium23746,0.889240059557464
Symbiodinium23749,-0.0747289524604556
Symbiodinium23751,-0.0696985424016228
Symbiodinium23754,0.0563449443507333
Symbiodinium23759,-0.00306523217989292
Symbiodinium23760,0.0619316405222005
Symbiodinium23763,0.0426816236951148
Symbiodinium23770,0.102365732407788
Symbiodinium23772,0.373962064153647
Symbiodinium23774,0.202933102173335
Symbiodinium23775,-0.163092024444884
Symbiodinium23779,-0.536579989073978
Symbiodinium23782,-2.91171216522513
Symbiodinium23784,-0.0989079812887174
Symbiodinium23785,0.0505141767120753
Symbiodinium23789,0.248389045603384
Symbiodinium23792,-0.380886973467233
Symbiodinium23794,-0.086113514737478
Symbiodinium23796,0.448399658334998
Symbiodinium23800,-0.0477724770337654
Symbiodinium23810,0.0948804714811217
Symbiodinium23814,0.132964755332293
Symbiodinium23818,-0.23213707153465
Symbiodinium23830,-0.0764968358488548
Symbiodinium23837,-0.317142123022242
Symbiodinium23847,-1.4394466525974
Symbiodinium23856,0.0547487471236941
Symbiodinium23858,0.00233427657288004
Symbiodinium23859,-0.0114580344621899
Symbiodinium23860,0.257929273492688
Symbiodinium23863,-0.481000288338417
Symbiodinium23883,0.371470803597923
Symbiodinium23886,-0.101348768825429
Symbiodinium23888,0.809600906435549
Symbiodinium23895,0.0978028466096432
Symbiodinium23900,0.430871985882761
Symbiodinium23901,0.605052644444967
Symbiodinium23921,-0.0728444143291586
Symbiodinium23922,0.707231742484058
Symbiodinium23923,0.0117528357247562
Symbiodinium23925,-0.0523521539909151
Symbiodinium23927,-8.68091290220918e-05
Symbiodinium23928,-0.400670925928321
Symbiodinium23932,0.083106153398115
Symbiodinium23940,0.115363869331649
Symbiodinium23947,2.24588957276042
Symbiodinium23950,0.368275560928597
Symbiodinium23958,-0.702124262375719
Symbiodinium23965,0.122052988670657
Symbiodinium23966,0.0711023991301057
Symbiodinium23973,-0.209533860733853
Symbiodinium23974,-0.0802804011266036
Symbiodinium23975,0.323376266060796
Symbiodinium23984,0.0762210427068146
Symbiodinium23986,0.0776585174808115
Symbiodinium23987,-0.716436107498236
Symbiodinium23990,-0.140545245482658
Symbiodinium23991,0.302495444914345
Symbiodinium23992,-0.246531490414317
Symbiodinium23993,-0.169126159481941
Symbiodinium24000,0.279844486208389
Symbiodinium24004,-0.000130512167099362
Symbiodinium24005,0.016984721186378
Symbiodinium24008,0.0835896212563327
Symbiodinium24015,-0.515170115094878
Symbiodinium24018,0.117756292551391
Symbiodinium24035,0.0219893174839441
Symbiodinium24036,-0.0022013302273144
Symbiodinium24049,0.00472851377041647
Symbiodinium24053,0.728312635881613
Symbiodinium24054,-0.0459259823582984
Symbiodinium24056,0.0531019334398233
Symbiodinium24057,0.122121386603426
Symbiodinium24058,-0.0330364425618049
Symbiodinium24061,0.0550424221636684
Symbiodinium24062,-0.059432806064039
Symbiodinium24063,0.00779515313076773
Symbiodinium24069,0.0440453518000643
Symbiodinium24072,-0.0789542131858304
Symbiodinium24086,-0.0563449443507333
Symbiodinium24090,-0.140198598294429
Symbiodinium24091,0.227671793971184
Symbiodinium24092,-0.56224057179495
Symbiodinium24096,0.0249841900932089
Symbiodinium24100,-7.3362712337555
Symbiodinium24102,-0.543312768262551
Symbiodinium24112,0.00835805011969384
Symbiodinium24120,-0.082097889715096
Symbiodinium24121,0.63064997427541
Symbiodinium24131,-0.00710155378648219
Symbiodinium24134,0.686972549129813
Symbiodinium24137,-0.0206607337172019
Symbiodinium24139,0.10827815555887
Symbiodinium24141,-0.0942579925413464
Symbiodinium24145,1.42282691300724
Symbiodinium24147,0.169016311276586
Symbiodinium24149,0.0123063749851335
Symbiodinium24150,0.0097054794447366
Symbiodinium24155,-0.179014026818039
Symbiodinium24164,0.438645416795737
Symbiodinium24172,0.288893848021982
Symbiodinium24173,0.101911403645185
Symbiodinium24175,-0.0196773566092285
Symbiodinium24179,0.122741658315463
Symbiodinium24182,-0.0337691808093723
Symbiodinium24184,0.313660632376577
Symbiodinium24185,-0.048283064704888
Symbiodinium24192,-0.0140329406037709
Symbiodinium24195,0.17295019803822
Symbiodinium24202,0.0493749920399498
Symbiodinium24204,-0.118575856103866
Symbiodinium24213,-0.0453058952425128
Symbiodinium24218,-0.313810056627818
Symbiodinium24225,-0.108784041435646
Symbiodinium24234,0.0928964323655645
Symbiodinium24238,-0.280572619740983
Symbiodinium24241,-0.00241462678104737
Symbiodinium24242,-0.0689171355598215
Symbiodinium24247,0.0318723247980992
Symbiodinium24250,0.0851788180773327
Symbiodinium24254,-0.0252638196359858
Symbiodinium24261,0.392580682910345
Symbiodinium24266,-0.126034147411599
Symbiodinium24278,0.0202153287535928
Symbiodinium24288,0.00183072521231643
Symbiodinium24294,0.207193297347409
Symbiodinium24295,0.444598448913403
Symbiodinium24298,0.141721657425499
Symbiodinium24302,0.0436152361938357
Symbiodinium24305,-0.18526416297586
Symbiodinium24307,0.369444194364716
Symbiodinium24314,0.261890429988277
Symbiodinium24315,0.171995914589154
Symbiodinium24329,0.0517186429840334
Symbiodinium24337,0.000904612367675812
Symbiodinium24340,-1.38269664520085
Symbiodinium24346,0.683432450325792
Symbiodinium24354,-0.0648186047641307
Symbiodinium24355,-0.171995914589154
Symbiodinium24357,-0.16429257392197
Symbiodinium24367,1.1515504646037
Symbiodinium24372,-0.00905766827615342
Symbiodinium24374,0.178378628540605
Symbiodinium24395,0.00996319058853076
Symbiodinium24406,-0.0250585953963556
Symbiodinium24408,0.0782399388756806
Symbiodinium24409,0.0127620929781378
Symbiodinium24411,0.382148276540124
Symbiodinium24412,0.0501276987105414
Symbiodinium24432,-0.312130455438384
Symbiodinium24440,-0.0217145532996683
Symbiodinium24442,0.0332348887796353
Symbiodinium24444,0.0250585953963556
Symbiodinium24457,-0.103220244313626
Symbiodinium24460,0.441603007274038
Symbiodinium24464,0.189601183477269
Symbiodinium24466,-0.0298668468191135
Symbiodinium24467,-0.636527729489209
Symbiodinium24469,-0.118660739751909
Symbiodinium24474,0.301888841308643
Symbiodinium24477,-0.0365150125514445
Symbiodinium24484,0.0822444221635016
Symbiodinium24488,0.0449647176208366
Symbiodinium24489,-0.567891727301076
Symbiodinium24497,-0.53185016445999
Symbiodinium24498,0.105952468475783
Symbiodinium24500,0.292938273291829
Symbiodinium24502,-0.141953403540355
Symbiodinium24509,0.184170686823516
Symbiodinium24513,-0.138229195757208
Symbiodinium24525,0.119536598160947
Symbiodinium24534,0.259534202071076
Symbiodinium24543,-0.0437614685877833
Symbiodinium24552,0.296985525642156
Symbiodinium24553,0.0252638196359858
Symbiodinium24555,0.138567169132995
Symbiodinium24576,1.18041442799218
Symbiodinium24577,1.97188710803405
Symbiodinium24579,0.0619316405222005
Symbiodinium24580,0.124553898146192
Symbiodinium24581,0.0469176971361948
Symbiodinium24583,0.0101589103087491
Symbiodinium24584,0.787879410500147
Symbiodinium24587,-0.560989620356371
Symbiodinium24591,-0.528842028380765
Symbiodinium24592,11.0273869781141
Symbiodinium24594,0.000360221081878565
Symbiodinium24595,0.183431136477195
Symbiodinium24597,-0.0700902545152891
Symbiodinium24601,0.0697405293150334
Symbiodinium24607,0.0332348887796353
Symbiodinium24617,0.67608087656399
Symbiodinium24619,0.38162624876008
Symbiodinium24620,0.159577293097067
Symbiodinium24622,0.728312635881613
Symbiodinium24623,0.0029518275370504
Symbiodinium24628,0.0319165769813577
Symbiodinium24629,-0.151927028615835
Symbiodinium24633,-0.0682506608103861
Symbiodinium24634,0.0144641318484249
Symbiodinium24643,0.000327961110938254
Symbiodinium24648,-1.28275862529142
Symbiodinium24649,0.291126300817948
Symbiodinium24658,0.0888328500087654
Symbiodinium24665,-0.187959148378939
Symbiodinium24666,0.22496134980824
Symbiodinium24669,-0.104009667441456
Symbiodinium24680,-0.0298668468191135
Symbiodinium24683,-0.0396813681204512
Symbiodinium24685,-0.0258286967762011
Symbiodinium24690,0.0125751312230419
Symbiodinium24691,0.0587505235549053
Symbiodinium24692,0.325764044802059
Symbiodinium24695,-0.135028390336531
Symbiodinium24699,-0.33444693352646
Symbiodinium24700,0.513047309163952
Symbiodinium24707,0.294655038854032
Symbiodinium2471,0.695814599018474
Symbiodinium24711,-0.0942579925413464
Symbiodinium24714,-0.0161862535925023
Symbiodinium24720,-0.125814625782028
Symbiodinium24725,0.163253192918466
Symbiodinium24734,0.00779515313076773
Symbiodinium24736,0.0537607989737432
Symbiodinium24737,-0.0831889865922398
Symbiodinium24738,0.197958984542386
Symbiodinium24742,0.231442523694233
Symbiodinium24743,-0.0454057889821721
Symbiodinium24745,0.136810333461192
Symbiodinium24746,-0.0222416800971642
Symbiodinium24755,0.0198831325512566
Symbiodinium24759,0.0404370695466564
Symbiodinium24760,-0.0556193598540713
Symbiodinium24764,0.0318450302118285
Symbiodinium24767,-0.0310728166941229
Symbiodinium24768,0.329006669268659
Symbiodinium24771,-0.118314766089947
Symbiodinium24775,0.00328585140476075
Symbiodinium24776,-0.12336929342002
Symbiodinium24779,0.167311217947537
Symbiodinium24781,-0.594145201058811
Symbiodinium24783,3.5766755138136
Symbiodinium24786,0.158785033196743
Symbiodinium24788,0.056982392742525
Symbiodinium24793,0.152702033389972
Symbiodinium24797,0.384349184233928
Symbiodinium24801,-0.133860940324922
Symbiodinium24807,0.244251439309207
Symbiodinium24814,0.708005835792046
Symbiodinium24816,-0.094965718310012
Symbiodinium24831,-0.0202153287535928
Symbiodinium24832,0.00233427657288004
Symbiodinium24837,0.291010128894995
Symbiodinium24840,0.351606909996007
Symbiodinium24841,0.187959148378939
Symbiodinium24844,0.0239725906822592
Symbiodinium24845,0.00472851377041647
Symbiodinium24846,0.418579569852249
Symbiodinium24854,0.0294765408881997
Symbiodinium24855,0.00183072521231643
Symbiodinium24865,0.0269066981398761
Symbiodinium24866,-0.183358776530114
Symbiodinium24868,0.18526416297586
Symbiodinium24870,0.570664686737518
Symbiodinium24874,0.0150338540398494
Symbiodinium24875,0.131387430692235
Symbiodinium24882,0.520585791488132
Symbiodinium24886,0.379138984141472
Symbiodinium24888,0.138985743403095
Symbiodinium24890,-0.0847521427437562
Symbiodinium24895,0.0551489546507618
Symbiodinium24897,-0.00271257507726137
Symbiodinium24899,0.608476001876651
Symbiodinium24905,0.00111440120223265
Symbiodinium24913,0.317863134710836
Symbiodinium24916,-0.0236058204238727
Symbiodinium24917,-0.0662844384640763
Symbiodinium24918,0.0306954865414144
Symbiodinium24923,-0.104407670002398
Symbiodinium24929,-0.04435238900909
Symbiodinium24935,-0.400670925928321
Symbiodinium24939,-0.582697125505535
Symbiodinium24945,0.0923112522954265
Symbiodinium24947,-0.0667416769467212
Symbiodinium24948,0.0377557648705921
Symbiodinium24950,0.387962961027154
Symbiodinium24953,-0.55609180774895
Symbiodinium24954,0.316627482000309
Symbiodinium24965,0.132246668567024
Symbiodinium24973,-1.07020136833902
Symbiodinium24975,0.234127102989048
Symbiodinium24977,0.298419216184897
Symbiodinium24978,0.816900158320633
Symbiodinium24983,-0.251947925603254
Symbiodinium24988,-0.00502914260425311
Symbiodinium24989,-0.0806957385501111
Symbiodinium24991,-0.153407214220479
Symbiodinium24996,0.262666772461476
Symbiodinium24998,-0.0219155631750498
Symbiodinium25003,7.26956310218476
Symbiodinium25010,0.472110532055008
Symbiodinium25011,0.0355306260640492
Symbiodinium25013,-0.123867042523586
Symbiodinium25049,0.397482608608439
Symbiodinium25052,0.148328338118528
Symbiodinium25054,-0.122559306321012
Symbiodinium25056,-0.457501583558643
Symbiodinium25057,0.636527729489209
Symbiodinium25063,0.0592216039193236
Symbiodinium25075,-0.0556872983567367
Symbiodinium25078,0.694446024702583
Symbiodinium25082,0.021129452373871
Symbiodinium25096,-0.360936450365873
Symbiodinium25098,0.207017833157997
Symbiodinium25101,0.0162205476352685
Symbiodinium25102,0.210465054896112
Symbiodinium25104,0.263696776576879
Symbiodinium25106,0.529947959863469
Symbiodinium25112,-0.0125751312230419
Symbiodinium25123,-0.118575856103866
Symbiodinium25126,-0.191904773263572
Symbiodinium25128,0.614203834287577
Symbiodinium2513,0.616947533539078
Symbiodinium25133,-0.040008892379926
Symbiodinium25134,0.0499601349760768
Symbiodinium25136,-1.48909945431082
Symbiodinium25138,-0.00241462678104737
Symbiodinium25142,-0.106102952284096
Symbiodinium25151,0.0771423698014674
Symbiodinium25152,0.0879634117483576
Symbiodinium25153,0.466932476686356
Symbiodinium25155,0.423403930577175
Symbiodinium25157,-0.158236393727526
Symbiodinium25163,0.298868327927523
Symbiodinium25170,-0.044238329656561
Symbiodinium25172,-0.0367337842674485
Symbiodinium25176,-3.45693504282882
Symbiodinium25177,0.102165967405568
Symbiodinium25186,-0.0179726725610879
Symbiodinium25189,0.264769276725798
Symbiodinium25192,-0.0318450302118285
Symbiodinium25198,-0.0161992887266663
Symbiodinium25200,0.286291169344774
Symbiodinium25206,-0.0163306780394547
Symbiodinium25209,-0.0517074527032567
Symbiodinium25210,-0.222486775378353
Symbiodinium25212,-0.0850952250673542
Symbiodinium25215,0.00112957493353361
Symbiodinium25220,-0.150240041712729
Symbiodinium25222,0.515170115094878
Symbiodinium25225,0.0889196460873208
Symbiodinium25226,0.592428121560542
Symbiodinium25228,-0.0577559126299018
Symbiodinium25237,0.17295019803822
Symbiodinium25238,0.0146292804454744
Symbiodinium25244,-0.0398305120544645
Symbiodinium25248,0.0906805694840585
Symbiodinium25249,0.136370658738702
Symbiodinium25257,-0.00212195676545037
Symbiodinium25258,1.14196305104352
Symbiodinium25262,0.287200229921864
Symbiodinium25263,0.172459062933387
Symbiodinium25265,0.0477724770337654
Symbiodinium25267,0.103454241707902
Symbiodinium25268,-0.389582946881208
Symbiodinium25271,-0.148328338118528
Symbiodinium25272,0.148328338118528
Symbiodinium25273,0.09986983100061
Symbiodinium25281,0.260000973545969
Symbiodinium25285,0.166830729070267
Symbiodinium25286,-12.2741808707869
Symbiodinium25289,0.401365528633169
Symbiodinium25293,0.107197064053151
Symbiodinium25294,0.780377175871448
Symbiodinium25300,1.31343563978175
Symbiodinium25307,-0.368412583039468
Symbiodinium25308,0.0511832461073805
Symbiodinium25316,-0.00241462678104737
Symbiodinium25317,-0.00322550064222824
Symbiodinium25320,0.0647827881627119
Symbiodinium25322,0.00711930943242685
Symbiodinium25329,-0.107060184442553
Symbiodinium25330,0.221229155088515
Symbiodinium25337,0.120390739057694
Symbiodinium25338,-0.312144555396157
Symbiodinium25339,0.458444641643977
Symbiodinium25343,-0.021129452373871
Symbiodinium25345,0.0861622706720208
Symbiodinium25350,-0.728312635881613
Symbiodinium25351,0.00525489825098913
Symbiodinium25353,-0.0647827881627119
Symbiodinium25356,0.577598236385006
Symbiodinium25359,-0.8024553212902
Symbiodinium25361,0.316627482000309
Symbiodinium25369,-0.143339921220035
Symbiodinium25371,-1.07028312571916
Symbiodinium25378,0.149637679720368
Symbiodinium25379,-0.00837331843013997
Symbiodinium25384,0.0451731464498579
Symbiodinium25386,0.253202789548599
Symbiodinium25387,-0.0258644313531925
Symbiodinium25391,0.162094287969793
Symbiodinium25395,-0.220941092364503
Symbiodinium25400,0.937945211509842
Symbiodinium25401,0.0518182849050172
Symbiodinium25407,0.335287140181588
Symbiodinium25417,-0.000521479219132968
Symbiodinium25421,-0.150240041712729
Symbiodinium25422,-0.00740559470589527
Symbiodinium25424,0.00306523217989292
Symbiodinium25431,-0.246531490414317
Symbiodinium25434,0.0391925785957933
Symbiodinium25436,-0.158575585955133
Symbiodinium25441,0.101996271206568
Symbiodinium25445,0.317142123022242
Symbiodinium25448,0.0518182849050172
Symbiodinium25452,-0.151257934152876
Symbiodinium25455,0.113212330679755
Symbiodinium25467,-0.182566087806444
Symbiodinium25471,-2.19316425340425
Symbiodinium25473,-0.408915662699266
Symbiodinium25475,-0.156411334763812
Symbiodinium25476,-0.492061426073415
Symbiodinium25479,-0.165527470791426
Symbiodinium25480,-0.613632561883502
Symbiodinium25481,0.378844211755154
Symbiodinium25489,0.0559769134009048
Symbiodinium25490,0.00322550064222824
Symbiodinium25492,-0.111594369644364
Symbiodinium25494,-0.384869339343247
Symbiodinium25495,0.0219155631750498
Symbiodinium25508,0.031447440836854
Symbiodinium25510,-0.0036164419958947
Symbiodinium25515,-0.174453700548893
Symbiodinium25519,-1.35337905895835
Symbiodinium25522,0.137245951356882
Symbiodinium25523,-0.651212484485819
Symbiodinium25526,-0.0976908087958806
Symbiodinium25528,-0.0244858216454921
Symbiodinium25530,1.00557439139209
Symbiodinium25531,0.131901721956986
Symbiodinium25535,-0.20677290078423
Symbiodinium25538,0.177382411185841
Symbiodinium25539,0.124774145869717
Symbiodinium25540,-0.835403726076434
Symbiodinium25552,0.00779515313076773
Symbiodinium25557,0.307603742863977
Symbiodinium25564,0.0598493122437132
Symbiodinium25568,-0.00630107326473367
Symbiodinium25569,-0.380886973467233
Symbiodinium25572,0.0851525328897379
Symbiodinium25574,0.265293640256156
Symbiodinium25577,0.0654851502695754
Symbiodinium25578,0.0140530560199126
Symbiodinium25579,-0.00428814615208419
Symbiodinium25581,0.138588287171267
Symbiodinium25584,0.0167899021080192
Symbiodinium25586,-0.141038016074792
Symbiodinium25588,-0.236989916485957
Symbiodinium25589,-0.0751430633861423
Symbiodinium25591,-0.193192508903856
Symbiodinium25596,0.460571514023511
Symbiodinium25597,-2.95590076053903
Symbiodinium25600,0.0962181829433093
Symbiodinium25602,-0.102183069003549
Symbiodinium25606,0.0662891499080897
Symbiodinium25613,-0.0662891499080897
Symbiodinium25614,-0.200171575354886
Symbiodinium25615,0.276946278239873
Symbiodinium25616,0.0466478484325757
Symbiodinium25618,-0.00472851377041647
Symbiodinium25620,0.095841422240406
Symbiodinium25621,-0.141953403540355
Symbiodinium25622,0.118827370814514
Symbiodinium25630,-0.0150830176088721
Symbiodinium25636,0.130667519858312
Symbiodinium25641,0.0934407181023559
Symbiodinium25642,0.112263765696545
Symbiodinium25644,0.152702033389972
Symbiodinium25646,0.592002715245585
Symbiodinium25650,0.0728032594978348
Symbiodinium25651,0.0114580344621899
Symbiodinium25652,0.491481935485149
Symbiodinium25654,0.118314766089947
Symbiodinium25656,0.200171575354886
Symbiodinium25660,0.00192291993639096
Symbiodinium25665,0.25282751754602
Symbiodinium25678,-0.278725567004082
Symbiodinium25687,0.058125768923428
Symbiodinium25689,0.531059796432521
Symbiodinium25690,1.72400166814422
Symbiodinium25692,0.161774933565384
Symbiodinium25704,0.0077136139152767
Symbiodinium25705,-0.0111853312920792
Symbiodinium25707,-0.0164609982429948
Symbiodinium25708,-0.199792408915976
Symbiodinium25710,-0.098082279020951
Symbiodinium25712,-0.134482265827638
Symbiodinium25717,0.253113398328518
Symbiodinium25723,1.69380525209491
Symbiodinium25725,0.307621334279028
Symbiodinium25727,0.0985840954850444
Symbiodinium25730,0.103306717542251
Symbiodinium25734,0.128365656212534
Symbiodinium25739,0.537577029335269
Symbiodinium25742,0.000521479219132968
Symbiodinium25748,0.143597214243082
Symbiodinium25750,-0.179920025389724
Symbiodinium25760,0.136925502254779
Symbiodinium25772,-0.00434444345582689
Symbiodinium25773,0.111432098339111
Symbiodinium25775,-2.70128483536015
Symbiodinium25781,0.689830929527794
Symbiodinium25782,0.0443112621886225
Symbiodinium25787,0.0570599269488921
Symbiodinium25789,0.416850928727403
Symbiodinium25792,0.327398420349027
Symbiodinium25794,-0.0675540545972216
Symbiodinium25795,0.742673375006538
Symbiodinium25799,-0.0650829500539017
Symbiodinium25800,-0.246883292647945
Symbiodinium25802,-0.471741034602102
Symbiodinium25804,-0.0205615344224538
Symbiodinium25805,0.021129452373871
Symbiodinium25816,-0.350366077334521
Symbiodinium25819,-2.10464486271037
Symbiodinium25820,-0.190062268939188
Symbiodinium25821,0.0912423819818118
Symbiodinium25823,0.047107011499883
Symbiodinium25824,0.0577559126299018
Symbiodinium25825,0.0611933231292462
Symbiodinium25827,1.85499179735769
Symbiodinium25828,0.470700504545158
Symbiodinium25831,0.0038594685534394
Symbiodinium25837,-0.0936797913109547
Symbiodinium25840,0.322517868183518
Symbiodinium25846,0.282063795755514
Symbiodinium25847,0.0831889865922398
Symbiodinium25848,-0.0167899021080192
Symbiodinium25849,-0.680490031449055
Symbiodinium25851,-0.0193477264277703
Symbiodinium25852,-0.183431136477195
Symbiodinium25859,-0.387553554597779
Symbiodinium25869,-0.280356365734792
Symbiodinium25871,0.0343180689896187
Symbiodinium25875,0.0977163798811683
Symbiodinium25876,0.0653550967614074
Symbiodinium25879,0.0404370695466564
Symbiodinium25882,0.102365732407788
Symbiodinium25886,0.0578973638350228
Symbiodinium25894,0.00472851377041647
Symbiodinium25897,0.265431620598476
Symbiodinium25899,0.0288026487460893
Symbiodinium25901,-6.71826277884914
Symbiodinium25903,-0.610686830656141
Symbiodinium25905,0.158575585955133
Symbiodinium25908,0.0831889865922398
Symbiodinium25914,-0.251947925603254
Symbiodinium25915,-0.0486559992854874
Symbiodinium25920,0.156131800628108
Symbiodinium25923,-0.189601183477269
Symbiodinium25928,1.14954893958065
Symbiodinium25929,0.0163306780394547
Symbiodinium25932,-0.0722890961304182
Symbiodinium25936,0.274941168694465
Symbiodinium25938,0.515170115094878
Symbiodinium25939,-0.545932414812491
Symbiodinium25941,0.0729619286893908
Symbiodinium25945,0.373962064153647
Symbiodinium25951,-0.0947170993988273
Symbiodinium25952,0.0372077866699696
Symbiodinium25962,0.0396813681204512
Symbiodinium25963,-0.350967219254203
Symbiodinium25965,0.343540502147059
Symbiodinium25966,-0.0161862535925023
Symbiodinium25967,0.514915185029479
Symbiodinium25970,-0.527792509481679
Symbiodinium25971,0.0216581331805826
Symbiodinium25986,-0.544733890138539
Symbiodinium25987,-1.41120480960237
Symbiodinium25992,0.317569968764264
Symbiodinium25996,0.00322550064222824
Symbiodinium25997,-0.425395241431459
Symbiodinium26001,-0.00970134349901081
Symbiodinium26003,-0.0707005720247899
Symbiodinium26004,0.0607119780392571
Symbiodinium26005,0.0174712298685652
Symbiodinium26006,0.0361702338194561
Symbiodinium26012,-0.0644026613823391
Symbiodinium26013,-0.099306882020686
Symbiodinium26014,0.0787894605140894
Symbiodinium26018,1.02667836299695
Symbiodinium26019,2.36482768203877
Symbiodinium26020,-0.0806957385501111
Symbiodinium26021,2.11288380564291
Symbiodinium26025,0.889392033569818
Symbiodinium26026,0.0956588640860977
Symbiodinium26027,0.0771423698014674
Symbiodinium26028,-0.0426816236951148
Symbiodinium26030,0.484170378459877
Symbiodinium26033,0.00621569419959388
Symbiodinium26034,-0.313262518122931
Symbiodinium26035,-0.216302717172756
Symbiodinium26037,0.058229138617003
Symbiodinium26042,0.869902456038608
Symbiodinium26044,0.454083275940216
Symbiodinium26045,-0.0997419836202381
Symbiodinium26049,0.0222298326008167
Symbiodinium26052,-0.0941678990866504
Symbiodinium26055,-0.0888328500087654
Symbiodinium26056,-0.223160601281772
Symbiodinium26059,1.01816082185968
Symbiodinium26066,0.14310287885463
Symbiodinium26067,-0.199792408915976
Symbiodinium26070,-1.19232132289562
Symbiodinium26072,-0.0588597603219067
Symbiodinium26073,-0.0213338834248894
Symbiodinium26080,-0.0187900003243187
Symbiodinium26082,0.0729708667795484
Symbiodinium26091,-0.0901904386868411
Symbiodinium26093,-0.141721657425499
Symbiodinium26095,0.135811425760826
Symbiodinium26096,-0.241621839919014
Symbiodinium26097,-0.300002266833285
Symbiodinium26101,0.215257980031281
Symbiodinium26104,0.101598049008195
Symbiodinium26105,-0.0978744602744898
Symbiodinium26107,-0.804600507552729
Symbiodinium26108,0.156639557495673
Symbiodinium26109,-0.265293640256156
Symbiodinium26113,0.0119479661121596
Symbiodinium26114,0.0987988836552801
Symbiodinium26115,0.83097019232571
Symbiodinium26116,0.00322550064222824
Symbiodinium26118,-0.337782580135348
Symbiodinium26119,0.0384798916083733
Symbiodinium26125,-0.00433003093873015
Symbiodinium26127,0.152702033389972
Symbiodinium26131,-0.246389801388051
Symbiodinium26133,-0.0565319469727214
Symbiodinium26134,-0.129438002534446
Symbiodinium26136,-0.0128479494937309
Symbiodinium26137,0.318916890964695
Symbiodinium26140,0.0125751312230419
Symbiodinium26142,-0.0188626069580936
Symbiodinium26145,-0.00271257507726137
Symbiodinium26146,-0.105076813328252
Symbiodinium26147,0.0532571308159972
Symbiodinium26148,-0.02038409419877
Symbiodinium26150,0.269177656322816
Symbiodinium26151,-0.0685347338523728
Symbiodinium26153,0.390566979208464
Symbiodinium26156,-0.000327961110938254
Symbiodinium26157,0.213799042877452
Symbiodinium26159,0.103220244313626
Symbiodinium26160,0.38162624876008
Symbiodinium26162,-0.410322617954605
Symbiodinium26163,-0.0192032952800574
Symbiodinium26165,1.74350399150996
Symbiodinium26166,-0.151257934152876
Symbiodinium26167,-0.0413894869207467
Symbiodinium26174,0.118314766089947
Symbiodinium26180,0.095841422240406
Symbiodinium26181,-0.00322550064222824
Symbiodinium26182,-0.543312768262551
Symbiodinium26185,0.00124273828072461
Symbiodinium26190,-0.211102921478954
Symbiodinium26193,14.5805892043327
Symbiodinium26195,0.0392622635609812
Symbiodinium26199,-0.945789963693205
Symbiodinium26201,0.151459493674033
Symbiodinium26202,-1.48960970485312
Symbiodinium26205,-1.2201674571301
Symbiodinium26206,0.954311616470547
Symbiodinium26212,0.0886348816397862
Symbiodinium26215,-1.04530112797905
Symbiodinium26223,0.228902081161925
Symbiodinium26224,0.0226329692008673
Symbiodinium26228,-0.237124844885338
Symbiodinium26229,-0.683432450325792
Symbiodinium26230,-0.365709713606769
Symbiodinium26236,-1.26340252729115
Symbiodinium26239,0.208878380193009
Symbiodinium26240,0.104430999013186
Symbiodinium26243,0.0493749920399498
Symbiodinium26245,0.15625401210088
Symbiodinium26247,-0.00860714000961659
Symbiodinium26252,0.0802804011266036
Symbiodinium26253,0.145003244569049
Symbiodinium26255,-1.2201674571301
Symbiodinium26256,0.135551414894865
Symbiodinium26258,0.0517084212796121
Symbiodinium26261,0.086113514737478
Symbiodinium26262,-0.219818548252918
Symbiodinium26264,-0.158785033196743
Symbiodinium26266,0.0269066981398761
Symbiodinium26267,0.00322550064222824
Symbiodinium26269,0.0325396814178191
Symbiodinium26270,-0.000750970744462426
Symbiodinium26276,-0.0654851502695754
Symbiodinium26278,0.444598448913403
Symbiodinium26279,0.121386473080825
Symbiodinium26283,0.0372398823410974
Symbiodinium26285,-0.00241462678104737
Symbiodinium26287,0.681914321892327
Symbiodinium26290,-0.0715485363668649
Symbiodinium26291,1.07771905610099
Symbiodinium26292,0.00622607154741043
Symbiodinium26301,0.269660661015052
Symbiodinium26302,-0.438572617613944
Symbiodinium26303,0.107063659551922
Symbiodinium26304,-0.00717296558914778
Symbiodinium26306,0.17387020074574
Symbiodinium26307,0.00322550064222824
Symbiodinium26309,0.523873445747665
Symbiodinium26313,-0.000768598443410495
Symbiodinium26314,-0.171026812454595
Symbiodinium26315,-0.500452571850319
Symbiodinium26323,0.136047155073222
Symbiodinium26325,0.0592187840330072
Symbiodinium26326,-0.597450565697139
Symbiodinium26327,0.333137984104736
Symbiodinium26331,-0.242637011761985
Symbiodinium26332,-1.02326527786154
Symbiodinium26334,-0.00183072521231643
Symbiodinium26336,-0.238560914214112
Symbiodinium26337,1.13522034776956
Symbiodinium26341,1.68435022755658
Symbiodinium26344,-0.87336455667404
Symbiodinium26347,-0.360888032788234
Symbiodinium26349,-0.00322550064222824
Symbiodinium26350,-0.0126226317898557
Symbiodinium26363,0.095841422240406
Symbiodinium26364,-0.124197141157943
Symbiodinium26365,0.0719967667160793
Symbiodinium26368,-0.0195077976682611
Symbiodinium26375,-0.0793069733033329
Symbiodinium26377,0.0749963814027331
Symbiodinium26378,-0.367793939607369
Symbiodinium26379,-0.0214737928985187
Symbiodinium26380,-0.502316565092882
Symbiodinium26381,-0.0159574091796403
Symbiodinium26383,0.00322550064222824
Symbiodinium26384,0.615465518242618
Symbiodinium26385,0.38162624876008
Symbiodinium26391,0.158575585955133
Symbiodinium26393,0.00475328472992135
Symbiodinium26394,-0.0893013717618748
Symbiodinium26399,-0.0213676666403681
Symbiodinium26400,-1.87832998846657
Symbiodinium26401,0.396393286196552
Symbiodinium26402,-0.296296006219553
Symbiodinium26403,0.288621187155247
Symbiodinium26406,-0.154467488605893
Symbiodinium26416,0.380886973467233
Symbiodinium26417,-0.582697125505535
Symbiodinium26418,0.0718729911765423
Symbiodinium26419,0.0111853312920792
Symbiodinium26423,-0.222362168989104
Symbiodinium26426,-0.00525489825098913
Symbiodinium26429,-0.0493749920399498
Symbiodinium26430,-0.14486602663441
Symbiodinium26433,-0.750380205258458
Symbiodinium26435,0.158785033196743
Symbiodinium26437,0.373663760694504
Symbiodinium26440,0.327398420349027
Symbiodinium26442,-0.175972951052649
Symbiodinium26448,0.091964219348516
Symbiodinium26451,0.317950281284269
Symbiodinium26454,0.549320264398915
Symbiodinium26455,0.0592756084822358
Symbiodinium26457,0.00973289420680023
Symbiodinium26459,0.244161253875988
Symbiodinium26461,-0.00685790115949544
Symbiodinium26465,-0.216302717172756
Symbiodinium26467,0.00962857470302389
Symbiodinium26469,0.301613049876754
Symbiodinium26470,1.10643909954833
Symbiodinium26475,-0.128055278266457
Symbiodinium26477,0.18726072215533
Symbiodinium26478,0.216302717172756
Symbiodinium26479,-0.291059017129271
Symbiodinium26480,0.114122323862375
Symbiodinium26481,0.0590482981495633
Symbiodinium26483,0.492061426073415
Symbiodinium26484,0.17785080844769
Symbiodinium26486,-0.00891288757559414
Symbiodinium26487,0.0842092866034038
Symbiodinium26490,0.45726555979254
Symbiodinium26494,0.354560232035926
Symbiodinium26497,-0.158575585955133
Symbiodinium26498,-0.00958526244012193
Symbiodinium26502,-0.00779515313076773
Symbiodinium26503,-0.085949369640462
Symbiodinium26505,0.359649848393136
Symbiodinium26506,0.128055278266457
Symbiodinium26507,-0.00183072521231643
Symbiodinium26508,0.133869725489814
Symbiodinium26509,0.784941165755192
Symbiodinium26512,-0.0056317183941546
Symbiodinium26514,-0.21340039003242
Symbiodinium26515,-0.392850286288581
Symbiodinium26517,-0.0359531016325968
Symbiodinium26522,0.293436327661066
Symbiodinium26526,0.642698444150784
Symbiodinium26527,-0.141953403540355
Symbiodinium26530,0.146150553880822
Symbiodinium26532,-0.0222416800971642
Symbiodinium26533,-0.128062465422921
Symbiodinium26534,-0.00996319058853076
Symbiodinium26539,0.809600906435549
Symbiodinium26540,0.199276972402871
Symbiodinium26541,0.3591520724315
Symbiodinium26542,-0.00678861760098782
Symbiodinium26544,-0.0318450302118285
Symbiodinium26545,0.107063659551922
Symbiodinium26549,0.0298668468191135
Symbiodinium26551,0.704615661627621
Symbiodinium26554,0.0599476830956615
Symbiodinium26555,0.133860940324922
Symbiodinium26556,-0.106298620464084
Symbiodinium26557,0.156570110727463
Symbiodinium26558,0.0906805694840585
Symbiodinium2656,-0.0124465339397861
Symbiodinium26561,0.0387080463781763
Symbiodinium26562,0.0215152505439995
Symbiodinium26563,0.286280457170691
Symbiodinium26565,-0.0837931030624942
Symbiodinium26566,-0.158785033196743
Symbiodinium26567,0.277672617213002
Symbiodinium26570,-0.0392622635609812
Symbiodinium26571,0.559170465697557
Symbiodinium26573,-1.31571172103214
Symbiodinium26574,-0.122604059778918
Symbiodinium26575,-0.0444461905768944
Symbiodinium26576,0.228902081161925
Symbiodinium26587,-0.506960246687536
Symbiodinium26589,0.131216657634249
Symbiodinium26590,0.237103397391599
Symbiodinium26591,-0.02038409419877
Symbiodinium26593,0.0244858216454921
Symbiodinium26594,1.20931207619409
Symbiodinium26595,0.162810533283026
Symbiodinium26596,0.348108561887872
Symbiodinium26598,0.172459062933387
Symbiodinium26600,0.000264542905017076
Symbiodinium26601,0.0842268235925655
Symbiodinium26605,0.0465903392919377
Symbiodinium26606,0.0947170993988273
Symbiodinium26608,0.565127052579304
Symbiodinium26609,0.253296525014889
Symbiodinium26610,-0.0668823950084993
Symbiodinium26612,0.108784041435646
Symbiodinium26613,-0.041966748778087
Symbiodinium26616,0.0942579925413464
Symbiodinium26619,0.236348652367321
Symbiodinium26624,-0.094965718310012
Symbiodinium26626,-0.094965718310012
Symbiodinium26629,0.133860940324922
Symbiodinium26630,-0.0666394266003626
Symbiodinium26631,-0.000448911318457153
Symbiodinium26634,-0.0096835513878254
Symbiodinium26635,-0.00472851377041647
Symbiodinium26638,-0.094965718310012
Symbiodinium26639,-0.094965718310012
Symbiodinium26642,-0.15312983214519
Symbiodinium26644,0.0130179743969905
Symbiodinium26646,-0.144882112806562
Symbiodinium26648,0.134535922082848
Symbiodinium26649,0.666470098729145
Symbiodinium26651,0.397260951078808
Symbiodinium26652,0.0590335837644116
Symbiodinium26653,0.179525742593831
Symbiodinium26655,-0.466932476686356
Symbiodinium26656,-0.425517871917379
Symbiodinium26657,-0.0815956313222026
Symbiodinium26658,0.246883292647945
Symbiodinium26664,-1.85499179735769
Symbiodinium26665,-0.140849699684512
Symbiodinium26666,-0.312380629718864
Symbiodinium26670,0.513856652412673
Symbiodinium26671,0.155865697382766
Symbiodinium26672,-0.0334992161442634
Symbiodinium26674,0.102343296412432
Symbiodinium26675,-0.290888175531918
Symbiodinium26677,-0.106027526987659
Symbiodinium26680,0.384916446453924
Symbiodinium26681,-0.141534758061931
Symbiodinium26682,-0.527869344707541
Symbiodinium26684,0.229427339853156
Symbiodinium26685,-0.416850928727403
Symbiodinium26689,-9.69200142130892
Symbiodinium26690,-0.746903678079224
Symbiodinium26691,0.0729619286893908
Symbiodinium26692,-0.00257676689053446
Symbiodinium26693,-0.00621569419959388
Symbiodinium26694,0.505301359308232
Symbiodinium26698,0.163068524059199
Symbiodinium26699,0.319381180487061
Symbiodinium26700,0.118236626477312
Symbiodinium26701,-0.262407908958748
Symbiodinium26704,-0.05961314671806
Symbiodinium26707,-0.182566087806444
Symbiodinium26708,-0.293883597478501
Symbiodinium26709,0.0140595547810018
Symbiodinium26710,-0.059432806064039
Symbiodinium26712,-0.0522261754304038
Symbiodinium26715,-0.380885651556274
Symbiodinium26716,0.0906805694840585
Symbiodinium26717,-0.178888045054132
Symbiodinium26718,0.128506220687229
Symbiodinium26720,0.0187900003243187
Symbiodinium26721,-0.0226329692008673
Symbiodinium26722,0.610686830656141
Symbiodinium26725,-0.440957240487463
Symbiodinium26727,-0.683432450325792
Symbiodinium26729,-1.38269664520085
Symbiodinium26731,-0.0285621277269018
Symbiodinium26732,-0.088613906086158
Symbiodinium26733,0.481767673781384
Symbiodinium26735,0.045212991335242
Symbiodinium26737,-0.168395292663972
Symbiodinium26738,0.0413894869207467
Symbiodinium26739,0.481000288338417
Symbiodinium26744,0.902150417477664
Symbiodinium26747,0.369423039876217
Symbiodinium26748,0.140198598294429
Symbiodinium26749,-0.133658853290316
Symbiodinium26750,0.299117136854334
Symbiodinium26756,-0.089038917388723
Symbiodinium26757,-0.0501689488863106
Symbiodinium26758,0.174453700548893
Symbiodinium26759,-0.00955065733116452
Symbiodinium26760,-1.10992693120063
Symbiodinium26761,0.0639249261601415
Symbiodinium26765,0.00271257507726137
Symbiodinium26766,-0.249239466560462
Symbiodinium26769,-0.0123063749851335
Symbiodinium26770,0.183358776530114
Symbiodinium26771,0.02038409419877
Symbiodinium26772,-0.530632761485573
Symbiodinium26773,-0.322137081663392
Symbiodinium26774,-0.260000973545969
Symbiodinium26779,-0.373645122391329
Symbiodinium26780,0.026385248784168
Symbiodinium26783,-0.12336929342002
Symbiodinium26786,0.156639557495673
Symbiodinium26787,0.266121126805186
Symbiodinium26790,0.859380438623715
Symbiodinium26791,0.394398489992514
Symbiodinium26792,-0.110119323256956
Symbiodinium26793,0.759182900816353
Symbiodinium26794,0.331253107430308
Symbiodinium26795,-0.0117206605912117
Symbiodinium26798,0.22592725263667
Symbiodinium26799,-0.081761430364194
Symbiodinium26803,0.345102297564777
Symbiodinium26804,-1.23599505070831
Symbiodinium26805,-0.152303161818501
Symbiodinium26806,0.0111853312920792
Symbiodinium26807,-0.0954911285552749
Symbiodinium26808,0.0936797913109547
Symbiodinium26812,-2.63179695083325
Symbiodinium26814,0.0896393087983372
Symbiodinium26817,1.06967205591703
Symbiodinium26820,0.322353328276953
Symbiodinium26821,0.172459062933387
Symbiodinium26822,1.24846842277918
Symbiodinium26823,0.0029518275370504
Symbiodinium26824,-0.0147112747835468
Symbiodinium26827,-0.118575856103866
Symbiodinium26828,0.256257779027286
Symbiodinium26830,-0.605052644444967
Symbiodinium26831,0.167469205444943
Symbiodinium26832,-2.4118401803314
Symbiodinium26833,0.290317962663231
Symbiodinium26836,0.269660661015052
Symbiodinium26837,-0.021129452373871
Symbiodinium26838,-0.791254063260735
Symbiodinium26840,0.315068143518935
Symbiodinium26844,-0.703629561711419
Symbiodinium26852,-0.00111440120223265
Symbiodinium26854,0.101598049008195
Symbiodinium26855,0.405018159941055
Symbiodinium26856,0.894380694496879
Symbiodinium26857,-0.337782580135348
Symbiodinium26858,0.514760419246848
Symbiodinium26859,0.577143289652535
Symbiodinium26862,-0.222807503962498
Symbiodinium26864,-0.0318450302118285
Symbiodinium26866,-0.148354030193307
Symbiodinium26868,0.168088538486168
Symbiodinium26871,0.216346392341253
Symbiodinium26872,0.00475328472992135
Symbiodinium26874,0.0775093488073768
Symbiodinium26875,-1.35337905895835
Symbiodinium26876,0.292938273291829
Symbiodinium26887,-0.373962064153647
Symbiodinium26888,-0.361378328875601
Symbiodinium26889,0.605052644444967
Symbiodinium26890,-0.104009667441456
Symbiodinium26893,0.0127620929781378
Symbiodinium26894,0.784118267344762
Symbiodinium26896,0.0325396814178191
Symbiodinium26898,0.313766273219328
Symbiodinium26900,0.346354250857131
Symbiodinium26901,-0.428125187429309
Symbiodinium26902,-0.0601246010158838
Symbiodinium26903,0.00740559470589527
Symbiodinium26906,-0.000484917973759201
Symbiodinium26908,0.405018159941055
Symbiodinium26911,-0.263696776576879
Symbiodinium26913,-0.134535922082848
Symbiodinium26914,0.0208323027791164
Symbiodinium26915,0.227868348287669
Symbiodinium26917,1.01816082185968
Symbiodinium26919,-0.503578970659309
Symbiodinium26920,-0.101304228064939
Symbiodinium26921,0.103195091758923
Symbiodinium26923,0.141625394643183
Symbiodinium26924,-0.00322550064222824
Symbiodinium26925,-0.717685603638104
Symbiodinium26929,-0.0240333015250384
Symbiodinium26931,-2.35071234757034
Symbiodinium26932,-0.13516879727244
Symbiodinium26933,1.4466085137662
Symbiodinium26935,0.578123048161071
Symbiodinium26936,-0.576590360026811
Symbiodinium26937,-0.127474094753202
Symbiodinium26943,0.312130455438384
Symbiodinium26944,0.086113514737478
Symbiodinium26948,-0.0895063330130939
Symbiodinium26949,0.983940282944078
Symbiodinium26952,0.627176316364023
Symbiodinium26953,0.0343180689896187
Symbiodinium26955,-0.110508955063724
Symbiodinium26956,0.0219155631750498
Symbiodinium26958,0.00241462678104737
Symbiodinium26960,0.25282751754602
Symbiodinium26963,-0.506848659523237
Symbiodinium26965,0.0135303648730812
Symbiodinium26967,0.664378718175645
Symbiodinium26969,-1.4335591523197
Symbiodinium26971,0.622431203608506
Symbiodinium26973,-0.240600639038893
Symbiodinium26975,-0.55609180774895
Symbiodinium26976,-0.0557929028936634
Symbiodinium26977,1.30952077525533
Symbiodinium26979,0.127474094753202
Symbiodinium26980,-0.0161862535925023
Symbiodinium26982,-0.223626649534768
Symbiodinium26986,-0.12647229051723
Symbiodinium26987,-0.0526720858329031
Symbiodinium26989,0.0029518275370504
Symbiodinium26991,-0.400670925928321
Symbiodinium26992,0.400492057122819
Symbiodinium26993,-14.8572689985808
Symbiodinium26994,0.465657512928105
Symbiodinium26998,0.611321999075546
Symbiodinium26999,0.597450565697139
Symbiodinium27000,0.0117206605912117
Symbiodinium27001,0.135428685064021
Symbiodinium27002,-0.747658250263843
Symbiodinium27004,-2.89131024042567
Symbiodinium27005,-1.9109965115003
Symbiodinium27006,-0.0280518958549076
Symbiodinium27009,-2.89131024042567
Symbiodinium27010,0.760264714114348
Symbiodinium27011,0.102343296412432
Symbiodinium27012,-0.526392728483795
Symbiodinium27015,0.137151390998955
Symbiodinium27018,0.122730396341709
Symbiodinium27020,-0.135551414894865
Symbiodinium27021,0.514760419246848
Symbiodinium27022,-0.788655063008688
Symbiodinium27023,-0.134995599364725
Symbiodinium27028,-0.288893848021982
Symbiodinium27030,0.128596458754486
Symbiodinium27031,0.106965499909438
Symbiodinium27032,-0.0337691808093723
Symbiodinium27035,-0.540981257027616
Symbiodinium27036,-0.0096835513878254
Symbiodinium27038,0.26472834805947
Symbiodinium27039,-0.208432455581799
Symbiodinium27040,0.074544119623702
Symbiodinium27042,-0.081761430364194
Symbiodinium27043,0.236989916485957
Symbiodinium27045,0.000145100770246032
Symbiodinium27046,0.623794743096644
Symbiodinium27047,0.294736690168973
Symbiodinium27048,-1.02357550228243
Symbiodinium27049,-0.201697898539012
Symbiodinium27050,0.0557929028936634
Symbiodinium27051,1.76532099228857
Symbiodinium27052,0.313548244204714
Symbiodinium27053,-1.32985472266314
Symbiodinium27054,-0.470629500470362
Symbiodinium27055,0.651212484485819
Symbiodinium27056,7.23692405983162
Symbiodinium27057,0.476255499133523
Symbiodinium27058,0.136387777208051
Symbiodinium27059,0.25490822089467
Symbiodinium27060,0.00525489825098913
Symbiodinium27061,0.266121126805186
Symbiodinium27062,-0.680425552121486
Symbiodinium27063,-0.0413531817107383
Symbiodinium27065,0.0153330571825071
Symbiodinium27066,-0.00740559470589527
Symbiodinium27067,2.43091548853784
Symbiodinium27069,0.983481376834716
Symbiodinium27074,-0.0842268235925655
Symbiodinium27077,-0.0628130107066702
Symbiodinium27078,-0.353008760778589
Symbiodinium27079,-0.0897529374020056
Symbiodinium27080,-0.592002715245585
Symbiodinium27083,-0.0707347024893778
Symbiodinium27084,0.0447124676644922
Symbiodinium27085,-0.0569392407061195
Symbiodinium27087,-0.163068524059199
Symbiodinium27089,-0.220581506147714
Symbiodinium27090,0.198524214429407
Symbiodinium27091,0.0742828641341836
Symbiodinium27092,-1.09567976403464
Symbiodinium27093,-0.537577029335269
Symbiodinium27096,0.165850212883851
Symbiodinium27098,-0.0598493122437132
Symbiodinium27100,-0.416671219649154
Symbiodinium27102,-0.141625394643183
Symbiodinium27103,-4.49315730599111
Symbiodinium27104,0.26486349427484
Symbiodinium27105,-0.0119479661121596
Symbiodinium27106,-0.00324438148907187
Symbiodinium27107,0.2400324145705
Symbiodinium27108,-0.365124209590203
Symbiodinium27113,-0.10439550749774
Symbiodinium27114,-0.164501125262001
Symbiodinium27115,-0.00428814615208419
Symbiodinium27118,0.403577903320033
Symbiodinium27119,0.354560232035926
Symbiodinium27120,-0.356077312641713
Symbiodinium27121,0.0178737267835878
Symbiodinium27124,-0.445318528545203
Symbiodinium27126,0.04435238900909
Symbiodinium27128,0.197958984542386
Symbiodinium27134,0.968423122879494
Symbiodinium27135,0.360700482565061
Symbiodinium27137,-0.19577370262736
Symbiodinium27138,-0.0559277992540749
Symbiodinium27139,0.0210012501507515
Symbiodinium27141,0.00779515313076773
Symbiodinium27142,4.49315730599111
Symbiodinium27146,0.609796309058819
Symbiodinium27147,-0.182566087806444
Symbiodinium27148,0.0967133556285632
Symbiodinium27151,0.0195129992464873
Symbiodinium27152,1.09201631401543
Symbiodinium27153,0.668175328415222
Symbiodinium27157,0.0738532057280556
Symbiodinium27158,0.55609180774895
Symbiodinium27161,-0.0864444892738287
Symbiodinium27162,0.43665027888994
Symbiodinium27163,-0.0748480133470326
Symbiodinium27164,-1.45475877444253
Symbiodinium27166,-2.84912911982106
Symbiodinium27167,0.12213304915357
Symbiodinium27168,-0.415883387318367
Symbiodinium27169,-0.452003883452446
Symbiodinium27170,-14.1380949419111
Symbiodinium27173,-0.23218575478963
Symbiodinium27176,0.0783547392302426
Symbiodinium27177,-0.0526720858329031
Symbiodinium27178,0.121239441673583
Symbiodinium27179,0.0517084212796121
Symbiodinium27180,-0.0493749920399498
Symbiodinium27181,-0.158947982944218
Symbiodinium27182,0.522328732495595
Symbiodinium27183,-0.380886973467233
Symbiodinium27185,0.0551489546507618
Symbiodinium27187,-0.0561618282382729
Symbiodinium27188,-0.407094571476242
Symbiodinium27191,-0.123353430307904
Symbiodinium27195,6.52408767697836
Symbiodinium27196,-0.234270855251546
Symbiodinium27198,3.18616769234837
Symbiodinium27201,-0.0466403583258269
Symbiodinium27202,0.214894592643785
Symbiodinium27203,-0.424485570789036
Symbiodinium27204,-0.976859279210207
Symbiodinium27205,-0.0130179743969905
Symbiodinium27206,0.350523138336321
Symbiodinium27208,0.0126226317898557
Symbiodinium27209,-2.26004252346969
Symbiodinium27211,0.0298668468191135
Symbiodinium27212,0.603510367917295
Symbiodinium27213,-0.00322550064222824
Symbiodinium27215,-0.103454241707902
Symbiodinium27217,0.0493749920399498
Symbiodinium27218,-0.293628644917094
Symbiodinium27221,0.334244010396388
Symbiodinium27222,-0.182982143926665
Symbiodinium27223,0.363455070553668
Symbiodinium27225,-0.00502914260425311
Symbiodinium27226,-0.322137081663392
Symbiodinium27228,-0.0435711541934613
Symbiodinium27229,0.421018682563607
Symbiodinium27231,-0.467413286508089
Symbiodinium27233,-0.542534875593162
Symbiodinium27235,-0.0742828641341836
Symbiodinium27238,0.367793939607369
Symbiodinium27240,-0.559941520614119
Symbiodinium27241,-0.299418579678409
Symbiodinium27242,-0.169126159481941
Symbiodinium27243,-0.241621839919014
Symbiodinium27244,-0.405018159941055
Symbiodinium27245,0.260145162608974
Symbiodinium27247,0.00529327028789202
Symbiodinium27248,-0.0196692407686774
Symbiodinium27251,0.00835805011969384
Symbiodinium27252,0.0226534837030589
Symbiodinium27256,-0.22496134980824
Symbiodinium27258,0.0241409135747539
Symbiodinium27259,-0.122559306321012
Symbiodinium27260,-0.00740559470589527
Symbiodinium27261,-0.0318450302118285
Symbiodinium27262,-0.09986983100061
Symbiodinium27263,-0.917398587056373
Symbiodinium27264,0.358503960724766
Symbiodinium27266,0.597450565697139
Symbiodinium27267,-0.094965718310012
Symbiodinium27270,0.271598104863194
Symbiodinium27271,0.0713669460721872
Symbiodinium27272,0.458635790783704
Symbiodinium27275,-0.159636589008014
Symbiodinium27276,0.167866359740231
Symbiodinium27277,-0.223160601281772
Symbiodinium27278,0.248584102803027
Symbiodinium27279,0.0445768929365743
Symbiodinium27280,0.0310728166941229
Symbiodinium27281,0.130667519858312
Symbiodinium27282,0.127213918313005
Symbiodinium27286,-0.176722994172275
Symbiodinium27287,0.160984630199016
Symbiodinium27288,0.101536401702284
Symbiodinium27289,-1.46945111785864
Symbiodinium27290,0.491865201792555
Symbiodinium27291,0.138353859325902
Symbiodinium27293,2.81157006680912
Symbiodinium27294,-0.222518214750216
Symbiodinium27295,1.725805918869
Symbiodinium27296,0.0745235429384897
Symbiodinium27297,-0.788655063008688
Symbiodinium27298,0.128596458754486
Symbiodinium27299,-3.16552172587485
Symbiodinium27300,-0.166053462180242
Symbiodinium27301,0.0547487471236941
Symbiodinium27303,0.5037804377473
Symbiodinium27304,-0.418701383111306
Symbiodinium27306,-0.8024553212902
Symbiodinium27308,-0.804600507552729
Symbiodinium27309,-0.311489789852815
Symbiodinium27310,0.0986701694829632
Symbiodinium27313,0.167073124901873
Symbiodinium27315,-0.035795741164243
Symbiodinium27317,-0.0162205476352685
Symbiodinium27318,-0.0963936800845723
Symbiodinium27319,-0.0921858841241543
Symbiodinium27320,0.175720386458096
Symbiodinium27321,-0.983940282944078
Symbiodinium27322,-0.0561911733194398
Symbiodinium27323,-0.0635527197120838
Symbiodinium27324,-0.267413762187383
Symbiodinium27325,-0.431349201744627
Symbiodinium27327,0.115575761718304
Symbiodinium27329,-0.43665027888994
Symbiodinium27332,-0.185552064149184
Symbiodinium27333,-0.094965718310012
Symbiodinium27334,-0.173354812393983
Symbiodinium27335,0.00183072521231643
Symbiodinium27336,0.114122323862375
Symbiodinium27337,-0.370038085883541
Symbiodinium27342,0.157836418788281
Symbiodinium27344,0.0947170993988273
Symbiodinium27345,-1.13152301254463
Symbiodinium27347,-0.124171450296344
Symbiodinium27348,-0.171874843884251
Symbiodinium27350,-2.28998686500726
Symbiodinium27351,0.00621569419959388
Symbiodinium27354,0.0437225896027806
Symbiodinium27357,-0.0063690050471244
Symbiodinium27358,-0.298738067674435
Symbiodinium27363,-0.443847196354239
Symbiodinium27365,0.0933156203354907
Symbiodinium27371,0.128596458754486
Symbiodinium27372,0.00996319058853076
Symbiodinium27374,-0.153892188970139
Symbiodinium27376,-0.0918495389067017
Symbiodinium27377,0.0187326983804966
Symbiodinium27383,-1.04355935320116
Symbiodinium27384,0.0541909918715536
Symbiodinium27386,0.0103239948919001
Symbiodinium27387,-0.576590360026811
Symbiodinium27390,-0.201499527799519
Symbiodinium27393,-0.148328338118528
Symbiodinium27394,0.534554241063298
Symbiodinium27395,-0.431349201744627
Symbiodinium27396,-1.81715786412448
Symbiodinium27397,-1.51341426611322
Symbiodinium27398,-1.25240439311162
Symbiodinium27399,0.479914072557435
Symbiodinium27400,-0.371463556064993
Symbiodinium27404,-1.93812352554982
Symbiodinium27405,-0.00622926542199442
Symbiodinium27406,0.292938273291829
Symbiodinium27407,-0.537577029335269
Symbiodinium27409,0.210821763372609
Symbiodinium27410,-0.313262518122931
Symbiodinium27411,-0.00817566452346079
Symbiodinium27414,-0.0577559126299018
Symbiodinium27416,-0.520139013718064
Symbiodinium27420,-0.341947045902858
Symbiodinium27421,0.402061536916838
Symbiodinium27427,0.317169905447896
Symbiodinium27429,0.144937031623606
Symbiodinium27431,-0.0468317522253725
Symbiodinium27432,0.00357335100112951
Symbiodinium27433,0.0654613447079648
Symbiodinium27434,-0.228902081161925
Symbiodinium27436,0.0963873848401677
Symbiodinium27438,0.222486775378353
Symbiodinium27440,-3.48280403461355
Symbiodinium27441,-0.201166538486645
Symbiodinium27444,-0.182058851431001
Symbiodinium27446,-0.20310267320765
Symbiodinium27447,-0.397087690991778
Symbiodinium27449,-0.0668374130101211
Symbiodinium27451,-0.0263794357646289
Symbiodinium27453,0.0108843674500028
Symbiodinium27455,-0.0480338134994051
Symbiodinium27456,-0.0243489223494418
Symbiodinium27457,-0.320352936685704
Symbiodinium27458,-0.094965718310012
Symbiodinium27461,0.0227664170883424
Symbiodinium27463,-0.230097874484897
Symbiodinium27464,0.0249841900932089
Symbiodinium27465,0.0988029353219576
Symbiodinium27466,0.104407670002398
Symbiodinium27467,1.39289170274641
Symbiodinium27469,-0.131851378648604
Symbiodinium27470,0.038879707142694
Symbiodinium27471,0.128062465422921
Symbiodinium27473,-0.301899290005952
Symbiodinium27474,0.0751430633861423
Symbiodinium27475,-0.0484738685867539
Symbiodinium27478,0.167181229563708
Symbiodinium27480,-1.95712538465972
Symbiodinium27481,-0.00817566452346079
Symbiodinium27483,0.108784041435646
Symbiodinium27484,0.452003883452446
Symbiodinium27485,0.296150499339585
Symbiodinium27487,-0.00996319058853076
Symbiodinium27488,-0.0546995215479467
Symbiodinium27490,0.840529708644363
Symbiodinium27495,0.0117206605912117
Symbiodinium27496,0.0102298174308871
Symbiodinium27497,0.678233012093851
Symbiodinium27499,8.68091290220918e-05
Symbiodinium27501,-1.6130355809124
Symbiodinium27503,-0.0117888664465852
Symbiodinium27504,0.0199449559165431
Symbiodinium27505,-0.715404769387136
Symbiodinium27506,-4.11875677195817
Symbiodinium27508,0.175972951052649
Symbiodinium27509,-0.221285749338169
Symbiodinium27511,-0.221242016886881
Symbiodinium27513,-0.0777609787162319
Symbiodinium27514,-0.0404370695466564
Symbiodinium27516,-2.26004252346969
Symbiodinium27517,0.122121386603426
Symbiodinium27518,-0.269177656322816
Symbiodinium27519,0.610686830656141
Symbiodinium27520,0.021129452373871
Symbiodinium27521,0.0640150864142279
Symbiodinium27522,-0.220410738090644
Symbiodinium27523,-0.0284460986577763
Symbiodinium27524,-0.0453501905482015
Symbiodinium27527,-0.0213676666403681
Symbiodinium27530,0.148148454972375
Symbiodinium27531,-0.119871342159477
Symbiodinium27532,0.103220244313626
Symbiodinium27535,-0.0162205476352685
Symbiodinium27540,-0.575015098782597
Symbiodinium27542,0.00740559470589527
Symbiodinium27543,-0.194039025393724
Symbiodinium27546,-0.0242743656683161
Symbiodinium27548,0.0275380083534756
Symbiodinium27549,0.675653327410739
Symbiodinium27552,-0.516432668474126
Symbiodinium27553,0.384869339343247
Symbiodinium27555,-6.50435610991417
Symbiodinium27557,1.24115864152102
Symbiodinium27559,0.401365528633169
Symbiodinium27561,0.0258644313531925
Symbiodinium27562,-0.00891288757559414
Symbiodinium27567,-0.189601183477269
Symbiodinium27568,-0.0685347338523728
Symbiodinium27569,-0.43665027888994
Symbiodinium27570,-0.0493749920399498
Symbiodinium27574,-0.563172205708967
Symbiodinium27575,0.0398305120544645
Symbiodinium27578,-0.435568963871894
Symbiodinium27579,0.0640774437544731
Symbiodinium27580,-0.117234150367252
Symbiodinium27586,-0.128506220687229
Symbiodinium27588,-0.0222416800971642
Symbiodinium27589,-0.46870658941681
Symbiodinium27590,0.441903418502765
Symbiodinium27592,-0.550941122422579
Symbiodinium27593,-4.49315730599111
Symbiodinium27597,-0.506468634529566
Symbiodinium27599,-0.610686830656141
Symbiodinium27605,1.00352319225233
Symbiodinium27607,0.0572969771469601
Symbiodinium27613,0.156411334763812
Symbiodinium27615,-0.0213676666403681
Symbiodinium27616,-0.326408032006426
Symbiodinium27618,0.642313516843472
Symbiodinium27620,-0.316627482000309
Symbiodinium27622,0.667535721501642
Symbiodinium27625,0.380886973467233
Symbiodinium27628,-0.107060184442553
Symbiodinium27630,-0.0300516596057712
Symbiodinium27631,0.133138694455647
Symbiodinium27634,-0.00508285085740634
Symbiodinium27638,0.269660661015052
Symbiodinium27642,-0.465657512928105
Symbiodinium27643,-0.169572771346918
Symbiodinium27644,-0.0426203910465472
Symbiodinium27649,0.0187326983804966
Symbiodinium27650,-1.57609880448691
Symbiodinium27651,0.348595410752915
Symbiodinium27653,-0.330606833268908
Symbiodinium27662,0.0318723247980992
Symbiodinium27667,0.0219155631750498
Symbiodinium27668,-0.0510367309735424
Symbiodinium27669,-0.209741410108622
Symbiodinium27671,-0.594349039971294
Symbiodinium27672,-0.268928189135452
Symbiodinium27674,-0.103220244313626
Symbiodinium27675,-9.76141205707744
Symbiodinium27676,-0.175770204492048
Symbiodinium27678,-0.0183187446516689
Symbiodinium27680,-0.428125187429309
Symbiodinium27681,0.110299373334087
Symbiodinium27682,-0.0016322242221125
Symbiodinium27683,0.280572619740983
Symbiodinium27686,-0.0557031789133968
Symbiodinium27690,-0.353349018446515
Symbiodinium27691,-0.0404641246552266
Symbiodinium27694,-0.0123063749851335
Symbiodinium27695,-0.0137988443469696
Symbiodinium27696,-0.094965718310012
Symbiodinium27697,-6.44987261977452
Symbiodinium27700,0.0486559992854874
Symbiodinium27703,-0.56215004445605
Symbiodinium27704,-0.448934011056233
Symbiodinium27705,-0.101598049008195
Symbiodinium27706,0.0886348816397862
Symbiodinium27707,-2.02302570827812
Symbiodinium27709,-0.00247091183554866
Symbiodinium27710,-0.0466403583258269
Symbiodinium27711,0.021129452373871
Symbiodinium27713,0.254164938482867
Symbiodinium27714,-0.152021515497692
Symbiodinium27718,-6.69045378555015
Symbiodinium27720,-0.225224680704942
Symbiodinium27721,0.373962064153647
Symbiodinium27722,0.506976839887976
Symbiodinium27723,-0.0559277992540749
Symbiodinium27724,-0.736451538342756
Symbiodinium27725,0.0493749920399498
Symbiodinium27726,-0.0187900003243187
Symbiodinium27727,0.308327689315385
Symbiodinium27729,0.44949173171428
Symbiodinium27730,0.0111853312920792
Symbiodinium27731,-0.508455420917157
Symbiodinium27732,0.8024553212902
Symbiodinium27733,-0.359895358783568
Symbiodinium27734,-1.04014031431121
Symbiodinium27735,0.251066819288214
Symbiodinium27736,0.0648296612868684
Symbiodinium27737,0.0547487471236941
Symbiodinium27738,0.160156795675633
Symbiodinium27739,-0.0666394266003626
Symbiodinium27745,-0.00740559470589527
Symbiodinium27751,0.546552625989591
Symbiodinium27752,-0.537577029335269
Symbiodinium27754,-0.0404370695466564
Symbiodinium27755,-0.0986097807428594
Symbiodinium27756,-0.0563449443507333
Symbiodinium27761,-0.0707656529677572
Symbiodinium27763,0.304874465664778
Symbiodinium27764,-1.01234894683193
Symbiodinium27768,0.171995914589154
Symbiodinium27772,0.0966066522319077
Symbiodinium27775,-0.850242533652915
Symbiodinium27778,-0.141625394643183
Symbiodinium27779,0.211687716005794
Symbiodinium27780,-2.9865298570017
Symbiodinium27782,0.00846925016354461
Symbiodinium27784,-0.0948804714811217
Symbiodinium27788,0.0117206605912117
Symbiodinium27791,0.167181229563708
Symbiodinium27792,0.255696140428891
Symbiodinium27793,0.367002516183527
Symbiodinium27794,-0.0332348887796353
Symbiodinium27795,0.148354030193307
Symbiodinium27796,0.312130455438384
Symbiodinium27798,-0.0966066522319077
Symbiodinium27799,-0.165527470791426
Symbiodinium27800,0.750380205258458
Symbiodinium27803,-0.755181388820838
Symbiodinium27806,0.0307423272689693
Symbiodinium27807,0.24848459474913
Symbiodinium27808,0.038879707142694
Symbiodinium27812,0.000264542905017076
Symbiodinium27814,-0.675653327410739
Symbiodinium27816,0.262666772461476
Symbiodinium27817,0.269948435643601
Symbiodinium27818,0.0318723247980992
Symbiodinium27820,0.53341018432381
Symbiodinium27822,-0.386774905805501
Symbiodinium27823,0.19577370262736
Symbiodinium27824,-0.0775093488073768
Symbiodinium27827,1.18800657929036
Symbiodinium27832,-0.0101044279742775
Symbiodinium27837,0.520139013718064
Symbiodinium27839,-0.651227943551462
Symbiodinium27841,-0.508586172221072
Symbiodinium27842,-0.0125751312230419
Symbiodinium27845,-0.522328732495595
Symbiodinium27847,0.0463362226979247
Symbiodinium27848,-1.51190877663063
Symbiodinium27849,0.0196773566092285
Symbiodinium27855,0.13629665110239
Symbiodinium27858,0.0493749920399498
Symbiodinium27861,0.00241462678104737
Symbiodinium27863,0.973929925538023
Symbiodinium27865,0.196242579137726
Symbiodinium27867,0.0913267358824241
Symbiodinium27869,-0.0789278612357114
Symbiodinium27879,-0.0352581190273121
Symbiodinium27880,-0.00846925016354461
Symbiodinium27882,-0.0318450302118285
Symbiodinium27887,-0.0486559992854874
Symbiodinium27890,-9.35841065529261
Symbiodinium27893,-0.130592465490345
Symbiodinium27894,0.325219523377738
Symbiodinium27895,-0.0187900003243187
Symbiodinium27896,-0.187678250379791
Symbiodinium27898,-0.0978744602744898
Symbiodinium27900,-0.118405615831316
Symbiodinium27901,-0.1941125656904
Symbiodinium27902,0.192375404583843
Symbiodinium27904,-0.0707950860031809
Symbiodinium27905,-0.487911880333059
Symbiodinium27906,0.141625394643183
Symbiodinium27907,0.0374507322941836
Symbiodinium27908,-0.00241462678104737
Symbiodinium27909,-2.81194979134401
Symbiodinium27911,-0.2637087992753
Symbiodinium27914,-0.0335732145396181
Symbiodinium27915,0.00472851377041647
Symbiodinium27917,-0.0296907400786655
Symbiodinium27918,0.397000020092249
Symbiodinium27920,-0.0330364425618049
Symbiodinium27923,-0.322137081663392
Symbiodinium27924,0.0318450302118285
Symbiodinium27927,-0.0173239500316606
Symbiodinium27936,-0.00835815557982748
Symbiodinium27940,0.0333359454945308
Symbiodinium27942,-0.532644598960166
Symbiodinium27944,-0.184170686823516
Symbiodinium27946,-0.567310620394355
Symbiodinium27947,0.282353836660825
Symbiodinium27952,-0.0146161493376806
Symbiodinium27953,0.493502877537116
Symbiodinium27956,-0.0263794357646289
Symbiodinium27957,1.01801987599922
Symbiodinium27959,-0.119791713718206
Symbiodinium27960,-0.0171583038274308
Symbiodinium27962,-0.223160601281772
Symbiodinium27964,-0.691928161807454
Symbiodinium27966,0.0258644313531925
Symbiodinium27970,0.246037579166315
Symbiodinium27971,-0.302495444914345
Symbiodinium27977,0.127722797985576
Symbiodinium27978,0.0942579925413464
Symbiodinium27982,-3.80061010395106
Symbiodinium27988,-0.0983302139610468
Symbiodinium27989,-0.355442795471078
Symbiodinium27990,-1.79313841645532
Symbiodinium27993,0.0199449559165431
Symbiodinium27994,0.402061536916838
Symbiodinium27996,-0.0456578699218552
Symbiodinium27997,-1.20233591249753
Symbiodinium27998,-0.276479997512901
Symbiodinium27999,-0.110922751368678
Symbiodinium28002,-0.0122940383553652
Symbiodinium28005,0.0963259706526919
Symbiodinium28007,-0.141625394643183
Symbiodinium28012,-0.25915948486199
Symbiodinium28014,-0.127007487399666
Symbiodinium28017,0.108296405043942
Symbiodinium28021,-0.18526416297586
Symbiodinium28023,-0.428879950395788
Symbiodinium28024,-0.296796884676757
Symbiodinium28026,0.0974948440522768
Symbiodinium28028,-0.269660661015052
Symbiodinium28031,-0.296150499339585
Symbiodinium28032,-0.0983302139610468
Symbiodinium28035,1.13522034776956
Symbiodinium28036,0.592185941464299
Symbiodinium28042,0.0517074527032567
Symbiodinium28045,0.000672528545061371
Symbiodinium28047,0.0881641921825534
Symbiodinium28048,-0.0147112747835468
Symbiodinium28049,-0.0407227129084075
Symbiodinium28050,0.0029518275370504
Symbiodinium28051,0.0830714352498585
Symbiodinium28053,0.0251867111300286
Symbiodinium28055,0.118735591700757
Symbiodinium28057,-0.145842550435762
Symbiodinium28058,-0.103840625004415
Symbiodinium28059,-0.115515362668015
Symbiodinium28061,-0.0982617238192085
Symbiodinium28062,0.00223242670181272
Symbiodinium28063,0.10795831476188
Symbiodinium28064,-0.29383642874919
Symbiodinium28067,0.0936797913109547
Symbiodinium28070,0.103220244313626
Symbiodinium28071,-0.491411805880987
Symbiodinium28075,0.265293640256156
Symbiodinium28077,-1.69873681157546
Symbiodinium28078,0.268193102559993
Symbiodinium28079,-2.26004252346969
Symbiodinium28082,-0.514915185029479
Symbiodinium28086,-0.51764396334255
Symbiodinium28087,-0.201513264642611
Symbiodinium28089,0.119791713718206
Symbiodinium28091,-0.0492688127950304
Symbiodinium28092,-0.157836418788281
Symbiodinium28093,0.0537560024292402
Symbiodinium28094,0.232928457399697
Symbiodinium28096,-0.374171488862576
Symbiodinium28097,-0.0449647176208366
Symbiodinium28100,0.19577370262736
Symbiodinium28102,1.067232382111
Symbiodinium28103,0.0123063749851335
Symbiodinium28105,0.101822035639119
Symbiodinium28107,0.0691885805202746
Symbiodinium28111,-0.458635790783704
Symbiodinium28113,0.038879707142694
Symbiodinium28116,0.265648018330319
Symbiodinium28117,0.234127102989048
Symbiodinium28120,0.238730444155702
Symbiodinium28121,-0.511424943452667
Symbiodinium28123,-0.243819271204014
Symbiodinium28124,-0.179246070502078
Symbiodinium28128,-0.0243489223494418
Symbiodinium28131,-0.0300282196662552
Symbiodinium28132,0.0260188594646518
Symbiodinium28133,-0.129744953056687
Symbiodinium28138,0.131216657634249
Symbiodinium28139,-0.299554522933238
Symbiodinium28140,0.119649562043494
Symbiodinium28141,0.110268477269488
Symbiodinium28143,0.0923112522954265
Symbiodinium28144,-0.0567663161337774
Symbiodinium28146,-0.0152343222194478
Symbiodinium28147,0.301613049876754
Symbiodinium28150,-0.141625394643183
Symbiodinium28154,-0.0947170993988273
Symbiodinium28157,-0.136215953308516
Symbiodinium28161,0.0804897671035662
Symbiodinium28162,-6.07833885103881
Symbiodinium28163,-0.193845690860519
Symbiodinium28167,-0.680490031449055
Symbiodinium28169,0.141625394643183
Symbiodinium28173,0.0854173930432409
Symbiodinium28175,0.0320694077089563
Symbiodinium28185,0.0746503502392674
Symbiodinium28186,-1.97649482362713
Symbiodinium28191,-0.179246070502078
Symbiodinium28196,-0.330462680169882
Symbiodinium28198,0.107197064053151
Symbiodinium28199,-0.46327442430549
Symbiodinium28201,-0.00183072521231643
Symbiodinium28204,-0.685835957803411
Symbiodinium28211,0.130667519858312
Symbiodinium28213,-0.486107813245532
Symbiodinium28214,-0.199210224123028
Symbiodinium28216,-0.143597214243082
Symbiodinium28217,-2.52650378456442
Symbiodinium28218,0.214894592643785
Symbiodinium28222,-7.46416932225662
Symbiodinium28223,-0.0559277992540749
Symbiodinium28225,-0.0377557648705921
Symbiodinium28228,0.0161862535925023
Symbiodinium28229,-0.248584102803027
Symbiodinium28230,-0.0934407181023559
Symbiodinium28231,-0.0251867111300286
Symbiodinium28232,0.118445754981852
Symbiodinium28235,-0.1483544829439
Symbiodinium28242,-0.0518983233510108
Symbiodinium28243,-0.816364980867667
Symbiodinium28245,-0.527869344707541
Symbiodinium28246,0.0611933231292462
Symbiodinium28247,-0.280356365734792
Symbiodinium28249,0.592748615381407
Symbiodinium28255,-0.246389801388051
Symbiodinium28256,-0.373962064153647
Symbiodinium28257,-0.547337706231175
Symbiodinium28258,1.22976660131379
Symbiodinium28259,0.199647787010169
Symbiodinium28260,-0.458635790783704
Symbiodinium28262,0.131216657634249
Symbiodinium28264,-0.0468192683956373
Symbiodinium28266,-0.153407214220479
Symbiodinium28277,-0.714976287064312
Symbiodinium28278,-0.0570599269488921
Symbiodinium28280,0.236989916485957
Symbiodinium28281,-0.286803429953591
Symbiodinium28282,-0.384869339343247
Symbiodinium28283,0.192140491296847
Symbiodinium28284,-0.0942579925413464
Symbiodinium28285,-0.0216581331805826
Symbiodinium28286,0.576590360026811
Symbiodinium28288,-0.0806957385501111
Symbiodinium28290,-0.0926805969051215
Symbiodinium28297,-0.194341863440706
Symbiodinium28298,-0.317142123022242
Symbiodinium28301,0.124204874121771
Symbiodinium28303,0.352754896677262
Symbiodinium28304,0.712037749603591
Symbiodinium28305,-8.82492224847374
Symbiodinium28306,-2.30665394748327
Symbiodinium28308,0.0512937178997629
Symbiodinium28310,-0.0016322242221125
Symbiodinium28311,-0.120733016327019
Symbiodinium28312,-0.056250346569898
Symbiodinium28316,-0.610686830656141
Symbiodinium28317,0.00328585140476075
Symbiodinium28320,-0.00621569419959388
Symbiodinium28324,-0.313066735261958
Symbiodinium28326,-0.355442795471078
Symbiodinium28327,-0.400492057122819
Symbiodinium28331,0.108784041435646
Symbiodinium28332,-6.92254477864958
Symbiodinium28334,-0.0929536178653842
Symbiodinium28335,0.377379882832221
Symbiodinium28337,-0.225256407582902
Symbiodinium28341,0.136810333461192
Symbiodinium28343,-0.00722674156605299
Symbiodinium28348,0.0551489546507618
Symbiodinium28349,0.0318450302118285
Symbiodinium28350,-0.355442795471078
Symbiodinium28352,-0.784118267344762
Symbiodinium28354,0.211102921478954
Symbiodinium28358,0.0517084212796121
Symbiodinium28359,-0.169126159481941
Symbiodinium28360,0.187959148378939
Symbiodinium28361,-0.8024553212902
Symbiodinium28362,0.0208678843050295
Symbiodinium28363,0.0475435237089363
Symbiodinium28364,-0.0513486058893588
Symbiodinium28365,-0.0561618282382729
Symbiodinium28366,-0.0554766619973137
Symbiodinium28370,0.342406601711309
Symbiodinium28374,-0.00622607154741043
Symbiodinium28377,-0.649587758064116
Symbiodinium28381,-0.0172218149154434
Symbiodinium28382,0.0187900003243187
Symbiodinium28384,-0.0077136139152767
Symbiodinium28386,-0.369183789457343
Symbiodinium28387,0.0590335837644116
Symbiodinium28389,-0.393251129837286
Symbiodinium28394,-4.63423505711467
Symbiodinium28396,-0.00428814615208419
Symbiodinium28399,-0.689830929527794
Symbiodinium28402,0.0801745943719249
Symbiodinium28404,-0.00161678256135874
Symbiodinium28406,0.0985840954850444
Symbiodinium28407,0.0236058204238727
Symbiodinium28410,0.00322550064222824
Symbiodinium28412,-0.537577029335269
Symbiodinium28420,-0.644201882263495
Symbiodinium28422,0.0130388810181279
Symbiodinium28423,0.211864528214031
Symbiodinium28424,0.0574934759976007
Symbiodinium28425,-0.640541429114078
Symbiodinium28426,0.0238991778334354
Symbiodinium28427,-0.0404370695466564
Symbiodinium28429,0.0133429530678219
Symbiodinium28433,0.119791713718206
Symbiodinium28434,0.869902456038608
Symbiodinium28437,-0.021129452373871
Symbiodinium28438,0.369783792677443
Symbiodinium28441,0.0595872706878935
Symbiodinium28445,-0.161065008839257
Symbiodinium28447,-0.142467727108802
Symbiodinium28457,0.0642790840191689
Symbiodinium28458,-0.16104013694378
Symbiodinium28459,0.094965718310012
Symbiodinium28462,0.0641506134459201
Symbiodinium28464,0.295775120888808
Symbiodinium28467,-0.011768927403702
Symbiodinium28468,0.296325725095639
Symbiodinium28470,0.383356274668166
Symbiodinium28473,-0.124695732961273
Symbiodinium28474,-0.148328338118528
Symbiodinium28476,-1.8918904875501
Symbiodinium28479,0.0921858841241543
Symbiodinium28483,0.162094287969793
Symbiodinium28485,-0.0530060947371194
Symbiodinium28488,0.0130388810181279
Symbiodinium28490,-0.195715477955229
Symbiodinium28492,0.143371882978136
Symbiodinium28493,0.0258644313531925
Symbiodinium28494,0.0674902782311846
Symbiodinium28495,0.465657512928105
Symbiodinium28500,0.0151549611895767
Symbiodinium28502,-0.239063061465836
Symbiodinium28503,0.154467488605893
Symbiodinium28510,-2.37670810853248
Symbiodinium28511,0.303720733497368
Symbiodinium28512,0.0878014781730557
Symbiodinium28513,-0.199162157928964
Symbiodinium28514,-0.0640774437544731
Symbiodinium28516,0.415133537480232
Symbiodinium28518,0.0147854139141838
Symbiodinium28519,-0.239068121940212
Symbiodinium28522,-0.149637679720368
Symbiodinium28524,0.150681375434168
Symbiodinium28527,1.14295903932402
Symbiodinium28530,-0.707231742484058
Symbiodinium28533,-0.371463556064993
Symbiodinium28538,-0.311300261937286
Symbiodinium28540,0.367002516183527
Symbiodinium28543,-0.0077136139152767
Symbiodinium28545,0.0436152361938357
Symbiodinium28546,0.246883292647945
Symbiodinium28548,-0.12336929342002
Symbiodinium28551,-1.18306680210265
Symbiodinium28552,-0.0149718957858052
Symbiodinium28553,0.0742828641341836
Symbiodinium28556,-0.0688842012211798
Symbiodinium28558,0.55609180774895
Symbiodinium28559,-0.0147112747835468
Symbiodinium28561,1.96921041217458
Symbiodinium28563,-0.0254504395038409
Symbiodinium28565,-0.0941678990866504
Symbiodinium28567,-0.199293286776817
Symbiodinium28568,0.171026812454595
Symbiodinium28570,0.201513264642611
Symbiodinium28572,-0.120733016327019
Symbiodinium28577,0.0298668468191135
Symbiodinium28579,-0.158992219386984
Symbiodinium28580,-0.0202153287535928
Symbiodinium28584,0.237103397391599
Symbiodinium28587,0.572550381674303
Symbiodinium28589,0.418579569852249
Symbiodinium28599,0.0188626069580936
Symbiodinium28602,0.375604273951943
Symbiodinium28606,-0.0449647176208366
Symbiodinium28611,-0.00860714000961659
Symbiodinium28612,0.0662678849956855
Symbiodinium28613,0.444783711939354
Symbiodinium28617,-0.0459981431457012
Symbiodinium28621,-0.937945211509842
Symbiodinium28627,0.0459259823582984
Symbiodinium28629,-0.0140595547810018
Symbiodinium28634,-0.592002715245585
Symbiodinium28635,0.0903778515619169
Symbiodinium28642,-1.0387139741888
Symbiodinium28648,0.126034147411599
Symbiodinium28659,0.155865697382766
Symbiodinium28662,-0.0728032594978348
Symbiodinium28664,0.021129452373871
Symbiodinium28665,0.208878380193009
Symbiodinium28666,0.176729536562059
Symbiodinium28668,-0.537577029335269
Symbiodinium28670,-0.00353992173516204
Symbiodinium28672,0.0738441860866928
Symbiodinium28673,-0.139916903081985
Symbiodinium28676,0.0648296612868684
Symbiodinium28680,0.0822776263448193
Symbiodinium28681,0.52506083102266
Symbiodinium28682,-0.163253192918466
Symbiodinium28685,-0.130159793270278
Symbiodinium28686,-0.0505141767120753
Symbiodinium28691,-1.4335591523197
Symbiodinium28692,-0.0183187446516689
Symbiodinium28696,0.266743925342536
Symbiodinium28698,-0.00502914260425311
Symbiodinium28699,-0.418701383111306
Symbiodinium28700,-1.91546508235833
Symbiodinium28701,-0.411468453373073
Symbiodinium28702,-0.0988727556894716
Symbiodinium28703,0.0712144822687503
Symbiodinium28710,0.430692986756482
Symbiodinium28711,0.0722944417838779
Symbiodinium28712,-0.298868327927523
Symbiodinium28715,-1.81630610080845
Symbiodinium28717,0.266743925342536
Symbiodinium28718,3.54798676910384
Symbiodinium28721,-0.0404641246552266
Symbiodinium28724,-0.00996319058853076
Symbiodinium28726,-0.59088199529699
Symbiodinium28729,-0.119562538489309
Symbiodinium28730,-0.00183072521231643
Symbiodinium28732,1.57561891882182
Symbiodinium28736,0.183358776530114
Symbiodinium28741,-0.288621187155247
Symbiodinium28742,-5.27777471625142
Symbiodinium28744,0.0493749920399498
Symbiodinium28747,0.515508172188128
Symbiodinium28748,0.0987988836552801
Symbiodinium28751,0.312144555396157
Symbiodinium28752,0.0775093488073768
Symbiodinium28753,-0.73575864447451
Symbiodinium28754,-0.632669197090801
Symbiodinium28765,1.08501773597534
Symbiodinium28767,-0.903146873026269
Symbiodinium28770,-0.0674902782311846
Symbiodinium28771,-0.0936131468569425
Symbiodinium28773,-1.00468464092102
Symbiodinium28775,-0.799714692497544
Symbiodinium28777,0.48078087231318
Symbiodinium28778,0.0152268475070814
Symbiodinium28779,-0.193266473249582
Symbiodinium28781,0.405124257688925
Symbiodinium28782,0.072038137409596
Symbiodinium28784,-0.10439550749774
Symbiodinium28786,0.572950284468586
Symbiodinium28787,0.224662236687374
Symbiodinium28789,-0.232012624677887
Symbiodinium28790,-0.00353992173516204
Symbiodinium28793,-0.274664112237952
Symbiodinium28794,0.361523371176035
Symbiodinium28806,0.019267276586813
Symbiodinium28812,0.0277296711060694
Symbiodinium28813,-0.0947170993988273
Symbiodinium28822,0.0404370695466564
Symbiodinium28824,-0.010762395803239
Symbiodinium28825,0.166232638579152
Symbiodinium28829,-0.141625394643183
Symbiodinium28830,0.210465054896112
Symbiodinium28831,0.0567663161337774
Symbiodinium28832,-0.283455018406468
Symbiodinium28839,-0.476581839885138
Symbiodinium28844,-0.101598049008195
Symbiodinium28845,0.0887940852390632
Symbiodinium28847,-0.0769189536102835
Symbiodinium28852,0.0944230689250384
Symbiodinium28854,0.107593078866395
Symbiodinium28856,-0.345102297564777
Symbiodinium28861,0.0635527197120838
Symbiodinium28864,0.608476001876651
Symbiodinium28866,0.127341518623063
Symbiodinium28867,1.09287567678712
Symbiodinium28873,0.135108508973402
Symbiodinium28883,-0.0135303648730812
Symbiodinium28884,-0.119902731652193
Symbiodinium28885,-0.148328338118528
Symbiodinium28886,-0.0413289598844874
Symbiodinium28890,-0.0130179743969905
Symbiodinium28892,-0.440957240487463
Symbiodinium28897,0.569627323114102
Symbiodinium28903,0.0215562705024044
Symbiodinium28907,0.156639557495673
Symbiodinium28908,-0.0429633153373919
Symbiodinium28909,0.257929273492688
Symbiodinium28917,0.139426423281692
Symbiodinium28926,-0.145436067255698
Symbiodinium28928,0.416745936318562
Symbiodinium28933,0.0563688585234004
Symbiodinium28937,0.220458406018084
Symbiodinium28941,-0.0140690363431869
Symbiodinium28942,-0.0557031789133968
Symbiodinium28943,0.0506571057648049
Symbiodinium28947,0.000484917973759201
Symbiodinium28956,-0.00233427657288004
Symbiodinium28957,-0.0915490850029153
Symbiodinium28958,-0.0760155825161205
Symbiodinium28967,-0.0359531016325968
Symbiodinium28969,-0.392470422048509
Symbiodinium28970,0.0147112747835468
Symbiodinium28971,1.32985472266314
Symbiodinium28972,-0.141625394643183
Symbiodinium28978,-0.407094571476242
Symbiodinium28985,-1.03358934196132
Symbiodinium28992,-0.141625394643183
Symbiodinium28998,-0.107860062658822
Symbiodinium28999,0.210411323555716
Symbiodinium29002,-5.72796784424091
Symbiodinium29004,-0.282063795755514
Symbiodinium29005,-0.616342261274117
Symbiodinium29006,0.782973639035126
Symbiodinium29008,0.00555290106571056
Symbiodinium29012,0.179992545036497
Symbiodinium29016,-0.859380438623715
Symbiodinium29020,0.0936131468569425
Symbiodinium29027,-0.119871342159477
Symbiodinium29029,0.159715205864933
Symbiodinium29030,-0.0666394266003626
Symbiodinium29031,0.134289865445999
Symbiodinium29040,-0.235150133392243
Symbiodinium29047,-0.291925294298573
Symbiodinium29048,0.0149718957858052
Symbiodinium29049,0.122635115313128
Symbiodinium29051,0.45726555979254
Symbiodinium29054,0.511424943452667
Symbiodinium29057,-0.00322550064222824
Symbiodinium29058,-0.262666772461476
Symbiodinium29059,-0.0444461905768944
Symbiodinium29061,0.0227664170883424
Symbiodinium29063,0.329006669268659
Symbiodinium29067,-0.0187326983804966
Symbiodinium29068,-0.0547433780175957
Symbiodinium29071,0.405018159941055
Symbiodinium29077,-0.242192417393741
Symbiodinium29081,-0.363101916385311
Symbiodinium29082,-0.178378628540605
Symbiodinium29083,0.386502939202124
Symbiodinium29088,-0.43665027888994
Symbiodinium29089,0.0298668468191135
Symbiodinium29091,-3.04896871533511
Symbiodinium29094,-0.0861622706720208
Symbiodinium29095,-0.240972171463389
Symbiodinium29097,-0.21340039003242
Symbiodinium29099,-0.0056317183941546
Symbiodinium29105,0.0385191076969611
Symbiodinium29106,-0.0276198347361502
Symbiodinium29115,-0.0978744602744898
Symbiodinium29116,0.258519134094026
Symbiodinium29121,0.108784041435646
Symbiodinium29122,-0.392580682910345
Symbiodinium29126,0.317691734995131
Symbiodinium29127,-1.00613059480021
Symbiodinium29140,0.178389071332252
Symbiodinium29141,-0.361825913306172
Symbiodinium29154,-0.425673800121653
Symbiodinium29157,0.0337691808093723
Symbiodinium29158,0.0577559126299018
Symbiodinium29159,0.0295903366138149
Symbiodinium29160,-0.108784041435646
Symbiodinium29162,0.0149718957858052
Symbiodinium29163,0.436073039146448
Symbiodinium29165,-0.0202153287535928
Symbiodinium29167,0.0245938272580214
Symbiodinium29168,0.405018159941055
Symbiodinium29169,0.375238853037844
Symbiodinium29170,-0.123353430307904
Symbiodinium29174,-0.158992219386984
Symbiodinium29176,-0.0324215917116815
Symbiodinium29180,0.0693429857841324
Symbiodinium29182,0.0581830983127358
Symbiodinium29184,-0.119871342159477
Symbiodinium29187,0.0152268475070814
Symbiodinium29188,-0.234127102989048
Symbiodinium29189,-0.0301977593496482
Symbiodinium29192,0.354183122028594
Symbiodinium29196,-0.0770248184828098
Symbiodinium29198,-0.25490822089467
Symbiodinium29204,0.614614177469793
Symbiodinium29205,0.11223637661856
Symbiodinium29207,-0.476581839885138
Symbiodinium29209,0.156639557495673
Symbiodinium29210,0.0948568175659636
Symbiodinium29211,0.329006669268659
Symbiodinium29214,0.0298668468191135
Symbiodinium29216,-0.352180887879534
Symbiodinium29222,-0.380885651556274
Symbiodinium29223,-0.0161862535925023
Symbiodinium29224,-0.791495543822261
Symbiodinium29225,-0.0182766583323697
Symbiodinium29226,0.339121343161121
Symbiodinium29227,-0.057792461459086
Symbiodinium29230,1.01648999773876
Symbiodinium29232,0.0493197172681442
Symbiodinium29234,-0.125862256545156
Symbiodinium29235,-0.0554766619973137
Symbiodinium29236,-0.0187900003243187
Symbiodinium29237,0.163092024444884
Symbiodinium29238,-0.25490822089467
Symbiodinium29239,-0.123042511979161
Symbiodinium29243,1.85499179735769
Symbiodinium29244,0.164501125262001
Symbiodinium29246,-0.0810684408389771
Symbiodinium29247,0.169126159481941
Symbiodinium29252,-0.470629500470362
Symbiodinium29255,-0.0562609264079093
Symbiodinium29257,0.17295019803822
Symbiodinium29260,-2.80707487660141
Symbiodinium29262,0.0358742312671123
Symbiodinium29268,0.252250506554613
Symbiodinium29269,2.29790256553328
Symbiodinium29270,-2.35071234757034
Symbiodinium29272,-0.0328056131383188
Symbiodinium29274,0.198838827550105
Symbiodinium29281,0.0942579925413464
Symbiodinium29282,0.950927998936781
Symbiodinium29286,0.0590436853246962
Symbiodinium29288,0.0829979645186503
Symbiodinium29289,0.0321058123059476
Symbiodinium29290,2.00813706128611
Symbiodinium29291,0.511424943452667
Symbiodinium29292,1.28275862529142
Symbiodinium29295,0.69860646734804
Symbiodinium29297,-0.0466403583258269
Symbiodinium29300,0.104432596541603
Symbiodinium29302,-0.00900450970069087
Symbiodinium29306,-0.0597865991566878
Symbiodinium29309,0.212406881017818
Symbiodinium29310,0.441603007274038
Symbiodinium29312,0.669623788898115
Symbiodinium29320,0.131122096301423
Symbiodinium29321,0.392850286288581
Symbiodinium29323,0.226668917008459
Symbiodinium29327,-0.750380205258458
Symbiodinium29330,-0.0523521539909151
Symbiodinium29336,-0.983481376834716
Symbiodinium29339,0.177382411185841
Symbiodinium29341,-0.172459062933387
Symbiodinium29343,-0.253202789548599
Symbiodinium29346,-0.0250585953963556
Symbiodinium29350,-0.064392441726923
Symbiodinium29354,0.276281782882127
Symbiodinium29356,0.0355306260640492
Symbiodinium29358,0.0175190076946312
Symbiodinium29359,-0.095841422240406
Symbiodinium29361,0.00241462678104737
Symbiodinium29362,-0.437466288196401
Symbiodinium29365,-0.0920999633431256
Symbiodinium29367,0.0404641246552266
Symbiodinium29370,-1.14954893958065
Symbiodinium29373,-0.00241462678104737
Symbiodinium29376,0.0567663161337774
Symbiodinium29377,0.425030745690188
Symbiodinium29378,0.0281984380700664
Symbiodinium29379,-0.198838827550105
Symbiodinium29384,0.0026487956714588
Symbiodinium29386,0.157011755160512
Symbiodinium29387,0.983940282944078
Symbiodinium29391,-0.275283014972028
Symbiodinium29397,0.0318723247980992
Symbiodinium29400,-0.0374141466209653
Symbiodinium29401,0.148148454972375
Symbiodinium29415,3.25090731826624
Symbiodinium29416,0.39452987287663
Symbiodinium29435,-0.216615309270729
Symbiodinium29443,0.00472851377041647
Symbiodinium29448,0.0707950860031809
Symbiodinium29449,0.121239441673583
Symbiodinium29453,-0.775578803409877
Symbiodinium29458,-0.286803429953591
Symbiodinium29462,0.168432346019477
Symbiodinium29465,-0.211864528214031
Symbiodinium29466,0.654220076524763
Symbiodinium29467,0.425836455883522
Symbiodinium29469,0.221229155088515
Symbiodinium29470,-0.637199297997043
Symbiodinium29471,0.12109960099097
Symbiodinium29474,0.099306882020686
Symbiodinium29477,0.0713520457619409
Symbiodinium29480,-1.20233591249753
Symbiodinium29486,0.157650808036254
Symbiodinium29489,0.000484917973759201
Symbiodinium29491,-0.00183072521231643
Symbiodinium29492,0.394398489992514
Symbiodinium29495,0.139422166916683
Symbiodinium29500,-0.0323638738095028
Symbiodinium29501,-5.47031303489901
Symbiodinium29503,0.00376944725989265
Symbiodinium29504,-0.0947170993988273
Symbiodinium29505,-0.764551754855093
Symbiodinium29506,-0.0979993388560414
Symbiodinium29508,-0.280356365734792
Symbiodinium29513,0.869902456038608
Symbiodinium29520,0.683432450325792
Symbiodinium29523,-0.0554766619973137
Symbiodinium29524,-1.53176417558206
Symbiodinium29525,1.00557439139209
Symbiodinium29527,0.0877758617079289
Symbiodinium29528,-0.161268318358964
Symbiodinium29534,-0.334244010396388
Symbiodinium29535,0.000484917973759201
Symbiodinium29536,-0.592002715245585
Symbiodinium29537,-0.0740495810773793
Symbiodinium29543,0.0637179066734867
Symbiodinium29548,-1.41357930566578
Symbiodinium29549,-0.110226420498759
Symbiodinium29550,0.0424921255123489
Symbiodinium29551,-0.0298668468191135
Symbiodinium29552,-0.04968090308039
Symbiodinium29553,-0.187959148378939
Symbiodinium29555,0.199507306751451
Symbiodinium29557,0.316627482000309
Symbiodinium29565,0.857243281312399
Symbiodinium29567,0.0792975713563868
Symbiodinium29569,-0.11223637661856
Symbiodinium29577,0.265293640256156
Symbiodinium29579,0.112368405575079
Symbiodinium29582,0.0550424221636684
Symbiodinium29585,-0.735707285328713
Symbiodinium29586,0.225224680704942
Symbiodinium29588,-0.18526416297586
Symbiodinium29589,-0.351115379767962
Symbiodinium29592,0.0251265987149315
Symbiodinium29593,-0.0137988443469696
Symbiodinium29596,0.0912423819818118
Symbiodinium29597,0.262666772461476
Symbiodinium29598,0.137480132770066
Symbiodinium29603,-0.0459259823582984
Symbiodinium29604,0.0797912151161482
Symbiodinium29605,0.094965718310012
Symbiodinium29606,-0.00974566748575906
Symbiodinium29612,-0.0563688585234004
Symbiodinium29614,-0.178389071332252
Symbiodinium29615,-0.201412681377266
Symbiodinium29616,-0.122730396341709
Symbiodinium29617,-0.059432806064039
Symbiodinium29618,-3.22376019718958
Symbiodinium29619,-0.0493749920399498
Symbiodinium29621,-0.324157961127725
Symbiodinium29624,-0.0111853312920792
Symbiodinium29625,0.163714481469673
Symbiodinium29630,-0.0215918699571915
Symbiodinium29632,-0.0288546159217068
Symbiodinium29634,-0.543312768262551
Symbiodinium29642,1.1140967053145
Symbiodinium29644,-0.288256537041508
Symbiodinium29645,0.175770204492048
Symbiodinium29646,-0.0981642846989828
Symbiodinium29650,0.8185913726734
Symbiodinium29651,0.128596458754486
Symbiodinium29657,0.185860466873698
Symbiodinium29663,-0.514915185029479
Symbiodinium29664,0.0284460986577763
Symbiodinium29669,0.306994788466404
Symbiodinium29670,-0.0114580344621899
Symbiodinium29672,-0.0567663161337774
Symbiodinium29673,-6.52408767697836
Symbiodinium29674,-2.96624109990205
Symbiodinium29675,1.38461904965215
Symbiodinium29676,0.506869907983287
Symbiodinium29677,-0.407094571476242
Symbiodinium29680,0.0947170993988273
Symbiodinium29681,0.0742828641341836
Symbiodinium29682,0.38603104547208
Symbiodinium29683,-0.690236001457625
Symbiodinium29686,0.0415500795967392
Symbiodinium29687,-0.37802260102646
Symbiodinium29690,-0.0547051519088241
Symbiodinium29691,0.0355306260640492
Symbiodinium29693,0.299743983131266
Symbiodinium29694,-0.0215152505439995
Symbiodinium29695,0.690489674693253
Symbiodinium29696,0.110119323256956
Symbiodinium29699,-0.112656799785988
Symbiodinium29704,0.222362168989104
Symbiodinium29705,0.18566569679056
Symbiodinium29711,0.00555290106571056
Symbiodinium29712,-0.0404370695466564
Symbiodinium29715,0.0577559126299018
Symbiodinium29716,0.651288656800979
Symbiodinium29720,0.133072698322499
Symbiodinium29727,0.0983302139610468
Symbiodinium29728,-0.082797460349551
Symbiodinium29745,-0.0096835513878254
Symbiodinium29753,-0.149637679720368
Symbiodinium29754,-0.109174009222515
Symbiodinium29755,0.859121438734449
Symbiodinium29757,-0.296903991960588
Symbiodinium29760,0.285578842623804
Symbiodinium29762,-0.127474094753202
Symbiodinium29765,0.0147112747835468
Symbiodinium29771,-0.271074577765709
Symbiodinium29772,0.447744025432807
Symbiodinium29774,0.204129150107157
Symbiodinium29777,-0.122741658315463
Symbiodinium29779,0.00472851377041647
Symbiodinium29782,0.103840625004415
Symbiodinium29785,-0.261890429988277
Symbiodinium29791,-0.438645416795737
Symbiodinium29796,-1.53176417558206
Symbiodinium29799,0.0685347338523728
Symbiodinium29804,-1.48960970485312
Symbiodinium29811,0.572550381674303
Symbiodinium29816,0.44949173171428
Symbiodinium29820,-0.0541495418735047
Symbiodinium29822,0.1260875368613
Symbiodinium29825,-0.15625401210088
Symbiodinium29826,0.137832107700412
Symbiodinium29829,-2.37351016794846
Symbiodinium29830,-0.476581839885138
Symbiodinium29831,0.103109609150088
Symbiodinium29832,-0.418701383111306
Symbiodinium29833,-0.0577559126299018
Symbiodinium29834,0.189601183477269
Symbiodinium29835,0.211972139693926
Symbiodinium29837,0.125862256545156
Symbiodinium29839,0.624661057243502
Symbiodinium29841,-0.133860940324922
Symbiodinium29842,0.0398305120544645
Symbiodinium29843,1.02096936825195
Symbiodinium29845,-1.12611356121366
Symbiodinium29846,0.319381180487061
Symbiodinium29848,-0.016822710372555
Symbiodinium29856,-0.135306444045714
Symbiodinium29861,-0.681706544413819
Symbiodinium29862,0.156639557495673
Symbiodinium29863,0.236422235664789
Symbiodinium29869,-0.371463556064993
Symbiodinium29870,0.0511832461073805
Symbiodinium29872,-0.236989916485957
Symbiodinium29877,0.194039025393724
Symbiodinium29878,-0.135300630380862
Symbiodinium29886,0.567891727301076
Symbiodinium29889,0.0837900570594725
Symbiodinium29890,-0.575528609646737
Symbiodinium29891,-0.158785033196743
Symbiodinium29892,-0.134535922082848
Symbiodinium29893,0.0956588640860977
Symbiodinium29894,-0.158785033196743
Symbiodinium29895,0.0546995215479467
Symbiodinium29896,-0.15625401210088
Symbiodinium29897,-0.1122882326469
Symbiodinium29898,0.0227664170883424
Symbiodinium29902,0.394398489992514
Symbiodinium29905,-0.675653327410739
Symbiodinium29906,-0.188335049449677
Symbiodinium29910,-0.0596217431991688
Symbiodinium29914,-0.465657512928105
Symbiodinium29921,-0.157836418788281
Symbiodinium29922,-0.444598448913403
Symbiodinium29924,-0.515170115094878
Symbiodinium29926,0.0119174217926143
Symbiodinium29928,-0.527869344707541
Symbiodinium29931,-0.0161862535925023
Symbiodinium29941,-0.190846661852022
Symbiodinium29943,0.324157961127725
Symbiodinium29944,-0.431580410776764
Symbiodinium29951,0.187959148378939
Symbiodinium29952,-0.522390339678949
Symbiodinium29953,0.0029518275370504
Symbiodinium29956,1.07028312571916
Symbiodinium29958,0.00433003093873015
Symbiodinium29960,-0.0493749920399498
Symbiodinium29962,0.261699664415049
Symbiodinium29963,0.0165546855301824
Symbiodinium29969,-0.275829038362651
Symbiodinium29971,0.414901245432375
Symbiodinium29977,-0.192879932356548
Symbiodinium29979,0.104407670002398
Symbiodinium29980,0.118314766089947
Symbiodinium29984,0.44949173171428
Symbiodinium29985,-0.425030745690188
Symbiodinium29986,2.11959443593056
Symbiodinium29987,-0.537559301397743
Symbiodinium29990,1.09222947531669
Symbiodinium29991,0.317169905447896
Symbiodinium29994,0.128506220687229
Symbiodinium29998,0.141625394643183
Symbiodinium30000,0.361825913306172
Symbiodinium30001,0.0238991778334354
Symbiodinium30002,-0.10573347521476
Symbiodinium30003,-0.554617178670482
Symbiodinium30011,0.211102921478954
Symbiodinium30016,-0.324157961127725
Symbiodinium30025,0.308071407007397
Symbiodinium30026,0.150926189192039
Symbiodinium30028,-0.134535922082848
Symbiodinium30029,0.449075794420505
Symbiodinium30031,0.121239441673583
Symbiodinium30037,0.0318450302118285
Symbiodinium30040,-0.0557031789133968
Symbiodinium30042,-0.094965718310012
Symbiodinium30045,0.0531474247325501
Symbiodinium30048,0.0029518275370504
Symbiodinium30050,0.0654851502695754
Symbiodinium30052,0.034938587357987
Symbiodinium30053,-0.0244858216454921
Symbiodinium30054,0.16429257392197
Symbiodinium30059,-0.375744880870625
Symbiodinium30060,0.0923112522954265
Symbiodinium30061,0.137480132770066
Symbiodinium30063,-0.264943663740939
Symbiodinium30064,-0.954311616470547
Symbiodinium30065,0.32535280126531
Symbiodinium30066,0.592002715245585
Symbiodinium30069,-0.271598104863194
Symbiodinium30070,0.0546995215479467
Symbiodinium30075,0.0945655528606793
Symbiodinium30078,-0.255133908144318
Symbiodinium30084,-0.00740559470589527
Symbiodinium30085,0.0228714685228339
Symbiodinium30087,0.0101044279742775
Symbiodinium30088,-0.180515006644518
Symbiodinium30089,-0.0978028466096432
Symbiodinium30092,0.101598049008195
Symbiodinium30094,-0.088261257390744
Symbiodinium30096,0.988774210304367
Symbiodinium30101,0.303300397468845
Symbiodinium30102,0.0499601349760768
Symbiodinium30103,-0.265648018330319
Symbiodinium30104,0.00970134349901081
Symbiodinium30105,-0.25490822089467
Symbiodinium30106,0.37802260102646
Symbiodinium30109,0.0466403583258269
Symbiodinium30113,0.663859912480637
Symbiodinium30118,0.902150417477664
Symbiodinium30123,0.0271399186534494
Symbiodinium30125,-0.09986983100061
Symbiodinium30126,0.135300630380862
Symbiodinium30127,-0.682642008552088
Symbiodinium30135,0.0685347338523728
Symbiodinium30136,-0.0993901988745567
Symbiodinium30138,0.0183187446516689
Symbiodinium30140,1.74350399150996
Symbiodinium30143,-0.0697181803853007
Symbiodinium30144,-0.0415707056424589
Symbiodinium30145,-0.163714481469673
Symbiodinium30150,0.270471632386756
Symbiodinium30158,0.0377147049618255
Symbiodinium30159,-0.500452571850319
Symbiodinium30161,0.0173239500316606
Symbiodinium30163,0.352338156163949
Symbiodinium30164,0.0997419836202381
Symbiodinium30168,0.0641506134459201
Symbiodinium30171,-0.265293640256156
Symbiodinium30173,-0.0444461905768944
Symbiodinium30176,0.234270855251546
Symbiodinium30182,-0.179246070502078
Symbiodinium30184,0.157591801606012
Symbiodinium30185,-1.13414953829028
Symbiodinium30188,-0.434951573716873
Symbiodinium30191,-0.181011799282044
Symbiodinium30194,0.0989079812887174
Symbiodinium30196,-0.0775093488073768
Symbiodinium30197,-0.200731276823139
Symbiodinium30199,0.0942579925413464
Symbiodinium30205,0.0318450302118285
Symbiodinium30208,-0.872181573191371
Symbiodinium30221,-0.0459259823582984
Symbiodinium30223,0.163714481469673
Symbiodinium30224,-2.65931610761313
Symbiodinium30229,-0.983940282944078
Symbiodinium30234,0.0532879112080204
Symbiodinium30239,0.0492688127950304
Symbiodinium30241,0.021129452373871
Symbiodinium30247,-0.00696449415952873
Symbiodinium30251,0.0459259823582984
Symbiodinium30252,-0.00472851377041647
Symbiodinium30256,0.0436152361938357
Symbiodinium30258,0.0510367309735424
Symbiodinium30259,0.138229195757208
Symbiodinium30263,-0.165763504571924
Symbiodinium30265,-0.0119479661121596
Symbiodinium30267,-0.0293224715619729
Symbiodinium30276,0.0234270610834285
Symbiodinium30277,-0.445318528545203
Symbiodinium30278,0.262666772461476
Symbiodinium30280,-0.253049264201929
Symbiodinium30283,0.685541523828178
Symbiodinium30287,-0.0036557337814468
Symbiodinium30288,-0.152021515497692
Symbiodinium30291,0.0217145532996683
Symbiodinium30298,0.0493749920399498
Symbiodinium30300,-0.211864528214031
Symbiodinium30303,-0.37802260102646
Symbiodinium30305,0.30589995508896
Symbiodinium30308,0.00835805011969384
Symbiodinium30309,-0.0198766769770401
Symbiodinium30312,0.0518983233510108
Symbiodinium30319,-0.320279016530974
Symbiodinium30320,0.0978744602744898
Symbiodinium30322,0.534013425222795
Symbiodinium30324,0.69860646734804
Symbiodinium30326,-0.0301965789379114
Symbiodinium30329,0.288788199327514
Symbiodinium30331,-0.141048318074751
Symbiodinium30335,-0.675653327410739
Symbiodinium30339,0.286803429953591
Symbiodinium30340,0.00366881591684914
Symbiodinium30341,-1.81138148134402
Symbiodinium30342,0.0196773566092285
Symbiodinium30343,-0.132246668567024
Symbiodinium30353,0.152702033389972
Symbiodinium30356,-0.25904300228776
Symbiodinium30360,-0.136047155073222
Symbiodinium30365,-0.559170465697557
Symbiodinium30368,0.000145100770246032
Symbiodinium30371,-0.0213676666403681
Symbiodinium30372,0.438311368648953
Symbiodinium30381,0.228902081161925
Symbiodinium30385,0.610686830656141
Symbiodinium30386,0.0152343222194478
Symbiodinium30391,-0.05961314671806
Symbiodinium30392,-0.120302001482448
Symbiodinium30395,-0.179992034611754
Symbiodinium30396,0.158992219386984
Symbiodinium30397,0.181012206549275
Symbiodinium30407,0.147382012680841
Symbiodinium30408,-0.262666772461476
Symbiodinium30410,-0.799478696205615
Symbiodinium30414,-1.07379188944319
Symbiodinium30416,0.0477724770337654
Symbiodinium30417,-0.879981174967489
Symbiodinium30421,-0.416850928727403
Symbiodinium30426,0.0983302139610468
Symbiodinium30431,-0.378911889421372
Symbiodinium30434,0.0921405924305825
Symbiodinium30435,-0.123791200407553
Symbiodinium30438,0.136215953308516
Symbiodinium30453,0.076597611766818
Symbiodinium30454,0.0318723247980992
Symbiodinium30455,0.0404641246552266
Symbiodinium30456,0.111594369644364
Symbiodinium30459,-0.0183203999538286
Symbiodinium30460,0.329006669268659
Symbiodinium30462,0.0648186047641307
Symbiodinium30468,-0.71645964890642
Symbiodinium30471,0.118405615831316
Symbiodinium30473,-0.12253511610865
Symbiodinium30479,-0.206506319015454
Symbiodinium30481,0.00945983193095483
Symbiodinium30484,-0.522390339678949
Symbiodinium30485,0.0213676666403681
Symbiodinium30491,0.0742828641341836
Symbiodinium30505,-2.10464486271037
Symbiodinium30507,0.592428121560542
Symbiodinium30508,0.164501125262001
Symbiodinium30509,-0.387785938695781
Symbiodinium30511,0.15234127811369
Symbiodinium30513,0.666470098729145
Symbiodinium30517,0.0975296586291783
Symbiodinium30518,0.108784041435646
Symbiodinium30520,-1.07760499833057
Symbiodinium30525,0.128062465422921
Symbiodinium30530,-0.0810819477267498
Symbiodinium30532,-0.0599476830956615
Symbiodinium30537,-0.367002516183527
Symbiodinium30538,0.217995880120059
Symbiodinium30543,0.361825913306172
Symbiodinium30546,0.151687795270513
Symbiodinium30555,-0.0298668468191135
Symbiodinium30560,-0.0146161493376806
Symbiodinium30561,-0.224662236687374
Symbiodinium30564,-0.5025457567841
Symbiodinium30570,-0.223160601281772
Symbiodinium30571,0.221242016886881
Symbiodinium30572,-0.223160601281772
Symbiodinium30573,0.271598104863194
Symbiodinium30578,-0.0574934759976007
Symbiodinium30579,0.0315381264725008
Symbiodinium30586,-0.0367265594637319
Symbiodinium30589,0.0243489223494418
Symbiodinium30590,0.93711730814161
Symbiodinium30591,1.11429864839861
Symbiodinium30602,0.829621062774795
Symbiodinium30603,-0.000904612367675812
Symbiodinium30604,0.118660739751909
Symbiodinium30607,-0.309997530898519
Symbiodinium30611,-0.094965718310012
Symbiodinium30612,-0.0591924269549131
Symbiodinium30615,-0.0239725906822592
Symbiodinium30622,0.61422745850176
Symbiodinium30625,-0.204185559435657
Symbiodinium30626,0.0101481758406581
Symbiodinium30628,0.00140160656436842
Symbiodinium30629,-0.0567663161337774
Symbiodinium30631,0.0152268475070814
Symbiodinium30637,0.0377557648705921
Symbiodinium30639,0.0201556444801804
Symbiodinium30640,0.131216657634249
Symbiodinium30641,-1.38269664520085
Symbiodinium30647,-0.0302774097723986
Symbiodinium30648,0.27727237399365
Symbiodinium30649,-18.7746996385775
Symbiodinium30650,-1.48511717675355
Symbiodinium30652,0.0479661742791117
Symbiodinium30656,0.136851760309234
Symbiodinium30657,-0.546314675451809
Symbiodinium30658,0.869902456038608
Symbiodinium30659,0.0250585953963556
Symbiodinium30666,-0.189601183477269
Symbiodinium30667,-0.0527012626107843
Symbiodinium30668,-0.00541068275941436
Symbiodinium30670,-0.094965718310012
Symbiodinium30674,-0.10439550749774
Symbiodinium30676,0.148328338118528
Symbiodinium30680,0.0396813681204512
Symbiodinium30681,-0.0338101973034491
Symbiodinium30684,-0.111594369644364
Symbiodinium30685,-0.253202789548599
Symbiodinium30687,0.289661209098583
Symbiodinium30689,0.0195129992464873
Symbiodinium30693,0.899478636455484
Symbiodinium30694,0.092011580323534
Symbiodinium30695,0.207017833157997
Symbiodinium30696,-0.483956845028246
Symbiodinium30700,-0.0213676666403681
Symbiodinium30703,-0.0101044279742775
Symbiodinium30706,-0.266743925342536
Symbiodinium30709,-0.0977163798811683
Symbiodinium30712,0.0700902545152891
Symbiodinium30714,-0.115101450606267
Symbiodinium30716,0.298400120824306
Symbiodinium30717,-0.432576413737184
Symbiodinium30718,-0.927067684723103
Symbiodinium30719,-0.25490822089467
Symbiodinium30727,0.137245951356882
Symbiodinium30728,0.0559277992540749
Symbiodinium30729,-0.0250585953963556
Symbiodinium30736,-0.0188626069580936
Symbiodinium30738,-0.585571128643524
Symbiodinium30740,-0.086113514737478
Symbiodinium30745,-0.522328732495595
Symbiodinium30748,0.0238264516959846
Symbiodinium30750,0.000682109137280747
Symbiodinium30751,0.0245153021405167
Symbiodinium30754,-0.61422745850176
Symbiodinium30755,0.961366298741306
Symbiodinium30756,-0.0764968358488548
Symbiodinium30760,1.51781243198838
Symbiodinium30762,0.510813102252966
Symbiodinium30763,-0.094965718310012
Symbiodinium30765,0.0934407181023559
Symbiodinium30767,-0.175802740993917
Symbiodinium30769,-0.332405632294559
Symbiodinium30770,-0.0029518275370504
Symbiodinium30772,-0.280572619740983
Symbiodinium30776,-0.216302717172756
Symbiodinium30777,-0.317569968764264
Symbiodinium30784,0.122559306321012
Symbiodinium30787,-0.0484161680445426
Symbiodinium30789,0.0667646149392171
Symbiodinium30791,1.66800686373085
Symbiodinium30792,0.045212991335242
Symbiodinium30798,-0.0101044279742775
Symbiodinium30812,-0.354560232035926
Symbiodinium30817,0.198772400009163
Symbiodinium30819,-0.116884722538373
Symbiodinium30820,0.0222416800971642
Symbiodinium30823,0.128055278266457
Symbiodinium30824,-0.201206643220538
Symbiodinium30826,-2.94757366978031
Symbiodinium30830,-3.25438351132851
Symbiodinium30832,-0.144392569750931
Symbiodinium30833,-0.0674902782311846
Symbiodinium30836,0.897609041170232
Symbiodinium30838,-0.00678861760098782
Symbiodinium30839,-0.0244858216454921
Symbiodinium30851,0.515170115094878
Symbiodinium30855,0.927780383581108
Symbiodinium30856,-0.199507306751451
Symbiodinium30857,-0.22496134980824
Symbiodinium30865,0.0455227335460308
Symbiodinium30866,-0.333288665536209
Symbiodinium30869,0.937945211509842
Symbiodinium30872,0.543444660235768
Symbiodinium30876,0.020294523475362
Symbiodinium30879,0.0444461905768944
Symbiodinium30880,0.55609180774895
Symbiodinium30883,-0.00183072521231643
Symbiodinium30886,0.00891288757559414
Symbiodinium30889,0.0430938636664612
Symbiodinium30890,-0.05961314671806
Symbiodinium30891,-0.319381180487061
Symbiodinium30894,-0.0398305120544645
Symbiodinium30896,0.689449450228067
Symbiodinium30897,-0.0563449443507333
Symbiodinium30900,0.0152535315770822
Symbiodinium30907,-0.0318450302118285
Symbiodinium30911,0.0748480133470326
Symbiodinium30914,-0.0318723247980992
Symbiodinium30915,-0.17711304870973
Symbiodinium30919,0.0810819477267498
Symbiodinium30921,0.907581165432284
Symbiodinium30928,0.0422389612084182
Symbiodinium30929,0.360301421745327
Symbiodinium30931,0.187959148378939
Symbiodinium30935,-0.0685347338523728
Symbiodinium30936,0.425836455883522
Symbiodinium30939,0.122052988670657
Symbiodinium30941,-0.00936223059745143
Symbiodinium30943,-0.43222803022558
Symbiodinium30955,-0.279844486208389
Symbiodinium30956,-0.0759445198400068
Symbiodinium30961,0.00183072521231643
Symbiodinium30962,0.0510367309735424
Symbiodinium30963,-0.295611434574933
Symbiodinium30964,0.0276198347361502
Symbiodinium30970,0.144601015497602
Symbiodinium30971,0.626930451610732
Symbiodinium30978,0.0590482981495633
Symbiodinium30981,-0.0689035396454697
Symbiodinium30983,0.341947045902858
Symbiodinium30987,-0.0887940852390632
Symbiodinium30990,0.0482495144430313
Symbiodinium30992,-0.414624635459643
Symbiodinium30993,-0.728096358363656
Symbiodinium31003,-0.22207172467282
Symbiodinium31008,1.04355935320116
Symbiodinium31010,0.0422389612084182
Symbiodinium31013,0.0561618282382729
Symbiodinium31017,0.18566569679056
Symbiodinium31018,-1.87832998846657
Symbiodinium31020,0.73684014095027
Symbiodinium31021,0.00328585140476075
Symbiodinium31023,-0.0685347338523728
Symbiodinium31024,-0.409666008191915
Symbiodinium31025,0.0318723247980992
Symbiodinium31026,-0.210821763372609
Symbiodinium31029,0.267138623507162
Symbiodinium31034,-0.0177263474411861
Symbiodinium31036,-0.303300397468845
Symbiodinium31037,0.51763244170768
Symbiodinium31041,-0.0370546965474299
Symbiodinium31042,-0.117617431707782
Symbiodinium31043,0.266743925342536
Symbiodinium31045,0.410322617954605
Symbiodinium31046,-0.0147112747835468
Symbiodinium31049,-0.317142123022242
Symbiodinium31050,-1.38269664520085
Symbiodinium31051,0.796884845678943
Symbiodinium31054,0.151865761080481
Symbiodinium31059,0.0810819477267498
Symbiodinium31060,-0.157836418788281
Symbiodinium31063,-0.237335424097394
Symbiodinium31069,0.242506315400745
Symbiodinium31070,-0.532644598960166
Symbiodinium31072,-0.00555290106571056
Symbiodinium31074,-0.246436366341833
Symbiodinium31079,0.211864528214031
Symbiodinium31088,-0.0901904386868411
Symbiodinium31093,0.00538586695547443
Symbiodinium31096,-0.0872039873913004
Symbiodinium31099,-0.242754290654305
Symbiodinium31100,-0.124984941163794
Symbiodinium31104,-0.44305509664995
Symbiodinium31112,0.19166875222602
Symbiodinium31114,-0.283455018406468
Symbiodinium31116,-0.0449647176208366
Symbiodinium31126,0.304826107659601
Symbiodinium31128,0.232022944737482
Symbiodinium31130,0.0247719547485242
Symbiodinium31131,0.549320264398915
Symbiodinium31135,1.30952077525533
Symbiodinium31137,0.0784875572160509
Symbiodinium31138,0.0122193458957067
Symbiodinium31139,0.0635005524995178
Symbiodinium31145,0.237475783934565
Symbiodinium31149,0.0691885805202746
Symbiodinium31160,0.681914321892327
Symbiodinium31164,0.0886454100567948
Symbiodinium31165,-0.083106153398115
Symbiodinium31169,0.132246668567024
Symbiodinium31170,-1.41357930566578
Symbiodinium31176,-0.122559306321012
Symbiodinium31178,0.0892284809511527
Symbiodinium31182,-0.0187326983804966
Symbiodinium31183,0.210234968452614
Symbiodinium31184,0.0688842012211798
Symbiodinium31195,-0.0506571057648049
Symbiodinium31196,0.254906506585018
Symbiodinium31197,0.351839544451107
Symbiodinium31200,-0.134221659519787
Symbiodinium31209,-0.0202153287535928
Symbiodinium31210,0.0939919335059866
Symbiodinium31213,0.681706544413819
Symbiodinium31214,0.931850990967394
Symbiodinium31218,-0.0641506134459201
Symbiodinium31219,-2.88347233085032
Symbiodinium31220,0.170630329232368
Symbiodinium31222,-0.345102297564777
Symbiodinium31226,0.185860466873698
Symbiodinium31229,0.0348902852513513
Symbiodinium31236,-0.375604273951943
Symbiodinium31242,0.8024553212902
Symbiodinium31243,-0.667535721501642
Symbiodinium31244,0.390054393069839
Symbiodinium31246,0.164501125262001
Symbiodinium31250,0.0269066981398761
Symbiodinium31251,0.088261257390744
Symbiodinium31252,-0.0250585953963556
Symbiodinium31265,0.324157961127725
Symbiodinium31266,-0.00996319058853076
Symbiodinium31268,0.126696965002408
Symbiodinium31269,-0.0729619286893908
Symbiodinium31270,-0.129181118742573
Symbiodinium31271,-0.165546905846299
Symbiodinium31272,0.694157502112823
Symbiodinium31277,-0.559880316610501
Symbiodinium31284,-0.178378628540605
Symbiodinium31288,-0.708870998152139
Symbiodinium31289,-0.131504306452038
Symbiodinium31290,-0.411468453373073
Symbiodinium31291,0.0667646149392171
Symbiodinium31305,-0.22225157111256
Symbiodinium31311,0.266843077250014
Symbiodinium31314,-0.0404370695466564
Symbiodinium31315,0.0476727013914875
Symbiodinium31316,-0.00378163046927234
Symbiodinium31323,-0.0976114454544866
Symbiodinium31324,-0.00961978744835911
Symbiodinium31326,0.042660873107033
Symbiodinium31327,-0.0137988443469696
Symbiodinium31329,0.0577559126299018
Symbiodinium31331,0.452648666822681
Symbiodinium31334,-0.133860940324922
Symbiodinium31337,-0.133860940324922
Symbiodinium31338,0.407094571476242
Symbiodinium31339,-0.0502145318497174
Symbiodinium31344,-0.105679228736116
Symbiodinium31345,0.400670925928321
Symbiodinium31346,-0.301888841308643
Symbiodinium31350,-0.0541291620803707
Symbiodinium31354,-0.393254442759399
Symbiodinium31355,0.00241462678104737
Symbiodinium31356,-0.152926741304237
Symbiodinium31364,0.0526720858329031
Symbiodinium31372,-0.00685790115949544
Symbiodinium31373,-0.0268071118540871
Symbiodinium31375,0.00996319058853076
Symbiodinium31376,0.0526720858329031
Symbiodinium31380,0.111432098339111
Symbiodinium31381,0.543312768262551
Symbiodinium31386,0.133659786760641
Symbiodinium31397,0.0360444526874968
Symbiodinium31398,-0.0404370695466564
Symbiodinium31402,0.142444349267418
Symbiodinium31404,-0.435531300330969
Symbiodinium31407,0.0578973638350228
Symbiodinium31408,0.0360444526874968
Symbiodinium31411,-0.681914321892327
Symbiodinium31412,-0.0493749920399498
Symbiodinium31413,-0.0493749920399498
Symbiodinium31416,0.0550775553035993
Symbiodinium31424,-0.180876844291469
Symbiodinium31433,0.0377557648705921
Symbiodinium31434,0.444598448913403
Symbiodinium31436,0.159134397065431
Symbiodinium31439,0.0917358831228022
Symbiodinium31441,2.3906315735152
Symbiodinium31446,-0.143943342244475
Symbiodinium31451,-0.273971734063925
Symbiodinium31456,0.053899798305802
Symbiodinium31457,0.0133078640325845
Symbiodinium31459,-0.514915185029479
Symbiodinium31460,-0.0646050456154506
Symbiodinium31465,-0.00359898586350696
Symbiodinium31468,-0.0140071773299814
Symbiodinium31473,-0.0404370695466564
Symbiodinium31474,-0.0861622706720208
Symbiodinium31477,0.71015439686107
Symbiodinium31479,-0.0675401326222797
Symbiodinium31481,-0.442844213144665
Symbiodinium31483,-0.0675289829536718
Symbiodinium31484,-0.248903226870513
Symbiodinium31486,0.354560232035926
Symbiodinium31490,0.246389801388051
Symbiodinium31491,0.103454241707902
Symbiodinium31494,-0.141625394643183
Symbiodinium31504,-0.0353170252744498
Symbiodinium31507,-0.101598049008195
Symbiodinium31509,0.0250585953963556
Symbiodinium31510,0.127474094753202
Symbiodinium31515,0.0171583038274308
Symbiodinium31518,0.129438002534446
Symbiodinium31519,0.101598049008195
Symbiodinium31521,-0.00502914260425311
Symbiodinium31524,2.39722510699741
Symbiodinium31526,0.0650008373166347
Symbiodinium31535,0.17295019803822
Symbiodinium31536,0.0493749920399498
Symbiodinium31538,0.0332348887796353
Symbiodinium31539,0.373962064153647
Symbiodinium31540,0.266743925342536
Symbiodinium31541,-0.12336929342002
Symbiodinium31547,-0.411509828798215
Symbiodinium31548,0.128979381050376
Symbiodinium31552,-0.899339383262145
Symbiodinium31556,0.246389801388051
Symbiodinium31558,0.0944230689250384
Symbiodinium31561,0.384916446453924
Symbiodinium31563,0.0377557648705921
Symbiodinium31564,-0.0600707220289978
Symbiodinium31567,0.0485545620658744
Symbiodinium31568,0.515170115094878
Symbiodinium31572,-0.288227624042277
Symbiodinium31576,-0.378747336350569
Symbiodinium31580,-0.223160601281772
Symbiodinium31584,-0.011993147483116
Symbiodinium31586,0.136142379528605
Symbiodinium31589,0.07530130427912
Symbiodinium31594,0.398061378558239
Symbiodinium31596,0.0945655528606793
Symbiodinium31597,0.196983484604719
Symbiodinium3160,1.79802856982792
Symbiodinium31603,-1.16423908187836
Symbiodinium31605,0.122559306321012
Symbiodinium31613,0.0547487471236941
Symbiodinium31618,0.380885651556274
Symbiodinium31627,-0.287035224663109
Symbiodinium31631,-0.225224680704942
Symbiodinium31635,-0.236989916485957
Symbiodinium31636,0.264966578485728
Symbiodinium31638,0.00241462678104737
Symbiodinium31640,-0.401365528633169
Symbiodinium31644,0.35176922116821
Symbiodinium31645,0.0637602134996857
Symbiodinium31646,-0.179920025389724
Symbiodinium31649,0.0809396316924227
Symbiodinium31652,1.53176417558206
Symbiodinium31653,-0.0150424809002896
Symbiodinium31657,0.152702033389972
Symbiodinium31662,0.0651338292633124
Symbiodinium31663,0.167181229563708
Symbiodinium31665,-0.675653327410739
Symbiodinium31669,-0.0963121558464565
Symbiodinium31671,-0.107197064053151
Symbiodinium31673,-0.144531029719385
Symbiodinium31674,0.045212991335242
Symbiodinium31681,-0.0603961952932111
Symbiodinium31687,0.198524214429407
Symbiodinium31688,0.467413286508089
Symbiodinium31691,0.00996319058853076
Symbiodinium31692,-0.0901904386868411
Symbiodinium31694,-4.32079671822863
Symbiodinium31696,0.000484917973759201
Symbiodinium31699,-0.00385769162562648
Symbiodinium31701,0.347621048835829
Symbiodinium31702,0.0728567264760411
Symbiodinium31704,0.16429257392197
Symbiodinium31706,-0.0222416800971642
Symbiodinium31709,0.0518182849050172
Symbiodinium31711,-0.500368891232068
Symbiodinium31722,0.195715477955229
Symbiodinium31726,0.0422389612084182
Symbiodinium31727,-0.816364980867667
Symbiodinium31730,0.0822801259972795
Symbiodinium31732,0.496523251303527
Symbiodinium31737,0.0635527197120838
Symbiodinium31743,1.22672299858917
Symbiodinium31744,-0.0123063749851335
Symbiodinium31748,-0.0325168047644683
Symbiodinium31749,0.163092024444884
Symbiodinium31752,-0.0244858216454921
Symbiodinium31753,-0.0377557648705921
Symbiodinium31755,-0.399161707676122
Symbiodinium31756,0.585571128643524
Symbiodinium31757,0.300631831796677
Symbiodinium31765,0.371463556064993
Symbiodinium31770,-0.0550424221636684
Symbiodinium31773,0.0117528357247562
Symbiodinium31775,0.00621569419959388
Symbiodinium31776,-0.386774905805501
Symbiodinium31780,0.0726037002319226
Symbiodinium31781,0.0453501905482015
Symbiodinium31782,-0.158736165645605
Symbiodinium31786,-2.70128483536015
Symbiodinium31789,-0.167073124901873
Symbiodinium31790,0.0896393087983372
Symbiodinium31794,0.0390135009357148
Symbiodinium31798,0.238452135068305
Symbiodinium31809,0.0244858216454921
Symbiodinium31811,-0.403495672702362
Symbiodinium31812,0.35176922116821
Symbiodinium31813,-0.119489692187915
Symbiodinium31814,-0.293628644917094
Symbiodinium31815,0.0128479494937309
Symbiodinium31818,-0.0056317183941546
Symbiodinium31825,0.148148454972375
Symbiodinium31826,-0.461600710432084
Symbiodinium31830,-0.126151943044648
Symbiodinium31832,0.0230391697200389
Symbiodinium31835,-0.107510060722152
Symbiodinium31838,-0.130667519858312
Symbiodinium31846,0.0771423698014674
Symbiodinium31847,0.0609391454768931
Symbiodinium31848,-0.195747483022845
Symbiodinium31850,-0.0188626069580936
Symbiodinium31852,0.278806192322154
Symbiodinium31864,0.113655318873952
Symbiodinium31869,-0.0333604936575637
Symbiodinium31873,-0.570664686737518
Symbiodinium31874,-0.386774905805501
Symbiodinium31884,0.0371703645899313
Symbiodinium31888,-0.0198831325512566
Symbiodinium31890,0.00233427657288004
Symbiodinium31891,-0.0150424809002896
Symbiodinium31892,0.514111302184974
Symbiodinium31896,0.16482043421127
Symbiodinium31898,-0.0829453127068547
Symbiodinium31900,0.705571442103923
Symbiodinium31905,0.324157961127725
Symbiodinium31908,-0.0551159393111696
Symbiodinium31909,-0.0729619286893908
Symbiodinium31911,-0.157011755160512
Symbiodinium31912,0.795639581179236
Symbiodinium31913,-0.135551414894865
Symbiodinium31914,-0.624661057243502
Symbiodinium31915,0.294736690168973
Symbiodinium31922,-0.00594976594975105
Symbiodinium31929,0.378159163023376
Symbiodinium31935,0.423347514165164
Symbiodinium31936,-0.105191604362089
Symbiodinium31943,0.551160507178562
Symbiodinium31945,-0.24716040539169
Symbiodinium31947,0.00472851377041647
Symbiodinium31953,0.0936797913109547
Symbiodinium31954,0.0955224434854314
Symbiodinium31955,0.103195091758923
Symbiodinium31959,-0.045212991335242
Symbiodinium31964,-0.0370396001192762
Symbiodinium31969,0.109406144112985
Symbiodinium31970,0.222144814353475
Symbiodinium31971,0.265293640256156
Symbiodinium31976,0.0499416990336749
Symbiodinium31978,0.0581216614655981
Symbiodinium31981,0.00218334986426204
Symbiodinium31982,0.00555290106571056
Symbiodinium31985,-0.00622607154741043
Symbiodinium31987,-0.0318450302118285
Symbiodinium31988,0.0547487471236941
Symbiodinium31990,-0.663859912480637
Symbiodinium31995,-0.0222416800971642
Symbiodinium31996,0.0114252532367636
Symbiodinium32003,0.0455321565440686
Symbiodinium32004,-0.51763244170768
Symbiodinium32005,0.0704698088933863
Symbiodinium32013,0.0922745463537726
Symbiodinium32014,-0.10573347521476
Symbiodinium32016,0.0477724770337654
Symbiodinium32017,0.128493285724208
Symbiodinium32018,0.714976287064312
Symbiodinium32019,0.118314766089947
Symbiodinium32022,0.044308229493182
Symbiodinium32024,-0.1122882326469
Symbiodinium32028,0.133860940324922
Symbiodinium32029,0.0101044279742775
Symbiodinium32031,-0.0619662242399693
Symbiodinium32032,0.0503734490019902
Symbiodinium32034,0.059432806064039
Symbiodinium32035,-0.0936797913109547
Symbiodinium32038,0.380885651556274
Symbiodinium32041,-0.0271702561062471
Symbiodinium32042,0.386774905805501
Symbiodinium32045,0.179246070502078
Symbiodinium32051,0.0531941285708673
Symbiodinium32052,0.0258388791032568
Symbiodinium32056,-0.135386368895862
Symbiodinium32060,-0.485510828166702
Symbiodinium32063,-0.0152745536071955
Symbiodinium32070,-0.747658250263843
Symbiodinium32084,0.0942579925413464
Symbiodinium32085,-0.00621569419959388
Symbiodinium32086,-0.279206200176977
Symbiodinium32092,-0.0112618783626123
Symbiodinium32097,-0.0187326983804966
Symbiodinium32099,-1.37276091472512
Symbiodinium32102,-0.0087680189375289
Symbiodinium32103,-0.0659616675107068
Symbiodinium32110,0.177963823361639
Symbiodinium32114,0.400492057122819
Symbiodinium32115,-5.94474549314245
Symbiodinium32117,0.0109535834232846
Symbiodinium32118,-0.592002715245585
Symbiodinium32120,-0.592748615381407
Symbiodinium32122,0.0161862535925023
Symbiodinium32124,-0.380885651556274
Symbiodinium32129,-0.128506220687229
Symbiodinium32136,-0.095841422240406
Symbiodinium32139,1.42829858677607
Symbiodinium32140,0.104432596541603
Symbiodinium32141,0.279532701303992
Symbiodinium32146,-0.422634415112779
Symbiodinium32151,-0.403495672702362
Symbiodinium32154,0.428845055987588
Symbiodinium32158,0.026385248784168
Symbiodinium32159,0.141721657425499
Symbiodinium32166,-0.0486559992854874
Symbiodinium32167,0.117207784519964
Symbiodinium32171,-0.00965008730902799
Symbiodinium32174,0.143371882978136
Symbiodinium32176,0.221242016886881
Symbiodinium32178,-0.00621569419959388
Symbiodinium32179,-0.0644132107847449
Symbiodinium32181,0.0570599269488921
Symbiodinium32199,0.0335153685935404
Symbiodinium32203,0.0901904386868411
Symbiodinium32207,0.0716705095826969
Symbiodinium32208,-0.0155281979605232
Symbiodinium32209,-0.0781531917537787
Symbiodinium32216,-0.128596458754486
Symbiodinium32217,-0.0556193598540713
Symbiodinium32228,0.656935686028737
Symbiodinium32229,0.267413762187383
Symbiodinium32231,-0.169126159481941
Symbiodinium32233,0.158992219386984
Symbiodinium32234,0.00312998391371696
Symbiodinium32237,-1.4335591523197
Symbiodinium32239,-0.505301359308232
Symbiodinium32240,-0.173001489202493
Symbiodinium32241,-0.0542363045168344
Symbiodinium32243,-0.0295903366138149
Symbiodinium32246,-0.265293640256156
Symbiodinium32248,-0.312583799542189
Symbiodinium32249,0.0475051912106438
Symbiodinium32255,-0.00343909748157498
Symbiodinium32257,-0.380886973467233
Symbiodinium32258,0.225773147829181
Symbiodinium32259,0.0501276987105414
Symbiodinium32260,0.110119323256956
Symbiodinium32264,0.248657150887508
Symbiodinium32267,-0.0118485313348459
Symbiodinium32268,-0.383273763199297
Symbiodinium32269,-0.0214737928985187
Symbiodinium32272,-0.00506909984911923
Symbiodinium32273,0.0215918699571915
Symbiodinium32275,-0.134535922082848
Symbiodinium32279,0.0978744602744898
Symbiodinium32281,0.086113514737478
Symbiodinium32290,1.01536991630043
Symbiodinium32292,0.353008760778589
Symbiodinium32298,0.39072839676502
Symbiodinium32303,-0.0187900003243187
Symbiodinium32308,-0.0662844384640763
Symbiodinium32312,0.0689035396454697
Symbiodinium32314,-0.0641506134459201
Symbiodinium32328,-0.154718560950586
Symbiodinium32333,0.0172357981807872
Symbiodinium32334,0.0421424374115433
Symbiodinium32335,-0.0160884406174809
Symbiodinium32337,1.12227678496336
Symbiodinium32342,-0.0252638196359858
Symbiodinium32343,0.92162156031062
Symbiodinium32350,-0.0119479661121596
Symbiodinium32354,0.0318723247980992
Symbiodinium32356,-0.515170115094878
Symbiodinium32358,-0.367813990589426
Symbiodinium32364,-0.0303415927699022
Symbiodinium32369,0.12336929342002
Symbiodinium32370,-0.00996319058853076
Symbiodinium32371,-0.0422389612084182
Symbiodinium32374,-0.0661331503354158
Symbiodinium32377,-0.0472561541504654
Symbiodinium32384,0.591476859532584
Symbiodinium32385,-0.0550697787123277
Symbiodinium32388,-0.0159912826262148
Symbiodinium32390,0.211590438929943
Symbiodinium32393,0.0481184396209512
Symbiodinium32394,0.058962218056946
Symbiodinium32395,0.397000020092249
Symbiodinium32396,-0.386774905805501
Symbiodinium32400,0.775823781893632
Symbiodinium32401,-0.129888453676781
Symbiodinium32404,-0.355510559755671
Symbiodinium32406,0.00621569419959388
Symbiodinium32407,0.021129452373871
Symbiodinium32411,-0.0724175289451428
Symbiodinium32414,-0.164550650248009
Symbiodinium32415,-0.325533138637867
Symbiodinium32422,0.0407425205298897
Symbiodinium32424,-0.0923112522954265
Symbiodinium32425,0.0109535834232846
Symbiodinium32426,0.289026348904704
Symbiodinium32428,0.312926597580863
Symbiodinium32432,0.0986701694829632
Symbiodinium32435,-1.08835866219129
Symbiodinium32436,-0.0117528357247562
Symbiodinium32438,-0.359143823841154
Symbiodinium32443,-0.0640774437544731
Symbiodinium32444,0.0729708667795484
Symbiodinium32446,-0.09986983100061
Symbiodinium32449,-0.117663317834376
Symbiodinium32455,-0.109406144112985
Symbiodinium32458,-0.279744268537022
Symbiodinium32459,-0.0222416800971642
Symbiodinium32462,-0.00837331843013997
Symbiodinium32469,-0.0359531016325968
Symbiodinium3247,0.144276452961372
Symbiodinium32474,0.0377557648705921
Symbiodinium32479,0.00962857470302389
Symbiodinium32481,0.196471388326097
Symbiodinium32490,-0.394398489992514
Symbiodinium32493,-0.00183072521231643
Symbiodinium32494,-0.0096835513878254
Symbiodinium32497,0.059432806064039
Symbiodinium32505,-0.13516879727244
Symbiodinium32506,0.0355333716571159
Symbiodinium32515,0.611294003427516
Symbiodinium32519,-0.0355066792835287
Symbiodinium32522,-0.122929129791444
Symbiodinium32523,-0.213909679886427
Symbiodinium32528,0.157836418788281
Symbiodinium32532,-0.0163306780394547
Symbiodinium32539,0.0227664170883424
Symbiodinium32541,0.282063795755514
Symbiodinium32543,0.00502914260425311
Symbiodinium32547,0.141721657425499
Symbiodinium32550,-0.0822801259972795
Symbiodinium32551,-0.00233427657288004
Symbiodinium32552,-0.0842448525905888
Symbiodinium32553,0.0499601349760768
Symbiodinium32558,-0.108784041435646
Symbiodinium32559,0.167866359740231
Symbiodinium32561,-0.37195711136873
Symbiodinium32574,-0.00228764182705271
Symbiodinium32576,0.122559306321012
Symbiodinium32579,-0.0923112522954265
Symbiodinium32582,-0.0201692281870355
Symbiodinium32585,0.0164621876583159
Symbiodinium32586,0.183358776530114
Symbiodinium32588,-0.0637602134996857
Symbiodinium32591,-0.609796309058819
Symbiodinium32595,0.0599504955657652
Symbiodinium32601,0.503578970659309
Symbiodinium32608,-0.145436067255698
Symbiodinium32618,0.0641506134459201
Symbiodinium32621,0.0729619286893908
Symbiodinium32624,0.0495341665718887
Symbiodinium32629,-0.522328732495595
Symbiodinium32630,0.816364980867667
Symbiodinium32632,0.0846144532890461
Symbiodinium32634,-0.0318450302118285
Symbiodinium32635,-0.110119323256956
Symbiodinium32636,-0.228393623072273
Symbiodinium32663,0.0563449443507333
Symbiodinium32664,0.18726072215533
Symbiodinium32667,-0.0285774235019338
Symbiodinium32671,0.0740495810773793
Symbiodinium32672,-0.123353430307904
Symbiodinium32676,0.370038085883541
Symbiodinium32679,-0.249081050605226
Symbiodinium32682,-0.903413008876172
Symbiodinium32685,0.695814599018474
Symbiodinium32689,-0.714976287064312
Symbiodinium32692,0.322698748730735
Symbiodinium32694,0.021129452373871
Symbiodinium32696,-0.00740559470589527
Symbiodinium32698,-0.14539986310804
Symbiodinium32700,-0.148354030193307
Symbiodinium32704,-0.937945211509842
Symbiodinium32707,-0.0512454479602276
Symbiodinium32709,0.212513095657616
Symbiodinium32711,0.18526416297586
Symbiodinium32713,0.264966578485728
Symbiodinium32716,0.118875126868595
Symbiodinium32717,-0.0531597371490435
Symbiodinium32719,-0.0143999881384957
Symbiodinium32723,0.430871985882761
Symbiodinium32725,0.118114642681039
Symbiodinium32726,-0.534013425222795
Symbiodinium32727,0.0505141767120753
Symbiodinium32730,-0.227671793971184
Symbiodinium32738,0.217031482525487
Symbiodinium32741,0.179246070502078
Symbiodinium32743,-0.0701539546552445
Symbiodinium32747,-0.0320098633616389
Symbiodinium32751,0.532644598960166
Symbiodinium32754,0.420732755601532
Symbiodinium32755,0.211864528214031
Symbiodinium32756,-0.322532800103659
Symbiodinium32757,-0.0567663161337774
Symbiodinium32761,0.18566569679056
Symbiodinium32766,0.0552952240479644
Symbiodinium32767,-0.00622607154741043
Symbiodinium32773,0.0141527693391772
Symbiodinium32774,0.16401316281447
Symbiodinium32776,0.155415088160154
Symbiodinium32781,0.0976347060223088
Symbiodinium32790,-0.288187096647326
Symbiodinium32791,1.74350399150996
Symbiodinium32797,-0.0127865124906983
Symbiodinium32799,-0.23218575478963
Symbiodinium32801,0.154467488605893
Symbiodinium32807,0.179999040544385
Symbiodinium32809,0.0947170993988273
Symbiodinium32810,0.0947170993988273
Symbiodinium32811,0.0370475915537951
Symbiodinium32812,-0.0861622706720208
Symbiodinium32814,-0.151854379889237
Symbiodinium32815,-0.0422389612084182
Symbiodinium32820,-0.343142068982299
Symbiodinium32825,-0.808198107221893
Symbiodinium32826,-0.0967133556285632
Symbiodinium32828,0.163253192918466
Symbiodinium32835,1.32274628068641
Symbiodinium32841,-0.0522986179053515
Symbiodinium32859,0.09986983100061
Symbiodinium32860,-0.189853871309555
Symbiodinium32865,0.00236635795581675
Symbiodinium32869,0.0932770955718562
Symbiodinium32870,0.0444462944631318
Symbiodinium32871,0.0404370695466564
Symbiodinium32873,0.381711789165742
Symbiodinium32875,0.23403124001325
Symbiodinium32878,0.00322550064222824
Symbiodinium32881,0.0675670206912968
Symbiodinium32882,-0.00998737025841538
Symbiodinium32886,1.3925332048716
Symbiodinium32890,-0.32535280126531
Symbiodinium32892,-0.0227664170883424
Symbiodinium32893,-0.255221703561283
Symbiodinium32895,0.0493749920399498
Symbiodinium32899,0.0318450302118285
Symbiodinium32902,0.168394444220022
Symbiodinium32903,-0.504048734349555
Symbiodinium32905,-0.0892596647916024
Symbiodinium32906,-0.0296034535317369
Symbiodinium32907,-0.411487829057518
Symbiodinium32909,0.0221772235186489
Symbiodinium32911,-0.145436067255698
Symbiodinium32914,0.0113142992855207
Symbiodinium32915,0.0318723247980992
Symbiodinium32921,-0.000327961110938254
Symbiodinium32924,0.0648296612868684
Symbiodinium32925,0.168973591132951
Symbiodinium32929,0.0729708667795484
Symbiodinium32932,-0.0410183981790951
Symbiodinium32935,0.0559277992540749
Symbiodinium32941,0.0598493122437132
Symbiodinium32942,-0.00529327028789202
Symbiodinium32945,0.0507364240715872
Symbiodinium32947,-1.72687757815588
Symbiodinium32950,-0.773458630210262
Symbiodinium32956,0.154054162243867
Symbiodinium32960,-0.222392857914484
Symbiodinium32963,0.280356365734792
Symbiodinium32973,-0.597450565697139
Symbiodinium32976,-0.045212991335242
Symbiodinium32978,0.0339856956821648
Symbiodinium32979,-0.170477914914095
Symbiodinium32989,0.10573347521476
Symbiodinium32990,-0.0557929028936634
Symbiodinium32991,0.00622926542199442
Symbiodinium32997,-0.0303415927699022
Symbiodinium33000,-0.02038409419877
Symbiodinium33001,0.522390339678949
Symbiodinium33003,0.199293286776817
Symbiodinium33013,-0.0149791885591951
Symbiodinium33025,0.0466403583258269
Symbiodinium33026,-0.16104013694378
Symbiodinium33027,0.885943742947692
Symbiodinium33030,0.112327208030394
Symbiodinium33031,-0.0337691808093723
Symbiodinium33032,-0.130408738639075
Symbiodinium33038,0.35176922116821
Symbiodinium33042,0.0624825513857859
Symbiodinium33043,0.211590438929943
Symbiodinium33044,0.268928189135452
Symbiodinium33046,-0.410322617954605
Symbiodinium33047,-0.886374440674387
Symbiodinium33049,0.246389801388051
Symbiodinium33050,0.0633627045811086
Symbiodinium33051,-0.0685347338523728
Symbiodinium33055,0.000994354114131515
Symbiodinium33057,-0.0074592329900366
Symbiodinium33059,-0.0486559992854874
Symbiodinium33062,0.025142083530732
Symbiodinium33064,0.095841422240406
Symbiodinium33067,0.14513136897011
Symbiodinium33070,0.168432346019477
Symbiodinium33073,0.17295019803822
Symbiodinium33078,-0.139343204861774
Symbiodinium33080,0.111663200360743
Symbiodinium33081,0.0127620929781378
Symbiodinium33091,0.141648331780602
Symbiodinium33093,-0.173354812393983
Symbiodinium33097,0.400844413145497
Symbiodinium33099,-0.102165967405568
Symbiodinium33101,0.0107681148436984
Symbiodinium33102,-0.0771423698014674
Symbiodinium33104,-0.0375174976642541
Symbiodinium33109,-0.243337416464314
Symbiodinium33111,-0.631963285516647
Symbiodinium33117,0.69860646734804
Symbiodinium33122,-0.177249641747267
Symbiodinium33123,0.0570232870255416
Symbiodinium33127,0.0236058204238727
Symbiodinium33128,0.466932476686356
Symbiodinium33132,-0.92802855311319
Symbiodinium33136,-0.00236635795581675
Symbiodinium33137,0.526392728483795
Symbiodinium33139,-0.00322550064222824
Symbiodinium33144,0.0426816236951148
Symbiodinium33146,-0.0852864905461023
Symbiodinium33147,-0.0855602130350936
Symbiodinium33148,-0.249161518591757
Symbiodinium33149,0.475741276632615
Symbiodinium33150,-0.00233427657288004
Symbiodinium33154,-0.194341863440706
Symbiodinium33156,0.110299373334087
Symbiodinium33157,0.0147112747835468
Symbiodinium33158,-0.184334166813557
Symbiodinium33160,-0.288187096647326
Symbiodinium33165,0.0979993388560414
Symbiodinium33167,-0.0554141074702047
Symbiodinium33168,-0.048283064704888
Symbiodinium33171,-0.0457978995120007
Symbiodinium33175,0.12336929342002
Symbiodinium33176,0.0849635948055591
Symbiodinium33177,0.0764968358488548
Symbiodinium33181,-0.140360726006656
Symbiodinium33183,-0.0740495810773793
Symbiodinium33198,0.0227664170883424
Symbiodinium33199,-0.397000020092249
Symbiodinium33210,0.0293224715619729
Symbiodinium33217,-0.0302244969367465
Symbiodinium33221,0.103840625004415
Symbiodinium33227,-0.337782580135348
Symbiodinium33229,0.795639581179236
Symbiodinium33239,0.0172218149154434
Symbiodinium33241,0.183893478741428
Symbiodinium33242,0.672151447072711
Symbiodinium33245,-0.0848298375446975
Symbiodinium33249,-0.0260188594646518
Symbiodinium33252,-0.147382012680841
Symbiodinium33254,0.0751430633861423
Symbiodinium33255,-0.0294765408881997
Symbiodinium33260,0.116390602076213
Symbiodinium33264,0.064780484917311
Symbiodinium33271,-0.526102771823247
Symbiodinium33273,0.126214395872835
Symbiodinium33278,0.704162896638475
Symbiodinium33279,-0.246232235528934
Symbiodinium33285,0.210649245139768
Symbiodinium33295,0.0038594685534394
Symbiodinium33301,-0.146150553880822
Symbiodinium33302,-0.222486775378353
Symbiodinium33303,-0.209121996351489
Symbiodinium33311,0.00860714000961659
Symbiodinium33319,-0.133860940324922
Symbiodinium33324,0.256257779027286
Symbiodinium33327,0.117207784519964
Symbiodinium33330,0.00525489825098913
Symbiodinium33332,-0.544733890138539
Symbiodinium33333,0.0377557648705921
Symbiodinium33339,0.312130455438384
Symbiodinium33342,0.348595410752915
Symbiodinium33344,-0.133860940324922
Symbiodinium33345,0.291010128894995
Symbiodinium33347,-1.03358934196132
Symbiodinium33348,-0.213896468547982
Symbiodinium33349,0.354560232035926
Symbiodinium33353,0.282317977176502
Symbiodinium33357,0.0581216614655981
Symbiodinium33358,0.16482043421127
Symbiodinium33361,-0.0446339869798403
Symbiodinium33364,-0.34180744365338
Symbiodinium33368,0.0456917770932633
Symbiodinium33377,0.591635643121153
Symbiodinium33387,-0.00306523217989292
Symbiodinium33394,0.0269217688479273
Symbiodinium33397,0.0966066522319077
Symbiodinium33398,0.0572969771469601
Symbiodinium33401,-0.246389801388051
Symbiodinium33404,-1.22976660131379
Symbiodinium33407,0.094965718310012
Symbiodinium33414,0.00241462678104737
Symbiodinium33415,0.104009667441456
Symbiodinium33416,0.0393756414814066
Symbiodinium33417,0.371470803597923
Symbiodinium33422,0.360700482565061
Symbiodinium33425,0.00525489825098913
Symbiodinium33428,0.527869344707541
Symbiodinium33429,0.0477724770337654
Symbiodinium33443,-0.255426904967143
Symbiodinium33445,0.0238991778334354
Symbiodinium33453,-0.369472484612945
Symbiodinium33457,0.467794042014432
Symbiodinium33461,0.189601183477269
Symbiodinium33465,0.675653327410739
Symbiodinium33466,-0.0274333145058152
Symbiodinium33468,0.155607279025851
Symbiodinium33469,0.0675540545972216
Symbiodinium33473,-0.133138694455647
Symbiodinium33477,-0.126565945524105
Symbiodinium33480,0.340131872194935
Symbiodinium33486,0.162810533283026
Symbiodinium33489,-0.00525489825098913
Symbiodinium33491,-0.038879707142694
Symbiodinium33494,-0.0517074527032567
Symbiodinium33498,0.171995914589154
Symbiodinium33502,-0.317142123022242
Symbiodinium33503,0.784118267344762
Symbiodinium33504,0.0510367309735424
Symbiodinium33506,-0.0598493122437132
Symbiodinium33507,-0.228041190989049
Symbiodinium33508,-0.00241462678104737
Symbiodinium33511,0.0822071321294861
Symbiodinium33514,0.134535922082848
Symbiodinium3352,-0.0193407929281028
Symbiodinium33522,-0.0454057889821721
Symbiodinium33526,-0.0221772235186489
Symbiodinium33527,-0.397482608608439
Symbiodinium33531,-0.403495672702362
Symbiodinium33532,-0.00996319058853076
Symbiodinium33533,-2.37833526480037
Symbiodinium33546,-0.101940460463453
Symbiodinium33549,0.399838556831395
Symbiodinium33551,-0.00385769162562648
Symbiodinium33552,-0.0889042630394611
Symbiodinium33555,0.94900870361656
Symbiodinium33559,-0.0365788891983104
Symbiodinium33566,0.0991920317662076
Symbiodinium33567,0.101598049008195
Symbiodinium33568,0.0330364425618049
Symbiodinium33575,0.141568019697622
Symbiodinium33577,0.680490031449055
Symbiodinium33581,0.288621187155247
Symbiodinium33585,0.0119082490472907
Symbiodinium33588,-0.0269066981398761
Symbiodinium33596,0.196124642635852
Symbiodinium33597,0.265293640256156
Symbiodinium33600,-0.720509318989151
Symbiodinium33602,-0.216302717172756
Symbiodinium33604,0.0318450302118285
Symbiodinium33606,-0.0806957385501111
Symbiodinium33609,-0.189284524809434
Symbiodinium33623,0.100077057172135
Symbiodinium33624,-0.14486602663441
Symbiodinium33626,0.0258644313531925
Symbiodinium33627,-0.0685347338523728
Symbiodinium33629,-0.450871708716224
Symbiodinium33632,-0.592002715245585
Symbiodinium33634,0.121239441673583
Symbiodinium33636,-0.152021515497692
Symbiodinium33637,0.00183072521231643
Symbiodinium33638,-0.180125296802109
Symbiodinium33639,-0.0878014781730557
Symbiodinium33643,0.280572619740983
Symbiodinium33644,0.279459210320361
Symbiodinium33649,-1.01806506394674
Symbiodinium33650,0.978171822091014
Symbiodinium33651,-0.00472851377041647
Symbiodinium33652,-0.544669554210014
Symbiodinium33653,0.454054002499925
Symbiodinium33659,-0.076860064895709
Symbiodinium33661,0.0479661742791117
Symbiodinium33664,0.210159264133289
Symbiodinium33666,0.175720386458096
Symbiodinium33669,0.34180744365338
Symbiodinium33674,-0.0918495389067017
Symbiodinium33676,0.0426816236951148
Symbiodinium33680,0.0398305120544645
Symbiodinium33688,0.45726555979254
Symbiodinium33690,0.324022865762612
Symbiodinium33691,0.086113514737478
Symbiodinium33692,-0.0036557337814468
Symbiodinium33694,-0.800316050859906
Symbiodinium33697,-0.208878380193009
Symbiodinium33704,-0.310459603063043
Symbiodinium33707,0.577450544603886
Symbiodinium33708,0.324157961127725
Symbiodinium33712,0.23667989465441
Symbiodinium33718,0.0362820795834015
Symbiodinium33726,0.313766273219328
Symbiodinium33728,0.0572131939173344
Symbiodinium33729,-0.849407457463348
Symbiodinium33739,0.185825110979506
Symbiodinium33740,8.82492224847374
Symbiodinium33743,-0.430871985882761
Symbiodinium33744,-0.576590360026811
Symbiodinium33745,-0.115363869331649
Symbiodinium33748,0.0142476535117569
Symbiodinium33752,1.18306680210265
Symbiodinium33755,0.00661383573008347
Symbiodinium33763,-0.0804427934603257
Symbiodinium33764,0.0505141767120753
Symbiodinium33766,-0.667535721501642
Symbiodinium33768,-0.0701213539557134
Symbiodinium33770,-0.00996319058853076
Symbiodinium33775,-0.02717138248627
Symbiodinium33776,0.273109930970306
Symbiodinium33778,-0.0318450302118285
Symbiodinium33786,0.126847389318722
Symbiodinium33787,-0.784118267344762
Symbiodinium33788,-0.159636589008014
Symbiodinium33789,-3.16552172587485
Symbiodinium33790,0.0387290210347221
Symbiodinium33794,0.167073124901873
Symbiodinium33799,0.0603961952932111
Symbiodinium33802,0.115363869331649
Symbiodinium33804,0.137706799921172
Symbiodinium33806,-0.326408032006426
Symbiodinium33807,0.00339358780843812
Symbiodinium33809,0.249964252324191
Symbiodinium33812,-0.00621569419959388
Symbiodinium33815,-0.0123063749851335
Symbiodinium33816,0.312130455438384
Symbiodinium33817,0.0426277771342507
Symbiodinium33821,0.0892596647916024
Symbiodinium33823,0.0564107671350635
Symbiodinium33824,0.00247091183554866
Symbiodinium33830,0.0567663161337774
Symbiodinium33833,-0.291860109474787
Symbiodinium33835,-0.0431087596727946
Symbiodinium33836,-0.189601183477269
Symbiodinium33838,1.30036026380776
Symbiodinium33840,-0.0407227129084075
Symbiodinium33842,0.1583658163468
Symbiodinium33849,-0.0979093128810806
Symbiodinium33850,-0.0761809554079101
Symbiodinium33851,0.0172357981807872
Symbiodinium33861,0.0958913970686598
Symbiodinium33862,-0.101195484006238
Symbiodinium33878,0.421045017276758
Symbiodinium33881,-0.423403930577175
Symbiodinium33883,-0.351823674895444
Symbiodinium33889,0.247226552741328
Symbiodinium33890,-0.0164231140317174
Symbiodinium33892,0.154467488605893
Symbiodinium33893,0.0738532057280556
Symbiodinium33894,0.890949741915749
Symbiodinium33895,-0.0572969771469601
Symbiodinium33899,-0.0112618783626123
Symbiodinium33906,-0.515170115094878
Symbiodinium33912,0.122559306321012
Symbiodinium33913,0.17295019803822
Symbiodinium33923,0.899339383262145
Symbiodinium33927,-0.0160884406174809
Symbiodinium33928,-0.000672528545061371
Symbiodinium33930,-0.0111853312920792
Symbiodinium33931,0.0518182849050172
Symbiodinium33933,-0.0947170993988273
Symbiodinium33935,0.481767673781384
Symbiodinium33937,0.191595692831306
Symbiodinium33938,-0.0654613447079648
Symbiodinium33939,0.117697697380484
Symbiodinium33942,0.383824612197092
Symbiodinium33944,-0.230910707807181
Symbiodinium33947,0.124984941163794
Symbiodinium33950,0.124984941163794
Symbiodinium33951,-0.122559306321012
Symbiodinium33954,0.290888175531918
Symbiodinium33959,0.506468634529566
Symbiodinium33961,0.503578970659309
Symbiodinium33964,0.0878014781730557
Symbiodinium33966,-0.320352936685704
Symbiodinium33967,0.156639557495673
Symbiodinium33970,-0.0884002557302156
Symbiodinium33972,0.247139492881337
Symbiodinium33975,-0.0041325663438284
Symbiodinium33978,-0.0704698088933863
Symbiodinium33982,-0.0493749920399498
Symbiodinium33983,0.00996319058853076
Symbiodinium33985,0.127213918313005
Symbiodinium33988,0.254164938482867
Symbiodinium33989,0.025888662153523
Symbiodinium33991,0.0549011660538686
Symbiodinium33995,-0.0493749920399498
Symbiodinium33996,0.0422602692438897
Symbiodinium33998,-0.0201692281870355
Symbiodinium34001,-0.108935895711158
Symbiodinium34003,-0.52620570369582
Symbiodinium34007,0.262666772461476
Symbiodinium34008,-0.317142123022242
Symbiodinium34010,0.0124465339397861
Symbiodinium34013,1.24260453899739
Symbiodinium34016,0.0096835513878254
Symbiodinium34019,-0.675653327410739
Symbiodinium34020,-0.263696776576879
Symbiodinium34022,-0.526392728483795
Symbiodinium34024,0.0656844583909612
Symbiodinium34025,0.00228764182705271
Symbiodinium34035,-0.201499527799519
Symbiodinium34039,-0.00312770777153447
Symbiodinium34043,0.306237180473388
Symbiodinium34046,0.026385248784168
Symbiodinium34049,-0.253202789548599
Symbiodinium34051,-0.296985525642156
Symbiodinium34054,-0.438645416795737
Symbiodinium34057,-0.0577559126299018
Symbiodinium34058,0.380804925417905
Symbiodinium34059,0.175079643246055
Symbiodinium34064,-0.365448543911758
Symbiodinium34068,-0.0823939057096083
Symbiodinium34070,-0.0493749920399498
Symbiodinium34074,0.179728568417188
Symbiodinium34075,0.0111038488694997
Symbiodinium34078,0.0838047209673137
Symbiodinium34079,0.414068665405615
Symbiodinium34086,0.340131872194935
Symbiodinium34089,-0.0551159393111696
Symbiodinium34095,0.0908225457351271
Symbiodinium34096,0.00328585140476075
Symbiodinium34097,0.0284424702819942
Symbiodinium34100,0.410322617954605
Symbiodinium34101,0.00428814615208419
Symbiodinium34103,0.889392033569818
Symbiodinium34105,0.520139013718064
Symbiodinium34109,1.81715786412448
Symbiodinium34114,-0.0128479494937309
Symbiodinium34115,0.844227139098822
Symbiodinium34119,-0.066411931777088
Symbiodinium34122,0.612189662524672
Symbiodinium34126,0.286803429953591
Symbiodinium34127,0.0121296639937761
Symbiodinium34130,0.0659616675107068
Symbiodinium34131,-0.234625984383133
Symbiodinium34136,0.245344445415841
Symbiodinium34139,-0.00934576898191369
Symbiodinium34145,0.0701913235641582
Symbiodinium34146,-0.0206130725926578
Symbiodinium34148,-0.0641017266002874
Symbiodinium34154,-0.374033880706842
Symbiodinium34156,0.335287140181588
Symbiodinium34160,0.0685347338523728
Symbiodinium34164,0.0822071321294861
Symbiodinium34167,-0.171874843884251
Symbiodinium34169,-0.0158622145060065
Symbiodinium34172,-0.288893848021982
Symbiodinium34176,-0.0449357115286957
Symbiodinium34180,0.00306523217989292
Symbiodinium34181,0.00860714000961659
Symbiodinium34188,-0.0997419836202381
Symbiodinium34189,0.00740559470589527
Symbiodinium3419,3.67636021499077
Symbiodinium34191,-0.075937827747564
Symbiodinium34195,-0.133860940324922
Symbiodinium34200,-0.00998737025841538
Symbiodinium34210,0.0396042708475367
Symbiodinium34213,-0.19480337271381
Symbiodinium34220,0.942936722970877
Symbiodinium34221,0.130159793270278
Symbiodinium34222,-0.052533589538001
Symbiodinium34223,-0.0475435237089363
Symbiodinium34226,-0.156639557495673
Symbiodinium34227,-1.74350399150996
Symbiodinium34233,-0.0542901542758752
Symbiodinium34235,0.324157961127725
Symbiodinium34236,-0.0285774235019338
Symbiodinium34237,-0.00740559470589527
Symbiodinium34238,0.0161992887266663
Symbiodinium34242,-0.269660661015052
Symbiodinium34246,-0.00541068275941436
Symbiodinium34247,0.0466403583258269
Symbiodinium34254,0.0159574091796403
Symbiodinium34255,0.183463009897151
Symbiodinium34269,-0.000484917973759201
Symbiodinium34274,0.422460483985368
Symbiodinium34277,-0.00996319058853076
Symbiodinium34284,-0.506976839887976
Symbiodinium34288,0.0161862535925023
Symbiodinium34297,-0.0467801161637612
Symbiodinium34299,-0.72911485692819
Symbiodinium34304,-0.152702033389972
Symbiodinium34307,-1.14295903932402
Symbiodinium34309,0.0391925785957933
Symbiodinium34311,-0.0343180689896187
Symbiodinium34313,-0.00962857470302389
Symbiodinium34316,0.0892284809511527
Symbiodinium34323,0.19577370262736
Symbiodinium34325,0.0506571057648049
Symbiodinium34327,-2.28640515822489
Symbiodinium34332,1.52373222845447
Symbiodinium34334,0.371649216120268
Symbiodinium34340,-0.680490031449055
Symbiodinium34341,0.0945276320487296
Symbiodinium34342,-0.363101916385311
Symbiodinium34343,0.0355066792835287
Symbiodinium34347,-0.0392622635609812
Symbiodinium34349,0.0482341357287021
Symbiodinium34351,0.253202789548599
Symbiodinium34353,0.0903778515619169
Symbiodinium34365,-0.325533138637867
Symbiodinium34366,0.0945655528606793
Symbiodinium34369,-0.153218733059138
Symbiodinium34373,-0.0958913970686598
Symbiodinium34375,0.829617582160077
Symbiodinium34376,0.573279909499857
Symbiodinium34384,0.341947045902858
Symbiodinium34385,-0.00740559470589527
Symbiodinium34386,-0.0654613447079648
Symbiodinium34389,-0.0119479661121596
Symbiodinium34390,-0.00017800315072072
Symbiodinium34397,0.0069331252807402
Symbiodinium34401,0.361825913306172
Symbiodinium34403,0.0387080463781763
Symbiodinium34409,-0.30873020474893
Symbiodinium34418,0.19577370262736
Symbiodinium34422,0.253296525014889
Symbiodinium34425,0.0609391454768931
Symbiodinium34430,0.0198766769770401
Symbiodinium34431,-0.0157956586290445
Symbiodinium34434,-0.199276972402871
Symbiodinium34435,0.0783547392302426
Symbiodinium34438,-0.0685347338523728
Symbiodinium34439,1.0990066036161
Symbiodinium34440,0.0162016622472511
Symbiodinium34443,0.186124193310553
Symbiodinium34445,0.110299373334087
Symbiodinium34446,0.0674902782311846
Symbiodinium34449,-0.217229250355748
Symbiodinium34452,-0.0318723247980992
Symbiodinium34458,0.183358776530114
Symbiodinium34459,-0.0493749920399498
Symbiodinium34460,-0.0437614685877833
Symbiodinium34461,0.0193407929281028
Symbiodinium34465,0.592002715245585
Symbiodinium34466,-0.0127893874259432
Symbiodinium34470,-0.0135303648730812
Symbiodinium34471,0.132246668567024
Symbiodinium34476,0.568686228270368
Symbiodinium34477,0.394449452487174
Symbiodinium34478,-0.00233427657288004
Symbiodinium34480,-0.098065325935903
Symbiodinium34481,0.269963830691621
Symbiodinium34491,0.114780553530225
Symbiodinium34492,0.199507306751451
Symbiodinium34495,-0.223125255029621
Symbiodinium34496,0.0451731464498579
Symbiodinium34498,0.121868034981941
Symbiodinium34505,0.11261115020899
Symbiodinium34510,0.681914321892327
Symbiodinium34512,-0.114074661785046
Symbiodinium34515,-0.0238264516959846
Symbiodinium34520,-0.675653327410739
Symbiodinium34522,-2.00533895952836
Symbiodinium34527,0.0561618282382729
Symbiodinium34528,0.0781808172351649
Symbiodinium34530,0.0505141767120753
Symbiodinium34532,0.156639557495673
Symbiodinium34540,-0.0215604650367091
Symbiodinium34544,-0.0956588640860977
Symbiodinium34549,-0.0494743600319185
Symbiodinium34556,0.570664686737518
Symbiodinium34558,-0.0493749920399498
Symbiodinium34559,-0.386502939202124
Symbiodinium34562,-0.0029518275370504
Symbiodinium34568,-0.426068960115915
Symbiodinium34569,0.0318450302118285
Symbiodinium34570,0.0244858216454921
Symbiodinium34571,0.127474094753202
Symbiodinium34572,-0.0752125669489002
Symbiodinium34574,0.196983484604719
Symbiodinium34576,0.0389681914842734
Symbiodinium34578,-0.0801745943719249
Symbiodinium34579,0.268458305567395
Symbiodinium34590,-0.0152343222194478
Symbiodinium34591,0.0505141767120753
Symbiodinium34594,-0.231237050647046
Symbiodinium34596,-0.0374308067848374
Symbiodinium34598,-0.234960620753954
Symbiodinium34602,-0.0490455847515163
Symbiodinium34603,0.166558440133787
Symbiodinium34605,0.148328338118528
Symbiodinium34610,0.0421711998437502
Symbiodinium34612,0.330013964033573
Symbiodinium34618,0.0333359454945308
Symbiodinium34621,-0.369423039876217
Symbiodinium34623,-0.0167189666687227
Symbiodinium34625,0.0357766629641949
Symbiodinium34631,0.0666394266003626
Symbiodinium34633,-0.0326115208262525
Symbiodinium34638,-0.0245938272580214
Symbiodinium34640,0.0715485363668649
Symbiodinium34642,0.0633014110874845
Symbiodinium34644,0.0335153685935404
Symbiodinium34646,0.569215881772534
Symbiodinium34651,0.187959148378939
Symbiodinium34654,0.00233427657288004
Symbiodinium34660,-0.0598837849620646
Symbiodinium34662,-0.0618306395920093
Symbiodinium34665,0.440582838208496
Symbiodinium34666,0.147592425991504
Symbiodinium34667,-0.0208323027791164
Symbiodinium34672,-1.79062849055415
Symbiodinium34677,0.0864603366624488
Symbiodinium34687,0.327175912059725
Symbiodinium34690,0.00433003093873015
Symbiodinium34691,0.0850952250673542
Symbiodinium34693,-0.280572619740983
Symbiodinium34694,0.186078998060672
Symbiodinium34696,0.0146161493376806
Symbiodinium34698,0.149637679720368
Symbiodinium34699,-0.123353430307904
Symbiodinium34701,-1.88336658086541
Symbiodinium34703,0.0479661742791117
Symbiodinium34709,0.105679228736116
Symbiodinium34713,0.0303415927699022
Symbiodinium34716,-0.00891288757559414
Symbiodinium34717,-0.494266564486794
Symbiodinium34721,0.400670925928321
Symbiodinium34722,0.179014026818039
Symbiodinium34723,-0.244360709157946
Symbiodinium34734,-0.110299373334087
Symbiodinium34737,-0.0344978229868666
Symbiodinium34738,0.438311368648953
Symbiodinium34740,-0.0772594027680093
Symbiodinium34741,-0.00385769162562648
Symbiodinium34744,0.571008956482568
Symbiodinium34745,-0.106282538839233
Symbiodinium34749,-0.262632345780853
Symbiodinium34754,0.17910591168255
Symbiodinium34756,0.452003883452446
Symbiodinium34758,0.0407425205298897
Symbiodinium34763,0.134238086722523
Symbiodinium34769,-0.0559171357333545
Symbiodinium34779,0.330640715616173
Symbiodinium34783,-0.0563688585234004
Symbiodinium34787,-0.133860940324922
Symbiodinium34788,-0.0332348887796353
Symbiodinium34789,-0.00271257507726137
Symbiodinium34791,0.00622926542199442
Symbiodinium34795,-0.00225337221144066
Symbiodinium34796,-0.000360221081878565
Symbiodinium34799,-0.0571782158066503
Symbiodinium34800,0.0793069733033329
Symbiodinium34801,0.0490455847515163
Symbiodinium34803,-0.103220244313626
Symbiodinium34806,-0.113212330679755
Symbiodinium34810,-0.0815808911803393
Symbiodinium34811,-0.265293640256156
Symbiodinium34812,0.421446053967227
Symbiodinium34813,-0.225002271690418
Symbiodinium34819,0.300494425873625
Symbiodinium34826,-0.323111068196605
Symbiodinium34828,0.288820012595185
Symbiodinium34840,-0.0355333716571159
Symbiodinium34841,-0.0097050011215971
Symbiodinium34845,0.141038016074792
Symbiodinium34849,-0.0251173672701821
Symbiodinium34851,-0.187959148378939
Symbiodinium34857,1.59689014441864
Symbiodinium34858,0.0978744602744898
Symbiodinium34859,0.0648186047641307
Symbiodinium34863,0.628813007555883
Symbiodinium34870,-0.0459259823582984
Symbiodinium34873,0.230097874484897
Symbiodinium34876,0.150390003703104
Symbiodinium34878,0.129610206195444
Symbiodinium34880,-0.0592216039193236
Symbiodinium34882,-0.0567205896331758
Symbiodinium34883,1.66347886089289
Symbiodinium34886,-0.156639557495673
Symbiodinium34892,-0.318212185638125
Symbiodinium34895,0.241621839919014
Symbiodinium34896,0.0493749920399498
Symbiodinium34900,0.0945655528606793
Symbiodinium34901,0.481825018505449
Symbiodinium34903,0.164501125262001
Symbiodinium34904,-0.156785752457399
Symbiodinium34908,-0.307621334279028
Symbiodinium34911,0.0266723077554424
Symbiodinium34912,0.983940282944078
Symbiodinium34913,-5.47031303489901
Symbiodinium34916,0.747658250263843
Symbiodinium34917,-0.0103239948919001
Symbiodinium34919,0.000738229492758226
Symbiodinium34934,0.0942579925413464
Symbiodinium34938,0.0117206605912117
Symbiodinium34944,0.0981577518757101
Symbiodinium34945,0.0525911575301259
Symbiodinium34947,0.0227664170883424
Symbiodinium34952,-0.150240041712729
Symbiodinium34955,-0.0343180689896187
Symbiodinium34956,0.131216657634249
Symbiodinium34958,0.140360726006656
Symbiodinium34959,-0.428125187429309
Symbiodinium34961,0.0684639196560847
Symbiodinium34962,-0.103454241707902
Symbiodinium34965,0.108296405043942
Symbiodinium34966,0.00228764182705271
Symbiodinium34967,-0.0151617387624482
Symbiodinium34968,0.287035224663109
Symbiodinium34970,-0.10439550749774
Symbiodinium34984,-0.522390339678949
Symbiodinium34988,0.0203127982409819
Symbiodinium34991,0.555079288662357
Symbiodinium35001,-0.0685347338523728
Symbiodinium35006,-0.15182004566255
Symbiodinium35019,0.02038409419877
Symbiodinium35023,-0.0337691808093723
Symbiodinium35027,0.0202921027549929
Symbiodinium35029,0.0650829500539017
Symbiodinium35038,-0.0762699420980968
Symbiodinium35041,-0.0675401326222797
Symbiodinium35042,0.708870998152139
Symbiodinium35045,-0.189417933385957
Symbiodinium35046,0.169366765595441
Symbiodinium35047,0.660717110305045
Symbiodinium35048,0.175443369054389
Symbiodinium35052,-0.021129452373871
Symbiodinium35053,0.0777609787162319
Symbiodinium35056,0.249753550236262
Symbiodinium35060,0.0859477625251443
Symbiodinium35061,0.000484917973759201
Symbiodinium35065,0.324157961127725
Symbiodinium35069,-0.120405763989482
Symbiodinium35081,0.00740559470589527
Symbiodinium35089,1.45913638842314
Symbiodinium35090,0.0150424809002896
Symbiodinium35094,-0.0214737928985187
Symbiodinium35095,-0.138229195757208
Symbiodinium35101,-0.704162896638475
Symbiodinium35103,-0.62960818915492
Symbiodinium35105,-0.0644026613823391
Symbiodinium35106,0.086113514737478
Symbiodinium35108,-0.00846925016354461
Symbiodinium35110,-0.160640895330582
Symbiodinium35111,0.0298668468191135
Symbiodinium35113,-0.142467727108802
Symbiodinium35115,-0.0413894869207467
Symbiodinium35119,0.374171488862576
Symbiodinium35120,0.630063378012773
Symbiodinium35127,0.317169905447896
Symbiodinium35128,0.22496134980824
Symbiodinium35133,-0.855513971084643
Symbiodinium35138,0.704162896638475
Symbiodinium35139,0.14310287885463
Symbiodinium35142,0.0482495144430313
Symbiodinium35153,0.445318528545203
Symbiodinium35154,-0.469880365710266
Symbiodinium35162,-0.286280457170691
Symbiodinium35164,0.0020650050190507
Symbiodinium35165,-0.280572619740983
Symbiodinium35172,0.576590360026811
Symbiodinium35175,-0.704615661627621
Symbiodinium35177,0.118160129728722
Symbiodinium35179,0.021129452373871
Symbiodinium35180,-0.105076813328252
Symbiodinium35183,-0.0404370695466564
Symbiodinium35184,0.041966748778087
Symbiodinium35189,0.00961978744835911
Symbiodinium35190,-0.0588597603219067
Symbiodinium35191,0.324157961127725
Symbiodinium35192,-1.02326527786154
Symbiodinium35193,0.210821763372609
Symbiodinium35196,-0.0119479661121596
Symbiodinium35206,0.269660661015052
Symbiodinium35214,0.216302717172756
Symbiodinium35218,-0.18526416297586
Symbiodinium35219,-0.248389045603384
Symbiodinium35222,-0.000130512167099362
Symbiodinium35225,0.0404641246552266
Symbiodinium35229,-0.0685347338523728
Symbiodinium35235,-0.228902081161925
Symbiodinium35239,-0.387661950324969
Symbiodinium35241,0.00322550064222824
Symbiodinium35246,-0.00983907217010902
Symbiodinium35247,-0.0252345045722856
Symbiodinium35248,-0.506468634529566
Symbiodinium35262,-0.00183072521231643
Symbiodinium35263,0.111432098339111
Symbiodinium35265,-0.184172524567081
Symbiodinium35271,-0.124553898146192
Symbiodinium35275,0.232799655079605
Symbiodinium35279,0.0738532057280556
Symbiodinium35280,-0.0127893874259432
Symbiodinium35281,0.585571128643524
Symbiodinium35286,0.0205615344224538
Symbiodinium35287,0.059432806064039
Symbiodinium35289,-0.635084631302256
Symbiodinium35290,-0.00506539594998633
Symbiodinium35291,-0.55609180774895
Symbiodinium35298,-0.103743050103777
Symbiodinium35301,-0.0312655413884188
Symbiodinium35310,-0.581017412747576
Symbiodinium35312,-0.0160884406174809
Symbiodinium35314,-0.381711789165742
Symbiodinium35315,0.0345282192457314
Symbiodinium35316,0.0077136139152767
Symbiodinium35319,0.0213676666403681
Symbiodinium35320,0.0318723247980992
Symbiodinium35326,0.088613906086158
Symbiodinium35331,0.667535721501642
Symbiodinium35336,-0.311300261937286
Symbiodinium35338,-0.00156654548423385
Symbiodinium35342,0.0250585953963556
Symbiodinium35343,0.234270855251546
Symbiodinium35346,0.20677290078423
Symbiodinium35348,0.373686522464523
Symbiodinium35352,0.0130179743969905
Symbiodinium35356,0.51763244170768
Symbiodinium35368,-0.0271399186534494
Symbiodinium35371,-0.0138496484460869
Symbiodinium35374,-0.183358776530114
Symbiodinium35376,0.200925264142845
Symbiodinium35378,-0.4177334500338
Symbiodinium35379,-0.124774145869717
Symbiodinium35380,0.271598104863194
Symbiodinium35381,0.52620570369582
Symbiodinium35385,-0.0330244116392598
Symbiodinium35387,0.269660661015052
Symbiodinium35389,0.00835805011969384
Symbiodinium35390,0.119871342159477
Symbiodinium35391,-0.0537607989737432
Symbiodinium35394,0.114492648594693
Symbiodinium35403,-0.0347291361712805
Symbiodinium35412,-0.000360221081878565
Symbiodinium35416,0.0759445198400068
Symbiodinium35417,-0.215835677807519
Symbiodinium35418,-0.097323105368548
Symbiodinium35421,-0.0130357381818845
Symbiodinium35423,-0.432576413737184
Symbiodinium35432,0.24848459474913
Symbiodinium35434,-0.0449647176208366
Symbiodinium35435,0.106298620464084
Symbiodinium35439,0.0254117361983771
Symbiodinium35441,-1.02719251425874
Symbiodinium35442,0.0404641246552266
Symbiodinium35446,0.133860940324922
Symbiodinium35448,0.298868327927523
Symbiodinium35449,-0.0802804011266036
Symbiodinium35457,-0.1122882326469
Symbiodinium35460,-0.0208242174343485
Symbiodinium35468,-0.526392728483795
Symbiodinium35473,-0.0641506134459201
Symbiodinium35474,-0.00740559470589527
Symbiodinium35475,-0.129438002534446
Symbiodinium35479,0.127561694747707
Symbiodinium35481,0.191904773263572
Symbiodinium35483,0.444598448913403
Symbiodinium35494,-0.0837900570594725
Symbiodinium35495,0.427728620519779
Symbiodinium35498,0.789058366925121
Symbiodinium35501,0.380886973467233
Symbiodinium35504,-0.210239208976358
Symbiodinium35507,0.155865697382766
Symbiodinium35510,-0.27883312618404
Symbiodinium35516,0.162851598779574
Symbiodinium35517,-0.789967176672093
Symbiodinium35518,0.150715501693411
Symbiodinium35520,-0.455663003558436
Symbiodinium35523,0.013358650320887
Symbiodinium35529,-0.282063795755514
Symbiodinium35535,0.0590482981495633
Symbiodinium35536,0.211624769513181
Symbiodinium35537,1.48960970485312
Symbiodinium35543,0.0939919335059866
Symbiodinium35546,-0.0555841282844561
Symbiodinium35548,-0.0125751312230419
Symbiodinium35550,0.51764396334255
Symbiodinium35551,-0.00233427657288004
Symbiodinium35555,-0.190220122465633
Symbiodinium35557,0.200171575354886
Symbiodinium35558,0.184170686823516
Symbiodinium35559,-0.467735753316993
Symbiodinium35565,0.00322550064222824
Symbiodinium35569,0.0727777182041706
Symbiodinium35571,0.0711023991301057
Symbiodinium35573,1.38269664520085
Symbiodinium35575,0.851341993153749
Symbiodinium35585,0.0244858216454921
Symbiodinium35586,-0.198838827550105
Symbiodinium35590,0.13886993535242
Symbiodinium35595,0.00872949691085843
Symbiodinium35597,-0.263696776576879
Symbiodinium35599,0.0729708667795484
Symbiodinium35605,0.277994249959569
Symbiodinium35606,-0.0114351003930012
Symbiodinium35607,-0.0100263606751809
Symbiodinium35609,0.0577559126299018
Symbiodinium35613,-0.0152343222194478
Symbiodinium35615,-0.223880309080731
Symbiodinium35617,0.407094571476242
Symbiodinium35621,0.573279909499857
Symbiodinium35622,-0.380886973467233
Symbiodinium35625,0.151257934152876
Symbiodinium35627,-1.38461904965215
Symbiodinium35630,0.0675289829536718
Symbiodinium35632,0.169366765595441
Symbiodinium35633,0.0292337339956932
Symbiodinium35636,-0.116843348417671
Symbiodinium35643,-0.0121612030624145
Symbiodinium35651,0.0710394564518993
Symbiodinium35652,-0.034938587357987
Symbiodinium35654,0.00555290106571056
Symbiodinium35656,-0.21340039003242
Symbiodinium35657,0.00817566452346079
Symbiodinium35665,-1.09546857580177
Symbiodinium35666,0.537577029335269
Symbiodinium35668,0.0147112747835468
Symbiodinium35669,-0.101822035639119
Symbiodinium35672,-0.323111068196605
Symbiodinium35673,-0.0367337842674485
Symbiodinium35676,0.00817566452346079
Symbiodinium35677,0.179992545036497
Symbiodinium35678,-0.180800821423091
Symbiodinium35682,-0.998500141784084
Symbiodinium35685,1.4279762738242
Symbiodinium35687,0.0171854996673359
Symbiodinium35688,0.210513510213013
Symbiodinium35689,-0.101940460463453
Symbiodinium35692,0.280457002948956
Symbiodinium35693,0.137706799921172
Symbiodinium35697,-0.0143805102216578
Symbiodinium35700,0.313096963799971
Symbiodinium35703,0.398528410158553
Symbiodinium35709,-0.00328585140476075
Symbiodinium35710,-0.107143301943458
Symbiodinium35712,-0.00622926542199442
Symbiodinium35713,0.413062495062715
Symbiodinium35714,-0.273414300418696
Symbiodinium35716,-0.0294324584000407
Symbiodinium35721,0.0395602031787775
Symbiodinium35722,0.626930451610732
Symbiodinium35728,0.198295028112314
Symbiodinium35730,0.0673213458662121
Symbiodinium35731,0.190846661852022
Symbiodinium35732,-0.174387736226007
Symbiodinium35738,0.887160404582766
Symbiodinium35740,-0.0160857606369711
Symbiodinium35742,-0.190968838250586
Symbiodinium35749,0.572550381674303
Symbiodinium35752,-0.0101044279742775
Symbiodinium35761,0.110922751368678
Symbiodinium35764,-0.502440793487017
Symbiodinium35765,0.108784041435646
Symbiodinium35773,-0.1260875368613
Symbiodinium35776,0.0900002566566272
Symbiodinium35779,-0.094965718310012
Symbiodinium35785,0.0588597603219067
Symbiodinium35799,0.00472851377041647
Symbiodinium35800,-0.12336929342002
Symbiodinium35802,0.0723190367535387
Symbiodinium35808,0.941246890670069
Symbiodinium35810,-0.00817566452346079
Symbiodinium35813,-0.0381910937560427
Symbiodinium35816,-0.189601183477269
Symbiodinium35822,-0.324157961127725
Symbiodinium35823,0.0760155825161205
Symbiodinium35826,0.427089815531527
Symbiodinium35828,-0.0648186047641307
Symbiodinium35830,0.0263794357646289
Symbiodinium35831,0.0298668468191135
Symbiodinium35834,0.0309886415086594
Symbiodinium35835,-0.00183072521231643
Symbiodinium35839,0.0343180689896187
Symbiodinium35842,1.60575304897166
Symbiodinium35844,0.198736641385744
Symbiodinium35857,0.0559277992540749
Symbiodinium35866,-0.132969307957813
Symbiodinium35873,0.560555109554638
Symbiodinium35878,-0.0101044279742775
Symbiodinium35881,0.619781261836047
Symbiodinium35885,0.0541909918715536
Symbiodinium35888,0.0199449559165431
Symbiodinium35889,0.0239725906822592
Symbiodinium35892,-0.172459062933387
Symbiodinium35894,0.288621187155247
Symbiodinium35896,0.894380694496879
Symbiodinium35900,-0.142467727108802
Symbiodinium35904,-0.132964755332293
Symbiodinium35907,0.0849483926275456
Symbiodinium35909,0.123353430307904
Symbiodinium35912,-0.0309886415086594
Symbiodinium35913,-0.0787894605140894
Symbiodinium35914,0.0598462243519094
Symbiodinium35916,0.00428814615208419
Symbiodinium35919,0.300002266833285
Symbiodinium35920,-0.33444693352646
Symbiodinium35925,-0.15943066405345
Symbiodinium35932,0.0693052990629393
Symbiodinium35937,-0.178378628540605
Symbiodinium35938,0.0908691368350038
Symbiodinium35940,1.41582418675657
Symbiodinium35942,0.064780484917311
Symbiodinium35944,0.77498861643614
Symbiodinium35950,0.174573346365293
Symbiodinium35951,0.0253429614627693
Symbiodinium35958,-0.458635790783704
Symbiodinium35959,-0.157306884367136
Symbiodinium35961,-0.370095641659225
Symbiodinium35962,-0.0835896212563327
Symbiodinium35965,0.320352936685704
Symbiodinium35966,-0.0797912151161482
Symbiodinium35972,0.519857774723917
Symbiodinium35974,0.112327208030394
Symbiodinium35975,1.54892362072772
Symbiodinium35978,0.347621048835829
Symbiodinium35980,0.55609180774895
Symbiodinium35981,0.021129452373871
Symbiodinium35983,0.184821467067881
Symbiodinium35984,-0.0738532057280556
Symbiodinium35989,0.191595692831306
Symbiodinium35996,-0.0250585953963556
Symbiodinium36002,-0.129934548215189
Symbiodinium36009,0.0422389612084182
Symbiodinium36013,-0.0147112747835468
Symbiodinium36017,-0.611512586671255
Symbiodinium36019,-0.0221772235186489
Symbiodinium36021,0.0396813681204512
Symbiodinium36025,-0.000904612367675812
Symbiodinium36028,0.00983907217010902
Symbiodinium36035,0.0077136139152767
Symbiodinium36038,0.141625394643183
Symbiodinium36039,0.399838556831395
Symbiodinium36045,0.263696776576879
Symbiodinium36049,-0.0167519161307565
Symbiodinium36052,0.0869158279613295
Symbiodinium36053,0.392850286288581
Symbiodinium36057,0.0824021453926231
Symbiodinium36058,-0.065879066668745
Symbiodinium36059,0.448399658334998
Symbiodinium36060,-0.0977163798811683
Symbiodinium36071,0.228419025061362
Symbiodinium36072,-0.316804109342521
Symbiodinium36074,-0.0377557648705921
Symbiodinium36075,0.471740830117375
Symbiodinium36084,0.129893706938724
Symbiodinium36091,0.00529327028789202
Symbiodinium36092,0.105473944225697
Symbiodinium36093,0.280029050494382
Symbiodinium36096,0.0934407181023559
Symbiodinium36102,0.0398305120544645
Symbiodinium36104,-0.0448446082050725
Symbiodinium36108,-0.0170797349493068
Symbiodinium36110,-0.00183072521231643
Symbiodinium36114,0.124941086906126
Symbiodinium36116,0.438645416795737
Symbiodinium36117,-0.00271257507726137
Symbiodinium36123,0.53341018432381
Symbiodinium36124,0.167181229563708
Symbiodinium36125,-0.184170686823516
Symbiodinium36126,0.159395136320742
Symbiodinium36127,-0.099854272553658
Symbiodinium36130,0.0415707056424589
Symbiodinium36132,0.515170115094878
Symbiodinium36133,0.0785059055710491
Symbiodinium36136,0.0722890961304182
Symbiodinium36137,0.307603742863977
Symbiodinium36140,-0.0171583038274308
Symbiodinium36142,0.291307519259761
Symbiodinium36145,-0.521806415422763
Symbiodinium36152,0.0577559126299018
Symbiodinium36153,-0.570664686737518
Symbiodinium36163,0.0967969849243927
Symbiodinium36171,0.113702227788079
Symbiodinium36173,-0.121260375109293
Symbiodinium36174,-0.355748374541661
Symbiodinium36175,0.00996319058853076
Symbiodinium36193,0.648337659923081
Symbiodinium36196,0.0325168047644683
Symbiodinium36203,0.0187326983804966
Symbiodinium36205,0.0908225457351271
Symbiodinium36208,0.134329074499254
Symbiodinium36209,-0.0618306395920093
Symbiodinium36211,-0.1941125656904
Symbiodinium36216,0.230097874484897
Symbiodinium36219,-0.219448902727855
Symbiodinium36222,0.10321624453361
Symbiodinium36223,0.307603742863977
Symbiodinium36226,-0.122559306321012
Symbiodinium36232,0.243411930643249
Symbiodinium36233,-0.48078087231318
Symbiodinium36241,0.0490784430392204
Symbiodinium36243,-0.375079604185227
Symbiodinium36247,0.326408032006426
Symbiodinium36248,-0.00322550064222824
Symbiodinium36250,0.193505288157654
Symbiodinium36251,-0.0354548384994696
Symbiodinium36252,0.337782580135348
Symbiodinium36261,-0.0403559265416022
Symbiodinium36262,-0.0013857404357962
Symbiodinium36265,-0.0161862535925023
Symbiodinium36266,-0.0808180287451087
Symbiodinium36271,-1.68435022755658
Symbiodinium36274,0.419787979205661
Symbiodinium36275,0.216302717172756
Symbiodinium36278,-0.592428121560542
Symbiodinium36283,-0.0493749920399498
Symbiodinium36284,-0.288621187155247
Symbiodinium36288,0.00996319058853076
Symbiodinium36289,0.59889715182274
Symbiodinium36293,0.0298668468191135
Symbiodinium36295,0.0450582856631189
Symbiodinium36296,0.199162157928964
Symbiodinium36297,-0.0468317522253725
Symbiodinium36303,0.139137194362301
Symbiodinium36304,-0.0122940383553652
Symbiodinium36305,0.14310287885463
Symbiodinium36309,-0.191904773263572
Symbiodinium36318,-0.160233508843833
Symbiodinium36320,0.0137063709911794
Symbiodinium36321,-0.0775093488073768
Symbiodinium36322,0.039833490621088
Symbiodinium36330,0.21739530139125
Symbiodinium36336,-0.0238991778334354
Symbiodinium36337,0.110119323256956
Symbiodinium36340,0.109222762925742
Symbiodinium36345,0.118280990639163
Symbiodinium36348,0.0400284060898984
Symbiodinium36356,-0.515170115094878
Symbiodinium36359,-0.353369091735314
Symbiodinium36361,-0.0436152361938357
Symbiodinium36367,-0.0222416800971642
Symbiodinium36372,0.0359531016325968
Symbiodinium36373,-0.213909679886427
Symbiodinium36377,-0.00233427657288004
Symbiodinium36385,-0.0147112747835468
Symbiodinium36386,0.0729619286893908
Symbiodinium36388,0.683432450325792
Symbiodinium36391,-0.0318450302118285
Symbiodinium36392,-1.05879191128545
Symbiodinium36396,-0.458635790783704
Symbiodinium36407,0.108784041435646
Symbiodinium36408,-0.0250585953963556
Symbiodinium36411,-0.0135303648730812
Symbiodinium36413,-0.0978243265774207
Symbiodinium36415,-0.044238329656561
Symbiodinium36417,0.0945655528606793
Symbiodinium36423,-0.0711605557567035
Symbiodinium36424,-0.110299373334087
Symbiodinium36425,-0.466932476686356
Symbiodinium36427,0.0407227129084075
Symbiodinium36434,0.410322617954605
Symbiodinium36435,0.027920276926021
Symbiodinium36437,-0.0305219537243157
Symbiodinium36438,0.12109960099097
Symbiodinium36444,0.0547487471236941
Symbiodinium36447,-0.00306523217989292
Symbiodinium36448,0.288621187155247
Symbiodinium36449,-3.30780239919431
Symbiodinium36451,0.099854272553658
Symbiodinium36453,-0.520585791488132
Symbiodinium36457,-0.8024553212902
Symbiodinium36458,-0.112445149971646
Symbiodinium36460,-0.392470422048509
Symbiodinium36461,-0.418701383111306
Symbiodinium36463,0.290888175531918
Symbiodinium36466,-0.113245500774894
Symbiodinium36468,-0.0837900570594725
Symbiodinium36469,0.0981642846989828
Symbiodinium36470,-0.00322550064222824
Symbiodinium36473,-0.0250585953963556
Symbiodinium36474,-0.15625401210088
Symbiodinium36477,0.0704609075753958
Symbiodinium36481,0.000672528545061371
Symbiodinium36488,-0.0291562606732097
Symbiodinium36489,-0.178378628540605
Symbiodinium36492,0.0561911733194398
Symbiodinium36493,0.118707954684894
Symbiodinium36495,-0.0309886415086594
Symbiodinium36500,0.0327657576087773
Symbiodinium36503,-0.00996319058853076
Symbiodinium36506,-0.266843077250014
Symbiodinium36508,-0.204335690231963
Symbiodinium36513,-0.141534758061931
Symbiodinium36520,-0.10795831476188
Symbiodinium36522,0.352645536163395
Symbiodinium36524,0.0978028466096432
Symbiodinium36527,0.0125751312230419
Symbiodinium36531,-0.0948804714811217
Symbiodinium36534,0.00322550064222824
Symbiodinium36537,0.140198598294429
Symbiodinium36538,-0.106422941019085
Symbiodinium36540,-0.0131489247912394
Symbiodinium36544,0.092011580323534
Symbiodinium36547,0.021129452373871
Symbiodinium36550,-0.0493749920399498
Symbiodinium36552,0.212813815763236
Symbiodinium36564,-0.0546995215479467
Symbiodinium36565,0.901265274903676
Symbiodinium36567,-0.360700482565061
Symbiodinium36568,-0.234960620753954
Symbiodinium36570,-0.180876844291469
Symbiodinium36574,0.169126159481941
Symbiodinium36576,0.0251265987149315
Symbiodinium36580,0.0318723247980992
Symbiodinium36581,0.121239441673583
Symbiodinium36586,0.234625984383133
Symbiodinium36587,0.00241462678104737
Symbiodinium36589,-0.0144641318484249
Symbiodinium36594,-0.0590335837644116
Symbiodinium36595,0.0444461905768944
Symbiodinium36596,0.0673213458662121
Symbiodinium36598,-0.0303415927699022
Symbiodinium36599,0.0537560024292402
Symbiodinium36604,-0.363101916385311
Symbiodinium36613,0.223160601281772
Symbiodinium36615,0.121239441673583
Symbiodinium36617,0.613638091726067
Symbiodinium36621,-0.0802804011266036
Symbiodinium36622,-0.919853608956405
Symbiodinium36624,0.611294003427516
Symbiodinium36626,-0.00622926542199442
Symbiodinium36627,-1.72400166814422
Symbiodinium36628,-0.728312635881613
Symbiodinium36632,0.0213676666403681
Symbiodinium36633,0.00322550064222824
Symbiodinium36635,-0.189601183477269
Symbiodinium36636,1.03411946563256
Symbiodinium36639,0.317142123022242
Symbiodinium36640,-0.00555290106571056
Symbiodinium36644,0.562733813961205
Symbiodinium36646,0.181971664671129
Symbiodinium36647,-0.128055278266457
Symbiodinium36648,0.30086825926123
Symbiodinium36653,0.00241462678104737
Symbiodinium36654,-0.00475328472992135
Symbiodinium36656,0.685835957803411
Symbiodinium36657,-0.239063061465836
Symbiodinium36661,0.0742828641341836
Symbiodinium36662,0.0140690363431869
Symbiodinium36663,-0.446537014227669
Symbiodinium36674,0.112038563538281
Symbiodinium36675,0.00621569419959388
Symbiodinium36677,0.690236001457625
Symbiodinium36680,-0.118875126868595
Symbiodinium36681,0.0077136139152767
Symbiodinium36682,0.210465054896112
Symbiodinium36685,0.990419530673685
Symbiodinium36688,-0.0945655528606793
Symbiodinium36693,-0.0219155631750498
Symbiodinium36696,-0.0123063749851335
Symbiodinium36697,-0.125171578977476
Symbiodinium36698,0.0137988443469696
Symbiodinium36708,-0.0718729911765423
Symbiodinium36713,-0.0742828641341836
Symbiodinium36715,0.268193102559993
Symbiodinium36716,-0.0505141767120753
Symbiodinium36721,0.0444462944631318
Symbiodinium36722,0.283817269034491
Symbiodinium36723,0.0449647176208366
Symbiodinium36728,-0.0264289932225762
Symbiodinium36730,0.134691909930679
Symbiodinium36732,-0.0337691808093723
Symbiodinium36735,-0.00996319058853076
Symbiodinium36740,-0.0069331252807402
Symbiodinium36743,1.79062849055415
Symbiodinium36745,-0.0137988443469696
Symbiodinium36748,0.0722890961304182
Symbiodinium36749,0.065879066668745
Symbiodinium36750,0.223160601281772
Symbiodinium36752,0.137480132770066
Symbiodinium36755,-0.0202153287535928
Symbiodinium36757,0.237124844885338
Symbiodinium36758,0.0455321565440686
Symbiodinium36759,-0.0561101443019091
Symbiodinium36760,0.0122940383553652
Symbiodinium36761,-0.13886993535242
Symbiodinium36762,0.0318450302118285
Symbiodinium36763,0.0243877189891568
Symbiodinium36770,-0.234960620753954
Symbiodinium36779,0.138353859325902
Symbiodinium36782,0.177339682807692
Symbiodinium36783,0.37802260102646
Symbiodinium36788,0.200171575354886
Symbiodinium36794,0.265431620598476
Symbiodinium36795,-0.122559306321012
Symbiodinium36796,1.02764601615016
Symbiodinium36797,-0.0205615344224538
Symbiodinium36798,-0.308012850479122
Symbiodinium36802,-0.0295473361098949
Symbiodinium36803,-0.0713970990427761
Symbiodinium36805,-0.0426203910465472
Symbiodinium36808,-0.0318450302118285
Symbiodinium36809,0.141953403540355
Symbiodinium36810,0.0101044279742775
Symbiodinium36812,0.675653327410739
Symbiodinium36813,-0.0567663161337774
Symbiodinium36821,0.0320694077089563
Symbiodinium36823,-0.397000020092249
Symbiodinium36826,-0.195595321635455
Symbiodinium36839,0.00835805011969384
Symbiodinium36842,0.734962734202706
Symbiodinium36845,-0.0469539623292746
Symbiodinium36847,-0.0635527197120838
Symbiodinium36849,0.110038448329842
Symbiodinium36850,0.30096331510248
Symbiodinium36853,0.12143901664426
Symbiodinium36854,0.71015439686107
Symbiodinium36855,0.0968667400942713
Symbiodinium36859,0.38162624876008
Symbiodinium36869,0.112327208030394
Symbiodinium36872,-0.00322550064222824
Symbiodinium36874,1.55112422968325
Symbiodinium36875,0.101598049008195
Symbiodinium36879,0.0202153287535928
Symbiodinium36880,-0.000130512167099362
Symbiodinium36881,-0.123218867145356
Symbiodinium36883,0.0147112747835468
Symbiodinium36886,-0.0681818077884808
Symbiodinium36887,0.507437706930792
Symbiodinium36890,-0.0978028466096432
Symbiodinium36891,0.0318723247980992
Symbiodinium36894,0.288893848021982
Symbiodinium36899,-0.0244280764727474
Symbiodinium36906,-0.0274705308510813
Symbiodinium36911,-0.00502914260425311
Symbiodinium36912,-0.130667519858312
Symbiodinium36919,-0.0437711527226592
Symbiodinium36921,0.0829548092681457
Symbiodinium36927,0.00419361900824586
Symbiodinium36933,-0.0674442990825978
Symbiodinium36940,0.431349201744627
Symbiodinium36941,1.77473628431005
Symbiodinium36946,-0.431349201744627
Symbiodinium36947,0.263696776576879
Symbiodinium36948,-0.0475147562376705
Symbiodinium36953,0.486443036657409
Symbiodinium36955,0.225216915046885
Symbiodinium36956,-0.185317250666103
Symbiodinium36962,0.319982553108865
Symbiodinium36964,-0.0354996633795113
Symbiodinium36967,-0.0777971177259643
Symbiodinium36968,-0.122604059778918
Symbiodinium36980,0.0367337842674485
Symbiodinium36984,-0.0178737267835878
Symbiodinium36985,0.0814334065209573
Symbiodinium36986,0.0517084212796121
Symbiodinium36987,0.0600156078618905
Symbiodinium36989,-0.00322550064222824
Symbiodinium36990,-0.00901829903554805
Symbiodinium36992,0.00322550064222824
Symbiodinium36994,-0.0103239948919001
Symbiodinium36995,-0.137706799921172
Symbiodinium37002,-0.110922751368678
Symbiodinium37005,0.0489697429279334
Symbiodinium37006,-0.213920011971808
Symbiodinium37011,0.325533138637867
Symbiodinium37013,0.000360221081878565
Symbiodinium37016,-0.0128479494937309
Symbiodinium37018,0.00643217765668977
Symbiodinium37019,0.153407214220479
Symbiodinium37020,0.0199449559165431
Symbiodinium37021,0.138588287171267
Symbiodinium37023,0.0201692281870355
Symbiodinium37024,-0.0486559992854874
Symbiodinium37026,-0.00996319058853076
Symbiodinium37033,0.0843080196779653
Symbiodinium37037,-0.0161992887266663
Symbiodinium37041,-0.0517305706623189
Symbiodinium37042,0.261821504426319
Symbiodinium37044,0.00740559470589527
Symbiodinium37045,0.0654613447079648
Symbiodinium37047,0.00324438148907187
Symbiodinium37048,0.174387736226007
Symbiodinium37050,0.0718781366821564
Symbiodinium37059,-0.0251265987149315
Symbiodinium37060,0.204335690231963
Symbiodinium37063,0.373962064153647
Symbiodinium37067,-0.209580893737343
Symbiodinium37071,0.407094571476242
Symbiodinium37072,0.00624781056047606
Symbiodinium37077,0.0837900570594725
Symbiodinium37079,-0.00722674156605299
Symbiodinium37083,0.370038085883541
Symbiodinium37085,-0.049423213147866
Symbiodinium37087,0.0475599331225344
Symbiodinium37089,0.102183069003549
Symbiodinium37090,0.0843795174882243
Symbiodinium37091,0.236989916485957
Symbiodinium37092,0.13211588097207
Symbiodinium37093,0.127474094753202
Symbiodinium37094,0.000130512167099362
Symbiodinium37103,-0.0359531016325968
Symbiodinium37104,-0.0534163258860496
Symbiodinium37106,0.466932476686356
Symbiodinium37108,-0.00335696490226385
Symbiodinium37111,-0.128055278266457
Symbiodinium37115,0.021129452373871
Symbiodinium37116,0.0592756084822358
Symbiodinium37122,0.00328585140476075
Symbiodinium37124,0.0375174976642541
Symbiodinium37125,-0.576590360026811
Symbiodinium37126,0.114470119348911
Symbiodinium37132,0.0600663051941203
Symbiodinium37135,-0.969553591350943
Symbiodinium37136,0.0547487471236941
Symbiodinium37138,0.0501276987105414
Symbiodinium37143,0.109231728416694
Symbiodinium37145,-0.141625394643183
Symbiodinium37149,0.000145100770246032
Symbiodinium37155,-0.186533771146717
Symbiodinium37161,0.0285225120515313
Symbiodinium37164,-0.00962857470302389
Symbiodinium37166,0.113669636912339
Symbiodinium37172,-0.204705640112382
Symbiodinium37176,-0.0916216406778412
Symbiodinium37177,-0.191595692831306
Symbiodinium37178,0.554617178670482
Symbiodinium37179,0.10573347521476
Symbiodinium37185,-0.0421711998437502
Symbiodinium3719,-0.822350907456188
Symbiodinium37190,0.0541726435069145
Symbiodinium37192,-0.165527470791426
Symbiodinium37196,0.260000973545969
Symbiodinium37198,0.186798025483415
Symbiodinium37200,0.163068524059199
Symbiodinium37204,0.00183072521231643
Symbiodinium37205,0.163714481469673
Symbiodinium37210,0.190220122465633
Symbiodinium37212,-0.112111444663362
Symbiodinium37216,0.0243203142255014
Symbiodinium37217,0.0669517901220365
Symbiodinium37226,0.138353859325902
Symbiodinium37229,0.13825006626611
Symbiodinium37235,0.00996319058853076
Symbiodinium37236,-0.0443009942359421
Symbiodinium37238,0.136047155073222
Symbiodinium37240,-0.000360221081878565
Symbiodinium37242,-0.0114580344621899
Symbiodinium37246,0.111432098339111
Symbiodinium37248,-0.00835805011969384
Symbiodinium37251,0.210821763372609
Symbiodinium37253,-0.0126226317898557
Symbiodinium37255,-0.0404370695466564
Symbiodinium37256,-0.431349201744627
Symbiodinium37258,0.520585791488132
Symbiodinium37267,-0.0453473604664328
Symbiodinium37269,0.0271587135232064
Symbiodinium37272,-0.151927028615835
Symbiodinium37274,-0.77498861643614
Symbiodinium37276,0.155559626594835
Symbiodinium37281,-0.91843717427761
Symbiodinium37282,0.022489938159761
Symbiodinium37283,0.0567663161337774
Symbiodinium37285,0.0505141767120753
Symbiodinium37291,0.162094287969793
Symbiodinium37293,-0.266743925342536
Symbiodinium37297,0.484802300568272
Symbiodinium37299,0.668694578041139
Symbiodinium37301,-0.0140329406037709
Symbiodinium37304,-0.00228764182705271
Symbiodinium37308,0.0750654614836422
Symbiodinium37309,0.354817257046955
Symbiodinium37311,0.0298668468191135
Symbiodinium37316,0.626375573863666
Symbiodinium37322,0.101822035639119
Symbiodinium37324,0.301899290005952
Symbiodinium37325,0.0128673783688989
Symbiodinium37331,-0.153280048974511
Symbiodinium37344,-0.263696776576879
Symbiodinium37350,-0.483774285833998
Symbiodinium37351,0.0635005524995178
Symbiodinium37353,0.0723190367535387
Symbiodinium37356,0.105679228736116
Symbiodinium37357,-0.720140430994575
Symbiodinium37362,0.0587831517594103
Symbiodinium37364,0.380921081240383
Symbiodinium37370,-0.674142620509536
Symbiodinium37371,0.243411930643249
Symbiodinium37373,-0.426458822959832
Symbiodinium37376,-0.0219155631750498
Symbiodinium37377,0.159149331183357
Symbiodinium37379,0.509231321263318
Symbiodinium37381,-0.0318723247980992
Symbiodinium37387,-0.127474094753202
Symbiodinium37393,0.415067042392599
Symbiodinium37394,0.0650008373166347
Symbiodinium37400,0.13557211979982
Symbiodinium37403,0.0142476535117569
Symbiodinium37404,-0.515170115094878
Symbiodinium37407,0.081761430364194
Symbiodinium37410,-0.0641017266002874
Symbiodinium37414,-0.0221772235186489
Symbiodinium37416,-0.205836872323982
Symbiodinium37418,-0.347621048835829
Symbiodinium37425,0.0166216595522664
Symbiodinium37426,0.200859575484861
Symbiodinium37428,-0.704162896638475
Symbiodinium37430,-0.87336455667404
Symbiodinium37435,-0.0378590604059943
Symbiodinium37438,0.445265708579228
Symbiodinium37440,-0.0530596346253349
Symbiodinium37441,-0.27717147769602
Symbiodinium37443,0.100912111334144
Symbiodinium37444,0.267688257887746
Symbiodinium37450,0.714910646556727
Symbiodinium37453,0.103220244313626
Symbiodinium37454,-0.121691261861546
Symbiodinium37455,0.147439863565511
Symbiodinium37461,0.0187900003243187
Symbiodinium37465,0.0453058952425128
Symbiodinium37469,0.563172205708967
Symbiodinium37471,-0.0638746127034194
Symbiodinium37472,0.00247091183554866
Symbiodinium37473,-0.180334302641701
Symbiodinium37475,-0.438645416795737
Symbiodinium37480,-0.0916216406778412
Symbiodinium37481,0.311489789852815
Symbiodinium37482,0.223421748592622
Symbiodinium37487,-0.100278136533349
Symbiodinium37488,0.0404370695466564
Symbiodinium37489,-0.521806415422763
Symbiodinium37490,-0.897609041170232
Symbiodinium37491,0.187959148378939
Symbiodinium37492,-0.0680943432136303
Symbiodinium37495,-0.17317038946595
Symbiodinium37498,-0.167181229563708
Symbiodinium37500,-1.92770682326809
Symbiodinium37504,-0.148328338118528
Symbiodinium37505,1.44051426045349
Symbiodinium37513,0.400844413145497
Symbiodinium37515,-0.0196692407686774
Symbiodinium37517,0.201499527799519
Symbiodinium37521,0.491411805880987
Symbiodinium37523,-0.0234270610834285
Symbiodinium37528,-0.393251129837286
Symbiodinium37535,0.00322550064222824
Symbiodinium37536,0.233290020811698
Symbiodinium37537,-0.276946278239873
Symbiodinium37538,0.00837668233525652
Symbiodinium37541,0.0444461905768944
Symbiodinium37549,-0.0978744602744898
Symbiodinium37550,0.708870998152139
Symbiodinium37551,-0.309620632944609
Symbiodinium37552,0.569682584938321
Symbiodinium37554,-0.478948224345589
Symbiodinium37556,0.0808438242234538
Symbiodinium37557,-0.253001916742776
Symbiodinium37561,0.0976908087958806
Symbiodinium37565,0.345102297564777
Symbiodinium37569,0.418579569852249
Symbiodinium37573,0.0560434228369268
Symbiodinium37578,0.378159163023376
Symbiodinium37579,0.0711023991301057
Symbiodinium37588,0.0213676666403681
Symbiodinium37597,-0.0213676666403681
Symbiodinium37599,-0.151927028615835
Symbiodinium37600,-0.202329183656199
Symbiodinium37607,0.0673213458662121
Symbiodinium37609,0.221229155088515
Symbiodinium37615,-0.280572619740983
Symbiodinium37621,0.1252066409872
Symbiodinium37622,0.431580410776764
Symbiodinium37625,0.123540459948287
Symbiodinium37627,-0.00685790115949544
Symbiodinium37629,0.210821763372609
Symbiodinium37630,-0.0978744602744898
Symbiodinium37633,0.286803429953591
Symbiodinium37642,-0.502619657418051
Symbiodinium37647,-0.075937827747564
Symbiodinium37648,0.0492688127950304
Symbiodinium37651,-0.101103238565443
Symbiodinium37655,-0.117727412490649
Symbiodinium37656,0.239063061465836
Symbiodinium37660,0.324157961127725
Symbiodinium37663,0.10573347521476
Symbiodinium37665,-0.16401316281447
Symbiodinium37667,0.0318723247980992
Symbiodinium37669,0.0824021453926231
Symbiodinium37673,-0.215246845897592
Symbiodinium37678,-0.255529030853353
Symbiodinium3768,-0.953179911682752
Symbiodinium37680,-0.0375174976642541
Symbiodinium37681,-0.0147112747835468
Symbiodinium37687,-0.486485601003065
Symbiodinium37690,-0.195715477955229
Symbiodinium37691,-0.00322550064222824
Symbiodinium37693,0.430871985882761
Symbiodinium37699,0.137480132770066
Symbiodinium37700,0.203050058175037
Symbiodinium37701,0.0262337342231463
Symbiodinium37702,0.00512242882543378
Symbiodinium37703,-0.0219155631750498
Symbiodinium37704,0.159280691479209
Symbiodinium37713,-0.097231155527087
Symbiodinium37718,0.531059796432521
Symbiodinium37721,-0.132246668567024
Symbiodinium37723,0.253202789548599
Symbiodinium37725,0.0300105210890997
Symbiodinium37726,0.135772279201366
Symbiodinium37729,0.681914321892327
Symbiodinium37732,0.0708244510132322
Symbiodinium37736,0.592185941464299
Symbiodinium37738,0.0769763599370257
Symbiodinium37740,-0.445318528545203
Symbiodinium37742,-0.105679228736116
Symbiodinium37747,-0.515170115094878
Symbiodinium37749,0.141721657425499
Symbiodinium37750,0.262407908958748
Symbiodinium37751,0.00419361900824586
Symbiodinium37758,0.0114580344621899
Symbiodinium37766,-0.00665365165573008
Symbiodinium37774,0.115868585816479
Symbiodinium37778,0.0441162346521162
Symbiodinium37783,0.0921513848983609
Symbiodinium37784,0.00414087836682579
Symbiodinium37785,0.182940098671657
Symbiodinium37790,0.102233791875231
Symbiodinium37791,0.230201753605583
Symbiodinium37796,-0.316627482000309
Symbiodinium37801,-0.021129452373871
Symbiodinium37807,-0.0532879112080204
Symbiodinium37808,0.0518983233510108
Symbiodinium37812,-0.0404370695466564
Symbiodinium37813,0.156639557495673
Symbiodinium37814,-0.0370546965474299
Symbiodinium37815,0.265431620598476
Symbiodinium37829,0.450140222644091
Symbiodinium37830,0.199210224123028
Symbiodinium37832,-0.00506909984911923
Symbiodinium37834,-0.18566569679056
Symbiodinium37844,-0.370377990878391
Symbiodinium37847,-0.00472851377041647
Symbiodinium37849,-0.0552377358154689
Symbiodinium37855,0.183358776530114
Symbiodinium37861,-0.0530596346253349
Symbiodinium37866,1.27431763967908
Symbiodinium37867,-0.263696776576879
Symbiodinium37872,-1.0465404548203
Symbiodinium37874,-0.201332427819534
Symbiodinium37875,-0.373962064153647
Symbiodinium37877,0.194039025393724
Symbiodinium37885,-0.355442795471078
Symbiodinium37889,-0.0121296639937761
Symbiodinium37895,-0.00475328472992135
Symbiodinium37896,0.320352936685704
Symbiodinium37897,-0.192185591793232
Symbiodinium37902,-0.00711930943242685
Symbiodinium37906,-0.0716515488815031
Symbiodinium37911,0.444598448913403
Symbiodinium37914,-0.327178559742787
Symbiodinium37915,0.0449647176208366
Symbiodinium37918,-0.400844413145497
Symbiodinium37922,0.159066780371943
Symbiodinium37924,-0.353349018446515
Symbiodinium37927,1.06967205591703
Symbiodinium37929,-0.0253145580311627
Symbiodinium37930,-0.133860940324922
Symbiodinium37932,0.0222984397704367
Symbiodinium37938,-0.122929129791444
Symbiodinium37943,0.400683496002774
Symbiodinium37945,0.713398755478654
Symbiodinium37950,0.133860940324922
Symbiodinium37956,-0.0422389612084182
Symbiodinium37958,-0.207861363543562
Symbiodinium37959,2.36625115276937
Symbiodinium37961,0.43601848544373
Symbiodinium37962,0.368275560928597
Symbiodinium37965,-0.0530596346253349
Symbiodinium37972,0.0447211513321745
Symbiodinium37974,0.390444126289915
Symbiodinium37975,0.00740559470589527
Symbiodinium37983,0.171026812454595
Symbiodinium37985,0.0711605557567035
Symbiodinium37987,0.0689171355598215
Symbiodinium37988,0.00233427657288004
Symbiodinium37991,0.0983302139610468
Symbiodinium37992,0.243819271204014
Symbiodinium37993,-0.00831354780150383
Symbiodinium37999,0.00360156115007477
Symbiodinium38002,0.102233791875231
Symbiodinium38004,-0.179920025389724
Symbiodinium38006,0.0096835513878254
Symbiodinium38008,-1.02764601615016
Symbiodinium38016,0.244354923379451
Symbiodinium38018,0.268826270526131
Symbiodinium38027,-0.084677099658655
Symbiodinium38028,-0.0759445198400068
Symbiodinium38029,0.189044277396476
Symbiodinium38030,-0.343540502147059
Symbiodinium38031,-0.12213304915357
Symbiodinium38036,0.120302001482448
Symbiodinium38038,-0.0688842012211798
Symbiodinium38045,-0.0389743669990521
Symbiodinium38048,0.171428997336667
Symbiodinium38051,-0.0320694077089563
Symbiodinium38054,0.726446718339826
Symbiodinium38064,0.418579569852249
Symbiodinium38065,0.0644026613823391
Symbiodinium38067,0.17476194180665
Symbiodinium38068,0.0237727937266773
Symbiodinium38069,-0.0443112621886225
Symbiodinium38070,-0.373411223118428
Symbiodinium38071,1.58731634668728
Symbiodinium38076,0.318885377147709
Symbiodinium38078,0.728312635881613
Symbiodinium38081,0.461600710432084
Symbiodinium38082,0.560555109554638
Symbiodinium38083,0.201499527799519
Symbiodinium38084,0.0647275168964077
Symbiodinium38086,-0.199162157928964
Symbiodinium38087,-0.409159406759997
Symbiodinium38088,0.51764396334255
Symbiodinium38089,-0.142443202894104
Symbiodinium38093,-0.177074166179865
Symbiodinium38101,-0.0407425205298897
Symbiodinium38103,-0.0547487471236941
Symbiodinium38106,1.5802549611967
Symbiodinium38108,-0.271598104863194
Symbiodinium38110,1.6307622438676
Symbiodinium38111,0.111432098339111
Symbiodinium38113,-0.136255310314328
Symbiodinium38116,0.337782580135348
Symbiodinium38119,-0.0932770955718562
Symbiodinium38121,-0.0559766839888695
Symbiodinium38122,-0.334244010396388
Symbiodinium38135,-0.118575856103866
Symbiodinium38142,-0.0273191602263976
Symbiodinium38143,-0.228902081161925
Symbiodinium38145,0.267413762187383
Symbiodinium38146,0.188364124352335
Symbiodinium38152,0.109267478006133
Symbiodinium38153,0.0238264516959846
Symbiodinium38158,-0.0505141767120753
Symbiodinium38167,-0.315068143518935
Symbiodinium38172,-0.00233427657288004
Symbiodinium38173,-0.0601246010158838
Symbiodinium38178,-0.254164938482867
Symbiodinium38179,0.0901055867181739
Symbiodinium38182,0.0272558322835979
Symbiodinium38183,0.418701383111306
Symbiodinium38192,-0.288893848021982
Symbiodinium38193,-0.0332348887796353
Symbiodinium38195,-0.0127865124906983
Symbiodinium38196,0.0947170993988273
Symbiodinium38205,-0.0367113386115471
Symbiodinium38207,-0.021129452373871
Symbiodinium38209,-0.158306900121704
Symbiodinium38212,0.58098790347912
Symbiodinium38222,-0.0117206605912117
Symbiodinium38223,0.0222416800971642
Symbiodinium38225,-0.120405763989482
Symbiodinium38227,0.223160601281772
Symbiodinium38229,0.19250003245111
Symbiodinium38230,-0.141625394643183
Symbiodinium38239,0.116843348417671
Symbiodinium38240,0.21213728331636
Symbiodinium38244,-1.30840155383133
Symbiodinium38247,0.412539942410365
Symbiodinium38256,0.0666394266003626
Symbiodinium38257,0.0161862535925023
Symbiodinium38258,-0.275829038362651
Symbiodinium38264,0.144601015497602
Symbiodinium38266,-0.288621187155247
Symbiodinium38271,0.108784041435646
Symbiodinium38272,0.859380438623715
Symbiodinium38274,-0.117748372202062
Symbiodinium38279,0.246883292647945
Symbiodinium38282,-0.370038085883541
Symbiodinium38283,0.0595301570885369
Symbiodinium38287,0.414253946718828
Symbiodinium38288,0.0398646040174547
Symbiodinium38289,-0.266843077250014
Symbiodinium38292,0.288187096647326
Symbiodinium38295,-0.0979903244129687
Symbiodinium38296,0.228902081161925
Symbiodinium38297,0.0815808911803393
Symbiodinium38298,0.145003244569049
Symbiodinium383,0.827766406377565
Symbiodinium38300,-0.00475328472992135
Symbiodinium38307,-0.498860219387473
Symbiodinium38310,-0.113642308810284
Symbiodinium38311,-0.0410517050445844
Symbiodinium38314,0.192375404583843
Symbiodinium38318,0.191783053697501
Symbiodinium38322,0.0541068265317596
Symbiodinium38323,0.37802260102646
Symbiodinium38325,0.0592187840330072
Symbiodinium38328,0.152702033389972
Symbiodinium38334,0.404394419141865
Symbiodinium38335,-0.00973289420680023
Symbiodinium38336,0.0978744602744898
Symbiodinium38339,0.000904612367675812
Symbiodinium38347,0.257408608750781
Symbiodinium38351,0.144392569750931
Symbiodinium38353,-0.0187326983804966
Symbiodinium38356,-0.0244858216454921
Symbiodinium38365,-0.00017800315072072
Symbiodinium38366,0.118114642681039
Symbiodinium38374,0.321048176754753
Symbiodinium38378,-0.179014026818039
Symbiodinium38379,-0.0116458889749299
Symbiodinium38380,0.0551159393111696
Symbiodinium38386,-0.371470803597923
Symbiodinium38387,-0.00322550064222824
Symbiodinium38390,-2.51085843494252
Symbiodinium38394,-0.26472834805947
Symbiodinium38395,-0.00233427657288004
Symbiodinium38396,0.151927028615835
Symbiodinium38400,0.360214680076983
Symbiodinium38401,0.189601183477269
Symbiodinium38404,-0.0318723247980992
Symbiodinium38407,-0.00678861760098782
Symbiodinium38408,-0.444598448913403
Symbiodinium38411,0.329617062032328
Symbiodinium38415,0.164501125262001
Symbiodinium38418,0.0215152505439995
Symbiodinium38419,0.0444461905768944
Symbiodinium38427,-0.410322617954605
Symbiodinium38428,0.349864772405164
Symbiodinium38429,0.105630667031442
Symbiodinium38431,-0.152021515497692
Symbiodinium38434,-0.137151390998955
Symbiodinium38435,-0.141625394643183
Symbiodinium38436,-0.147513487345852
Symbiodinium38437,-0.0944230689250384
Symbiodinium38438,-0.728312635881613
Symbiodinium38443,-0.0945276320487296
Symbiodinium38446,0.674916097174542
Symbiodinium38448,-0.429076716961206
Symbiodinium38451,-0.163092024444884
Symbiodinium38464,-0.186552044616342
Symbiodinium38468,0.445125608583742
Symbiodinium38471,0.313262518122931
Symbiodinium38472,0.191243297860934
Symbiodinium38473,0.0655985593235054
Symbiodinium38479,0.155911079143222
Symbiodinium38484,0.275283014972028
Symbiodinium38485,-0.971889285134525
Symbiodinium38487,0.0780387394288085
Symbiodinium38489,0.0370546965474299
Symbiodinium38491,0.145436067255698
Symbiodinium38493,0.116843348417671
Symbiodinium38494,0.0240333746122145
Symbiodinium38495,0.261699664415049
Symbiodinium38498,0.0530596346253349
Symbiodinium38499,-0.0495068738601987
Symbiodinium38501,-0.0358742312671123
Symbiodinium38502,-0.156682751232352
Symbiodinium38507,-0.454054002499925
Symbiodinium38512,0.511424943452667
Symbiodinium38513,0.628975973190717
Symbiodinium38520,0.0548372878135748
Symbiodinium38526,0.307004783524849
Symbiodinium38527,-0.0567663161337774
Symbiodinium38529,-0.26472834805947
Symbiodinium38533,-0.143452902852542
Symbiodinium38534,-0.0648186047641307
Symbiodinium38536,0.152702033389972
Symbiodinium38537,0.230097874484897
Symbiodinium38538,0.705465549476746
Symbiodinium38539,0.0404370695466564
Symbiodinium38540,-0.529976361190512
Symbiodinium38541,-0.227868348287669
Symbiodinium38548,0.0908431013139933
Symbiodinium38556,-0.0167899021080192
Symbiodinium38558,-0.113702227788079
Symbiodinium38560,0.194391327535403
Symbiodinium38564,-0.0247719547485242
Symbiodinium38567,-0.0147112747835468
Symbiodinium38569,-0.0240373913995982
Symbiodinium38573,0.358451560872337
Symbiodinium38579,-0.158992219386984
Symbiodinium38581,0.359549888550455
Symbiodinium38583,-0.174453700548893
Symbiodinium38586,0.237103397391599
Symbiodinium38588,0.0716705095826969
Symbiodinium38589,0.00901829903554805
Symbiodinium38590,-0.629971160895181
Symbiodinium38594,0.00502914260425311
Symbiodinium38596,-0.0811769487393399
Symbiodinium38597,-0.105129267199198
Symbiodinium38600,0.562860481128919
Symbiodinium38602,-0.0294637896128107
Symbiodinium38604,0.127474094753202
Symbiodinium38610,0.0922745463537726
Symbiodinium38618,-0.00241462678104737
Symbiodinium38626,0.702799231609438
Symbiodinium38632,0.223160601281772
Symbiodinium38633,0.179920025389724
Symbiodinium38635,0.0197143740738975
Symbiodinium38636,-0.346571286115829
Symbiodinium38642,-0.224456944843377
Symbiodinium38645,0.0875353743195887
Symbiodinium38646,-0.00472851377041647
Symbiodinium38648,0.00188432170553456
Symbiodinium38652,-0.0216581331805826
Symbiodinium38656,-0.0738532057280556
Symbiodinium38659,-0.0449647176208366
Symbiodinium38662,-0.0125751312230419
Symbiodinium38666,-0.132246668567024
Symbiodinium38668,0.176650559421903
Symbiodinium38670,-0.0230391697200389
Symbiodinium38671,-0.0926805969051215
Symbiodinium38673,-0.208768876744673
Symbiodinium38678,0.0777609787162319
Symbiodinium38679,-0.069827346185693
Symbiodinium38681,-0.060213764797353
Symbiodinium38688,0.0388918072312152
Symbiodinium38694,-0.0684089594501786
Symbiodinium38696,-0.00622926542199442
Symbiodinium38698,-0.094965718310012
Symbiodinium38701,0.179992034611754
Symbiodinium38703,0.242506315400745
Symbiodinium38708,0.0336933222155027
Symbiodinium38710,-0.0552952240479644
Symbiodinium38722,-0.0993901988745567
Symbiodinium38731,-0.320279016530974
Symbiodinium38733,-0.0546995215479467
Symbiodinium38735,-0.00502914260425311
Symbiodinium38738,0.498860219387473
Symbiodinium38740,0.168165446499857
Symbiodinium38741,-0.145436067255698
Symbiodinium38742,-0.0167899021080192
Symbiodinium38750,0.0202153287535928
Symbiodinium38755,-0.199293286776817
Symbiodinium38756,0.182331537209146
Symbiodinium38760,0.0405649879871001
Symbiodinium38764,-0.0404370695466564
Symbiodinium38767,0.159682645016658
Symbiodinium38768,0.103904580516108
Symbiodinium38769,-0.754972580067399
Symbiodinium38771,0.280572619740983
Symbiodinium38774,-0.042630399071859
Symbiodinium38777,0.317863134710836
Symbiodinium38785,0.0181359103264218
Symbiodinium38787,0.000327961110938254
Symbiodinium38788,-0.133962116179904
Symbiodinium38791,-0.362990016289131
Symbiodinium38793,-0.0563688585234004
Symbiodinium38799,0.0987988836552801
Symbiodinium38801,0.536640990022204
Symbiodinium38803,-0.213799042877452
Symbiodinium38805,-0.465586182606703
Symbiodinium38807,-0.104430999013186
Symbiodinium38808,0.137491530688838
Symbiodinium38811,-0.122121386603426
Symbiodinium38812,0.253202789548599
Symbiodinium38817,0.140602295785759
Symbiodinium38818,-0.0654613447079648
Symbiodinium38826,0.118314766089947
Symbiodinium38828,0.0112618783626123
Symbiodinium38831,0.301613049876754
Symbiodinium38832,0.0262878014969144
Symbiodinium38837,0.416745936318562
Symbiodinium38838,-0.144601015497602
Symbiodinium38839,-0.0119105380299284
Symbiodinium38842,-0.0829979645186503
Symbiodinium38845,0.387661950324969
Symbiodinium38853,0.00521137039047179
Symbiodinium38857,0.0493749920399498
Symbiodinium38858,0.0701539546552445
Symbiodinium38859,0.230483004951538
Symbiodinium38869,-0.128055278266457
Symbiodinium38872,-0.268747582662538
Symbiodinium38880,0.326408032006426
Symbiodinium38881,0.140198598294429
Symbiodinium38885,-0.0318450302118285
Symbiodinium38892,-0.146150553880822
Symbiodinium38894,0.0959893746868581
Symbiodinium38895,-0.0707950860031809
Symbiodinium38896,0.378118113907067
Symbiodinium38899,0.91843717427761
Symbiodinium38902,-0.0983302139610468
Symbiodinium38903,-0.610686830656141
Symbiodinium38904,0.243411930643249
Symbiodinium38905,0.145568863112792
Symbiodinium38907,0.00901829903554805
Symbiodinium38908,-0.367793939607369
Symbiodinium38916,-0.880204824587201
Symbiodinium38923,0.228902081161925
Symbiodinium38926,0.222807503962498
Symbiodinium38928,-0.253567351089056
Symbiodinium38929,-0.0166910213970398
Symbiodinium38930,0.153407214220479
Symbiodinium38931,0.246074326974274
Symbiodinium38937,0.483996392337506
Symbiodinium38941,0.0577559126299018
Symbiodinium38943,0.82319006215996
Symbiodinium38947,0.750118677140376
Symbiodinium38949,0.144601015497602
Symbiodinium38951,-0.112111444663362
Symbiodinium38952,0.373962064153647
Symbiodinium38953,-0.0132907572286696
Symbiodinium38957,0.0214737928985187
Symbiodinium38972,0.131901721956986
Symbiodinium38978,0.0523521539909151
Symbiodinium38982,-0.19577370262736
Symbiodinium38984,-0.118405615831316
Symbiodinium38986,-0.326189504397213
Symbiodinium38988,0.0646921148890826
Symbiodinium38994,0.124373064963844
Symbiodinium38995,-0.293436327661066
Symbiodinium39001,0.125320472665785
Symbiodinium39005,0.623794743096644
Symbiodinium39013,0.148328338118528
Symbiodinium39018,0.0337691808093723
Symbiodinium39020,0.0546995215479467
Symbiodinium39022,0.00472851377041647
Symbiodinium39023,-0.110299373334087
Symbiodinium39024,0.176650559421903
Symbiodinium39027,0.127160490926507
Symbiodinium39030,-0.00236635795581675
Symbiodinium39035,0.00434444345582689
Symbiodinium39036,0.666464548477347
Symbiodinium39038,0.599218727196237
Symbiodinium39043,-0.0877758617079289
Symbiodinium39045,0.0247719547485242
Symbiodinium39046,0.228902081161925
Symbiodinium39050,-0.00233427657288004
Symbiodinium39052,0.200392474992238
Symbiodinium39056,-0.0437225896027806
Symbiodinium39058,0.383824612197092
Symbiodinium39059,0.234127102989048
Symbiodinium39062,0.398802225358655
Symbiodinium39063,0.300868572589377
Symbiodinium39065,0.0916674394427998
Symbiodinium39067,-0.243450102318833
Symbiodinium39072,0.0592216039193236
Symbiodinium39074,-0.101444001096252
Symbiodinium39075,-0.276281782882127
Symbiodinium39076,0.175079643246055
Symbiodinium39077,-0.141953403540355
Symbiodinium39078,-0.0227664170883424
Symbiodinium39083,0.0843080196779653
Symbiodinium39088,-0.066653994949457
Symbiodinium39090,-0.0729619286893908
Symbiodinium39092,-0.09986983100061
Symbiodinium39096,0.0945655528606793
Symbiodinium39097,4.34977654442653
Symbiodinium39102,0.522390339678949
Symbiodinium39104,-0.265241717717611
Symbiodinium39107,0.145829212403737
Symbiodinium39118,0.296796884676757
Symbiodinium39122,0.981757217897744
Symbiodinium39124,0.0641536368227409
Symbiodinium39127,0.0359531016325968
Symbiodinium39128,0.0936797913109547
Symbiodinium39134,0.0541495418735047
Symbiodinium39135,-0.0641506134459201
Symbiodinium39138,0.0150830176088721
Symbiodinium39140,-0.0977163798811683
Symbiodinium39147,-0.0389681914842734
Symbiodinium39149,-0.0454057889821721
Symbiodinium39151,-0.0119479661121596
Symbiodinium39152,0.307118067422208
Symbiodinium39154,0.0771423698014674
Symbiodinium39155,0.0654851502695754
Symbiodinium39157,0.00901829903554805
Symbiodinium39161,0.102183069003549
Symbiodinium39162,0.200925264142845
Symbiodinium39163,0.420391436502451
Symbiodinium39165,0.216302717172756
Symbiodinium39168,0.00643217765668977
Symbiodinium39170,0.641668429382332
Symbiodinium39178,0.192288470948746
Symbiodinium39179,0.681914321892327
Symbiodinium39180,-0.0184364851732566
Symbiodinium39181,0.29935498684295
Symbiodinium39182,0.129438002534446
Symbiodinium39183,0.0404370695466564
Symbiodinium39188,-0.147592425991504
Symbiodinium39191,0.138353859325902
Symbiodinium39195,0.0921858841241543
Symbiodinium39198,-0.261699664415049
Symbiodinium39201,0.179920025389724
Symbiodinium39202,-0.105952468475783
Symbiodinium39205,-0.0162205476352685
Symbiodinium39207,0.244251439309207
Symbiodinium39208,-0.219849139485072
Symbiodinium39214,-0.0128835537312586
Symbiodinium39216,0.0315856852601595
Symbiodinium39220,0.00168969425288637
Symbiodinium39221,-0.690857917336333
Symbiodinium39223,-0.285400088483393
Symbiodinium39232,0.119871342159477
Symbiodinium39234,-0.127474094753202
Symbiodinium39237,0.51763244170768
Symbiodinium39238,0.0670019149518956
Symbiodinium39239,0.115122060715053
Symbiodinium39240,0.8024553212902
Symbiodinium39243,0.160640895330582
Symbiodinium39244,-0.196983484604719
Symbiodinium39245,1.34360800314957
Symbiodinium39246,-0.258282721713053
Symbiodinium39247,-0.632669197090801
Symbiodinium39248,0.119230995168089
Symbiodinium39253,0.106601808497806
Symbiodinium39261,-0.0301977593496482
Symbiodinium39264,-0.0945655528606793
Symbiodinium3927,-0.0342166900197538
Symbiodinium39271,-0.095841422240406
Symbiodinium39274,-0.0234426146354343
Symbiodinium39275,0.283877339773499
Symbiodinium39279,-0.0229321742600389
Symbiodinium39280,-0.260177101008917
Symbiodinium39282,-0.0436152361938357
Symbiodinium39285,0.0263794357646289
Symbiodinium39291,0.452003883452446
Symbiodinium39293,0.364799164819661
Symbiodinium39295,0.0954160303489008
Symbiodinium39297,0.355442795471078
Symbiodinium39299,-0.047107011499883
Symbiodinium39301,0.0987280724348892
Symbiodinium39309,0.592002715245585
Symbiodinium39313,-0.120292420393389
Symbiodinium39318,-0.0947170993988273
Symbiodinium39321,-0.0783547392302426
Symbiodinium39329,0.576590360026811
Symbiodinium39333,-0.0512942593443835
Symbiodinium39340,0.0740495810773793
Symbiodinium39341,-0.0442912211210381
Symbiodinium39342,-1.48960970485312
Symbiodinium39346,0.0161992887266663
Symbiodinium39347,0.191595692831306
Symbiodinium39348,0.253049264201929
Symbiodinium39351,0.121239441673583
Symbiodinium39356,0.52620570369582
Symbiodinium39357,0.125531387986342
Symbiodinium39365,0.302495444914345
Symbiodinium39372,0.058125768923428
Symbiodinium39375,0.216302717172756
Symbiodinium39376,-0.025142083530732
Symbiodinium39378,0.0942867348484606
Symbiodinium39379,0.121386473080825
Symbiodinium39381,0.0861622706720208
Symbiodinium39384,-0.0221772235186489
Symbiodinium39389,0.511424943452667
Symbiodinium39395,0.418579569852249
Symbiodinium39398,0.102766324133926
Symbiodinium39401,0.0947170993988273
Symbiodinium39405,0.149637679720368
Symbiodinium39409,-0.35793491233929
Symbiodinium39410,-0.0358742312671123
Symbiodinium39411,0.0704698088933863
Symbiodinium39412,-0.086416711361391
Symbiodinium39417,0.115515362668015
Symbiodinium39420,-0.0618306395920093
Symbiodinium39428,0.0222416800971642
Symbiodinium39436,-0.109491447929316
Symbiodinium39438,0.171874843884251
Symbiodinium39441,-0.155607279025851
Symbiodinium39448,0.232037161494612
Symbiodinium39449,-0.320352936685704
Symbiodinium39452,-0.0501276987105414
Symbiodinium39456,-0.0196773566092285
Symbiodinium39458,0.00996319058853076
Symbiodinium39459,0.127149458174411
Symbiodinium39462,-0.138936421022566
Symbiodinium39464,0.0903350511717875
Symbiodinium39465,-0.0064652691305821
Symbiodinium3947,2.91171216522513
Symbiodinium39470,-0.00183072521231643
Symbiodinium39471,0.246389801388051
Symbiodinium39472,0.692898960866068
Symbiodinium39474,0.167321972910376
Symbiodinium39475,-0.184987580380352
Symbiodinium39476,0.0359531016325968
Symbiodinium39478,0.260000973545969
Symbiodinium39480,-0.0454057889821721
Symbiodinium39485,0.02038409419877
Symbiodinium39491,-0.298868327927523
Symbiodinium39492,0.00740559470589527
Symbiodinium39496,0.09986983100061
Symbiodinium39500,0.0539809193082658
Symbiodinium39509,-0.165538351837433
Symbiodinium39512,-0.248389045603384
Symbiodinium39518,-0.0441162346521162
Symbiodinium39520,0.0128170793556189
Symbiodinium39521,-0.0404370695466564
Symbiodinium39531,-0.0650829500539017
Symbiodinium39532,-0.0487431671158857
Symbiodinium39535,0.373663760694504
Symbiodinium39538,0.0807687343525609
Symbiodinium39542,-0.13516879727244
Symbiodinium39543,-0.0853733665565622
Symbiodinium39544,0.236989916485957
Symbiodinium39547,0.403430398348524
Symbiodinium39551,0.392850286288581
Symbiodinium39555,0.144601015497602
Symbiodinium39561,-0.0318723247980992
Symbiodinium39562,-0.00306523217989292
Symbiodinium39564,-0.0215152505439995
Symbiodinium39581,-0.158575585955133
Symbiodinium39584,0.0790628972206015
Symbiodinium39588,0.123289362137173
Symbiodinium39589,0.12087776581572
Symbiodinium39592,0.0587885865563173
Symbiodinium39593,0.34981574435497
Symbiodinium39595,0.204335690231963
Symbiodinium39596,-0.237124844885338
Symbiodinium39598,-1.00468464092102
Symbiodinium39609,-0.109406144112985
Symbiodinium39612,0.307621334279028
Symbiodinium39613,0.668063203495314
Symbiodinium39615,-0.35176922116821
Symbiodinium39617,-0.0829548092681457
Symbiodinium39618,0.18526416297586
Symbiodinium39622,-0.158992219386984
Symbiodinium39623,-0.234270855251546
Symbiodinium39627,-0.141038016074792
Symbiodinium39628,-0.157682348599287
Symbiodinium39633,0.198548983877787
Symbiodinium39634,1.01816082185968
Symbiodinium39635,0.35837277683706
Symbiodinium39640,0.174101924805656
Symbiodinium39646,0.0978744602744898
Symbiodinium39650,-0.222144814353475
Symbiodinium39656,0.11261115020899
Symbiodinium39659,0.00322550064222824
Symbiodinium39663,-0.120539926418994
Symbiodinium39664,0.445318528545203
Symbiodinium39672,-0.979011060469293
Symbiodinium39673,0.444598448913403
Symbiodinium39677,-0.0248262172030392
Symbiodinium39678,0.1264169984262
Symbiodinium39682,0.154467488605893
Symbiodinium39683,0.0147112747835468
Symbiodinium39688,0.291860109474787
Symbiodinium39690,-0.171026812454595
Symbiodinium39693,0.0936797913109547
Symbiodinium39695,-0.0325168047644683
Symbiodinium39698,0.0161862535925023
Symbiodinium39699,1.06601170135087
Symbiodinium39700,-0.22385350157255
Symbiodinium39704,-0.0397111257102976
Symbiodinium39709,-0.426458822959832
Symbiodinium39712,-0.0121612030624145
Symbiodinium39713,-0.00622926542199442
Symbiodinium39717,0.0848298375446975
Symbiodinium39718,0.424473938111315
Symbiodinium39719,0.0801745943719249
Symbiodinium39721,0.0233454822914128
Symbiodinium39722,0.0618306395920093
Symbiodinium39724,-0.384916446453924
Symbiodinium39726,0.465657512928105
Symbiodinium39727,-0.0077136139152767
Symbiodinium39728,0.0318723247980992
Symbiodinium39730,0.0244280764727474
Symbiodinium39736,-3.57945747679359
Symbiodinium39737,0.0490455847515163
Symbiodinium39738,0.341947045902858
Symbiodinium39740,0.223755800366602
Symbiodinium39743,-0.869902456038608
Symbiodinium39745,0.826499133667156
Symbiodinium39746,-0.493502877537116
Symbiodinium39751,-0.00997657309805202
Symbiodinium39755,0.132246668567024
Symbiodinium39758,-0.019788465426636
Symbiodinium39760,0.273414300418696
Symbiodinium39761,-0.0901904386868411
Symbiodinium39764,-0.2476107572437
Symbiodinium39766,-0.0460792187589779
Symbiodinium39769,0.0489248240996007
Symbiodinium39770,0.215835677807519
Symbiodinium39774,-0.0654851502695754
Symbiodinium39782,-0.292938273291829
Symbiodinium39783,0.000484917973759201
Symbiodinium39788,0.0440009342532223
Symbiodinium39789,-0.882162707648279
Symbiodinium39791,-0.179992034611754
Symbiodinium39792,0.0601246010158838
Symbiodinium39798,-0.246763256127078
Symbiodinium39802,-0.00881836974344645
Symbiodinium39806,0.184821467067881
Symbiodinium39807,-0.137245951356882
Symbiodinium39808,0.00621569419959388
Symbiodinium39818,-0.380885651556274
Symbiodinium39821,1.23663549107716
Symbiodinium39823,0.594155350818792
Symbiodinium39828,0.0348309136708708
Symbiodinium39831,-0.0846144532890461
Symbiodinium39834,-0.0276641119518782
Symbiodinium39835,-0.0103239948919001
Symbiodinium39837,-0.0357660648194853
Symbiodinium39840,-0.301613049876754
Symbiodinium39841,-0.77498861643614
Symbiodinium39845,0.77498861643614
Symbiodinium39846,0.111432098339111
Symbiodinium39849,0.244945926702732
Symbiodinium39853,0.383824612197092
Symbiodinium39854,-0.0475599331225344
Symbiodinium39856,-0.0187326983804966
Symbiodinium39857,-0.0380910204166925
Symbiodinium39860,0.129210732863747
Symbiodinium39866,-0.0609391454768931
Symbiodinium39870,-0.0187900003243187
Symbiodinium39875,0.237103397391599
Symbiodinium39879,0.134221659519787
Symbiodinium39881,0.522479319748841
Symbiodinium39884,-0.0150830176088721
Symbiodinium39885,0.341947045902858
Symbiodinium39887,-0.0077136139152767
Symbiodinium39891,-0.317169905447896
Symbiodinium39894,0.350427640895812
Symbiodinium39897,0.0318723247980992
Symbiodinium39899,-0.0413894869207467
Symbiodinium39902,0.200171575354886
Symbiodinium39909,-0.0941678990866504
Symbiodinium39910,0.0824021453926231
Symbiodinium39914,-0.140545245482658
Symbiodinium39915,0.813432847935725
Symbiodinium39917,0.0117206605912117
Symbiodinium3992,0.0657056182431043
Symbiodinium39924,0.324369785286645
Symbiodinium39927,-0.0173892166368296
Symbiodinium39930,0.00183072521231643
Symbiodinium39933,-0.1264169984262
Symbiodinium39938,0.0558046519224933
Symbiodinium39943,0.0032188278717652
Symbiodinium39945,-0.00218334986426204
Symbiodinium39950,0.436073039146448
Symbiodinium39951,0.732219654732288
Symbiodinium39954,0.0908225457351271
Symbiodinium39955,-0.0499601349760768
Symbiodinium39958,-0.0981642846989828
Symbiodinium39959,0.0122940383553652
Symbiodinium39961,-0.0612044189837812
Symbiodinium39963,-0.02038409419877
Symbiodinium39964,-0.173345355753723
Symbiodinium39965,-0.269317406067134
Symbiodinium39969,0.235226994735448
Symbiodinium39970,0.20219658399122
Symbiodinium39973,0.82319006215996
Symbiodinium39974,0.373686522464523
Symbiodinium39975,0.0309886415086594
Symbiodinium39978,0.384349184233928
Symbiodinium39993,-0.104956651223078
Symbiodinium39994,0.0716972326866826
Symbiodinium39995,0.0138538696322258
Symbiodinium39996,0.686972549129813
Symbiodinium39997,-0.238730444155702
Symbiodinium39999,0.160737415991331
Symbiodinium40001,0.00472851377041647
Symbiodinium40003,0.0713970990427761
Symbiodinium40005,-0.0486559992854874
Symbiodinium40006,0.021810645429688
Symbiodinium40008,0.233296558778299
Symbiodinium40013,0.137245951356882
Symbiodinium40018,0.0947731439445633
Symbiodinium40031,0.410338221382931
Symbiodinium40033,0.136187195179992
Symbiodinium40037,0.0947170993988273
Symbiodinium40043,0.0779323330545037
Symbiodinium40047,-0.016776367423111
Symbiodinium40050,-0.0130388810181279
Symbiodinium40052,0.113454853966297
Symbiodinium40053,-0.0167899021080192
Symbiodinium40056,0.137480132770066
Symbiodinium40057,-0.250155949753386
Symbiodinium40060,-0.0908225457351271
Symbiodinium40062,0.132964755332293
Symbiodinium40063,-0.702799231609438
Symbiodinium40065,0.000145100770246032
Symbiodinium40067,0.43665027888994
Symbiodinium40070,0.246531490414317
Symbiodinium40074,0.313548244204714
Symbiodinium40078,0.00443767748161075
Symbiodinium40082,-0.0407227129084075
Symbiodinium40083,0.433255584039675
Symbiodinium40084,-0.00017800315072072
Symbiodinium40086,0.156261470857452
Symbiodinium40090,0.400844413145497
Symbiodinium40093,-0.112111444663362
Symbiodinium40095,-0.16429257392197
Symbiodinium40096,-0.157836418788281
Symbiodinium40097,0.253296525014889
Symbiodinium40099,0.105266606456528
Symbiodinium40105,0.0592187840330072
Symbiodinium40106,0.317142123022242
Symbiodinium40108,0.441432942019014
Symbiodinium40110,-0.00111440120223265
Symbiodinium40113,-0.021352994992595
Symbiodinium40115,0.176292316459226
Symbiodinium40116,0.094965718310012
Symbiodinium40119,-0.0567663161337774
Symbiodinium40121,0.261178109792174
Symbiodinium40128,0.221027010588743
Symbiodinium40132,-0.00840189864222712
Symbiodinium40133,-0.0877758617079289
Symbiodinium40140,0.00169370062409049
Symbiodinium40143,-0.094965718310012
Symbiodinium40145,-0.0577599037338304
Symbiodinium40146,-0.249964252324191
Symbiodinium40149,0.0114580344621899
Symbiodinium40152,0.129150620666419
Symbiodinium40153,0.127474094753202
Symbiodinium40155,-0.307603742863977
Symbiodinium40159,-0.156639557495673
Symbiodinium40162,-0.127347029730011
Symbiodinium40163,-0.196983484604719
Symbiodinium40164,0.057591313149257
Symbiodinium40165,-0.07038032636081
Symbiodinium40167,-0.400492057122819
Symbiodinium40169,0.966152378395397
Symbiodinium40172,-0.0147112747835468
Symbiodinium40178,0.032287363790963
Symbiodinium40181,0.201697898539012
Symbiodinium40185,0.433255584039675
Symbiodinium40187,0.0147155552604846
Symbiodinium40194,0.00502914260425311
Symbiodinium40200,0.0647827881627119
Symbiodinium40201,-0.0370455388912459
Symbiodinium40205,0.0096835513878254
Symbiodinium40210,0.0913267358824241
Symbiodinium40211,0.0979133622031156
Symbiodinium40219,0.0970956899176374
Symbiodinium40225,-0.25282751754602
Symbiodinium40231,0.378911889421372
Symbiodinium40234,-0.00891288757559414
Symbiodinium40237,0.178378628540605
Symbiodinium40238,0.15625401210088
Symbiodinium40239,0.0318450302118285
Symbiodinium40241,0.708022224132338
Symbiodinium40244,0.132246668567024
Symbiodinium40253,0.0374990863095286
Symbiodinium40254,-0.0684089594501786
Symbiodinium40260,0.144601015497602
Symbiodinium40262,0.0332348887796353
Symbiodinium40265,0.89787769484866
Symbiodinium40266,0.0587505235549053
Symbiodinium40269,-0.0122193458957067
Symbiodinium40271,-0.216302717172756
Symbiodinium40273,0.156639557495673
Symbiodinium40274,0.0426816236951148
Symbiodinium40275,-0.19577370262736
Symbiodinium40276,0.494266564486794
Symbiodinium40277,-0.495883398636615
Symbiodinium40278,-0.169126159481941
Symbiodinium40279,0.0096835513878254
Symbiodinium40284,-0.728312635881613
Symbiodinium40288,0.458444641643977
Symbiodinium40289,-0.00475328472992135
Symbiodinium40290,0.0823939057096083
Symbiodinium40292,0.09986983100061
Symbiodinium40294,0.0150278447150786
Symbiodinium40295,-0.20367567612985
Symbiodinium40296,0.162762325955021
Symbiodinium40297,0.179920025389724
Symbiodinium40300,0.341649709286345
Symbiodinium40303,0.317142123022242
Symbiodinium40304,0.438610234831349
Symbiodinium40305,0.100731348067845
Symbiodinium40311,0.101822035639119
Symbiodinium40312,-0.173354812393983
Symbiodinium40313,1.09470184858045
Symbiodinium40314,0.438002656273646
Symbiodinium40315,-0.135306444045714
Symbiodinium40316,-0.0692741729150222
Symbiodinium40319,0.119097165191458
Symbiodinium40320,0.00529327028789202
Symbiodinium40321,0.365448543911758
Symbiodinium40325,0.0517431257554084
Symbiodinium40326,0.0285621277269018
Symbiodinium40328,0.0570232870255416
Symbiodinium40331,0.0244280764727474
Symbiodinium40333,0.249477108239602
Symbiodinium40335,0.102183069003549
Symbiodinium40336,0.261805913836255
Symbiodinium40339,-10.1147901800554
Symbiodinium40341,0.0908431013139933
Symbiodinium40343,-0.0567663161337774
Symbiodinium40347,0.0684089594501786
Symbiodinium40348,0.104407670002398
Symbiodinium40349,3.02297917643883
Symbiodinium40352,0.247139492881337
Symbiodinium40360,0.0125827560537671
Symbiodinium40365,0.354560232035926
Symbiodinium40367,0.0541495418735047
Symbiodinium40368,0.000327961110938254
Symbiodinium40369,0.0761809554079101
Symbiodinium40372,-0.394320557898077
Symbiodinium40377,0.0260188594646518
Symbiodinium40380,-0.0650829500539017
Symbiodinium40381,-1.00067025563533
Symbiodinium40382,-0.611294003427516
Symbiodinium40383,0.000360221081878565
Symbiodinium40387,0.199210224123028
Symbiodinium40397,0.237124844885338
Symbiodinium40399,0.0893381494286848
Symbiodinium40403,0.357982043451479
Symbiodinium40404,0.0505141767120753
Symbiodinium40405,0.0544967562321983
Symbiodinium40406,0.28857709946025
Symbiodinium40408,-0.146150553880822
Symbiodinium40410,0.606352842568102
Symbiodinium40411,1.35672948841438
Symbiodinium40412,0.750380205258458
Symbiodinium40415,0.0424232711426373
Symbiodinium40420,-0.00183072521231643
Symbiodinium40421,-0.0143360408947621
Symbiodinium40423,0.804988116871315
Symbiodinium40424,0.376695183666567
Symbiodinium40425,-0.141625394643183
Symbiodinium40426,0.173148609481039
Symbiodinium40428,-0.664165690602381
Symbiodinium40429,-0.298360112140663
Symbiodinium40430,0.081761430364194
Symbiodinium40431,0.313660632376577
Symbiodinium40433,-0.133138694455647
Symbiodinium40435,-0.0466403583258269
Symbiodinium40436,-0.0311435438268556
Symbiodinium40439,0.296325725095639
Symbiodinium40445,0.00157485765057118
Symbiodinium40449,-0.14513136897011
Symbiodinium40450,0.101598049008195
Symbiodinium40451,0.173345355753723
Symbiodinium40455,0.046730520794007
Symbiodinium40456,-0.286280457170691
Symbiodinium40458,0.0355333716571159
Symbiodinium40459,-0.0368595320716173
Symbiodinium40464,-0.299734786046667
Symbiodinium40467,0.0370475915537951
Symbiodinium40469,-1.00285688051472
Symbiodinium40470,0.0846936882599716
Symbiodinium40472,-0.424320377671858
Symbiodinium40477,-0.504830095324195
Symbiodinium40480,0.0187900003243187
Symbiodinium40481,-0.058125768923428
Symbiodinium40482,0.00306523217989292
Symbiodinium40483,-0.0251915807805998
Symbiodinium40486,-0.0236892184163331
Symbiodinium40487,-0.311522615075096
Symbiodinium40488,-0.0506644625165597
Symbiodinium40489,0.922957963508666
Symbiodinium40491,-0.435568963871894
Symbiodinium40502,-0.223160601281772
Symbiodinium40503,0.233598029125926
Symbiodinium40509,0.160984630199016
Symbiodinium40512,-0.101195484006238
Symbiodinium40513,0.0542642448807401
Symbiodinium40514,-0.0764968358488548
Symbiodinium40517,-0.0570232870255416
Symbiodinium40520,-0.0567663161337774
Symbiodinium40525,0.0978744602744898
Symbiodinium40529,-0.0284390836222733
Symbiodinium40530,0.728312635881613
Symbiodinium40531,0.18566569679056
Symbiodinium40532,0.562024291668539
Symbiodinium40540,0.0125827560537671
Symbiodinium40541,0.0367337842674485
Symbiodinium40542,0.465344769661285
Symbiodinium40550,0.127341518623063
Symbiodinium40554,0.122121386603426
Symbiodinium40555,0.0546995215479467
Symbiodinium40559,0.0607471850096649
Symbiodinium40562,0.0729708667795484
Symbiodinium40563,0.127026067056997
Symbiodinium40569,0.0147025748522317
Symbiodinium40570,-0.0201692281870355
Symbiodinium40583,-0.0215918699571915
Symbiodinium40586,-0.394320557898077
Symbiodinium40588,-0.000484917973759201
Symbiodinium40592,0.10321624453361
Symbiodinium40598,-0.355442795471078
Symbiodinium40599,0.135683767018008
Symbiodinium40600,-0.00306523217989292
Symbiodinium40602,-0.167073124901873
Symbiodinium40603,-0.178378628540605
Symbiodinium40612,0.0318450302118285
Symbiodinium40614,-0.00996319058853076
Symbiodinium40617,-0.0522261754304038
Symbiodinium40618,0.00335391988477925
Symbiodinium40620,-0.597450565697139
Symbiodinium40625,-0.686972549129813
Symbiodinium40627,0.141721657425499
Symbiodinium40632,0.197529561899493
Symbiodinium40633,0.0208323027791164
Symbiodinium40634,0.047107011499883
Symbiodinium40644,0.110922751368678
Symbiodinium40647,-0.650505791889493
Symbiodinium40654,-0.0537560024292402
Symbiodinium40655,0.211864528214031
Symbiodinium40658,0.163766413266533
Symbiodinium40660,-0.00901829903554805
Symbiodinium40662,0.131452848448722
Symbiodinium40664,-0.0096835513878254
Symbiodinium40666,0.0188021669132302
Symbiodinium40669,-0.0892596647916024
Symbiodinium40670,0.0236058204238727
Symbiodinium40675,-0.191243297860934
Symbiodinium40677,0.00183072521231643
Symbiodinium40681,0.0541726435069145
Symbiodinium40682,0.237141326560989
Symbiodinium40683,0.0221772235186489
Symbiodinium40693,0.325764044802059
Symbiodinium40698,0.0981577518757101
Symbiodinium40700,0.196923990871644
Symbiodinium40702,-0.693890790048478
Symbiodinium40708,-0.0967969849243927
Symbiodinium40710,0.466932476686356
Symbiodinium40714,-0.174903041316764
Symbiodinium40717,0.0595872706878935
Symbiodinium40722,-0.0128479494937309
Symbiodinium40726,0.116390602076213
Symbiodinium40728,0.0557031789133968
Symbiodinium40729,0.122635115313128
Symbiodinium40735,0.131366789996556
Symbiodinium40738,0.0592187840330072
Symbiodinium40740,0.0590482981495633
Symbiodinium40742,0.167866359740231
Symbiodinium40746,0.0501276987105414
Symbiodinium40749,0.173390303767554
Symbiodinium40752,-0.273404693299336
Symbiodinium40754,0.07038032636081
Symbiodinium40755,0.0906805694840585
Symbiodinium40756,-0.386774905805501
Symbiodinium40758,0.184170686823516
Symbiodinium40762,-0.174453700548893
Symbiodinium40763,0.118314766089947
Symbiodinium40765,0.258237432487425
Symbiodinium40770,0.24848459474913
Symbiodinium40771,0.222144814353475
Symbiodinium40775,-0.173345355753723
Symbiodinium40779,0.77498861643614
Symbiodinium40780,-0.265293640256156
Symbiodinium40781,-0.0901904386868411
Symbiodinium40785,-0.0167189666687227
Symbiodinium40792,-0.0532201110821255
Symbiodinium40795,0.45726555979254
Symbiodinium40797,-0.773186836616053
Symbiodinium40802,0.158785033196743
Symbiodinium40805,-0.0163306780394547
Symbiodinium40806,0.389707460741684
Symbiodinium40807,-0.0150830176088721
Symbiodinium40816,-1.067232382111
Symbiodinium40818,0.764848403499919
Symbiodinium40826,0.185317250666103
Symbiodinium40829,-0.0838937604625459
Symbiodinium40833,0.212309001783581
Symbiodinium40834,0.528681581739889
Symbiodinium40839,0.310250271671181
Symbiodinium40846,0.0380910204166925
Symbiodinium40847,0.0215152505439995
Symbiodinium40852,0.150926189192039
Symbiodinium40857,0.040844161712859
Symbiodinium40863,0.752451626380606
Symbiodinium40864,0.515170115094878
Symbiodinium40868,0.163714481469673
Symbiodinium40869,-0.513856652412673
Symbiodinium40870,0.00944994689578008
Symbiodinium40876,0.206506319015454
Symbiodinium40877,0.194341863440706
Symbiodinium40880,-5.59688198192696e-05
Symbiodinium40881,0.0145561189716263
Symbiodinium40885,-0.179014026818039
Symbiodinium40887,-0.0601246010158838
Symbiodinium40888,0.127561694747707
Symbiodinium40891,-0.988774210304367
Symbiodinium40897,0.0407828398161933
Symbiodinium40898,-0.301613049876754
Symbiodinium40902,-0.194088776395933
Symbiodinium40904,0.1260875368613
Symbiodinium40910,0.0113937567176681
Symbiodinium40911,0.182054629414475
Symbiodinium40914,0.255133908144318
Symbiodinium40916,-0.303720733497368
Symbiodinium40927,0.0173239500316606
Symbiodinium40928,0.0181790682007706
Symbiodinium40930,-0.77498861643614
Symbiodinium40932,0.00233427657288004
Symbiodinium40934,-0.116390602076213
Symbiodinium40937,-0.0559766839888695
Symbiodinium40944,0.0163306780394547
Symbiodinium40947,-0.129744953056687
Symbiodinium40950,-0.00359898586350696
Symbiodinium40951,-0.0229321742600389
Symbiodinium40956,-0.0238686826174062
Symbiodinium40962,0.14934856205517
Symbiodinium40963,0.246037579166315
Symbiodinium40967,-0.0337691808093723
Symbiodinium40970,0.292938273291829
Symbiodinium40974,-0.102437186294792
Symbiodinium40975,0.166232638579152
Symbiodinium40976,0.0760155825161205
Symbiodinium40979,0.0751430633861423
Symbiodinium40980,0.155649536385666
Symbiodinium40982,-0.0185502339434743
Symbiodinium40983,-0.301613049876754
Symbiodinium40988,0.135306444045714
Symbiodinium40989,-0.00438835813795717
Symbiodinium40990,-0.122730396341709
Symbiodinium40993,0.0377557648705921
Symbiodinium40999,0.522390339678949
Symbiodinium41001,0.387962961027154
Symbiodinium41006,-0.0647827881627119
Symbiodinium41007,0.100144020769411
Symbiodinium41008,0.532644598960166
Symbiodinium41009,-0.231843963630588
Symbiodinium41012,-0.0453994383144816
Symbiodinium41013,0.00976621467908622
Symbiodinium41014,-0.117216613476971
Symbiodinium41018,8.68091290220918e-05
Symbiodinium41020,0.265431620598476
Symbiodinium41021,-0.117060771488991
Symbiodinium41022,-0.0892429500665153
Symbiodinium41030,0.0137988443469696
Symbiodinium41032,0.168432346019477
Symbiodinium41033,0.177963823361639
Symbiodinium41042,0.0422389612084182
Symbiodinium41044,0.339840869790425
Symbiodinium41054,-0.0468206010786121
Symbiodinium41058,-0.371649216120268
Symbiodinium41062,-0.046730520794007
Symbiodinium41063,0.132246668567024
Symbiodinium41065,0.0119479661121596
Symbiodinium41066,-0.0889196460873208
Symbiodinium41085,0.0848298375446975
Symbiodinium41086,-0.384869339343247
Symbiodinium41090,-0.0285621277269018
Symbiodinium41095,-0.118445754981852
Symbiodinium41096,0.163766413266533
Symbiodinium41105,0.0903778515619169
Symbiodinium41110,-0.0743369636846738
Symbiodinium41115,-0.0883041567884454
Symbiodinium41121,0.000264542905017076
Symbiodinium41125,-0.0398305120544645
Symbiodinium41129,0.0828108546975376
Symbiodinium41132,0.0523521539909151
Symbiodinium41135,0.187959148378939
Symbiodinium41137,0.804414174564794
Symbiodinium41140,-0.01938002548057
Symbiodinium41144,-0.163092024444884
Symbiodinium41146,0.375079604185227
Symbiodinium41148,0.0633627045811086
Symbiodinium41150,0.428125187429309
Symbiodinium41153,0.00183072521231643
Symbiodinium41156,0.035795741164243
Symbiodinium41160,0.156639557495673
Symbiodinium41161,-0.235156585963269
Symbiodinium41162,0.180297143246434
Symbiodinium41165,0.104009667441456
Symbiodinium41166,-0.271598104863194
Symbiodinium41172,-0.501947361424594
Symbiodinium41173,-0.0794810022251069
Symbiodinium41174,0.265241717717611
Symbiodinium41177,0.170266741664638
Symbiodinium41178,0.118872904059938
Symbiodinium41179,0.683432450325792
Symbiodinium41180,-0.00962857470302389
Symbiodinium41189,0.0752712057151274
Symbiodinium41191,0.0119479661121596
Symbiodinium41194,-0.0143805102216578
Symbiodinium41198,-0.0511176601691792
Symbiodinium41199,-0.223160601281772
Symbiodinium41207,0.0460839009869732
Symbiodinium41208,0.0140378999922062
Symbiodinium41210,0.0211407768059436
Symbiodinium41211,0.454054002499925
Symbiodinium41222,0.285071244398314
Symbiodinium41225,0.126847389318722
Symbiodinium41230,0.131901721956986
Symbiodinium41231,0.312583799542189
Symbiodinium41235,0.000514700049493106
Symbiodinium41237,0.139161331519471
Symbiodinium41242,0.0193407929281028
Symbiodinium41243,0.0923112522954265
Symbiodinium41246,0.0947170993988273
Symbiodinium41247,0.0415707056424589
Symbiodinium41248,0.374171488862576
Symbiodinium41250,1.09201631401543
Symbiodinium41251,-0.0222416800971642
Symbiodinium41255,-0.0499416990336749
Symbiodinium41256,0.167809842937779
Symbiodinium41260,0.481767673781384
Symbiodinium41262,-0.000145100770246032
Symbiodinium41269,0.823392434492251
Symbiodinium41270,0.316681450676564
Symbiodinium41274,0.23111204176735
Symbiodinium41281,-0.00183072521231643
Symbiodinium41282,-0.779311486841705
Symbiodinium41286,-0.361825913306172
Symbiodinium41288,0.0468317522253725
Symbiodinium41291,-0.0590482981495633
Symbiodinium41292,-0.0547487471236941
Symbiodinium41294,0.0861622706720208
Symbiodinium41299,-0.167866359740231
Symbiodinium41301,-0.187959148378939
Symbiodinium41303,-0.0357660648194853
Symbiodinium41304,0.16401316281447
Symbiodinium41305,0.163019491469447
Symbiodinium41318,-0.0479874892428502
Symbiodinium41321,-0.262666772461476
Symbiodinium41324,-0.508215330643637
Symbiodinium41329,-0.0837983177304166
Symbiodinium41330,0.132246668567024
Symbiodinium41333,0.775034706585669
Symbiodinium41338,-0.0101044279742775
Symbiodinium41344,0.364580128256004
Symbiodinium41350,-0.953179911682752
Symbiodinium41354,0.449766392238528
Symbiodinium41355,0.00996319058853076
Symbiodinium41364,-0.21340039003242
Symbiodinium41366,0.00241462678104737
Symbiodinium41367,-0.0331002355034761
Symbiodinium41368,-0.00555290106571056
Symbiodinium41373,0.161774933565384
Symbiodinium41374,0.02038409419877
Symbiodinium41375,-0.0945655528606793
Symbiodinium41377,-0.141625394643183
Symbiodinium41379,0.0552377358154689
Symbiodinium41381,0.141721657425499
Symbiodinium41382,0.0233454822914128
Symbiodinium41392,-0.0848952620191762
Symbiodinium41393,0.0675401326222797
Symbiodinium41394,0.0563688585234004
Symbiodinium41401,0.0285621277269018
Symbiodinium41404,0.189990502765004
Symbiodinium41406,0.0906805694840585
Symbiodinium41408,-0.163068524059199
Symbiodinium41410,-0.312583799542189
Symbiodinium41411,-0.180334302641701
Symbiodinium41414,0.313096963799971
Symbiodinium41419,-0.0332348887796353
Symbiodinium41420,0.266761888448613
Symbiodinium41423,0.0916216406778412
Symbiodinium41424,0.0315416179658686
Symbiodinium41428,0.0215604650367091
Symbiodinium41432,-0.0552377358154689
Symbiodinium41444,0.0850952250673542
Symbiodinium41445,-0.0807687343525609
Symbiodinium41449,0.299117136854334
Symbiodinium41458,0.118044068276471
Symbiodinium41461,-0.0810819477267498
Symbiodinium41462,0.124984941163794
Symbiodinium41463,0.165763504571924
Symbiodinium41464,-0.364035468832722
Symbiodinium41466,0.210755649108362
Symbiodinium41467,0.210465054896112
Symbiodinium41486,-0.0948804714811217
Symbiodinium41488,-0.177382411185841
Symbiodinium41493,-0.105054179138901
Symbiodinium41502,-0.00241462678104737
Symbiodinium41506,1.0123366141907
Symbiodinium41507,0.137245951356882
Symbiodinium41517,0.0227664170883424
Symbiodinium41518,0.000145100770246032
Symbiodinium41520,1.02576932864801
Symbiodinium41526,0.0298668468191135
Symbiodinium41527,-0.101822035639119
Symbiodinium41528,0.211864528214031
Symbiodinium41529,0.145436067255698
Symbiodinium41532,0.0501276987105414
Symbiodinium41535,-0.435568963871894
Symbiodinium41536,-0.0444858128313141
Symbiodinium41546,-1.37276091472512
Symbiodinium41547,0.00357867938952772
Symbiodinium41551,0.095877166467382
Symbiodinium41555,0.134221659519787
Symbiodinium41561,0.124373064963844
Symbiodinium41562,0.234127102989048
Symbiodinium41564,-0.0337771791669562
Symbiodinium41566,0.569627323114102
Symbiodinium41572,0.011993147483116
Symbiodinium41574,0.0685347338523728
Symbiodinium41575,-0.200171575354886
Symbiodinium41576,-0.00017800315072072
Symbiodinium41579,0.0595334277658178
Symbiodinium41584,0.762038024856419
Symbiodinium41587,-0.154203416338852
Symbiodinium41588,-1.99088048696323
Symbiodinium41589,-0.151927028615835
Symbiodinium41591,0.279227039627993
Symbiodinium41597,-0.170630329232368
Symbiodinium41599,-0.118314766089947
Symbiodinium41601,0.208222404252654
Symbiodinium41602,-0.149637679720368
Symbiodinium41603,0.816364980867667
Symbiodinium41604,0.625485991871716
Symbiodinium41608,-0.163092024444884
Symbiodinium41610,0.173879198174425
Symbiodinium41611,0.151357351881036
Symbiodinium41618,0.736966298063664
Symbiodinium41619,-0.0578973638350228
Symbiodinium41622,0.269177656322816
Symbiodinium41627,-0.17711304870973
Symbiodinium41629,0.0112618783626123
Symbiodinium41630,0.118575856103866
Symbiodinium41631,0.045942799093489
Symbiodinium41632,0.0260188594646518
Symbiodinium41634,0.0492688127950304
Symbiodinium41636,0.17910591168255
Symbiodinium41640,0.0202153287535928
Symbiodinium41641,-0.0205615344224538
Symbiodinium41644,-0.0486559992854874
Symbiodinium41647,0.0466403583258269
Symbiodinium41654,0.133962116179904
Symbiodinium41657,-0.0633627045811086
Symbiodinium41658,0.249161518591757
Symbiodinium41659,-0.0647827881627119
Symbiodinium41661,0.127474094753202
Symbiodinium41663,-0.13557211979982
Symbiodinium41664,-0.201513264642611
Symbiodinium41665,0.599218727196237
Symbiodinium41669,0.170477914914095
Symbiodinium41671,-0.34180744365338
Symbiodinium41678,0.367805747125426
Symbiodinium41679,-0.17453466625537
Symbiodinium41680,-0.544843295505134
Symbiodinium41682,-0.0520313961678713
Symbiodinium41683,0.0592216039193236
Symbiodinium41686,0.0864603366624488
Symbiodinium41695,1.00613059480021
Symbiodinium41711,-0.120714925019317
Symbiodinium41712,0.194341863440706
Symbiodinium41713,-0.0219155631750498
Symbiodinium41715,0.337782580135348
Symbiodinium41719,0.248929063182476
Symbiodinium41720,0.0978744602744898
Symbiodinium41724,0.0751430633861423
Symbiodinium41729,-0.122559306321012
Symbiodinium41730,0.0377147049618255
Symbiodinium41732,-0.177382411185841
Symbiodinium41739,0.131901721956986
Symbiodinium41741,0.0227664170883424
Symbiodinium41742,0.405018159941055
Symbiodinium41743,-0.123353430307904
Symbiodinium41744,0.260999212343519
Symbiodinium41745,0.242506315400745
Symbiodinium41747,-0.0875497244873319
Symbiodinium41749,0.196983484604719
Symbiodinium41761,-0.059432806064039
Symbiodinium41762,0.0064750293281107
Symbiodinium41763,-0.522694503274396
Symbiodinium41772,0.46343619380166
Symbiodinium41774,-0.599218727196237
Symbiodinium41781,-0.0981642846989828
Symbiodinium41784,-0.151722201888597
Symbiodinium41785,0.341649709286345
Symbiodinium41788,-0.366077448218344
Symbiodinium41794,-0.0147112747835468
Symbiodinium41796,-0.0466403583258269
Symbiodinium41797,0.172459062933387
Symbiodinium41799,-0.0422389612084182
Symbiodinium41801,-0.0149718957858052
Symbiodinium41802,0.448934011056233
Symbiodinium41805,0.259191524009524
Symbiodinium41806,-0.0666394266003626
Symbiodinium41810,0.143059641506409
Symbiodinium41813,0.175770204492048
Symbiodinium41814,-0.097323105368548
Symbiodinium41823,0.35741125081801
Symbiodinium41824,0.223160601281772
Symbiodinium41826,0.022489938159761
Symbiodinium41828,-0.000130512167099362
Symbiodinium41833,-0.000904612367675812
Symbiodinium41839,0.00241462678104737
Symbiodinium41840,0.0536627832385304
Symbiodinium41841,-0.0454057889821721
Symbiodinium41845,0.0495068738601987
Symbiodinium41850,0.370068142091972
Symbiodinium41851,0.380885651556274
Symbiodinium41852,0.191904773263572
Symbiodinium41854,0.0360811845860329
Symbiodinium41856,0.0689171355598215
Symbiodinium41857,0.0941678990866504
Symbiodinium41863,-0.104892150393688
Symbiodinium41865,-0.189601183477269
Symbiodinium41870,-0.132246668567024
Symbiodinium41872,-0.0511832461073805
Symbiodinium41876,0.0244857910307575
Symbiodinium41879,0.0715485363668649
Symbiodinium41881,0.293883597478501
Symbiodinium41882,0.0128673783688989
Symbiodinium41885,-0.0250585953963556
Symbiodinium41889,0.0232513342834676
Symbiodinium41890,-0.0577559126299018
Symbiodinium41892,0.199792408915976
Symbiodinium41895,-0.0888328500087654
Symbiodinium41896,-0.178378628540605
Symbiodinium41900,0.158575585955133
Symbiodinium41901,0.257286598195623
Symbiodinium41902,0.010165263044218
Symbiodinium41904,0.134723929347812
Symbiodinium41906,0.222362168989104
Symbiodinium41910,0.520139013718064
Symbiodinium41913,0.209172080066528
Symbiodinium41915,0.42578983297286
Symbiodinium41922,0.615465518242618
Symbiodinium41928,0.211864528214031
Symbiodinium41929,-0.0567663161337774
Symbiodinium41930,0.00965008730902799
Symbiodinium41932,0.0280424650699129
Symbiodinium41933,-0.0337691808093723
Symbiodinium41934,-0.0112586161808556
Symbiodinium41935,0.0227664170883424
Symbiodinium41938,0.0947170993988273
Symbiodinium41940,-0.0947170993988273
Symbiodinium41946,0.191595692831306
Symbiodinium41947,0.200820145100064
Symbiodinium41948,0.452003883452446
Symbiodinium41952,0.0823698146175505
Symbiodinium41954,0.309458882564091
Symbiodinium41955,0.931436608514705
Symbiodinium41956,0.0934407181023559
Symbiodinium41959,-0.0187326983804966
Symbiodinium41960,-0.0032188278717652
Symbiodinium41961,0.183358776530114
Symbiodinium41963,0.271598104863194
Symbiodinium41965,0.293436327661066
Symbiodinium41970,0.838251679402035
Symbiodinium41976,0.107561356344247
Symbiodinium41978,-0.105054179138901
Symbiodinium41980,0.0187326983804966
Symbiodinium41982,-0.0641536368227409
Symbiodinium41985,0.262884359402703
Symbiodinium41987,0.00241462678104737
Symbiodinium41988,0.559941520614119
Symbiodinium41989,0.0475599331225344
Symbiodinium41991,0.14011446124484
Symbiodinium41993,0.223755800366602
Symbiodinium41994,0.342510218617614
Symbiodinium41995,0.313548244204714
Symbiodinium41996,0.246763256127078
Symbiodinium41997,-0.728312635881613
Symbiodinium42004,0.00624781056047606
Symbiodinium42015,0.367793939607369
Symbiodinium42018,-0.0426816236951148
Symbiodinium42022,0.897609041170232
Symbiodinium42023,-0.303720733497368
Symbiodinium42024,-0.0957514285196442
Symbiodinium42026,0.0641506134459201
Symbiodinium42028,-0.00711930943242685
Symbiodinium42029,0.326558719400513
Symbiodinium42030,-0.0161992887266663
Symbiodinium42033,0.167866359740231
Symbiodinium42036,0.25490822089467
Symbiodinium42040,-1.78462095135452
Symbiodinium42041,-0.347621048835829
Symbiodinium42043,0.0370546965474299
Symbiodinium42044,-0.137474859884858
Symbiodinium42045,0.179999040544385
Symbiodinium42046,0.0455321565440686
Symbiodinium42049,0.163630517654748
Symbiodinium42055,-0.128506220687229
Symbiodinium42061,0.0215152505439995
Symbiodinium42064,0.470629500470362
Symbiodinium42065,-0.0486559992854874
Symbiodinium42066,-0.0551159393111696
Symbiodinium42072,1.85499179735769
Symbiodinium42073,0.192375404583843
Symbiodinium42079,0.0260188594646518
Symbiodinium42087,0.380886973467233
Symbiodinium42093,0.378118113907067
Symbiodinium42094,0.0435711541934613
Symbiodinium42105,-0.146564248465351
Symbiodinium42106,0.513796742771199
Symbiodinium42110,-0.209533860733853
Symbiodinium42116,0.370068142091972
Symbiodinium42117,0.25895756299556
Symbiodinium42121,-0.0711605557567035
Symbiodinium42122,0.0404370695466564
Symbiodinium42123,0.0802804011266036
Symbiodinium42128,0.109267478006133
Symbiodinium42130,-0.22225157111256
Symbiodinium42131,0.210159264133289
Symbiodinium42134,0.233175157020387
Symbiodinium42136,-0.263696776576879
Symbiodinium42139,-0.356077312641713
Symbiodinium42144,0.282063795755514
Symbiodinium42149,0.0916216406778412
Symbiodinium42151,0.0688842012211798
Symbiodinium42152,0.0751528338119576
Symbiodinium42159,0.0555582788720706
Symbiodinium42161,-0.513672607794888
Symbiodinium42164,-0.144937031623606
Symbiodinium42173,-0.0187326983804966
Symbiodinium42175,0.29935498684295
Symbiodinium42178,0.145321938124196
Symbiodinium42180,-0.0215152505439995
Symbiodinium42183,0.228731858221313
Symbiodinium42187,-0.0178541678995444
Symbiodinium42188,-0.126015024193014
Symbiodinium42190,0.166638083608519
Symbiodinium42196,0.0187900003243187
Symbiodinium42199,0.681914321892327
Symbiodinium42202,0.021129452373871
Symbiodinium42208,0.0560434228369268
Symbiodinium42211,-0.158785033196743
Symbiodinium42212,0.0577025488101549
Symbiodinium42215,-0.00891288757559414
Symbiodinium42216,0.0685347338523728
Symbiodinium42219,0.113702227788079
Symbiodinium42225,0.135386368895862
Symbiodinium42228,-0.118314766089947
Symbiodinium42233,0.0838047209673137
Symbiodinium42236,0.608476001876651
Symbiodinium42237,0.171026812454595
Symbiodinium42239,0.191904773263572
Symbiodinium42241,-0.282556875825547
Symbiodinium42250,-0.23218575478963
Symbiodinium42264,-0.163253192918466
Symbiodinium42266,-0.0768859016482032
Symbiodinium42270,0.265431620598476
Symbiodinium42273,0.062219871492891
Symbiodinium42274,0.00428814615208419
Symbiodinium42275,-1.81138148134402
Symbiodinium42277,0.641090828943048
Symbiodinium42280,0.0561618282382729
Symbiodinium42282,0.00555290106571056
Symbiodinium42285,0.0200425831230293
Symbiodinium42286,0.728312635881613
Symbiodinium42288,-0.10321624453361
Symbiodinium42289,0.0318723247980992
Symbiodinium42290,0.143127165749915
Symbiodinium42291,0.00111440120223265
Symbiodinium42293,0.10573347521476
Symbiodinium42296,-0.383356274668166
Symbiodinium42297,0.14310287885463
Symbiodinium42298,0.0415500795967392
Symbiodinium42299,-0.77312139346001
Symbiodinium42300,-0.187959148378939
Symbiodinium42305,-0.338924236957082
Symbiodinium42306,-0.73684014095027
Symbiodinium42310,0.371470803597923
Symbiodinium42311,-0.188873936224003
Symbiodinium42313,0.10573347521476
Symbiodinium42314,0.34180744365338
Symbiodinium42315,0.0225311471216537
Symbiodinium42319,-0.044664145429142
Symbiodinium42320,0.095841422240406
Symbiodinium42322,0.0104421077517852
Symbiodinium42323,0.317142123022242
Symbiodinium42324,0.130667519858312
Symbiodinium42326,-0.0159253681793817
Symbiodinium42331,0.0295623854775257
Symbiodinium42334,0.0214737928985187
Symbiodinium42342,-0.05961314671806
Symbiodinium42344,0.172459062933387
Symbiodinium42345,-0.121691261861546
Symbiodinium42347,0.902150417477664
Symbiodinium42350,0.102365732407788
Symbiodinium42352,-0.0635527197120838
Symbiodinium42353,-0.0295473361098949
Symbiodinium42358,-0.0449647176208366
Symbiodinium42361,0.215835677807519
Symbiodinium42362,-0.0776472137934459
Symbiodinium42365,0.354560232035926
Symbiodinium42367,0.0849635948055591
Symbiodinium42371,-0.00183072521231643
Symbiodinium42377,-0.000484917973759201
Symbiodinium42379,0.213799042877452
Symbiodinium42381,0.128596458754486
Symbiodinium42385,0.418701383111306
Symbiodinium42386,-0.0715485363668649
Symbiodinium42388,0.363146550022099
Symbiodinium42395,0.0595872706878935
Symbiodinium42396,-0.0599476830956615
Symbiodinium42403,-0.00328585140476075
Symbiodinium42404,0.269948435643601
Symbiodinium42405,0.321640763247314
Symbiodinium42407,0.384581755881264
Symbiodinium42411,-0.129181118742573
Symbiodinium42416,0.0876069616696071
Symbiodinium42418,-0.163092024444884
Symbiodinium42419,0.1583658163468
Symbiodinium42420,-0.221229155088515
Symbiodinium42424,0.0518983233510108
Symbiodinium42427,0.103454241707902
Symbiodinium42428,0.150676712900873
Symbiodinium42429,0.222144814353475
Symbiodinium42436,-0.179246070502078
Symbiodinium42442,0.0337691808093723
Symbiodinium42443,0.148553724285477
Symbiodinium42450,-0.0704609075753958
Symbiodinium42451,0.444598448913403
Symbiodinium42452,0.106686263988076
Symbiodinium42454,0.521806415422763
Symbiodinium42456,0.00322550064222824
Symbiodinium42457,0.086113514737478
Symbiodinium42458,0.118445754981852
Symbiodinium42465,-0.0591813315290717
Symbiodinium42466,0.216302717172756
Symbiodinium42469,0.0595301570885369
Symbiodinium42470,-0.086113514737478
Symbiodinium42471,0.335381302553101
Symbiodinium42472,0.414937335724669
Symbiodinium42474,0.570664686737518
Symbiodinium42480,0.0756390073063481
Symbiodinium42482,0.584410361799309
Symbiodinium42486,0.355029034391899
Symbiodinium42492,0.522390339678949
Symbiodinium42494,-0.0203204403567349
Symbiodinium42495,0.0187900003243187
Symbiodinium42500,-0.00183072521231643
Symbiodinium42501,-0.168094491242952
Symbiodinium42506,-0.119871342159477
Symbiodinium42507,0.0932770955718562
Symbiodinium42511,0.111432098339111
Symbiodinium42513,0.130045750220949
Symbiodinium42514,0.170832332499861
Symbiodinium42521,0.137480132770066
Symbiodinium42525,-0.045212991335242
Symbiodinium42528,-0.0396813681204512
Symbiodinium42530,-0.036293250176568
Symbiodinium42531,0.343142068982299
Symbiodinium42535,0.038879707142694
Symbiodinium42536,0.293628644917094
Symbiodinium42538,-0.349864772405164
Symbiodinium42541,-0.0230391697200389
Symbiodinium42543,-0.0404370695466564
Symbiodinium42544,0.178378628540605
Symbiodinium42547,0.0570599269488921
Symbiodinium42553,1.31467695309279
Symbiodinium42555,-0.0097054794447366
Symbiodinium42557,0.317142123022242
Symbiodinium42559,0.0779323330545037
Symbiodinium42564,-0.105679228736116
Symbiodinium42573,0.0942579925413464
Symbiodinium42579,-0.381711789165742
Symbiodinium42586,-0.103843722701727
Symbiodinium42587,0.211976839344936
Symbiodinium42588,-0.116884722538373
Symbiodinium42590,-0.199507306751451
Symbiodinium42592,0.313096963799971
Symbiodinium42595,0.0250585953963556
Symbiodinium42599,-0.0459259823582984
Symbiodinium42600,-0.128365656212534
Symbiodinium42603,1.27593046959092
Symbiodinium42605,0.544733890138539
Symbiodinium42611,0.130159793270278
Symbiodinium42614,0.06705191094176
Symbiodinium42616,-0.0096835513878254
Symbiodinium42623,0.0708244510132322
Symbiodinium42624,-0.21340039003242
Symbiodinium42628,-0.0472205086008854
Symbiodinium42630,-0.273414300418696
Symbiodinium42636,-0.0426780670936749
Symbiodinium42640,-0.0522261754304038
Symbiodinium42641,-0.283455018406468
Symbiodinium42642,0.096168409779296
Symbiodinium42644,0.00017800315072072
Symbiodinium42650,0.376656829315632
Symbiodinium42651,0.0177263474411861
Symbiodinium42652,0.0955818545020494
Symbiodinium42653,0.0362820795834015
Symbiodinium42655,-0.578123048161071
Symbiodinium42657,0.00651978905768305
Symbiodinium42662,-0.444598448913403
Symbiodinium42663,-0.246389801388051
Symbiodinium42668,-0.115912714956325
Symbiodinium42669,-0.0715485363668649
Symbiodinium42676,0.125531387986342
Symbiodinium42677,-0.113433134993813
Symbiodinium42681,0.150926189192039
Symbiodinium42685,0.0251265987149315
Symbiodinium42691,0.234960620753954
Symbiodinium42693,-0.118660739751909
Symbiodinium42700,0.0703618219503046
Symbiodinium42702,-0.626375573863666
Symbiodinium42705,-0.144601015497602
Symbiodinium42710,-0.0271399186534494
Symbiodinium42711,0.0541068265317596
Symbiodinium42713,-0.0815808911803393
Symbiodinium42715,-0.00335696490226385
Symbiodinium42719,0.501530683560293
Symbiodinium42722,0.0110545461199847
Symbiodinium42724,-0.275283014972028
Symbiodinium42726,0.0941678990866504
Symbiodinium42731,-0.0609391454768931
Symbiodinium42732,0.37802260102646
Symbiodinium42733,-0.0262878014969144
Symbiodinium42746,-0.00502914260425311
Symbiodinium42752,0.0367337842674485
Symbiodinium42761,0.260145162608974
Symbiodinium42762,0.977358389746937
Symbiodinium42766,-1.3326379465549
Symbiodinium42768,0.00740559470589527
Symbiodinium42771,-0.0853013361642503
Symbiodinium42775,0.154047597574975
Symbiodinium42778,-0.102165967405568
Symbiodinium42780,0.0624007828048934
Symbiodinium42786,0.00970134349901081
Symbiodinium42790,-0.0318723247980992
Symbiodinium42791,0.466932476686356
Symbiodinium42795,0.268247094214954
Symbiodinium42799,-0.0142870909746582
Symbiodinium42805,0.33758975574695
Symbiodinium42807,-0.0945655528606793
Symbiodinium42808,-2.05188314439791
Symbiodinium42810,0.0125751312230419
Symbiodinium42813,-0.00385769162562648
Symbiodinium42818,0.368222113612807
Symbiodinium42819,2.24588957276042
Symbiodinium42820,0.354560232035926
Symbiodinium42822,-0.14221144760428
Symbiodinium42837,0.0167899021080192
Symbiodinium42841,-0.0245938272580214
Symbiodinium42843,-0.246389801388051
Symbiodinium42845,0.355442795471078
Symbiodinium42847,-0.160984630199016
Symbiodinium42848,0.136370658738702
Symbiodinium42849,0.110299373334087
Symbiodinium42851,0.0895063330130939
Symbiodinium42853,0.167311217947537
Symbiodinium42854,-0.0404370695466564
Symbiodinium42855,0.576590360026811
Symbiodinium42858,-0.137151390998955
Symbiodinium42859,0.00962857470302389
Symbiodinium42864,0.0258644313531925
Symbiodinium42866,0.165538351837433
Symbiodinium42867,0.158267134778945
Symbiodinium42881,-0.00241462678104737
Symbiodinium42885,-0.0913267358824241
Symbiodinium42886,0.298659149711053
Symbiodinium42888,-0.00306523217989292
Symbiodinium42892,0.00353992173516204
Symbiodinium42895,-0.299117136854334
Symbiodinium42896,1.11241377343546
Symbiodinium42897,0.338662187695691
Symbiodinium42899,-0.00815818373349707
Symbiodinium42900,-0.00622926542199442
Symbiodinium42901,0.446833500300845
Symbiodinium42903,0.764848403499919
Symbiodinium42904,-0.0161862535925023
Symbiodinium42906,0.00322550064222824
Symbiodinium42922,-0.296150499339585
Symbiodinium42924,-0.103454241707902
Symbiodinium42926,-0.0638754729059856
Symbiodinium42931,-0.00183072521231643
Symbiodinium42933,0.0173239500316606
Symbiodinium42935,0.209527368609486
Symbiodinium42937,0.0981642846989828
Symbiodinium42939,-0.187959148378939
Symbiodinium42943,-0.086113514737478
Symbiodinium42944,-0.296325725095639
Symbiodinium42945,0.127474094753202
Symbiodinium42950,0.115640530482338
Symbiodinium42954,-0.00808006059133873
Symbiodinium42955,0.12910051076979
Symbiodinium42959,-0.113702227788079
Symbiodinium42966,0.16936326650134
Symbiodinium42969,-0.367793939607369
Symbiodinium42972,0.262666772461476
Symbiodinium42981,0.235150133392243
Symbiodinium42984,0.000130512167099362
Symbiodinium42987,-0.00622926542199442
Symbiodinium42988,0.141625394643183
Symbiodinium42990,0.0526720858329031
Symbiodinium42993,-0.159149331183357
Symbiodinium42995,0.115434899379215
Symbiodinium43000,0.56224057179495
Symbiodinium43002,-0.0253145580311627
Symbiodinium43003,0.324157961127725
Symbiodinium43004,0.117727412490649
Symbiodinium43006,0.25282751754602
Symbiodinium43007,-0.347867014151329
Symbiodinium43012,0.180876844291469
Symbiodinium43017,0.12336929342002
Symbiodinium43020,-0.052533589538001
Symbiodinium43022,0.692898960866068
Symbiodinium43023,0.536579989073978
Symbiodinium43026,0.23218575478963
Symbiodinium43029,-0.373645122391329
Symbiodinium43030,-0.0437225896027806
Symbiodinium43031,0.701761744791662
Symbiodinium43038,0.163253192918466
Symbiodinium43040,-0.128596458754486
Symbiodinium43043,1.00164395554127
Symbiodinium43048,0.00891029993472002
Symbiodinium43052,0.616947533539078
Symbiodinium43053,0.158785033196743
Symbiodinium43064,-0.137480132770066
Symbiodinium43066,-0.0478877284587441
Symbiodinium43070,0.00233427657288004
Symbiodinium43071,-0.0325057996470626
Symbiodinium43074,-0.0240373913995982
Symbiodinium43075,0.0150830176088721
Symbiodinium43077,0.55609180774895
Symbiodinium43084,0.00998737025841538
Symbiodinium43086,0.156411334763812
Symbiodinium43091,0.0512105678560667
Symbiodinium43093,-0.048658760472036
Symbiodinium43094,0.00998737025841538
Symbiodinium43097,-0.0969809509736038
Symbiodinium43098,-0.00835805011969384
Symbiodinium43100,0.140179995534075
Symbiodinium43101,0.0740449319026819
Symbiodinium43108,0.00996319058853076
Symbiodinium43109,0.136851760309234
Symbiodinium43111,0.427089815531527
Symbiodinium43113,-0.237124844885338
Symbiodinium43125,0.0956253018839247
Symbiodinium43126,-0.183358776530114
Symbiodinium43129,0.147172573367412
Symbiodinium43132,0.00996319058853076
Symbiodinium43133,0.205901791476803
Symbiodinium43137,0.301613049876754
Symbiodinium43140,0.148553724285477
Symbiodinium43141,-0.207132843590143
Symbiodinium43142,-0.065879066668745
Symbiodinium43143,0.065879066668745
Symbiodinium43144,0.262666772461476
Symbiodinium43145,0.0876069616696071
Symbiodinium43152,-0.118314766089947
Symbiodinium43153,-0.0187900003243187
Symbiodinium43154,0.335287140181588
Symbiodinium43155,0.0404370695466564
Symbiodinium43156,0.187959148378939
Symbiodinium43157,0.06084360203469
Symbiodinium43158,-0.537980530465822
Symbiodinium43160,0.0426277771342507
Symbiodinium43161,0.0808438242234538
Symbiodinium43163,0.110434607524036
Symbiodinium43166,0.0469176971361948
Symbiodinium43170,0.243819271204014
Symbiodinium43177,0.299117136854334
Symbiodinium43178,0.081761430364194
Symbiodinium43179,0.309402568133434
Symbiodinium43180,0.109678082686188
Symbiodinium43181,0.0281984380700664
Symbiodinium43182,0.0426816236951148
Symbiodinium43185,-0.304826107659601
Symbiodinium43186,0.0785167501177257
Symbiodinium43192,-0.409666008191915
Symbiodinium43193,0.0453058952425128
Symbiodinium43199,-0.103220244313626
Symbiodinium43200,-0.0534163258860496
Symbiodinium43204,0.264769276725798
Symbiodinium43207,-0.0434094844588198
Symbiodinium43208,0.437886579783812
Symbiodinium43209,-0.0251265987149315
Symbiodinium43210,-0.197918935593116
Symbiodinium43214,0.151257934152876
Symbiodinium43216,-0.077742118296948
Symbiodinium43218,-0.0486559992854874
Symbiodinium43219,0.00936223059745143
Symbiodinium43224,0.141625394643183
Symbiodinium43230,0.205832270198014
Symbiodinium43232,-0.000682109137280747
Symbiodinium43239,-1.45443824131481
Symbiodinium43240,-0.0638754729059856
Symbiodinium43244,-0.0237727937266773
Symbiodinium43247,0.471525813817075
Symbiodinium43255,-0.0125827560537671
Symbiodinium43257,0.0241409135747539
Symbiodinium43259,-0.516432668474126
Symbiodinium43263,0.141625394643183
Symbiodinium43266,-0.355029034391899
Symbiodinium43269,0.00134616318389094
Symbiodinium43276,1.74522621480798
Symbiodinium43278,0.122559306321012
Symbiodinium43279,-0.133860940324922
Symbiodinium43282,0.116040689294528
Symbiodinium43286,-0.336816883611279
Symbiodinium43290,-0.122559306321012
Symbiodinium43294,0.498860219387473
Symbiodinium43301,-0.202186198785816
Symbiodinium43305,-0.0522261754304038
Symbiodinium43307,0.768922025381409
Symbiodinium43309,0.09986983100061
Symbiodinium43313,0.154203416338852
Symbiodinium43315,0.377034610873222
Symbiodinium43318,0.0113937567176681
Symbiodinium43326,0.384535896872219
Symbiodinium43328,0.0696985424016228
Symbiodinium43336,0.22210981634817
Symbiodinium43340,0.386774905805501
Symbiodinium43341,0.183358776530114
Symbiodinium43345,0.320352936685704
Symbiodinium43346,-0.958582768104165
Symbiodinium43347,-0.0829108706684641
Symbiodinium43350,0.038879707142694
Symbiodinium43351,-0.246763256127078
Symbiodinium43352,0.299117136854334
Symbiodinium43353,-0.00247091183554866
Symbiodinium43360,-0.0142476535117569
Symbiodinium43365,-0.180334302641701
Symbiodinium43374,-0.0367622461680924
Symbiodinium43385,0.00292114614614156
Symbiodinium43386,0.106646215833385
Symbiodinium43388,0.0510367309735424
Symbiodinium43391,-0.101598049008195
Symbiodinium43394,0.611294003427516
Symbiodinium43396,-0.797932028999079
Symbiodinium43400,0.142476036565045
Symbiodinium43401,0.0681818077884808
Symbiodinium43411,0.345102297564777
Symbiodinium43412,-0.0598493122437132
Symbiodinium43415,1.61299184032995
Symbiodinium43419,-0.171026812454595
Symbiodinium43422,-0.429850379432629
Symbiodinium43425,0.299117136854334
Symbiodinium43426,0.202959133201961
Symbiodinium43427,-0.223160601281772
Symbiodinium43428,0.123353430307904
Symbiodinium43431,0.094965718310012
Symbiodinium43438,0.056069507906546
Symbiodinium43439,-0.119649562043494
Symbiodinium43440,0.296985525642156
Symbiodinium43441,0.123459100185909
Symbiodinium43445,-0.00622926542199442
Symbiodinium43447,0.00847976080593747
Symbiodinium43448,0.0147112747835468
Symbiodinium43449,-0.0592216039193236
Symbiodinium43454,0.24577571115146
Symbiodinium43455,0.0601246010158838
Symbiodinium43458,0.118236626477312
Symbiodinium43460,-0.00428814615208419
Symbiodinium43461,-0.0459259823582984
Symbiodinium43468,0.0135286538264533
Symbiodinium43475,0.0359531016325968
Symbiodinium43478,0.12109960099097
Symbiodinium43480,0.416745936318562
Symbiodinium43481,0.377651782496926
Symbiodinium43485,-0.44738968318704
Symbiodinium43487,0.260000973545969
Symbiodinium43491,0.979011060469293
Symbiodinium43492,-0.0404370695466564
Symbiodinium43495,-0.0161862535925023
Symbiodinium43496,-0.380885651556274
Symbiodinium43497,-0.0117206605912117
Symbiodinium43498,0.293436327661066
Symbiodinium43504,0.209631471194344
Symbiodinium43505,-0.335319038249533
Symbiodinium43506,-0.050224024423451
Symbiodinium43507,-0.0618620913794151
Symbiodinium43508,1.37068891171487
Symbiodinium43513,-0.0881641921825534
Symbiodinium43514,0.148328338118528
Symbiodinium43519,-0.114684030003925
Symbiodinium43521,-0.101822035639119
Symbiodinium43524,0.13886993535242
Symbiodinium43526,-0.120733016327019
Symbiodinium43527,-0.0505141767120753
Symbiodinium43528,0.0127893874259432
Symbiodinium43530,-0.00905766827615342
Symbiodinium43534,-0.0152268475070814
Symbiodinium43535,0.0243489223494418
Symbiodinium43536,-0.178378628540605
Symbiodinium43538,0.492061426073415
Symbiodinium43541,0.0150830176088721
Symbiodinium43542,-0.220428617727361
Symbiodinium43547,0.0806163019123009
Symbiodinium43549,-0.128951433654431
Symbiodinium43551,-0.06429974640773
Symbiodinium43552,0.395108942548293
Symbiodinium43558,0.0389681914842734
Symbiodinium43559,0.159715205864933
Symbiodinium43562,0.0114580344621899
Symbiodinium43564,0.097578749327524
Symbiodinium43566,0.0857330357824531
Symbiodinium43569,-0.248389045603384
Symbiodinium43572,0.120733016327019
Symbiodinium43581,-0.217498558392409
Symbiodinium43583,-0.059432806064039
Symbiodinium43585,-0.0981642846989828
Symbiodinium43586,-0.0177263474411861
Symbiodinium43589,-1.52312854245277
Symbiodinium43592,0.634706341287718
Symbiodinium43595,-0.0293438115184394
Symbiodinium43596,-0.0348309136708708
Symbiodinium43597,-0.0161862535925023
Symbiodinium43599,-0.0139028176258438
Symbiodinium43605,0.108784041435646
Symbiodinium43607,-0.182331537209146
Symbiodinium43610,0.0708967922592056
Symbiodinium43612,0.078004999298977
Symbiodinium43613,0.204335690231963
Symbiodinium43614,0.675653327410739
Symbiodinium43620,0.000904612367675812
Symbiodinium43621,-0.433553026748693
Symbiodinium43622,0.234614114016875
Symbiodinium43624,0.0377557648705921
Symbiodinium43626,0.0468192683956373
Symbiodinium43630,0.324157961127725
Symbiodinium43632,0.532644598960166
Symbiodinium43633,0.0517305706623189
Symbiodinium43635,0.55609180774895
Symbiodinium43640,-0.14486602663441
Symbiodinium43641,0.186552044616342
Symbiodinium43644,0.0295903366138149
Symbiodinium43649,-0.346571286115829
Symbiodinium43651,0.337782580135348
Symbiodinium43652,-0.200392474992238
Symbiodinium43656,-0.0895063330130939
Symbiodinium43662,-0.0738532057280556
Symbiodinium43666,0.294736690168973
Symbiodinium43668,-0.159094627150064
Symbiodinium43669,0.177339682807692
Symbiodinium43674,1.85499179735769
Symbiodinium43677,-0.0150424809002896
Symbiodinium43678,0.447744025432807
Symbiodinium43679,0.112327208030394
Symbiodinium43680,-0.0318450302118285
Symbiodinium43682,0.140198598294429
Symbiodinium43684,0.2637087992753
Symbiodinium43689,-0.236989916485957
Symbiodinium43691,-0.0570599269488921
Symbiodinium43698,-0.127347029730011
Symbiodinium43699,0.090467273807625
Symbiodinium43701,0.0895063330130939
Symbiodinium43702,0.0296907400786655
Symbiodinium43704,0.0203127982409819
Symbiodinium43705,0.231366082186953
Symbiodinium43708,-0.00502914260425311
Symbiodinium43713,0.058146868811148
Symbiodinium43715,0.0117528357247562
Symbiodinium43716,-0.0303415927699022
Symbiodinium43717,-0.0226329692008673
Symbiodinium43718,0.164501125262001
Symbiodinium43719,-0.0188021669132302
Symbiodinium43721,0.0130179743969905
Symbiodinium43729,0.574278294205516
Symbiodinium43731,0.0128479494937309
Symbiodinium43732,0.462566095772418
Symbiodinium43736,-0.324157961127725
Symbiodinium43738,-0.285071244398314
Symbiodinium43743,-0.465586182606703
Symbiodinium43747,0.525792229070794
Symbiodinium43754,-0.579641946378676
Symbiodinium43761,0.370068142091972
Symbiodinium43773,-0.12336929342002
Symbiodinium43774,0.147328132269494
Symbiodinium43775,0.458444641643977
Symbiodinium43776,0.293602753823021
Symbiodinium43779,-0.0121296639937761
Symbiodinium43784,-0.299418579678409
Symbiodinium43785,-0.0512942593443835
Symbiodinium43787,0.177382411185841
Symbiodinium43789,0.211102921478954
Symbiodinium43793,0.130098088373261
Symbiodinium43796,-0.0160884406174809
Symbiodinium43802,0.402260966488378
Symbiodinium43806,-0.19577370262736
Symbiodinium43811,0.522390339678949
Symbiodinium43812,-0.114106483819913
Symbiodinium43814,0.179992545036497
Symbiodinium43818,0.214807553385211
Symbiodinium43819,0.00356729555100453
Symbiodinium43820,0.838981252310468
Symbiodinium43824,0.130379013885169
Symbiodinium43825,-0.418579569852249
Symbiodinium43826,0.322517868183518
Symbiodinium43827,-0.106975892855875
Symbiodinium43833,-0.021129452373871
Symbiodinium43834,0.0128170793556189
Symbiodinium43836,-0.237103397391599
Symbiodinium43838,0.172459062933387
Symbiodinium43843,0.465657512928105
Symbiodinium43844,-0.0540108739521276
Symbiodinium43849,-0.000327961110938254
Symbiodinium43850,-0.487911880333059
Symbiodinium43856,0.255221703561283
Symbiodinium43867,0.0250585953963556
Symbiodinium43870,-0.410675017620925
Symbiodinium43871,-0.052533589538001
Symbiodinium43873,0.211864528214031
Symbiodinium43876,0.0738532057280556
Symbiodinium43877,0.10321624453361
Symbiodinium43878,0.0776845099390635
Symbiodinium43880,-0.0161862535925023
Symbiodinium43881,0.0588597603219067
Symbiodinium43887,-0.125620358092068
Symbiodinium43891,0.152702033389972
Symbiodinium43901,-0.288621187155247
Symbiodinium43902,0.30086825926123
Symbiodinium43905,-0.198838827550105
Symbiodinium43907,0.107197064053151
Symbiodinium43910,0.0577599037338304
Symbiodinium43912,0.351606909996007
Symbiodinium43913,0.795639581179236
Symbiodinium43914,0.0908431013139933
Symbiodinium43919,-0.00901829903554805
Symbiodinium43923,-0.0935228834115494
Symbiodinium43925,0.0187900003243187
Symbiodinium43928,0.547919254803065
Symbiodinium43931,0.0269507342977218
Symbiodinium43933,-0.0662844384640763
Symbiodinium43940,0.338662187695691
Symbiodinium43941,-0.222362168989104
Symbiodinium43944,-0.240385331564523
Symbiodinium43946,0.229109614745305
Symbiodinium43950,0.182331537209146
Symbiodinium43952,0.390054393069839
Symbiodinium43953,0.000521479219132968
Symbiodinium43958,-0.0267781461272641
Symbiodinium43961,-0.0368595320716173
Symbiodinium43967,0.0298668468191135
Symbiodinium43977,-0.00891288757559414
Symbiodinium43978,0.0666031978824402
Symbiodinium43981,0.122635115313128
Symbiodinium43988,-0.333112794808352
Symbiodinium43991,-0.0056317183941546
Symbiodinium43992,-0.317142123022242
Symbiodinium43998,0.0318450302118285
Symbiodinium43999,0.522479319748841
Symbiodinium44000,0.222362168989104
Symbiodinium44001,-0.576590360026811
Symbiodinium44003,0.11223637661856
Symbiodinium44004,0.141625394643183
Symbiodinium44005,-0.0123063749851335
Symbiodinium44008,-0.25915948486199
Symbiodinium44011,0.163253192918466
Symbiodinium44013,-0.0754209892177666
Symbiodinium44015,0.0555272075816744
Symbiodinium44020,0.38162624876008
Symbiodinium44021,0.0381910937560427
Symbiodinium44022,-0.000904612367675812
Symbiodinium44023,0.0272558322835979
Symbiodinium44025,-0.122559306321012
Symbiodinium44027,0.0547487471236941
Symbiodinium44034,0.0630253356433101
Symbiodinium44037,0.178378628540605
Symbiodinium44040,0.953919993030885
Symbiodinium44045,0.280356365734792
Symbiodinium44049,-0.174404663210036
Symbiodinium44052,-0.0077136139152767
Symbiodinium44053,-0.0232513342834676
Symbiodinium44055,0.18526416297586
Symbiodinium44057,0.0505141767120753
Symbiodinium44058,0.0800558730096771
Symbiodinium44060,0.00621569419959388
Symbiodinium44067,0.325533138637867
Symbiodinium44068,-0.0493749920399498
Symbiodinium44069,0.223497878054059
Symbiodinium44074,-0.0708244510132322
Symbiodinium44075,-0.228902081161925
Symbiodinium44077,0.403495672702362
Symbiodinium44078,0.198843953622548
Symbiodinium44079,-0.378911889421372
Symbiodinium44082,0.12336929342002
Symbiodinium44083,0.152449438339278
Symbiodinium44088,0.0355333716571159
Symbiodinium44090,-0.00541068275941436
Symbiodinium44093,-0.0147112747835468
Symbiodinium44101,-0.038879707142694
Symbiodinium44112,-0.155415088160154
Symbiodinium44113,0.2133789869134
Symbiodinium44117,0.00996319058853076
Symbiodinium44121,0.0493749920399498
Symbiodinium44124,-0.141648331780602
Symbiodinium44128,0.0795677383539529
Symbiodinium44131,0.764848403499919
Symbiodinium44132,0.151927028615835
Symbiodinium44134,0.623024147870106
Symbiodinium44137,-0.288893848021982
Symbiodinium44139,-0.859121438734449
Symbiodinium44141,-0.265293640256156
Symbiodinium44142,-0.0143805102216578
Symbiodinium44154,-0.0216481143554415
Symbiodinium44155,0.0981577518757101
Symbiodinium44156,0.00996319058853076
Symbiodinium44159,-0.0337691808093723
Symbiodinium44160,0.405018159941055
Symbiodinium44165,0.191595692831306
Symbiodinium44166,0.0847743338585445
Symbiodinium44167,0.425395241431459
Symbiodinium44168,0.0225537126752884
Symbiodinium44172,0.105054179138901
Symbiodinium44173,0.227303214609717
Symbiodinium44178,0.125777221000049
Symbiodinium44182,0.086113514737478
Symbiodinium44183,-0.101598049008195
Symbiodinium44184,-0.601317278259431
Symbiodinium44186,-0.438635219451019
Symbiodinium44187,0.0722890961304182
Symbiodinium44190,0.102394295622558
Symbiodinium44192,-0.542603004088701
Symbiodinium44194,0.286803429953591
Symbiodinium44195,0.650505791889493
Symbiodinium44196,-0.0036557337814468
Symbiodinium44203,-2.05867130499568
Symbiodinium44205,0.167059937850854
Symbiodinium44207,-0.086113514737478
Symbiodinium44209,0.138229195757208
Symbiodinium44213,-0.000360221081878565
Symbiodinium44221,-0.0426816236951148
Symbiodinium44223,0.228902081161925
Symbiodinium44233,0.298868327927523
Symbiodinium44236,0.154260102308496
Symbiodinium44239,-0.930707047687929
Symbiodinium44240,-0.101598049008195
Symbiodinium44242,-0.0233454822914128
Symbiodinium44244,-0.109174009222515
Symbiodinium44249,-0.423403930577175
Symbiodinium44253,0.299117136854334
Symbiodinium44254,0.00183072521231643
Symbiodinium44256,0.979011060469293
Symbiodinium44258,0.152613166538575
Symbiodinium44261,0.0396813681204512
Symbiodinium44262,0.175443369054389
Symbiodinium44266,0.354560232035926
Symbiodinium44267,0.384349184233928
Symbiodinium44270,-0.0321259482911587
Symbiodinium44271,-0.021129452373871
Symbiodinium44274,0.00233427657288004
Symbiodinium44278,0.145436433583568
Symbiodinium44280,-0.378130884569231
Symbiodinium44281,-0.0846144532890461
Symbiodinium44283,0.0942579925413464
Symbiodinium44289,-0.411960105393536
Symbiodinium44293,-0.0407425205298897
Symbiodinium44295,0.704162896638475
Symbiodinium44302,0.184821467067881
Symbiodinium44307,-0.0290700408090188
Symbiodinium44312,0.0551489546507618
Symbiodinium44316,0.0567663161337774
Symbiodinium44318,1.36722210517206
Symbiodinium44323,0.750380205258458
Symbiodinium44329,-0.120292420393389
Symbiodinium44330,0.00472851377041647
Symbiodinium44334,0.175720386458096
Symbiodinium44335,-0.0359531016325968
Symbiodinium44339,0.420470944839056
Symbiodinium44342,0.16429257392197
Symbiodinium44345,0.0689171355598215
Symbiodinium44350,0.309458882564091
Symbiodinium44351,-0.0626222921711353
Symbiodinium44352,1.10741933045568
Symbiodinium44353,0.00621569419959388
Symbiodinium44354,0.479914072557435
Symbiodinium44355,0.0188626069580936
Symbiodinium44359,-0.0486559992854874
Symbiodinium44360,-0.122585651630447
Symbiodinium44363,-0.173354812393983
Symbiodinium44366,0.236989916485957
Symbiodinium44367,-0.546147426781737
Symbiodinium44369,0.163092024444884
Symbiodinium44371,-0.38162624876008
Symbiodinium44377,0.0171854996673359
Symbiodinium44380,0.097323105368548
Symbiodinium44384,-0.130146912963595
Symbiodinium44385,0.51764396334255
Symbiodinium44386,0.0269066981398761
Symbiodinium44387,0.373962064153647
Symbiodinium44393,-0.04330918094886
Symbiodinium44397,0.0497777787452416
Symbiodinium44399,0.0250585953963556
Symbiodinium44402,0.117727412490649
Symbiodinium44403,0.0570599269488921
Symbiodinium44410,-0.169126159481941
Symbiodinium44413,-0.00475328472992135
Symbiodinium44417,0.156639557495673
Symbiodinium44421,-0.131216657634249
Symbiodinium44422,-0.0371703645899313
Symbiodinium44428,0.977358389746937
Symbiodinium44435,-0.00322550064222824
Symbiodinium44438,-0.0722890961304182
Symbiodinium44439,0.183358776530114
Symbiodinium44442,0.0885100920324925
Symbiodinium44445,-0.0654851502695754
Symbiodinium44446,-0.0147112747835468
Symbiodinium44447,0.56224057179495
Symbiodinium44450,-0.187959148378939
Symbiodinium44456,0.0981642846989828
Symbiodinium44458,-0.0436136428066316
Symbiodinium44459,-0.0963936800845723
Symbiodinium44460,-0.0559277992540749
Symbiodinium44462,0.77498861643614
Symbiodinium44467,-0.0358742312671123
Symbiodinium44471,0.0455321565440686
Symbiodinium44475,-0.0370546965474299
Symbiodinium44477,0.171874843884251
Symbiodinium44478,-0.288621187155247
Symbiodinium44481,-0.0559766839888695
Symbiodinium44482,0.15182004566255
Symbiodinium44484,0.171995914589154
Symbiodinium44485,0.094965718310012
Symbiodinium44489,-0.489707240153641
Symbiodinium44494,-0.0337691808093723
Symbiodinium44495,0.175139019344597
Symbiodinium44497,-0.0124465339397861
Symbiodinium44498,-0.368412583039468
Symbiodinium44499,-0.704615661627621
Symbiodinium44503,0.108784041435646
Symbiodinium44504,0.0459259823582984
Symbiodinium44505,0.0808438242234538
Symbiodinium44506,-0.0147112747835468
Symbiodinium44507,0.179014026818039
Symbiodinium44516,-0.104432596541603
Symbiodinium44518,0.0518983233510108
Symbiodinium44522,0.0449647176208366
Symbiodinium44525,0.301613049876754
Symbiodinium44527,-0.0378590604059943
Symbiodinium44529,-0.0490455847515163
Symbiodinium44530,-0.000672528545061371
Symbiodinium44533,-0.246389801388051
Symbiodinium44534,-0.0219155631750498
Symbiodinium44539,0.0506571057648049
Symbiodinium44553,0.0984450496529061
Symbiodinium44558,-0.354560232035926
Symbiodinium44560,0.689830929527794
Symbiodinium44563,-0.0206956386281338
Symbiodinium44567,-0.186078998060672
Symbiodinium44568,0.0557031789133968
Symbiodinium44575,0.00183072521231643
Symbiodinium44583,0.103195091758923
Symbiodinium44587,0.215533048237852
Symbiodinium44588,-0.17785080844769
Symbiodinium44592,-0.00475328472992135
Symbiodinium44593,0.158992219386984
Symbiodinium44594,-0.187959148378939
Symbiodinium44602,0.0398305120544645
Symbiodinium44606,0.00891288757559414
Symbiodinium44608,-0.158992219386984
Symbiodinium44616,0.799478696205615
Symbiodinium44621,0.000327961110938254
Symbiodinium44622,0.124373064963844
Symbiodinium44623,0.221229155088515
Symbiodinium44625,0.0896393087983372
Symbiodinium44628,-1.07028312571916
Symbiodinium44629,0.158434976926637
Symbiodinium44630,-0.115101450606267
Symbiodinium44632,0.0821881217203899
Symbiodinium44638,0.187959148378939
Symbiodinium44641,-0.239416227490235
Symbiodinium44642,0.0197200605522482
Symbiodinium44643,-0.0205663675863531
Symbiodinium44646,0.49915628993653
Symbiodinium44648,0.200339727778037
Symbiodinium44649,0.612189662524672
Symbiodinium44650,-0.00017800315072072
Symbiodinium44651,0.191904773263572
Symbiodinium44654,0.0688914214187102
Symbiodinium44659,-0.00376406016871281
Symbiodinium44662,-0.0849988783875338
Symbiodinium44663,0.25282751754602
Symbiodinium44664,0.00622926542199442
Symbiodinium44665,0.0641506134459201
Symbiodinium44669,0.00740559470589527
Symbiodinium44670,0.528349755702447
Symbiodinium44672,0.00183072521231643
Symbiodinium44676,-0.0128479494937309
Symbiodinium44680,0.610686830656141
Symbiodinium44682,1.85499179735769
Symbiodinium44683,-0.0250585953963556
Symbiodinium44688,0.386774905805501
Symbiodinium44692,0.0628354085406838
Symbiodinium44693,-0.0648186047641307
Symbiodinium44696,0.00564758062712324
Symbiodinium44697,-0.0426816236951148
Symbiodinium44699,-0.0537607989737432
Symbiodinium44701,0.222362168989104
Symbiodinium44709,-0.109406144112985
Symbiodinium44713,-0.537577029335269
Symbiodinium44717,-0.368275560928597
Symbiodinium44721,0.44562869532742
Symbiodinium44724,0.187959148378939
Symbiodinium44729,0.0501276987105414
Symbiodinium44731,0.021129452373871
Symbiodinium44733,0.370492393718156
Symbiodinium44735,-0.123047704991773
Symbiodinium44742,-0.0183187446516689
Symbiodinium44743,-0.296150499339585
Symbiodinium44747,0.433776532927411
Symbiodinium44751,0.0729619286893908
Symbiodinium44753,0.0598493122437132
Symbiodinium44755,-0.0422389612084182
Symbiodinium44761,-0.134683289850713
Symbiodinium44762,-0.118072697435687
Symbiodinium44764,-0.325533138637867
Symbiodinium44767,0.10478999417086
Symbiodinium44769,0.000130512167099362
Symbiodinium44771,0.525180964083637
Symbiodinium44773,0.19577370262736
Symbiodinium44774,-0.110922751368678
Symbiodinium44775,-0.00529327028789202
Symbiodinium44778,0.347621048835829
Symbiodinium44779,-0.433255584039675
Symbiodinium44781,0.00996319058853076
Symbiodinium44782,0.0185502339434743
Symbiodinium44784,-0.0250648920251292
Symbiodinium44786,0.386774905805501
Symbiodinium44791,0.0187326983804966
Symbiodinium44793,0.132901887310441
Symbiodinium44800,-0.11784733839079
Symbiodinium44801,0.0387290210347221
Symbiodinium44803,0.0979133622031156
Symbiodinium44806,-0.268458305567395
Symbiodinium44807,-0.203050058175037
Symbiodinium44809,-0.104432596541603
Symbiodinium44810,-0.0496000666672411
Symbiodinium44812,-0.0720422039870404
Symbiodinium44813,-0.0465667843215244
Symbiodinium44814,0.0152685483469062
Symbiodinium44816,-0.0385191076969611
Symbiodinium44823,-0.0344978229868666
Symbiodinium44827,0.0196773566092285
Symbiodinium44828,-0.141048318074751
Symbiodinium44829,-0.210465054896112
Symbiodinium44838,0.384535896872219
Symbiodinium44839,0.0570232870255416
Symbiodinium44842,-0.0853013361642503
Symbiodinium44844,-0.00183072521231643
Symbiodinium44847,0.380886973467233
Symbiodinium44851,0.0570599269488921
Symbiodinium44854,0.264860148046874
Symbiodinium44855,0.235840837685907
Symbiodinium44856,0.137491530688838
Symbiodinium44863,-0.298659149711053
Symbiodinium44865,0.749103243044436
Symbiodinium44866,0.0846936882599716
Symbiodinium44868,0.255589574162195
Symbiodinium44877,-0.178378628540605
Symbiodinium44878,-0.09986983100061
Symbiodinium44879,0.0464121159402926
Symbiodinium44888,0.132246668567024
Symbiodinium44892,-0.0565319469727214
Symbiodinium44893,0.216694637483788
Symbiodinium44894,-0.0555272075816744
Symbiodinium44896,-0.0260188594646518
Symbiodinium44901,0.0815093501272484
Symbiodinium44904,0.000360221081878565
Symbiodinium44909,0.0592187840330072
Symbiodinium44911,0.123867042523586
Symbiodinium44912,-0.161268318358964
Symbiodinium44913,0.115376745060791
Symbiodinium44914,-0.115122060715053
Symbiodinium44917,-0.0561106003724725
Symbiodinium44919,0.174387736226007
Symbiodinium44920,-0.253296525014889
Symbiodinium44921,-0.199162157928964
Symbiodinium44923,0.397000020092249
Symbiodinium44927,0.179728568417188
Symbiodinium44928,-0.263696776576879
Symbiodinium44933,0.597450565697139
Symbiodinium44945,0.0966066522319077
Symbiodinium44946,0.118314766089947
Symbiodinium44947,0.0146161493376806
Symbiodinium44948,-0.166339767117576
Symbiodinium44949,0.212245706539798
Symbiodinium44953,-0.894187636275721
Symbiodinium44954,0.00711930943242685
Symbiodinium44955,-0.287035224663109
Symbiodinium44962,0.212309001783581
Symbiodinium44963,-0.00411933727629533
Symbiodinium44964,-0.167866359740231
Symbiodinium44967,-0.00502914260425311
Symbiodinium44972,0.0667646149392171
Symbiodinium44975,0.127347029730011
Symbiodinium44977,0.106027526987659
Symbiodinium44978,0.0431087596727946
Symbiodinium44981,-0.0301965789379114
Symbiodinium44983,0.390697337143446
Symbiodinium44984,-0.0802804011266036
Symbiodinium44992,0.146150553880822
Symbiodinium44995,0.325981384513044
Symbiodinium44997,0.0113817526923287
Symbiodinium44998,-0.0486559992854874
Symbiodinium44999,-0.02717138248627
Symbiodinium45001,0.115122060715053
Symbiodinium45002,0.171995914589154
Symbiodinium45009,0.0258388791032568
Symbiodinium45011,0.0243489223494418
Symbiodinium45014,0.0681818077884808
Symbiodinium45017,-0.178378628540605
Symbiodinium45022,0.06705191094176
Symbiodinium45025,0.245560390176611
Symbiodinium45027,0.514915185029479
Symbiodinium45029,0.0570232870255416
Symbiodinium45030,0.544843295505134
Symbiodinium45032,0.263381352517013
Symbiodinium45033,-0.0606960686693483
Symbiodinium45036,0.288621187155247
Symbiodinium45042,-0.194341863440706
Symbiodinium45045,-0.288893848021982
Symbiodinium45051,0.0523521539909151
Symbiodinium45052,0.364580128256004
Symbiodinium45053,0.0187326983804966
Symbiodinium45054,-0.360427517454501
Symbiodinium45055,-0.00328585140476075
Symbiodinium45056,-0.0508087806142843
Symbiodinium45057,0.00525489825098913
Symbiodinium45061,0.414937335724669
Symbiodinium45062,-0.0117206605912117
Symbiodinium45063,-0.0794810022251069
Symbiodinium45064,-0.0322252133646815
Symbiodinium45067,-0.182566087806444
Symbiodinium45068,-0.120733016327019
Symbiodinium45070,0.0768859016482032
Symbiodinium45077,-0.0843080196779653
Symbiodinium45078,0.610686830656141
Symbiodinium45079,0.55609180774895
Symbiodinium45081,-0.0496000666672411
Symbiodinium45084,-0.0934407181023559
Symbiodinium45085,0.282063795755514
Symbiodinium45086,-3.81267077965226
Symbiodinium45091,0.228902081161925
Symbiodinium45100,-0.131122096301423
Symbiodinium45101,-0.187166645534158
Symbiodinium45102,1.23188363964105
Symbiodinium45107,-0.086113514737478
Symbiodinium45108,0.610714658236003
Symbiodinium45116,0.103156229673539
Symbiodinium45128,0.354560232035926
Symbiodinium45129,-0.204008713487016
Symbiodinium45131,0.319047214881958
Symbiodinium45132,0.681914321892327
Symbiodinium45133,-0.135188256801545
Symbiodinium45134,0.299117136854334
Symbiodinium45139,-0.0590335837644116
Symbiodinium45140,0.299117136854334
Symbiodinium45141,0.0466403583258269
Symbiodinium45142,0.407474704946114
Symbiodinium45143,0.255221703561283
Symbiodinium45144,-0.507585455036468
Symbiodinium45146,-0.0362820795834015
Symbiodinium45152,-0.0810819477267498
Symbiodinium45153,0.221293468458454
Symbiodinium45155,-0.546222628446066
Symbiodinium45161,0.134535922082848
Symbiodinium45167,-0.0592216039193236
Symbiodinium45168,0.69860646734804
Symbiodinium45172,0.17295019803822
Symbiodinium45173,0.0187900003243187
Symbiodinium45174,-0.319187592641606
Symbiodinium45175,-0.097870154767724
Symbiodinium45181,-0.599218727196237
Symbiodinium45183,0.325764044802059
Symbiodinium45185,0.187959148378939
Symbiodinium45186,0.0537560024292402
Symbiodinium45190,0.563400341438618
Symbiodinium45193,0.266843077250014
Symbiodinium45196,1.03358934196132
Symbiodinium45197,-0.0431087596727946
Symbiodinium45198,0.249081050605226
Symbiodinium45208,0.021129452373871
Symbiodinium45209,0.0318723247980992
Symbiodinium45222,-0.520585791488132
Symbiodinium45225,0.126365764357553
Symbiodinium45226,0.0330436028914371
Symbiodinium45227,0.275283014972028
Symbiodinium45230,0.0056317183941546
Symbiodinium45231,0.133860940324922
Symbiodinium45232,0.00996319058853076
Symbiodinium45234,-0.0455227335460308
Symbiodinium45238,0.507437706930792
Symbiodinium45243,0.657603773793467
Symbiodinium45245,0.123955607055706
Symbiodinium45251,-0.29935498684295
Symbiodinium45252,0.266761888448613
Symbiodinium45256,0.00835805011969384
Symbiodinium45257,0.171026812454595
Symbiodinium45258,0.190220122465633
Symbiodinium45260,-0.0181805681866689
Symbiodinium45263,0.0689171355598215
Symbiodinium45264,0.00322550064222824
Symbiodinium45266,-0.130592465490345
Symbiodinium45268,0.0148638063187022
Symbiodinium45272,0.114122323862375
Symbiodinium45273,0.25282751754602
Symbiodinium45282,-0.160984630199016
Symbiodinium45288,0.174387736226007
Symbiodinium45291,-0.38603104547208
Symbiodinium45292,-0.0161862535925023
Symbiodinium45293,0.00183072521231643
Symbiodinium45296,0.922804420846593
Symbiodinium45297,0.157011755160512
Symbiodinium45299,0.00339048303305014
Symbiodinium45302,0.0187900003243187
Symbiodinium45303,0.0841880504458339
Symbiodinium45304,0.177339682807692
Symbiodinium45309,0.0802804011266036
Symbiodinium45310,0.0662891499080897
Symbiodinium45314,0.00168969425288637
Symbiodinium45315,0.0206130725926578
Symbiodinium45316,-0.139916903081985
Symbiodinium45319,0.0426103182395548
Symbiodinium45323,0.130220447860754
Symbiodinium45324,-0.0181805681866689
Symbiodinium45325,0.021129452373871
Symbiodinium45327,0.00722674156605299
Symbiodinium45329,0.00249825429678547
Symbiodinium45330,-0.223160601281772
Symbiodinium45334,0.0674442990825978
Symbiodinium45337,0.210411323555716
Symbiodinium45338,0.0173865865919666
Symbiodinium45340,0.0274705308510813
Symbiodinium45343,-0.223036059878017
Symbiodinium45346,0.0459259823582984
Symbiodinium45348,0.470629500470362
Symbiodinium45353,0.381084114738947
Symbiodinium45355,-0.214339284406208
Symbiodinium45357,0.515170115094878
Symbiodinium45361,-0.141625394643183
Symbiodinium45363,0.010345251185596
Symbiodinium45368,0.0694660496065154
Symbiodinium45370,0.0547487471236941
Symbiodinium45371,-0.0781531917537787
Symbiodinium45377,-0.345102297564777
Symbiodinium45378,0.00133150948307687
Symbiodinium45382,0.367606637890692
Symbiodinium45388,-0.00134616318389094
Symbiodinium45393,0.00241462678104737
Symbiodinium45397,-0.0519986226670716
Symbiodinium45400,0.0159912826262148
Symbiodinium45405,-0.00996319058853076
Symbiodinium45406,-0.0936797913109547
Symbiodinium45408,-0.0713669460721872
Symbiodinium45411,-0.0697405293150334
Symbiodinium45414,0.191243297860934
Symbiodinium45423,-0.0404641246552266
Symbiodinium45425,0.266121126805186
Symbiodinium45438,1.20119970827128
Symbiodinium45448,0.182566087806444
Symbiodinium45449,0.261699664415049
Symbiodinium45450,-0.0978028466096432
Symbiodinium45457,1.79062849055415
Symbiodinium45459,-0.086113514737478
Symbiodinium45462,-0.0367337842674485
Symbiodinium45463,-0.128365656212534
Symbiodinium45469,0.0530596346253349
Symbiodinium45475,0.0976908087958806
Symbiodinium45476,0.141625394643183
Symbiodinium45477,0.094965718310012
Symbiodinium45483,0.910282519735679
Symbiodinium45484,-0.173879198174425
Symbiodinium45485,-0.105411788954542
Symbiodinium45487,0.373962064153647
Symbiodinium45488,0.173354812393983
Symbiodinium45490,0.534554241063298
Symbiodinium45493,0.105679228736116
Symbiodinium45495,-0.0215152505439995
Symbiodinium45506,0.222144814353475
Symbiodinium45508,0.0570232870255416
Symbiodinium45514,0.0216887345511124
Symbiodinium45522,0.0554141074702047
Symbiodinium45523,0.112327208030394
Symbiodinium45529,0.0227664170883424
Symbiodinium45534,0.0292969794596097
Symbiodinium45538,-0.121239441673583
Symbiodinium45540,0.0684639196560847
Symbiodinium45541,0.45828791664276
Symbiodinium45543,0.330013964033573
Symbiodinium45544,-0.317142123022242
Symbiodinium45545,-0.0592756084822358
Symbiodinium45547,-0.0182766583323697
Symbiodinium45550,0.0250585953963556
Symbiodinium45551,0.188397109324061
Symbiodinium45555,0.116390602076213
Symbiodinium45565,-0.702124262375719
Symbiodinium45570,0.563172205708967
Symbiodinium45574,0.418579569852249
Symbiodinium45576,0.324157961127725
Symbiodinium45592,0.00475328472992135
Symbiodinium45595,0.0129410404547668
Symbiodinium45596,0.138479028757941
Symbiodinium45599,-0.296150499339585
Symbiodinium45605,0.000484917973759201
Symbiodinium45607,0.280356365734792
Symbiodinium45608,-0.187166645534158
Symbiodinium45609,-0.219847668981897
Symbiodinium45617,-0.0096835513878254
Symbiodinium45618,-0.137480132770066
Symbiodinium45624,-0.00904966917111838
Symbiodinium45625,0.51764396334255
Symbiodinium45629,0.0537607989737432
Symbiodinium45631,0.486443036657409
Symbiodinium45633,-0.0290419743803539
Symbiodinium45635,0.127007487399666
Symbiodinium45636,-0.140345476372829
Symbiodinium45638,0.445318528545203
Symbiodinium45639,-0.24848459474913
Symbiodinium45645,-0.131175863276538
Symbiodinium45646,0.00385769162562648
Symbiodinium45650,-0.520139013718064
Symbiodinium45655,0.0187326983804966
Symbiodinium45657,4.39583058798564
Symbiodinium45664,0.675653327410739
Symbiodinium45672,-0.26472834805947
Symbiodinium45673,0.151459493674033
Symbiodinium45674,-0.51764396334255
Symbiodinium45676,-0.00343909748157498
Symbiodinium45681,0.274132909001806
Symbiodinium45682,-0.147667160396863
Symbiodinium45689,0.631963285516647
Symbiodinium45690,0.418579569852249
Symbiodinium45695,-0.262884359402703
Symbiodinium45697,0.0459259823582984
Symbiodinium45698,0.167866359740231
Symbiodinium45706,-0.035795741164243
Symbiodinium45708,0.148148454972375
Symbiodinium45709,-0.0160884406174809
Symbiodinium45715,-0.0590482981495633
Symbiodinium45719,0.37802260102646
Symbiodinium45723,-0.355442795471078
Symbiodinium45727,-0.759269437219728
Symbiodinium45728,0.400492057122819
Symbiodinium45733,-0.184821467067881
Symbiodinium45734,0.0916129113679584
Symbiodinium45735,-0.996072518120104
Symbiodinium45736,0.69860646734804
Symbiodinium45737,0.0708244510132322
Symbiodinium45738,1.17593473235849
Symbiodinium45742,0.00835815557982748
Symbiodinium45751,-0.0472205086008854
Symbiodinium45753,0.512146970034802
Symbiodinium45759,-0.045212991335242
Symbiodinium45763,-0.378515321090856
Symbiodinium45776,0.0377557648705921
Symbiodinium45779,0.0978744602744898
Symbiodinium45780,-0.0128673783688989
Symbiodinium45784,-0.0936797913109547
Symbiodinium45785,0.0303415927699022
Symbiodinium45793,0.0342166900197538
Symbiodinium45794,0.176244485578412
Symbiodinium45796,-0.203076000129191
Symbiodinium45798,-0.350967219254203
Symbiodinium45801,-1.34360800314957
Symbiodinium45804,0.110434607524036
Symbiodinium45805,0.140150338175042
Symbiodinium45810,-0.0493749920399498
Symbiodinium45811,0.0402598992440673
Symbiodinium45817,-0.262666772461476
Symbiodinium45819,-0.0147112747835468
Symbiodinium45820,-0.0162205476352685
Symbiodinium45821,-0.0244858216454921
Symbiodinium45824,-0.0449647176208366
Symbiodinium45829,-0.0443112621886225
Symbiodinium45831,-0.192879932356548
Symbiodinium45832,0.0560346947643117
Symbiodinium45835,1.09546857580177
Symbiodinium45836,-0.0301977593496482
Symbiodinium45838,0.717685603638104
Symbiodinium45839,0.0395602031787775
Symbiodinium45840,0.279844486208389
Symbiodinium45848,-0.105191604362089
Symbiodinium45853,0.151854379889237
Symbiodinium45856,-0.25282751754602
Symbiodinium45862,0.00996319058853076
Symbiodinium45865,0.0570599269488921
Symbiodinium45868,-0.0377557648705921
Symbiodinium45870,0.0029518275370504
Symbiodinium45874,0.0469176971361948
Symbiodinium45876,-0.0549011660538686
Symbiodinium45883,0.0906805694840585
Symbiodinium45884,-0.329006669268659
Symbiodinium45889,-0.0318723247980992
Symbiodinium45891,-0.0187900003243187
Symbiodinium45894,0.25490822089467
Symbiodinium45897,0.383824612197092
Symbiodinium45899,-0.137151390998955
Symbiodinium45903,-0.134535922082848
Symbiodinium45904,0.0710394564518993
Symbiodinium45907,0.0332348887796353
Symbiodinium45910,0.0441162346521162
Symbiodinium45914,-0.0309997280114382
Symbiodinium45918,-0.0125827560537671
Symbiodinium45919,-0.195595321635455
Symbiodinium45922,0.127341518623063
Symbiodinium45925,-0.0567663161337774
Symbiodinium45926,-0.00306523217989292
Symbiodinium45929,0.00654216232593288
Symbiodinium45930,-0.19577370262736
Symbiodinium45931,0.00846925016354461
Symbiodinium45937,0.26366620768516
Symbiodinium45938,0.0250585953963556
Symbiodinium45942,-0.118827370814514
Symbiodinium45945,0.169126159481941
Symbiodinium45949,0.0635527197120838
Symbiodinium45950,-0.269660661015052
Symbiodinium45953,-0.0790628972206015
Symbiodinium45954,0.0648186047641307
Symbiodinium45955,0.0934407181023559
Symbiodinium45965,0.122730396341709
Symbiodinium45969,0.0238991778334354
Symbiodinium45971,-0.0192032952800574
Symbiodinium45980,0.173672324849987
Symbiodinium45981,0.0675670206912968
Symbiodinium45984,-0.0130388810181279
Symbiodinium45985,0.522390339678949
Symbiodinium45986,-0.0290902890296271
Symbiodinium45991,0.133860940324922
Symbiodinium45996,0.0976347060223088
Symbiodinium45998,0.627720739548484
Symbiodinium46003,0.52620570369582
Symbiodinium46012,-0.0254263212545386
Symbiodinium46013,-0.0123063749851335
Symbiodinium46015,0.520585791488132
Symbiodinium46016,0.207819765924651
Symbiodinium46017,0.118445754981852
Symbiodinium46020,-0.110119323256956
Symbiodinium46023,-0.0983302139610468
Symbiodinium46024,-0.147667160396863
Symbiodinium46027,0.0029518275370504
Symbiodinium46029,0.179999040544385
Symbiodinium46040,-0.118575856103866
Symbiodinium46042,-0.000750970744462426
Symbiodinium46049,-0.165538351837433
Symbiodinium46053,0.044238329656561
Symbiodinium46054,0.00306523217989292
Symbiodinium46058,-0.0935139112302924
Symbiodinium46059,0.204129150107157
Symbiodinium46061,0.0565319469727214
Symbiodinium46062,0.183358776530114
Symbiodinium46063,0.780377175871448
Symbiodinium46064,-0.0200425831230293
Symbiodinium46065,0.472398581836694
Symbiodinium46074,0.118575856103866
Symbiodinium46077,0.0096835513878254
Symbiodinium46082,-0.0377557648705921
Symbiodinium46088,0.0221772235186489
Symbiodinium46090,-0.098082279020951
Symbiodinium46097,0.098065325935903
Symbiodinium46099,0.0978744602744898
Symbiodinium46100,0.0064750293281107
Symbiodinium46101,0.121239441673583
Symbiodinium46106,-0.00867691945414652
Symbiodinium46109,-0.0802804011266036
Symbiodinium46111,0.00241462678104737
Symbiodinium46112,-0.187959148378939
Symbiodinium46117,0.817396827582179
Symbiodinium46122,0.956776515387894
Symbiodinium46127,-0.431580410776764
Symbiodinium46129,0.464924540058037
Symbiodinium46130,0.0517431257554084
Symbiodinium46136,0.00779515313076773
Symbiodinium46139,0.0801469804549842
Symbiodinium46140,-0.00183072521231643
Symbiodinium46145,0.453941948153155
Symbiodinium46149,0.511424943452667
Symbiodinium46153,0.00562287778745325
Symbiodinium46156,0.038879707142694
Symbiodinium46157,0.0263794357646289
Symbiodinium46159,0.0715485363668649
Symbiodinium46161,0.430871985882761
Symbiodinium46163,0.0784875572160509
Symbiodinium46168,-0.11223637661856
Symbiodinium46170,-0.0154227916035138
Symbiodinium46171,0.286280457170691
Symbiodinium46172,0.0219155631750498
Symbiodinium46173,0.00320729268429195
Symbiodinium46175,0.0681818077884808
Symbiodinium46179,-0.141625394643183
Symbiodinium46180,0.204335690231963
Symbiodinium46181,0.232750444506023
Symbiodinium46182,-0.0163306780394547
Symbiodinium46184,0.402982083098822
Symbiodinium46185,0.293436327661066
Symbiodinium46186,0.320279016530974
Symbiodinium46189,0.0147112747835468
Symbiodinium46190,-0.0622891000216768
Symbiodinium46201,0.122730396341709
Symbiodinium46202,0.111432098339111
Symbiodinium46203,0.0892596647916024
Symbiodinium46205,-0.0239755311015103
Symbiodinium46212,-0.0445333922150791
Symbiodinium46213,0.0815808911803393
Symbiodinium46215,0.597310480994228
Symbiodinium46217,0.44949173171428
Symbiodinium46221,0.0118485313348459
Symbiodinium46222,-0.0147112747835468
Symbiodinium46233,0.36087055620369
Symbiodinium46243,0.251947925603254
Symbiodinium46248,0.255596014658182
Symbiodinium46249,0.21739530139125
Symbiodinium46255,-0.178378628540605
Symbiodinium46258,-0.083390175385956
Symbiodinium46261,0.000768598443410495
Symbiodinium46262,-0.282063795755514
Symbiodinium46263,-0.0532748452233134
Symbiodinium46266,0.19480337271381
Symbiodinium46267,1.02764601615016
Symbiodinium46269,-0.149637679720368
Symbiodinium46270,0.0243877189891568
Symbiodinium46275,-0.0199449559165431
Symbiodinium46276,-0.186245321957266
Symbiodinium46279,0.4177334500338
Symbiodinium46284,0.170630329232368
Symbiodinium46287,-0.0284460986577763
Symbiodinium46291,-0.103980354961585
Symbiodinium46296,0.105630667031442
Symbiodinium46297,-0.108107977482226
Symbiodinium46298,-0.0787894605140894
Symbiodinium46300,-0.186245321957266
Symbiodinium46301,-0.00406604945840888
Symbiodinium46303,0.00322550064222824
Symbiodinium46304,0.57564766495138
Symbiodinium46307,-0.0133078640325845
Symbiodinium46308,-0.0829548092681457
Symbiodinium46318,-0.265293640256156
Symbiodinium46320,-0.0600358105793683
Symbiodinium46323,0.365448543911758
Symbiodinium46325,0.0145974932704961
Symbiodinium46330,-0.375079604185227
Symbiodinium46334,0.592748615381407
Symbiodinium46336,-0.00860714000961659
Symbiodinium46339,-0.101822035639119
Symbiodinium46342,-0.1941125656904
Symbiodinium46345,-0.00376406016871281
Symbiodinium46346,0.0029518275370504
Symbiodinium46348,0.10439550749774
Symbiodinium46354,0.0103239948919001
Symbiodinium46356,-0.249964252324191
Symbiodinium46363,-0.0332673084383162
Symbiodinium46366,0.0967133556285632
Symbiodinium46367,-0.0187900003243187
Symbiodinium46368,0.210513510213013
Symbiodinium46369,-0.115008077322276
Symbiodinium46371,-0.180219624856222
Symbiodinium46374,-0.0260188594646518
Symbiodinium46381,-0.0219155631750498
Symbiodinium46383,0.397000020092249
Symbiodinium46391,-0.769546532397524
Symbiodinium46395,-0.200171575354886
Symbiodinium46409,0.32640331118896
Symbiodinium46411,0.421174327138833
Symbiodinium46412,0.000360221081878565
Symbiodinium46413,0.383300071570127
Symbiodinium46416,0.236331671279777
Symbiodinium46421,-0.337782580135348
Symbiodinium46422,-0.0192032952800574
Symbiodinium46427,0.0337691808093723
Symbiodinium46429,-0.00241462678104737
Symbiodinium46435,0.696096658689343
Symbiodinium46437,0.0666394266003626
Symbiodinium46439,0.19166875222602
Symbiodinium46441,-0.0700732575591709
Symbiodinium46444,0.124984941163794
Symbiodinium46445,0.983481376834716
Symbiodinium46447,-0.187959148378939
Symbiodinium46450,-0.638720163348505
Symbiodinium46453,0.0319790576618227
Symbiodinium46456,0.141625394643183
Symbiodinium46457,0.0122940383553652
Symbiodinium46458,-0.00225337221144066
Symbiodinium46459,-0.232820956145381
Symbiodinium46460,-0.0899542935724293
Symbiodinium46461,-0.0101044279742775
Symbiodinium46462,-0.00328585140476075
Symbiodinium46463,0.378911889421372
Symbiodinium46464,0.215342297520193
Symbiodinium46465,-0.287941525540711
Symbiodinium46470,0.232747792839334
Symbiodinium46473,0.407094571476242
Symbiodinium46474,0.400492057122819
Symbiodinium46476,0.496523251303527
Symbiodinium46478,0.343142068982299
Symbiodinium46479,0.104481164752669
Symbiodinium46481,-0.0608880947139162
Symbiodinium46484,0.133860940324922
Symbiodinium46489,-0.0187900003243187
Symbiodinium46498,0.00883993666801331
Symbiodinium46504,0.73684014095027
Symbiodinium46505,0.0648186047641307
Symbiodinium46510,0.00891288757559414
Symbiodinium46515,0.108784041435646
Symbiodinium46516,0.392897912381726
Symbiodinium46517,-0.615465518242618
Symbiodinium46518,0.031698727347094
Symbiodinium46519,0.00281459351281626
Symbiodinium46521,0.0708244510132322
Symbiodinium46523,0.255696140428891
Symbiodinium46524,-0.22543260624727
Symbiodinium46525,-0.299117136854334
Symbiodinium46528,0.0335153685935404
Symbiodinium46529,0.0449647176208366
Symbiodinium46533,0.340131872194935
Symbiodinium46537,-0.226698517693078
Symbiodinium46538,-0.175770204492048
Symbiodinium46539,0.0559277992540749
Symbiodinium46541,-0.0448623763697018
Symbiodinium46545,0.232022944737482
Symbiodinium46546,-0.14310287885463
Symbiodinium46548,0.293436327661066
Symbiodinium46550,0.0564107671350635
Symbiodinium46552,-0.0297379039234306
Symbiodinium46555,0.0493749920399498
Symbiodinium46564,0.266002266438064
Symbiodinium46571,-0.0777609787162319
Symbiodinium46573,-0.0486559992854874
Symbiodinium46575,0.122559306321012
Symbiodinium46576,-0.261821504426319
Symbiodinium46578,0.319187592641606
Symbiodinium46585,0.0451291215261994
Symbiodinium46587,0.0945655528606793
Symbiodinium46589,0.0493749920399498
Symbiodinium46591,0.0324215917116815
Symbiodinium46592,-0.163092024444884
Symbiodinium46593,-0.0247719547485242
Symbiodinium46599,0.0492688127950304
Symbiodinium46602,0.422705263296712
Symbiodinium46607,-0.319381180487061
Symbiodinium46608,-0.10868939844338
Symbiodinium46616,0.122559306321012
Symbiodinium46618,0.0215983549627153
Symbiodinium46622,-0.131122096301423
Symbiodinium46623,0.613632561883502
Symbiodinium46625,-0.0648186047641307
Symbiodinium46629,0.250060009074408
Symbiodinium46631,0.00696449415952873
Symbiodinium46632,0.0722890961304182
Symbiodinium46633,0.341947045902858
Symbiodinium46634,0.0413531817107383
Symbiodinium46643,0.0701539546552445
Symbiodinium46644,0.211255668573548
Symbiodinium46645,0.00241462678104737
Symbiodinium46646,-0.0503734490019902
Symbiodinium46648,0.169126159481941
Symbiodinium46659,0.461851975296989
Symbiodinium46662,0.0298668468191135
Symbiodinium46668,-0.0923112522954265
Symbiodinium46670,-0.0167899021080192
Symbiodinium46673,0.0697405293150334
Symbiodinium46674,-0.167469205444943
Symbiodinium46676,0.104432596541603
Symbiodinium46677,1.00557439139209
Symbiodinium46679,0.324157961127725
Symbiodinium46681,0.208391724739893
Symbiodinium46690,-0.0426816236951148
Symbiodinium46694,0.571008956482568
Symbiodinium46695,1.72323776976843
Symbiodinium46709,0.0934407181023559
Symbiodinium46711,0.00740559470589527
Symbiodinium46712,-0.00712052430598996
Symbiodinium46713,0.32535280126531
Symbiodinium46717,0.0759445198400068
Symbiodinium46729,0.124204874121771
Symbiodinium46730,0.12336929342002
Symbiodinium46731,-0.0607316504545805
Symbiodinium46736,0.299117136854334
Symbiodinium46739,-0.0861622706720208
Symbiodinium46740,-0.0499150994577615
Symbiodinium46744,0.0166216595522664
Symbiodinium46747,-0.0252638196359858
Symbiodinium46748,0.883393206652125
Symbiodinium46749,0.127474094753202
Symbiodinium46753,0.675653327410739
Symbiodinium46754,0.0669517901220365
Symbiodinium46755,-0.562186636839309
Symbiodinium46762,0.222486775378353
Symbiodinium46767,-0.095841422240406
Symbiodinium46769,0.00322550064222824
Symbiodinium46777,0.0222416800971642
Symbiodinium46778,0.355029034391899
Symbiodinium46779,0.021129452373871
Symbiodinium46788,0.504830095324195
Symbiodinium46789,0.182850711345115
Symbiodinium46794,-0.0260188594646518
Symbiodinium46798,0.09986983100061
Symbiodinium46800,0.0704609075753958
Symbiodinium46804,0.0472205086008854
Symbiodinium46806,0.0475599331225344
Symbiodinium46809,-0.12336929342002
Symbiodinium46812,-0.207017833157997
Symbiodinium46813,-0.386774905805501
Symbiodinium46815,-0.0908225457351271
Symbiodinium46816,-0.07038032636081
Symbiodinium46817,0.679258215120017
Symbiodinium46819,-0.0222416800971642
Symbiodinium46820,0.201499527799519
Symbiodinium46823,0.0493197172681442
Symbiodinium46825,-0.0536627832385304
Symbiodinium46828,-0.0654851502695754
Symbiodinium46831,0.372422660488714
Symbiodinium46832,-0.0609391454768931
Symbiodinium46837,0.528732982048282
Symbiodinium46839,-0.0252638196359858
Symbiodinium46840,-0.0436152361938357
Symbiodinium46842,-0.064392441726923
Symbiodinium46844,0.0570934847438989
Symbiodinium46848,0.0784875572160509
Symbiodinium46852,0.0517084212796121
Symbiodinium46856,-0.857917619217018
Symbiodinium46864,0.195922522454821
Symbiodinium46865,-0.0962935112529369
Symbiodinium46866,-0.0825992984185175
Symbiodinium46868,-0.103313267121639
Symbiodinium46874,-0.0203992335336561
Symbiodinium46875,0.195715477955229
Symbiodinium46882,-0.057591313149257
Symbiodinium46886,-0.51200116623029
Symbiodinium46888,0.00271257507726137
Symbiodinium46890,-0.0254115669710293
Symbiodinium46892,0.610686830656141
Symbiodinium46893,0.197979067340965
Symbiodinium46896,0.407094571476242
Symbiodinium469,0.292938273291829
Symbiodinium46900,0.3168106426339
Symbiodinium46902,-0.0359531016325968
Symbiodinium46906,-0.00138007625017469
Symbiodinium46917,1.40142199203115
Symbiodinium46918,0.0837398014391486
Symbiodinium46920,0.44949173171428
Symbiodinium46923,-0.0449647176208366
Symbiodinium46927,0.00996319058853076
Symbiodinium46931,1.04319802328922
Symbiodinium46933,0.503578970659309
Symbiodinium46934,0.00241462678104737
Symbiodinium46935,0.0916216406778412
Symbiodinium46938,-0.0056317183941546
Symbiodinium46943,0.0130179743969905
Symbiodinium46944,0.476808936143208
Symbiodinium46948,-0.45726555979254
Symbiodinium46949,-0.00111440120223265
Symbiodinium46959,0.0378590604059943
Symbiodinium46961,-0.0760155825161205
Symbiodinium46965,-0.0147112747835468
Symbiodinium46971,0.141625394643183
Symbiodinium46975,-0.137474859884858
Symbiodinium46976,0.137245951356882
Symbiodinium46977,0.0641017266002874
Symbiodinium46979,0.25490822089467
Symbiodinium46980,-0.233290020811698
Symbiodinium46982,-0.0150830176088721
Symbiodinium46986,0.11261115020899
Symbiodinium46988,-0.332080348211188
Symbiodinium46991,-0.667197534810563
Symbiodinium46993,-0.186491303680242
Symbiodinium46996,0.27883312618404
Symbiodinium46997,0.00472851377041647
Symbiodinium46998,0.0117528357247562
Symbiodinium47000,0.736911972426437
Symbiodinium47003,0.0941678990866504
Symbiodinium47008,-0.099306882020686
Symbiodinium47011,0.0643540386775534
Symbiodinium47012,-0.407094571476242
Symbiodinium47015,-0.185297314410454
Symbiodinium47018,0.452003883452446
Symbiodinium47022,0.0654851502695754
Symbiodinium47023,0.0219155631750498
Symbiodinium47024,-0.015869699827459
Symbiodinium47025,-0.45742772516761
Symbiodinium47031,0.212245706539798
Symbiodinium47033,-0.134535922082848
Symbiodinium47035,0.689023588438118
Symbiodinium47039,-0.0947170993988273
Symbiodinium47041,0.399838556831395
Symbiodinium47043,0.705210120671896
Symbiodinium47044,0.0377557648705921
Symbiodinium47046,0.341947045902858
Symbiodinium47053,0.184470577915069
Symbiodinium47055,0.170832332499861
Symbiodinium47057,0.710488200857355
Symbiodinium47059,0.403896337856318
Symbiodinium47061,0.122559306321012
Symbiodinium47065,0.0609508084268387
Symbiodinium47071,0.311656575065455
Symbiodinium47072,-0.222807503962498
Symbiodinium47073,0.0128701132843004
Symbiodinium47076,0.0506030087119169
Symbiodinium47078,0.675653327410739
Symbiodinium47081,0.127160490926507
Symbiodinium47084,-0.140872878284801
Symbiodinium47089,-0.0258388791032568
Symbiodinium47090,0.0318450302118285
Symbiodinium47091,0.399297186637177
Symbiodinium47092,0.288621187155247
Symbiodinium47097,0.549320264398915
Symbiodinium47099,0.145217215511028
Symbiodinium47103,0.894380694496879
Symbiodinium47104,0.0147112747835468
Symbiodinium47105,-0.0201556444801804
Symbiodinium47107,0.0137988443469696
Symbiodinium47108,-0.179920025389724
Symbiodinium47113,0.094965718310012
Symbiodinium47121,-2.36858888049011
Symbiodinium47125,0.196983484604719
Symbiodinium47126,0.00241462678104737
Symbiodinium47128,0.131387430692235
Symbiodinium47130,0.00419361900824586
Symbiodinium47134,-0.266751329864027
Symbiodinium47144,-0.000484917973759201
Symbiodinium47146,0.0147112747835468
Symbiodinium47150,-0.0505141767120753
Symbiodinium47158,-0.00346499273440391
Symbiodinium47167,0.0986771320643066
Symbiodinium47172,0.0920516288444148
Symbiodinium47174,0.0858190853048221
Symbiodinium47178,-0.0510367309735424
Symbiodinium47182,-0.00983907217010902
Symbiodinium47183,1.32274628068641
Symbiodinium47191,-0.0641506134459201
Symbiodinium47192,-0.0635527197120838
Symbiodinium47196,-0.128596458754486
Symbiodinium47215,0.00428814615208419
Symbiodinium47218,0.0492688127950304
Symbiodinium47222,0.103306717542251
Symbiodinium47226,0.0506571057648049
Symbiodinium47229,0.078004999298977
Symbiodinium47233,0.0113817526923287
Symbiodinium47240,0.347302012842321
Symbiodinium47245,-0.00901829903554805
Symbiodinium47248,0.00306523217989292
Symbiodinium47249,-0.201513264642611
Symbiodinium47250,0.0444461905768944
Symbiodinium47251,-0.126260034173938
Symbiodinium47255,0.127474094753202
Symbiodinium47256,0.132969307957813
Symbiodinium47264,-0.201499527799519
Symbiodinium47269,-0.00292114614614156
Symbiodinium47275,0.189366932753841
Symbiodinium47277,-0.189601183477269
Symbiodinium47278,0.317169905447896
Symbiodinium47279,-0.189601183477269
Symbiodinium47281,0.155062979082356
Symbiodinium47282,-0.23218575478963
Symbiodinium47296,-0.271332881439444
Symbiodinium47297,-0.193632870639265
Symbiodinium47298,0.990419530673685
Symbiodinium47301,0.199507306751451
Symbiodinium47304,0.0775093488073768
Symbiodinium47310,0.104407670002398
Symbiodinium47314,-0.157836418788281
Symbiodinium47320,0.0501473593444361
Symbiodinium47321,0.148148454972375
Symbiodinium47325,0.137480132770066
Symbiodinium47326,0.106027526987659
Symbiodinium47327,-0.117667861848015
Symbiodinium47329,0.857917619217018
Symbiodinium47330,0.0870601157443308
Symbiodinium47334,-0.0096835513878254
Symbiodinium47342,0.170732729986077
Symbiodinium47343,0.0635527197120838
Symbiodinium47344,-0.00867691945414652
Symbiodinium47347,-0.359549888550455
Symbiodinium47351,-0.0205663675863531
Symbiodinium47352,0.108828808726485
Symbiodinium47353,0.611294003427516
Symbiodinium47356,-0.110268477269488
Symbiodinium47357,0.174903041316764
Symbiodinium4736,2.36035310142749
Symbiodinium47360,0.0829979645186503
Symbiodinium47367,-0.0738532057280556
Symbiodinium47368,0.141625394643183
Symbiodinium47369,-0.0284460986577763
Symbiodinium47374,0.685003802864008
Symbiodinium47379,-0.0029518275370504
Symbiodinium47381,0.16104013694378
Symbiodinium47383,-0.0526720858329031
Symbiodinium47385,0.0201692281870355
Symbiodinium47386,0.271598104863194
Symbiodinium47387,0.0908691368350038
Symbiodinium47388,0.0628652954398886
Symbiodinium47390,-0.187678250379791
Symbiodinium47400,-0.0331325980263746
Symbiodinium47402,0.176244485578412
Symbiodinium47405,-0.0577559126299018
Symbiodinium47409,-0.0221772235186489
Symbiodinium47411,-0.0850952250673542
Symbiodinium47413,-0.0128673783688989
Symbiodinium47415,-0.194039025393724
Symbiodinium47416,0.0914418513599052
Symbiodinium47418,0.0498484171755149
Symbiodinium47421,0.0318450302118285
Symbiodinium47427,0.131175863276538
Symbiodinium47428,-0.148354030193307
Symbiodinium47429,0.129210732863747
Symbiodinium47430,0.397000020092249
Symbiodinium47435,-0.282353836660825
Symbiodinium47436,0.237124844885338
Symbiodinium47437,-0.102183069003549
Symbiodinium47438,0.0333359454945308
Symbiodinium47443,0.190062268939188
Symbiodinium47447,-0.141625394643183
Symbiodinium47448,0.211102921478954
Symbiodinium47449,-0.0451731464498579
Symbiodinium47451,0.0125827560537671
Symbiodinium47454,0.0798415186137287
Symbiodinium47457,-0.493502877537116
Symbiodinium47463,-0.0983302139610468
Symbiodinium47465,-0.135375003075319
Symbiodinium47470,1.57561891882182
Symbiodinium47472,-0.0318723247980992
Symbiodinium47474,0.231366082186953
Symbiodinium47475,-0.045212991335242
Symbiodinium47478,0.275165218328654
Symbiodinium47481,-0.212513095657616
Symbiodinium47482,0.280356365734792
Symbiodinium47483,0.0595872706878935
Symbiodinium47484,0.291925294298573
Symbiodinium47492,0.155865697382766
Symbiodinium47494,-0.04968090308039
Symbiodinium47495,0.016776367423111
Symbiodinium47500,0.135772279201366
Symbiodinium47501,-0.131216657634249
Symbiodinium47503,0.0644026613823391
Symbiodinium47512,0.0530596346253349
Symbiodinium47514,0.0199449559165431
Symbiodinium47536,-0.183697432507589
Symbiodinium47542,-0.0250585953963556
Symbiodinium47546,0.296796884676757
Symbiodinium47547,0.0584748411159863
Symbiodinium47552,0.0172218149154434
Symbiodinium47553,0.502619657418051
Symbiodinium47555,0.188209527391799
Symbiodinium47558,-0.0029518275370504
Symbiodinium47559,0.249964252324191
Symbiodinium47562,0.0482463987852034
Symbiodinium47564,-0.0495134145635789
Symbiodinium47568,-0.227119298820598
Symbiodinium47570,0.0377557648705921
Symbiodinium47571,0.126847389318722
Symbiodinium47577,-0.101598049008195
Symbiodinium47579,0.166889496912057
Symbiodinium47584,-0.125814625782028
Symbiodinium47587,-0.0995572693441202
Symbiodinium47588,0.00322550064222824
Symbiodinium47589,1.0005512184926
Symbiodinium47590,0.0380910204166925
Symbiodinium47591,0.140201900490133
Symbiodinium47593,0.293728316657586
Symbiodinium47594,0.431349201744627
Symbiodinium47595,0.0348309136708708
Symbiodinium47596,-0.0447124676644922
Symbiodinium47598,-0.0404370695466564
Symbiodinium47599,-0.246389801388051
Symbiodinium47603,0.166638083608519
Symbiodinium47605,0.22543260624727
Symbiodinium47608,-0.0122258444316595
Symbiodinium47609,-0.369444194364716
Symbiodinium47610,0.0984550495897596
Symbiodinium47615,0.458732542286304
Symbiodinium47618,-0.0557031789133968
Symbiodinium47620,1.13152301254463
Symbiodinium47622,0.130845032324879
Symbiodinium47628,-0.147415722249833
Symbiodinium47629,-0.145829212403737
Symbiodinium47631,0.200171575354886
Symbiodinium47632,0.109406144112985
Symbiodinium47634,1.72218637442563
Symbiodinium47635,-0.286280457170691
Symbiodinium47638,0.704615661627621
Symbiodinium47644,-0.160984630199016
Symbiodinium47648,-0.340334057641607
Symbiodinium47649,-0.16459861253816
Symbiodinium47651,0.0591813315290717
Symbiodinium47653,-0.141625394643183
Symbiodinium47656,-0.00233427657288004
Symbiodinium47662,-0.038660385666659
Symbiodinium47666,0.130159793270278
Symbiodinium47667,-0.0821906793126396
Symbiodinium47669,0.0868345340286766
Symbiodinium47670,0.338068922759028
Symbiodinium47671,0.280356365734792
Symbiodinium47673,-0.133860940324922
Symbiodinium47679,0.0876911770826783
Symbiodinium47684,-0.00722013191789479
Symbiodinium47687,0.0125348124193899
Symbiodinium47690,-0.151459493674033
Symbiodinium47693,0.0923112522954265
Symbiodinium47698,0.457128290225069
Symbiodinium47700,0.236989916485957
Symbiodinium47705,-0.282063795755514
Symbiodinium47708,0.122497992937407
Symbiodinium47709,0.00740559470589527
Symbiodinium47712,0.0415500795967392
Symbiodinium47714,0.444598448913403
Symbiodinium47716,-0.173784592484554
Symbiodinium47718,0.0601287224775347
Symbiodinium47719,-0.0742828641341836
Symbiodinium47722,0.00247091183554866
Symbiodinium47723,0.255798818151246
Symbiodinium47727,0.0740495810773793
Symbiodinium47728,-0.13261604807852
Symbiodinium47729,0.032800339117974
Symbiodinium47730,-0.0298668468191135
Symbiodinium47732,0.211500716773002
Symbiodinium47733,0.141625394643183
Symbiodinium47734,-0.293153103520447
Symbiodinium47738,0.137480132770066
Symbiodinium47741,0.0398305120544645
Symbiodinium47742,-0.125593430174569
Symbiodinium47745,0.576590360026811
Symbiodinium47746,0.0320694077089563
Symbiodinium47747,0.0853875450599213
Symbiodinium47751,-0.282063795755514
Symbiodinium47752,-0.0239725906822592
Symbiodinium47753,0.30873020474893
Symbiodinium47756,0.00233427657288004
Symbiodinium47757,0.300002266833285
Symbiodinium47759,0.0688914214187102
Symbiodinium47760,-0.0137009575772596
Symbiodinium47761,0.110119323256956
Symbiodinium47765,-0.0557929028936634
Symbiodinium47768,0.184821467067881
Symbiodinium47771,0.0810819477267498
Symbiodinium47772,0.0165628133417015
Symbiodinium47776,-0.103109609150088
Symbiodinium47777,-0.222966793282515
Symbiodinium47778,-0.116867512227803
Symbiodinium47779,0.194875511480433
Symbiodinium47782,0.0389681914842734
Symbiodinium47783,0.0708244510132322
Symbiodinium47786,0.631963285516647
Symbiodinium47790,0.10321624453361
Symbiodinium47793,0.230418600311449
Symbiodinium47795,-0.126151943044648
Symbiodinium47797,0.0590482981495633
Symbiodinium47801,-0.0434439449334714
Symbiodinium47805,0.0947170993988273
Symbiodinium47807,-0.0172357981807872
Symbiodinium47808,0.186078998060672
Symbiodinium47809,0.0029518275370504
Symbiodinium47812,-0.0567663161337774
Symbiodinium47817,0.0318723247980992
Symbiodinium47819,-0.108842422062642
Symbiodinium47820,0.0294765408881997
Symbiodinium47822,-0.405716726982748
Symbiodinium47824,-0.21739530139125
Symbiodinium47829,-0.122929129791444
Symbiodinium47832,-0.509762124154107
Symbiodinium47834,-0.240385331564523
Symbiodinium47838,-0.0320262215446064
Symbiodinium47839,0.0161862535925023
Symbiodinium47840,-0.00817566452346079
Symbiodinium47844,0.0802804011266036
Symbiodinium47851,0.00621569419959388
Symbiodinium47852,-0.0318723247980992
Symbiodinium47853,0.0308524203826775
Symbiodinium47862,-0.0147112747835468
Symbiodinium47864,0.00322550064222824
Symbiodinium47870,-0.0785167501177257
Symbiodinium47878,-0.245231711612545
Symbiodinium47882,-0.298868327927523
Symbiodinium47889,-0.141953403540355
Symbiodinium47890,-0.528458560685614
Symbiodinium47891,-0.120047780179444
Symbiodinium47892,-0.360210650855124
Symbiodinium47898,0.392897912381726
Symbiodinium47902,-0.10827815555887
Symbiodinium47908,-0.149637679720368
Symbiodinium47911,0.317569968764264
Symbiodinium47913,0.470629500470362
Symbiodinium47916,-0.00962857470302389
Symbiodinium47917,-0.0318450302118285
Symbiodinium47918,0.0211407768059436
Symbiodinium47919,0.00525489825098913
Symbiodinium47920,-0.0398305120544645
Symbiodinium47931,0.177339682807692
Symbiodinium47932,-0.0187900003243187
Symbiodinium47934,0.00271257507726137
Symbiodinium47937,0.000264542905017076
Symbiodinium47939,-0.235575577018353
Symbiodinium47940,0.198736641385744
Symbiodinium47944,0.44949173171428
Symbiodinium47947,0.0511176601691792
Symbiodinium47949,0.0650008373166347
Symbiodinium47958,0.77498861643614
Symbiodinium47960,-0.520585791488132
Symbiodinium47963,0.295611434574933
Symbiodinium47964,0.00228764182705271
Symbiodinium47973,-0.00668663189615103
Symbiodinium47974,-0.0135303648730812
Symbiodinium47975,0.0222298326008167
Symbiodinium47976,0.285221844500786
Symbiodinium47979,0.0679698548775984
Symbiodinium47981,0.17295019803822
Symbiodinium47982,0.481767673781384
Symbiodinium47992,0.158575585955133
Symbiodinium47994,0.0786474182834265
Symbiodinium47996,0.0804897671035662
Symbiodinium48003,-0.0441162346521162
Symbiodinium48009,0.169712526202822
Symbiodinium48011,-0.12109960099097
Symbiodinium48012,0.675653327410739
Symbiodinium48013,-0.313810056627818
Symbiodinium48015,0.166232638579152
Symbiodinium48017,0.128506220687229
Symbiodinium48019,0.467785987921247
Symbiodinium48020,0.00233427657288004
Symbiodinium48024,0.17295019803822
Symbiodinium48025,0.176842265257786
Symbiodinium48028,-0.094965718310012
Symbiodinium48030,-0.0187326983804966
Symbiodinium48032,-0.0758618620695073
Symbiodinium48038,0.133860940324922
Symbiodinium48042,-0.0437225896027806
Symbiodinium48043,-0.0549102325846567
Symbiodinium48047,-0.05961314671806
Symbiodinium48049,0.228672018912988
Symbiodinium48050,0.24613373734677
Symbiodinium48051,-0.189601183477269
Symbiodinium48053,0.021129452373871
Symbiodinium48055,0.475683813654959
Symbiodinium48056,-0.0920999633431256
Symbiodinium48061,-0.34180744365338
Symbiodinium48064,0.0547487471236941
Symbiodinium48070,-0.0517084212796121
Symbiodinium48076,0.0505141767120753
Symbiodinium48077,-0.00528985602850681
Symbiodinium48079,-0.0607471850096649
Symbiodinium48082,0.0947170993988273
Symbiodinium48087,0.283396957304086
Symbiodinium48091,-0.0128479494937309
Symbiodinium48097,0.128055278266457
Symbiodinium48098,1.55112422968325
Symbiodinium48099,-0.045212991335242
Symbiodinium48101,0.402982083098822
Symbiodinium48103,0.0219155631750498
Symbiodinium48104,0.0510602007120298
Symbiodinium48105,-0.0295473361098949
Symbiodinium48106,0.286865618846786
Symbiodinium48111,1.68313938277196
Symbiodinium48114,0.14310287885463
Symbiodinium48115,0.131366789996556
Symbiodinium48116,0.00434552118523294
Symbiodinium48117,0.246883292647945
Symbiodinium48125,0.0851788180773327
Symbiodinium48127,0.0977715358899051
Symbiodinium48130,-0.0151617387624482
Symbiodinium48132,0.212813815763236
Symbiodinium48135,1.76569702413201
Symbiodinium48141,0.0886454100567948
Symbiodinium48142,0.207408950525422
Symbiodinium48145,-0.0540108739521276
Symbiodinium48151,0.179525742593831
Symbiodinium48154,0.117216613476971
Symbiodinium48155,0.0510367309735424
Symbiodinium48158,0.12157271763213
Symbiodinium48159,0.191904773263572
Symbiodinium48160,0.00740559470589527
Symbiodinium48161,-0.0590335837644116
Symbiodinium48162,-0.0537607989737432
Symbiodinium48163,-0.122559306321012
Symbiodinium48167,0.221536863766353
Symbiodinium48179,-0.0112586161808556
Symbiodinium48185,0.0310728166941229
Symbiodinium48186,0.0358742312671123
Symbiodinium48192,0.00228764182705271
Symbiodinium48194,0.163770283070577
Symbiodinium48195,-0.011993147483116
Symbiodinium48196,-0.0493749920399498
Symbiodinium48197,0.246389801388051
Symbiodinium48201,-0.0288546159217068
Symbiodinium48203,0.0913267358824241
Symbiodinium48213,0.280356365734792
Symbiodinium48214,0.32535280126531
Symbiodinium48216,0.0196773566092285
Symbiodinium48218,0.000360221081878565
Symbiodinium48219,0.216576961001919
Symbiodinium48227,0.0861622706720208
Symbiodinium48231,-0.163766413266533
Symbiodinium48233,0.00655588614329035
Symbiodinium48234,0.210465054896112
Symbiodinium48244,-0.0592216039193236
Symbiodinium48245,0.0122193458957067
Symbiodinium48247,0.0493749920399498
Symbiodinium48249,-0.191904773263572
Symbiodinium48251,0.44562869532742
Symbiodinium48257,0.0872039873913004
Symbiodinium48258,-0.0764968358488548
Symbiodinium48259,0.0119479661121596
Symbiodinium48261,0.990419530673685
Symbiodinium48262,0.0588597603219067
Symbiodinium48265,-0.0829979645186503
Symbiodinium48270,0.0512573290707483
Symbiodinium48275,0.128062465422921
Symbiodinium48278,0.0328121966618192
Symbiodinium48279,-0.108848167162423
Symbiodinium48281,1.04598034151531
Symbiodinium48283,-0.0944230689250384
Symbiodinium48287,0.151927028615835
Symbiodinium48296,0.0444461905768944
Symbiodinium48300,-0.097323105368548
Symbiodinium48301,0.0196616474562543
Symbiodinium48303,-0.0236948884489234
Symbiodinium48304,-0.00017800315072072
Symbiodinium48310,0.0661331890537538
Symbiodinium48313,-0.153978910828631
Symbiodinium48315,-0.910649225163792
Symbiodinium48316,0.0284390836222733
Symbiodinium48317,-0.394907830232783
Symbiodinium48319,0.045212991335242
Symbiodinium48320,-0.0401812140240331
Symbiodinium48322,-0.000145100770246032
Symbiodinium48325,0.113655318873952
Symbiodinium48333,-0.0119478243972024
Symbiodinium48334,0.160737415991331
Symbiodinium48338,0.340751826470909
Symbiodinium48340,-0.156639557495673
Symbiodinium48347,-0.264966578485728
Symbiodinium48348,0.0482758856542298
Symbiodinium48350,0.0404370695466564
Symbiodinium48351,0.0743051703516483
Symbiodinium48359,-0.0848335429167807
Symbiodinium48363,0.163092024444884
Symbiodinium48366,0.151927028615835
Symbiodinium48369,-0.265524697428666
Symbiodinium48370,0.0269066981398761
Symbiodinium48372,0.0252638196359858
Symbiodinium48378,-0.231498511136751
Symbiodinium48380,-0.481000288338417
Symbiodinium48391,-0.0381410782672579
Symbiodinium48393,0.0858190853048221
Symbiodinium48395,0.0169306572097978
Symbiodinium48397,0.14486602663441
Symbiodinium48400,-0.307603742863977
Symbiodinium48409,0.0226255374309117
Symbiodinium48411,0.094965718310012
Symbiodinium48412,-0.0882582914721066
Symbiodinium48416,-0.0137063709911794
Symbiodinium48417,-1.17593473235849
Symbiodinium48420,-0.161065008839257
Symbiodinium48429,0.18400432021079
Symbiodinium48439,0.00228764182705271
Symbiodinium48444,0.00962857470302389
Symbiodinium48445,-0.0118995254593052
Symbiodinium48448,0.00973289420680023
Symbiodinium48459,0.276479997512901
Symbiodinium48464,0.0258644313531925
Symbiodinium48465,0.248389045603384
Symbiodinium48466,0.192375404583843
Symbiodinium48470,0.758552045974364
Symbiodinium48472,0.948129610006726
Symbiodinium48479,0.0180793170810224
Symbiodinium48480,0.118575856103866
Symbiodinium48486,-0.0271399186534494
Symbiodinium48493,0.0704698088933863
Symbiodinium48494,0.0962157476570608
Symbiodinium48499,-0.00335696490226385
Symbiodinium48504,-0.0947170993988273
Symbiodinium48507,-0.0847743338585445
Symbiodinium48510,-0.179920025389724
Symbiodinium48513,0.0493749920399498
Symbiodinium48515,0.339414725642599
Symbiodinium48516,0.097323105368548
Symbiodinium48518,-0.183463009897151
Symbiodinium48520,-0.023275656724477
Symbiodinium48522,0.099854272553658
Symbiodinium48524,0.369472484612945
Symbiodinium48525,-9.3475354507664e-05
Symbiodinium48529,0.0765069183092007
Symbiodinium48537,0.25490822089467
Symbiodinium48540,0.0577559126299018
Symbiodinium48541,-0.155607279025851
Symbiodinium48545,0.634256458196024
Symbiodinium48551,0.0405649879871001
Symbiodinium48554,0.378159163023376
Symbiodinium48555,-0.181238204574121
Symbiodinium48558,-0.0221772235186489
Symbiodinium48567,-0.101822035639119
Symbiodinium48574,-0.267413762187383
Symbiodinium48575,-0.0921858841241543
Symbiodinium48577,-0.0426816236951148
Symbiodinium48578,-0.0981577518757101
Symbiodinium48581,-0.0130179743969905
Symbiodinium48585,0.0391925785957933
Symbiodinium48589,-0.0759445198400068
Symbiodinium48591,0.059432806064039
Symbiodinium48592,0.341947045902858
Symbiodinium48594,-0.0892481878759989
Symbiodinium48600,0.0466478484325757
Symbiodinium48601,0.280092686263652
Symbiodinium48602,0.00962857470302389
Symbiodinium48603,0.178378628540605
Symbiodinium48611,-0.278265157561545
Symbiodinium48616,-0.0128479494937309
Symbiodinium48622,0.467283071519372
Symbiodinium48623,0.000484917973759201
Symbiodinium48626,-0.859121438734449
Symbiodinium48627,0.0846335974137567
Symbiodinium48629,0.38603104547208
Symbiodinium48631,0.275829038362651
Symbiodinium48634,-0.0038594685534394
Symbiodinium48635,0.324369785286645
Symbiodinium48636,0.0396813681204512
Symbiodinium48638,-0.0377147049618255
Symbiodinium48640,0.141625394643183
Symbiodinium48657,-0.479839841391476
Symbiodinium48658,0.0846335974137567
Symbiodinium48662,0.0331169263612446
Symbiodinium48666,0.0704698088933863
Symbiodinium48668,-0.0161862535925023
Symbiodinium48670,0.211518019617689
Symbiodinium48672,-0.0176169301212512
Symbiodinium48677,0.0330436028914371
Symbiodinium48679,0.46327442430549
Symbiodinium48681,-0.105630667031442
Symbiodinium48685,0.128055278266457
Symbiodinium48687,-0.0656251262163852
Symbiodinium48690,0.0455321565440686
Symbiodinium48701,0.22496134980824
Symbiodinium48706,-0.0116458889749299
Symbiodinium48707,0.282781395619339
Symbiodinium48708,-0.134221659519787
Symbiodinium48715,0.00017800315072072
Symbiodinium48716,0.0892284809511527
Symbiodinium48717,0.243819271204014
Symbiodinium48719,0.116048255736741
Symbiodinium48722,-0.00472851377041647
Symbiodinium48724,-0.00624781056047606
Symbiodinium48725,0.346354250857131
Symbiodinium48727,-0.0187326983804966
Symbiodinium48730,0.440950647856719
Symbiodinium48733,0.00241462678104737
Symbiodinium48737,-0.182179607812335
Symbiodinium48738,0.515170115094878
Symbiodinium48739,0.170732729986077
Symbiodinium48740,-0.380885651556274
Symbiodinium48743,0.147667160396863
Symbiodinium48745,-0.0823430331649677
Symbiodinium48746,0.136142379528605
Symbiodinium48749,0.249901489878184
Symbiodinium48751,0.290194461761097
Symbiodinium48752,-0.387962961027154
Symbiodinium48755,-0.441603007274038
Symbiodinium48761,0.243411930643249
Symbiodinium48762,0.136387777208051
Symbiodinium48766,0.0586684706063727
Symbiodinium48767,0.485510828166702
Symbiodinium48770,0.118575856103866
Symbiodinium48774,-0.101822035639119
Symbiodinium48775,-0.0510367309735424
Symbiodinium48778,-0.134535922082848
Symbiodinium48797,0.418701383111306
Symbiodinium48799,0.141625394643183
Symbiodinium48807,0.0092585983531749
Symbiodinium48808,-0.00241462678104737
Symbiodinium48809,0.135306444045714
Symbiodinium48815,-0.0032188278717652
Symbiodinium48822,0.0559277992540749
Symbiodinium48823,0.114504360847932
Symbiodinium48824,0.0407425205298897
Symbiodinium48835,0.0945655528606793
Symbiodinium48837,0.0187326983804966
Symbiodinium48838,-0.183358776530114
Symbiodinium48842,-0.25490822089467
Symbiodinium48844,1.48960970485312
Symbiodinium48846,-0.0250585953963556
Symbiodinium48848,0.0635527197120838
Symbiodinium48851,-0.00901829903554805
Symbiodinium48854,-0.0729066275451336
Symbiodinium48864,-0.324157961127725
Symbiodinium48866,0.844227139098822
Symbiodinium48870,0.0750951732493768
Symbiodinium48874,-0.412247542218191
Symbiodinium48875,0.0187900003243187
Symbiodinium48879,-0.191904773263572
Symbiodinium48883,0.216576961001919
Symbiodinium48886,0.246883292647945
Symbiodinium48891,0.388295973903921
Symbiodinium48896,0.876540125697368
Symbiodinium48900,0.245480639190414
Symbiodinium48903,0.899629973366602
Symbiodinium48906,-0.0332348887796353
Symbiodinium48914,0.0107681148436984
Symbiodinium48917,-0.038879707142694
Symbiodinium48926,0.251947925603254
Symbiodinium48928,0.702124262375719
Symbiodinium48929,0.322698748730735
Symbiodinium48930,0.0838955815860987
Symbiodinium48931,-0.122559306321012
Symbiodinium48932,0.038879707142694
Symbiodinium48935,-0.0300516596057712
Symbiodinium48936,-0.000484917973759201
Symbiodinium48938,-0.0404641246552266
Symbiodinium48941,0.173354812393983
Symbiodinium48944,0.600706453174638
Symbiodinium48945,-0.00722013191789479
Symbiodinium48946,-0.0432400527464908
Symbiodinium48950,0.00241462678104737
Symbiodinium48959,0.151927028615835
Symbiodinium48960,0.26186453018986
Symbiodinium48961,0.0888328500087654
Symbiodinium48967,-0.83097019232571
Symbiodinium48969,-0.0437225896027806
Symbiodinium48970,-0.0707950860031809
Symbiodinium48971,-0.0318450302118285
Symbiodinium48978,0.0109822839212294
Symbiodinium48985,-0.16429257392197
Symbiodinium48987,-0.00740559470589527
Symbiodinium48988,-0.19577370262736
Symbiodinium48989,0.212688047618628
Symbiodinium48994,-0.0567663161337774
Symbiodinium48995,0.0407828398161933
Symbiodinium48997,-0.249964252324191
Symbiodinium49001,-0.237103397391599
Symbiodinium49004,-0.0449647176208366
Symbiodinium49005,-0.1122882326469
Symbiodinium49007,0.190062268939188
Symbiodinium49009,0.585571128643524
Symbiodinium49023,0.269660661015052
Symbiodinium49024,0.00472851377041647
Symbiodinium49027,-0.0333604936575637
Symbiodinium49028,-0.619781261836047
Symbiodinium49030,0.0493749920399498
Symbiodinium49033,-0.00525489825098913
Symbiodinium49034,0.177339682807692
Symbiodinium49036,0.354560232035926
Symbiodinium49038,-0.00322550064222824
Symbiodinium49039,-0.0944230689250384
Symbiodinium49042,0.69616246782014
Symbiodinium49045,0.0565319469727214
Symbiodinium49046,-0.000262096920962241
Symbiodinium49047,0.000484917973759201
Symbiodinium49050,-0.0318723247980992
Symbiodinium49052,0.00472851377041647
Symbiodinium49053,-0.0707262588454357
Symbiodinium49056,-0.0810684408389771
Symbiodinium49057,0.0956588640860977
Symbiodinium49063,0.00306523217989292
Symbiodinium49066,-0.0199449559165431
Symbiodinium49067,-0.0567663161337774
Symbiodinium49069,0.285379176018176
Symbiodinium49070,1.08781988700927
Symbiodinium49076,0.0742828641341836
Symbiodinium49077,0.177874444404773
Symbiodinium49079,-0.0222416800971642
Symbiodinium49085,0.167311217947537
Symbiodinium49094,0.158785033196743
Symbiodinium49097,0.342510218617614
Symbiodinium49098,-0.0256580726663771
Symbiodinium49102,0.111902083363622
Symbiodinium49103,0.0646050456154506
Symbiodinium49104,0.153407214220479
Symbiodinium49108,0.0590482981495633
Symbiodinium49110,0.26676285128348
Symbiodinium49120,-0.13609169704512
Symbiodinium49121,0.601947606525227
Symbiodinium49125,0.450871708716224
Symbiodinium49129,-0.0303415927699022
Symbiodinium49132,0.230097874484897
Symbiodinium49133,0.18526416297586
Symbiodinium49134,-0.0716515488815031
Symbiodinium49138,-0.122730396341709
Symbiodinium49140,-0.18895154898539
Symbiodinium49142,0.43570962761054
Symbiodinium49143,0.832888793200801
Symbiodinium49148,0.26472834805947
Symbiodinium49149,0.118735591700757
Symbiodinium49150,-0.0232270419261943
Symbiodinium49151,-0.128596458754486
Symbiodinium49153,-0.000360221081878565
Symbiodinium49158,-0.000484917973759201
Symbiodinium49162,-0.465657512928105
Symbiodinium49164,-0.191904773263572
Symbiodinium49170,0.249901489878184
Symbiodinium49173,-0.0219155631750498
Symbiodinium49176,0.0517074527032567
Symbiodinium49182,0.271598104863194
Symbiodinium49188,0.0101044279742775
Symbiodinium49196,0.315797656794344
Symbiodinium49197,0.0293224715619729
Symbiodinium49200,0.118575856103866
Symbiodinium49207,0.0072999732512853
Symbiodinium49210,-0.00199945696653924
Symbiodinium49218,-0.276142267183533
Symbiodinium49221,-0.160467152433331
Symbiodinium49223,-0.00962857470302389
Symbiodinium49227,0.18566569679056
Symbiodinium49231,0.14310287885463
Symbiodinium49232,-0.189601183477269
Symbiodinium49233,0.681914321892327
Symbiodinium49235,0.781233836526379
Symbiodinium49236,0.18809765710111
Symbiodinium49237,-0.535609779022174
Symbiodinium49238,0.0611933231292462
Symbiodinium49239,-0.0552952240479644
Symbiodinium49242,0.166336709328477
Symbiodinium49244,0.0365668627577023
Symbiodinium49245,0.202240626577359
Symbiodinium49246,0.0413894869207467
Symbiodinium49247,-0.0976347060223088
Symbiodinium49250,-0.380886973467233
Symbiodinium49251,0.0219155631750498
Symbiodinium49259,0.332080348211188
Symbiodinium49262,0.0547487471236941
Symbiodinium49266,0.0486559992854874
Symbiodinium49271,0.0916216406778412
Symbiodinium49273,0.452648666822681
Symbiodinium49275,-0.173444776099653
Symbiodinium49283,-0.335611053327258
Symbiodinium49285,0.0906805694840585
Symbiodinium49291,0.0271399186534494
Symbiodinium49296,-0.0919823965385753
Symbiodinium49301,-0.0271399186534494
Symbiodinium49304,0.198736641385744
Symbiodinium49305,0.0777609787162319
Symbiodinium49306,0.120047780179444
Symbiodinium49310,-0.680490031449055
Symbiodinium49313,-0.0309886415086594
Symbiodinium49317,0.0097054794447366
Symbiodinium49325,-0.108129018368573
Symbiodinium49329,0.324157961127725
Symbiodinium49331,0.0570599269488921
Symbiodinium49334,-0.159577293097067
Symbiodinium49336,0.00740559470589527
Symbiodinium49337,-0.00228764182705271
Symbiodinium49338,-0.0253429614627693
Symbiodinium49339,0.287035224663109
Symbiodinium49341,-0.0285621277269018
Symbiodinium49342,-0.0155873521582071
Symbiodinium49347,-0.265431620598476
Symbiodinium49348,0.28113006410233
Symbiodinium49352,0.00236635795581675
Symbiodinium49355,-0.0222416800971642
Symbiodinium49357,-0.380885651556274
Symbiodinium49359,1.04599450213191
Symbiodinium49360,-0.174980193989099
Symbiodinium49361,-0.0234910761441772
Symbiodinium49362,-0.0673382776235745
Symbiodinium49364,0.0250585953963556
Symbiodinium49368,0.0490455847515163
Symbiodinium49369,0.0947170993988273
Symbiodinium49373,0.102233791875231
Symbiodinium49374,0.282063795755514
Symbiodinium49381,0.14421805356175
Symbiodinium49384,-0.201332427819534
Symbiodinium49386,0.038879707142694
Symbiodinium49391,0.120733016327019
Symbiodinium49401,0.056090149513196
Symbiodinium49402,0.0164883496912895
Symbiodinium49407,0.747658250263843
Symbiodinium49409,-0.143840815344486
Symbiodinium49410,0.513796742771199
Symbiodinium49413,-0.101487136474874
Symbiodinium49417,0.0298730932012484
Symbiodinium49419,0.092011580323534
Symbiodinium49421,-0.126847389318722
Symbiodinium49422,0.031698727347094
Symbiodinium49424,-0.158575585955133
Symbiodinium49426,-0.0444462944631318
Symbiodinium49432,0.158785033196743
Symbiodinium49434,-0.0762487717828282
Symbiodinium49435,0.172459062933387
Symbiodinium49437,-0.0670019149518956
Symbiodinium49438,1.27672956738415
Symbiodinium49443,-0.00711930943242685
Symbiodinium49446,0.0472205086008854
Symbiodinium49447,-0.0318723247980992
Symbiodinium49452,0.592658395189987
Symbiodinium49454,-0.0458684859609361
Symbiodinium49462,0.192375404583843
Symbiodinium49464,0.00183072521231643
Symbiodinium49465,0.0785167501177257
Symbiodinium49467,0.0541495418735047
Symbiodinium49469,0.113452646507958
Symbiodinium49478,0.425733076890943
Symbiodinium49479,0.815795184457058
Symbiodinium49482,-0.222807503962498
Symbiodinium49490,0.0147112747835468
Symbiodinium49493,0.0454057889821721
Symbiodinium49494,0.199162157928964
Symbiodinium49497,0.0704609075753958
Symbiodinium49499,0.177339682807692
Symbiodinium49500,0.00456222303555674
Symbiodinium49501,0.201332427819534
Symbiodinium49502,-0.318030012835692
Symbiodinium49506,-0.53185016445999
Symbiodinium49510,0.0771423698014674
Symbiodinium49512,0.0967133556285632
Symbiodinium49514,0.158815972917156
Symbiodinium49516,0.249901489878184
Symbiodinium49518,0.266732092403314
Symbiodinium49519,0.00472851377041647
Symbiodinium49521,-0.51764396334255
Symbiodinium49522,-0.162810533283026
Symbiodinium49525,0.0660222001834036
Symbiodinium49528,-0.0644274065669174
Symbiodinium49529,-0.158785033196743
Symbiodinium49534,0.044238329656561
Symbiodinium49535,0.0219155631750498
Symbiodinium49538,0.101598049008195
Symbiodinium49539,0.0113464171470761
Symbiodinium49540,-0.0567663161337774
Symbiodinium49543,0.23403124001325
Symbiodinium49547,0.0244858216454921
Symbiodinium49548,0.492505901921222
Symbiodinium49549,0.0712144822687503
Symbiodinium49554,0.177382411185841
Symbiodinium49555,0.381711789165742
Symbiodinium49558,0.0337691808093723
Symbiodinium49562,-0.044238329656561
Symbiodinium49563,-0.125680490336383
Symbiodinium49568,0.0785167501177257
Symbiodinium49571,0.0673213458662121
Symbiodinium49583,0.000768598443410495
Symbiodinium49586,0.118575856103866
Symbiodinium49587,-0.0215152505439995
Symbiodinium49592,0.288893848021982
Symbiodinium49594,-0.0145974932704961
Symbiodinium49595,0.885943742947692
Symbiodinium49597,0.146861729582436
Symbiodinium49601,-0.000539846089989846
Symbiodinium49602,0.0654851502695754
Symbiodinium49605,0.360186137756421
Symbiodinium49610,-0.0280264591948591
Symbiodinium49614,-0.313660632376577
Symbiodinium49617,0.133568872723692
Symbiodinium49621,0.403495672702362
Symbiodinium49625,0.0161862535925023
Symbiodinium49626,0.170630329232368
Symbiodinium49628,-0.120047780179444
Symbiodinium49629,0.0136810333990196
Symbiodinium49630,-0.597450565697139
Symbiodinium49632,0.0792975713563868
Symbiodinium49641,-0.138353859325902
Symbiodinium49646,-0.00502914260425311
Symbiodinium49650,0.0103239948919001
Symbiodinium49652,-0.00233427657288004
Symbiodinium49660,0.109267478006133
Symbiodinium49661,0.14310287885463
Symbiodinium49669,0.288893848021982
Symbiodinium49671,0.0404370695466564
Symbiodinium49675,-0.00621569419959388
Symbiodinium49678,0.22496134980824
Symbiodinium49680,0.00944994689578008
Symbiodinium49681,-0.0790628972206015
Symbiodinium49682,0.275897315227591
Symbiodinium49687,0.0667646149392171
Symbiodinium49688,-0.25904300228776
Symbiodinium49690,0.0588597603219067
Symbiodinium49694,0.0674902782311846
Symbiodinium49696,0.141625394643183
Symbiodinium49700,0.147564506847865
Symbiodinium49701,0.000130512167099362
Symbiodinium49706,0.00428814615208419
Symbiodinium49710,-0.105245918907738
Symbiodinium49712,-0.133860940324922
Symbiodinium49713,0.511424943452667
Symbiodinium49719,0.133860940324922
Symbiodinium49722,-0.0482758856542298
Symbiodinium49726,0.202186198785816
Symbiodinium49732,0.0759445198400068
Symbiodinium49734,-0.0601287224775347
Symbiodinium49737,-0.021129452373871
Symbiodinium49738,-0.166219891965513
Symbiodinium49744,-0.18526416297586
Symbiodinium49745,0.45726555979254
Symbiodinium49749,0.0187900003243187
Symbiodinium49750,0.0150424809002896
Symbiodinium49751,-0.0158622145060065
Symbiodinium49752,0.0290419743803539
Symbiodinium49754,-0.00555290106571056
Symbiodinium49764,-0.00322550064222824
Symbiodinium49765,0.35741125081801
Symbiodinium49769,0.210821763372609
Symbiodinium49776,-0.0459259823582984
Symbiodinium49781,2.19316425340425
Symbiodinium49782,0.095841422240406
Symbiodinium49784,0.157583402139603
Symbiodinium49791,0.0729619286893908
Symbiodinium49793,0.0644026613823391
Symbiodinium49798,0.110119323256956
Symbiodinium49799,0.104553509123358
Symbiodinium49800,0.0374990863095286
Symbiodinium49801,0.109406144112985
Symbiodinium49802,0.367793939607369
Symbiodinium49806,0.931436608514705
Symbiodinium49807,-0.0977163798811683
Symbiodinium49813,-0.00306523217989292
Symbiodinium49819,-0.0640150864142279
Symbiodinium49826,0.0325396814178191
Symbiodinium49828,0.0561618282382729
Symbiodinium49832,0.0119479661121596
Symbiodinium49833,0.223497878054059
Symbiodinium49834,-0.10728748311723
Symbiodinium49835,-0.00966265449747715
Symbiodinium49837,0.115101450606267
Symbiodinium49839,-0.125051278192877
Symbiodinium49840,0.20721906435002
Symbiodinium49842,-0.265431620598476
Symbiodinium49847,0.138934776268357
Symbiodinium49851,0.154203416338852
Symbiodinium49852,-0.361825913306172
Symbiodinium49858,0.132901887310441
Symbiodinium49859,-0.0167189666687227
Symbiodinium49860,0.0147112747835468
Symbiodinium49861,0.221641086247289
Symbiodinium49867,0.0445144390270583
Symbiodinium49869,-0.0219155631750498
Symbiodinium49870,-0.389519684372113
Symbiodinium49871,0.0440009342532223
Symbiodinium49873,-0.0920999633431256
Symbiodinium49878,-0.0277496738505264
Symbiodinium49880,0.0557929028936634
Symbiodinium49882,-0.0987988836552801
Symbiodinium49883,-0.259191524009524
Symbiodinium49885,0.466932476686356
Symbiodinium49890,-0.0628372347404559
Symbiodinium49892,0.148148454972375
Symbiodinium49900,-0.0647827881627119
Symbiodinium49905,0.444598448913403
Symbiodinium49907,0.0881641921825534
Symbiodinium49910,0.20310267320765
Symbiodinium49911,-0.0202153287535928
Symbiodinium49914,0.00740559470589527
Symbiodinium49916,-0.000484917973759201
Symbiodinium49920,0.116048255736741
Symbiodinium49922,0.246389801388051
Symbiodinium49929,0.193858741118035
Symbiodinium49932,-0.0740495810773793
Symbiodinium49933,-0.124553898146192
Symbiodinium49934,-0.011993147483116
Symbiodinium49944,0.0360811845860329
Symbiodinium49946,-0.181240065489661
Symbiodinium49947,0.0161862535925023
Symbiodinium49948,0.135306444045714
Symbiodinium49950,0.402950122234179
Symbiodinium49951,0.0708244510132322
Symbiodinium49957,-0.0434439449334714
Symbiodinium49959,-0.0361702338194561
Symbiodinium49962,0.275283014972028
Symbiodinium49971,0.12253511610865
Symbiodinium49972,0.201499527799519
Symbiodinium49974,-0.0492688127950304
Symbiodinium49979,-0.0118529325416042
Symbiodinium49980,-0.0140690363431869
Symbiodinium49981,0.0139002750451988
Symbiodinium49985,-0.101598049008195
Symbiodinium49986,0.0495134145635789
Symbiodinium49988,0.027103435178051
Symbiodinium49992,0.393251129837286
Symbiodinium49995,0.0869158279613295
Symbiodinium49997,0.0716515488815031
Symbiodinium50009,0.0144641318484249
Symbiodinium50011,0.440491788872463
Symbiodinium50014,-0.146423556359459
Symbiodinium50018,0.0407912918636251
Symbiodinium50019,0.0333359454945308
Symbiodinium50020,-0.0482651524456415
Symbiodinium50023,0.0147191012067047
Symbiodinium50024,0.0146399562994347
Symbiodinium50025,-0.00168969425288637
Symbiodinium50026,0.409666008191915
Symbiodinium50031,-0.235645563237959
Symbiodinium50032,0.151722201888597
Symbiodinium50034,-0.0479874892428502
Symbiodinium50038,0.0849483926275456
Symbiodinium50039,0.0221772235186489
Symbiodinium50046,-0.0109822839212294
Symbiodinium50054,0.337782580135348
Symbiodinium50055,0.521133651499337
Symbiodinium50060,0.0858190853048221
Symbiodinium50061,0.25490822089467
Symbiodinium50064,0.0598493122437132
Symbiodinium50066,0.0948568175659636
Symbiodinium50069,-0.000750970744462426
Symbiodinium50071,0.392470422048509
Symbiodinium50076,0.430871985882761
Symbiodinium50078,0.990419530673685
Symbiodinium50082,0.430871985882761
Symbiodinium50083,0.356077312641713
Symbiodinium50084,0.0704698088933863
Symbiodinium50087,-0.0595301570885369
Symbiodinium50089,-0.00600287647058124
Symbiodinium50092,-0.117667861848015
Symbiodinium50101,0.380886973467233
Symbiodinium50103,0.0591334579548947
Symbiodinium50106,-0.097323105368548
Symbiodinium50116,-0.151459493674033
Symbiodinium50117,-0.0532201110821255
Symbiodinium50118,0.0544967562321983
Symbiodinium50123,1.62792570674838
Symbiodinium50125,-0.0262337342231463
Symbiodinium50126,0.17453466625537
Symbiodinium50127,0.00322550064222824
Symbiodinium50128,-0.300002266833285
Symbiodinium50130,-0.0654851502695754
Symbiodinium50136,0.368275560928597
Symbiodinium50137,0.0205615344224538
Symbiodinium50143,0.128062465422921
Symbiodinium50144,0.0685347338523728
Symbiodinium50145,-0.178792016077229
Symbiodinium50147,0.2637087992753
Symbiodinium50148,-0.209172080066528
Symbiodinium50153,0.00228764182705271
Symbiodinium50155,0.0318723247980992
Symbiodinium50159,0.0688914214187102
Symbiodinium50163,0.268826270526131
Symbiodinium50167,0.00891288757559414
Symbiodinium50170,0.0238264516959846
Symbiodinium50172,0.0988727556894716
Symbiodinium50176,0.0252638196359858
Symbiodinium50178,-0.00257288791800711
Symbiodinium50183,-0.0694660496065154
Symbiodinium50184,0.0371571275392282
Symbiodinium50188,-0.137879314786822
Symbiodinium50189,-0.094965718310012
Symbiodinium50192,0.0298668468191135
Symbiodinium50193,0.162094287969793
Symbiodinium50194,-0.447008196412479
Symbiodinium50195,0.378118113907067
Symbiodinium502,0.00472851377041647
Symbiodinium50207,0.0444461905768944
Symbiodinium50208,0.138914987831072
Symbiodinium50213,-0.143371882978136
Symbiodinium50216,0.0941678990866504
Symbiodinium50217,-0.289850184562464
Symbiodinium50219,-0.0318723247980992
Symbiodinium50222,-0.269660661015052
Symbiodinium50231,-0.00328585140476075
Symbiodinium50233,0.19480337271381
Symbiodinium50235,0.0298668468191135
Symbiodinium50237,0.0948568175659636
Symbiodinium50238,0.283455018406468
Symbiodinium50242,-0.285072099563337
Symbiodinium50244,-0.00996319058853076
Symbiodinium50249,-0.25490822089467
Symbiodinium50252,-0.0564107671350635
Symbiodinium50253,-0.394398489992514
Symbiodinium50254,0.704162896638475
Symbiodinium50256,-0.17711304870973
Symbiodinium50266,0.445318528545203
Symbiodinium5027,1.35337905895835
Symbiodinium50270,0.133860940324922
Symbiodinium50271,0.288227624042277
Symbiodinium50274,0.0701954770315577
Symbiodinium50276,0.231512251685494
Symbiodinium50278,0.317142123022242
Symbiodinium50281,-0.373645122391329
Symbiodinium50284,-0.515170115094878
Symbiodinium50289,0.383824612197092
Symbiodinium50291,0.151927028615835
Symbiodinium50292,-0.0512942593443835
Symbiodinium50293,0.0762210427068146
Symbiodinium50294,-0.0405649879871001
Symbiodinium50299,0.00111440120223265
Symbiodinium50304,-0.0318723247980992
Symbiodinium50307,-0.0109822839212294
Symbiodinium50308,0.30096331510248
Symbiodinium50315,0.20367567612985
Symbiodinium50317,-0.0222416800971642
Symbiodinium50318,-0.0029518275370504
Symbiodinium50319,-0.0764968358488548
Symbiodinium50322,0.0921858841241543
Symbiodinium50326,0.372998347058328
Symbiodinium50328,-0.132246668567024
Symbiodinium50331,-0.10853736750127
Symbiodinium50335,-0.0898241451408262
Symbiodinium50339,0.00322550064222824
Symbiodinium50347,0.12647229051723
Symbiodinium50350,-0.582697125505535
Symbiodinium50355,-0.00962857470302389
Symbiodinium50357,-0.203458060572987
Symbiodinium50361,0.404193232475065
Symbiodinium50364,0.246037579166315
Symbiodinium50367,-0.185317250666103
Symbiodinium50381,0.370038085883541
Symbiodinium50384,1.26340252729115
Symbiodinium50386,0.0565319469727214
Symbiodinium50388,0.18566569679056
Symbiodinium50392,-0.120733016327019
Symbiodinium50393,-0.194088776395933
Symbiodinium50397,0.0849635948055591
Symbiodinium50409,0.19577370262736
Symbiodinium50410,0.172999006328184
Symbiodinium50412,0.228672018912988
Symbiodinium50413,0.145436067255698
Symbiodinium50419,0.148553724285477
Symbiodinium50421,-0.00502914260425311
Symbiodinium50422,-0.12336929342002
Symbiodinium50423,-0.0715485363668649
Symbiodinium50428,0.0300516596057712
Symbiodinium50429,0.250060009074408
Symbiodinium50431,-0.283455018406468
Symbiodinium50437,-0.052887407951899
Symbiodinium50438,0.596828725065092
Symbiodinium50439,0.0674238671514645
Symbiodinium50445,-0.0250585953963556
Symbiodinium50446,0.0752712057151274
Symbiodinium50447,0.00555290106571056
Symbiodinium50448,0.169126159481941
Symbiodinium50452,0.1483544829439
Symbiodinium50458,0.367002516183527
Symbiodinium50460,0.13629665110239
Symbiodinium50464,-0.241621839919014
Symbiodinium50467,0.00257288791800711
Symbiodinium50468,0.0449357115286957
Symbiodinium50469,0.350523138336321
Symbiodinium50471,-0.0563449443507333
Symbiodinium50476,0.0125751312230419
Symbiodinium50477,-0.146456392311527
Symbiodinium50478,0.0128673783688989
Symbiodinium50479,-0.0475051912106438
Symbiodinium50485,-0.021129452373871
Symbiodinium50486,-0.0291748251787905
Symbiodinium50487,0.00306523217989292
Symbiodinium50489,0.215161407737632
Symbiodinium50493,0.00936223059745143
Symbiodinium50496,-0.301613049876754
Symbiodinium50500,0.0426816236951148
Symbiodinium50502,0.0499416990336749
Symbiodinium50509,0.21340039003242
Symbiodinium50510,0.122774015608401
Symbiodinium50519,0.162094287969793
Symbiodinium5052,-0.210465054896112
Symbiodinium50520,0.0209049623419958
Symbiodinium50532,-0.0167899021080192
Symbiodinium50536,0.302989375581965
Symbiodinium50537,-0.104432596541603
Symbiodinium50538,-0.0847668919276151
Symbiodinium50542,-0.0689171355598215
Symbiodinium50543,-0.105630667031442
Symbiodinium50546,0.234960620753954
Symbiodinium50549,0.461343787847002
Symbiodinium50553,-0.162810533283026
Symbiodinium50557,-0.411468453373073
Symbiodinium5056,0.185317250666103
Symbiodinium50564,-0.228902081161925
Symbiodinium50566,0.0814334065209573
Symbiodinium50567,-0.0318450302118285
Symbiodinium50571,0.0654851502695754
Symbiodinium50573,0.234960620753954
Symbiodinium50574,0.045212991335242
Symbiodinium50577,1.07028312571916
Symbiodinium50579,0.00996319058853076
Symbiodinium5058,0.511924471283617
Symbiodinium50585,0.0531597371490435
Symbiodinium50586,0.0239755311015103
Symbiodinium50587,0.00891288757559414
Symbiodinium50593,-0.0328056131383188
Symbiodinium50596,-0.128506220687229
Symbiodinium5060,0.0939919335059866
Symbiodinium50610,0.123353430307904
Symbiodinium50613,0.158785033196743
Symbiodinium50618,0.0704609075753958
Symbiodinium5062,0.276479997512901
Symbiodinium50623,0.540333479572474
Symbiodinium50627,0.337782580135348
Symbiodinium50630,0.481767673781384
Symbiodinium50631,-0.278265157561545
Symbiodinium50635,-0.0729708667795484
Symbiodinium50636,-0.19577370262736
Symbiodinium5064,0.125171578977476
Symbiodinium50641,0.0330364425618049
Symbiodinium50642,0.0413375452279016
Symbiodinium50648,0.371463556064993
Symbiodinium5065,0.314517803872597
Symbiodinium50650,-0.00306523217989292
Symbiodinium50653,0.31133116132831
Symbiodinium50655,0.496794226783752
Symbiodinium50656,-0.00996319058853076
Symbiodinium50660,0.0285621277269018
Symbiodinium50661,0.293723254211964
Symbiodinium50664,-0.0895063330130939
Symbiodinium50667,-0.0846335974137567
Symbiodinium50669,-0.131452848448722
Symbiodinium5067,0.0648186047641307
Symbiodinium50670,0.288893848021982
Symbiodinium50674,0.20776142473305
Symbiodinium50675,0.0554766619973137
Symbiodinium50676,0.101822035639119
Symbiodinium50681,-0.0187900003243187
Symbiodinium50684,-0.0821906793126396
Symbiodinium50689,0.10991016471213
Symbiodinium50690,0.0147112747835468
Symbiodinium50692,0.0829979645186503
Symbiodinium50702,0.00678861760098782
Symbiodinium5071,0.230097874484897
Symbiodinium50716,-0.0318723247980992
Symbiodinium50717,0.0226329692008673
Symbiodinium5072,0.194137251843602
Symbiodinium50725,0.00322550064222824
Symbiodinium50726,0.268193102559993
Symbiodinium50730,0.224819215589896
Symbiodinium50731,0.0868867916656999
Symbiodinium50738,0.059432806064039
Symbiodinium50739,0.0572463283420989
Symbiodinium50741,0.352338156163949
Symbiodinium5075,2.05188314439791
Symbiodinium50751,1.82227737123403
Symbiodinium50753,-0.0389681914842734
Symbiodinium5076,-0.101822035639119
Symbiodinium50760,0.170630329232368
Symbiodinium50761,0.0444461905768944
Symbiodinium50767,-0.0440009342532223
Symbiodinium50768,-0.0146399562994347
Symbiodinium50770,0.163068524059199
Symbiodinium50773,0.0729619286893908
Symbiodinium50775,0.0844731356036205
Symbiodinium50776,-0.384349184233928
Symbiodinium50778,0.184172524567081
Symbiodinium50779,-0.118314766089947
Symbiodinium50781,0.596455521413362
Symbiodinium50787,0.025142083530732
Symbiodinium50788,0.34888373800691
Symbiodinium50789,-0.00241462678104737
Symbiodinium5079,0.280572619740983
Symbiodinium50791,-0.0147112747835468
Symbiodinium50792,0.00346499273440391
Symbiodinium50793,0.200392474992238
Symbiodinium50798,0.675653327410739
Symbiodinium5080,0.108129018368573
Symbiodinium50800,0.000360221081878565
Symbiodinium50802,-0.0547487471236941
Symbiodinium50803,-0.151927028615835
Symbiodinium50805,0.0444461905768944
Symbiodinium50808,-0.0219155631750498
Symbiodinium5083,-0.158992219386984
Symbiodinium50831,0.0564107671350635
Symbiodinium50834,0.0505141767120753
Symbiodinium50836,0.191904773263572
Symbiodinium50838,0.133860940324922
Symbiodinium50841,-0.0942579925413464
Symbiodinium50843,0.0592216039193236
Symbiodinium50844,-0.0802804011266036
Symbiodinium50845,2.05050522989935
Symbiodinium50855,-0.0984450496529061
Symbiodinium50860,0.216615309270729
Symbiodinium50863,0.2741184045497
Symbiodinium50864,0.929476168752523
Symbiodinium50868,1.39694807901498
Symbiodinium50869,-0.0263794357646289
Symbiodinium5087,0.576590360026811
Symbiodinium50870,0.0977163798811683
Symbiodinium50872,0.243337416464314
Symbiodinium50875,0.0318450302118285
Symbiodinium5088,-0.179014026818039
Symbiodinium50880,0.0103239948919001
Symbiodinium50883,-0.06429974640773
Symbiodinium50888,0.235280952897739
Symbiodinium5089,-0.0982617238192085
Symbiodinium50893,-0.122929129791444
Symbiodinium50894,0.196750030604374
Symbiodinium50902,0.432453105277855
Symbiodinium50904,0.70762408716845
Symbiodinium50916,-0.0751430633861423
Symbiodinium50928,-0.10573347521476
Symbiodinium50932,-0.00322550064222824
Symbiodinium50934,-0.318885377147709
Symbiodinium50937,-0.118575856103866
Symbiodinium50939,0.00241462678104737
Symbiodinium50941,0.130667519858312
Symbiodinium50943,-0.0431411596299306
Symbiodinium50945,0.156639557495673
Symbiodinium50949,0.565127052579304
Symbiodinium50951,0.105630667031442
Symbiodinium50957,-0.158838202645258
Symbiodinium5096,0.096168409779296
Symbiodinium50966,0.567310620394355
Symbiodinium50975,0.116390602076213
Symbiodinium50977,-0.171874843884251
Symbiodinium50978,-0.0077136139152767
Symbiodinium50982,0.157836418788281
Symbiodinium50984,-0.0372626406014356
Symbiodinium50985,-0.176914317125971
Symbiodinium50986,0.180515006644518
Symbiodinium50989,0.0983302139610468
Symbiodinium50990,-0.351606909996007
Symbiodinium50992,0.101487136474874
Symbiodinium51003,0.44443549869716
Symbiodinium51004,0.11261115020899
Symbiodinium51005,0.249901489878184
Symbiodinium51006,0.0101044279742775
Symbiodinium51007,0.296796884676757
Symbiodinium5101,0.340751826470909
Symbiodinium51011,0.401695172431668
Symbiodinium51013,0.973929925538023
Symbiodinium51014,0.167181229563708
Symbiodinium51016,0.0298668468191135
Symbiodinium51017,0.374171488862576
Symbiodinium51019,-0.13516879727244
Symbiodinium51020,0.38947281836178
Symbiodinium51024,0.261178109792174
Symbiodinium51027,0.00721602684526233
Symbiodinium51030,0.0915276182578044
Symbiodinium51035,0.12336929342002
Symbiodinium51044,0.522390339678949
Symbiodinium51047,-0.136387777208051
Symbiodinium51051,0.0161862535925023
Symbiodinium51058,0.0272558322835979
Symbiodinium51059,-0.256186617838876
Symbiodinium5106,-0.188479075331094
Symbiodinium51061,0.127341518623063
Symbiodinium51062,-0.110119323256956
Symbiodinium51065,0.253774254339925
Symbiodinium51066,0.386075456940716
Symbiodinium51076,0.021129452373871
Symbiodinium51079,-0.199293286776817
Symbiodinium51080,-0.14310287885463
Symbiodinium51081,-0.170477914914095
Symbiodinium51082,0.255956284326753
Symbiodinium51086,-0.0923112522954265
Symbiodinium51088,-0.070468144806385
Symbiodinium5109,-0.0336916366877372
Symbiodinium5110,0.869902456038608
Symbiodinium51106,-0.199210224123028
Symbiodinium51108,0.0886348816397862
Symbiodinium51111,0.0293224715619729
Symbiodinium51112,-0.00621569419959388
Symbiodinium51116,0.149896404902318
Symbiodinium51121,0.311334130285319
Symbiodinium51123,0.418701383111306
Symbiodinium51125,-0.189601183477269
Symbiodinium51127,0.0483011169528659
Symbiodinium51128,0.26472834805947
Symbiodinium51132,0.0552377358154689
Symbiodinium51136,-0.0161862535925023
Symbiodinium51137,0.0821906793126396
Symbiodinium51139,0.0653558902240576
Symbiodinium51142,-0.200171575354886
Symbiodinium51144,-0.0909207802003411
Symbiodinium51146,0.0838047209673137
Symbiodinium51148,1.13152301254463
Symbiodinium51150,0.15926779520769
Symbiodinium51155,-0.0387290210347221
Symbiodinium51156,0.0967969849243927
Symbiodinium51158,0.341649709286345
Symbiodinium51160,-0.0867900187071811
Symbiodinium51163,0.0385921434854325
Symbiodinium51164,-0.366740375089322
Symbiodinium51166,0.0731966330014665
Symbiodinium51173,0.636527729489209
Symbiodinium51176,-0.0404370695466564
Symbiodinium5118,-0.0486559992854874
Symbiodinium51181,-0.131122096301423
Symbiodinium51185,0.34940858420624
Symbiodinium51189,0.400670925928321
Symbiodinium51195,0.106646215833385
Symbiodinium51203,0.000484917973759201
Symbiodinium51204,0.281020604376979
Symbiodinium51205,-0.104432596541603
Symbiodinium51206,0.279847766490985
Symbiodinium51212,0.191904773263572
Symbiodinium51216,0.243411930643249
Symbiodinium51217,0.246074326974274
Symbiodinium51224,-0.0196773566092285
Symbiodinium51227,-0.154260102308496
Symbiodinium51228,0.0396173164777833
Symbiodinium51229,0.0962029166313213
Symbiodinium5123,0.137480132770066
Symbiodinium51230,0.0177263474411861
Symbiodinium51240,0.130667519858312
Symbiodinium51244,0.14934856205517
Symbiodinium51245,-0.156785752457399
Symbiodinium51247,0.045212991335242
Symbiodinium51249,-0.246389801388051
Symbiodinium51250,0.025303203628577
Symbiodinium51253,0.131214659435683
Symbiodinium51257,0.099854272553658
Symbiodinium51258,0.0192032952800574
Symbiodinium5126,0.02038409419877
Symbiodinium51262,0.00502914260425311
Symbiodinium51264,0.0355333716571159
Symbiodinium51270,-0.0635527197120838
Symbiodinium51271,-0.149637679720368
Symbiodinium51276,0.177249641747267
Symbiodinium51277,0.0217145532996683
Symbiodinium51278,0.173148609481039
Symbiodinium5128,-0.0577559126299018
Symbiodinium51281,0.837058380838379
Symbiodinium51293,0.61422745850176
Symbiodinium51294,0.245272765430782
Symbiodinium51296,1.01536991630043
Symbiodinium51297,-0.021129452373871
Symbiodinium51304,-0.100112953261426
Symbiodinium51305,0.0557031789133968
Symbiodinium51308,-0.0637602134996857
Symbiodinium51310,0.00322550064222824
Symbiodinium51312,-0.0252004800253873
Symbiodinium51323,0.0294637896128107
Symbiodinium51331,-0.115951386228544
Symbiodinium51333,-0.0374020597035105
Symbiodinium51335,0.322137081663392
Symbiodinium51340,-0.038871767410498
Symbiodinium51341,0.346050763814462
Symbiodinium51344,0.411487829057518
Symbiodinium51361,0.0187756810772398
Symbiodinium51362,0.68461370542861
Symbiodinium51366,0.289910179382326
Symbiodinium51369,0.046730520794007
Symbiodinium51371,0.0638343601877824
Symbiodinium51379,0.0685347338523728
Symbiodinium51380,-0.20367567612985
Symbiodinium51389,-0.187959148378939
Symbiodinium51393,0.18566569679056
Symbiodinium51394,0.171995914589154
Symbiodinium51400,0.400492057122819
Symbiodinium51403,-0.0559277992540749
Symbiodinium51404,0.214783674422265
Symbiodinium51405,0.000484917973759201
Symbiodinium5141,-0.121628475860518
Symbiodinium51411,-0.0359531016325968
Symbiodinium51415,0.118872904059938
Symbiodinium51424,0.474512483947078
Symbiodinium51430,0.136142379528605
Symbiodinium51433,0.171995914589154
Symbiodinium51434,-0.198183852873858
Symbiodinium51435,-0.0337691808093723
Symbiodinium51436,0.141721657425499
Symbiodinium51447,0.434951573716873
Symbiodinium51448,0.047107011499883
Symbiodinium5145,0.329006669268659
Symbiodinium51450,-0.0541495418735047
Symbiodinium51453,-0.0147112747835468
Symbiodinium51454,0.0454057889821721
Symbiodinium51455,0.151927028615835
Symbiodinium5146,-0.00233427657288004
Symbiodinium51462,-0.00974566748575906
Symbiodinium51464,0.220377527161004
Symbiodinium51468,0.183358776530114
Symbiodinium51469,-0.0722890961304182
Symbiodinium51470,0.453941948153155
Symbiodinium51471,0.0794810022251069
Symbiodinium51472,0.0123063749851335
Symbiodinium51473,-0.0594459678745065
Symbiodinium51475,0.683432450325792
Symbiodinium51476,-0.424473938111315
Symbiodinium51477,1.23663549107716
Symbiodinium5148,0.881796352339679
Symbiodinium51489,0.142333229449289
Symbiodinium51491,0.450730797411092
Symbiodinium51497,-0.119230995168089
Symbiodinium51498,-0.00413159873063389
Symbiodinium51499,-0.0861622706720208
Symbiodinium51501,0.120292420393389
Symbiodinium51503,0.373962064153647
Symbiodinium51504,0.086113514737478
Symbiodinium51507,-0.216614461560828
Symbiodinium51508,0.163253192918466
Symbiodinium51514,0.158947982944218
Symbiodinium51516,0.223160601281772
Symbiodinium51520,-0.102585112859767
Symbiodinium51522,0.0269066981398761
Symbiodinium51530,0.171995914589154
Symbiodinium51531,2.28562471030873
Symbiodinium51533,0.021129452373871
Symbiodinium51540,0.235575577018353
Symbiodinium51542,0.205749254804205
Symbiodinium51544,-0.0870579766148365
Symbiodinium51545,-0.104432596541603
Symbiodinium51557,1.29950291787065
Symbiodinium51559,0.147564506847865
Symbiodinium5156,0.0284460986577763
Symbiodinium51566,0.0117528357247562
Symbiodinium5157,0.0109822839212294
Symbiodinium51573,0.338031812113701
Symbiodinium51574,0.0829979645186503
Symbiodinium51577,-0.0829548092681457
Symbiodinium51578,0.124553898146192
Symbiodinium51579,0.0978744602744898
Symbiodinium5158,-0.0163306780394547
Symbiodinium51585,-0.249161518591757
Symbiodinium51587,0.0125985516840825
Symbiodinium51591,-0.0355066792835287
Symbiodinium51596,0.0426816236951148
Symbiodinium51613,0.0117528357247562
Symbiodinium51617,0.0877758617079289
Symbiodinium51620,-0.198802156087812
Symbiodinium51623,1.38401260679174
Symbiodinium51624,0.127474094753202
Symbiodinium51627,-0.0244858216454921
Symbiodinium51634,0.0096835513878254
Symbiodinium51635,0.191904773263572
Symbiodinium51641,0.156785752457399
Symbiodinium51642,0.159715205864933
Symbiodinium51648,0.320855912688045
Symbiodinium51650,0.0302132566492466
Symbiodinium51651,-0.0571782158066503
Symbiodinium51653,0.0130179743969905
Symbiodinium51660,0.214884690408906
Symbiodinium51662,0.380885651556274
Symbiodinium51663,-0.467413286508089
Symbiodinium51664,0.00680769091380005
Symbiodinium51668,0.663167211912643
Symbiodinium51672,-0.0132288288970418
Symbiodinium51673,0.0468068039302132
Symbiodinium51675,0.19577370262736
Symbiodinium51676,0.0219155631750498
Symbiodinium51679,-0.273414300418696
Symbiodinium5168,-0.0200425831230293
Symbiodinium51683,0.140840881504233
Symbiodinium51684,0.136810333461192
Symbiodinium51693,0.173444776099653
Symbiodinium51697,-0.0889196460873208
Symbiodinium51700,-0.44949173171428
Symbiodinium51702,0.0655128693124819
Symbiodinium51703,0.0978744602744898
Symbiodinium51704,0.228902081161925
Symbiodinium51707,0.131216657634249
Symbiodinium51710,0.132246668567024
Symbiodinium51712,0.266002266438064
Symbiodinium51719,-0.0330656128985789
Symbiodinium51721,0.0559277992540749
Symbiodinium51723,0.150326678123776
Symbiodinium51729,0.45726555979254
Symbiodinium51733,-0.021129452373871
Symbiodinium51734,0.613632561883502
Symbiodinium51735,-0.0119479661121596
Symbiodinium51736,0.0619316405222005
Symbiodinium51742,0.148148454972375
Symbiodinium51751,-1.27431763967908
Symbiodinium51768,-0.200925264142845
Symbiodinium51769,1.64092251433117
Symbiodinium5177,-0.151257934152876
Symbiodinium51778,0.295611434574933
Symbiodinium51783,-0.222486775378353
Symbiodinium51792,0.410322617954605
Symbiodinium51793,0.511992669361139
Symbiodinium51794,0.0948804714811217
Symbiodinium5180,0.285072099563337
Symbiodinium51801,0.243003577817742
Symbiodinium51802,-0.00101053040557029
Symbiodinium51804,0.38603104547208
Symbiodinium51806,-0.0147181907847623
Symbiodinium51808,0.0032188278717652
Symbiodinium5181,0.0172357981807872
Symbiodinium51811,0.384916446453924
Symbiodinium51813,0.148354030193307
Symbiodinium51816,0.197479333440405
Symbiodinium51820,-0.12336929342002
Symbiodinium51821,-0.463698658041643
Symbiodinium51822,0.0559277992540749
Symbiodinium51824,0.34180744365338
Symbiodinium51826,-0.00502914260425311
Symbiodinium51828,0.619466620937909
Symbiodinium51829,0.0196773566092285
Symbiodinium5183,0.0111018445981337
Symbiodinium51831,-0.0117528357247562
Symbiodinium51833,0.0547487471236941
Symbiodinium51839,-0.00328585140476075
Symbiodinium5184,0.12336929342002
Symbiodinium51840,0.0202153287535928
Symbiodinium51841,0.101304228064939
Symbiodinium51843,-0.00984945379430449
Symbiodinium51844,0.266761888448613
Symbiodinium51850,0.267413762187383
Symbiodinium51852,0.053899798305802
Symbiodinium51857,0.271598104863194
Symbiodinium51862,-0.0493749920399498
Symbiodinium51867,-0.123730851935911
Symbiodinium51871,1.23663549107716
Symbiodinium51873,0.174387736226007
Symbiodinium51874,0.00472851377041647
Symbiodinium51875,0.0367337842674485
Symbiodinium51879,-0.288893848021982
Symbiodinium5188,0.0502640636403069
Symbiodinium51883,0.00996319058853076
Symbiodinium51885,-0.496523251303527
Symbiodinium51886,0.194341863440706
Symbiodinium51894,0.248962122306823
Symbiodinium51896,-0.687807663064314
Symbiodinium51897,0.613632561883502
Symbiodinium51900,0.0056317183941546
Symbiodinium51904,-0.167073124901873
Symbiodinium51911,0.0354506752554617
Symbiodinium51915,0.374858670330939
Symbiodinium51920,0.086416711361391
Symbiodinium51921,-0.142467727108802
Symbiodinium51924,0.196471388326097
Symbiodinium51925,0.242506315400745
Symbiodinium51926,-0.0967133556285632
Symbiodinium51940,0.0208323027791164
Symbiodinium51941,-0.22225157111256
Symbiodinium51947,-0.141625394643183
Symbiodinium51948,0.0392622635609812
Symbiodinium51949,-0.0908105117460559
Symbiodinium51951,0.134535922082848
Symbiodinium51954,0.269948435643601
Symbiodinium51960,0.234960620753954
Symbiodinium51973,0.00241462678104737
Symbiodinium51977,-0.472044386500999
Symbiodinium5198,0.00236635795581675
Symbiodinium51982,0.0215918699571915
Symbiodinium51986,0.274994905451742
Symbiodinium51990,0.24848459474913
Symbiodinium51991,-0.0320694077089563
Symbiodinium51994,-0.182566087806444
Symbiodinium51997,0.111432098339111
Symbiodinium51998,0.592748615381407
Symbiodinium52006,0.847955372329637
Symbiodinium52009,-0.0119479661121596
Symbiodinium52011,0.0704609075753958
Symbiodinium52013,0.132246668567024
Symbiodinium52015,-0.0250585953963556
Symbiodinium52016,-0.0280175097220691
Symbiodinium52018,0.576590360026811
Symbiodinium5202,-0.116884722538373
Symbiodinium52020,-0.376482422853374
Symbiodinium52026,0.0195129992464873
Symbiodinium52027,0.194341863440706
Symbiodinium52029,0.259520892277873
Symbiodinium52037,0.0116158771597319
Symbiodinium5204,-0.0038594685534394
Symbiodinium52042,-0.189417933385957
Symbiodinium52048,0.00502914260425311
Symbiodinium52049,0.174453700548893
Symbiodinium52050,0.313970184129718
Symbiodinium52052,0.163092024444884
Symbiodinium52055,-0.00740559470589527
Symbiodinium52057,0.554591364232272
Symbiodinium5206,0.0365788891983104
Symbiodinium52064,1.03358934196132
Symbiodinium52068,0.0493749920399498
Symbiodinium52076,0.296992777410355
Symbiodinium52079,-0.0064697680261782
Symbiodinium52084,-0.0863484571985653
Symbiodinium52085,0.334162617944467
Symbiodinium52088,0.383824612197092
Symbiodinium52096,0.16429257392197
Symbiodinium52104,-0.0551159393111696
Symbiodinium52107,0.988774210304367
Symbiodinium52108,-0.215257980031281
Symbiodinium52109,0.341649709286345
Symbiodinium52113,-0.0127893874259432
Symbiodinium52114,0.152021515497692
Symbiodinium52116,0.435568963871894
Symbiodinium52118,0.426458822959832
Symbiodinium5212,0.0482463987852034
Symbiodinium52128,0.0320694077089563
Symbiodinium52129,0.0741196189699696
Symbiodinium52137,0.0217145532996683
Symbiodinium52139,0.436073039146448
Symbiodinium5214,-0.119930610957572
Symbiodinium52142,0.174573346365293
Symbiodinium5215,0.56224057179495
Symbiodinium52150,0.122604059778918
Symbiodinium52158,-0.301613049876754
Symbiodinium52164,0.199507306751451
Symbiodinium52169,-0.00228764182705271
Symbiodinium52174,0.339414725642599
Symbiodinium52177,0.762038024856419
Symbiodinium52179,0.102585112859767
Symbiodinium52180,-0.124435391985451
Symbiodinium52183,0.163068524059199
Symbiodinium52189,0.262884359402703
Symbiodinium5219,-0.0743369636846738
Symbiodinium52191,-0.0810819477267498
Symbiodinium52197,0.121239441673583
Symbiodinium52198,0.086113514737478
Symbiodinium5220,-0.0128479494937309
Symbiodinium52201,0.370350401963026
Symbiodinium52204,0.147328132269494
Symbiodinium52206,-1.33840466416346
Symbiodinium52209,0.00622926542199442
Symbiodinium5221,-0.00740559470589527
Symbiodinium52211,-0.0077136139152767
Symbiodinium52212,-0.138229195757208
Symbiodinium52216,-0.18566569679056
Symbiodinium52217,0.163253192918466
Symbiodinium52219,0.0147112747835468
Symbiodinium52220,-0.113702227788079
Symbiodinium52221,0.201332427819534
Symbiodinium52223,0.0915071058500902
Symbiodinium52227,0.0751528338119576
Symbiodinium52231,-0.0983302139610468
Symbiodinium52233,-0.134428407114549
Symbiodinium52236,0.0822071321294861
Symbiodinium52239,0.233290020811698
Symbiodinium52242,0.0221772235186489
Symbiodinium52243,-0.177963823361639
Symbiodinium52250,0.383824612197092
Symbiodinium52251,3.28808707885335
Symbiodinium52253,0.187959148378939
Symbiodinium52254,0.403896337856318
Symbiodinium52255,-0.0201692281870355
Symbiodinium52264,0.10439550749774
Symbiodinium52266,0.140345476372829
Symbiodinium52267,0.00233427657288004
Symbiodinium5227,0.131216657634249
Symbiodinium52273,-0.000145100770246032
Symbiodinium52276,0.602859838731641
Symbiodinium52278,-0.0442912211210381
Symbiodinium52280,0.0601246010158838
Symbiodinium52281,0.207017833157997
Symbiodinium52286,0.00622607154741043
Symbiodinium52289,0.0829979645186503
Symbiodinium52297,0.00241462678104737
Symbiodinium52310,-0.15728471308482
Symbiodinium52311,0.0499416990336749
Symbiodinium52312,-0.242506315400745
Symbiodinium52316,0.0776906602389717
Symbiodinium52321,0.157836418788281
Symbiodinium52324,-0.0290282682094715
Symbiodinium52326,0.00233427657288004
Symbiodinium52329,0.0318723247980992
Symbiodinium5233,0.130667519858312
Symbiodinium52330,0.0857929180135335
Symbiodinium52332,0.0219155631750498
Symbiodinium52333,0.0254117361983771
Symbiodinium52337,0.34180744365338
Symbiodinium52338,0.332147825981689
Symbiodinium5234,0.680425552121486
Symbiodinium52344,0.00106541987808725
Symbiodinium52345,0.112263765696545
Symbiodinium52348,0.524130032176418
Symbiodinium52351,0.00502914260425311
Symbiodinium52358,0.0984450496529061
Symbiodinium52361,-0.00475328472992135
Symbiodinium52368,0.211864528214031
Symbiodinium52372,0.0298668468191135
Symbiodinium5238,0.400358243762336
Symbiodinium52393,-0.0294324584000407
Symbiodinium52394,-0.23111204176735
Symbiodinium52396,-0.0133078640325845
Symbiodinium52397,0.127007487399666
Symbiodinium52400,0.455880386912675
Symbiodinium52403,-1.06990095946649
Symbiodinium52405,0.311300261937286
Symbiodinium52411,0.0784875572160509
Symbiodinium52412,0.00749602066994777
Symbiodinium52413,-0.0517305706623189
Symbiodinium52419,-0.094965718310012
Symbiodinium52428,0.253113398328518
Symbiodinium52434,0.0572969771469601
Symbiodinium52435,-0.0260188594646518
Symbiodinium52439,-0.00860714000961659
Symbiodinium52440,0.320855912688045
Symbiodinium52442,0.0595301570885369
Symbiodinium52447,0.26472834805947
Symbiodinium52450,0.0908225457351271
Symbiodinium52453,0.253202789548599
Symbiodinium52454,0.0607316504545805
Symbiodinium52456,0.368275560928597
Symbiodinium52457,0.0918495389067017
Symbiodinium52461,0.624339660681464
Symbiodinium52465,-0.016822710372555
Symbiodinium52466,0.151927028615835
Symbiodinium52467,0.120202740301075
Symbiodinium52471,-0.1122882326469
Symbiodinium52479,0.00183072521231643
Symbiodinium52481,-0.52234043291051
Symbiodinium52483,0.386774905805501
Symbiodinium52487,-0.175720386458096
Symbiodinium52491,0.086113514737478
Symbiodinium52498,-0.0908431013139933
Symbiodinium52499,0.188397109324061
Symbiodinium52500,0.00648691113537767
Symbiodinium52508,0.0101044279742775
Symbiodinium52515,0.77498861643614
Symbiodinium52517,-0.028661505533761
Symbiodinium52529,0.119536598160947
Symbiodinium5253,0.343142068982299
Symbiodinium52530,-2.05867130499568
Symbiodinium52532,0.0567663161337774
Symbiodinium52533,-0.734861756216363
Symbiodinium52536,0.0285225120515313
Symbiodinium52537,0.174025142176889
Symbiodinium5254,-0.135188256801545
Symbiodinium52557,0.0493749920399498
Symbiodinium5256,-0.12253511610865
Symbiodinium52569,0.540333479572474
Symbiodinium52571,0.0948804714811217
Symbiodinium52573,0.242506315400745
Symbiodinium52577,0.367606637890692
Symbiodinium52580,0.0380910204166925
Symbiodinium52581,0.089245541453226
Symbiodinium52583,0.066653994949457
Symbiodinium52584,0.0244858216454921
Symbiodinium52592,1.68313938277196
Symbiodinium52593,0.0219893174839441
Symbiodinium52594,0.288139481579802
Symbiodinium52595,0.469212147354414
Symbiodinium52596,-0.0822776263448193
Symbiodinium52597,0.0144641318484249
Symbiodinium52609,0.156785752457399
Symbiodinium52611,-0.0453994383144816
Symbiodinium52614,-0.00241462678104737
Symbiodinium52618,-0.0785167501177257
Symbiodinium52625,0.0497791364181114
Symbiodinium52627,-0.394907830232783
Symbiodinium52629,-0.00901829903554805
Symbiodinium52634,0.0829108706684641
Symbiodinium52645,0.0486559992854874
Symbiodinium52648,0.062416259955578
Symbiodinium5265,0.0845176419664937
Symbiodinium52653,-0.036508011372836
Symbiodinium52658,-0.00621569419959388
Symbiodinium52659,0.301613049876754
Symbiodinium52662,-0.104009667441456
Symbiodinium52667,0.0869158279613295
Symbiodinium52668,1.04130190946799
Symbiodinium52670,-0.394426362664704
Symbiodinium52671,-0.137716877763636
Symbiodinium52673,-0.0192375318057824
Symbiodinium52675,0.412247542218191
Symbiodinium52676,-0.033408405880318
Symbiodinium5268,-0.0486559992854874
Symbiodinium52684,0.444598448913403
Symbiodinium52686,0.0441162346521162
Symbiodinium52688,0.0635861324051911
Symbiodinium52689,-0.0475599331225344
Symbiodinium52693,-0.0570599269488921
Symbiodinium52698,0.210821763372609
Symbiodinium5271,0.431349201744627
Symbiodinium52710,0.158785033196743
Symbiodinium52721,0.19577370262736
Symbiodinium52726,-0.194039025393724
Symbiodinium52734,-0.0234270610834285
Symbiodinium52737,0.268458305567395
Symbiodinium52745,-0.0267850461813948
Symbiodinium5275,-0.0983302139610468
Symbiodinium52766,-0.119871342159477
Symbiodinium52771,-0.00260296680326229
Symbiodinium52775,0.139161331519471
Symbiodinium52789,0.265648018330319
Symbiodinium52794,0.73684014095027
Symbiodinium52795,0.393568929709273
Symbiodinium52797,0.036099890289366
Symbiodinium52798,-0.00740559470589527
Symbiodinium52804,-0.130667519858312
Symbiodinium52805,0.0810819477267498
Symbiodinium52807,0.017146705465843
Symbiodinium52809,-0.185565335816016
Symbiodinium52810,0.0784875572160509
Symbiodinium52816,-0.323111068196605
Symbiodinium52825,0.287035224663109
Symbiodinium52828,0.268440991623344
Symbiodinium52831,-0.192375404583843
Symbiodinium52834,-0.592002715245585
Symbiodinium52835,1.32274628068641
Symbiodinium52842,-0.0484738685867539
Symbiodinium52843,-0.102055303029914
Symbiodinium52844,0.0785853151008565
Symbiodinium52847,0.191243297860934
Symbiodinium52850,-0.317569968764264
Symbiodinium52869,0.122559306321012
Symbiodinium5287,0.152702033389972
Symbiodinium52870,0.25490822089467
Symbiodinium52876,0.329006669268659
Symbiodinium52878,1.09287567678712
Symbiodinium52879,0.155062979082356
Symbiodinium52881,0.0415500795967392
Symbiodinium52884,2.65170627372605
Symbiodinium52885,0.186599990305342
Symbiodinium52886,0.283817269034491
Symbiodinium52887,0.0087680189375289
Symbiodinium52891,-0.0493749920399498
Symbiodinium52896,0.0247187410002257
Symbiodinium52897,0.00306523217989292
Symbiodinium52898,0.0703618219503046
Symbiodinium5290,-0.0188626069580936
Symbiodinium52900,0.0672922541483146
Symbiodinium52901,0.0202153287535928
Symbiodinium52904,-0.125620358092068
Symbiodinium52908,-0.0331169263612446
Symbiodinium52911,-0.208842526174251
Symbiodinium52912,0.00502914260425311
Symbiodinium52916,0.296796884676757
Symbiodinium5292,0.261191155040554
Symbiodinium52920,0.160984630199016
Symbiodinium52924,-0.000484917973759201
Symbiodinium52927,-0.430871985882761
Symbiodinium52928,0.337990824261239
Symbiodinium52930,0.178378628540605
Symbiodinium52934,-0.133072698322499
Symbiodinium52939,-0.533754033056033
Symbiodinium52941,0.624339660681464
Symbiodinium52944,-0.0635183260252564
Symbiodinium52947,0.675653327410739
Symbiodinium52948,-0.026385248784168
Symbiodinium52950,-0.00472851377041647
Symbiodinium52951,0.0137988443469696
Symbiodinium52957,0.00904966917111838
Symbiodinium52958,0.0325758258328495
Symbiodinium52960,0.0318450302118285
Symbiodinium52964,0.148148454972375
Symbiodinium52965,0.563172205708967
Symbiodinium52969,0.55609180774895
Symbiodinium5297,0.0748480133470326
Symbiodinium52972,0.121691261861546
Symbiodinium52974,-0.0219155631750498
Symbiodinium52975,0.00241462678104737
Symbiodinium5298,0.0550424221636684
Symbiodinium52981,0.141648331780602
Symbiodinium5299,0.221229155088515
Symbiodinium52992,-0.0357088269248354
Symbiodinium52993,0.375079604185227
Symbiodinium52994,-0.110119323256956
Symbiodinium52998,-0.10795831476188
Symbiodinium52999,0.404449877711936
Symbiodinium53001,0.37802260102646
Symbiodinium53005,-0.230097874484897
Symbiodinium53018,-0.00893993168000919
Symbiodinium5302,0.122559306321012
Symbiodinium53020,-0.0648186047641307
Symbiodinium53021,-0.017146705465843
Symbiodinium53025,-0.0701539546552445
Symbiodinium53026,-0.170732729986077
Symbiodinium5303,-0.0449647176208366
Symbiodinium53032,0.22496134980824
Symbiodinium53033,0.416534345995678
Symbiodinium53037,-0.393557806044864
Symbiodinium53038,0.208748829320555
Symbiodinium53039,0.365448543911758
Symbiodinium53044,0.246389801388051
Symbiodinium53048,0.121239441673583
Symbiodinium53050,0.0528624581329597
Symbiodinium53053,0.0189654342694996
Symbiodinium53057,0.374171488862576
Symbiodinium53074,0.101598049008195
Symbiodinium53078,-0.317569968764264
Symbiodinium53079,-0.120282750891584
Symbiodinium53083,-0.827766406377565
Symbiodinium53092,0.000327961110938254
Symbiodinium53093,0.189601183477269
Symbiodinium53094,0.727114478010766
Symbiodinium53097,-0.0512942593443835
Symbiodinium53100,0.198548983877787
Symbiodinium53103,0.133860940324922
Symbiodinium53107,-1.00468464092102
Symbiodinium53114,0.17785080844769
Symbiodinium53117,-0.0219155631750498
Symbiodinium53118,0.158472099824998
Symbiodinium53121,0.0318450302118285
Symbiodinium53126,0.184170686823516
Symbiodinium53127,0.280356365734792
Symbiodinium5313,0.0664796813445649
Symbiodinium53134,0.0187900003243187
Symbiodinium5314,-0.0318723247980992
Symbiodinium53141,0.0460101681180519
Symbiodinium53142,-0.155607279025851
Symbiodinium53148,-0.00630107326473367
Symbiodinium53149,-0.198548983877787
Symbiodinium53150,-0.0328056131383188
Symbiodinium5316,-0.056069507906546
Symbiodinium53160,0.0572900843096334
Symbiodinium53167,-0.00241462678104737
Symbiodinium53169,0.313548244204714
Symbiodinium53170,9.3475354507664e-05
Symbiodinium53177,0.187678250379791
Symbiodinium53182,0.0178562866751667
Symbiodinium53184,0.122604059778918
Symbiodinium53185,-0.174387736226007
Symbiodinium53186,0.00322550064222824
Symbiodinium53187,0.00622926542199442
Symbiodinium53188,-0.0100296782563833
Symbiodinium53189,0.0945276320487296
Symbiodinium53195,-0.044238329656561
Symbiodinium53196,-0.319791352807788
Symbiodinium53209,0.0701913235641582
Symbiodinium53211,-0.0449647176208366
Symbiodinium53216,-0.00771043745411508
Symbiodinium53230,0.12647229051723
Symbiodinium53232,-0.0121612030624145
Symbiodinium53235,0.27490202390996
Symbiodinium53237,0.0901904386868411
Symbiodinium53239,0.000360221081878565
Symbiodinium53247,0.137480132770066
Symbiodinium53248,-0.320352936685704
Symbiodinium53249,-0.0512942593443835
Symbiodinium53256,-0.0570232870255416
Symbiodinium53259,0.0547487471236941
Symbiodinium53261,0.0318450302118285
Symbiodinium53265,-0.246880197162426
Symbiodinium53267,0.060860538959966
Symbiodinium53268,-0.0942579925413464
Symbiodinium53272,-0.026385248784168
Symbiodinium53273,0.221229155088515
Symbiodinium53275,0.341547069250195
Symbiodinium53280,0.10439550749774
Symbiodinium53281,-0.021129452373871
Symbiodinium53282,-0.337782580135348
Symbiodinium53288,0.234127102989048
Symbiodinium53301,0.37234584348139
Symbiodinium53305,0.095841422240406
Symbiodinium53312,0.280356365734792
Symbiodinium53315,0.350366077334521
Symbiodinium53318,-0.0547487471236941
Symbiodinium53327,0.0449357115286957
Symbiodinium53332,0.0919823965385753
Symbiodinium53338,-0.0150830176088721
Symbiodinium53340,-0.0402907006537731
Symbiodinium53348,0.197851086022013
Symbiodinium53352,0.411221383413249
Symbiodinium53357,-0.00749602066994777
Symbiodinium53360,0.312926597580863
Symbiodinium53361,0.387962961027154
Symbiodinium5337,0.397087690991778
Symbiodinium53373,-0.144601015497602
Symbiodinium53375,-0.178839420341913
Symbiodinium53376,-0.0243489223494418
Symbiodinium53382,0.0510367309735424
Symbiodinium53383,0.0587831517594103
Symbiodinium53384,0.155209588043105
Symbiodinium53388,0.084784864612057
Symbiodinium53389,-0.0396813681204512
Symbiodinium5339,0.182009066697488
Symbiodinium53392,0.315111200159554
Symbiodinium53397,1.17485669684697
Symbiodinium53400,0.0029518275370504
Symbiodinium53401,2.3104710591955
Symbiodinium53402,0.154276543677088
Symbiodinium53415,-0.118445754981852
Symbiodinium53421,0.404449877711936
Symbiodinium53423,0.0407425205298897
Symbiodinium53432,0.0268071118540871
Symbiodinium53441,0.859121438734449
Symbiodinium53447,-0.0196773566092285
Symbiodinium53448,-0.0101044279742775
Symbiodinium53458,-0.0332663548778226
Symbiodinium53462,0.00962857470302389
Symbiodinium53464,0.0908225457351271
Symbiodinium53467,-0.0187900003243187
Symbiodinium5347,0.0609391454768931
Symbiodinium53472,0.359979156860016
Symbiodinium53477,0.112112682853142
Symbiodinium53478,1.02913207594298
Symbiodinium53485,0.154467488605893
Symbiodinium53486,0.0187326983804966
Symbiodinium53488,-0.0493197172681442
Symbiodinium5349,0.0966066522319077
Symbiodinium53490,-0.0244858216454921
Symbiodinium53492,0.0378590604059943
Symbiodinium53494,-0.409745175556581
Symbiodinium53505,0.173354812393983
Symbiodinium53507,0.0858190853048221
Symbiodinium53508,0.00502914260425311
Symbiodinium53509,-0.0029518275370504
Symbiodinium53513,0.0367045416231913
Symbiodinium53514,0.0861622706720208
Symbiodinium53519,-0.0804656782863294
Symbiodinium53520,-0.305322697142585
Symbiodinium53522,-0.883831467744174
Symbiodinium53527,0.144601015497602
Symbiodinium53528,0.0493749920399498
Symbiodinium53537,0.187959148378939
Symbiodinium53554,-0.0215562705024044
Symbiodinium53564,0.157011755160512
Symbiodinium53567,0.165763504571924
Symbiodinium53569,-0.0563449443507333
Symbiodinium53583,-0.0887940852390632
Symbiodinium53587,0.0903350511717875
Symbiodinium53589,-0.0648186047641307
Symbiodinium53591,0.0361702338194561
Symbiodinium53592,0.0751430633861423
Symbiodinium53593,0.0449647176208366
Symbiodinium53594,-0.343142068982299
Symbiodinium53595,0.16429257392197
Symbiodinium53613,-0.0143805102216578
Symbiodinium53614,0.025142083530732
Symbiodinium5362,-0.0607119780392571
Symbiodinium53620,0.000484917973759201
Symbiodinium53628,-0.0815808911803393
Symbiodinium53631,-0.126034147411599
Symbiodinium53638,-0.0861622706720208
Symbiodinium53639,0.64443679435154
Symbiodinium53645,1.07573829907731
Symbiodinium53646,0.357136853074794
Symbiodinium53648,0.478121318949012
Symbiodinium53652,0.0948804714811217
Symbiodinium53656,0.156131800628108
Symbiodinium53658,1.23599505070831
Symbiodinium53659,0.00771043745411508
Symbiodinium53661,-0.0647827881627119
Symbiodinium53663,0.528842028380765
Symbiodinium53664,0.0713738529729792
Symbiodinium53666,-0.0552952240479644
Symbiodinium53668,0.0404370695466564
Symbiodinium5367,0.10439550749774
Symbiodinium53672,0.157836418788281
Symbiodinium53674,0.138579941291527
Symbiodinium5368,0.231366082186953
Symbiodinium53682,-0.00183072521231643
Symbiodinium5369,0.12336929342002
Symbiodinium53692,0.127474094753202
Symbiodinium53701,0.00122725945495383
Symbiodinium53703,0.410322617954605
Symbiodinium53704,0.145436067255698
Symbiodinium53707,0.367793939607369
Symbiodinium53714,-0.4177334500338
Symbiodinium53719,0.0473266561137207
Symbiodinium53721,-0.559941520614119
Symbiodinium53728,-0.0152745536071955
Symbiodinium5373,0.142467727108802
Symbiodinium53731,0.0654851502695754
Symbiodinium53736,0.00621569419959388
Symbiodinium53737,0.349979019383281
Symbiodinium53739,0.00322550064222824
Symbiodinium53745,-0.326224045812639
Symbiodinium53748,0.453740135653976
Symbiodinium53758,-0.00984664754012047
Symbiodinium5376,0.0455227335460308
Symbiodinium53766,-0.407909244861086
Symbiodinium53768,0.663167211912643
Symbiodinium53769,-0.0675289829536718
Symbiodinium53772,0.10573347521476
Symbiodinium53778,-0.487911880333059
Symbiodinium53785,0.373962064153647
Symbiodinium53786,1.27672956738415
Symbiodinium53790,-0.110508955063724
Symbiodinium53798,2.35071234757034
Symbiodinium53807,0.122559306321012
Symbiodinium53808,-0.000327961110938254
Symbiodinium53810,0.0501473593444361
Symbiodinium53812,-0.0948804714811217
Symbiodinium53816,0.047107011499883
Symbiodinium5382,0.0493749920399498
Symbiodinium53823,0.00996319058853076
Symbiodinium53824,-0.0277296711060694
Symbiodinium53830,-0.217498558392409
Symbiodinium53834,-0.0426901155360925
Symbiodinium53850,0.128055278266457
Symbiodinium53851,-0.097323105368548
Symbiodinium53871,0.00965008730902799
Symbiodinium53872,0.623044361285088
Symbiodinium53875,0.118875126868595
Symbiodinium53880,0.222486775378353
Symbiodinium53881,-0.0150830176088721
Symbiodinium53882,0.0659805058809974
Symbiodinium53886,0.00936223059745143
Symbiodinium53900,0.337782580135348
Symbiodinium53907,-0.217534222088614
Symbiodinium53911,-0.216302717172756
Symbiodinium53913,-0.190226039341254
Symbiodinium53916,0.899478636455484
Symbiodinium53917,-0.150199600225098
Symbiodinium53931,-0.0771423698014674
Symbiodinium53932,0.0784875572160509
Symbiodinium53936,0.484503552400108
Symbiodinium53943,0.302884264869143
Symbiodinium53945,0.570664686737518
Symbiodinium53947,0.0654851502695754
Symbiodinium53954,-0.0536627832385304
Symbiodinium53967,-0.105630667031442
Symbiodinium53969,0.387962961027154
Symbiodinium5397,0.0395602031787775
Symbiodinium53976,-0.0138538696322258
Symbiodinium5398,-0.175770204492048
Symbiodinium53991,0.889240059557464
Symbiodinium53994,0.511424943452667
Symbiodinium54001,0.0196773566092285
Symbiodinium54009,-0.189417933385957
Symbiodinium54013,0.0437614685877833
Symbiodinium54021,-0.0947731439445633
Symbiodinium54028,0.0202153287535928
Symbiodinium54029,0.0948568175659636
Symbiodinium54030,0.355029034391899
Symbiodinium54031,0.094965718310012
Symbiodinium54032,-0.10321624453361
Symbiodinium54036,-0.323376266060796
Symbiodinium54047,-0.0493749920399498
Symbiodinium54049,0.0029518275370504
Symbiodinium54052,0.00982153119151219
Symbiodinium54055,0.0151617387624482
Symbiodinium5406,-0.0666394266003626
Symbiodinium54064,-0.387661950324969
Symbiodinium54068,0.782346370736047
Symbiodinium54071,-0.319381180487061
Symbiodinium54078,0.0893013717618748
Symbiodinium54085,0.135210649970866
Symbiodinium54087,0.143371882978136
Symbiodinium54090,-0.0413531817107383
Symbiodinium54094,0.0936797913109547
Symbiodinium54097,0.00996319058853076
Symbiodinium54098,0.298419216184897
Symbiodinium54099,0.592002715245585
Symbiodinium54101,0.532747671469907
Symbiodinium54102,0.362990016289131
Symbiodinium54108,0.236989916485957
Symbiodinium54109,-0.00312580144609234
Symbiodinium54115,0.050138077220318
Symbiodinium54116,0.135306444045714
Symbiodinium54121,0.506976839887976
Symbiodinium54123,-0.0318450302118285
Symbiodinium54126,0.0164143379331598
Symbiodinium54134,-0.1583658163468
Symbiodinium54135,0.00621569419959388
Symbiodinium54136,-0.0638754729059856
Symbiodinium54141,0.564700917012389
Symbiodinium54149,-0.220581506147714
Symbiodinium5415,0.0279634038880805
Symbiodinium54150,0.257408608750781
Symbiodinium54151,0.00901829903554805
Symbiodinium54155,0.00233427657288004
Symbiodinium54161,0.0219155631750498
Symbiodinium54163,-0.386774905805501
Symbiodinium54183,0.306237180473388
Symbiodinium54185,0.425395241431459
Symbiodinium54186,0.347337756074801
Symbiodinium54194,-0.00961978744835911
Symbiodinium54211,0.109797616010798
Symbiodinium54216,0.0457978995120007
Symbiodinium5422,0.55810164461945
Symbiodinium54221,-0.623667939986671
Symbiodinium54230,-0.0377147049618255
Symbiodinium54233,-0.233919574399233
Symbiodinium54243,0.45726555979254
Symbiodinium54244,-0.0493749920399498
Symbiodinium54245,0.285277262850064
Symbiodinium54246,-0.350523138336321
Symbiodinium54251,0.313548244204714
Symbiodinium54257,0.440850452682943
Symbiodinium54258,-0.280572619740983
Symbiodinium54259,0.250615048393266
Symbiodinium54262,0.104388734275149
Symbiodinium54269,-0.026172525581558
Symbiodinium54272,0.139916903081985
Symbiodinium54273,0.313098670637409
Symbiodinium54279,0.189601183477269
Symbiodinium54283,-0.097323105368548
Symbiodinium54287,0.0140329406037709
Symbiodinium5429,0.17910591168255
Symbiodinium54292,0.0257609781179461
Symbiodinium54296,0.22496134980824
Symbiodinium54300,-0.0895063330130939
Symbiodinium54309,0.0511832461073805
Symbiodinium54312,1.00557439139209
Symbiodinium54314,0.0072008366745786
Symbiodinium54324,-0.0486559992854874
Symbiodinium54330,-0.0684089594501786
Symbiodinium54335,0.0215604650367091
Symbiodinium54352,0.112327208030394
Symbiodinium54354,0.144276452961372
Symbiodinium54356,0.00236967490992178
Symbiodinium54362,0.00622926542199442
Symbiodinium54363,-0.0729619286893908
Symbiodinium54368,0.444598448913403
Symbiodinium54370,0.179014026818039
Symbiodinium54374,0.0987280724348892
Symbiodinium54375,-0.138567169132995
Symbiodinium54382,-0.00281459351281626
Symbiodinium54384,-0.0200771977283576
Symbiodinium54388,-0.301613049876754
Symbiodinium54392,0.0396813681204512
Symbiodinium54393,-0.0688842012211798
Symbiodinium5440,0.286803429953591
Symbiodinium54412,0.484503552400108
Symbiodinium54413,0.0096835513878254
Symbiodinium54419,0.38603104547208
Symbiodinium5442,-0.0144641318484249
Symbiodinium54430,0.0798197519079185
Symbiodinium54431,-0.0318723247980992
Symbiodinium54433,-0.0096835513878254
Symbiodinium54442,0.953223479342538
Symbiodinium54444,0.0147112747835468
Symbiodinium54446,0.0869158279613295
Symbiodinium54450,0.326558719400513
Symbiodinium54453,-0.126010799234845
Symbiodinium54455,0.0466403583258269
Symbiodinium54460,0.198838827550105
Symbiodinium54464,0.133691850856229
Symbiodinium54465,0.127213918313005
Symbiodinium54466,0.30086825926123
Symbiodinium54468,-0.269404643260532
Symbiodinium54480,0.0879448015483956
Symbiodinium54491,-0.0893381494286848
Symbiodinium54496,-0.0161862535925023
Symbiodinium54498,-0.17387020074574
Symbiodinium54499,0.141625394643183
Symbiodinium54500,0.50434192847154
Symbiodinium54506,-0.190062268939188
Symbiodinium54507,0.919366604953039
Symbiodinium54508,-0.222518214750216
Symbiodinium54510,-0.0449357115286957
Symbiodinium54513,-0.122604059778918
Symbiodinium54518,0.0987988836552801
Symbiodinium54520,0.0112586161808556
Symbiodinium54524,0.0771423698014674
Symbiodinium54536,0.0945655528606793
Symbiodinium54548,0.0644026613823391
Symbiodinium5455,0.052533589538001
Symbiodinium54558,0.418971004355447
Symbiodinium54559,0.142333229449289
Symbiodinium5456,-0.0329227236385364
Symbiodinium54565,0.098065325935903
Symbiodinium54566,-0.0762210427068146
Symbiodinium54571,-0.811676123329777
Symbiodinium54573,0.0641506134459201
Symbiodinium54576,0.00385769162562648
Symbiodinium54590,0.585571128643524
Symbiodinium54598,0.0118993152779324
Symbiodinium5460,0.0901904386868411
Symbiodinium54602,-0.0318723247980992
Symbiodinium54606,0.177249641747267
Symbiodinium54613,-0.0551489546507618
Symbiodinium54617,0.457501583558643
Symbiodinium54623,0.108296405043942
Symbiodinium54632,-0.0575342206959327
Symbiodinium5464,1.13414953829028
Symbiodinium54643,-0.0298668468191135
Symbiodinium54646,0.0729708667795484
Symbiodinium54649,-0.0187900003243187
Symbiodinium54651,-0.122559306321012
Symbiodinium54658,1.85499179735769
Symbiodinium54665,0.0331002355034761
Symbiodinium54671,0.0318916887385299
Symbiodinium54676,0.408553672805878
Symbiodinium54678,-0.0284424702819942
Symbiodinium54680,-0.125437502470469
Symbiodinium54690,0.266761888448613
Symbiodinium54692,0.155062979082356
Symbiodinium5470,-0.0977163798811683
Symbiodinium54706,0.902150417477664
Symbiodinium54707,0.361378328875601
Symbiodinium54716,0.0775093488073768
Symbiodinium54726,-0.0205615344224538
Symbiodinium54727,0.0239725906822592
Symbiodinium5473,0.0404370695466564
Symbiodinium54733,0.10321624453361
Symbiodinium54736,-0.0125827560537671
Symbiodinium54737,0.0983302139610468
Symbiodinium54739,0.0637602134996857
Symbiodinium5474,0.0768908208840012
Symbiodinium54748,0.43222803022558
Symbiodinium54749,0.0152268475070814
Symbiodinium54750,-0.136387777208051
Symbiodinium54753,0.331221775178341
Symbiodinium54762,0.14246639872915
Symbiodinium54767,0.0074592329900366
Symbiodinium54777,0.21340039003242
Symbiodinium54778,-1.09736760208598
Symbiodinium54779,-0.0247719547485242
Symbiodinium54780,0.156131800628108
Symbiodinium54781,-0.199293286776817
Symbiodinium54784,0.0837900570594725
Symbiodinium54789,0.0526720858329031
Symbiodinium54805,0.179920025389724
Symbiodinium54808,0.167866359740231
Symbiodinium54814,0.173148609481039
Symbiodinium54818,0.155607279025851
Symbiodinium54823,0.103220244313626
Symbiodinium54825,-0.0217145532996683
Symbiodinium54828,0.307603742863977
Symbiodinium54833,-0.56224057179495
Symbiodinium54835,0.0129410404547668
Symbiodinium54848,0.0932252433762789
Symbiodinium54849,-0.108784041435646
Symbiodinium54854,-0.0787894605140894
Symbiodinium54858,-0.00183072521231643
Symbiodinium54859,-0.667535721501642
Symbiodinium54862,0.137480132770066
Symbiodinium54864,0.00328246209851064
Symbiodinium5487,-0.0113817526923287
Symbiodinium54873,0.00512242882543378
Symbiodinium54878,0.0547487471236941
Symbiodinium54879,-0.0908431013139933
Symbiodinium54880,-0.0178541678995444
Symbiodinium54884,0.4177334500338
Symbiodinium54887,0.515170115094878
Symbiodinium54890,0.153938567343341
Symbiodinium54893,0.522328732495595
Symbiodinium54906,0.327542774470649
Symbiodinium5491,0.0969809509736038
Symbiodinium54916,0.0404370695466564
Symbiodinium54930,0.213961900418471
Symbiodinium54938,-0.0238991778334354
Symbiodinium54939,-0.147667160396863
Symbiodinium54940,0.113702227788079
Symbiodinium54946,-0.0161862535925023
Symbiodinium54948,0.225224680704942
Symbiodinium54961,-0.0165232380556746
Symbiodinium54962,0.158575585955133
Symbiodinium54967,-0.0500223692199983
Symbiodinium54977,0.0619316405222005
Symbiodinium54985,0.047999287022311
Symbiodinium5499,-0.0559514758170666
Symbiodinium54990,0.592002715245585
Symbiodinium55004,-0.0372398823410974
Symbiodinium5501,-0.0577559126299018
Symbiodinium55013,0.313262518122931
Symbiodinium55014,0.178378628540605
Symbiodinium55016,0.00225472010323345
Symbiodinium55018,0.472110532055008
Symbiodinium55025,-0.000264542905017076
Symbiodinium55027,0.0531597371490435
Symbiodinium55028,-0.111837022935832
Symbiodinium5503,0.0567205896331758
Symbiodinium55039,-0.0913267358824241
Symbiodinium55041,-0.0077136139152767
Symbiodinium55042,0.134221659519787
Symbiodinium5505,-0.0147112747835468
Symbiodinium55051,0.0398305120544645
Symbiodinium5507,0.378159163023376
Symbiodinium55071,0.807117872810008
Symbiodinium55081,0.00996319058853076
Symbiodinium5509,-0.143472531851583
Symbiodinium55097,0.0495068738601987
Symbiodinium55118,0.0666394266003626
Symbiodinium55126,0.113702227788079
Symbiodinium55129,-0.0689171355598215
Symbiodinium55137,0.380885651556274
Symbiodinium55141,-0.127474094753202
Symbiodinium55144,0.232705192039543
Symbiodinium55152,0.194341863440706
Symbiodinium55153,0.0199449559165431
Symbiodinium55158,-0.00241462678104737
Symbiodinium55164,0.104432596541603
Symbiodinium55169,-0.149896404902318
Symbiodinium5518,-0.00525489825098913
Symbiodinium55182,0.111432098339111
Symbiodinium55183,0.73684014095027
Symbiodinium55189,-0.0804897671035662
Symbiodinium55193,0.800317331116717
Symbiodinium55199,0.232820956145381
Symbiodinium55214,4.49315730599111
Symbiodinium55219,0.00140832687247793
Symbiodinium55220,-0.278725567004082
Symbiodinium55222,0.000327961110938254
Symbiodinium55226,-0.235117777998244
Symbiodinium55227,-0.059432806064039
Symbiodinium55231,-0.0685347338523728
Symbiodinium55232,-0.651227943551462
Symbiodinium55233,-0.0243489223494418
Symbiodinium55236,0.05961314671806
Symbiodinium55238,0.141953403540355
Symbiodinium55240,-0.44949173171428
Symbiodinium55244,0.189418302080323
Symbiodinium55246,0.122559306321012
Symbiodinium55257,0.261699664415049
Symbiodinium55259,0.088261257390744
Symbiodinium55263,0.293141976124128
Symbiodinium55265,0.0443112621886225
Symbiodinium55268,0.0933156203354907
Symbiodinium5528,-0.12207386314695
Symbiodinium55289,0.0455227335460308
Symbiodinium55296,0.0896393087983372
Symbiodinium55301,0.282063795755514
Symbiodinium55304,-0.0640695569617077
Symbiodinium55308,0.139916903081985
Symbiodinium55339,-0.053212145043608
Symbiodinium55340,0.142467727108802
Symbiodinium55345,0.244354923379451
Symbiodinium55351,0.597450565697139
Symbiodinium55354,0.446928030883945
Symbiodinium55356,0.0199967029433573
Symbiodinium55364,-0.149637679720368
Symbiodinium55392,0.592002715245585
Symbiodinium55393,-0.0077136139152767
Symbiodinium5540,0.371649216120268
Symbiodinium55447,0.0592756084822358
Symbiodinium55450,0.750380205258458
Symbiodinium55456,-0.139993939145516
Symbiodinium55459,0.179246070502078
Symbiodinium55462,0.052533589538001
Symbiodinium5547,0.00472851377041647
Symbiodinium55475,0.479558754807801
Symbiodinium55477,-0.219851414262146
Symbiodinium55479,0.411468453373073
Symbiodinium55493,-0.0466403583258269
Symbiodinium55498,0.375079604185227
Symbiodinium55500,0.266743925342536
Symbiodinium55505,-0.0918495389067017
Symbiodinium55530,-0.0644026613823391
Symbiodinium55536,1.41861918362607
Symbiodinium55541,0.221242016886881
Symbiodinium55546,-0.0130357381818845
Symbiodinium55551,-0.123218867145356
Symbiodinium55562,0.259907610453748
Symbiodinium55573,0.903413008876172
Symbiodinium55604,-0.0404370695466564
Symbiodinium55619,0.271598104863194
Symbiodinium55624,-0.0400284060898984
Symbiodinium5563,0.0644026613823391
Symbiodinium55631,-0.0921858841241543
Symbiodinium55664,0.237103397391599
Symbiodinium55667,-0.430871985882761
Symbiodinium55674,-0.0738532057280556
Symbiodinium5568,0.25490822089467
Symbiodinium55703,0.44562869532742
Symbiodinium55711,0.631963285516647
Symbiodinium5572,0.0685347338523728
Symbiodinium55720,0.285400088483393
Symbiodinium55721,-0.0459259823582984
Symbiodinium55730,0.407094571476242
Symbiodinium55735,0.0548372878135748
Symbiodinium55759,0.0540108739521276
Symbiodinium5577,0.576590360026811
Symbiodinium55785,0.866741886197551
Symbiodinium55796,-0.343540502147059
Symbiodinium55805,-0.232799655079605
Symbiodinium55806,-0.00621569419959388
Symbiodinium55807,0.015869699827459
Symbiodinium55816,0.0227872559933515
Symbiodinium55827,-0.125531387986342
Symbiodinium55868,0.873576694476691
Symbiodinium55873,0.0501276987105414
Symbiodinium55876,-0.271598104863194
Symbiodinium55881,0.117216613476971
Symbiodinium55888,0.112933097114993
Symbiodinium55905,-0.0689171355598215
Symbiodinium55909,0.0815808911803393
Symbiodinium5591,1.00468464092102
Symbiodinium55910,-0.00680769091380005
Symbiodinium5592,0.00740559470589527
Symbiodinium55921,0.0635527197120838
Symbiodinium55925,0.476581839885138
Symbiodinium55938,0.491411805880987
Symbiodinium5594,-0.45726555979254
Symbiodinium55951,-0.111432098339111
Symbiodinium55966,0.495883398636615
Symbiodinium5598,-0.0164143379331598
Symbiodinium55990,0.288893848021982
Symbiodinium55999,0.156639557495673
Symbiodinium56002,0.572950284468586
Symbiodinium56003,0.312597686125717
Symbiodinium56009,0.51764396334255
Symbiodinium56019,-0.243819271204014
Symbiodinium56027,0.859380438623715
Symbiodinium56030,0.355748374541661
Symbiodinium56033,0.0785059055710491
Symbiodinium56037,-0.0318450302118285
Symbiodinium56039,0.199293286776817
Symbiodinium5607,0.179246070502078
Symbiodinium56073,0.592002715245585
Symbiodinium56074,0.354560232035926
Symbiodinium56079,0.0771423698014674
Symbiodinium5608,0.0459259823582984
Symbiodinium56090,4.70156682660837
Symbiodinium56091,0.421018682563607
Symbiodinium56102,0.0916216406778412
Symbiodinium56109,-0.0501689488863106
Symbiodinium56121,-0.22210981634817
Symbiodinium5613,0.562733813961205
Symbiodinium56136,-0.386774905805501
Symbiodinium5616,0.424320377671858
Symbiodinium56169,0.0407425205298897
Symbiodinium56172,-0.095841422240406
Symbiodinium56179,0.00891288757559414
Symbiodinium56180,0.204335690231963
Symbiodinium56197,-0.343540502147059
Symbiodinium56199,-0.0372554826912513
Symbiodinium56223,0.04968090308039
Symbiodinium56231,-0.182566087806444
Symbiodinium56233,0.0164621876583159
Symbiodinium56247,0.0203127982409819
Symbiodinium5625,-0.26472834805947
Symbiodinium56315,0.495640261359724
Symbiodinium56329,0.18526416297586
Symbiodinium56332,0.0185260092838765
Symbiodinium56342,0.086113514737478
Symbiodinium56356,-0.0601287224775347
Symbiodinium56377,0.0934407181023559
Symbiodinium5639,0.0214737928985187
Symbiodinium56390,0.0518983233510108
Symbiodinium5641,0.77498861643614
Symbiodinium56418,-0.00681481300031248
Symbiodinium56429,0.162851598779574
Symbiodinium56439,0.105054179138901
Symbiodinium56464,0.0029518275370504
Symbiodinium56469,-0.22207172467282
Symbiodinium5647,0.520585791488132
Symbiodinium5649,-0.220410738090644
Symbiodinium56490,-0.143571465824567
Symbiodinium56498,0.557907774720454
Symbiodinium5651,0.17711304870973
Symbiodinium56514,0.444598448913403
Symbiodinium5652,-0.400844413145497
Symbiodinium56537,0.172132970791607
Symbiodinium56542,-0.00654528837880896
Symbiodinium56545,0.597861134400031
Symbiodinium56569,0.0722890961304182
Symbiodinium5657,0.141648331780602
Symbiodinium56572,0.143571465824567
Symbiodinium5658,-0.217995880120059
Symbiodinium56597,0.200339727778037
Symbiodinium56601,-0.102365732407788
Symbiodinium56626,-0.157591801606012
Symbiodinium56632,0.157836418788281
Symbiodinium56639,1.97649482362713
Symbiodinium56644,-1.0005512184926
Symbiodinium56645,-0.0641506134459201
Symbiodinium5665,0.142452332142989
Symbiodinium56673,0.0254263212545386
Symbiodinium56680,-0.141625394643183
Symbiodinium56687,1.00164395554127
Symbiodinium56697,0.795639581179236
Symbiodinium5671,-0.0247719547485242
Symbiodinium56727,0.313262518122931
Symbiodinium56734,-0.183358776530114
Symbiodinium56737,0.122929129791444
Symbiodinium56740,0.73684014095027
Symbiodinium56742,0.122635115313128
Symbiodinium56751,-0.118575856103866
Symbiodinium56779,0.200731276823139
Symbiodinium56798,0.38603104547208
Symbiodinium5681,0.131452848448722
Symbiodinium56812,-0.163714481469673
Symbiodinium56833,-0.225224680704942
Symbiodinium56841,0.00134616318389094
Symbiodinium56892,0.241620841888195
Symbiodinium5690,0.0947170993988273
Symbiodinium56907,0.286051118197837
Symbiodinium5691,-0.0430938636664612
Symbiodinium56911,0.355442795471078
Symbiodinium56920,-0.703629561711419
Symbiodinium56959,0.10795831476188
Symbiodinium56976,0.0544983134505481
Symbiodinium56983,0.44562869532742
Symbiodinium56990,0.192661917747388
Symbiodinium5700,0.14486602663441
Symbiodinium57009,0.506976839887976
Symbiodinium5702,0.152702033389972
Symbiodinium57035,0.322517868183518
Symbiodinium5704,0.0310164397303819
Symbiodinium57051,-0.0552377358154689
Symbiodinium57068,0.0243489223494418
Symbiodinium5708,0.156639557495673
Symbiodinium57089,-0.133860940324922
Symbiodinium5709,0.0404370695466564
Symbiodinium57095,-0.0426816236951148
Symbiodinium5710,-0.579641946378676
Symbiodinium57104,0.285728832029298
Symbiodinium5712,-0.131366789996556
Symbiodinium5713,0.0846335974137567
Symbiodinium57145,0.0130388810181279
Symbiodinium5716,0.0548372878135748
Symbiodinium5717,0.129438002534446
Symbiodinium5718,0.118445754981852
Symbiodinium5719,0.207061594336689
Symbiodinium57191,-0.137245951356882
Symbiodinium57214,0.0183187446516689
Symbiodinium57215,-0.0459259823582984
Symbiodinium57237,-0.118445754981852
Symbiodinium57275,-0.0150830176088721
Symbiodinium5730,-0.00322550064222824
Symbiodinium57312,-0.016822710372555
Symbiodinium5735,-0.0077136139152767
Symbiodinium57356,0.0599431969873251
Symbiodinium57370,0.0899542935724293
Symbiodinium57371,0.0244566004715634
Symbiodinium57385,-0.0222416800971642
Symbiodinium57396,0.498056663453163
Symbiodinium57401,0.49154915024157
Symbiodinium57407,0.325764044802059
Symbiodinium57412,0.103820232783421
Symbiodinium57429,-0.127474094753202
Symbiodinium5743,-0.0359531016325968
Symbiodinium5745,0.410322617954605
Symbiodinium5746,-0.000360221081878565
Symbiodinium57469,-0.0387290210347221
Symbiodinium5749,0.0933486734887136
Symbiodinium57511,0.303720733497368
Symbiodinium5752,-0.0473580860821258
Symbiodinium5753,0.035347863671818
Symbiodinium57530,0.236422235664789
Symbiodinium5754,-0.046730520794007
Symbiodinium57543,8.68091290220918e-05
Symbiodinium5755,-0.0667132828030472
Symbiodinium57557,0.0396813681204512
Symbiodinium5759,-0.0407828398161933
Symbiodinium5760,0.200859575484861
Symbiodinium57623,0.228902081161925
Symbiodinium57638,0.0537560024292402
Symbiodinium57650,0.55609180774895
Symbiodinium5766,0.236989916485957
Symbiodinium5767,-0.02038409419877
Symbiodinium57708,-0.00322550064222824
Symbiodinium5773,-0.2387612945735
Symbiodinium5775,-0.0492570392289648
Symbiodinium5779,0.723751139092031
Symbiodinium5781,-0.0595301570885369
Symbiodinium5783,-0.0323638738095028
Symbiodinium5784,0.0647275168964077
Symbiodinium57841,0.035795741164243
Symbiodinium57905,-0.0466403583258269
Symbiodinium57938,0.0936797913109547
Symbiodinium5797,0.199210224123028
Symbiodinium5799,1.02576932864801
Symbiodinium57996,-0.00183072521231643
Symbiodinium5800,1.25240439311162
Symbiodinium58063,0.0369097579797689
Symbiodinium5809,0.318885377147709
Symbiodinium5812,0.235575577018353
Symbiodinium5813,0.0155281979605232
Symbiodinium58143,-0.0956083404181257
Symbiodinium5815,0.0785167501177257
Symbiodinium58178,1.66419351325545
Symbiodinium58234,-0.216346392341253
Symbiodinium5824,0.234509294131102
Symbiodinium5826,-0.0187326983804966
Symbiodinium58305,0.169126159481941
Symbiodinium58328,0.728312635881613
Symbiodinium5833,-0.141625394643183
Symbiodinium5836,-0.193192508903856
Symbiodinium5837,0.263696776576879
Symbiodinium58377,0.347523921708002
Symbiodinium5838,-0.0298668468191135
Symbiodinium5839,-0.00472851377041647
Symbiodinium5841,0.045212991335242
Symbiodinium5846,-0.0821881217203899
Symbiodinium58465,0.735707285328713
Symbiodinium5847,-0.224056149227662
Symbiodinium5848,0.291307519259761
Symbiodinium585,0.0815808911803393
Symbiodinium5850,-0.193266473249582
Symbiodinium5851,0.00428814615208419
Symbiodinium5852,-0.199210224123028
Symbiodinium58545,0.301613049876754
Symbiodinium58556,0.0562609264079093
Symbiodinium5859,0.439320891110621
Symbiodinium5861,-0.0188626069580936
Symbiodinium5862,0.531059796432521
Symbiodinium58624,-0.262884359402703
Symbiodinium5863,-0.00233427657288004
Symbiodinium5865,0.0459259823582984
Symbiodinium5866,0.0771423698014674
Symbiodinium5868,0.0895063330130939
Symbiodinium5870,-0.222144814353475
Symbiodinium58707,0.0187326983804966
Symbiodinium5873,-0.0187326983804966
Symbiodinium58735,0.311826329140767
Symbiodinium5874,0.214894592643785
Symbiodinium58768,0.0187900003243187
Symbiodinium58773,0.00281459351281626
Symbiodinium5880,0.122929129791444
Symbiodinium58818,-0.113702227788079
Symbiodinium5886,-0.0701913235641582
Symbiodinium5887,0.416850928727403
Symbiodinium58875,0.058229138617003
Symbiodinium58916,0.0320694077089563
Symbiodinium5894,0.234127102989048
Symbiodinium58944,-0.198838827550105
Symbiodinium5895,0.0685347338523728
Symbiodinium58958,-0.0224376209174294
Symbiodinium5896,-0.0318450302118285
Symbiodinium58980,0.496794226783752
Symbiodinium58981,0.188005347023793
Symbiodinium5900,-0.0775093488073768
Symbiodinium5901,0.231442523694233
Symbiodinium59014,-0.317863134710836
Symbiodinium59067,0.136851760309234
Symbiodinium59082,-0.059432806064039
Symbiodinium5911,0.223160601281772
Symbiodinium59117,-0.591011912557106
Symbiodinium5912,-0.116390602076213
Symbiodinium5913,-0.236989916485957
Symbiodinium5915,1.35355298001533
Symbiodinium5917,0.428879950395788
Symbiodinium5918,-1.01461512640727
Symbiodinium5919,0.00711930943242685
Symbiodinium5921,-0.1264169984262
Symbiodinium59213,-0.00955536192793565
Symbiodinium5922,0.19577370262736
Symbiodinium5923,0.0644026613823391
Symbiodinium5924,0.00433003093873015
Symbiodinium59245,0.127213918313005
Symbiodinium5925,0.117667861848015
Symbiodinium5926,0.681639173238856
Symbiodinium5928,-0.286803429953591
Symbiodinium59364,0.0493749920399498
Symbiodinium59396,0.0396813681204512
Symbiodinium59444,-2.76201888280157
Symbiodinium59447,-0.0848298375446975
Symbiodinium5947,-0.226591411805449
Symbiodinium5948,-0.0173239500316606
Symbiodinium59483,0.132246668567024
Symbiodinium5949,-0.0567663161337774
Symbiodinium5952,0.00674686566007427
Symbiodinium59538,-0.0280518958549076
Symbiodinium5954,0.0192375318057824
Symbiodinium5958,0.000484917973759201
Symbiodinium5962,0.380886973467233
Symbiodinium59638,-0.0407227129084075
Symbiodinium5964,-0.26676285128348
Symbiodinium59644,4.42863492753805
Symbiodinium59669,-0.0102926645536056
Symbiodinium59679,0.531463257217159
Symbiodinium5970,-0.0318450302118285
Symbiodinium59704,0.0837900570594725
Symbiodinium5971,-0.0517074527032567
Symbiodinium59726,-1.6649784209976
Symbiodinium5974,-0.0801745943719249
Symbiodinium59858,0.55609180774895
Symbiodinium5995,0.158575585955133
Symbiodinium5996,0.101195484006238
Symbiodinium6006,0.288390202495559
Symbiodinium6007,-0.173001489202493
Symbiodinium6011,-0.429076716961206
Symbiodinium6012,-0.534554241063298
Symbiodinium6014,-0.0505195769637174
Symbiodinium60211,-0.145842550435762
Symbiodinium60222,-0.379666507532891
Symbiodinium6025,-0.086113514737478
Symbiodinium60251,-0.0495341665718887
Symbiodinium6027,0.00134616318389094
Symbiodinium60282,0.43435029447262
Symbiodinium6029,0.267571893717111
Symbiodinium6033,-1.68435022755658
Symbiodinium6037,0.294736690168973
Symbiodinium6040,0.0722890961304182
Symbiodinium6042,-0.0493749920399498
Symbiodinium6043,0.0861622706720208
Symbiodinium6047,0.171995914589154
Symbiodinium6048,-0.409957079960456
Symbiodinium6054,-0.205857566660569
Symbiodinium6056,-0.0487431671158857
Symbiodinium60610,0.592002715245585
Symbiodinium6064,-0.00275664073582459
Symbiodinium6066,0.329006669268659
Symbiodinium60708,-0.565127052579304
Symbiodinium6071,-0.025142083530732
Symbiodinium6074,0.459942942775966
Symbiodinium6075,-0.133860940324922
Symbiodinium6076,-0.0554766619973137
Symbiodinium6077,0.0654851502695754
Symbiodinium6089,-0.181894799226392
Symbiodinium6093,0.927780383581108
Symbiodinium6099,0.0547487471236941
Symbiodinium6102,0.12336929342002
Symbiodinium61049,-0.341547069250195
Symbiodinium6105,0.0404641246552266
Symbiodinium61119,0.685541523828178
Symbiodinium6119,0.0777509656087552
Symbiodinium6121,0.0828577969346105
Symbiodinium6123,-0.00661383573008347
Symbiodinium6124,-0.368275560928597
Symbiodinium6125,0.104432596541603
Symbiodinium6128,0.00241462678104737
Symbiodinium6129,0.106686263988076
Symbiodinium61339,-3.53738673473693
Symbiodinium6134,-0.148835638430205
Symbiodinium6138,-0.616150272135533
Symbiodinium6142,-0.0523521539909151
Symbiodinium6144,0.0029518275370504
Symbiodinium61553,0.0140329406037709
Symbiodinium61605,0.501380657861116
Symbiodinium6163,1.1330082813986
Symbiodinium6165,-0.116843348417671
Symbiodinium61665,-0.347621048835829
Symbiodinium6167,-0.00678861760098782
Symbiodinium6170,0.267413762187383
Symbiodinium6171,0.155457047677717
Symbiodinium6175,0.392850286288581
Symbiodinium6177,0.675653327410739
Symbiodinium6193,0.177963823361639
Symbiodinium6194,-0.245231711612545
Symbiodinium6198,0.957981584217218
Symbiodinium6199,0.178378628540605
Symbiodinium6204,0.931436608514705
Symbiodinium6208,0.440950647856719
Symbiodinium6227,0.0567663161337774
Symbiodinium6229,-0.0426901155360925
Symbiodinium6232,0.0114580344621899
Symbiodinium6233,0.0318450302118285
Symbiodinium6234,-0.00324438148907187
Symbiodinium6236,0.350427640895812
Symbiodinium6238,0.0492688127950304
Symbiodinium62494,0.0219155631750498
Symbiodinium6256,-0.0359531016325968
Symbiodinium6258,0.142444349267418
Symbiodinium6269,-0.0130179743969905
Symbiodinium6275,0.108296405043942
Symbiodinium62758,0.170732729986077
Symbiodinium6280,0.0161862535925023
Symbiodinium6295,0.0298668468191135
Symbiodinium62953,3.16552172587485
Symbiodinium6299,0.0250585953963556
Symbiodinium6339,0.953179911682752
Symbiodinium6341,0.411960105393536
Symbiodinium6342,0.00622926542199442
Symbiodinium6344,0.158292092643345
Symbiodinium6348,0.117276604124123
Symbiodinium6351,0.178378628540605
Symbiodinium6357,-0.134035375606394
Symbiodinium6359,1.33840466416346
Symbiodinium6367,0.126151943044648
Symbiodinium6370,-0.632669197090801
Symbiodinium6378,0.0318450302118285
Symbiodinium6379,0.00434444345582689
Symbiodinium6388,-0.25282751754602
Symbiodinium63887,2.81194979134401
Symbiodinium6394,-1.36291581036667
Symbiodinium6416,-0.227152775763545
Symbiodinium6426,0.140179995534075
Symbiodinium6442,-0.8185913726734
Symbiodinium64421,0.637199297997043
Symbiodinium6446,-0.0765439040017149
Symbiodinium6448,0.284104698797768
Symbiodinium64598,-0.0570232870255416
Symbiodinium64676,-0.0459098427255474
Symbiodinium6469,0.0457978995120007
Symbiodinium6475,0.00983907217010902
Symbiodinium6478,0.140345476372829
Symbiodinium64801,0.348374345413945
Symbiodinium6481,0.103220244313626
Symbiodinium6491,0.131022336722352
Symbiodinium6498,-0.495883398636615
Symbiodinium6501,0.00241462678104737
Symbiodinium6509,1.38461904965215
Symbiodinium6520,0.0618306395920093
Symbiodinium6522,0.275283014972028
Symbiodinium6523,0.0641506134459201
Symbiodinium6540,-0.0407425205298897
Symbiodinium6545,0.0238264516959846
Symbiodinium6558,0.0708244510132322
Symbiodinium6566,-0.00697871143708268
Symbiodinium6568,0.0607119780392571
Symbiodinium6573,0.045212991335242
Symbiodinium6594,0.193192508903856
Symbiodinium6595,0.0187326983804966
Symbiodinium6605,0.095841422240406
Symbiodinium6617,0.129181118742573
Symbiodinium6636,0.0723554543010828
Symbiodinium6638,0.410322617954605
Symbiodinium6643,0.143339921220035
Symbiodinium6650,-0.0150830176088721
Symbiodinium6664,0.192375404583843
Symbiodinium6670,0.0963873848401677
Symbiodinium6671,-0.0147191012067047
Symbiodinium6673,-0.0225537126752884
Symbiodinium6677,-0.77498861643614
Symbiodinium6679,0.122559306321012
Symbiodinium6692,0.26472834805947
Symbiodinium6703,-0.387936426174599
Symbiodinium67058,-1.34881716992269
Symbiodinium6706,-0.0216167952257729
Symbiodinium6707,-0.0215604650367091
Symbiodinium6708,-0.00996319058853076
Symbiodinium6712,-0.021129452373871
Symbiodinium6713,0.270018733633064
Symbiodinium6720,-0.0908225457351271
Symbiodinium6730,-0.0708244510132322
Symbiodinium67338,3.02297917643883
Symbiodinium6737,0.00703763055962489
Symbiodinium67466,-0.0635527197120838
Symbiodinium6749,-0.0392622635609812
Symbiodinium6755,0.00901829903554805
Symbiodinium6761,0.2283064555657
Symbiodinium67639,0.400844413145497
Symbiodinium6769,-0.0614469279724884
Symbiodinium6784,0.485510828166702
Symbiodinium6789,-0.0101044279742775
Symbiodinium6790,0.0600470834417816
Symbiodinium6791,0.467423171317023
Symbiodinium6793,0.140198598294429
Symbiodinium6798,0.234960620753954
Symbiodinium6808,0.129603588060373
Symbiodinium6809,-0.256518005138662
Symbiodinium6811,-0.0729907926632545
Symbiodinium6812,0.0377147049618255
Symbiodinium6816,0.0077546418224656
Symbiodinium68167,0.0415707056424589
Symbiodinium6819,-0.00740559470589527
Symbiodinium6821,-0.094965718310012
Symbiodinium6825,-0.000484917973759201
Symbiodinium6831,-0.00622926542199442
Symbiodinium6832,-0.0250585953963556
Symbiodinium6835,0.130667519858312
Symbiodinium6837,-0.154467488605893
Symbiodinium6844,0.229449945403153
Symbiodinium6847,-0.103700971567571
Symbiodinium6848,-0.0164143379331598
Symbiodinium6853,0.0123063749851335
Symbiodinium68576,0.966152378395397
Symbiodinium6865,0.261890429988277
Symbiodinium6868,-0.377034610873222
Symbiodinium6869,0.00475328472992135
Symbiodinium6871,0.497062666201462
Symbiodinium6873,0.0422389612084182
Symbiodinium6879,0.00328585140476075
Symbiodinium6886,0.398528410158553
Symbiodinium68897,0.972830639966812
Symbiodinium6890,0.148835638430205
Symbiodinium6891,0.163092024444884
Symbiodinium68911,0.0554766619973137
Symbiodinium6904,-0.195577337209032
Symbiodinium6905,-0.00241462678104737
Symbiodinium6908,-0.532747671469907
Symbiodinium6912,-0.312546120292798
Symbiodinium69203,0.0333359454945308
Symbiodinium6929,0.495883398636615
Symbiodinium6933,0.000750970744462426
Symbiodinium6954,0.317142123022242
Symbiodinium6955,-0.505301359308232
Symbiodinium69550,-1.09287567678712
Symbiodinium6971,-0.0167899021080192
Symbiodinium6975,-0.0032188278717652
Symbiodinium69847,0.882655072416373
Symbiodinium6992,0.0669115340499097
Symbiodinium6997,-0.0284460986577763
Symbiodinium7003,0.00688097813462522
Symbiodinium7011,0.140798997190418
Symbiodinium7012,0.00962857470302389
Symbiodinium70177,0.279844486208389
Symbiodinium7028,1.78462095135452
Symbiodinium7044,0.0381733095515938
Symbiodinium7055,-1.12526500386018
Symbiodinium70567,0.418579569852249
Symbiodinium70585,0.592316855754446
Symbiodinium7062,0.0572969771469601
Symbiodinium7065,0.651212484485819
Symbiodinium70740,1.09287567678712
Symbiodinium70865,2.56248479260362
Symbiodinium7099,-0.0318723247980992
Symbiodinium7102,-0.0404641246552266
Symbiodinium7103,0.124553898146192
Symbiodinium7113,0.074493997786824
Symbiodinium7119,0.367073735693334
Symbiodinium7125,0.0923112522954265
Symbiodinium7130,0.051372988867382
Symbiodinium7138,0.0618306395920093
Symbiodinium7153,-0.25490822089467
Symbiodinium71546,5.77860041052122
Symbiodinium7161,-0.0407828398161933
Symbiodinium7167,0.532644598960166
Symbiodinium7176,-0.094965718310012
Symbiodinium7177,0.038879707142694
Symbiodinium7178,0.109660972146111
Symbiodinium7181,-0.0644026613823391
Symbiodinium7185,-0.0530596346253349
Symbiodinium7200,0.0153979770999906
Symbiodinium7202,0.312652470906193
Symbiodinium7203,0.237335424097394
Symbiodinium7209,-0.1622931066871
Symbiodinium7211,0.559979002809247
Symbiodinium7218,-0.562860481128919
Symbiodinium7224,-0.196242579137726
Symbiodinium7226,0.0354479795813141
Symbiodinium7234,0.118445754981852
Symbiodinium7239,1.02240164044005
Symbiodinium7243,-0.0785167501177257
Symbiodinium72439,1.06555778161645
Symbiodinium7247,0.211102921478954
Symbiodinium7248,0.2315869148652
Symbiodinium7249,-0.331478915919122
Symbiodinium7251,-0.152449438339278
Symbiodinium7257,0.0404370695466564
Symbiodinium72611,1.48960970485312
Symbiodinium7264,0.0655128693124819
Symbiodinium7270,0.582697125505535
Symbiodinium7272,-0.0967133556285632
Symbiodinium7275,0.175284046463243
Symbiodinium7276,-0.0337691808093723
Symbiodinium7279,-0.095841422240406
Symbiodinium7280,-0.0947170993988273
Symbiodinium72821,0.753121160962261
Symbiodinium7283,0.158785033196743
Symbiodinium7291,-0.046730520794007
Symbiodinium72933,-0.258808683360228
Symbiodinium7295,0.177963823361639
Symbiodinium7306,0.0217145532996683
Symbiodinium7307,0.0540108739521276
Symbiodinium7316,0.110508955063724
Symbiodinium7318,-0.000904612367675812
Symbiodinium7321,-0.0196773566092285
Symbiodinium7329,0.0849635948055591
Symbiodinium7330,0.151927028615835
Symbiodinium7337,-0.0426816236951148
Symbiodinium7340,-0.204335690231963
Symbiodinium7341,0.021129452373871
Symbiodinium7345,0.0947170993988273
Symbiodinium7354,-0.0660222001834036
Symbiodinium7355,-0.317142123022242
Symbiodinium7356,-0.0460310980247378
Symbiodinium7357,0.0173239500316606
Symbiodinium7359,-0.639864742174018
Symbiodinium7362,0.103220244313626
Symbiodinium7364,0.0147112747835468
Symbiodinium7365,0.0240373913995982
Symbiodinium7366,0.0493749920399498
Symbiodinium7368,0.016822710372555
Symbiodinium7371,0.421446053967227
Symbiodinium7374,0.564259718799727
Symbiodinium7378,0.298868327927523
Symbiodinium7379,-0.246389801388051
Symbiodinium7380,0.462566095772418
Symbiodinium7386,-0.0761809554079101
Symbiodinium7388,-0.0570599269488921
Symbiodinium7390,-0.021129452373871
Symbiodinium7392,0.0237727937266773
Symbiodinium7394,0.0556872983567367
Symbiodinium7396,-0.0167189666687227
Symbiodinium7397,0.0210012501507515
Symbiodinium7398,0.486107813245532
Symbiodinium7405,-0.0404370695466564
Symbiodinium7408,0.122497992937407
Symbiodinium7411,0.0685347338523728
Symbiodinium7416,-0.101030324219752
Symbiodinium7418,0.00962857470302389
Symbiodinium7420,0.407094571476242
Symbiodinium7421,-0.188335049449677
Symbiodinium7423,0.00685790115949544
Symbiodinium7424,0.117748372202062
Symbiodinium7427,-0.708022224132338
Symbiodinium7429,0.0763511004710409
Symbiodinium7432,0.665538771315877
Symbiodinium7433,0.0298668468191135
Symbiodinium7435,0.234270855251546
Symbiodinium7440,-0.0112618783626123
Symbiodinium7441,0.249161518591757
Symbiodinium7443,-0.0704609075753958
Symbiodinium74449,3.02598490655767
Symbiodinium7449,0.221242016886881
Symbiodinium7450,-0.0654851502695754
Symbiodinium7458,0.366740375089322
Symbiodinium7460,0.0829979645186503
Symbiodinium7466,0.127474094753202
Symbiodinium7468,0.0357660648194853
Symbiodinium7472,0.610686830656141
Symbiodinium7474,0.00428814615208419
Symbiodinium7475,0.223755800366602
Symbiodinium7483,0.0499601349760768
Symbiodinium7485,0.0936797913109547
Symbiodinium7495,0.532644598960166
Symbiodinium7503,0.234270855251546
Symbiodinium7506,0.0848298375446975
Symbiodinium7511,0.0716705095826969
Symbiodinium7514,0.145436433583568
Symbiodinium7518,-0.26366620768516
Symbiodinium7519,-0.0942579925413464
Symbiodinium75213,1.37866704205163
Symbiodinium7522,-0.0913128899749743
Symbiodinium7524,0.183358776530114
Symbiodinium7526,0.181971664671129
Symbiodinium75326,0.102233791875231
Symbiodinium7540,-8.68091290220918e-05
Symbiodinium7541,0.170477914914095
Symbiodinium7545,-0.0333359454945308
Symbiodinium7546,0.0211407768059436
Symbiodinium7547,0.577143289652535
Symbiodinium7549,-0.0873092847379229
Symbiodinium7552,0.160482109817433
Symbiodinium7554,0.291925294298573
Symbiodinium7561,-0.021129452373871
Symbiodinium7562,-0.0962029166313213
Symbiodinium7570,-0.00419361900824586
Symbiodinium7574,0.0214737928985187
Symbiodinium7577,1.23050268512252
Symbiodinium7579,-0.0303415927699022
Symbiodinium75797,1.68313938277196
Symbiodinium7581,-0.0570599269488921
Symbiodinium7582,0.179246070502078
Symbiodinium7586,0.033552120901026
Symbiodinium7591,-0.187959148378939
Symbiodinium7592,0.0318723247980992
Symbiodinium7594,-0.857243281312399
Symbiodinium7599,0.392580682910345
Symbiodinium7600,-0.0693429857841324
Symbiodinium7605,0.0601246010158838
Symbiodinium7608,0.00017800315072072
Symbiodinium7609,0.299117136854334
Symbiodinium7611,-1.23738261056997
Symbiodinium7615,0.0953762821218578
Symbiodinium7620,-0.337782580135348
Symbiodinium7632,0.142333229449289
Symbiodinium7633,-0.0547487471236941
Symbiodinium7636,0.222362168989104
Symbiodinium7638,2.84912911982106
Symbiodinium7639,-0.0135303648730812
Symbiodinium7643,0.200820145100064
Symbiodinium7644,-0.219448902727855
Symbiodinium7645,-0.045212991335242
Symbiodinium7646,0.0219155631750498
Symbiodinium7649,0.00831354780150383
Symbiodinium7653,0.16429257392197
Symbiodinium7658,0.14486602663441
Symbiodinium7660,0.0895063330130939
Symbiodinium7661,0.0978744602744898
Symbiodinium7662,-0.103220244313626
Symbiodinium7664,0.101822035639119
Symbiodinium7666,-0.20367567612985
Symbiodinium7667,-0.131216657634249
Symbiodinium7670,0.501489385552154
Symbiodinium7678,0.948129610006726
Symbiodinium7680,0.0244858216454921
Symbiodinium7683,0.00141071873656058
Symbiodinium7684,0.643879591069351
Symbiodinium7686,-0.155062979082356
Symbiodinium7687,0.106436356990136
Symbiodinium7688,0.60370025675874
Symbiodinium7692,-0.155062979082356
Symbiodinium7693,0.0404370695466564
Symbiodinium7697,0.223421748592622
Symbiodinium7699,0.105806723103828
Symbiodinium7700,0.191243297860934
Symbiodinium7705,-0.354560232035926
Symbiodinium7706,0.179999040544385
Symbiodinium7712,-0.098082279020951
Symbiodinium7714,0.074197508936514
Symbiodinium7716,-0.0947170993988273
Symbiodinium7718,0.0711305652102284
Symbiodinium7719,0.0250585953963556
Symbiodinium772,0.128055278266457
Symbiodinium7722,0.448399658334998
Symbiodinium7724,0.34180744365338
Symbiodinium7730,-0.0444461905768944
Symbiodinium7732,-0.310438378038247
Symbiodinium7733,-0.69860646734804
Symbiodinium7734,-0.0369047968442188
Symbiodinium7737,-0.0230352518530223
Symbiodinium7738,0.25282751754602
Symbiodinium7739,-0.0110882645981098
Symbiodinium7746,-0.137245951356882
Symbiodinium7750,0.0459259823582984
Symbiodinium7752,-0.0161862535925023
Symbiodinium7753,0.292938273291829
Symbiodinium7755,0.169126159481941
Symbiodinium7756,-0.283455018406468
Symbiodinium7757,-0.136837312129691
Symbiodinium7766,0.293883597478501
Symbiodinium7768,-0.107922200348696
Symbiodinium7770,0.103220244313626
Symbiodinium7772,-0.0260188594646518
Symbiodinium7773,0.983481376834716
Symbiodinium7776,0.0163306780394547
Symbiodinium7782,0.312380629718864
Symbiodinium7784,-0.0228714685228339
Symbiodinium7785,-0.0193407929281028
Symbiodinium7788,-0.0398305120544645
Symbiodinium7793,0.329006669268659
Symbiodinium7794,0.62127254302762
Symbiodinium7795,-0.00233427657288004
Symbiodinium7802,0.533754033056033
Symbiodinium7807,-0.00525489825098913
Symbiodinium7808,0.678220542197339
Symbiodinium7810,0.163766413266533
Symbiodinium7813,0.00847976080593747
Symbiodinium7822,-0.0818929902406705
Symbiodinium7823,-0.0829979645186503
Symbiodinium7828,0.0183187446516689
Symbiodinium7832,0.00525489825098913
Symbiodinium7833,0.0537560024292402
Symbiodinium7835,0.0244858216454921
Symbiodinium7841,0.465344769661285
Symbiodinium7847,0.0244858216454921
Symbiodinium785,-0.102183069003549
Symbiodinium7850,0.0611933231292462
Symbiodinium7864,-0.109267478006133
Symbiodinium7865,-0.032556244224956
Symbiodinium7871,0.265369918787755
Symbiodinium7879,0.445318528545203
Symbiodinium7880,-0.0701213539557134
Symbiodinium7881,-0.491673764784025
Symbiodinium7882,-0.12336929342002
Symbiodinium7894,0.447008196412479
Symbiodinium7896,-2.95323293490174
Symbiodinium7898,0.186491303680242
Symbiodinium7899,0.365385139195485
Symbiodinium7900,0.0140329406037709
Symbiodinium7905,-0.433789946643218
Symbiodinium7906,-0.128055278266457
Symbiodinium7907,0.00817566452346079
Symbiodinium7909,-0.0147112747835468
Symbiodinium7911,0.0711023991301057
Symbiodinium7917,-0.0405481953813197
Symbiodinium7923,0.0222416800971642
Symbiodinium7929,0.153218733059138
Symbiodinium7930,-0.107922200348696
Symbiodinium7932,0.367606637890692
Symbiodinium7933,0.0908225457351271
Symbiodinium7936,0.23111204176735
Symbiodinium7937,-0.0608578247109222
Symbiodinium7942,-0.0764968358488548
Symbiodinium7946,0.0592756084822358
Symbiodinium7947,0.387962961027154
Symbiodinium7952,0.8024553212902
Symbiodinium7954,0.334162617944467
Symbiodinium7955,-0.0564107671350635
Symbiodinium7956,0.130667519858312
Symbiodinium7957,0.18526416297586
Symbiodinium7959,-0.167866359740231
Symbiodinium7960,-0.312380629718864
Symbiodinium7964,0.0271820477727426
Symbiodinium7970,-0.382610876161695
Symbiodinium7972,0.0822177514895064
Symbiodinium7973,-0.150926189192039
Symbiodinium7981,0.144990598647592
Symbiodinium7984,0.0350443402322266
Symbiodinium7987,-0.191595692831306
Symbiodinium7989,0.702124262375719
Symbiodinium7993,0.283455018406468
Symbiodinium7997,-0.021129452373871
Symbiodinium7998,0.0742828641341836
Symbiodinium7999,0.718914265020288
Symbiodinium8001,0.286865618846786
Symbiodinium8003,0.0199449559165431
Symbiodinium8004,0.0509190695223742
Symbiodinium8006,-0.0380910204166925
Symbiodinium8008,0.0861622706720208
Symbiodinium8011,-0.0490455847515163
Symbiodinium8013,0.441337989642551
Symbiodinium8021,0.00480087704120968
Symbiodinium8022,1.07028312571916
Symbiodinium8024,-0.00192291993639096
Symbiodinium8025,-0.0761813688605025
Symbiodinium8027,0.0648186047641307
Symbiodinium8035,0.112160640006003
Symbiodinium8041,0.427048369496287
Symbiodinium8043,0.506869907983287
Symbiodinium8044,0.123730851935911
Symbiodinium8046,0.176116572187904
Symbiodinium8052,0.628885096047317
Symbiodinium8056,-0.00322550064222824
Symbiodinium8058,4.34977654442653
Symbiodinium8067,0.341947045902858
Symbiodinium8068,-0.491481935485149
Symbiodinium8069,0.0641017266002874
Symbiodinium8072,-0.0197041980328607
Symbiodinium8073,0.38162624876008
Symbiodinium8074,0.350427640895812
Symbiodinium8076,0.0118993152779324
Symbiodinium8078,0.288227624042277
Symbiodinium8083,-0.0422389612084182
Symbiodinium8086,-0.0577599037338304
Symbiodinium8088,-0.21739530139125
Symbiodinium8090,0.0289699663270873
Symbiodinium8091,-0.0029518275370504
Symbiodinium8092,-0.173354812393983
Symbiodinium8095,-0.00328585140476075
Symbiodinium8099,0.000682109137280747
Symbiodinium8101,0.191595692831306
Symbiodinium8102,0.145829212403737
Symbiodinium8103,-0.0763661710171667
Symbiodinium8106,-0.00621569419959388
Symbiodinium8112,0.809404010097563
Symbiodinium8115,-1.46858321646199
Symbiodinium8129,-0.016822710372555
Symbiodinium8130,-0.316804109342521
Symbiodinium8132,-0.0318450302118285
Symbiodinium8137,-0.0318450302118285
Symbiodinium8143,0.122559306321012
Symbiodinium8146,-0.102588727689715
Symbiodinium8150,-0.525180964083637
Symbiodinium8152,0.0272558322835979
Symbiodinium8158,0.714976287064312
Symbiodinium8159,0.470700504545158
Symbiodinium8174,0.122929129791444
Symbiodinium8175,0.511424943452667
Symbiodinium8178,0.0924495249313636
Symbiodinium8182,0.0654851502695754
Symbiodinium8183,-0.597450565697139
Symbiodinium8187,0.264860148046874
Symbiodinium8191,-0.976859279210207
Symbiodinium8193,0.214783674422265
Symbiodinium8198,0.0713970990427761
Symbiodinium8201,0.0407828398161933
Symbiodinium8203,-0.16225224619289
Symbiodinium8209,-0.0203986195173465
Symbiodinium8215,0.0334992161442634
Symbiodinium8223,-0.110102491547697
Symbiodinium8224,0.187959148378939
Symbiodinium8232,0.200759609722574
Symbiodinium8237,0.176453298163284
Symbiodinium8238,-0.076597611766818
Symbiodinium8250,-0.330013964033573
Symbiodinium8251,0.166336709328477
Symbiodinium8255,-0.373663760694504
Symbiodinium8256,-0.0466403583258269
Symbiodinium8259,0.0512105678560667
Symbiodinium8262,0.00502914260425311
Symbiodinium8263,0.320855912688045
Symbiodinium8266,-0.082331619839529
Symbiodinium8268,0.307605979199191
Symbiodinium8269,0.123218867145356
Symbiodinium8272,0.33299990448962
Symbiodinium8286,0.0404370695466564
Symbiodinium8287,-0.0784875572160509
Symbiodinium8288,-0.0118485313348459
Symbiodinium8291,0.235150133392243
Symbiodinium8292,0.293436327661066
Symbiodinium8295,0.0536627832385304
Symbiodinium8298,-0.000130512167099362
Symbiodinium8308,0.303720733497368
Symbiodinium8310,0.0869158279613295
Symbiodinium8311,0.69616246782014
Symbiodinium8312,-0.0697405293150334
Symbiodinium8313,-0.8024553212902
Symbiodinium8316,-0.317142123022242
Symbiodinium8317,-0.0111038488694997
Symbiodinium8320,1.58711200126696
Symbiodinium8324,0.118314766089947
Symbiodinium8333,0.108784041435646
Symbiodinium8336,0.827766406377565
Symbiodinium8338,0.0493749920399498
Symbiodinium8341,0.266743925342536
Symbiodinium8344,0.000484917973759201
Symbiodinium8345,-0.23218575478963
Symbiodinium8351,0.0318723247980992
Symbiodinium8352,-0.0982617238192085
Symbiodinium8355,0.433776532927411
Symbiodinium8356,0.25938067918988
Symbiodinium8359,0.333679913005043
Symbiodinium8362,0.301613049876754
Symbiodinium8363,0.522328732495595
Symbiodinium8364,0.0595872706878935
Symbiodinium8366,-0.0279634038880805
Symbiodinium8370,0.329006669268659
Symbiodinium8371,0.106282538839233
Symbiodinium8372,0.0512942593443835
Symbiodinium8374,-0.142467727108802
Symbiodinium8376,0.00241462678104737
Symbiodinium8377,0.0120783163591845
Symbiodinium8379,-0.0213676666403681
Symbiodinium8380,-0.167646426518158
Symbiodinium8381,0.0117206605912117
Symbiodinium8384,-0.479570608350878
Symbiodinium8387,0.143371882978136
Symbiodinium8389,-0.0914804447813312
Symbiodinium8396,0.264943663740939
Symbiodinium8398,0.0167899021080192
Symbiodinium8403,0.265369918787755
Symbiodinium8404,0.144990598647592
Symbiodinium8414,-0.0298668468191135
Symbiodinium8421,-1.88739615647592
Symbiodinium8422,0.118314766089947
Symbiodinium8429,0.286690185025419
Symbiodinium8434,-0.0530596346253349
Symbiodinium8436,0.0802804011266036
Symbiodinium8437,0.876975128333923
Symbiodinium8438,-0.0109686103932034
Symbiodinium8440,0.117667861848015
Symbiodinium8446,0.0161862535925023
Symbiodinium8451,0.341947045902858
Symbiodinium8452,0.150926189192039
Symbiodinium8455,-0.164287018814774
Symbiodinium8456,-0.123709783914004
Symbiodinium8459,-0.064392441726923
Symbiodinium8461,-1.74522621480798
Symbiodinium8463,0.065452817301399
Symbiodinium848,0.901969987206943
Symbiodinium8484,0.0804897671035662
Symbiodinium8491,-0.0810819477267498
Symbiodinium8492,-0.0978744602744898
Symbiodinium8497,-0.141625394643183
Symbiodinium8499,0.141568019697622
Symbiodinium8501,0.452003883452446
Symbiodinium8507,-0.127097558552461
Symbiodinium8508,-0.0465667843215244
Symbiodinium8510,0.366740375089322
Symbiodinium8514,0.425395241431459
Symbiodinium8517,0.500452571850319
Symbiodinium8519,0.129744953056687
Symbiodinium8527,-0.0330364425618049
Symbiodinium8530,0.30086825926123
Symbiodinium8534,-0.32535280126531
Symbiodinium8538,0.0751430633861423
Symbiodinium8539,0.176048396604532
Symbiodinium8540,-0.0524659335277335
Symbiodinium8544,0.881796352339679
Symbiodinium8545,0.0359531016325968
Symbiodinium8546,0.0857929180135335
Symbiodinium8547,0.0963873848401677
Symbiodinium8550,0.0785167501177257
Symbiodinium8557,-0.123955607055706
Symbiodinium8559,0.659835638634568
Symbiodinium8563,0.317142123022242
Symbiodinium8565,0.0359531016325968
Symbiodinium8568,0.0537607989737432
Symbiodinium8577,-0.0187900003243187
Symbiodinium8579,-0.412361439672639
Symbiodinium8587,0.0398305120544645
Symbiodinium8591,-0.00621569419959388
Symbiodinium8592,-0.101822035639119
Symbiodinium8593,-0.0673342691803737
Symbiodinium8611,-0.0219155631750498
Symbiodinium8619,0.953982448137837
Symbiodinium8621,0.157836418788281
Symbiodinium8626,-0.0908105117460559
Symbiodinium8628,0.626375573863666
Symbiodinium8631,0.341754529486525
Symbiodinium8632,0.0263794357646289
Symbiodinium8633,0.00740559470589527
Symbiodinium8634,0.354560232035926
Symbiodinium8635,0.22207172467282
Symbiodinium8640,0.611052380304
Symbiodinium8642,-0.190062268939188
Symbiodinium8646,0.317142123022242
Symbiodinium8648,-0.293141976124128
Symbiodinium8651,0.0187756810772398
Symbiodinium8652,0.0269066981398761
Symbiodinium8654,-0.0213676666403681
Symbiodinium8656,0.0251265987149315
Symbiodinium8661,-0.431580410776764
Symbiodinium8666,0.0563688585234004
Symbiodinium8667,0.0829979645186503
Symbiodinium8669,-0.086113514737478
Symbiodinium8670,0.0595301570885369
Symbiodinium8671,-0.0759445198400068
Symbiodinium8675,0.465657512928105
Symbiodinium8677,0.211102921478954
Symbiodinium8679,0.236989916485957
Symbiodinium8681,0.199349960209328
Symbiodinium8683,-0.187678250379791
Symbiodinium8692,-0.0851788180773327
Symbiodinium8694,-0.0685347338523728
Symbiodinium8699,0.0377557648705921
Symbiodinium8701,-0.376326158037975
Symbiodinium8702,-0.00541068275941436
Symbiodinium8704,0.0251915807805998
Symbiodinium8705,0.570664686737518
Symbiodinium8709,-0.147667160396863
Symbiodinium8710,-0.527792509481679
Symbiodinium8711,0.288893848021982
Symbiodinium8716,0.148148454972375
Symbiodinium8720,-0.246763256127078
Symbiodinium8723,0.0119479661121596
Symbiodinium8725,0.255766150538748
Symbiodinium8727,-0.163092024444884
Symbiodinium8730,-0.286865618846786
Symbiodinium8731,0.00306523217989292
Symbiodinium8735,0.14934856205517
Symbiodinium8743,0.133860940324922
Symbiodinium8755,0.0241409135747539
Symbiodinium8756,-0.0130179743969905
Symbiodinium8759,-0.275143400096097
Symbiodinium8762,0.0479661742791117
Symbiodinium8764,0.127007487399666
Symbiodinium8767,1.05395848384566
Symbiodinium8769,-0.169126159481941
Symbiodinium8770,0.38537261456408
Symbiodinium8771,0.0443112621886225
Symbiodinium8773,0.0505141767120753
Symbiodinium8774,-0.122559306321012
Symbiodinium8789,1.2201674571301
Symbiodinium8790,0.0269066981398761
Symbiodinium8796,-0.213017877042985
Symbiodinium8797,0.102365732407788
Symbiodinium8798,-0.0195129992464873
Symbiodinium8801,-0.16104013694378
Symbiodinium8802,0.253774254339925
Symbiodinium8807,0.0303415927699022
Symbiodinium8814,-0.628885096047317
Symbiodinium8816,-0.234960620753954
Symbiodinium8817,0.293628644917094
Symbiodinium8822,0.269660661015052
Symbiodinium8834,0.105411788954542
Symbiodinium8837,0.276492015343152
Symbiodinium8838,-0.172981956955346
Symbiodinium8839,0.00228764182705271
Symbiodinium8841,-0.0978744602744898
Symbiodinium8842,0.158785033196743
Symbiodinium8847,-0.123353430307904
Symbiodinium8851,0.0517431257554084
Symbiodinium8854,0.0557929028936634
Symbiodinium8857,0.103313267121639
Symbiodinium8861,0.127722797985576
Symbiodinium8863,0.233801059749715
Symbiodinium8872,0.121239441673583
Symbiodinium8875,0.00472851377041647
Symbiodinium8876,0.118314766089947
Symbiodinium8877,0.200171575354886
Symbiodinium8880,0.435568963871894
Symbiodinium8881,0.152702033389972
Symbiodinium8885,-0.236592868669677
Symbiodinium8887,0.0866821162212021
Symbiodinium8893,0.435568963871894
Symbiodinium8895,0.248929063182476
Symbiodinium8896,-0.122929129791444
Symbiodinium8897,0.367264846075705
Symbiodinium8902,0.000484917973759201
Symbiodinium8904,-0.021129452373871
Symbiodinium8906,0.0592216039193236
Symbiodinium8908,-0.00900450970069087
Symbiodinium8911,0.816364980867667
Symbiodinium8913,0.179014026818039
Symbiodinium8914,0.289601015235629
Symbiodinium8919,0.0269217688479273
Symbiodinium8920,0.355442795471078
Symbiodinium8934,0.480121197788006
Symbiodinium8937,0.411960105393536
Symbiodinium8941,0.384916446453924
Symbiodinium8942,-0.418209981052572
Symbiodinium8943,0.109267478006133
Symbiodinium8944,0.00306523217989292
Symbiodinium8949,-0.00860714000961659
Symbiodinium8950,-0.158374953194677
Symbiodinium8953,0.119791713718206
Symbiodinium8954,-0.154290608707391
Symbiodinium8955,-0.0486559992854874
Symbiodinium8959,0.311826329140767
Symbiodinium8961,0.449124175922089
Symbiodinium8966,0.0761690739265521
Symbiodinium8969,0.132246668567024
Symbiodinium8972,0.481767673781384
Symbiodinium8976,-0.0318723247980992
Symbiodinium8978,-0.327716815107063
Symbiodinium8986,0.173354812393983
Symbiodinium8989,1.38112210008544
Symbiodinium8992,0.71015439686107
Symbiodinium8994,0.430962816301871
Symbiodinium8995,0.576590360026811
Symbiodinium8997,-0.380886973467233
Symbiodinium8998,0.332015136761984
Symbiodinium8999,0.00973289420680023
Symbiodinium9000,0.0222416800971642
Symbiodinium9002,-0.00722674156605299
Symbiodinium9003,0.115632160795584
Symbiodinium9008,-0.0358742312671123
Symbiodinium9009,-0.044664145429142
Symbiodinium9010,0.18566569679056
Symbiodinium9011,-0.151459493674033
Symbiodinium9013,0.20776142473305
Symbiodinium9014,-0.135551414894865
Symbiodinium9017,0.00711930943242685
Symbiodinium9019,0.10439550749774
Symbiodinium9020,0.63333318167989
Symbiodinium9021,0.0318723247980992
Symbiodinium9024,0.218985615457795
Symbiodinium9030,0.00183072521231643
Symbiodinium9033,-0.134995599364725
Symbiodinium9034,0.786137765656842
Symbiodinium9035,-0.133860940324922
Symbiodinium9036,0.00183072521231643
Symbiodinium9038,-0.102766324133926
Symbiodinium9039,-0.234127102989048
Symbiodinium9040,0.610686830656141
Symbiodinium9043,-0.0087680189375289
Symbiodinium9044,-0.0595872706878935
Symbiodinium9047,-0.18566569679056
Symbiodinium9050,-0.0454057889821721
Symbiodinium9051,0.0872542280322356
Symbiodinium9052,0.0230391697200389
Symbiodinium9054,-0.293436327661066
Symbiodinium9055,0.120302001482448
Symbiodinium9062,1.26569752860679
Symbiodinium9064,0.026385248784168
Symbiodinium9070,-0.106421893978421
Symbiodinium9072,0.879981174967489
Symbiodinium9078,0.0530060947371194
Symbiodinium9081,0.0196773566092285
Symbiodinium9086,1.00164395554127
Symbiodinium9087,-0.0443112621886225
Symbiodinium9088,-0.118875126868595
Symbiodinium9090,0.210821763372609
Symbiodinium9094,0.0755060846529624
Symbiodinium9099,0.0506571057648049
Symbiodinium9102,-0.00936223059745143
Symbiodinium9105,-0.239063061465836
Symbiodinium9113,0.293436327661066
Symbiodinium9114,-0.198736641385744
Symbiodinium9115,-0.101598049008195
Symbiodinium9117,0.223036059878017
Symbiodinium9118,0.0559277992540749
Symbiodinium9122,0.13910198243304
Symbiodinium9127,0.354560232035926
Symbiodinium9128,-0.383824612197092
Symbiodinium9132,0.0121296639937761
Symbiodinium9133,0.0628208911274338
Symbiodinium9134,-0.000682109137280747
Symbiodinium9135,0.0183187446516689
Symbiodinium9138,0.094965718310012
Symbiodinium9141,0.0173239500316606
Symbiodinium9146,0.0187326983804966
Symbiodinium9147,0.00740559470589527
Symbiodinium9152,-0.000448911318457153
Symbiodinium9154,-0.141638312145523
Symbiodinium9158,-0.0172218149154434
Symbiodinium9160,0.319381180487061
Symbiodinium9164,0.646213654429517
Symbiodinium9169,-0.0785167501177257
Symbiodinium9171,-0.117216613476971
Symbiodinium9174,0.0920999633431256
Symbiodinium9175,0.106646215833385
Symbiodinium9176,0.626930451610732
Symbiodinium9177,0.119871342159477
Symbiodinium9178,0.14486602663441
Symbiodinium9180,0.0103239948919001
Symbiodinium9183,-0.246389801388051
Symbiodinium9188,0.0380910204166925
Symbiodinium9190,-0.675653327410739
Symbiodinium9192,-0.279482640059305
Symbiodinium9196,-0.154467488605893
Symbiodinium9197,0.340131872194935
Symbiodinium9199,0.0577914104308904
Symbiodinium9200,-0.00502914260425311
Symbiodinium9205,0.141625394643183
Symbiodinium9206,-0.133860940324922
Symbiodinium9213,-0.00779515313076773
Symbiodinium9214,0.167866359740231
Symbiodinium9215,-0.185317250666103
Symbiodinium9217,-0.222362168989104
Symbiodinium9218,0.266843077250014
Symbiodinium9220,0.0609391454768931
Symbiodinium9221,0.224662236687374
Symbiodinium9233,-0.110246907707306
Symbiodinium9235,0.0517084212796121
Symbiodinium9239,-0.0984450496529061
Symbiodinium9241,-0.0768859016482032
Symbiodinium9242,0.0293438115184394
Symbiodinium9243,0.281020604376979
Symbiodinium9247,0.0413894869207467
Symbiodinium9251,0.221820251183363
Symbiodinium9253,0.373962064153647
Symbiodinium9258,-0.0166910213970398
Symbiodinium9272,0.216302717172756
Symbiodinium9273,0.23111204176735
Symbiodinium9278,0.0318723247980992
Symbiodinium9279,-0.38162624876008
Symbiodinium9284,0.199312709941329
Symbiodinium9296,0.0169306572097978
Symbiodinium9297,0.656935686028737
Symbiodinium9302,0.528486658524852
Symbiodinium9306,-0.0942579925413464
Symbiodinium9308,0.10827815555887
Symbiodinium9310,-0.183358776530114
Symbiodinium9313,0.123353430307904
Symbiodinium9326,-0.00428814615208419
Symbiodinium9327,0.140602295785759
Symbiodinium9334,0.00322550064222824
Symbiodinium9335,0.0933156203354907
Symbiodinium9340,-0.0783547392302426
Symbiodinium9341,-0.0396813681204512
Symbiodinium9343,-0.02038409419877
Symbiodinium9345,0.0117206605912117
Symbiodinium9346,-0.0441162346521162
Symbiodinium9347,0.0848298375446975
Symbiodinium9349,0.201499527799519
Symbiodinium9354,0.681706544413819
Symbiodinium9355,-0.059432806064039
Symbiodinium9358,-0.200392474992238
Symbiodinium9359,-0.325764044802059
Symbiodinium9360,0.220717553954001
Symbiodinium9364,-0.577143289652535
Symbiodinium9375,0.124373064963844
Symbiodinium9381,-0.0511501784045465
Symbiodinium9382,-0.00192291993639096
Symbiodinium9384,-0.101598049008195
Symbiodinium9385,-0.0862487553604306
Symbiodinium9387,0.118314766089947
Symbiodinium9391,-0.00328585140476075
Symbiodinium9393,0.0389681914842734
Symbiodinium9397,0.0688914214187102
Symbiodinium9399,0.000816488520362117
Symbiodinium9400,0.0530596346253349
Symbiodinium9404,0.0471605444701863
Symbiodinium9405,0.13557211979982
Symbiodinium9409,-0.052533589538001
Symbiodinium9411,-0.118575856103866
Symbiodinium9414,0.922804420846593
Symbiodinium9416,0.0108204525807456
Symbiodinium9417,0.00247091183554866
Symbiodinium9418,0.402061536916838
Symbiodinium9425,0.115363869331649
Symbiodinium9436,0.0335153685935404
Symbiodinium9438,0.0150830176088721
Symbiodinium9440,-0.047107011499883
Symbiodinium9443,0.282063795755514
Symbiodinium9444,0.260000973545969
Symbiodinium9447,-0.0505141767120753
Symbiodinium9449,1.00557439139209
Symbiodinium9452,0.728312635881613
Symbiodinium9453,0.386075456940716
Symbiodinium9461,0.0357088269248354
Symbiodinium9464,-0.432576413737184
Symbiodinium9465,0.0172218149154434
Symbiodinium9470,0.0444461905768944
Symbiodinium9479,0.377034610873222
Symbiodinium9480,0.500452571850319
Symbiodinium9484,-0.099854272553658
Symbiodinium9485,-0.163253192918466
Symbiodinium9486,0.0119479661121596
Symbiodinium9489,-0.00965008730902799
Symbiodinium9490,0.269317406067134
Symbiodinium9493,0.0716515488815031
Symbiodinium9497,-0.0333198323435401
Symbiodinium9499,0.086113514737478
Symbiodinium9503,-0.373962064153647
Symbiodinium9504,-0.438645416795737
Symbiodinium9510,-0.0265628693943891
Symbiodinium9514,-0.0588597603219067
Symbiodinium9515,0.148328338118528
Symbiodinium9520,0.0967133556285632
Symbiodinium9527,0.0849635948055591
Symbiodinium9531,-0.0640774437544731
Symbiodinium9538,0.0833757911348514
Symbiodinium9540,0.258282721713053
Symbiodinium9541,0.0300516596057712
Symbiodinium9549,-0.0421711998437502
Symbiodinium9552,-0.410643970625766
Symbiodinium9555,0.230097874484897
Symbiodinium9556,0.35176922116821
Symbiodinium9560,-0.0802804011266036
Symbiodinium9563,0.0493749920399498
Symbiodinium9564,0.112327208030394
Symbiodinium9565,0.141625394643183
Symbiodinium9566,0.0285621277269018
Symbiodinium9568,0.0330436028914371
Symbiodinium9570,0.354560232035926
Symbiodinium9571,0.0684089594501786
Symbiodinium9574,0.0654613447079648
Symbiodinium9580,0.0983302139610468
Symbiodinium9582,0.0577559126299018
Symbiodinium9584,-0.0323878256432002
Symbiodinium9585,0.251947925603254
Symbiodinium9588,0.0188626069580936
Symbiodinium9591,-0.128979381050376
Symbiodinium9596,0.0979993388560414
Symbiodinium9599,0.110434607524036
Symbiodinium9604,-0.0125751312230419
Symbiodinium9605,0.0948568175659636
Symbiodinium9608,0.126010799234845
Symbiodinium9615,-0.017146705465843
Symbiodinium9616,0.0531597371490435
Symbiodinium9617,0.00233427657288004
Symbiodinium9618,-0.0222984397704367
Symbiodinium9619,0.0503734490019902
Symbiodinium9621,-0.0318723247980992
Symbiodinium9623,0.673135214803737
Symbiodinium9626,0.425517871917379
Symbiodinium9628,-0.0837900570594725
Symbiodinium9636,-0.438645416795737
Symbiodinium9639,-0.0978028466096432
Symbiodinium9640,-0.0370475915537951
Symbiodinium9646,0.919366604953039
Symbiodinium9647,0.34180744365338
Symbiodinium9650,-0.200859575484861
Symbiodinium9651,-0.531059796432521
Symbiodinium9656,0.943337610087867
Symbiodinium9658,0.441337989642551
Symbiodinium9659,-0.0979993388560414
Symbiodinium9660,0.0668823950084993
Symbiodinium9662,0.0918495389067017
Symbiodinium9663,0.00183072521231643
Symbiodinium9664,-0.30086825926123
Symbiodinium9666,-0.325764044802059
Symbiodinium9668,-0.43594528653293
Symbiodinium9669,0.0729708667795484
Symbiodinium9675,0.262666772461476
Symbiodinium9684,-0.448601003689086
Symbiodinium9686,0.0948804714811217
Symbiodinium9694,0.150676712900873
Symbiodinium9695,-0.540333479572474
Symbiodinium9696,0.104009667441456
Symbiodinium9698,0.0948804714811217
Symbiodinium9699,0.10573347521476
Symbiodinium9701,-0.0292399675762053
Symbiodinium9703,-0.0776585174808115
Symbiodinium9704,-0.158575585955133
Symbiodinium9706,-0.0831647743556446
Symbiodinium9707,-0.00983907217010902
Symbiodinium9708,-0.141048318074751
Symbiodinium9712,0.386774905805501
Symbiodinium9713,-0.378159163023376
Symbiodinium9716,-0.0916216406778412
Symbiodinium9718,-0.0318450302118285
Symbiodinium9726,0.156639557495673
Symbiodinium9727,0.19577370262736
Symbiodinium9730,0.532644598960166
Symbiodinium9731,1.09287567678712
Symbiodinium9737,-0.0647275168964077
Symbiodinium9738,-0.131452848448722
Symbiodinium9739,0.268458305567395
Symbiodinium9743,-0.000107199439274842
Symbiodinium9746,0.0908225457351271
Symbiodinium9752,0.179014026818039
Symbiodinium976,-0.0422389612084182
Symbiodinium9760,-0.0612044189837812
Symbiodinium9762,-0.0531597371490435
Symbiodinium9765,-0.0443197390397096
Symbiodinium9766,0.0377557648705921
Symbiodinium9768,-0.064392441726923
Symbiodinium9777,0.065452817301399
Symbiodinium9780,-0.160984630199016
Symbiodinium9786,-0.0666394266003626
Symbiodinium9794,0.0851788180773327
Symbiodinium9796,-0.548675369462589
Symbiodinium9797,0.228798180952602
Symbiodinium9799,-0.135901139831528
Symbiodinium9800,0.194341863440706
Symbiodinium9804,-2.80808643732491
Symbiodinium9805,-0.0187326983804966
Symbiodinium9811,-0.0258644313531925
Symbiodinium9816,-0.074544119623702
Symbiodinium9818,-0.199293286776817
Symbiodinium9819,0.066653994949457
Symbiodinium9825,0.0861622706720208
Symbiodinium9827,-0.647695605527872
Symbiodinium9836,0.0140690363431869
Symbiodinium9840,-0.17295019803822
Symbiodinium9842,0.0802804011266036
Symbiodinium9852,0.0711829050536742
Symbiodinium9854,-0.222807503962498
Symbiodinium9856,4.80142094291698
Symbiodinium9857,-0.135551414894865
Symbiodinium9862,0.145436067255698
Symbiodinium9863,0.0701913235641582
Symbiodinium9871,-0.140602295785759
Symbiodinium9874,-0.131473539403719
Symbiodinium9880,1.21105374781768
Symbiodinium9886,0.141625394643183
Symbiodinium9895,0.609428397563498
Symbiodinium9896,-0.266002266438064
Symbiodinium9906,-0.124373064963844
Symbiodinium9907,0.441603007274038
Symbiodinium9912,-0.141721657425499
Symbiodinium9917,0.0895063330130939
Symbiodinium9927,0.0196773566092285
Symbiodinium9929,0.400844413145497
Symbiodinium9934,-1.20233591249753
Symbiodinium9950,-0.448399658334998
Symbiodinium9961,2.06649615161926
Symbiodinium9964,0.478390029882525
Symbiodinium9972,0.160156795675633
Symbiodinium9974,-0.242637011761985
Symbiodinium9981,0.0455227335460308
Symbiodinium9982,-0.000360221081878565
Symbiodinium9989,0.488161554193926
Symbiodinium9991,-0.0212604365702556
Symbiodinium9992,-0.0202153287535928
Symbiodinium9999,0.103195091758923
