gene,baseMean,log2FoldChange,lfcSE,stat,pvalue,padj,annot
Pseudodiploria183754,4.7667157564390905,-2.497167654651338,0.7497124547766064,-3.3308338933697255,8.658625316296458e-4,0.08983141861764375,NA
Pseudodiploria198730,11.89522099640254,-2.504269499901663,0.7575227948615675,-3.305866855609675,9.468306756360858e-4,0.09427073807583157,NA
Pseudodiploria199221,42.7931087056713,2.6772655199263307,0.7483702891627952,3.5774609958412404,3.469479706633714e-4,0.054915636484743374,NA
Pseudodiploria84865,3.632802527603724,-4.7742231503690915,1.1218842783788345,-4.255539757868811,2.0854530105195024e-5,0.0073562865336782215,cellular macromolecule catabolic process
