gene,baseMean,log2FoldChange,lfcSE,stat,pvalue,padj,annot
Pseudodiploria178481,2.012636412949095,-3.5526878801452564,0.8597099941390849,-4.132425939404048,3.5895444459964846e-5,0.037493988253248615,NA
Pseudodiploria189075,4.371316994594852,-2.9702503919978174,0.6563469867573133,-4.525427025531662,6.0273677204451165e-6,0.01180459968049176,NA
Pseudodiploria193959,5.049819986877987,2.0178384957448143,0.5152395301706622,3.9163114970554536,8.991405881029328e-5,0.06125102058433371,NA
Pseudodiploria195980,25.207985185723015,-2.238595188359398,0.560674577552739,-3.9926818122029584,6.533020662720651e-5,0.0465269853379578,NA
Pseudodiploria205225,2.584749895093526,2.5650314581951714,0.6966298753581608,3.682057788400767,2.3135894906425267e-4,0.09675777025167685,NA
Pseudodiploria356459,3.0421551032150687,-2.293889658863883,0.6178914614517749,-3.7124475769162517,2.052645853089836e-4,0.09334553478547293,"ATPase activity, coupled to transmembrane movement of substances"
